,BBL,BLDG#,M,ADDRESS,ZIP CODE,CD #,FC #,SS #,SA #,CC #,BIN#
0,3017940112,1,M,346 CLIFTON PLACE,11216,03,08,25,56,36,3050196
1,3017940011,1,M,344 CLIFTON PLACE,11216,03,08,25,56,36,3050169
2,3018020051,10,M,360 NOSTRAND AVENUE,11216,03,08,25,57,36,3350437
3,3018020051,11,,260 LEXINGTON AVENUE,11216,03,08,25,57,36,3050588
4,3018020051,11,,262 LEXINGTON AVENUE,11216,03,08,25,57,36,3050588
5,3018020051,11,,264 LEXINGTON AVENUE,11216,03,08,25,57,36,3050588
6,3018020051,12,M,254 LEXINGTON AVENUE,11216,03,08,25,57,36,3399677
7,3018020044,12,M,252 LEXINGTON AVENUE,11216,03,08,25,57,36,3050587
8,3018020044,12,,252A LEXINGTON AVENUE,11216,03,08,25,57,36,3050587
9,3018020043,12,M,250 LEXINGTON AVENUE,11216,03,08,25,57,36,3050586
10,3017940121,2,M,366 CLIFTON PLACE,11216,03,08,25,56,36,3322159
11,3017940121,2,M,380 CLIFTON PLACE,11216,03,08,25,56,36,3322159
12,3017940139,3,M,388 CLIFTON PLACE,11216,03,08,25,56,36,3322161
13,3017940139,3,M,396 CLIFTON PLACE,11216,03,08,25,56,36,3322161
14,3017940054,4,M,545 GREENE AVENUE,11216,03,08,25,56,36,3322152
15,3017940054,4,M,555 GREENE AVENUE,11216,03,08,25,56,36,3397846
16,3018030124,5,M,304 LEXINGTON AVENUE,11216,03,08,25,56,36,3050667
17,3018030123,5,M,302 LEXINGTON AVENUE,11216,03,08,25,56,36,3050666
18,3018030122,5,M,300 LEXINGTON AVENUE,11216,03,08,25,56,36,3050665
19,3018030121,5,M,298 LEXINGTON AVENUE,11216,03,08,25,56,36,3050664
20,3018030120,5,M,296 LEXINGTON AVENUE,11216,03,08,25,56,36,3050663
21,3018030119,5,M,294 LEXINGTON AVENUE,11216,03,08,25,56,36,3050662
22,3018030118,5,M,292 LEXINGTON AVENUE,11216,03,08,25,56,36,3050661
23,3018030117,5,M,290 LEXINGTON AVENUE,11216,03,08,25,56,36,3050660
24,3018030116,5,M,288 LEXINGTON AVENUE,11216,03,08,25,56,36,3050659
25,3018030115,5,M,286 LEXINGTON AVENUE,11216,03,08,25,56,36,3050658
26,3018030114,5,M,284 LEXINGTON AVENUE,11216,03,08,25,56,36,3050657
27,3018030113,5,M,282 LEXINGTON AVENUE,11216,03,08,25,56,36,3050656
28,3018030112,5,M,280 LEXINGTON AVENUE,11216,03,08,25,56,36,3050655
29,3018030011,5,M,278 LEXINGTON AVENUE,11216,03,08,25,56,36,3050619
30,3018030027,6,M,310 LEXINGTON AVENUE,11216,03,08,25,56,36,3322208
31,3018030027,6,M,320 LEXINGTON AVENUE,11216,03,08,25,56,36,3322207
32,3018030042,7,M,330 LEXINGTON AVENUE,11216,03,08,25,56,36,3322210
33,3018030042,7,M,336 LEXINGTON AVENUE,11216,03,08,25,56,36,3322209
34,3018080174,8,M,435 GATES AVENUE,11216,03,08,25,56,36,3322227
35,3018080174,8,M,441 GATES AVENUE,11216,03,08,25,56,36,3322226
36,3018080173,9,M,447 GATES AVENUE,11216,03,08,25,56,36,3050927
37,3018080172,9,M,449 GATES AVENUE,11216,03,08,25,56,36,3050926
38,3018080171,9,M,451 GATES AVENUE,11216,03,08,25,56,36,3050925
39,3018080170,9,M,453 GATES AVENUE,11216,03,08,25,56,36,3050924
40,3018080169,9,M,455 GATES AVENUE,11216,03,08,25,56,36,3050923
41,3018080168,9,M,457 GATES AVENUE,11216,03,08,25,56,36,3050922
42,3018080167,9,M,459 GATES AVENUE,11216,03,08,25,56,36,3050921
43,3018080166,9,M,461 GATES AVENUE,11216,03,08,25,56,36,3050920
44,3018080165,9,M,463 GATES AVENUE,11216,03,08,25,56,36,3050919
45,3018080164,9,M,465 GATES AVENUE,11216,03,08,25,56,36,3050918
46,3018080163,9,M,467 GATES AVENUE,11216,03,08,25,56,36,3050917
47,3018080162,9,M,469 GATES AVENUE,11216,03,08,25,56,36,3050916
48,3018080161,9,M,471 GATES AVENUE,11216,03,08,25,56,36,3050915
49,3018080160,9,M,473 GATES AVENUE,11216,03,08,25,56,36,3050914
50,3018080059,9,M,475 GATES AVENUE,11216,03,08,25,56,36,3050907
51,3017990044,1,M,375 LEXINGTON AVENUE,11216,03,08,25,56,36,3322165
52,3017990044,1,M,385 LEXINGTON AVENUE,11216,03,08,25,56,36,3322166
53,3017990044,1,M,395 LEXINGTON AVENUE,11216,03,08,25,56,36,3322173
54,3017990044,1,M,405 LEXINGTON AVENUE,11216,03,08,25,56,36,3322174
55,3017990044,1,M,415 LEXINGTON AVENUE,11216,03,08,25,56,36,3322175
56,3017990044,1,M,280 TOMPKINS AVENUE,11216,03,08,25,56,36,3322175
57,3018040010,2,M,360 LEXINGTON AVENUE,11216,03,08,25,56,36,3322211
58,3018040010,2,M,370 LEXINGTON AVENUE,11216,03,08,25,56,36,3322211
59,3018040010,2,M,380 LEXINGTON AVENUE,11216,03,08,25,56,36,3322213
60,3018040010,3,M,390 LEXINGTON AVENUE,11216,03,08,25,56,36,3322214
61,3018090001,4,M,775 MARCY AVENUE,11216,03,08,25,56,36,3322228
62,3018090001,4,M,785 MARCY AVENUE,11216,03,08,25,56,36,3322229
63,3018090001,4,M,791 MARCY AVENUE,11216,03,08,25,56,36,3322230
64,3018090062,5,M,499 GATES AVENUE,11216,03,08,25,56,36,3322236
65,3018090062,5,M,505 GATES AVENUE,11216,03,08,25,56,36,3322234
66,3018090062,5,M,515 GATES AVENUE,11216,03,08,25,56,36,3322234
67,3018090062,6,,495 GATES AVENUE,11216,03,08,25,56,36,3050974
68,3021570006,4,M,96 SOUTH 10TH STREET,11249,01,07,18,50,34,3346894
69,2025680012,5,M,699 EAST 139TH STREET,10454,01,14,29,84,08,2091291
70,2022910023,6,M,409 EAST 146TH STREET,10455,01,15,29,84,08,2091085
71,2022910023,6,,411 EAST 146TH STREET,10455,01,15,29,84,08,2091085
72,2022910023,7,M,413 EAST 146TH STREET,10455,01,15,29,84,08,2091070
73,2022910023,7,,415 EAST 146TH STREET,10455,01,15,29,84,08,2091070
74,2022910023,8,M,445 EAST 146TH STREET,10455,01,15,29,84,08,2091092
75,3043550001,1,M,785 SCHENCK AVENUE,11207,05,08,19,60,42,3324285
76,3043550001,1,,2150 LINDEN BOULEVARD,11207,05,08,19,60,42,3324285
77,3043550001,1,M,797 SCHENCK AVENUE,11207,05,08,19,60,42,3324285
78,3043550001,10,M,842 ASHFORD STREET,11207,05,08,19,60,42,3324288
79,3043550001,10,,773 STANLEY AVENUE,11207,05,08,19,60,42,3324288
80,3043550001,10,M,854 ASHFORD STREET,11207,05,08,19,60,42,3324288
81,3043770001,11,M,845 SCHENCK AVENUE,11207,05,08,19,60,42,3324162
82,3043770001,11,M,857 SCHENCK AVENUE,11207,05,08,19,60,42,3324162
83,3043770001,12,M,881 SCHENCK AVENUE,11207,05,08,19,60,42,3324276
84,3043770001,12,M,893 SCHENCK AVENUE,11207,05,08,19,60,42,3324276
85,3043770001,13,,726 STANLEY AVENUE,11207,05,08,19,60,42,3324277
86,3043770001,13,M,738 STANLEY AVENUE,11207,05,08,19,60,42,3324277
87,3043770001,13,M,740 STANLEY AVENUE,11207,05,08,19,60,42,3324277
88,3043770001,14,M,359 WORTMAN AVENUE,11207,05,08,19,60,42,3324279
89,3043770001,14,M,357 WORTMAN AVENUE,11207,05,08,19,60,42,3324279
90,3043770001,15,M,756 STANLEY AVENUE,11207,05,08,19,60,42,3324278
91,3043770001,15,M,758 STANLEY AVENUE,11207,05,08,19,60,42,3324278
92,3043770001,15,,772 STANLEY AVENUE,11207,05,08,19,60,42,3324278
93,3043770001,16,M,363 WORTMAN AVENUE,11207,05,08,19,60,42,3324280
94,3043770001,16,M,361 WORTMAN AVENUE,11207,05,08,19,60,42,3324280
95,3043770001,17,M,872 ASHFORD STREET,11207,05,08,19,60,42,3324274
96,3043770001,17,M,884 ASHFORD STREET,11207,05,08,19,60,42,3324274
97,3043770001,18,M,908 ASHFORD STREET,11207,05,08,19,60,42,3324275
98,3043770001,18,M,920 ASHFORD STREET,11207,05,08,19,60,42,3324275
99,3043550001,2,M,817 SCHENCK AVENUE,11207,05,08,19,60,42,3324293
100,3043550001,2,M,829 SCHENCK AVENUE,11207,05,08,19,60,42,3324293
101,3043550001,3,M,2156 LINDEN BOULEVARD,11207,05,08,19,60,42,3324289
102,3043550001,4,M,807 SCHENCK AVENUE,11207,05,08,19,60,42,3324292
103,3043550001,5,M,725 STANLEY AVENUE,11207,05,08,19,60,42,3324294
104,3043550001,6,M,2202 LINDEN BOULEVARD,11207,05,08,19,60,42,3324290
105,3043550001,7,M,830 ASHFORD STREET,11207,05,08,19,60,42,3324287
106,3043550001,8,M,765 STANLEY AVENUE,11207,05,08,19,60,42,3324295
107,3043550001,9,,812 ASHFORD STREET,11207,05,08,19,60,42,3324286
108,3043550001,9,,828 ASHFORD STREET,11207,05,08,19,60,42,3324286
109,3043550001,9,M,804 ASHFORD STREET,11207,05,08,19,60,42,3324286
110,3043550001,9,M,816 ASHFORD STREET,11207,05,08,19,60,42,3324286
111,3032970001,23,M,1280 GREENE AVENUE,11221,04,07,18,53,37,3325696
112,3032970001,24,M,1240 GREENE AVENUE,11221,04,07,18,53,37,3325695
113,3032970001,25,M,289 CENTRAL AVENUE,11221,04,07,18,53,37,3325694
114,3034030001,3,M,595 EVERGREEN AVENUE,11207,04,07,18,54,37,3078553
115,3034100001,4,M,615 EVERGREEN AVENUE,11207,04,07,18,54,37,3078789
116,3034150039,5,M,690 EVERGREEN AVENUE,11207,04,07,18,54,37,3326305
117,3034090032,6,M,670 EVERGREEN AVENUE,11207,04,07,18,54,37,3078774
118,3034150039,7,M,85 COVERT STREET,11207,04,07,18,54,37,3326315
119,3034150039,8,M,75 COVERT STREET,11207,04,07,18,54,37,3326314
120,3032760001,9,M,160 HIMROD STREET,11221,04,07,18,53,37,3325660
121,3033250001,2,M,234 GROVE STREET,11237,04,07,18,53,37,3338492
122,3033250001,2,M,230 GROVE STREET,11237,04,07,18,53,37,3338492
123,3033250001,2,M,226 GROVE STREET,11237,04,07,18,53,37,3338492
124,3033250001,2,M,339 WILSON AVENUE,11221,04,07,18,53,37,3338492
125,3033250001,2,M,343 WILSON AVENUE,11221,04,07,18,53,37,3338492
126,3033250001,2,M,347 WILSON AVENUE,11221,04,07,18,53,37,3338492
127,3033250001,3,M,235 LINDEN STREET,11221,04,07,18,53,37,3338491
128,3033250001,3,M,239 LINDEN STREET,11221,04,07,18,53,37,3338491
129,3033250001,3,M,243 LINDEN STREET,11221,04,07,18,53,37,3338491
130,3033250001,3,M,247 LINDEN STREET,11221,04,07,18,53,37,3338491
131,3033250001,3,M,251 LINDEN STREET,11221,04,07,18,53,37,3338491
132,3033250001,3,M,532 KNICKERBOCKER AVENUE,11221,04,07,18,53,37,3338491
133,3033250001,3,M,528 KNICKERBOCKER AVENUE,11221,04,07,18,53,37,3338491
134,3033250001,3,M,524 KNICKERBOCKER AVENUE,11221,04,07,18,53,37,3338491
135,3033340001,4,M,236 LINDEN STREET,11221,04,07,18,53,37,3338493
136,3033340001,4,M,232 LINDEN STREET,11221,04,07,18,53,37,3338493
137,3033340001,4,M,228 LINDEN STREET,11221,04,07,18,53,37,3338493
138,3033340001,4,M,224 LINDEN STREET,11221,04,07,18,53,37,3338493
139,3033340001,4,M,220 LINDEN STREET,11221,04,07,18,53,37,3338493
140,3033340001,4,M,357 WILSON AVENUE,11221,04,07,18,53,37,3338493
141,3033340001,4,M,361 WILSON AVENUE,11221,04,07,18,53,37,3338493
142,3033340001,4,M,365 WILSON AVENUE,11221,04,07,18,53,37,3338493
143,3033340001,5,M,1389 GATES AVENUE,11221,04,07,18,53,37,3342119
144,3033340001,5,M,1393 GATES AVENUE,11221,04,07,18,53,37,3396593
145,3033340001,5,M,1397 GATES AVENUE,11221,04,07,18,53,37,3342119
146,3033340001,5,M,1411 GATES AVENUE,11221,04,07,18,53,37,3342119
147,3033340001,5,M,1415 GATES AVENUE,11221,04,07,18,53,37,3342119
148,3033340001,5,M,558 KNICKERBOCKER AVENUE,11221,04,07,18,53,37,3342119
149,3033340001,5,M,554 KNICKERBOCKER AVENUE,11221,04,07,18,53,37,3342119
150,3033340001,5,M,550 KNICKERBOCKER AVENUE,11221,04,07,18,53,37,3342119
151,3013570065,3,M,1371 SAINT MARKS AVENUE,11233,08,08,20,55,41,3035982
152,3013690058,4,M,1629 PARK PLACE,11233,08,09,20,55,41,3036364
153,3013750029,5,M,1630 PARK PLACE,11233,08,09,20,55,41,3036636
154,3013750031,6,M,1636 PARK PLACE,11233,08,09,20,55,41,3036637
155,3013750034,7,M,1640 PARK PLACE,11233,08,09,20,55,41,3036638
156,3013750036,8,M,1646 PARK PLACE,11233,08,09,20,55,41,3036639
157,2045810001,4,M,1240 BURKE AVENUE,10469,11,15,36,83,12,2093501
158,2045810001,4,,1246 BURKE AVENUE,10469,11,15,36,83,12,2093501
159,2045810001,5,M,1260 BURKE AVENUE,10469,11,15,36,83,12,2093502
160,2045810001,6,M,3055 BOUCK AVENUE,10469,11,15,36,83,12,2093494
161,2045810001,7,M,1255 ADEE AVENUE,10469,11,15,36,83,12,2093493
162,2045810001,8,M,1245 ADEE AVENUE,10469,11,15,36,83,12,2093492
163,2045810001,9,,1221 ADEE AVENUE,10469,11,15,36,83,12,2093491
164,2045810001,9,M,1219 ADEE AVENUE,10469,11,15,36,83,12,2093491
165,2049050003,30,M,1160 229TH DRIVE SOUTH,10466,12,16,36,83,12,2094169
166,2049050003,31,M,1187 226TH DRIVE,10466,12,16,36,83,12,2094166
167,2049050003,31,M,1183 226TH DRIVE,10466,12,16,36,83,12,2094166
168,2049050003,32,M,1169 226TH DRIVE,10466,12,16,36,83,12,2094165
169,2049050003,32,M,1165 226TH DRIVE,10466,12,16,36,83,12,2094165
170,2049050003,33,,1151 226TH DRIVE,10466,12,16,36,83,12,2094164
171,2049050003,33,M,1145 226TH DRIVE,10466,12,16,36,83,12,2094164
172,2049050003,33,M,1141 226TH DRIVE,10466,12,16,36,83,12,2094164
173,2049050003,34,M,1131 226TH DRIVE,10466,12,16,36,83,12,2094163
174,2049050003,34,M,1135 226TH DRIVE,10466,12,16,36,83,12,2094163
175,2049050003,35,M,4000 LACONIA AVENUE,10466,12,16,36,83,12,2094171
176,2049050003,35,M,4010 LACONIA AVENUE,10466,12,16,36,83,12,2094171
177,2049050003,36,M,1115 EAST 225TH STREET,10466,12,16,36,83,12,2094172
178,2049050003,36,M,1121 EAST 225TH STREET,10466,12,16,36,83,12,2094172
179,2049050003,37,M,1138 226TH DRIVE,10466,12,16,36,83,12,2094173
180,2049050003,37,M,1130 226TH DRIVE,10466,12,16,36,83,12,2094173
181,2049050003,38,M,1155 EAST 225TH STREET,10466,12,16,36,83,12,2094176
182,2049050003,38,M,1161 EAST 225TH STREET,10466,12,16,36,83,12,2094176
183,2049050003,39,M,1181 EAST 225TH STREET,10466,12,16,36,83,12,2094177
184,2049050003,39,M,1175 EAST 225TH STREET,10466,12,16,36,83,12,2094177
185,2049050001,4,M,3841 BAYCHESTER AVENUE,10466,12,16,36,83,12,2094140
186,2049050001,4,M,3845 BAYCHESTER AVENUE,10466,12,16,36,83,12,2094140
187,2049050003,40,M,1195 EAST 225TH STREET,10466,12,16,36,83,12,2094174
188,2049050003,40,M,1855 SCHIEFFELIN AVENUE,10466,12,16,36,83,12,2094174
189,2049050003,41,,1140 EAST 229TH STREET,10466,12,16,36,83,12,2094178
190,2049050003,41,,1150 EAST 229TH STREET,10466,12,16,36,83,12,2094178
191,2049050001,42,,1149GAR 229TH DRIVE NORTH,10466,12,16,36,83,12,2112989
192,2049050001,5,M,1981 SCHIEFFELIN AVENUE,10466,12,16,36,83,12,2094138
193,2049050001,5,M,1985 SCHIEFFELIN AVENUE,10466,12,16,36,83,12,2094138
194,2049050001,6,M,1961 SCHIEFFELIN AVENUE,10466,12,16,36,83,12,2094137
195,2049050001,6,M,1965 SCHIEFFELIN AVENUE,10466,12,16,36,83,12,2094137
196,2049050001,7,M,1173 229TH DRIVE NORTH,10466,12,16,36,83,12,2094139
197,2049050001,8,,1161 229TH DRIVE NORTH,10466,12,16,36,83,12,2094145
198,2049050001,8,M,1159 229TH DRIVE NORTH,10466,12,16,36,83,12,2094145
199,2049050001,9,M,1147 229TH DRIVE NORTH,10466,12,16,36,83,12,2094144
200,2049050001,9,M,1149 229TH DRIVE NORTH,10466,12,16,36,83,12,2094144
201,3048180030,7,M,738 FENIMORE STREET,11203,09,09,20,43,40,3107352
202,3048180029,8,M,736 FENIMORE STREET,11203,09,09,20,43,40,3107351
203,3048180028,9,M,732 FENIMORE STREET,11203,09,09,20,43,40,3107350
204,2029350003,6,M,1390 FRANKLIN AVENUE,10456,03,15,32,79,17,2009765
205,1020370011,5,,58 MACOMBS PLACE,10039,10,13,30,71,09,1084153
206,1020370011,5,,56 1/2 MACOMBS PLACE,10039,10,13,30,71,09,1084153
207,1020370011,5,,54 1/2 MACOMBS PLACE,10039,10,13,30,71,09,1084153
208,1020370011,5,M,52 MACOMBS PLACE,10039,10,13,30,71,09,1084153
209,1020370011,5,,56 MACOMBS PLACE,10039,10,13,30,71,09,1084153
210,1020370011,5,M,50 MACOMBS PLACE,10039,10,13,30,71,09,1084153
211,1020370011,5,M,48 MACOMBS PLACE,10039,10,13,30,71,09,1084153
212,1020370011,5,M,46 MACOMBS PLACE,10039,10,13,30,71,09,1084153
213,1020370011,5,,40 1/2 MACOMBS PLACE,10039,10,13,30,71,09,1084153
214,1020370011,5,,42 MACOMBS PLACE,10039,10,13,30,71,09,1084153
215,1020370011,5,,42 1/2 MACOMBS PLACE,10039,10,13,30,71,09,1084153
216,1020370011,5,M,44 MACOMBS PLACE,10039,10,13,30,71,09,1084153
217,1020160060,6,M,2653 A C POWELL BOULEVARD,10039,10,13,30,71,09,1084139
218,1020160060,6,M,2651 A C POWELL BOULEVARD,10039,10,13,30,71,09,1084139
219,1020160060,6,M,2645 A C POWELL BOULEVARD,10039,10,13,30,71,09,1084139
220,1020160060,6,M,2641 A C POWELL BOULEVARD,10039,10,13,30,71,09,1084139
221,1020160060,6,M,187 WEST 152ND STREET,10039,10,13,30,71,09,1084139
222,1020160060,6,M,183 WEST 152ND STREET,10039,10,13,30,71,09,1084139
223,1020160060,6,M,180 WEST 152ND STREET,10039,10,13,30,71,09,1084139
224,1020160060,6,M,182 WEST 152ND STREET,10039,10,13,30,71,09,1084139
225,1020160060,6,M,186 WEST 152ND STREET,10039,10,13,30,71,09,1084139
226,1020160060,7,M,2637 A C POWELL BOULEVARD,10039,10,13,30,71,09,1060197
227,1020160060,7,M,190 WEST 152ND STREET,10039,10,13,30,71,09,1060197
228,1020160060,7,,2627 A C POWELL BOULEVARD,10039,10,13,30,71,09,1060197
229,1020160060,7,M,191W WEST 151ST STREET,10039,10,13,30,71,09,1060197
230,1020160060,7,,2633 A C POWELL BOULEVARD,10039,10,13,30,71,09,1060197
231,1020160060,7,,2621 A C POWELL BOULEVARD,10039,10,13,30,71,09,1060197
232,1020160060,7,M,191V WEST 151ST STREET,10039,10,13,30,71,09,1060197
233,1020160060,7,M,191U WEST 151ST STREET,10039,10,13,30,71,09,1060197
234,1020160060,7,M,181 WEST 151ST STREET,10039,10,13,30,71,09,1060197
235,1020160060,7,M,177 WEST 151ST STREET,10039,10,13,30,71,09,1060197
236,1020160060,7,M,173 WEST 151ST STREET,10039,10,13,30,71,09,1060197
237,3035110022,3,M,578 HOWARD AVENUE,11212,16,09,25,55,41,3326462
238,3035110022,3,M,582 HOWARD AVENUE,11212,16,09,25,55,41,3326462
239,3035110046,4,M,602 HOWARD AVENUE,11212,16,09,25,55,41,3255190
240,3035110046,4,M,606 HOWARD AVENUE,11212,16,09,25,55,41,3255190
241,3035110046,4,M,610 HOWARD AVENUE,11212,16,09,25,55,41,3255190
242,3035110046,4,M,614 HOWARD AVENUE,11212,16,09,25,55,41,3255190
243,3035110022,5,M,1 TAPSCOTT STREET,11212,16,09,25,55,41,3326463
244,3035110022,5,M,5 TAPSCOTT STREET,11212,16,09,25,55,41,3326463
245,3035110022,5,M,9 TAPSCOTT STREET,11212,16,09,25,55,41,3326463
246,3035110022,5,M,13 TAPSCOTT STREET,11212,16,09,25,55,41,3326463
247,3035110022,5,M,17 TAPSCOTT STREET,11212,16,09,25,55,41,3326463
248,3035120051,6,,48REAR GRAFTON STREET,11212,16,08,25,55,41,3406850
249,,2,,1764 STERLING PLACE,11233,16,09,25,55,41,
250,3014700033,2,M,1766A STERLING PLACE,11233,16,09,25,55,41,3348335
251,3014700033,2,M,1766B STERLING PLACE,11233,16,09,25,55,41,3348335
252,3014700035,2,M,1768 STERLING PLACE,11233,16,09,25,55,41,3348334
253,3014700035,2,M,1768A STERLING PLACE,11233,16,09,25,55,41,3348334
254,3014700035,2,M,1768B STERLING PLACE,11233,16,09,25,55,41,3348334
255,3014700036,2,M,1770 STERLING PLACE,11233,16,09,25,55,41,3348336
256,3014700036,2,M,1770A STERLING PLACE,11233,16,09,25,55,41,3348336
257,3014700036,2,M,1770B STERLING PLACE,11233,16,09,25,55,41,3348336
258,3014700037,2,M,1772 STERLING PLACE,11233,16,09,25,55,41,3348338
259,3014700037,2,M,1772A STERLING PLACE,11233,16,09,25,55,41,3348338
260,3014700037,2,,1772B STERLING PLACE,11233,16,09,25,55,41,3348338
261,3014700038,2,M,1774 STERLING PLACE,11233,16,09,25,55,41,3348340
262,3014700038,2,M,1774A STERLING PLACE,11233,16,09,25,55,41,3348340
263,3014700036,2,,498 HOWARD AVENUE,11233,16,09,25,55,41,3000000
264,3014700038,2,,1774B STERLING PLACE,11233,16,09,25,55,41,3348340
265,,2,,1776 STERLING PLACE,11233,16,09,25,55,41,
266,3014700073,3,M,504 HOWARD AVENUE,11233,16,09,25,55,41,3393514
267,3014700073,3,M,504A HOWARD AVENUE,11233,16,09,25,55,41,3393514
268,3014700073,3,M,504B HOWARD AVENUE,11233,16,09,25,55,41,3393514
269,3014700039,3,M,506 HOWARD AVENUE,11233,16,09,25,55,41,3346604
270,3014700039,3,M,506A HOWARD AVENUE,11233,16,09,25,55,41,3346604
271,3014700039,3,M,506B HOWARD AVENUE,11233,16,09,25,55,41,3346604
272,3014700041,3,M,508 HOWARD AVENUE,11233,16,09,25,55,41,3346605
273,3014700041,3,M,508A HOWARD AVENUE,11233,16,09,25,55,41,3346605
274,,3,,510 HOWARD AVENUE,11233,16,09,25,55,41,
275,3014700041,3,M,508B HOWARD AVENUE,11233,16,09,25,55,41,3346605
276,3014700059,4,M,1679 SAINT JOHNS PLACE,11233,16,09,25,55,41,3427327
277,3014700059,4,M,1679A SAINT JOHNS PLACE,11233,16,09,25,55,41,3427327
278,3014700059,4,M,1679B SAINT JOHNS PLACE,11233,16,09,25,55,41,3427327
279,3014700058,4,M,1681 SAINT JOHNS PLACE,11233,16,09,25,55,41,3393513
280,3014700058,4,M,1681A SAINT JOHNS PLACE,11233,16,09,25,55,41,3393513
281,3014700058,4,M,1681B SAINT JOHNS PLACE,11233,16,09,25,55,41,3393513
282,3014700055,4,M,1683 SAINT JOHNS PLACE,11233,16,09,25,55,41,3406673
283,3014700055,4,M,1683A SAINT JOHNS PLACE,11233,16,09,25,55,41,3406673
284,3014700055,4,M,1683B SAINT JOHNS PLACE,11233,16,09,25,55,41,3406673
285,3014700053,4,M,1685 SAINT JOHNS PLACE,11233,16,09,25,55,41,3039443
286,3014700053,4,M,1685A SAINT JOHNS PLACE,11233,16,09,25,55,41,3039443
287,3014700053,4,M,1685B SAINT JOHNS PLACE,11233,16,09,25,55,41,3039443
288,3014700052,4,M,1687 SAINT JOHNS PLACE,11233,16,09,25,55,41,3393512
289,3014700052,4,M,1687A SAINT JOHNS PLACE,11233,16,09,25,55,41,3393512
290,3014700052,4,M,1687B SAINT JOHNS PLACE,11233,16,09,25,55,41,3393512
291,3014700051,4,M,1689 SAINT JOHNS PLACE,11233,16,09,25,55,41,3392460
292,3014700051,4,M,1689A SAINT JOHNS PLACE,11233,16,09,25,55,41,3392460
293,3014700051,4,M,1689B SAINT JOHNS PLACE,11233,16,09,25,55,41,3392460
294,3014700050,4,M,1691 SAINT JOHNS PLACE,11233,16,09,25,55,41,3392450
295,3014700050,4,M,1691A SAINT JOHNS PLACE,11233,16,09,25,55,41,3392450
296,3014700050,4,M,1691B SAINT JOHNS PLACE,11233,16,09,25,55,41,3392450
297,3014700049,4,M,1693 SAINT JOHNS PLACE,11233,16,09,25,55,41,3394408
298,3014700049,4,M,1693A SAINT JOHNS PLACE,11233,16,09,25,55,41,3394408
299,3014700049,4,M,1693B SAINT JOHNS PLACE,11233,16,09,25,55,41,3394408
300,3014700011,5,M,537 RALPH AVENUE,11233,16,09,25,55,41,3406671
301,3014700011,5,M,537A RALPH AVENUE,11233,16,09,25,55,41,3406671
302,3014700011,5,M,537B RALPH AVENUE,11233,16,09,25,55,41,3406671
303,3014700010,5,M,539 RALPH AVENUE,11233,16,09,25,55,41,3426866
304,3014700010,5,M,539A RALPH AVENUE,11233,16,09,25,55,41,3426866
305,3014700010,5,M,539B RALPH AVENUE,11233,16,09,25,55,41,3426866
306,3014700011,5,,1702 STERLING PLACE,11233,16,09,25,55,41,3348327
307,3014700011,5,,1716 STERLING PLACE,11233,16,09,25,55,41,3348327
308,3014700009,5,M,541 RALPH AVENUE,11233,16,09,25,55,41,3393506
309,3014700009,5,M,541A RALPH AVENUE,11233,16,09,25,55,41,3393506
310,3014700009,5,M,541B RALPH AVENUE,11233,16,09,25,55,41,3393506
311,3014700008,5,M,543 RALPH AVENUE,11233,16,09,25,55,41,3393284
312,3014700008,5,M,543A RALPH AVENUE,11233,16,09,25,55,41,3393284
313,3014700008,5,M,543B RALPH AVENUE,11233,16,09,25,55,41,3393284
314,3014700003,5,M,545 RALPH AVENUE,11233,16,09,25,55,41,3393283
315,3014700003,5,M,545A RALPH AVENUE,11233,16,09,25,55,41,3393283
316,3014700003,5,M,545B RALPH AVENUE,11233,16,09,25,55,41,3393283
317,3014700003,5,M,547 RALPH AVENUE,11233,16,09,25,55,41,3426868
318,3014700003,5,M,547A RALPH AVENUE,11233,16,09,25,55,41,3426868
319,3014700003,5,M,547B RALPH AVENUE,11233,16,09,25,55,41,3426868
320,3014700003,5,M,549 RALPH AVENUE,11233,16,09,25,55,41,3426867
321,3014700003,5,M,549A RALPH AVENUE,11233,16,09,25,55,41,3426867
322,3014700003,5,M,549B RALPH AVENUE,11233,16,09,25,55,41,3426867
323,3014700003,5,M,551 RALPH AVENUE,11233,16,09,25,55,41,3348345
324,3014700003,5,M,551A RALPH AVENUE,11233,16,09,25,55,41,3348345
325,,5,,553 RALPH AVENUE,11233,16,09,25,55,41,
326,3014700003,5,M,551B RALPH AVENUE,11233,16,09,25,55,41,3348345
327,,5,,555 RALPH AVENUE,11233,16,09,25,55,41,
328,3014700003,5,,1651 SAINT JOHNS PLACE,11233,16,09,25,55,41,3348345
329,3014700003,5,,1659 SAINT JOHNS PLACE,11233,16,09,25,55,41,3348345
330,3014700003,5,,1649 SAINT JOHNS PLACE,11233,16,09,25,55,41,3348345
331,3014700011,6,M,1720 STERLING PLACE,11233,16,09,25,55,41,3348327
332,3014700011,6,M,1720A STERLING PLACE,11233,16,09,25,55,41,3348327
333,3014700011,6,M,1720B STERLING PLACE,11233,16,09,25,55,41,3348327
334,3014700011,6,M,1722 STERLING PLACE,11233,16,09,25,55,41,3426869
335,3014700011,6,M,1722A STERLING PLACE,11233,16,09,25,55,41,3426869
336,3014700011,6,M,1722B STERLING PLACE,11233,16,09,25,55,41,3426869
337,3014700015,6,M,1724 STERLING PLACE,11233,16,09,25,55,41,3393508
338,3014700015,6,M,1724A STERLING PLACE,11233,16,09,25,55,41,3393508
339,3014700015,6,M,1724B STERLING PLACE,11233,16,09,25,55,41,3393508
340,3014700017,6,M,1726 STERLING PLACE,11233,16,09,25,55,41,3393509
341,3014700017,6,M,1726A STERLING PLACE,11233,16,09,25,55,41,3393509
342,3014700017,6,M,1726B STERLING PLACE,11233,16,09,25,55,41,3393509
343,3014700018,6,M,1728 STERLING PLACE,11233,16,09,25,55,41,3393510
344,3014700018,6,M,1728A STERLING PLACE,11233,16,09,25,55,41,3393510
345,3014700018,6,M,1728B STERLING PLACE,11233,16,09,25,55,41,3393510
346,3014700019,6,M,1730 STERLING PLACE,11233,16,09,25,55,41,3392444
347,3014700019,6,M,1730A STERLING PLACE,11233,16,09,25,55,41,3392444
348,3014700019,6,M,1730B STERLING PLACE,11233,16,09,25,55,41,3392444
349,3014700020,6,M,1732 STERLING PLACE,11233,16,09,25,55,41,3251210
350,3014700020,6,M,1732A STERLING PLACE,11233,16,09,25,55,41,3251210
351,3014700020,6,M,1732B STERLING PLACE,11233,16,09,25,55,41,3251210
352,3014700022,6,M,1734 STERLING PLACE,11233,16,09,25,55,41,3392455
353,3014700022,6,M,1734A STERLING PLACE,11233,16,09,25,55,41,3392455
354,3014700022,6,M,1734B STERLING PLACE,11233,16,09,25,55,41,3392455
355,3014700023,6,M,1736 STERLING PLACE,11233,16,09,25,55,41,3392466
356,3014700023,6,M,1736A STERLING PLACE,11233,16,09,25,55,41,3392466
357,3014700023,6,M,1736B STERLING PLACE,11233,16,09,25,55,41,3392466
358,3014710011,7,M,497 HOWARD AVENUE,11233,16,09,25,55,41,3392621
359,3014710011,7,M,497A HOWARD AVENUE,11233,16,09,25,55,41,3392621
360,3014710011,7,M,497B HOWARD AVENUE,11233,16,09,25,55,41,3392621
361,3014710010,7,M,499 HOWARD AVENUE,11233,16,09,25,55,41,3348346
362,3014710010,7,M,499A HOWARD AVENUE,11233,16,09,25,55,41,3348346
363,3014710010,7,M,499B HOWARD AVENUE,11233,16,09,25,55,41,3348346
364,3014710009,7,M,501 HOWARD AVENUE,11233,16,09,25,55,41,3392551
365,3014710009,7,M,501A HOWARD AVENUE,11233,16,09,25,55,41,3392551
366,3014710009,7,M,501B HOWARD AVENUE,11233,16,09,25,55,41,3392551
367,3014710008,7,M,503 HOWARD AVENUE,11233,16,09,25,55,41,3393522
368,3014710008,7,M,503A HOWARD AVENUE,11233,16,09,25,55,41,3393522
369,3014710008,7,M,503B HOWARD AVENUE,11233,16,09,25,55,41,3393522
370,3014710007,7,M,505 HOWARD AVENUE,11233,16,09,25,55,41,3393520
371,3014710007,7,M,505A HOWARD AVENUE,11233,16,09,25,55,41,3393520
372,3014710007,7,M,505B HOWARD AVENUE,11233,16,09,25,55,41,3393520
373,3014710006,7,M,507 HOWARD AVENUE,11233,16,09,25,55,41,3393519
374,3014710006,7,M,507A HOWARD AVENUE,11233,16,09,25,55,41,3393519
375,3014710006,7,M,507B HOWARD AVENUE,11233,16,09,25,55,41,3393519
376,3014710005,7,M,509 HOWARD AVENUE,11233,16,09,25,55,41,3393518
377,3014710005,7,M,509A HOWARD AVENUE,11233,16,09,25,55,41,3393518
378,3014710005,7,M,509B HOWARD AVENUE,11233,16,09,25,55,41,3393518
379,3014710001,7,M,511 HOWARD AVENUE,11233,16,09,25,55,41,3039448
380,3014710001,7,M,511A HOWARD AVENUE,11233,16,09,25,55,41,3039448
381,3014710001,7,,513 HOWARD AVENUE,11233,16,09,25,55,41,3000000
382,3014710001,7,,515 HOWARD AVENUE,11233,16,09,25,55,41,3000000
383,3014710001,7,,1745 SAINT JOHNS PLACE,11233,16,09,25,55,41,3000000
384,3014710001,7,,1737 SAINT JOHNS PLACE,11233,16,09,25,55,41,3000000
385,3014710001,7,M,511B HOWARD AVENUE,11233,16,09,25,55,41,3039448
386,3014710014,8,M,1790 STERLING PLACE,11233,16,09,25,55,41,3393524
387,3014710014,8,M,1790A STERLING PLACE,11233,16,09,25,55,41,3393524
388,3014710014,8,M,1790B STERLING PLACE,11233,16,09,25,55,41,3393524
389,3014710015,8,M,1792 STERLING PLACE,11233,16,09,25,55,41,3393525
390,3014710015,8,M,1792A STERLING PLACE,11233,16,09,25,55,41,3393525
391,3014710015,8,M,1792B STERLING PLACE,11233,16,09,25,55,41,3393525
392,3014710016,8,M,1794 STERLING PLACE,11233,16,09,25,55,41,3039449
393,3014710016,8,M,1794A STERLING PLACE,11233,16,09,25,55,41,3039449
394,3014710016,8,M,1794B STERLING PLACE,11233,16,09,25,55,41,3039449
395,3014710017,8,M,1796 STERLING PLACE,11233,16,09,25,55,41,3393526
396,3014710017,8,M,1796A STERLING PLACE,11233,16,09,25,55,41,3393526
397,3014710017,8,M,1796B STERLING PLACE,11233,16,09,25,55,41,3393526
398,3014710019,8,M,1798 STERLING PLACE,11233,16,09,25,55,41,3039450
399,3014710019,8,M,1798A STERLING PLACE,11233,16,09,25,55,41,3039450
400,3014710019,8,M,1798B STERLING PLACE,11233,16,09,25,55,41,3039450
401,3014710020,8,M,1800 STERLING PLACE,11233,16,09,25,55,41,3039451
402,3014710020,8,M,1800A STERLING PLACE,11233,16,09,25,55,41,3039451
403,3014710020,8,M,1800B STERLING PLACE,11233,16,09,25,55,41,3039451
404,3014710021,8,M,1802 STERLING PLACE,11233,16,09,25,55,41,3039452
405,3014710021,8,M,1802A STERLING PLACE,11233,16,09,25,55,41,3039452
406,3014710021,8,M,1802B STERLING PLACE,11233,16,09,25,55,41,3039452
407,3014710023,8,M,1804 STERLING PLACE,11233,16,09,25,55,41,3406675
408,3014710023,8,M,1804A STERLING PLACE,11233,16,09,25,55,41,3406675
409,3014710023,8,M,1804B STERLING PLACE,11233,16,09,25,55,41,3406675
410,,8,,1810 STERLING PLACE,11233,16,09,25,55,41,
411,3014710024,8,,1814 STERLING PLACE,11233,16,09,25,55,41,3000000
412,,8,,1812 STERLING PLACE,11233,16,09,25,55,41,
413,,8,,1806 STERLING PLACE,11233,16,09,25,55,41,
414,3043710001,5,,914 VAN SICLEN AVENUE,11207,05,08,19,60,42,3324016
415,3043710001,6,M,225 WORTMAN AVENUE,11207,05,08,19,60,42,3324017
416,3043710001,7,M,215 WORTMAN AVENUE,11207,05,08,19,60,42,3324022
417,3043710001,8,M,185 WORTMAN AVENUE,11207,05,08,19,60,42,3324021
418,3043710001,8,,187 WORTMAN AVENUE,11207,05,08,19,60,42,3324021
419,3043710001,8,,183 WORTMAN AVENUE,11207,05,08,19,60,42,3324021
420,3043930001,9,M,180 WORTMAN AVENUE,11207,05,08,19,60,42,3337066
421,4160020001,17,M,54-30 BEACH CHANNEL DRIVE,11692,14,05,10,31,31,4436452
422,4160020001,18,M,56-10 BEACH CHANNEL DRIVE,11692,14,05,10,31,31,4436453
423,4160020001,19,M,56-16 BEACH CHANNEL DRIVE,11692,14,05,10,31,31,4436454
424,4160020001,2,M,54-75 ALMEDA AVENUE,11692,14,05,10,31,31,4436446
425,4160020001,20,M,414 BEACH 58TH STREET,11692,14,05,10,31,31,4436449
426,4160020001,20,,57-10 BEACH CHANNEL DRIVE,11692,14,05,10,31,31,4436449
427,4160010002,21,M,441 BEACH 51ST STREET,11691,14,05,10,31,31,4436437
428,4160010002,21,M,445 BEACH 51ST STREET,11691,14,05,10,31,31,4436437
429,4160010002,22,,434 BEACH 54TH STREET,11692,14,05,10,31,31,4436439
430,4160010002,22,M,440 BEACH 54TH STREET,11692,14,05,10,31,31,4436439
431,4160010002,22,,430 BEACH 54TH STREET,11692,14,05,10,31,31,4436439
432,4160010002,22,M,444 BEACH 54TH STREET,11692,14,05,10,31,31,4436439
433,4160020001,23,M,439 BEACH 54TH STREET,11692,14,05,10,31,31,4436448
434,4160020001,23,,447 BEACH 54TH STREET,11692,14,05,10,31,31,4436448
435,4160020001,23,M,443 BEACH 54TH STREET,11692,14,05,10,31,31,4436448
436,4160020001,24,M,434 BEACH 58TH STREET,11692,14,05,10,31,31,4436450
437,4160020001,24,M,440 BEACH 58TH STREET,11692,14,05,10,31,31,4436450
438,4160020001,3,M,54-49 ALMEDA AVENUE,11692,14,05,10,31,31,4436445
439,4160020001,4,M,54-41 ALMEDA AVENUE,11692,14,05,10,31,31,4436444
440,4160020001,5,M,54-15 ALMEDA AVENUE,11692,14,05,10,31,31,4436443
441,4160020001,6,M,54-09 ALMEDA AVENUE,11692,14,05,10,31,31,4436456
442,4160010002,7,M,51-49 ALMEDA AVENUE,11691,14,05,10,31,31,4436435
443,4160010002,8,M,51-45 ALMEDA AVENUE,11691,14,05,10,31,31,4436434
444,4160010002,9,M,51-15 ALMEDA AVENUE,11691,14,05,10,31,31,4436433
445,3013730037,2,M,1474 PARK PLACE,11213,08,09,20,55,36,3036564
446,3013730040,3,,1484 PARK PLACE,11213,08,09,20,55,36,3036565
447,3013730040,3,M,1480 PARK PLACE,11213,08,09,20,55,36,3036565
448,3013730043,4,M,208 ROCHESTER AVENUE,11213,08,09,20,55,36,3036566
449,3013730046,5,M,218 ROCHESTER AVENUE,11213,08,09,20,55,36,3036567
450,3013730049,6,M,1521 STERLING PLACE,11213,08,09,20,55,36,3036568
451,3013790039,7,M,1522 STERLING PLACE,11213,08,09,20,55,36,3036863
452,3013790039,7,,230 ROCHESTER AVENUE,11213,08,09,20,55,36,3036863
453,3013790041,8,M,232 ROCHESTER AVENUE,11213,08,09,20,55,36,3036864
454,3013790043,9,M,234 ROCHESTER AVENUE,11213,08,09,20,55,36,3036865
455,1020130022,3,M,117 WEST 144TH STREET,10030,10,13,30,71,09,1060167
456,1020110014,30,M,143 WEST 142ND STREET,10030,10,13,30,71,09,1060106
457,1020110013,31,M,145 WEST 142ND STREET,10030,10,13,30,71,09,1060105
458,1020110011,32,M,149 WEST 142ND STREET,10030,10,13,30,71,09,1060103
459,1020110061,33,M,2453 A C POWELL BOULEVARD,10030,10,13,30,71,09,1060126
460,1020110063,34,M,2449 A C POWELL BOULEVARD,10030,10,13,30,71,09,1060127
461,1020110001,35,M,2441 A C POWELL BOULEVARD,10030,10,13,30,71,09,1060101
462,1020090044,36,M,144 WEST 141ST STREET,10030,10,13,30,70,09,1060069
463,1020090063,37,M,2409 A C POWELL BOULEVARD,10030,10,13,30,70,09,1060081
464,1020090064,38,M,2407 A C POWELL BOULEVARD,10030,10,13,30,70,09,1060082
465,1020130018,4,M,125 WEST 144TH STREET,10030,10,13,30,71,09,1060165
466,1020070045,44,M,116 WEST 139TH STREET,10030,10,13,30,70,09,1060039
467,1020070043,45,M,112 WEST 139TH STREET,10030,10,13,30,70,09,1060038
468,1020120025,48,,669 LENOX AVENUE,10037,10,13,30,71,09,1085366
469,1020120025,49,,103 WEST 143RD STREET,10030,10,13,30,71,09,1085367
470,1020120025,49,,105 WEST 143RD STREET,10030,10,13,30,71,09,1085367
471,1020130016,5,M,129 WEST 144TH STREET,10030,10,13,30,71,09,1060164
472,1020130014,6,M,133 WEST 144TH STREET,10030,10,13,30,71,09,1060163
473,1020120052,7,M,148 WEST 144TH STREET,10030,10,13,30,71,09,1060150
474,1020120056,8,M,158 WEST 144TH STREET,10030,10,13,30,71,09,1060152
475,1020120058,9,M,162 WEST 144TH STREET,10030,10,13,30,71,09,1060154
476,2026260001,2,M,825 CAULDWELL AVENUE,10456,01,15,32,79,17,2091325
477,2026260001,2,M,829 CAULDWELL AVENUE,10456,01,15,32,79,17,2091325
478,2026260001,3,M,611 EAST 158TH STREET,10456,01,15,32,79,17,2091328
479,2026260001,3,M,615 EAST 158TH STREET,10456,01,15,32,79,17,2091328
480,2026260001,3,M,625 EAST 158TH STREET,10456,01,15,32,79,17,2091328
481,2026260001,3,M,635 EAST 158TH STREET,10456,01,15,32,79,17,2091328
482,2026260001,3,M,645 EAST 158TH STREET,10456,01,15,32,79,17,2091328
483,2026260001,4,M,854 EAGLE AVENUE,10456,01,15,32,79,17,2091327
484,2026260001,4,M,850 EAGLE AVENUE,10456,01,15,32,79,17,2091327
485,2026260001,4,M,844 EAGLE AVENUE,10456,01,15,32,79,17,2091327
486,2026260001,4,M,840 EAGLE AVENUE,10456,01,15,32,79,17,2091327
487,2026260001,4,M,834 EAGLE AVENUE,10456,01,15,32,79,17,2091327
488,2026260001,4,M,830 EAGLE AVENUE,10456,01,15,32,79,17,2091327
489,2031430155,1,,360 FORD STREET,10457,05,15,33,86,15,2092394
490,2031430155,1,M,"365 FORD STREET, WING A",10457,05,15,33,86,15,2092394
491,2031430155,1,M,"365 FORD STREET, WING B",10457,05,15,33,86,15,2092394
492,2031430155,1,,353 FORD STREET,10457,05,15,33,86,15,2092394
493,2031430155,1,,355 FORD STREET,10457,05,15,33,86,15,2092394
494,2031430155,1,M,"365 FORD STREET, WING C",10457,05,15,33,86,15,2092394
495,2031430155,1,,365 FORD STREET,10457,05,15,33,86,15,2092394
496,2031430155,1,M,"365 EAST 183RD STREET, WING D",10458,05,15,33,86,15,2092394
497,2031430155,1,M,"365 EAST 183RD STREET, WING E",10458,05,15,33,86,15,2092394
498,2031430155,1,,355 EAST 183RD STREET,10458,05,15,33,86,15,2092394
499,2031430155,1,M,"365 EAST 183RD STREET, WING F",10458,05,15,33,86,15,2092394
500,3013410001,1,M,1575 DEAN STREET,11213,08,09,20,56,36,3324581
501,3013410001,1,M,87 TROY AVENUE,11213,08,09,20,56,36,3324581
502,3013410012,2,M,1620 PACIFIC STREET,11213,08,09,20,56,36,3035671
503,3013410012,2,M,1630 PACIFIC STREET,11213,08,09,20,56,36,3341632
504,3013410012,2,,1640 PACIFIC STREET,11213,08,09,20,56,36,3341633
505,3013410012,2,M,1642 PACIFIC STREET,11213,08,09,20,56,36,3341633
506,3013410012,2,M,1650 PACIFIC STREET,11213,08,09,20,56,36,3341634
507,3013410012,2,M,1660 PACIFIC STREET,11213,08,09,20,56,36,3341635
508,3013410012,2,M,1670 PACIFIC STREET,11213,08,09,20,56,36,3341636
509,3013410012,2,,1672 PACIFIC STREET,11213,08,09,20,56,36,3341636
510,3013410012,2,M,80 SCHENECTADY AVENUE,11213,08,09,20,56,36,3341637
511,3021410019,4,,188 MARCY AVENUE,11211,01,07,18,50,34,3341977
512,3021410019,4,M,190 MARCY AVENUE,11211,01,07,18,50,34,3341977
513,3021410019,5,,227 DIVISION AVENUE,11211,01,07,18,50,34,3251682
514,3021410019,5,,221 DIVISION AVENUE,11211,01,07,18,50,34,3251682
515,3021410019,5,M,225 DIVISION AVENUE,11211,01,07,18,50,34,3251682
516,3021410019,5,,223 DIVISION AVENUE,11211,01,07,18,50,34,3251682
517,3030260001,13,M,171 SCHOLES STREET,11206,01,07,18,53,34,3344974
518,3030260001,14,M,181 SCHOLES STREET,11206,01,07,18,53,34,3344948
519,3030260001,14,M,182 STAGG WALK,11206,01,07,18,53,34,3344948
520,3030260001,14,M,180 STAGG WALK,11206,01,07,18,53,34,3344948
521,3030260001,14,M,178 STAGG WALK,11206,01,07,18,53,34,3344948
522,3030260001,14,M,186 STAGG WALK,11206,01,07,18,53,34,3344948
523,3030260001,14,M,184 STAGG WALK,11206,01,07,18,53,34,3344948
524,3030260001,14,M,183 SCHOLES STREET,11206,01,07,18,53,34,3344948
525,3030260001,14,M,185 SCHOLES STREET,11206,01,07,18,53,34,3344948
526,3030270001,15,M,197 TEN EYCK WALK,11206,01,07,18,53,34,3338398
527,3030270001,15,M,199 TEN EYCK WALK,11206,01,07,18,53,34,3338398
528,3030270001,15,M,198 MAUJER STREET,11206,01,07,18,53,34,3338398
529,3030270001,15,M,196 MAUJER STREET,11206,01,07,18,53,34,3338398
530,3030270001,15,M,200 MAUJER STREET,11206,01,07,18,53,34,3338398
531,3030270001,15,M,201 TEN EYCK WALK,11206,01,07,18,53,34,3338398
532,3030270001,15,M,203 TEN EYCK WALK,11206,01,07,18,53,34,3338398
533,3030270001,15,M,205 TEN EYCK WALK,11206,01,07,18,53,34,3338398
534,3030270001,16,M,219 TEN EYCK WALK,11206,01,07,18,53,34,3344982
535,3030270001,16,M,216 MAUJER STREET,11206,01,07,18,53,34,3344982
536,3030270001,16,M,214 MAUJER STREET,11206,01,07,18,53,34,3344982
537,3030270001,16,M,220 MAUJER STREET,11206,01,07,18,53,34,3344982
538,3030270001,16,,138 BUSHWICK AVENUE,11206,01,07,18,53,34,3344982
539,3030270001,16,,136 BUSHWICK AVENUE,11206,01,07,18,53,34,3344982
540,3030270001,16,M,218 MAUJER STREET,11206,01,07,18,53,34,3344982
541,3030270001,16,,134 BUSHWICK AVENUE,11206,01,07,18,53,34,3344982
542,3030270001,16,,132 BUSHWICK AVENUE,11206,01,07,18,53,34,3344982
543,3030270001,16,,130 BUSHWICK AVENUE,11206,01,07,18,53,34,3344982
544,3030270001,16,,128 BUSHWICK AVENUE,11206,01,07,18,53,34,3344982
545,3030270001,16,M,221 TEN EYCK WALK,11206,01,07,18,53,34,3344982
546,3030270001,16,M,223 TEN EYCK WALK,11206,01,07,18,53,34,3344982
547,3030270001,16,,124 BUSHWICK AVENUE,11206,01,07,18,53,34,3344982
548,3030270001,16,,122 BUSHWICK AVENUE,11206,01,07,18,53,34,3344982
549,3030270001,17,M,200 TEN EYCK WALK,11206,01,07,18,53,34,3344992
550,3030270001,17,M,202 TEN EYCK WALK,11206,01,07,18,53,34,3344992
551,3030270001,17,M,211 STAGG WALK,11206,01,07,18,53,34,3344992
552,3030270001,17,M,213 STAGG WALK,11206,01,07,18,53,34,3344992
553,3030270001,17,M,215 STAGG WALK,11206,01,07,18,53,34,3344992
554,3030270001,18,M,222 TEN EYCK WALK,11206,01,07,18,53,34,3338402
555,3030270001,18,M,224 TEN EYCK WALK,11206,01,07,18,53,34,3338402
556,3030270001,18,M,226 TEN EYCK WALK,11206,01,07,18,53,34,3338402
557,3030270001,18,M,233 STAGG WALK,11206,01,07,18,53,34,3338402
558,3030270001,18,M,235 STAGG WALK,11206,01,07,18,53,34,3338402
559,3030270001,19,M,196 STAGG WALK,11206,01,07,18,53,34,3345008
560,3030270001,19,M,199 SCHOLES STREET,11206,01,07,18,53,34,3345008
561,3030270001,19,M,197 SCHOLES STREET,11206,01,07,18,53,34,3345008
562,3030270001,19,M,195 SCHOLES STREET,11206,01,07,18,53,34,3345008
563,3030270001,19,M,201 SCHOLES STREET,11206,01,07,18,53,34,3345008
564,3030270001,19,M,203 SCHOLES STREET,11206,01,07,18,53,34,3345008
565,3030270001,19,M,205 SCHOLES STREET,11206,01,07,18,53,34,3345008
566,3030240001,2,M,109 TEN EYCK WALK,11206,01,07,18,53,34,3327882
567,3030240001,2,M,110 MAUJER STREET,11206,01,07,18,53,34,3327882
568,3030240001,2,M,108 MAUJER STREET,11206,01,07,18,53,34,3327882
569,3030240001,2,M,114 MAUJER STREET,11206,01,07,18,53,34,3327882
570,3030240001,2,M,112 MAUJER STREET,11206,01,07,18,53,34,3327882
571,3030240001,2,M,111 TEN EYCK WALK,11206,01,07,18,53,34,3327882
572,3030240001,2,M,113 TEN EYCK WALK,11206,01,07,18,53,34,3327882
573,3030270001,20,M,215 SCHOLES STREET,11206,01,07,18,53,34,3344998
574,3030270001,20,M,218 STAGG WALK,11206,01,07,18,53,34,3344998
575,3030270001,20,M,216 STAGG WALK,11206,01,07,18,53,34,3344998
576,3030270001,20,M,214 STAGG WALK,11206,01,07,18,53,34,3344998
577,3030270001,20,,178 BUSHWICK AVENUE,11206,01,07,18,53,34,3344998
578,3030270001,20,M,222 STAGG WALK,11206,01,07,18,53,34,3344998
579,3030270001,20,,172 BUSHWICK AVENUE,11206,01,07,18,53,34,3344998
580,3030270001,20,M,220 STAGG WALK,11206,01,07,18,53,34,3344998
581,3030270001,20,,176 BUSHWICK AVENUE,11206,01,07,18,53,34,3344998
582,3030270001,20,M,217 SCHOLES STREET,11206,01,07,18,53,34,3344998
583,3030270001,20,M,219 SCHOLES STREET,11206,01,07,18,53,34,3344998
584,3030250070,21,,195 GRAHAM AVENUE,11206,01,07,18,53,34,3070826
585,3030240001,3,M,90 TEN EYCK WALK,11206,01,07,18,53,34,3327879
586,3030240001,3,M,92 TEN EYCK WALK,11206,01,07,18,53,34,3327879
587,3030240001,3,M,101 STAGG WALK,11206,01,07,18,53,34,3327879
588,3030240001,3,M,99 STAGG WALK,11206,01,07,18,53,34,3327879
589,3030240001,3,M,97 STAGG WALK,11206,01,07,18,53,34,3327879
590,3030240001,4,M,110 TEN EYCK WALK,11206,01,07,18,53,34,3327881
591,3030240001,4,M,112 TEN EYCK WALK,11206,01,07,18,53,34,3327881
592,3030240001,4,M,114 TEN EYCK WALK,11206,01,07,18,53,34,3327881
593,3030240001,4,M,123 STAGG WALK,11206,01,07,18,53,34,3327881
594,3030240001,4,M,125 STAGG WALK,11206,01,07,18,53,34,3327881
595,3030240001,5,M,88 STAGG WALK,11206,01,07,18,53,34,3327878
596,3030240001,5,M,95 SCHOLES STREET,11206,01,07,18,53,34,3327878
597,3030240001,5,M,93 SCHOLES STREET,11206,01,07,18,53,34,3327878
598,3030240001,5,M,91 SCHOLES STREET,11206,01,07,18,53,34,3327878
599,3030240001,5,M,101 SCHOLES STREET,11206,01,07,18,53,34,3327878
600,3030240001,5,M,99 SCHOLES STREET,11206,01,07,18,53,34,3327878
601,3030240001,5,M,97 SCHOLES STREET,11206,01,07,18,53,34,3327878
602,3030240001,6,M,106 STAGG WALK,11206,01,07,18,53,34,3344259
603,3030240001,6,M,108 STAGG WALK,11206,01,07,18,53,34,3344259
604,3030240001,6,M,110 STAGG WALK,11206,01,07,18,53,34,3344259
605,3030240001,6,M,111 SCHOLES STREET,11206,01,07,18,53,34,3344259
606,3030240001,6,M,115 SCHOLES STREET,11206,01,07,18,53,34,3344259
607,3030240001,6,M,113 SCHOLES STREET,11206,01,07,18,53,34,3344259
608,3030240001,6,M,112 STAGG WALK,11206,01,07,18,53,34,3344259
609,3030240001,6,M,114 STAGG WALK,11206,01,07,18,53,34,3344259
610,3030250046,7,M,123 TEN EYCK WALK,11206,01,07,18,53,34,3344926
611,3030250046,7,M,125 TEN EYCK WALK,11206,01,07,18,53,34,3344926
612,3030250046,7,M,126 MAUJER STREET,11206,01,07,18,53,34,3344926
613,3030250046,7,M,124 MAUJER STREET,11206,01,07,18,53,34,3344926
614,3030250046,7,M,128 MAUJER STREET,11206,01,07,18,53,34,3344926
615,3030250046,7,M,127 TEN EYCK WALK,11206,01,07,18,53,34,3344926
616,3030250046,7,M,129 TEN EYCK WALK,11206,01,07,18,53,34,3344926
617,3030250046,7,M,131 TEN EYCK WALK,11206,01,07,18,53,34,3344926
618,3030250046,8,M,143 TEN EYCK WALK,11206,01,07,18,53,34,3327884
619,3030250046,8,M,145 TEN EYCK WALK,11206,01,07,18,53,34,3327884
620,3030250046,8,M,144 MAUJER STREET,11206,01,07,18,53,34,3327884
621,3030250046,8,,239 GRAHAM AVENUE,11206,01,07,18,53,34,3327884
622,3030250046,8,,237 GRAHAM AVENUE,11206,01,07,18,53,34,3327884
623,3030250046,8,M,142 MAUJER STREET,11206,01,07,18,53,34,3327884
624,3030250046,8,M,146 MAUJER STREET,11206,01,07,18,53,34,3327884
625,3030250046,8,,152 MAUJER STREET,11206,01,07,18,53,34,3327884
626,3030250046,8,,243 GRAHAM AVENUE,11206,01,07,18,53,34,3327884
627,3030250046,8,,245 GRAHAM AVENUE,11206,01,07,18,53,34,3327884
628,3030250046,8,,247 GRAHAM AVENUE,11206,01,07,18,53,34,3327884
629,3030250046,8,,241 GRAHAM AVENUE,11206,01,07,18,53,34,3327884
630,3030250046,8,M,147 TEN EYCK WALK,11206,01,07,18,53,34,3327884
631,3030250046,8,,235 GRAHAM AVENUE,11206,01,07,18,53,34,3327884
632,3030250046,8,M,149 TEN EYCK WALK,11206,01,07,18,53,34,3327884
633,3030250046,8,,231 GRAHAM AVENUE,11206,01,07,18,53,34,3327884
634,3030250046,8,,233 GRAHAM AVENUE,11206,01,07,18,53,34,3327884
635,3030250046,8,M,151 TEN EYCK WALK,11206,01,07,18,53,34,3327884
636,3030260001,9,,238 GRAHAM AVENUE,11206,01,07,18,53,34,3327887
637,3030260001,9,M,161 TEN EYCK WALK,11206,01,07,18,53,34,3327887
638,3030260001,9,,240 GRAHAM AVENUE,11206,01,07,18,53,34,3327887
639,3030260001,9,,242 GRAHAM AVENUE,11206,01,07,18,53,34,3327887
640,3030260001,9,,244 GRAHAM AVENUE,11206,01,07,18,53,34,3327887
641,3030260001,9,M,163 TEN EYCK WALK,11206,01,07,18,53,34,3327887
642,3030260001,9,,248 GRAHAM AVENUE,11206,01,07,18,53,34,3327887
643,3030260001,9,,246 GRAHAM AVENUE,11206,01,07,18,53,34,3327887
644,3030260001,9,M,162 MAUJER STREET,11206,01,07,18,53,34,3327887
645,3030260001,9,,250 GRAHAM AVENUE,11206,01,07,18,53,34,3327887
646,3030260001,9,,252 GRAHAM AVENUE,11206,01,07,18,53,34,3327887
647,3030260001,9,,254 GRAHAM AVENUE,11206,01,07,18,53,34,3327887
648,3030260001,9,M,160 MAUJER STREET,11206,01,07,18,53,34,3327887
649,3030260001,9,M,164 MAUJER STREET,11206,01,07,18,53,34,3327887
650,3030260001,9,M,165 TEN EYCK WALK,11206,01,07,18,53,34,3327887
651,3030260001,9,M,167 TEN EYCK WALK,11206,01,07,18,53,34,3327887
652,3030260001,9,M,169 TEN EYCK WALK,11206,01,07,18,53,34,3327887
653,2031300100,1,,2021 BOSTON ROAD,10460,06,15,32,87,15,2013245
654,2031300100,1,,1012 EAST 178TH STREET,10460,06,15,32,87,15,2013245
655,2031300100,1,,1030 EAST 178TH STREET,10460,06,15,32,87,15,2013245
656,2031300100,1,M,1010 EAST 178TH STREET,10460,06,15,32,87,15,2013245
657,2031300100,1,,2021 BOSTON ROAD,10460,06,15,32,87,15,2013245
658,2031300100,1,,1012 EAST 178TH STREET,10460,06,15,32,87,15,2013245
659,2031300100,1,,1030 EAST 178TH STREET,10460,06,15,32,87,15,2013245
660,2031300100,1,M,1010 EAST 178TH STREET,10460,06,15,32,87,15,2013245
661,2031300100,1,,2021 BOSTON ROAD,10460,06,15,32,87,15,2013245
662,2031300100,1,,1012 EAST 178TH STREET,10460,06,15,32,87,15,2013245
663,2031300100,1,,1030 EAST 178TH STREET,10460,06,15,32,87,15,2013245
664,2031300100,1,M,1010 EAST 178TH STREET,10460,06,15,32,87,15,2013245
665,3035320030,1,,114 TAPSCOTT STREET,11212,16,09,25,55,41,3081191
666,3035320030,1,M,104 TAPSCOTT STREET,11212,16,09,25,55,41,3081191
667,1016830018,1,M,335 EAST 111TH STREET,10029,11,13,29,68,08,1052877
668,,1,M,344 EAST 28TH STREET,10016,06,12,59,74,02,
669,1009330025,1,,344GAR EAST 28TH STREET,10016,06,12,59,74,02,1020611
670,1009330025,1,,342 EAST 28TH STREET,10016,06,12,59,74,02,1020611
671,1009330025,1,,346 EAST 28TH STREET,10016,06,12,59,74,02,1020611
672,1009330025,1,,340 EAST 28TH STREET,10016,06,12,59,74,02,1020611
673,,,,590 WARREN STREET,11217,06,10,26,52,39,
674,3004010001,1,M,572 WARREN STREET,11217,06,10,26,52,39,3006388
675,3004010001,1,,568 WARREN STREET,11217,06,10,26,52,39,3006388
676,3004010001,1,,565 BALTIC STREET,11217,06,10,26,52,39,3006388
677,3004010001,1,M,574 WARREN STREET,11217,06,10,26,52,39,3006388
678,,2,,590 WARREN STREET -TEMPORARY ADDRESS,,,,,,,
679,3017940181,,,513 GREENE AVENUE,11216,03,08,25,56,36,3000000
680,3017940120,1,M,362 CLIFTON PLACE,11216,03,08,25,56,36,3050204
681,3017940119,1,M,360 CLIFTON PLACE,11216,03,08,25,56,36,3050203
682,3017940118,1,M,358 CLIFTON PLACE,11216,03,08,25,56,36,3050202
683,3017940117,1,M,356 CLIFTON PLACE,11216,03,08,25,56,36,3050201
684,3017940116,1,M,354 CLIFTON PLACE,11216,03,08,25,56,36,3050200
685,3017940115,1,M,352 CLIFTON PLACE,11216,03,08,25,56,36,3050199
686,3017940114,1,M,350 CLIFTON PLACE,11216,03,08,25,56,36,3050198
687,3017940113,1,M,348 CLIFTON PLACE,11216,03,08,25,56,36,3050197
688,2031300100,1,,2021 BOSTON ROAD,10460,06,15,32,87,15,2013245
689,2031300100,1,,1012 EAST 178TH STREET,10460,06,15,32,87,15,2013245
690,2031300100,1,,1030 EAST 178TH STREET,10460,06,15,32,87,15,2013245
691,2031300100,1,M,1010 EAST 178TH STREET,10460,06,15,32,87,15,2013245
692,3035320030,1,,114 TAPSCOTT STREET,11212,16,09,25,55,41,3081191
693,3035320030,1,M,104 TAPSCOTT STREET,11212,16,09,25,55,41,3081191
694,1016830018,1,M,335 EAST 111TH STREET,10029,11,13,29,68,08,1052877
695,,1,M,344 EAST 28TH STREET,10016,06,12,59,74,02,
696,1009330025,1,,344GAR EAST 28TH STREET,10016,06,12,59,74,02,1020611
697,1009330025,1,,342 EAST 28TH STREET,10016,06,12,59,74,02,1020611
698,1009330025,1,,346 EAST 28TH STREET,10016,06,12,59,74,02,1020611
699,1009330025,1,,340 EAST 28TH STREET,10016,06,12,59,74,02,1020611
700,,,,590 WARREN STREET,11217,06,10,26,52,39,
701,3004010001,1,M,572 WARREN STREET,11217,06,10,26,52,39,3006388
702,3004010001,1,,568 WARREN STREET,11217,06,10,26,52,39,3006388
703,3004010001,1,,565 BALTIC STREET,11217,06,10,26,52,39,3006388
704,3004010001,1,M,574 WARREN STREET,11217,06,10,26,52,39,3006388
705,,2,,590 WARREN STREET -TEMPORARY ADDRESS,,,,,,,
706,3017940181,,,513 GREENE AVENUE,11216,03,08,25,56,36,3000000
707,3017940120,1,M,362 CLIFTON PLACE,11216,03,08,25,56,36,3050204
708,3017940119,1,M,360 CLIFTON PLACE,11216,03,08,25,56,36,3050203
709,3017940118,1,M,358 CLIFTON PLACE,11216,03,08,25,56,36,3050202
710,3017940117,1,M,356 CLIFTON PLACE,11216,03,08,25,56,36,3050201
711,3017940116,1,M,354 CLIFTON PLACE,11216,03,08,25,56,36,3050200
712,3017940115,1,M,352 CLIFTON PLACE,11216,03,08,25,56,36,3050199
713,3017940114,1,M,350 CLIFTON PLACE,11216,03,08,25,56,36,3050198
714,3017940113,1,M,348 CLIFTON PLACE,11216,03,08,25,56,36,3050197
715,2031300100,1,,2021 BOSTON ROAD,10460,06,15,32,87,15,2013245
716,2031300100,1,,1012 EAST 178TH STREET,10460,06,15,32,87,15,2013245
717,2031300100,1,,1030 EAST 178TH STREET,10460,06,15,32,87,15,2013245
718,2031300100,1,M,1010 EAST 178TH STREET,10460,06,15,32,87,15,2013245
719,3035320030,1,,114 TAPSCOTT STREET,11212,16,09,25,55,41,3081191
720,3035320030,1,M,104 TAPSCOTT STREET,11212,16,09,25,55,41,3081191
721,1016830018,1,M,335 EAST 111TH STREET,10029,11,13,29,68,08,1052877
722,,1,M,344 EAST 28TH STREET,10016,06,12,59,74,02,
723,1009330025,1,,344GAR EAST 28TH STREET,10016,06,12,59,74,02,1020611
724,1009330025,1,,342 EAST 28TH STREET,10016,06,12,59,74,02,1020611
725,1009330025,1,,346 EAST 28TH STREET,10016,06,12,59,74,02,1020611
726,1009330025,1,,340 EAST 28TH STREET,10016,06,12,59,74,02,1020611
727,,,,590 WARREN STREET,11217,06,10,26,52,39,
728,3004010001,1,M,572 WARREN STREET,11217,06,10,26,52,39,3006388
729,3004010001,1,,568 WARREN STREET,11217,06,10,26,52,39,3006388
730,3004010001,1,,565 BALTIC STREET,11217,06,10,26,52,39,3006388
731,3004010001,1,M,574 WARREN STREET,11217,06,10,26,52,39,3006388
732,,2,,590 WARREN STREET -TEMPORARY ADDRESS,,,,,,,
733,3017940181,,,513 GREENE AVENUE,11216,03,08,25,56,36,3000000
734,3017940120,1,M,362 CLIFTON PLACE,11216,03,08,25,56,36,3050204
735,3017940119,1,M,360 CLIFTON PLACE,11216,03,08,25,56,36,3050203
736,3017940118,1,M,358 CLIFTON PLACE,11216,03,08,25,56,36,3050202
737,3017940117,1,M,356 CLIFTON PLACE,11216,03,08,25,56,36,3050201
738,3017940116,1,M,354 CLIFTON PLACE,11216,03,08,25,56,36,3050200
739,3017940115,1,M,352 CLIFTON PLACE,11216,03,08,25,56,36,3050199
740,3017940114,1,M,350 CLIFTON PLACE,11216,03,08,25,56,36,3050198
741,3017940113,1,M,348 CLIFTON PLACE,11216,03,08,25,56,36,3050197
742,2031300100,1,,2021 BOSTON ROAD,10460,06,15,32,87,15,2013245
743,2031300100,1,,1012 EAST 178TH STREET,10460,06,15,32,87,15,2013245
744,2031300100,1,,1030 EAST 178TH STREET,10460,06,15,32,87,15,2013245
745,2031300100,1,M,1010 EAST 178TH STREET,10460,06,15,32,87,15,2013245
746,3035320030,1,,114 TAPSCOTT STREET,11212,16,09,25,55,41,3081191
747,3035320030,1,M,104 TAPSCOTT STREET,11212,16,09,25,55,41,3081191
748,1016830018,1,M,335 EAST 111TH STREET,10029,11,13,29,68,08,1052877
749,,1,M,344 EAST 28TH STREET,10016,06,12,59,74,02,
750,1009330025,1,,344GAR EAST 28TH STREET,10016,06,12,59,74,02,1020611
751,1009330025,1,,342 EAST 28TH STREET,10016,06,12,59,74,02,1020611
752,1009330025,1,,346 EAST 28TH STREET,10016,06,12,59,74,02,1020611
753,1009330025,1,,340 EAST 28TH STREET,10016,06,12,59,74,02,1020611
754,,,,590 WARREN STREET,11217,06,10,26,52,39,
755,3004010001,1,M,572 WARREN STREET,11217,06,10,26,52,39,3006388
756,3004010001,1,,568 WARREN STREET,11217,06,10,26,52,39,3006388
757,3004010001,1,,565 BALTIC STREET,11217,06,10,26,52,39,3006388
758,3004010001,1,M,574 WARREN STREET,11217,06,10,26,52,39,3006388
759,,2,,590 WARREN STREET -TEMPORARY ADDRESS,,,,,,,
760,3017940181,,,513 GREENE AVENUE,11216,03,08,25,56,36,3000000
761,3017940120,1,M,362 CLIFTON PLACE,11216,03,08,25,56,36,3050204
762,3017940119,1,M,360 CLIFTON PLACE,11216,03,08,25,56,36,3050203
763,3017940118,1,M,358 CLIFTON PLACE,11216,03,08,25,56,36,3050202
764,3017940117,1,M,356 CLIFTON PLACE,11216,03,08,25,56,36,3050201
765,3017940116,1,M,354 CLIFTON PLACE,11216,03,08,25,56,36,3050200
766,3017940115,1,M,352 CLIFTON PLACE,11216,03,08,25,56,36,3050199
767,3017940114,1,M,350 CLIFTON PLACE,11216,03,08,25,56,36,3050198
768,3017940113,1,M,348 CLIFTON PLACE,11216,03,08,25,56,36,3050197
769,1020680046,1,M,1909 AMSTERDAM AVENUE,10032,09,13,30,71,07,1061681
770,2032390004,1,,230 WEST 193RD STREET,10463,07,13,31,86,14,2092440
771,2032390004,1,M,2663 HEATH AVENUE,10463,07,13,31,86,14,2092440
772,2032390004,1,,2661 HEATH AVENUE,10463,07,13,31,86,14,2092440
773,2032390004,1,,2667 HEATH AVENUE,10463,07,13,31,86,14,2092440
774,2032390004,1,,2660 BAILEY AVENUE,10463,07,13,31,86,14,2092440
775,2049050360,1,M,1870 SCHIEFFELIN AVENUE,10466,12,16,36,83,12,2093740
776,2049050360,1,,1860 SCHIEFFELIN AVENUE,10466,12,16,36,83,12,2093740
777,2049050360,1,,1225 EAST 225TH STREET,10466,12,16,36,83,12,2093740
778,2049050360,10,M,1871 SCHIEFFELIN PLACE,10466,12,16,36,83,12,2093749
779,2049050360,11,M,1891 SCHIEFFELIN PLACE,10466,12,16,36,83,12,2093751
780,2049050360,12,,1220 EAST 229TH STREET,10466,12,16,36,83,12,2093741
781,2049050360,2,M,1880 SCHIEFFELIN AVENUE,10466,12,16,36,83,12,2093742
782,2049050360,3,M,1890 SCHIEFFELIN AVENUE,10466,12,16,36,83,12,2093743
783,2049050360,4,M,1920 SCHIEFFELIN AVENUE,10466,12,16,36,83,12,2093745
784,2049050360,5,M,1930 SCHIEFFELIN AVENUE,10466,12,16,36,83,12,2093746
785,2049050360,6,M,1900 SCHIEFFELIN AVENUE,10466,12,16,36,83,12,2093744
786,2049050360,6,,1910 SCHIEFFELIN AVENUE,10466,12,16,36,83,12,2093744
787,2049050360,7,M,1861 SCHIEFFELIN PLACE,10466,12,16,36,83,12,2093748
788,2049050360,8,M,1881 SCHIEFFELIN PLACE,10466,12,16,36,83,12,2093750
789,2049050360,9,M,1851 SCHIEFFELIN PLACE,10466,12,16,36,83,12,2093747
790,3040290001,1,M,455 BARBEY STREET,11207,05,08,19,60,42,3323714
791,3040290001,1,M,459 BARBEY STREET,11207,05,08,19,60,42,3323714
792,3040290001,1,M,463 BARBEY STREET,11207,05,08,19,60,42,3323714
793,3040290001,2,M,418 JEROME STREET,11207,05,08,19,60,42,3323715
794,3040290001,2,M,422 JEROME STREET,11207,05,08,19,60,42,3323715
795,3040290001,2,M,426 JEROME STREET,11207,05,08,19,60,42,3323715
796,3040290001,3,M,610 BELMONT AVENUE,11207,05,08,19,60,42,3323716
797,3040290001,3,M,616 BELMONT AVENUE,11207,05,08,19,60,42,3323716
798,3021570019,,,100 SOUTH 10TH STREET,11249,01,07,18,50,34,3000000
799,3021570005,,,447 BERRY STREET,11249,01,07,18,50,34,3000000
800,3021560021,,,448 BERRY STREET,11249,01,07,18,50,34,3000000
801,3021570004,,,449 BERRY STREET,11249,01,07,18,50,34,3000000
802,3021450001,,,45 SOUTH 10TH STREET,11249,01,07,18,50,34,3000000
803,3021560022,,,450 BERRY STREET,11249,01,07,18,50,34,3000000
804,3021570003,,,451 BERRY STREET,11249,01,07,18,50,34,3000000
805,3021570002,,,453 BERRY STREET,11249,01,07,18,50,34,3000000
806,3021570001,,,455 BERRY STREET,11249,01,07,18,50,34,3000000
807,3021570020,,,462 BEDFORD AVENUE,11249,01,07,18,50,34,3000000
808,3021570021,,,464 BEDFORD AVENUE,11249,01,07,18,50,34,3000000
809,3021570022,,,466 BEDFORD AVENUE,11249,01,07,18,50,34,3000000
810,3021450036,,,49 SOUTH 10TH STREET,11249,01,07,18,50,34,3000000
811,3021450035,,,51 SOUTH 10TH STREET,11249,01,07,18,50,34,3000000
812,3021450034,,,53 SOUTH 10TH STREET,11249,01,07,18,50,34,3000000
813,3021450033,,,55 SOUTH 10TH STREET,11249,01,07,18,50,34,3000000
814,3021450032,,,57 SOUTH 10TH STREET,11249,01,07,18,50,34,3000000
815,3021450031,,,59 SOUTH 10TH STREET,11249,01,07,18,50,34,3000000
816,3021450030,,,61 SOUTH 10TH STREET,11249,01,07,18,50,34,3393826
817,3021450029,,,63 SOUTH 10TH STREET,11249,01,07,18,50,34,3000000
818,3021450028,,,65 SOUTH 10TH STREET,11249,01,07,18,50,34,3000000
819,3021450026,,,67 SOUTH 10TH STREET,11249,01,07,18,50,34,3000000
820,3021450017,,,74 SOUTH 9TH STREET,11249,01,07,18,50,34,3000000
821,,,,65A SOUTH 10TH STREET,,,,,,,
822,3021450018,1,M,440 BERRY STREET,11249,01,07,18,50,34,3341979
823,3021450018,1,,71 SOUTH 10TH STREET,11249,01,07,18,50,34,3341979
824,3021450008,2,M,46 SOUTH 9TH STREET,11249,01,07,18,50,34,3341978
825,3021450008,2,M,50 SOUTH 9TH STREET,11249,01,07,18,50,34,3427270
826,3021450008,2,M,54 SOUTH 9TH STREET,11249,01,07,18,50,34,3427271
827,3021450008,2,M,58 SOUTH 9TH STREET,11249,01,07,18,50,34,3427272
828,3021560007,3,M,46 SOUTH 10TH STREET,11249,01,07,18,50,34,3255961
829,3021560007,3,M,48 SOUTH 10TH STREET,11249,01,07,18,50,34,3255964
830,3021560007,3,M,52 SOUTH 10TH STREET,11249,01,07,18,50,34,3255965
831,3021560007,3,M,56 SOUTH 10TH STREET,11249,01,07,18,50,34,3255967
832,3021560007,3,M,60 SOUTH 10TH STREET,11249,01,07,18,50,34,3346891
833,3021560007,3,M,64 SOUTH 10TH STREET,11249,01,07,18,50,34,3346892
834,3021570006,4,M,84 SOUTH 10TH STREET,11249,01,07,18,50,34,3255977
835,3021570006,4,M,88 SOUTH 10TH STREET,11249,01,07,18,50,34,3255982
836,3021570006,4,M,92 SOUTH 10TH STREET,11249,01,07,18,50,34,3346893
837,2022690100,1,,404 BROOK AVENUE,10454,01,14,29,84,08,2090994
838,2022690100,1,,510 EAST 144TH STREET,10454,01,14,29,84,08,2090994
839,2022690100,1,M,400 BROOK AVENUE,10454,01,14,29,84,08,2090994
840,2022690100,10,M,550 EAST 144TH STREET,10454,01,14,29,84,08,2116422
841,2022690100,11,M,540 EAST 144TH STREET,10454,01,14,29,84,08,2116423
842,2022690100,12,M,530 EAST 144TH STREET,10454,01,14,29,84,08,2090990
843,2022690100,13,M,520 EAST 144TH STREET,10454,01,14,29,84,08,2116424
844,2022690100,2,M,511 EAST 143RD STREET,10454,01,14,29,84,08,2090992
845,2022690100,3,M,515 EAST 143RD STREET,10454,01,14,29,84,08,2116416
846,2022690100,4,M,525 EAST 143RD STREET,10454,01,14,29,84,08,2116417
847,2022690100,5,M,531 EAST 143RD STREET,10454,01,14,29,84,08,2116418
848,2022690100,6,M,535 EAST 143RD STREET,10454,01,14,29,84,08,2116419
849,2022690100,7,M,545 EAST 143RD STREET,10454,01,14,29,84,08,2116420
850,2022690100,8,M,551 EAST 143RD STREET,10454,01,14,29,84,08,2090993
851,2022690100,8,,555 EAST 143RD STREET,10454,01,14,29,84,08,2090993
852,2022690100,8,,401 SAINT ANNS AVENUE,10454,01,14,29,84,08,2090993
853,2022690100,9,M,560 EAST 144TH STREET,10454,01,14,29,84,08,2090991
854,2025680012,3,M,700 EAST 140TH STREET,10454,01,14,29,84,08,2091293
855,2025680012,3,,690 EAST 140TH STREET,10454,01,14,29,84,08,2091293
856,2022820057,1,M,443 EAST 137TH STREET,10454,01,14,29,84,08,2000264
857,2022820057,1,M,453 EAST 137TH STREET,10454,01,14,29,84,08,2000264
858,2022820057,1,M,455 EAST 137TH STREET,10454,01,14,29,84,08,2000264
859,2022820057,1,M,463 EAST 137TH STREET,10454,01,14,29,84,08,2000264
860,2022810010,2,,408 EAST 137TH STREET,10454,01,14,29,84,08,2091008
861,2022810010,2,M,416 EAST 137TH STREET,10454,01,14,29,84,08,2091008
862,2022710001,4,M,505 EAST 144TH STREET,10454,01,15,29,84,08,2000102
863,2022710001,4,M,509 EAST 144TH STREET,10454,01,15,29,84,08,2000102
864,2022710001,4,,511 EAST 144TH STREET,10454,01,15,29,84,08,2000102
865,2022710001,4,M,517 EAST 144TH STREET,10454,01,15,29,84,08,2000102
866,2025680012,4,M,695 EAST 139TH STREET,10454,01,14,29,84,08,2091292
867,2022810055,,,451 EAST 136TH STREET,10454,01,14,29,84,08,2000000
868,2022810010,6,M,411 EAST 136TH STREET,10454,01,14,29,84,08,2091009
869,2022710020,2,M,427 SAINT ANNS AVENUE,10454,01,15,29,84,08,2090998
870,2022710020,3,M,423 SAINT ANNS AVENUE,10454,01,15,29,84,08,2090997
871,2022870135,1,M,480 EAST 143RD STREET,10454,01,15,29,84,08,2000433
872,2022870135,1,,490 EAST 143RD STREET,10454,01,15,29,84,08,2000433
873,2022910023,2,M,433 EAST 146TH STREET,10455,01,15,29,84,08,2091087
874,2022910023,2,M,435 EAST 146TH STREET,10455,01,15,29,84,08,2091087
875,2022910023,2,M,437 EAST 146TH STREET,10455,01,15,29,84,08,2091087
876,2022910023,2,M,439 EAST 146TH STREET,10455,01,15,29,84,08,2091087
877,2022910023,2,M,441 EAST 146TH STREET,10455,01,15,29,84,08,2091087
878,2022720005,3,,513 EAST 146TH STREET,10455,01,15,29,84,08,2000103
879,2022720005,3,M,511 EAST 146TH STREET,10455,01,15,29,84,08,2000103
880,2022910023,4,M,417 EAST 146TH STREET,10455,01,15,29,84,08,2091071
881,2022910023,4,M,419 EAST 146TH STREET,10455,01,15,29,84,08,2091071
882,2022910023,4,M,421 EAST 146TH STREET,10455,01,15,29,84,08,2091071
883,2022910023,4,M,423 EAST 146TH STREET,10455,01,15,29,84,08,2091071
884,2022910023,4,M,425 EAST 146TH STREET,10455,01,15,29,84,08,2091071
885,2022910023,4,M,427 EAST 146TH STREET,10455,01,15,29,84,08,2091071
886,2022910023,4,M,429 EAST 146TH STREET,10455,01,15,29,84,08,2091071
887,2022910023,4,M,431 EAST 146TH STREET,10455,01,15,29,84,08,2091071
888,2022720038,5,,527 EAST 146TH STREET,10455,01,15,29,84,08,2093912
889,2022720038,5,M,545 EAST 146TH STREET,10455,01,15,29,84,08,2093912
890,2022720038,5,,547 EAST 146TH STREET,10455,01,15,29,84,08,2093912
891,2022720038,5,,537 EAST 146TH STREET,10455,01,15,29,84,08,2093912
892,2022720005,6,,512 EAST 146TH STREET,10455,01,15,29,84,08,2090711
893,2022720005,6,M,510 EAST 146TH STREET,10455,01,15,29,84,08,2090711
894,2022720038,7,M,530 EAST 146TH STREET,10455,01,15,29,84,08,2093913
895,2022720038,7,,528 EAST 146TH STREET,10455,01,15,29,84,08,2093913
896,2022910050,8,M,455 EAST 146TH STREET,10455,01,15,29,84,08,2000513
897,2022870026,,,450 EAST 143RD STREET,10454,01,15,29,84,08,2129390
898,2022720005,1,M,521 EAST 146TH STREET,10455,01,15,29,84,08,2090712
899,2022720005,2,M,525 EAST 146TH STREET,10455,01,15,29,84,08,2090713
900,2022720038,3,M,521 EAST 145TH STREET,10454,01,15,29,84,08,2093909
901,2022720038,3,,525 EAST 145TH STREET,10454,01,15,29,84,08,2093909
902,2022910001,1,M,400 EAST 147TH STREET,10455,01,15,29,84,08,2109608
903,2022910030,2,M,460 EAST 147TH STREET,10455,01,15,29,84,08,2000508
904,2022720119,3,M,550 EAST 147TH STREET,10455,01,15,29,84,08,2116543
905,2022910001,4,,474 WILLIS AVENUE,10455,01,15,29,84,08,2000000
906,2022720119,5,,465 SAINT ANNS AVENUE,10455,01,15,29,84,08,2093910
907,1021070059,1,,1943 AMSTERDAM AVENUE,10032,12,13,31,71,10,1062490
908,1021070059,1,M,1945 AMSTERDAM AVENUE,10032,12,13,31,71,10,1062490
909,1021070059,1,,1949 AMSTERDAM AVENUE,10032,12,13,31,71,10,1062490
910,1021070059,1,,1947 AMSTERDAM AVENUE,10032,12,13,31,71,10,1062490
911,2044310001,1,M,2440 BOSTON ROAD,10467,11,15,33,80,13,2093400
912,2044310001,1,,2430 BOSTON ROAD,10467,11,15,33,80,13,2093400
913,2044310001,2,,2424 BOSTON ROAD,10467,11,15,33,80,13,2093401
914,2052630040,1,M,3475 BIVONA STREET,10475,12,16,36,83,12,2093876
915,2052630040,1,,3485 BIVONA STREET,10475,12,16,36,83,12,2093876
916,2052630040,2,M,3555 BIVONA STREET,10475,12,16,36,83,12,2093875
917,2052630040,2,,3545 BIVONA STREET,10475,12,16,36,83,12,2093875
918,2052630040,2,,3565 BIVONA STREET,10475,12,16,36,83,12,2093875
919,2052630070,3,,3560 BIVONA STREET,10475,12,16,36,83,12,2093879
920,2052630070,3,M,3550 BIVONA STREET,10475,12,16,36,83,12,2093879
921,2052630070,3,,3540 BIVONA STREET,10475,12,16,36,83,12,2093877
922,2052630070,3,,3580 BIVONA STREET,10475,12,16,36,83,12,2093879
923,2052630070,3,,3570 BIVONA STREET,10475,12,16,36,83,12,2093879
924,2052630070,4,,2185 REEDS MILL LANE,10475,12,16,36,83,12,2093877
925,2052630070,4,M,2175 REEDS MILL LANE,10475,12,16,36,83,12,2093877
926,2052630070,5,,2185GAR REEDS MILL LANE,10475,12,16,36,83,12,2112981
927,2052630070,6,,3540 BIVONA STREET,10475,12,16,36,83,12,2093877
928,3034100033,1,M,580 CENTRAL AVENUE,11207,04,07,18,54,37,3326292
929,3032760001,10,M,140 HIMROD STREET,11221,04,07,18,53,37,3325659
930,3032760001,11,M,139 HARMAN STREET,11221,04,07,18,53,37,3325658
931,3032760001,12,M,251 CENTRAL AVENUE,11221,04,07,18,53,37,3325657
932,3032750047,13,M,270 CENTRAL AVENUE,11221,04,07,18,53,37,3074721
933,3032850049,14,M,290 CENTRAL AVENUE,11221,04,07,18,53,37,3075041
934,3032960046,15,M,310 CENTRAL AVENUE,11221,04,07,18,53,37,3075382
935,3032860001,16,M,250 WILSON AVENUE,11237,04,07,18,53,37,3325686
936,3032860001,17,M,190 HARMAN STREET,11221,04,07,18,53,37,3325688
937,3032860001,18,M,1259 GREENE AVENUE,11221,04,07,18,53,37,3325685
938,3032860001,19,M,140 HARMAN STREET,11221,04,07,18,53,37,3325687
939,3034100033,2,M,155 ELDERT STREET,11207,04,07,18,54,37,3326291
940,3032860001,20,M,1229 GREENE AVENUE,11221,04,07,18,53,37,3325684
941,3032860001,21,M,269 CENTRAL AVENUE,11221,04,07,18,53,37,3325683
942,3032970001,22,M,270 WILSON AVENUE,11237,04,07,18,53,37,3325697
943,3033320001,26,M,1201 GATES AVENUE,11221,04,07,18,54,37,3325725
944,3033320001,27,M,415 EVERGREEN AVENUE,11221,04,07,18,54,37,3325726
945,3033410001,28,M,431 EVERGREEN AVENUE,11221,04,07,18,54,37,3326139
946,3033410001,29,M,1210 GATES AVENUE,11221,04,07,18,54,37,3326140
947,3033410001,30,M,1230 GATES AVENUE,11221,04,07,18,54,37,3326141
948,3033410001,31,M,1240 GATES AVENUE,11221,04,07,18,54,37,3326142
949,3033410001,32,M,1260 GATES AVENUE,11221,04,07,18,54,37,3326137
950,3033410001,33,M,400 CENTRAL AVENUE,11221,04,07,18,54,37,3326138
951,3033410001,34,M,143 PALMETTO STREET,11221,04,07,18,54,37,3326146
952,3033410001,35,M,125 PALMETTO STREET,11221,04,07,18,54,37,3326145
953,3033410001,36,M,105 PALMETTO STREET,11221,04,07,18,54,37,3326144
954,3033410001,37,M,95 PALMETTO STREET,11221,04,07,18,54,37,3326143
955,3033590029,38,M,440 CENTRAL AVENUE,11221,04,07,18,54,37,3076768
956,3033420001,39,M,1320 GATES AVENUE,11221,04,07,18,53,37,3326150
957,3033420001,40,M,1300 GATES AVENUE,11221,04,07,18,53,37,3326149
958,3033420001,41,M,375 CENTRAL AVENUE,11221,04,07,18,53,37,3326148
959,3033420001,42,M,161 PALMETTO STREET,11221,04,07,18,53,37,3326147
960,3033510001,43,M,390 WILSON AVENUE,11221,04,07,18,53,37,3326174
961,3033510001,44,M,210 PALMETTO STREET,11221,04,07,18,53,37,3326173
962,3033510001,45,M,200 PALMETTO STREET,11221,04,07,18,53,37,3326172
963,3033510001,46,M,190 PALMETTO STREET,11221,04,07,18,53,37,3326171
964,3033510001,47,M,191 WOODBINE STREET,11221,04,07,18,53,37,3326175
965,3033510001,48,M,180 PALMETTO STREET,11221,04,07,18,53,37,3326170
966,3033510001,49,M,170 PALMETTO STREET,11221,04,07,18,53,37,3326165
967,3033510001,50,M,399 CENTRAL AVENUE,11221,04,07,18,53,37,3326169
968,3033500028,51,,420 CENTRAL AVENUE,11221,04,07,18,54,37,3076595
969,3033500028,51,,422 CENTRAL AVENUE,11221,04,07,18,54,37,3076595
970,3033340001,,,1387 GATES AVENUE,11221,04,07,18,53,37,3342119
971,3033340022,,,230 LINDEN STREET,11221,04,07,18,53,37,3000000
972,3033160001,1,M,176 MENAHAN STREET,11237,04,07,18,53,37,3075907
973,3033160001,1,M,172 MENAHAN STREET,11237,04,07,18,53,37,3075907
974,3033160001,1,M,319 WILSON AVENUE,11237,04,07,18,53,37,3075907
975,3033160001,1,M,323 WILSON AVENUE,11237,04,07,18,53,37,3075907
976,3033160001,1,M,327 WILSON AVENUE,11237,04,07,18,53,37,3075907
977,3033250001,2,M,242 GROVE STREET,11237,04,07,18,53,37,3338492
978,3033250001,2,M,238 GROVE STREET,11237,04,07,18,53,37,3338492
979,2029280028,1,M,1525 FULTON AVENUE,10457,03,15,32,79,16,2092128
980,2029280028,1,M,1531 FULTON AVENUE,10457,03,15,32,79,16,2092128
981,2029280028,1,M,1535 FULTON AVENUE,10457,03,15,32,79,16,2092128
982,2029280028,1,M,1545 FULTON AVENUE,10457,03,15,32,79,16,2092128
983,2029280028,1,M,560 CLAREMONT PARKWAY,10457,03,15,32,79,16,2092128
984,2029280028,1,M,550 CLAREMONT PARKWAY,10457,03,15,32,79,16,2092128
985,2029280028,1,M,544 CLAREMONT PARKWAY,10457,03,15,32,79,16,2092128
986,2029280028,2,M,3820 3RD AVENUE,10457,03,15,32,79,16,2092127
987,2029280028,2,M,3812 3RD AVENUE,10457,03,15,32,79,16,2092127
988,2029280028,2,M,3808 3RD AVENUE,10457,03,15,32,79,16,2092127
989,2029280028,2,M,3804 3RD AVENUE,10457,03,15,32,79,16,2092127
990,2029280028,2,M,3800 3RD AVENUE,10457,03,15,32,79,16,2092127
991,2029310086,3,M,1325 FRANKLIN AVENUE,10456,03,15,32,79,16,2009713
992,2029310086,3,,1315 FRANKLIN AVENUE,10456,03,15,32,79,16,2009713
993,3013810013,1,M,1634 STERLING PLACE,11233,08,09,20,55,41,3036910
994,3013570068,2,M,1367 SAINT MARKS AVENUE,11233,08,08,20,55,41,3035983
995,2026800019,1,M,1150 UNION AVENUE,10459,03,15,32,79,17,2005038
996,2026800019,1,,1152 UNION AVENUE,10459,03,15,32,79,17,2005038
997,2026800019,1,M,818 HOME STREET,10459,03,15,32,79,17,2005038
998,2026800019,1,,1221 PROSPECT AVENUE,10459,03,15,32,79,17,2005038
999,2026200036,1,,907 EAGLE AVENUE,10456,03,15,32,79,17,2004383
1000,2026200036,1,M,905 EAGLE AVENUE,10456,03,15,32,79,17,2004383
1001,2030620021,1,M,2111 LAFONTAINE AVENUE,10457,06,15,32,86,15,2011855
1002,2030620021,1,,2110 MONTEREY AVENUE,10457,06,15,32,86,15,2011855
1003,2030620021,1,,2125 LAFONTAINE AVENUE,10457,06,15,32,86,15,2011855
1004,2030620021,1,,2100 MONTEREY AVENUE,10457,06,15,32,86,15,2011855
1005,2030620021,1,M,558 EAST 181ST STREET,10457,06,15,32,86,15,2011855
1006,2030620021,1,,554 EAST 181ST STREET,10457,06,15,32,86,15,2011855
1007,2030620021,1,,560 EAST 181ST STREET,10457,06,15,32,86,15,2011855
1008,2030620021,1,,2120 MONTEREY AVENUE,10457,06,15,32,86,15,2011855
1009,2030620006,2,,2120 QUARRY ROAD,10457,06,15,32,86,15,2011852
1010,,,,1161 ADEE AVENUE,10469,11,15,36,83,12,
1011,2045810001,1,,1130 BURKE AVENUE,10469,11,15,36,83,12,2093490
1012,2045810001,1,M,1134 BURKE AVENUE,10469,11,15,36,83,12,2093490
1013,2045810001,1,M,1140 BURKE AVENUE,10469,11,15,36,83,12,2093490
1014,2045810001,10,,3016 YATES AVENUE,10469,11,15,36,83,12,2093503
1015,2045810001,10,M,3020 YATES AVENUE,10469,11,15,36,83,12,2093503
1016,2045810001,10,M,3010 YATES AVENUE,10469,11,15,36,83,12,2093503
1017,2045810001,2,M,1160 BURKE AVENUE,10469,11,15,36,83,12,2093496
1018,2045810001,2,M,1166 BURKE AVENUE,10469,11,15,36,83,12,2093497
1019,2045810001,2,,1170 BURKE AVENUE,10469,11,15,36,83,12,2093497
1020,2045810001,3,M,1210 BURKE AVENUE,10469,11,15,36,83,12,2093498
1021,2045810001,3,M,1216 BURKE AVENUE,10469,11,15,36,83,12,2093499
1022,2045810001,3,,1220 BURKE AVENUE,10469,11,15,36,83,12,2093499
1023,2045810001,4,M,1236 BURKE AVENUE,10469,11,15,36,83,12,2093500
1024,2045810001,4,,1230 BURKE AVENUE,10469,11,15,36,83,12,2093500
1025,,,,1895 SCHIEFFELIN AVENUE,10466,12,16,36,83,12,
1026,2049050001,1,M,1180 GRENADA PLACE,10466,12,16,36,83,12,2093739
1027,2049050001,1,M,1186 GRENADA PLACE,10466,12,16,36,83,12,2093739
1028,2049050001,10,M,1166 GRENADA PLACE,10466,12,16,36,83,12,2094149
1029,2049050001,10,M,1160 GRENADA PLACE,10466,12,16,36,83,12,2094149
1030,2049050001,11,M,1137 229TH DRIVE NORTH,10466,12,16,36,83,12,2094143
1031,2049050001,11,M,1139 229TH DRIVE NORTH,10466,12,16,36,83,12,2094143
1032,2049050001,12,M,1125 229TH DRIVE NORTH,10466,12,16,36,83,12,2094148
1033,2049050001,12,M,1127 229TH DRIVE NORTH,10466,12,16,36,83,12,2094148
1034,2049050001,13,M,1107 EAST 229TH STREET,10466,12,16,36,83,12,2094146
1035,2049050001,13,M,1111 EAST 229TH STREET,10466,12,16,36,83,12,2094146
1036,2049050001,14,M,1135 EAST 229TH STREET,10466,12,16,36,83,12,2094147
1037,2049050001,14,,1126 229TH DRIVE NORTH,10466,12,16,36,83,12,2094147
1038,2049050001,15,M,1141 EAST 229TH STREET,10466,12,16,36,83,12,2094151
1039,2049050001,16,,1146 229TH DRIVE NORTH,10466,12,16,36,83,12,2094152
1040,2049050001,16,M,1151 EAST 229TH STREET,10466,12,16,36,83,12,2094152
1041,2049050001,16,,1145 EAST 229TH STREET,10466,12,16,36,83,12,2094152
1042,2049050001,17,M,1165 EAST 229TH STREET,10466,12,16,36,83,12,2094153
1043,2049050001,18,M,1175 EAST 229TH STREET,10466,12,16,36,83,12,2094154
1044,2049050001,19,M,1189 229TH DRIVE NORTH,10466,12,16,36,83,12,2094155
1045,2049050001,19,M,1195 EAST 229TH STREET,10466,12,16,36,83,12,2094155
1046,2049050001,2,M,3881 BAYCHESTER AVENUE,10466,12,16,36,83,12,2094142
1047,2049050001,2,M,3885 BAYCHESTER AVENUE,10466,12,16,36,83,12,2094142
1048,2049050003,20,M,1170 229TH DRIVE SOUTH,10466,12,16,36,83,12,2094150
1049,2049050003,21,,1135 229TH DRIVE SOUTH,10466,12,16,36,83,12,2094157
1050,2049050003,21,M,1153 229TH DRIVE SOUTH,10466,12,16,36,83,12,2094157
1051,2049050003,21,M,1155 229TH DRIVE SOUTH,10466,12,16,36,83,12,2094157
1052,2049050003,22,,1130 229TH DRIVE SOUTH,10466,12,16,36,83,12,2094156
1053,2049050003,22,M,1132 229TH DRIVE SOUTH,10466,12,16,36,83,12,2094156
1054,2049050003,23,M,1128 EAST 229TH STREET,10466,12,16,36,83,12,2094158
1055,2049050003,23,M,1120 EAST 229TH STREET,10466,12,16,36,83,12,2094158
1056,2049050003,24,M,4044 LACONIA AVENUE,10466,12,16,36,83,12,2094161
1057,2049050003,24,M,4040 LACONIA AVENUE,10466,12,16,36,83,12,2094161
1058,2049050003,25,M,4056 LACONIA AVENUE,10466,12,16,36,83,12,2094162
1059,2049050003,25,M,4064 LACONIA AVENUE,10466,12,16,36,83,12,2094162
1060,2049050003,26,M,4020 LACONIA AVENUE,10466,12,16,36,83,12,2094159
1061,2049050003,26,M,4024 LACONIA AVENUE,10466,12,16,36,83,12,2094159
1062,2049050003,27,M,4034 LACONIA AVENUE,10466,12,16,36,83,12,2094160
1063,2049050003,27,M,4030 LACONIA AVENUE,10466,12,16,36,83,12,2094160
1064,2049050003,28,M,1138 229TH DRIVE SOUTH,10466,12,16,36,83,12,2097991
1065,2049050003,29,M,1154 229TH DRIVE SOUTH,10466,12,16,36,83,12,2094168
1066,2049050001,3,M,3861 BAYCHESTER AVENUE,10466,12,16,36,83,12,2094141
1067,2049050001,3,M,3865 BAYCHESTER AVENUE,10466,12,16,36,83,12,2094141
1068,3048180136,1,M,752 FENIMORE STREET,11203,09,09,20,43,40,3107388
1069,3048180027,10,M,730 FENIMORE STREET,11203,09,09,20,43,40,3107349
1070,3048180026,11,M,728 FENIMORE STREET,11203,09,09,20,43,40,3107348
1071,3048180025,12,M,726 FENIMORE STREET,11203,09,09,20,43,40,3107347
1072,3013300007,13,M,334 LEFFERTS AVENUE,11225,09,09,20,43,40,3035394
1073,3013300008,14,M,336 LEFFERTS AVENUE,11225,09,09,20,43,40,3035395
1074,3013300009,15,M,338 LEFFERTS AVENUE,11225,09,09,20,43,40,3035396
1075,3013300010,16,M,340 LEFFERTS AVENUE,11225,09,09,20,43,40,3035397
1076,3013300011,17,M,342 LEFFERTS AVENUE,11225,09,09,20,43,40,3035398
1077,3013300012,18,M,344 LEFFERTS AVENUE,11225,09,09,20,43,40,3035399
1078,3048180135,2,M,750 FENIMORE STREET,11203,09,09,20,43,40,3107387
1079,3048180134,3,M,748 FENIMORE STREET,11203,09,09,20,43,40,3107386
1080,3048180133,4,M,746 FENIMORE STREET,11203,09,09,20,43,40,3107385
1081,3048180033,5,M,742 FENIMORE STREET,11203,09,09,20,43,40,3107354
1082,3048180031,6,M,740 FENIMORE STREET,11203,09,09,20,43,40,3107353
1083,3037240027,,,260 BRADFORD STREET,11207,05,08,19,54,42,3000000
1084,3037250001,10,M,320 MILLER AVENUE,11207,05,08,19,54,42,3327009
1085,3039930001,11,M,2211 PITKIN AVENUE,11207,05,08,19,54,42,3328463
1086,3039930001,12,M,2215 PITKIN AVENUE,11207,05,08,19,54,42,3328464
1087,3039930001,13,M,2221 PITKIN AVENUE,11207,05,08,19,54,42,3328465
1088,3039930001,13,M,2219 PITKIN AVENUE,11207,05,08,19,54,42,3328465
1089,3037240029,6,M,2155 PITKIN AVENUE,11207,05,08,19,54,42,3336980
1090,3037240029,7,M,2165 PITKIN AVENUE,11207,05,08,19,54,42,3336981
1091,3037250001,8,,2185 PITKIN AVENUE,11207,05,08,19,54,42,3327012
1092,3037250001,8,M,2189 PITKIN AVENUE,11207,05,08,19,54,42,3327012
1093,3037250001,8,M,2181 PITKIN AVENUE,11207,05,08,19,54,42,3327012
1094,3037250001,9,,330 MILLER AVENUE,11207,05,08,19,54,42,3327011
1095,3037250001,9,M,340 MILLER AVENUE,11207,05,08,19,54,42,3327011
1096,2032610102,1,M,3340 BAILEY AVENUE,10463,08,13,31,81,14,2086835
1097,2032610102,1,,3350 BAILEY AVENUE,10463,08,13,31,81,14,2086835
1098,2032610102,1,,3355 FORT INDEPENDENCE STREET,10463,08,13,31,81,14,2086835
1099,2032610102,1,M,3353 FORT INDEPENDENCE STREET,10463,08,13,31,81,14,2086835
1100,1021360235,1,M,99 FORT WASHINGTON AVENUE,10032,12,13,31,71,10,1063346
1101,1021360235,1,M,99 FORT WASHINGTON AVENUE,10032,12,13,31,71,10,1063346
1102,2029310070,10,M,1373 FRANKLIN AVENUE,10456,03,15,32,79,16,2009707
1103,2029310070,10,,1375 FRANKLIN AVENUE,10456,03,15,32,79,16,2009707
1104,2029310066,8,,1383 FRANKLIN AVENUE,10456,03,15,32,79,16,2009705
1105,2029310066,8,M,1381 FRANKLIN AVENUE,10456,03,15,32,79,16,2009705
1106,2029310068,9,M,1377 FRANKLIN AVENUE,10456,03,15,32,79,16,2009706
1107,2029310068,9,,1379 FRANKLIN AVENUE,10456,03,15,32,79,16,2009706
1108,,,,1385 FRANKLIN AVENUE,10456,03,15,32,79,16,
1109,2029350007,4,M,1394 FRANKLIN AVENUE,10456,03,15,32,79,17,2009767
1110,2029350005,5,M,1392 FRANKLIN AVENUE,10456,03,15,32,79,17,2009766
1111,2029350030,7,M,631 JEFFERSON PLACE,10456,03,15,32,79,17,2009780
1112,1019250015,1,M,182 SAINT NICHOLAS AVENUE,10026,10,13,30,70,09,1058446
1113,1020370011,1,M,229 WEST 152ND STREET,10039,10,13,30,71,09,1084157
1114,1020370011,1,M,225 WEST 152ND STREET,10039,10,13,30,71,09,1084157
1115,1020370011,1,M,221 WEST 152ND STREET,10039,10,13,30,71,09,1084157
1116,1020370011,1,M,210T WEST 153RD STREET,10039,10,13,30,71,09,1084157
1117,1020370011,1,M,210S WEST 153RD STREET,10039,10,13,30,71,09,1084157
1118,1020370011,1,M,210R WEST 153RD STREET,10039,10,13,30,71,09,1084157
1119,1020370011,1,M,210Q WEST 153RD STREET,10039,10,13,30,71,09,1084157
1120,1020370011,1,M,70 MACOMBS PLACE,10039,10,13,30,71,09,1084157
1121,1020370011,2,M,210P WEST 153RD STREET,10039,10,13,30,71,09,1086095
1122,1020370011,2,M,210N WEST 153RD STREET,10039,10,13,30,71,09,1086095
1123,1020370011,2,M,210M WEST 153RD STREET,10039,10,13,30,71,09,1086095
1124,1020370011,2,M,210L WEST 153RD STREET,10039,10,13,30,71,09,1086095
1125,1020370011,2,M,210K WEST 153RD STREET,10039,10,13,30,71,09,1086095
1126,1020370011,2,,2650 A C POWELL BOULEVARD,10039,10,13,30,71,09,1086095
1127,1020370011,3,M,211J WEST 151ST STREET,10039,10,13,30,71,09,1084155
1128,1020370011,3,M,211H WEST 151ST STREET,10039,10,13,30,71,09,1084155
1129,1020370011,3,,2628 A C POWELL BOULEVARD,10039,10,13,30,71,09,1084155
1130,1020370011,3,,2630 A C POWELL BOULEVARD,10039,10,13,30,71,09,1084155
1131,1020370011,3,,2632 A C POWELL BOULEVARD,10039,10,13,30,71,09,1084155
1132,1020370011,3,M,211G WEST 151ST STREET,10039,10,13,30,71,09,1084155
1133,1020370011,3,M,211F WEST 151ST STREET,10039,10,13,30,71,09,1084155
1134,1020370011,3,,2624 A C POWELL BOULEVARD,10039,10,13,30,71,09,1084155
1135,1020370011,3,,2620 A C POWELL BOULEVARD,10039,10,13,30,71,09,1084155
1136,1020370011,3,,2626 A C POWELL BOULEVARD,10039,10,13,30,71,09,1084155
1137,1020370011,3,,2622 A C POWELL BOULEVARD,10039,10,13,30,71,09,1084155
1138,1020370011,3,M,211E WEST 151ST STREET,10039,10,13,30,71,09,1084155
1139,1020370011,3,,207 WEST 151ST STREET,10039,10,13,30,71,09,1084155
1140,1020370011,4,M,211D WEST 151ST STREET,10039,10,13,30,71,09,1084154
1141,1020370011,4,M,211C WEST 151ST STREET,10039,10,13,30,71,09,1084154
1142,1020370011,4,M,211B WEST 151ST STREET,10039,10,13,30,71,09,1084154
1143,1020370011,4,M,211A WEST 151ST STREET,10039,10,13,30,71,09,1084154
1144,1020370011,4,M,220 WEST 152ND STREET,10039,10,13,30,71,09,1084154
1145,1020370011,4,,224 WEST 152ND STREET,10039,10,13,30,71,09,1084154
1146,1020370011,4,M,226 WEST 152ND STREET,10039,10,13,30,71,09,1084154
1147,1020370011,5,,231 WEST 151ST STREET,10039,10,13,30,71,09,1084153
1148,1020370011,5,M,234 WEST 152ND STREET,10039,10,13,30,71,09,1084153
1149,1020370011,5,,54 MACOMBS PLACE,10039,10,13,30,71,09,1084153
1150,1020370011,5,,58 1/2 MACOMBS PLACE,10039,10,13,30,71,09,1084153
1151,1020370001,8,,295 WEST 151ST STREET,10039,10,13,30,71,09,1060604
1152,1020370005,8,,293 WEST 151ST STREET,10039,10,13,30,71,09,1060605
1153,1020370005,8,,291 WEST 151ST STREET,10039,10,13,30,71,09,1060605
1154,1020370001,8,M,2850 FREDERICK DOUGLASS BOULEVARD,10039,10,13,30,71,09,1060604
1155,2028690116,1,M,1930 HARRISON AVENUE,10453,05,13,33,86,14,2008606
1156,2028690077,1,M,1886 HARRISON AVENUE,10453,05,13,33,86,14,2008603
1157,2028690110,2,M,1920 HARRISON AVENUE,10453,05,13,33,86,14,2008605
1158,2028680144,3,M,1925 HARRISON AVENUE,10453,05,13,31,86,14,2008557
1159,2028690122,4,M,1934 HARRISON AVENUE,10453,05,13,33,86,14,2008607
1160,2025090018,1,M,1085 ANDERSON AVENUE,10452,04,15,29,77,16,2003149
1161,2025140020,2,M,130 WEST 166TH STREET,10452,04,15,29,77,16,2003258
1162,2025140015,3,M,134 WEST 166TH STREET,10452,04,15,29,77,16,2003257
1163,2025140077,4,M,125 WEST 166TH STREET,10452,04,15,29,77,16,2003279
1164,2025140073,,,1125 NELSON AVENUE,10452,04,15,29,77,16,2000000
1165,2025140072,,,1127 NELSON AVENUE,10452,04,15,29,77,16,2000000
1166,2025140070,,,1135 NELSON AVENUE,10452,04,15,29,77,16,2000000
1167,2025150006,1,,1182 NELSON AVENUE,10452,04,15,29,77,16,2003283
1168,2025150006,1,M,1184 NELSON AVENUE,10452,04,15,29,77,16,2003283
1169,2025130050,2,M,1144 NELSON AVENUE,10452,04,15,29,77,16,2003251
1170,2025140067,3,M,1139 NELSON AVENUE,10452,04,15,29,77,16,2003274
1171,3033150001,1,,331 CENTRAL AVENUE,11221,04,07,18,53,37,3075906
1172,3033150001,1,M,120 MENAHAN STREET,11221,04,07,18,53,37,3075906
1173,3033150001,2,M,140 MENAHAN STREET,11221,04,07,18,53,37,3394310
1174,3033150001,3,M,160 MENAHAN STREET,11221,04,07,18,53,37,3342263
1175,3033150001,3,,314 WILSON AVENUE,11237,04,07,18,53,37,3342263
1176,3033240019,4,M,330 WILSON AVENUE,11221,04,07,18,53,37,3076116
1177,3033240019,4,,195 LINDEN STREET,11221,04,07,18,53,37,3076116
1178,,5,,ADDRESS IS NOT AVAILABLE,,,,,,,
1179,3035110013,,,43 TAPSCOTT STREET,11212,16,09,25,55,41,3000000
1180,3035120051,1,M,32 GRAFTON STREET,11212,16,08,25,55,41,3080900
1181,3035120051,1,M,36 GRAFTON STREET,11212,16,08,25,55,41,3080900
1182,3035120051,1,M,40 GRAFTON STREET,11212,16,08,25,55,41,3080900
1183,3035120051,1,M,44 GRAFTON STREET,11212,16,08,25,55,41,3080900
1184,3035120051,1,M,48 GRAFTON STREET,11212,16,08,25,55,41,3080900
1185,3035120021,2,,575 HOWARD AVENUE,11212,16,08,25,55,41,3326464
1186,3035120021,2,,571 HOWARD AVENUE,11212,16,08,25,55,41,3326464
1187,3035120021,2,,579 HOWARD AVENUE,11212,16,08,25,55,41,3326464
1188,3035120021,2,M,583 HOWARD AVENUE,11212,16,08,25,55,41,3326464
1189,3035120021,2,M,587 HOWARD AVENUE,11212,16,08,25,55,41,3326464
1190,3035120021,2,M,591 HOWARD AVENUE,11212,16,08,25,55,41,3326464
1191,3035120021,2,M,595 HOWARD AVENUE,11212,16,08,25,55,41,3326464
1192,3035120021,2,M,599 HOWARD AVENUE,11212,16,08,25,55,41,3326464
1193,3035120021,2,M,603 HOWARD AVENUE,11212,16,08,25,55,41,3326464
1194,3035120021,2,M,607 HOWARD AVENUE,11212,16,08,25,55,41,3326464
1195,3035120021,2,M,611 HOWARD AVENUE,11212,16,08,25,55,41,3326464
1196,3035110022,3,M,574 HOWARD AVENUE,11212,16,09,25,55,41,3326462
1197,3014710055,,,1481 EASTERN PARKWAY,11233,16,09,25,55,41,3039465
1198,3014710053,,,1483 EASTERN PARKWAY,11233,16,09,25,55,41,3039464
1199,3014710053,,,1485 EASTERN PARKWAY,11233,16,09,25,55,41,3039464
1200,,,,1695 SAINT JOHNS PLACE,11233,16,09,25,55,41,
1201,,,,1697 SAINT JOHNS PLACE,11233,16,09,25,55,41,
1202,,,,1701 SAINT JOHNS PLACE,11233,16,09,25,55,41,
1203,3014700048,,,1703 SAINT JOHNS PLACE,11233,16,09,25,55,41,3000000
1204,3014700024,,,1738 STERLING PLACE,11233,16,09,25,55,41,3000000
1205,3014700025,,,1740 STERLING PLACE,11233,16,09,25,55,41,3039431
1206,3014710061,,,1747 SAINT JOHNS PLACE,11233,16,09,25,55,41,3000000
1207,3014710059,,,1749 SAINT JOHNS PLACE,11233,16,09,25,55,41,3348347
1208,3014710059,,,1751 SAINT JOHNS PLACE,11233,16,09,25,55,41,3348347
1209,3014710059,,,1753 SAINT JOHNS PLACE,11233,16,09,25,55,41,3348347
1210,3014710057,,,1755 SAINT JOHNS PLACE,11233,16,09,25,55,41,3348348
1211,3014710057,,,1757 SAINT JOHNS PLACE,11233,16,09,25,55,41,3348348
1212,,,,1758 STERLING PLACE,11233,16,09,25,55,41,
1213,3014660042,,,486 HOWARD AVENUE,11233,16,09,25,55,41,3000000
1214,3014660043,,,488 HOWARD AVENUE,11233,16,09,25,55,41,3000000
1215,3014660044,,,490 HOWARD AVENUE,11233,16,09,25,55,41,3332073
1216,3014660045,,,492 HOWARD AVENUE,11233,16,09,25,55,41,3332074
1217,3014700037,,,500 HOWARD AVENUE,11233,16,09,25,55,41,3000000
1218,3014700038,,,502 HOWARD AVENUE,11233,16,09,25,55,41,3000000
1219,,,,514 HOWARD AVENUE,11233,16,09,25,55,41,
1220,,,,,,,,,,,
1221,3014660049,1,M,1761 STERLING PLACE,11233,16,09,25,55,41,3424875
1222,3014660049,1,M,1761A STERLING PLACE,11233,16,09,25,55,41,3424875
1223,3014660049,1,M,1761B STERLING PLACE,11233,16,09,25,55,41,3039386
1224,3014660047,1,M,1763 STERLING PLACE,11233,16,09,25,55,41,3427324
1225,3014660047,1,M,1763A STERLING PLACE,11233,16,09,25,55,41,3427324
1226,3014660047,1,M,1763B STERLING PLACE,11233,16,09,25,55,41,3427324
1227,3014660047,1,M,1765 STERLING PLACE,11233,16,09,25,55,41,3427325
1228,3014660047,1,M,1765A STERLING PLACE,11233,16,09,25,55,41,3427325
1229,3014660047,1,M,1765B STERLING PLACE,11233,16,09,25,55,41,3427325
1230,3014660047,1,M,1767 STERLING PLACE,11233,16,09,25,55,41,3427326
1231,3014660047,1,M,1767A STERLING PLACE,11233,16,09,25,55,41,3427326
1232,3014660047,1,,1767B STERLING PLACE,11233,16,09,25,55,41,3427326
1233,3014660049,1,,496 HOWARD AVENUE,11233,16,09,25,55,41,3039386
1234,3014660049,1,,494 HOWARD AVENUE,11233,16,09,25,55,41,3039386
1235,3014700033,2,M,1766 STERLING PLACE,11233,16,09,25,55,41,3348335
1236,3021720001,1,,83 TAYLOR STREET,11249,01,07,18,50,34,3334990
1237,3021720001,1,M,85 TAYLOR STREET,11249,01,07,18,50,34,3334990
1238,3021720001,2,,128 CLYMER STREET,11249,01,07,18,50,34,3334991
1239,3021720001,2,M,130 CLYMER STREET,11249,01,07,18,50,34,3334991
1240,3021720001,3,,140 CLYMER STREET,11249,01,07,18,50,34,3334989
1241,3021720001,3,,123 TAYLOR STREET,11249,01,07,18,50,34,3334989
1242,3021720001,3,M,125 TAYLOR STREET,11249,01,07,18,50,34,3334989
1243,3021720001,3,,119 TAYLOR STREET,11249,01,07,18,50,34,3334989
1244,3021760001,4,,119 WILSON STREET,11249,01,07,18,50,34,3059905
1245,3021760001,4,,114 TAYLOR STREET,11249,01,07,18,50,34,3059905
1246,3021760001,4,M,121 WILSON STREET,11249,01,07,18,50,34,3059905
1247,3021760001,5,,97 WILSON STREET,11249,01,07,18,50,34,3341986
1248,3021760001,5,,110 TAYLOR STREET,11249,01,07,18,50,34,3341989
1249,3021760001,5,,95 WILSON STREET,11249,01,07,18,50,34,3341986
1250,3021760001,5,M,99 WILSON STREET,11249,01,07,18,50,34,3341986
1251,3021760001,6,M,75 WILSON STREET,11249,01,07,18,50,34,3341987
1252,3021760001,6,,73 WILSON STREET,11249,01,07,18,50,34,3341987
1253,3046710007,1,M,1142 LENOX ROAD,11212,17,09,19,58,41,3101906
1254,3046720001,2,M,1144 LENOX ROAD,11212,17,09,19,55,41,3101952
1255,3046520045,3,M,1145 LENOX ROAD,11212,17,09,19,55,41,3101290
1256,3043710001,1,M,570 STANLEY AVENUE,11207,05,08,19,60,42,3324019
1257,3043930001,10,M,190 WORTMAN AVENUE,11207,05,08,19,60,42,3337067
1258,3043930001,11,M,240 WORTMAN AVENUE,11207,05,08,19,60,42,3337068
1259,3043930001,12,M,250 WORTMAN AVENUE,11207,05,08,19,60,42,3337069
1260,3043930001,13,M,245 COZINE AVENUE,11207,05,08,19,60,42,3337065
1261,3043930001,14,M,215 COZINE AVENUE,11207,05,08,19,60,42,3337062
1262,3043930001,14,,213 COZINE AVENUE,11207,05,08,19,60,42,3337062
1263,3043930001,14,,217 COZINE AVENUE,11207,05,08,19,60,42,3337062
1264,3043930001,15,M,195 COZINE AVENUE,11207,05,08,19,60,42,3337061
1265,3043970001,16,M,270 WORTMAN AVENUE,11207,05,08,19,60,42,3324281
1266,3043970001,17,M,300 WORTMAN AVENUE,11207,05,08,19,60,42,3324284
1267,3043970001,18,M,295 COZINE AVENUE,11207,05,08,19,60,42,3324283
1268,3043970001,19,M,285 COZINE AVENUE,11207,05,08,19,60,42,3324282
1269,3043710001,2,M,580 STANLEY AVENUE,11207,05,08,19,60,42,3324020
1270,3043750050,20,,696 STANLEY AVENUE,11207,05,08,19,60,42,3396477
1271,3043750050,21,,670 STANLEY AVENUE,11207,05,08,19,60,42,3412949
1272,3043710001,3,M,630 STANLEY AVENUE,11207,05,08,19,60,42,3324015
1273,3043710001,4,M,640 STANLEY AVENUE,11207,05,08,19,60,42,3324018
1274,3043710001,5,,247 WORTMAN AVENUE,11207,05,08,19,60,42,3324016
1275,3043710001,5,,912 VAN SICLEN AVENUE,11207,05,08,19,60,42,3324016
1276,3043710001,5,M,245 WORTMAN AVENUE,11207,05,08,19,60,42,3324016
1277,3043710001,5,,243 WORTMAN AVENUE,11207,05,08,19,60,42,3324016
1278,1019840001,1,,549 WEST 126TH STREET,10027,09,13,30,70,07,1084125
1279,1019840001,1,,555 WEST 126TH STREET,10027,09,13,30,70,07,1084125
1280,1019840001,1,M,545 WEST 126TH STREET,10027,09,13,30,70,07,1084125
1281,1019840001,2,,3240 BROADWAY,10027,09,13,30,70,07,1084124
1282,1019840001,2,M,3250 BROADWAY,10027,09,13,30,70,07,1084124
1283,1019840001,3,,1414 AMSTERDAM AVENUE,10027,09,13,30,70,07,1084127
1284,1019840001,3,M,1420 AMSTERDAM AVENUE,10027,09,13,30,70,07,1084127
1285,1019840001,4,M,1430 AMSTERDAM AVENUE,10027,09,13,30,70,07,1084128
1286,1019840001,5,M,1470 AMSTERDAM AVENUE,10027,09,13,30,70,07,1084129
1287,1019840001,6,,530 WEST 133RD STREET,10027,09,13,30,70,07,1084130
1288,1019840001,6,M,95 OLD BROADWAY,10027,09,13,30,70,07,1084130
1289,1019880020,1,M,515 WEST 134TH STREET,10031,09,13,30,70,07,1059758
1290,1019880022,2,M,511 WEST 134TH STREET,10031,09,13,30,70,07,1059760
1291,1019880031,3,M,1504 AMSTERDAM AVENUE,10031,09,13,30,70,07,1059765
1292,1019870017,1,M,529 WEST 133RD STREET,10027,09,13,30,70,07,1079738
1293,1019870017,2,M,514 WEST 134TH STREET,10031,09,13,30,70,07,1079741
1294,3017980020,1,M,534 GREENE AVENUE,11216,03,08,25,56,36,3426328
1295,3017980020,1,M,528 GREENE AVENUE,11216,03,08,25,56,36,3426329
1296,3017980020,1,M,524 GREENE AVENUE,11216,03,08,25,56,36,3392441
1297,3017980020,1,M,518 GREENE AVENUE,11216,03,08,25,56,36,3392441
1298,3017980020,2,,325 LEXINGTON AVENUE,11216,03,08,25,56,36,3394299
1299,3017980020,2,M,323 LEXINGTON AVENUE,11216,03,08,25,56,36,3394299
1300,3017980020,2,,327 LEXINGTON AVENUE,11216,03,08,25,56,36,3426330
1301,3017980020,2,M,329 LEXINGTON AVENUE,11216,03,08,25,56,36,3426330
1302,3017980020,2,M,331 LEXINGTON AVENUE,11216,03,08,25,56,36,3426331
1303,3017980005,,,303 NOSTRAND AVENUE,11216,03,08,25,56,36,3000000
1304,3017980077,,,305 LEXINGTON AVENUE,11216,03,08,25,56,36,3343342
1305,3017980004,,,305 NOSTRAND AVENUE,11216,03,08,25,56,36,3000000
1306,3017980003,,,307 NOSTRAND AVENUE,11216,03,08,25,56,36,3000000
1307,3017980002,,,309 NOSTRAND AVENUE,11216,03,08,25,56,36,3000000
1308,3017980007,,,492 GREENE AVENUE,11216,03,08,25,56,36,3000000
1309,3017980008,,,494 GREENE AVENUE,11216,03,08,25,56,36,3000000
1310,3017980009,,,496 GREENE AVENUE,11216,03,08,25,56,36,3000000
1311,3017980077,3,M,311 LEXINGTON AVENUE,11216,03,08,25,56,36,3343342
1312,3017980077,3,M,313 LEXINGTON AVENUE,11216,03,08,25,56,36,3343342
1313,3017980077,3,M,315 LEXINGTON AVENUE,11216,03,08,25,56,36,3426333
1314,3017980077,3,M,317 LEXINGTON AVENUE,11216,03,08,25,56,36,3426333
1315,3017980077,3,M,319 LEXINGTON AVENUE,11216,03,08,25,56,36,3426334
1316,1021160033,1,,1968 AMSTERDAM AVENUE,10032,12,13,31,71,10,1076742
1317,1021160033,1,M,1970 AMSTERDAM AVENUE,10032,12,13,31,71,10,1076742
1318,2041710024,1,,3031 MIDDLETOWN ROAD,10461,10,14,34,82,13,2046141
1319,2041710024,1,M,3033 MIDDLETOWN ROAD,10461,10,14,34,82,13,2046141
1320,2041710024,1,,3035 MIDDLETOWN ROAD,10461,10,14,34,82,13,2046141
1321,2029440001,1,M,1805 CROTONA AVENUE,10457,06,15,32,79,15,2092142
1322,2029440001,1,,1807 CROTONA AVENUE,10457,06,15,32,79,15,2092142
1323,2029440001,2,,1811 CROTONA AVENUE,10457,06,15,32,79,15,2092141
1324,2029440001,2,,615 CROTONA PARK NORTH,10457,06,15,32,79,15,2092141
1325,2029440001,2,M,611 CROTONA PARK NORTH,10457,06,15,32,79,15,2092141
1326,2029440001,2,,601 CROTONA PARK NORTH,10457,06,15,32,79,15,2092141
1327,4160020001,1,M,54-81 ALMEDA AVENUE,11692,14,05,10,31,31,4436447
1328,4160010002,10,M,51-11 ALMEDA AVENUE,11691,14,05,10,31,31,4436442
1329,4160010002,11,M,409 BEACH 51ST STREET,11691,14,05,10,31,31,4436436
1330,4160010002,12,M,51-24 BEACH CHANNEL DRIVE,11691,14,05,10,31,31,4436440
1331,4160010002,13,M,51-32 BEACH CHANNEL DRIVE,11691,14,05,10,31,31,4436441
1332,4160010002,14,M,410 BEACH 54TH STREET,11692,14,05,10,31,31,4436438
1333,4160020001,15,M,411 BEACH 54TH STREET,11692,14,05,10,31,31,4440393
1334,4160020001,16,M,54-22 BEACH CHANNEL DRIVE,11692,14,05,10,31,31,4436451
1335,3014310037,1,M,2041 PACIFIC STREET,11233,16,08,25,55,41,3038518
1336,3014310043,2,M,334 HOWARD AVENUE,11233,16,08,25,55,41,3038520
1337,3014310043,2,,336 HOWARD AVENUE,11233,16,08,25,55,41,3038520
1338,3014310039,3,M,324 HOWARD AVENUE,11233,16,08,25,55,41,3038519
1339,3014390010,4,M,2020 PACIFIC STREET,11233,16,08,25,55,41,3038674
1340,3014390001,5,M,2065 DEAN STREET,11233,16,08,25,55,41,3038671
1341,3033400020,1,M,85 PALMETTO STREET,11221,04,07,18,54,37,3076429
1342,1017710059,1,M,120 EAST 123RD STREET,10035,11,13,30,68,09,1054420
1343,1017710010,2,M,115 EAST 122ND STREET,10035,11,13,30,68,09,1054411
1344,1017710065,3,,114 EAST 123RD STREET,10035,11,13,30,68,09,1087851
1345,1017710065,3,,116 EAST 123RD STREET,10035,11,13,30,68,09,1087851
1346,3013730034,1,M,1468 PARK PLACE,11213,08,09,20,55,36,3036563
1347,3043690001,1,,895 PENNSYLVANIA AVENUE,11207,05,08,19,60,42,3324011
1348,3043690001,1,,879 PENNSYLVANIA AVENUE,11207,05,08,19,60,42,3324011
1349,3043690001,1,,881 PENNSYLVANIA AVENUE,11207,05,08,19,60,42,3324011
1350,3043690001,1,M,875 PENNSYLVANIA AVENUE,11207,05,08,19,60,42,3324011
1351,3043690001,1,,877 PENNSYLVANIA AVENUE,11207,05,08,19,60,42,3324011
1352,3043690001,2,M,155 WORTMAN AVENUE,11207,05,08,19,60,42,3324014
1353,3043690001,3,M,920 VERMONT STREET,11207,05,08,19,60,42,3324013
1354,3043690011,4,,520 STANLEY AVENUE,11207,05,08,19,60,42,3324010
1355,3043690011,4,,530 STANLEY AVENUE,11207,05,08,19,60,42,3324010
1356,1020080013,1,M,120 WEST 140TH STREET,10030,10,13,30,70,09,1060054
1357,1020080013,1,M,120 WEST 140TH STREET,10030,10,13,30,70,09,1060054
1358,3035080034,,,1180 EAST NEW YORK AVENUE,11212,16,09,25,55,41,3000000
1359,3035080036,,,1186 EAST NEW YORK AVENUE,11212,16,09,25,55,41,3000000
1360,3035080041,,,662 RALPH AVENUE,11212,16,09,25,55,41,3080788
1361,3035080038,1,M,1196 EAST NEW YORK AVENUE,11212,16,09,25,55,41,3080787
1362,3035080042,2,M,672 RALPH AVENUE,11212,16,09,25,55,41,3080789
1363,3035080046,3,M,682 RALPH AVENUE,11212,16,09,25,55,41,3080790
1364,3035080050,4,M,692 RALPH AVENUE,11212,16,09,25,55,41,3080791
1365,3035080054,5,M,698 RALPH AVENUE,11212,16,09,25,55,41,3080792
1366,3047950016,1,,681 MAPLE STREET,11203,09,09,20,43,40,3106612
1367,3047950016,1,,720 EAST NEW YORK AVENUE,11203,09,09,20,43,40,3106612
1368,3047950016,1,,722 EAST NEW YORK AVENUE,11203,09,09,20,43,40,3106612
1369,3047950016,1,M,728 EAST NEW YORK AVENUE,11203,09,09,20,43,40,3106612
1370,3047950016,1,,730 EAST NEW YORK AVENUE,11203,09,09,20,43,40,3106612
1371,3047950016,1,,726 EAST NEW YORK AVENUE,11203,09,09,20,43,40,3106612
1372,3045940064,1,M,955 RUTLAND ROAD,11212,17,09,19,58,41,3099358
1373,2035930001,1,M,1710 LAFAYETTE AVENUE,10473,09,14,34,85,18,2092700
1374,2035930001,2,M,750 CROES AVENUE,10473,09,14,34,85,18,2092699
1375,2035930001,3,M,710 CROES AVENUE,10473,09,14,34,85,18,2092698
1376,2035930001,4,M,715 NOBLE AVENUE,10473,09,14,34,85,18,2092701
1377,2035940001,5,M,710 NOBLE AVENUE,10473,09,14,34,85,18,2021985
1378,2035940001,5,,712 NOBLE AVENUE,10473,09,14,34,85,18,2021985
1379,2035980017,6,M,740 BEACH AVENUE,10473,09,14,34,85,18,2092707
1380,2035980017,7,M,1810 LAFAYETTE AVENUE,10473,09,14,34,85,18,2092706
1381,2035930001,8,,717GAR NOBLE AVENUE,10473,09,14,34,85,18,2112991
1382,1020120023,,,111 WEST 143RD STREET,10030,10,13,30,71,09,1000000
1383,1020120023,,,113 WEST 143RD STREET,10030,10,13,30,71,09,1000000
1384,1020070044,,,114 WEST 139TH STREET,10030,10,13,30,70,09,1000000
1385,1020110008,,,155 WEST 142ND STREET,10030,10,13,30,71,09,1000000
1386,1020120009,,,155 WEST 143RD STREET,10030,10,13,30,71,09,1000000
1387,1020110007,,,157 WEST 142ND STREET,10030,10,13,30,71,09,1000000
1388,1020120009,,,157 WEST 143RD STREET,10030,10,13,30,71,09,1000000
1389,1020130026,1,M,109 WEST 144TH STREET,10030,10,13,30,71,09,1060169
1390,1020150005,10,M,164 WEST 147TH STREET,10039,10,13,30,71,09,1079768
1391,1020150005,10,,2537 A C POWELL BOULEVARD,10039,10,13,30,71,09,1079768
1392,1020150005,11,M,2533 A C POWELL BOULEVARD,10039,10,13,30,71,09,1079767
1393,1020150005,12,M,2529 A C POWELL BOULEVARD,10039,10,13,30,71,09,1079766
1394,1020150005,13,M,2525 A C POWELL BOULEVARD,10039,10,13,30,71,09,1079765
1395,1020120061,14,M,164 WEST 144TH STREET,10030,10,13,30,71,09,1060155
1396,1020120061,14,,2477 A C POWELL BOULEVARD,10030,10,13,30,71,09,1060155
1397,1020120063,15,M,2473 A C POWELL BOULEVARD,10030,10,13,30,71,09,1060156
1398,1020120064,16,M,2469 A C POWELL BOULEVARD,10030,10,13,30,71,09,1060157
1399,1020120003,17,M,2465 A C POWELL BOULEVARD,10030,10,13,30,71,09,1060129
1400,1020120001,18,,2461 A C POWELL BOULEVARD,10030,10,13,30,71,09,1060128
1401,1020120001,18,M,167 WEST 143RD STREET,10030,10,13,30,71,09,1060128
1402,1020120006,19,M,163 WEST 143RD STREET,10030,10,13,30,71,09,1060130
1403,1020130024,2,M,113 WEST 144TH STREET,10030,10,13,30,71,09,1060168
1404,1020120008,20,M,159 WEST 143RD STREET,10030,10,13,30,71,09,1060131
1405,1020120011,21,M,151 WEST 143RD STREET,10030,10,13,30,71,09,1060132
1406,1020120014,22,M,145 WEST 143RD STREET,10030,10,13,30,71,09,1060133
1407,1020120015,23,M,143 WEST 143RD STREET,10030,10,13,30,71,09,1060134
1408,1020120018,24,M,135 WEST 143RD STREET,10030,10,13,30,71,09,1060136
1409,1020120020,25,M,131 WEST 143RD STREET,10030,10,13,30,71,09,1060137
1410,1020110033,26,M,649 MALCOLM X BOULEVARD,10037,10,13,30,71,09,1060117
1411,1020110031,27,M,645 MALCOLM X BOULEVARD,10037,10,13,30,71,09,1060116
1412,1020110022,28,M,129 WEST 142ND STREET,10030,10,13,30,71,09,1060111
1413,1020110015,29,M,141 WEST 142ND STREET,10030,10,13,30,71,09,1060107
1414,1020090004,39,M,2405 A C POWELL BOULEVARD,10030,10,13,30,70,09,1060060
1415,1020090003,40,M,2403 A C POWELL BOULEVARD,10030,10,13,30,70,09,1060059
1416,1020090001,41,,2401 A C POWELL BOULEVARD,10030,10,13,30,70,09,1060058
1417,1020090001,41,M,173 WEST 140TH STREET,10030,10,13,30,70,09,1060058
1418,1020070057,42,M,138 WEST 139TH STREET,10030,10,13,30,70,09,1060048
1419,1020070056,43,M,136 WEST 139TH STREET,10030,10,13,30,70,09,1060047
1420,1020070042,46,M,110 WEST 139TH STREET,10030,10,13,30,70,09,1060037
1421,1020110009,47,M,151 WEST 142ND STREET,10030,10,13,30,71,09,1076698
1422,1020110009,47,,153 WEST 142ND STREET,10030,10,13,30,71,09,1076698
1423,2026260001,1,M,845 CAULDWELL AVENUE,10456,01,15,32,79,17,2091326
1424,2026260001,1,M,851 CAULDWELL AVENUE,10456,01,15,32,79,17,2091326
1425,2026260001,1,M,855 CAULDWELL AVENUE,10456,01,15,32,79,17,2091326
1426,2026260001,1,M,861 CAULDWELL AVENUE,10456,01,15,32,79,17,2091326
1427,2026260001,1,M,865 CAULDWELL AVENUE,10456,01,15,32,79,17,2091326
1428,2026260001,2,M,821 CAULDWELL AVENUE,10456,01,15,32,79,17,2091325
1429,2026960005,1,M,839 REV JAMES A POLITE AVENUE,10459,02,14,32,85,17,2092000
1430,2026960005,1,M,845 REV JAMES A POLITE AVENUE,10459,02,14,32,85,17,2092000
1431,2026960005,1,M,851 REV JAMES A POLITE AVENUE,10459,02,14,32,85,17,2092000
1432,2026960005,1,M,857 REV JAMES A POLITE AVENUE,10459,02,14,32,85,17,2092000
1433,2026960005,1,M,863 REV JAMES A POLITE AVENUE,10459,02,14,32,85,17,2092000
1434,2026960005,1,M,869 REV JAMES A POLITE AVENUE,10459,02,14,32,85,17,2092000
1435,2026960005,1,M,875 REV JAMES A POLITE AVENUE,10459,02,14,32,85,17,2092000
1436,2026960005,1,M,881 REV JAMES A POLITE AVENUE,10459,02,14,32,85,17,2092000
1437,2026960005,2,M,820 HEWITT PLACE,10459,02,14,32,85,17,2092001
1438,2026960005,2,M,826 HEWITT PLACE,10459,02,14,32,85,17,2092001
1439,2026960005,2,M,832 HEWITT PLACE,10459,02,14,32,85,17,2092001
1440,2026960005,2,M,840 HEWITT PLACE,10459,02,14,32,85,17,2092001
1441,2026960005,2,M,846 HEWITT PLACE,10459,02,14,32,85,17,2092001
1442,2026960005,2,M,852 HEWITT PLACE,10459,02,14,32,85,17,2092001
1443,3013790052,,,1487 SAINT JOHNS PLACE,11213,08,09,20,55,36,3036873
1444,3013790063,1,M,1483 SAINT JOHNS PLACE,11213,08,09,20,55,36,3036877
1445,3013790055,2,M,1491 SAINT JOHNS PLACE,11213,08,09,20,55,36,3036875
1446,3013790031,3,M,1506 STERLING PLACE,11213,08,09,20,55,36,3036861
1447,3013730054,4,M,1511 STERLING PLACE,11213,08,09,20,55,36,3036569
1448,3013810018,5,M,1640 STERLING PLACE,11233,08,09,20,55,41,3036911
1449,3013790008,1,M,1448 STERLING PLACE,11213,08,09,20,55,36,3036855
1450,3013790011,2,M,1452 STERLING PLACE,11213,08,09,20,55,36,3036856
1451,3013800025,3,M,1568 STERLING PLACE,11213,08,09,20,55,36,3036888
1452,3013800028,4,M,1578 STERLING PLACE,11213,08,09,20,55,36,3036889
1453,3013800031,5,M,1588 STERLING PLACE,11213,08,09,20,55,36,3036890
1454,3013800034,6,M,1598 STERLING PLACE,11213,08,09,20,55,36,3036891
1455,3013750002,7,M,225 BUFFALO AVENUE,11213,08,09,20,55,41,3036630
1456,3035100016,,,2041 UNION STREET,11212,16,09,25,55,41,3000000
1457,3035100007,,,2063 UNION STREET,11212,16,09,25,55,41,3000000
1458,3035100006,,,2067 UNION STREET,11212,16,09,25,55,41,3000000
1459,3035100001,1,M,2069 UNION STREET,11212,16,09,25,55,41,3080820
1460,3035100001,1,,2079 UNION STREET,11212,16,09,25,55,41,3080820
1461,3035100011,2,M,2045 UNION STREET,11212,16,09,25,55,41,3080825
1462,3035100011,2,,2055 UNION STREET,11212,16,09,25,55,41,3080825
1463,3035090059,3,,2068 UNION STREET,11212,16,09,25,55,41,3080818
1464,3035090059,3,M,2058 UNION STREET,11212,16,09,25,55,41,3080818
1465,3035490036,,,182 TAPSCOTT STREET,11212,16,09,19,55,41,3423994
1466,,,,188 TAPSCOTT STREET,11212,16,09,19,55,41,
1467,3035490039,,,190 TAPSCOTT STREET,11212,16,09,19,55,41,3081472
1468,3035490041,,,194 TAPSCOTT STREET,11212,16,09,19,55,41,3000000
1469,3035340001,1,M,725 HOWARD AVENUE,11212,16,08,25,55,41,3081227
1470,3035500034,2,,738 HOWARD AVENUE,11212,16,09,19,55,41,3081484
1471,3035500034,2,M,728 HOWARD AVENUE,11212,16,09,19,55,41,3081484
1472,3035490033,3,M,170 TAPSCOTT STREET,11212,16,09,19,55,41,3081471
1473,3035500016,4,,185 TAPSCOTT STREET,11212,16,09,19,55,41,3081483
1474,3035500016,4,M,175 TAPSCOTT STREET,11212,16,09,19,55,41,3081483
1475,3035490036,5,M,184 TAPSCOTT STREET,11212,16,09,19,55,41,3423994
1476,3035500011,6,,197 TAPSCOTT STREET,11212,16,09,19,55,41,3081482
1477,3035500011,6,M,187 TAPSCOTT STREET,11212,16,09,19,55,41,3081482
1478,3035490039,7,M,192 TAPSCOTT STREET,11212,16,09,19,55,41,3081472
1479,3035500006,8,,209 TAPSCOTT STREET,11212,16,09,19,55,41,3081481
1480,3035500006,8,M,199 TAPSCOTT STREET,11212,16,09,19,55,41,3081481
1481,,,,N/A OAKLAND PLACE,,,,,,,
1482,2030940014,1,M,2070 CLINTON AVENUE,10457,06,15,32,79,15,2012652
1483,2031430167,,,2251 WEBSTER AVENUE,10457,05,15,33,86,15,2000000
1484,2031430206,,,2273 WEBSTER AVENUE,10457,05,15,33,86,15,2000000
1485,2031437501,,,2291 WEBSTER AVENUE,10458,05,15,33,86,15,2000000
1486,2031437501,,,2303 WEBSTER AVENUE,10458,05,15,33,86,15,2000000
1487,2031437501,,,371 EAST 183RD STREET,10458,05,15,33,86,15,2130369
1488,2031430206,,,380 EAST 183RD STREET,10458,05,15,33,86,15,2000000
1489,2031430167,,,386 FORD STREET,10457,05,15,33,86,15,2000000
1490,2031437501,,,390 EAST 184TH STREET,10458,05,15,33,86,15,2000000
1491,2031437501,,,394 EAST 184TH STREET,10458,05,15,33,86,15,2000000
1492,2031430155,1,M,"365 FORD STREET, WING D",10457,05,15,33,86,15,2092394
1493,2026780001,1,M,950 UNION AVENUE,10459,03,15,32,79,17,2005015
1494,2026800013,1,M,1135 PROSPECT AVENUE,10459,03,15,32,79,17,2091990
1495,2026800013,2,M,819 EAST 167TH STREET,10459,03,15,32,79,17,2091991
1496,2026800013,2,M,817 EAST 167TH STREET,10459,03,15,32,79,17,2091991
1497,2026800013,2,M,815 EAST 167TH STREET,10459,03,15,32,79,17,2091991
1498,2026800013,2,M,813 EAST 167TH STREET,10459,03,15,32,79,17,2091991
1499,2026800013,2,M,811 EAST 167TH STREET,10459,03,15,32,79,17,2091991
1500,2026800001,3,M,1104 UNION AVENUE,10459,03,15,32,79,17,2091986
1501,2026800001,3,M,1102 UNION AVENUE,10459,03,15,32,79,17,2091986
1502,2026800001,3,M,1100 UNION AVENUE,10459,03,15,32,79,17,2091986
1503,2026800001,3,M,1098 UNION AVENUE,10459,03,15,32,79,17,2091986
1504,2026800001,3,M,1096 UNION AVENUE,10459,03,15,32,79,17,2091986
1505,2026800001,4,M,815 EAST 166TH STREET,10459,03,15,32,79,17,2091985
1506,2026800001,4,M,817 EAST 166TH STREET,10459,03,15,32,79,17,2091985
1507,2026800001,4,M,819 EAST 166TH STREET,10459,03,15,32,79,17,2091985
1508,2026800001,5,M,822 EAST 167TH STREET,10459,03,15,32,79,17,2091983
1509,2026800001,5,M,820 EAST 167TH STREET,10459,03,15,32,79,17,2091983
1510,2026800001,5,M,818 EAST 167TH STREET,10459,03,15,32,79,17,2091983
1511,2026800001,6,M,1111 PROSPECT AVENUE,10459,03,15,32,79,17,2091984
1512,2026800001,6,M,1113 PROSPECT AVENUE,10459,03,15,32,79,17,2091984
1513,2026800001,6,M,1115 PROSPECT AVENUE,10459,03,15,32,79,17,2091984
1514,2028790032,,,1921 UNIVERSITY AVENUE,10453,05,13,31,86,14,2000000
1515,2028790043,1,M,1865 UNIVERSITY AVENUE,10453,05,13,31,86,14,2009058
1516,2028790041,2,M,1875 UNIVERSITY AVENUE,10453,05,13,31,86,14,2009057
1517,2028790033,3,M,1895 UNIVERSITY AVENUE,10453,05,13,31,86,14,2009055
1518,2028790030,4,M,1925 UNIVERSITY AVENUE,10453,05,13,31,86,14,2009054
1519,2028790030,4,M,1927 UNIVERSITY AVENUE,10453,05,13,31,86,14,2009054
1520,1021320047,1,M,501 WEST 176TH STREET,10033,12,13,31,72,10,1063193
1521,1021320047,1,,2340 AMSTERDAM AVENUE,10033,12,13,31,72,10,1063193
1522,1021320047,1,,2346 AMSTERDAM AVENUE,10033,12,13,31,72,10,1063193
1523,1021320047,1,M,500 WEST 177TH STREET,10033,12,13,31,72,10,1063193
1524,1021320110,2,M,503 WEST 177TH STREET,10033,12,13,31,72,10,1063213
1525,1021320114,3,M,511 WEST 177TH STREET,10033,12,13,31,72,10,1063215
1526,1021320100,4,,514 WEST 177TH STREET,10033,12,13,31,72,10,1063209
1527,1021320100,4,M,506 WEST 177TH STREET,10033,12,13,31,72,10,1063209
1528,1021320094,5,M,509 WEST 176TH STREET,10033,12,13,31,72,10,1063207
1529,1021100071,2,M,450 WEST 164TH STREET,10032,12,13,31,72,10,1062623
1530,1021110038,3,M,457 WEST 164TH STREET,10032,12,13,31,72,10,1062639
1531,1021110040,4,M,461 WEST 164TH STREET,10032,12,13,31,72,10,1062640
1532,1021110041,5,M,463 WEST 164TH STREET,10032,12,13,31,72,10,1062641
1533,1021110042,6,M,465 WEST 164TH STREET,10032,12,13,31,72,10,1062642
1534,1021210051,7,M,500 WEST 164TH STREET,10032,12,13,31,72,10,1062903
1535,1021110006,8,,2111 AMSTERDAM AVENUE,10032,12,13,31,72,10,1062631
1536,1021110005,8,M,2109 AMSTERDAM AVENUE,10032,12,13,31,72,10,1062630
1537,1021150060,1,M,545 WEST 156TH STREET,10032,12,13,31,71,10,1062726
1538,1021320106,1,M,502 WEST 177TH STREET,10033,12,13,31,72,10,1063212
1539,1021320084,2,M,506 WEST 176TH STREET,10033,12,13,31,72,10,1063203
1540,1021320082,3,M,510 WEST 176TH STREET,10033,12,13,31,72,10,1063202
1541,1021320080,4,M,514 WEST 176TH STREET,10033,12,13,31,72,10,1063201
1542,3013410001,1,M,1625 DEAN STREET,11213,08,09,20,56,36,3324581
1543,3013410001,1,M,1615 DEAN STREET,11213,08,09,20,56,36,3324581
1544,3013410001,1,M,1605 DEAN STREET,11213,08,09,20,56,36,3324581
1545,3013410001,1,M,1595 DEAN STREET,11213,08,09,20,56,36,3324581
1546,3013410001,1,M,1585 DEAN STREET,11213,08,09,20,56,36,3324581
1547,5001960001,1,M,820 HENDERSON AVENUE,10310,01,11,23,61,49,5095813
1548,5001960001,17,,778GAR HENDERSON AVENUE,10310,01,11,23,61,49,5146063
1549,5001960001,2,M,806 HENDERSON AVENUE,10310,01,11,23,61,49,5095814
1550,5001960001,3,M,780 HENDERSON AVENUE,10310,01,11,23,61,49,5095815
1551,5001960001,4,,770 HENDERSON AVENUE,10310,01,11,23,61,49,5095816
1552,5001960001,4,M,778 HENDERSON AVENUE,10310,01,11,23,61,49,5095816
1553,5001960001,4,,210 BROADWAY,10310,01,11,23,61,49,5095816
1554,5001960001,5,M,810 HENDERSON AVENUE,10310,01,11,23,61,49,5095817
1555,5001960001,5,,814 HENDERSON AVENUE,10310,01,11,23,61,49,5095817
1556,5001960001,6,M,240 BROADWAY,10310,01,11,23,61,49,5095818
1557,5001960001,6,,230 BROADWAY,10310,01,11,23,61,49,5095818
1558,5001960001,7,M,1077 CASTLETON AVENUE,10310,01,11,23,61,49,5095819
1559,5001960001,8,M,1075 CASTLETON AVENUE,10310,01,11,23,61,49,5095820
1560,5001960001,10,M,157 ALASKA STREET,10310,01,11,23,61,49,5095822
1561,5001960001,11,M,155 ALASKA STREET,10310,01,11,23,61,49,5136037
1562,5001960001,12,M,1115 CASTLETON AVENUE,10310,01,11,23,61,49,5095824
1563,5001960001,13,M,1085 CASTLETON AVENUE,10310,01,11,23,61,49,5095825
1564,5001960001,13,,1083 CASTLETON AVENUE,10310,01,11,23,61,49,5095825
1565,5001960001,14,M,1065 CASTLETON AVENUE,10310,01,11,23,61,49,5095826
1566,5001960001,15,M,260 BROADWAY,10310,01,11,23,61,49,5095827
1567,5001960001,16,M,244 BROADWAY,10310,01,11,23,61,49,5095828
1568,5001960001,9,M,159 ALASKA STREET,10310,01,11,23,61,49,5095821
1569,3021400026,1,,327 ROEBLING STREET,11211,01,07,18,50,34,3341975
1570,3021400026,1,M,325 ROEBLING STREET,11211,01,07,18,50,34,3341975
1571,3021400026,1,,333 ROEBLING STREET,11211,01,07,18,50,34,3341975
1572,3021400026,1,,323 ROEBLING STREET,11211,01,07,18,50,34,3341975
1573,3021400026,1,,321 ROEBLING STREET,11211,01,07,18,50,34,3341975
1574,3021400026,2,M,195 DIVISION AVENUE,11211,01,07,18,50,34,3251681
1575,3021410019,3,M,255 HAVEMEYER STREET,11211,01,07,18,50,34,3341976
1576,3021410019,3,,253 HAVEMEYER STREET,11211,01,07,18,50,34,3341976
1577,3030250070,,,139 SCHOLES STREET,11206,01,07,18,53,34,3070826
1578,3030240001,1,M,87 TEN EYCK WALK,11206,01,07,18,53,34,3327883
1579,3030240001,1,,174 LEONARD STREET,11206,01,07,18,53,34,3327883
1580,3030240001,1,M,89 TEN EYCK WALK,11206,01,07,18,53,34,3327883
1581,3030240001,1,,178 LEONARD STREET,11206,01,07,18,53,34,3327883
1582,3030240001,1,,176 LEONARD STREET,11206,01,07,18,53,34,3327883
1583,3030240001,1,M,92 MAUJER STREET,11206,01,07,18,53,34,3327883
1584,3030240001,1,M,90 MAUJER STREET,11206,01,07,18,53,34,3327883
1585,3030240001,1,M,94 MAUJER STREET,11206,01,07,18,53,34,3327883
1586,3030240001,1,M,91 TEN EYCK WALK,11206,01,07,18,53,34,3327883
1587,3030240001,1,M,93 TEN EYCK WALK,11206,01,07,18,53,34,3327883
1588,3030240001,1,M,95 TEN EYCK WALK,11206,01,07,18,53,34,3327883
1589,3030260001,10,M,183 TEN EYCK WALK,11206,01,07,18,53,34,3327889
1590,3030260001,10,M,180 MAUJER STREET,11206,01,07,18,53,34,3327889
1591,3030260001,10,,176 MAUJER STREET,11206,01,07,18,53,34,3327889
1592,3030260001,10,M,178 MAUJER STREET,11206,01,07,18,53,34,3327889
1593,3030260001,10,M,182 MAUJER STREET,11206,01,07,18,53,34,3327889
1594,3030260001,10,M,184 MAUJER STREET,11206,01,07,18,53,34,3327889
1595,3030260001,10,M,185 TEN EYCK WALK,11206,01,07,18,53,34,3327889
1596,3030260001,10,M,187 TEN EYCK WALK,11206,01,07,18,53,34,3327889
1597,3030260001,11,M,164 TEN EYCK WALK,11206,01,07,18,53,34,3344971
1598,3030260001,11,,222 GRAHAM AVENUE,11206,01,07,18,53,34,3344971
1599,3030260001,11,M,166 TEN EYCK WALK,11206,01,07,18,53,34,3344971
1600,3030260001,11,M,168 TEN EYCK WALK,11206,01,07,18,53,34,3344971
1601,3030260001,11,M,169 STAGG WALK,11206,01,07,18,53,34,3344971
1602,3030260001,11,M,181 STAGG WALK,11206,01,07,18,53,34,3344971
1603,3030260001,12,M,186 TEN EYCK WALK,11206,01,07,18,53,34,3327888
1604,3030260001,12,M,188 TEN EYCK WALK,11206,01,07,18,53,34,3327888
1605,3030260001,12,M,190 TEN EYCK WALK,11206,01,07,18,53,34,3327888
1606,3030260001,12,M,197 STAGG WALK,11206,01,07,18,53,34,3327888
1607,3030260001,12,M,199 STAGG WALK,11206,01,07,18,53,34,3327888
1608,3030260001,13,,210 GRAHAM AVENUE,11206,01,07,18,53,34,3344974
1609,3030260001,13,M,160 STAGG WALK,11206,01,07,18,53,34,3344974
1610,3030260001,13,,212 GRAHAM AVENUE,11206,01,07,18,53,34,3344974
1611,3030260001,13,,214 GRAHAM AVENUE,11206,01,07,18,53,34,3344974
1612,3030260001,13,,202 GRAHAM AVENUE,11206,01,07,18,53,34,3344974
1613,3030260001,13,M,165 SCHOLES STREET,11206,01,07,18,53,34,3344974
1614,3030260001,13,M,163 SCHOLES STREET,11206,01,07,18,53,34,3344974
1615,3030260001,13,,208 GRAHAM AVENUE,11206,01,07,18,53,34,3344974
1616,3030260001,13,,206 GRAHAM AVENUE,11206,01,07,18,53,34,3344974
1617,3030260001,13,,204 GRAHAM AVENUE,11206,01,07,18,53,34,3344974
1618,3030260001,13,M,161 SCHOLES STREET,11206,01,07,18,53,34,3344974
1619,3030260001,13,,159 SCHOLES STREET,11206,01,07,18,53,34,3344974
1620,3030260001,13,M,167 SCHOLES STREET,11206,01,07,18,53,34,3344974
1621,3030260001,13,M,169 SCHOLES STREET,11206,01,07,18,53,34,3344974
1622,1012210007,1,M,117 WEST 90TH STREET,10024,07,12,47,69,06,1077128
1623,1012210007,1,,111 WEST 90TH STREET,10024,07,12,47,69,06,1077128
1624,1012210007,1,,114 WEST 91ST STREET,10024,07,12,47,69,06,1077128
1625,1012210007,1,,124 WEST 91ST STREET,10024,07,12,47,69,06,1077128
1626,1012210007,1,M,120 WEST 91ST STREET,10024,07,12,47,69,06,1077128
1627,1012210007,2,M,133 WEST 90TH STREET,10024,07,12,47,69,06,1077129
1628,1012210007,2,M,136 WEST 91ST STREET,10024,07,12,47,69,06,1077129
1629,1012210007,3,,141 WEST 90TH STREET,10024,07,12,47,69,06,1077130
1630,2031300100,1,,2021 BOSTON ROAD,10460,06,15,32,87,15,2013245
1631,2031300100,1,,1012 EAST 178TH STREET,10460,06,15,32,87,15,2013245
1632,2031300100,1,,1030 EAST 178TH STREET,10460,06,15,32,87,15,2013245
1633,2031300100,1,M,1010 EAST 178TH STREET,10460,06,15,32,87,15,2013245
1634,3035320030,1,,114 TAPSCOTT STREET,11212,16,09,25,55,41,3081191
1635,3035320030,1,M,104 TAPSCOTT STREET,11212,16,09,25,55,41,3081191
1636,1016830018,1,M,335 EAST 111TH STREET,10029,11,13,29,68,08,1052877
1637,,1,M,344 EAST 28TH STREET,10016,06,12,59,74,02,
1638,1009330025,1,,344GAR EAST 28TH STREET,10016,06,12,59,74,02,1020611
1639,1009330025,1,,342 EAST 28TH STREET,10016,06,12,59,74,02,1020611
1640,1009330025,1,,346 EAST 28TH STREET,10016,06,12,59,74,02,1020611
1641,1009330025,1,,340 EAST 28TH STREET,10016,06,12,59,74,02,1020611
1642,,,,590 WARREN STREET,11217,06,10,26,52,39,
1643,3004010001,1,M,572 WARREN STREET,11217,06,10,26,52,39,3006388
1644,3004010001,1,,568 WARREN STREET,11217,06,10,26,52,39,3006388
1645,3004010001,1,,565 BALTIC STREET,11217,06,10,26,52,39,3006388
1646,3004010001,1,M,574 WARREN STREET,11217,06,10,26,52,39,3006388
1647,,2,,590 WARREN STREET -TEMPORARY ADDRESS,,,,,,,
1648,3017940181,,,513 GREENE AVENUE,11216,03,08,25,56,36,3000000
1649,3017940120,1,M,362 CLIFTON PLACE,11216,03,08,25,56,36,3050204
1650,3017940119,1,M,360 CLIFTON PLACE,11216,03,08,25,56,36,3050203
1651,3017940118,1,M,358 CLIFTON PLACE,11216,03,08,25,56,36,3050202
1652,3017940117,1,M,356 CLIFTON PLACE,11216,03,08,25,56,36,3050201
1653,3017940116,1,M,354 CLIFTON PLACE,11216,03,08,25,56,36,3050200
1654,3017940115,1,M,352 CLIFTON PLACE,11216,03,08,25,56,36,3050199
1655,3017940114,1,M,350 CLIFTON PLACE,11216,03,08,25,56,36,3050198
1656,3017940113,1,M,348 CLIFTON PLACE,11216,03,08,25,56,36,3050197
1657,1020680046,1,M,1909 AMSTERDAM AVENUE,10032,09,13,30,71,07,1061681
1658,2032390004,1,,230 WEST 193RD STREET,10463,07,13,31,86,14,2092440
1659,2032390004,1,M,2663 HEATH AVENUE,10463,07,13,31,86,14,2092440
1660,2032390004,1,,2661 HEATH AVENUE,10463,07,13,31,86,14,2092440
1661,2032390004,1,,2667 HEATH AVENUE,10463,07,13,31,86,14,2092440
1662,2032390004,1,,2660 BAILEY AVENUE,10463,07,13,31,86,14,2092440
1663,2049050360,1,M,1870 SCHIEFFELIN AVENUE,10466,12,16,36,83,12,2093740
1664,2049050360,1,,1860 SCHIEFFELIN AVENUE,10466,12,16,36,83,12,2093740
1665,2049050360,1,,1225 EAST 225TH STREET,10466,12,16,36,83,12,2093740
1666,2049050360,10,M,1871 SCHIEFFELIN PLACE,10466,12,16,36,83,12,2093749
1667,2049050360,11,M,1891 SCHIEFFELIN PLACE,10466,12,16,36,83,12,2093751
1668,2049050360,12,,1220 EAST 229TH STREET,10466,12,16,36,83,12,2093741
1669,2049050360,2,M,1880 SCHIEFFELIN AVENUE,10466,12,16,36,83,12,2093742
1670,2049050360,3,M,1890 SCHIEFFELIN AVENUE,10466,12,16,36,83,12,2093743
1671,2049050360,4,M,1920 SCHIEFFELIN AVENUE,10466,12,16,36,83,12,2093745
1672,2049050360,5,M,1930 SCHIEFFELIN AVENUE,10466,12,16,36,83,12,2093746
1673,2049050360,6,M,1900 SCHIEFFELIN AVENUE,10466,12,16,36,83,12,2093744
1674,2049050360,6,,1910 SCHIEFFELIN AVENUE,10466,12,16,36,83,12,2093744
1675,2049050360,7,M,1861 SCHIEFFELIN PLACE,10466,12,16,36,83,12,2093748
1676,2049050360,8,M,1881 SCHIEFFELIN PLACE,10466,12,16,36,83,12,2093750
1677,2049050360,9,M,1851 SCHIEFFELIN PLACE,10466,12,16,36,83,12,2093747
1678,3040290001,1,M,455 BARBEY STREET,11207,05,08,19,60,42,3323714
1679,3040290001,1,M,459 BARBEY STREET,11207,05,08,19,60,42,3323714
1680,3040290001,1,M,463 BARBEY STREET,11207,05,08,19,60,42,3323714
1681,3040290001,2,M,418 JEROME STREET,11207,05,08,19,60,42,3323715
1682,3040290001,2,M,422 JEROME STREET,11207,05,08,19,60,42,3323715
1683,3040290001,2,M,426 JEROME STREET,11207,05,08,19,60,42,3323715
1684,3040290001,3,M,610 BELMONT AVENUE,11207,05,08,19,60,42,3323716
1685,3040290001,3,M,616 BELMONT AVENUE,11207,05,08,19,60,42,3323716
1686,3021570019,,,100 SOUTH 10TH STREET,11249,01,07,18,50,34,3000000
1687,3021570005,,,447 BERRY STREET,11249,01,07,18,50,34,3000000
1688,3021560021,,,448 BERRY STREET,11249,01,07,18,50,34,3000000
1689,3021570004,,,449 BERRY STREET,11249,01,07,18,50,34,3000000
1690,3021450001,,,45 SOUTH 10TH STREET,11249,01,07,18,50,34,3000000
1691,3021560022,,,450 BERRY STREET,11249,01,07,18,50,34,3000000
1692,3021570003,,,451 BERRY STREET,11249,01,07,18,50,34,3000000
1693,3021570002,,,453 BERRY STREET,11249,01,07,18,50,34,3000000
1694,3021570001,,,455 BERRY STREET,11249,01,07,18,50,34,3000000
1695,3021570020,,,462 BEDFORD AVENUE,11249,01,07,18,50,34,3000000
1696,3021570021,,,464 BEDFORD AVENUE,11249,01,07,18,50,34,3000000
1697,3021570022,,,466 BEDFORD AVENUE,11249,01,07,18,50,34,3000000
1698,3021450036,,,49 SOUTH 10TH STREET,11249,01,07,18,50,34,3000000
1699,3021450035,,,51 SOUTH 10TH STREET,11249,01,07,18,50,34,3000000
1700,3021450034,,,53 SOUTH 10TH STREET,11249,01,07,18,50,34,3000000
1701,3021450033,,,55 SOUTH 10TH STREET,11249,01,07,18,50,34,3000000
1702,3021450032,,,57 SOUTH 10TH STREET,11249,01,07,18,50,34,3000000
1703,3021450031,,,59 SOUTH 10TH STREET,11249,01,07,18,50,34,3000000
1704,3021450030,,,61 SOUTH 10TH STREET,11249,01,07,18,50,34,3393826
1705,3021450029,,,63 SOUTH 10TH STREET,11249,01,07,18,50,34,3000000
1706,3021450028,,,65 SOUTH 10TH STREET,11249,01,07,18,50,34,3000000
1707,3021450026,,,67 SOUTH 10TH STREET,11249,01,07,18,50,34,3000000
1708,3021450017,,,74 SOUTH 9TH STREET,11249,01,07,18,50,34,3000000
1709,,,,65A SOUTH 10TH STREET,,,,,,,
1710,3021450018,1,M,440 BERRY STREET,11249,01,07,18,50,34,3341979
1711,3021450018,1,,71 SOUTH 10TH STREET,11249,01,07,18,50,34,3341979
1712,3021450008,2,M,46 SOUTH 9TH STREET,11249,01,07,18,50,34,3341978
1713,3021450008,2,M,50 SOUTH 9TH STREET,11249,01,07,18,50,34,3427270
1714,3021450008,2,M,54 SOUTH 9TH STREET,11249,01,07,18,50,34,3427271
1715,3021450008,2,M,58 SOUTH 9TH STREET,11249,01,07,18,50,34,3427272
1716,3021560007,3,M,46 SOUTH 10TH STREET,11249,01,07,18,50,34,3255961
1717,3021560007,3,M,48 SOUTH 10TH STREET,11249,01,07,18,50,34,3255964
1718,3021560007,3,M,52 SOUTH 10TH STREET,11249,01,07,18,50,34,3255965
1719,3021560007,3,M,56 SOUTH 10TH STREET,11249,01,07,18,50,34,3255967
1720,3021560007,3,M,60 SOUTH 10TH STREET,11249,01,07,18,50,34,3346891
1721,3021560007,3,M,64 SOUTH 10TH STREET,11249,01,07,18,50,34,3346892
1722,3021570006,4,M,84 SOUTH 10TH STREET,11249,01,07,18,50,34,3255977
1723,3021570006,4,M,88 SOUTH 10TH STREET,11249,01,07,18,50,34,3255982
1724,3021570006,4,M,92 SOUTH 10TH STREET,11249,01,07,18,50,34,3346893
1725,2022690100,1,,404 BROOK AVENUE,10454,01,14,29,84,08,2090994
1726,2022690100,1,,510 EAST 144TH STREET,10454,01,14,29,84,08,2090994
1727,2022690100,1,M,400 BROOK AVENUE,10454,01,14,29,84,08,2090994
1728,2022690100,10,M,550 EAST 144TH STREET,10454,01,14,29,84,08,2116422
1729,2022690100,11,M,540 EAST 144TH STREET,10454,01,14,29,84,08,2116423
1730,2022690100,12,M,530 EAST 144TH STREET,10454,01,14,29,84,08,2090990
1731,2022690100,13,M,520 EAST 144TH STREET,10454,01,14,29,84,08,2116424
1732,2022690100,2,M,511 EAST 143RD STREET,10454,01,14,29,84,08,2090992
1733,2022690100,3,M,515 EAST 143RD STREET,10454,01,14,29,84,08,2116416
1734,2022690100,4,M,525 EAST 143RD STREET,10454,01,14,29,84,08,2116417
1735,2022690100,5,M,531 EAST 143RD STREET,10454,01,14,29,84,08,2116418
1736,2022690100,6,M,535 EAST 143RD STREET,10454,01,14,29,84,08,2116419
1737,2022690100,7,M,545 EAST 143RD STREET,10454,01,14,29,84,08,2116420
1738,2022690100,8,M,551 EAST 143RD STREET,10454,01,14,29,84,08,2090993
1739,2022690100,8,,555 EAST 143RD STREET,10454,01,14,29,84,08,2090993
1740,2022690100,8,,401 SAINT ANNS AVENUE,10454,01,14,29,84,08,2090993
1741,2022690100,9,M,560 EAST 144TH STREET,10454,01,14,29,84,08,2090991
1742,2025680012,3,M,700 EAST 140TH STREET,10454,01,14,29,84,08,2091293
1743,2025680012,3,,690 EAST 140TH STREET,10454,01,14,29,84,08,2091293
1744,2022820057,1,M,443 EAST 137TH STREET,10454,01,14,29,84,08,2000264
1745,2022820057,1,M,453 EAST 137TH STREET,10454,01,14,29,84,08,2000264
1746,2022820057,1,M,455 EAST 137TH STREET,10454,01,14,29,84,08,2000264
1747,2022820057,1,M,463 EAST 137TH STREET,10454,01,14,29,84,08,2000264
1748,2022810010,2,,408 EAST 137TH STREET,10454,01,14,29,84,08,2091008
1749,2022810010,2,M,416 EAST 137TH STREET,10454,01,14,29,84,08,2091008
1750,2022710001,4,M,505 EAST 144TH STREET,10454,01,15,29,84,08,2000102
1751,2022710001,4,M,509 EAST 144TH STREET,10454,01,15,29,84,08,2000102
1752,2022710001,4,,511 EAST 144TH STREET,10454,01,15,29,84,08,2000102
1753,2022710001,4,M,517 EAST 144TH STREET,10454,01,15,29,84,08,2000102
1754,2025680012,4,M,695 EAST 139TH STREET,10454,01,14,29,84,08,2091292
1755,2022810055,,,451 EAST 136TH STREET,10454,01,14,29,84,08,2000000
1756,2022810010,6,M,411 EAST 136TH STREET,10454,01,14,29,84,08,2091009
1757,2022710020,2,M,427 SAINT ANNS AVENUE,10454,01,15,29,84,08,2090998
1758,2022710020,3,M,423 SAINT ANNS AVENUE,10454,01,15,29,84,08,2090997
1759,2022870135,1,M,480 EAST 143RD STREET,10454,01,15,29,84,08,2000433
1760,2022870135,1,,490 EAST 143RD STREET,10454,01,15,29,84,08,2000433
1761,2022910023,2,M,433 EAST 146TH STREET,10455,01,15,29,84,08,2091087
1762,2022910023,2,M,435 EAST 146TH STREET,10455,01,15,29,84,08,2091087
1763,2022910023,2,M,437 EAST 146TH STREET,10455,01,15,29,84,08,2091087
1764,2022910023,2,M,439 EAST 146TH STREET,10455,01,15,29,84,08,2091087
1765,2022910023,2,M,441 EAST 146TH STREET,10455,01,15,29,84,08,2091087
1766,2022720005,3,,513 EAST 146TH STREET,10455,01,15,29,84,08,2000103
1767,2022720005,3,M,511 EAST 146TH STREET,10455,01,15,29,84,08,2000103
1768,2022910023,4,M,417 EAST 146TH STREET,10455,01,15,29,84,08,2091071
1769,2022910023,4,M,419 EAST 146TH STREET,10455,01,15,29,84,08,2091071
1770,2022910023,4,M,421 EAST 146TH STREET,10455,01,15,29,84,08,2091071
1771,2022910023,4,M,423 EAST 146TH STREET,10455,01,15,29,84,08,2091071
1772,2022910023,4,M,425 EAST 146TH STREET,10455,01,15,29,84,08,2091071
1773,2022910023,4,M,427 EAST 146TH STREET,10455,01,15,29,84,08,2091071
1774,2022910023,4,M,429 EAST 146TH STREET,10455,01,15,29,84,08,2091071
1775,2022910023,4,M,431 EAST 146TH STREET,10455,01,15,29,84,08,2091071
1776,2022720038,5,,527 EAST 146TH STREET,10455,01,15,29,84,08,2093912
1777,2022720038,5,M,545 EAST 146TH STREET,10455,01,15,29,84,08,2093912
1778,2022720038,5,,547 EAST 146TH STREET,10455,01,15,29,84,08,2093912
1779,2022720038,5,,537 EAST 146TH STREET,10455,01,15,29,84,08,2093912
1780,2022720005,6,,512 EAST 146TH STREET,10455,01,15,29,84,08,2090711
1781,2022720005,6,M,510 EAST 146TH STREET,10455,01,15,29,84,08,2090711
1782,2022720038,7,M,530 EAST 146TH STREET,10455,01,15,29,84,08,2093913
1783,2022720038,7,,528 EAST 146TH STREET,10455,01,15,29,84,08,2093913
1784,2022910050,8,M,455 EAST 146TH STREET,10455,01,15,29,84,08,2000513
1785,2022870026,,,450 EAST 143RD STREET,10454,01,15,29,84,08,2129390
1786,2022720005,1,M,521 EAST 146TH STREET,10455,01,15,29,84,08,2090712
1787,2022720005,2,M,525 EAST 146TH STREET,10455,01,15,29,84,08,2090713
1788,2022720038,3,M,521 EAST 145TH STREET,10454,01,15,29,84,08,2093909
1789,2022720038,3,,525 EAST 145TH STREET,10454,01,15,29,84,08,2093909
1790,2022910001,1,M,400 EAST 147TH STREET,10455,01,15,29,84,08,2109608
1791,2022910030,2,M,460 EAST 147TH STREET,10455,01,15,29,84,08,2000508
1792,2022720119,3,M,550 EAST 147TH STREET,10455,01,15,29,84,08,2116543
1793,2022910001,4,,474 WILLIS AVENUE,10455,01,15,29,84,08,2000000
1794,2022720119,5,,465 SAINT ANNS AVENUE,10455,01,15,29,84,08,2093910
1795,1021070059,1,,1943 AMSTERDAM AVENUE,10032,12,13,31,71,10,1062490
1796,1021070059,1,M,1945 AMSTERDAM AVENUE,10032,12,13,31,71,10,1062490
1797,1021070059,1,,1949 AMSTERDAM AVENUE,10032,12,13,31,71,10,1062490
1798,1021070059,1,,1947 AMSTERDAM AVENUE,10032,12,13,31,71,10,1062490
1799,2044310001,1,M,2440 BOSTON ROAD,10467,11,15,33,80,13,2093400
1800,2044310001,1,,2430 BOSTON ROAD,10467,11,15,33,80,13,2093400
1801,2044310001,2,,2424 BOSTON ROAD,10467,11,15,33,80,13,2093401
1802,2052630040,1,M,3475 BIVONA STREET,10475,12,16,36,83,12,2093876
1803,2052630040,1,,3485 BIVONA STREET,10475,12,16,36,83,12,2093876
1804,2052630040,2,M,3555 BIVONA STREET,10475,12,16,36,83,12,2093875
1805,2052630040,2,,3545 BIVONA STREET,10475,12,16,36,83,12,2093875
1806,2052630040,2,,3565 BIVONA STREET,10475,12,16,36,83,12,2093875
1807,2052630070,3,,3560 BIVONA STREET,10475,12,16,36,83,12,2093879
1808,2052630070,3,M,3550 BIVONA STREET,10475,12,16,36,83,12,2093879
1809,2052630070,3,,3540 BIVONA STREET,10475,12,16,36,83,12,2093877
1810,2052630070,3,,3580 BIVONA STREET,10475,12,16,36,83,12,2093879
1811,2052630070,3,,3570 BIVONA STREET,10475,12,16,36,83,12,2093879
1812,2052630070,4,,2185 REEDS MILL LANE,10475,12,16,36,83,12,2093877
1813,2052630070,4,M,2175 REEDS MILL LANE,10475,12,16,36,83,12,2093877
1814,2052630070,5,,2185GAR REEDS MILL LANE,10475,12,16,36,83,12,2112981
1815,2052630070,6,,3540 BIVONA STREET,10475,12,16,36,83,12,2093877
1816,3034100033,1,M,580 CENTRAL AVENUE,11207,04,07,18,54,37,3326292
1817,3032760001,10,M,140 HIMROD STREET,11221,04,07,18,53,37,3325659
1818,3032760001,11,M,139 HARMAN STREET,11221,04,07,18,53,37,3325658
1819,3032760001,12,M,251 CENTRAL AVENUE,11221,04,07,18,53,37,3325657
1820,3032750047,13,M,270 CENTRAL AVENUE,11221,04,07,18,53,37,3074721
1821,3032850049,14,M,290 CENTRAL AVENUE,11221,04,07,18,53,37,3075041
1822,3032960046,15,M,310 CENTRAL AVENUE,11221,04,07,18,53,37,3075382
1823,3032860001,16,M,250 WILSON AVENUE,11237,04,07,18,53,37,3325686
1824,3032860001,17,M,190 HARMAN STREET,11221,04,07,18,53,37,3325688
1825,3032860001,18,M,1259 GREENE AVENUE,11221,04,07,18,53,37,3325685
1826,3032860001,19,M,140 HARMAN STREET,11221,04,07,18,53,37,3325687
1827,3034100033,2,M,155 ELDERT STREET,11207,04,07,18,54,37,3326291
1828,3032860001,20,M,1229 GREENE AVENUE,11221,04,07,18,53,37,3325684
1829,3032860001,21,M,269 CENTRAL AVENUE,11221,04,07,18,53,37,3325683
1830,3032970001,22,M,270 WILSON AVENUE,11237,04,07,18,53,37,3325697
1831,3033320001,26,M,1201 GATES AVENUE,11221,04,07,18,54,37,3325725
1832,3033320001,27,M,415 EVERGREEN AVENUE,11221,04,07,18,54,37,3325726
1833,3033410001,28,M,431 EVERGREEN AVENUE,11221,04,07,18,54,37,3326139
1834,3033410001,29,M,1210 GATES AVENUE,11221,04,07,18,54,37,3326140
1835,3033410001,30,M,1230 GATES AVENUE,11221,04,07,18,54,37,3326141
1836,3033410001,31,M,1240 GATES AVENUE,11221,04,07,18,54,37,3326142
1837,3033410001,32,M,1260 GATES AVENUE,11221,04,07,18,54,37,3326137
1838,3033410001,33,M,400 CENTRAL AVENUE,11221,04,07,18,54,37,3326138
1839,3033410001,34,M,143 PALMETTO STREET,11221,04,07,18,54,37,3326146
1840,3033410001,35,M,125 PALMETTO STREET,11221,04,07,18,54,37,3326145
1841,3033410001,36,M,105 PALMETTO STREET,11221,04,07,18,54,37,3326144
1842,3033410001,37,M,95 PALMETTO STREET,11221,04,07,18,54,37,3326143
1843,3033590029,38,M,440 CENTRAL AVENUE,11221,04,07,18,54,37,3076768
1844,3033420001,39,M,1320 GATES AVENUE,11221,04,07,18,53,37,3326150
1845,3033420001,40,M,1300 GATES AVENUE,11221,04,07,18,53,37,3326149
1846,3033420001,41,M,375 CENTRAL AVENUE,11221,04,07,18,53,37,3326148
1847,3033420001,42,M,161 PALMETTO STREET,11221,04,07,18,53,37,3326147
1848,3033510001,43,M,390 WILSON AVENUE,11221,04,07,18,53,37,3326174
1849,3033510001,44,M,210 PALMETTO STREET,11221,04,07,18,53,37,3326173
1850,3033510001,45,M,200 PALMETTO STREET,11221,04,07,18,53,37,3326172
1851,3033510001,46,M,190 PALMETTO STREET,11221,04,07,18,53,37,3326171
1852,3033510001,47,M,191 WOODBINE STREET,11221,04,07,18,53,37,3326175
1853,3033510001,48,M,180 PALMETTO STREET,11221,04,07,18,53,37,3326170
1854,3033510001,49,M,170 PALMETTO STREET,11221,04,07,18,53,37,3326165
1855,3033510001,50,M,399 CENTRAL AVENUE,11221,04,07,18,53,37,3326169
1856,3033500028,51,,420 CENTRAL AVENUE,11221,04,07,18,54,37,3076595
1857,3033500028,51,,422 CENTRAL AVENUE,11221,04,07,18,54,37,3076595
1858,3033340001,,,1387 GATES AVENUE,11221,04,07,18,53,37,3342119
1859,3033340022,,,230 LINDEN STREET,11221,04,07,18,53,37,3000000
1860,3033160001,1,M,176 MENAHAN STREET,11237,04,07,18,53,37,3075907
1861,3033160001,1,M,172 MENAHAN STREET,11237,04,07,18,53,37,3075907
1862,3033160001,1,M,319 WILSON AVENUE,11237,04,07,18,53,37,3075907
1863,3033160001,1,M,323 WILSON AVENUE,11237,04,07,18,53,37,3075907
1864,3033160001,1,M,327 WILSON AVENUE,11237,04,07,18,53,37,3075907
1865,3033250001,2,M,242 GROVE STREET,11237,04,07,18,53,37,3338492
1866,3033250001,2,M,238 GROVE STREET,11237,04,07,18,53,37,3338492
1867,2029280028,1,M,1525 FULTON AVENUE,10457,03,15,32,79,16,2092128
1868,2029280028,1,M,1531 FULTON AVENUE,10457,03,15,32,79,16,2092128
1869,2029280028,1,M,1535 FULTON AVENUE,10457,03,15,32,79,16,2092128
1870,2029280028,1,M,1545 FULTON AVENUE,10457,03,15,32,79,16,2092128
1871,2029280028,1,M,560 CLAREMONT PARKWAY,10457,03,15,32,79,16,2092128
1872,2029280028,1,M,550 CLAREMONT PARKWAY,10457,03,15,32,79,16,2092128
1873,2029280028,1,M,544 CLAREMONT PARKWAY,10457,03,15,32,79,16,2092128
1874,2029280028,2,M,3820 3RD AVENUE,10457,03,15,32,79,16,2092127
1875,2029280028,2,M,3812 3RD AVENUE,10457,03,15,32,79,16,2092127
1876,2029280028,2,M,3808 3RD AVENUE,10457,03,15,32,79,16,2092127
1877,2029280028,2,M,3804 3RD AVENUE,10457,03,15,32,79,16,2092127
1878,2029280028,2,M,3800 3RD AVENUE,10457,03,15,32,79,16,2092127
1879,2029310086,3,M,1325 FRANKLIN AVENUE,10456,03,15,32,79,16,2009713
1880,2029310086,3,,1315 FRANKLIN AVENUE,10456,03,15,32,79,16,2009713
1881,3013810013,1,M,1634 STERLING PLACE,11233,08,09,20,55,41,3036910
1882,3013570068,2,M,1367 SAINT MARKS AVENUE,11233,08,08,20,55,41,3035983
1883,2026800019,1,M,1150 UNION AVENUE,10459,03,15,32,79,17,2005038
1884,2026800019,1,,1152 UNION AVENUE,10459,03,15,32,79,17,2005038
1885,2026800019,1,M,818 HOME STREET,10459,03,15,32,79,17,2005038
1886,2026800019,1,,1221 PROSPECT AVENUE,10459,03,15,32,79,17,2005038
1887,2026200036,1,,907 EAGLE AVENUE,10456,03,15,32,79,17,2004383
1888,2026200036,1,M,905 EAGLE AVENUE,10456,03,15,32,79,17,2004383
1889,2030620021,1,M,2111 LAFONTAINE AVENUE,10457,06,15,32,86,15,2011855
1890,2030620021,1,,2110 MONTEREY AVENUE,10457,06,15,32,86,15,2011855
1891,2030620021,1,,2125 LAFONTAINE AVENUE,10457,06,15,32,86,15,2011855
1892,2030620021,1,,2100 MONTEREY AVENUE,10457,06,15,32,86,15,2011855
1893,2030620021,1,M,558 EAST 181ST STREET,10457,06,15,32,86,15,2011855
1894,2030620021,1,,554 EAST 181ST STREET,10457,06,15,32,86,15,2011855
1895,2030620021,1,,560 EAST 181ST STREET,10457,06,15,32,86,15,2011855
1896,2030620021,1,,2120 MONTEREY AVENUE,10457,06,15,32,86,15,2011855
1897,2030620006,2,,2120 QUARRY ROAD,10457,06,15,32,86,15,2011852
1898,,,,1161 ADEE AVENUE,10469,11,15,36,83,12,
1899,2045810001,1,,1130 BURKE AVENUE,10469,11,15,36,83,12,2093490
1900,2045810001,1,M,1134 BURKE AVENUE,10469,11,15,36,83,12,2093490
1901,2045810001,1,M,1140 BURKE AVENUE,10469,11,15,36,83,12,2093490
1902,2045810001,10,,3016 YATES AVENUE,10469,11,15,36,83,12,2093503
1903,2045810001,10,M,3020 YATES AVENUE,10469,11,15,36,83,12,2093503
1904,2045810001,10,M,3010 YATES AVENUE,10469,11,15,36,83,12,2093503
1905,2045810001,2,M,1160 BURKE AVENUE,10469,11,15,36,83,12,2093496
1906,2045810001,2,M,1166 BURKE AVENUE,10469,11,15,36,83,12,2093497
1907,2045810001,2,,1170 BURKE AVENUE,10469,11,15,36,83,12,2093497
1908,2045810001,3,M,1210 BURKE AVENUE,10469,11,15,36,83,12,2093498
1909,2045810001,3,M,1216 BURKE AVENUE,10469,11,15,36,83,12,2093499
1910,2045810001,3,,1220 BURKE AVENUE,10469,11,15,36,83,12,2093499
1911,2045810001,4,M,1236 BURKE AVENUE,10469,11,15,36,83,12,2093500
1912,2045810001,4,,1230 BURKE AVENUE,10469,11,15,36,83,12,2093500
1913,,,,1895 SCHIEFFELIN AVENUE,10466,12,16,36,83,12,
1914,2049050001,1,M,1180 GRENADA PLACE,10466,12,16,36,83,12,2093739
1915,2049050001,1,M,1186 GRENADA PLACE,10466,12,16,36,83,12,2093739
1916,2049050001,10,M,1166 GRENADA PLACE,10466,12,16,36,83,12,2094149
1917,2049050001,10,M,1160 GRENADA PLACE,10466,12,16,36,83,12,2094149
1918,2049050001,11,M,1137 229TH DRIVE NORTH,10466,12,16,36,83,12,2094143
1919,2049050001,11,M,1139 229TH DRIVE NORTH,10466,12,16,36,83,12,2094143
1920,2049050001,12,M,1125 229TH DRIVE NORTH,10466,12,16,36,83,12,2094148
1921,2049050001,12,M,1127 229TH DRIVE NORTH,10466,12,16,36,83,12,2094148
1922,2049050001,13,M,1107 EAST 229TH STREET,10466,12,16,36,83,12,2094146
1923,2049050001,13,M,1111 EAST 229TH STREET,10466,12,16,36,83,12,2094146
1924,2049050001,14,M,1135 EAST 229TH STREET,10466,12,16,36,83,12,2094147
1925,2049050001,14,,1126 229TH DRIVE NORTH,10466,12,16,36,83,12,2094147
1926,2049050001,15,M,1141 EAST 229TH STREET,10466,12,16,36,83,12,2094151
1927,2049050001,16,,1146 229TH DRIVE NORTH,10466,12,16,36,83,12,2094152
1928,2049050001,16,M,1151 EAST 229TH STREET,10466,12,16,36,83,12,2094152
1929,2049050001,16,,1145 EAST 229TH STREET,10466,12,16,36,83,12,2094152
1930,2049050001,17,M,1165 EAST 229TH STREET,10466,12,16,36,83,12,2094153
1931,2049050001,18,M,1175 EAST 229TH STREET,10466,12,16,36,83,12,2094154
1932,2049050001,19,M,1189 229TH DRIVE NORTH,10466,12,16,36,83,12,2094155
1933,2049050001,19,M,1195 EAST 229TH STREET,10466,12,16,36,83,12,2094155
1934,2049050001,2,M,3881 BAYCHESTER AVENUE,10466,12,16,36,83,12,2094142
1935,2049050001,2,M,3885 BAYCHESTER AVENUE,10466,12,16,36,83,12,2094142
1936,2049050003,20,M,1170 229TH DRIVE SOUTH,10466,12,16,36,83,12,2094150
1937,2049050003,21,,1135 229TH DRIVE SOUTH,10466,12,16,36,83,12,2094157
1938,2049050003,21,M,1153 229TH DRIVE SOUTH,10466,12,16,36,83,12,2094157
1939,2049050003,21,M,1155 229TH DRIVE SOUTH,10466,12,16,36,83,12,2094157
1940,2049050003,22,,1130 229TH DRIVE SOUTH,10466,12,16,36,83,12,2094156
1941,2049050003,22,M,1132 229TH DRIVE SOUTH,10466,12,16,36,83,12,2094156
1942,2049050003,23,M,1128 EAST 229TH STREET,10466,12,16,36,83,12,2094158
1943,2049050003,23,M,1120 EAST 229TH STREET,10466,12,16,36,83,12,2094158
1944,2049050003,24,M,4044 LACONIA AVENUE,10466,12,16,36,83,12,2094161
1945,2049050003,24,M,4040 LACONIA AVENUE,10466,12,16,36,83,12,2094161
1946,2049050003,25,M,4056 LACONIA AVENUE,10466,12,16,36,83,12,2094162
1947,2049050003,25,M,4064 LACONIA AVENUE,10466,12,16,36,83,12,2094162
1948,2049050003,26,M,4020 LACONIA AVENUE,10466,12,16,36,83,12,2094159
1949,2049050003,26,M,4024 LACONIA AVENUE,10466,12,16,36,83,12,2094159
1950,2049050003,27,M,4034 LACONIA AVENUE,10466,12,16,36,83,12,2094160
1951,2049050003,27,M,4030 LACONIA AVENUE,10466,12,16,36,83,12,2094160
1952,2049050003,28,M,1138 229TH DRIVE SOUTH,10466,12,16,36,83,12,2097991
1953,2049050003,29,M,1154 229TH DRIVE SOUTH,10466,12,16,36,83,12,2094168
1954,2049050001,3,M,3861 BAYCHESTER AVENUE,10466,12,16,36,83,12,2094141
1955,2049050001,3,M,3865 BAYCHESTER AVENUE,10466,12,16,36,83,12,2094141
1956,3048180136,1,M,752 FENIMORE STREET,11203,09,09,20,43,40,3107388
1957,3048180027,10,M,730 FENIMORE STREET,11203,09,09,20,43,40,3107349
1958,3048180026,11,M,728 FENIMORE STREET,11203,09,09,20,43,40,3107348
1959,3048180025,12,M,726 FENIMORE STREET,11203,09,09,20,43,40,3107347
1960,3013300007,13,M,334 LEFFERTS AVENUE,11225,09,09,20,43,40,3035394
1961,3013300008,14,M,336 LEFFERTS AVENUE,11225,09,09,20,43,40,3035395
1962,3013300009,15,M,338 LEFFERTS AVENUE,11225,09,09,20,43,40,3035396
1963,3013300010,16,M,340 LEFFERTS AVENUE,11225,09,09,20,43,40,3035397
1964,3013300011,17,M,342 LEFFERTS AVENUE,11225,09,09,20,43,40,3035398
1965,3013300012,18,M,344 LEFFERTS AVENUE,11225,09,09,20,43,40,3035399
1966,3048180135,2,M,750 FENIMORE STREET,11203,09,09,20,43,40,3107387
1967,3048180134,3,M,748 FENIMORE STREET,11203,09,09,20,43,40,3107386
1968,3048180133,4,M,746 FENIMORE STREET,11203,09,09,20,43,40,3107385
1969,3048180033,5,M,742 FENIMORE STREET,11203,09,09,20,43,40,3107354
1970,3048180031,6,M,740 FENIMORE STREET,11203,09,09,20,43,40,3107353
1971,3037240027,,,260 BRADFORD STREET,11207,05,08,19,54,42,3000000
1972,3037250001,10,M,320 MILLER AVENUE,11207,05,08,19,54,42,3327009
1973,3039930001,11,M,2211 PITKIN AVENUE,11207,05,08,19,54,42,3328463
1974,3039930001,12,M,2215 PITKIN AVENUE,11207,05,08,19,54,42,3328464
1975,3039930001,13,M,2221 PITKIN AVENUE,11207,05,08,19,54,42,3328465
1976,3039930001,13,M,2219 PITKIN AVENUE,11207,05,08,19,54,42,3328465
1977,3037240029,6,M,2155 PITKIN AVENUE,11207,05,08,19,54,42,3336980
1978,3037240029,7,M,2165 PITKIN AVENUE,11207,05,08,19,54,42,3336981
1979,3037250001,8,,2185 PITKIN AVENUE,11207,05,08,19,54,42,3327012
1980,3037250001,8,M,2189 PITKIN AVENUE,11207,05,08,19,54,42,3327012
1981,3037250001,8,M,2181 PITKIN AVENUE,11207,05,08,19,54,42,3327012
1982,3037250001,9,,330 MILLER AVENUE,11207,05,08,19,54,42,3327011
1983,3037250001,9,M,340 MILLER AVENUE,11207,05,08,19,54,42,3327011
1984,2032610102,1,M,3340 BAILEY AVENUE,10463,08,13,31,81,14,2086835
1985,2032610102,1,,3350 BAILEY AVENUE,10463,08,13,31,81,14,2086835
1986,2032610102,1,,3355 FORT INDEPENDENCE STREET,10463,08,13,31,81,14,2086835
1987,2032610102,1,M,3353 FORT INDEPENDENCE STREET,10463,08,13,31,81,14,2086835
1988,1021360235,1,M,99 FORT WASHINGTON AVENUE,10032,12,13,31,71,10,1063346
1989,1021360235,1,M,99 FORT WASHINGTON AVENUE,10032,12,13,31,71,10,1063346
1990,2029310070,10,M,1373 FRANKLIN AVENUE,10456,03,15,32,79,16,2009707
1991,2029310070,10,,1375 FRANKLIN AVENUE,10456,03,15,32,79,16,2009707
1992,2029310066,8,,1383 FRANKLIN AVENUE,10456,03,15,32,79,16,2009705
1993,2029310066,8,M,1381 FRANKLIN AVENUE,10456,03,15,32,79,16,2009705
1994,2029310068,9,M,1377 FRANKLIN AVENUE,10456,03,15,32,79,16,2009706
1995,2029310068,9,,1379 FRANKLIN AVENUE,10456,03,15,32,79,16,2009706
1996,,,,1385 FRANKLIN AVENUE,10456,03,15,32,79,16,
1997,2029350007,4,M,1394 FRANKLIN AVENUE,10456,03,15,32,79,17,2009767
1998,2029350005,5,M,1392 FRANKLIN AVENUE,10456,03,15,32,79,17,2009766
1999,2029350030,7,M,631 JEFFERSON PLACE,10456,03,15,32,79,17,2009780
2000,1019250015,1,M,182 SAINT NICHOLAS AVENUE,10026,10,13,30,70,09,1058446
2001,1020370011,1,M,229 WEST 152ND STREET,10039,10,13,30,71,09,1084157
2002,1020370011,1,M,225 WEST 152ND STREET,10039,10,13,30,71,09,1084157
2003,1020370011,1,M,221 WEST 152ND STREET,10039,10,13,30,71,09,1084157
2004,1020370011,1,M,210T WEST 153RD STREET,10039,10,13,30,71,09,1084157
2005,1020370011,1,M,210S WEST 153RD STREET,10039,10,13,30,71,09,1084157
2006,1020370011,1,M,210R WEST 153RD STREET,10039,10,13,30,71,09,1084157
2007,1020370011,1,M,210Q WEST 153RD STREET,10039,10,13,30,71,09,1084157
2008,1020370011,1,M,70 MACOMBS PLACE,10039,10,13,30,71,09,1084157
2009,1020370011,2,M,210P WEST 153RD STREET,10039,10,13,30,71,09,1086095
2010,1020370011,2,M,210N WEST 153RD STREET,10039,10,13,30,71,09,1086095
2011,1020370011,2,M,210M WEST 153RD STREET,10039,10,13,30,71,09,1086095
2012,1020370011,2,M,210L WEST 153RD STREET,10039,10,13,30,71,09,1086095
2013,1020370011,2,M,210K WEST 153RD STREET,10039,10,13,30,71,09,1086095
2014,1020370011,2,,2650 A C POWELL BOULEVARD,10039,10,13,30,71,09,1086095
2015,1020370011,3,M,211J WEST 151ST STREET,10039,10,13,30,71,09,1084155
2016,1020370011,3,M,211H WEST 151ST STREET,10039,10,13,30,71,09,1084155
2017,1020370011,3,,2628 A C POWELL BOULEVARD,10039,10,13,30,71,09,1084155
2018,1020370011,3,,2630 A C POWELL BOULEVARD,10039,10,13,30,71,09,1084155
2019,1020370011,3,,2632 A C POWELL BOULEVARD,10039,10,13,30,71,09,1084155
2020,1020370011,3,M,211G WEST 151ST STREET,10039,10,13,30,71,09,1084155
2021,1020370011,3,M,211F WEST 151ST STREET,10039,10,13,30,71,09,1084155
2022,1020370011,3,,2624 A C POWELL BOULEVARD,10039,10,13,30,71,09,1084155
2023,1020370011,3,,2620 A C POWELL BOULEVARD,10039,10,13,30,71,09,1084155
2024,1020370011,3,,2626 A C POWELL BOULEVARD,10039,10,13,30,71,09,1084155
2025,1020370011,3,,2622 A C POWELL BOULEVARD,10039,10,13,30,71,09,1084155
2026,1020370011,3,M,211E WEST 151ST STREET,10039,10,13,30,71,09,1084155
2027,1020370011,3,,207 WEST 151ST STREET,10039,10,13,30,71,09,1084155
2028,1020370011,4,M,211D WEST 151ST STREET,10039,10,13,30,71,09,1084154
2029,1020370011,4,M,211C WEST 151ST STREET,10039,10,13,30,71,09,1084154
2030,1020370011,4,M,211B WEST 151ST STREET,10039,10,13,30,71,09,1084154
2031,1020370011,4,M,211A WEST 151ST STREET,10039,10,13,30,71,09,1084154
2032,1020370011,4,M,220 WEST 152ND STREET,10039,10,13,30,71,09,1084154
2033,1020370011,4,,224 WEST 152ND STREET,10039,10,13,30,71,09,1084154
2034,1020370011,4,M,226 WEST 152ND STREET,10039,10,13,30,71,09,1084154
2035,1020370011,5,,231 WEST 151ST STREET,10039,10,13,30,71,09,1084153
2036,1020370011,5,M,234 WEST 152ND STREET,10039,10,13,30,71,09,1084153
2037,1020370011,5,,54 MACOMBS PLACE,10039,10,13,30,71,09,1084153
2038,1020370011,5,,58 1/2 MACOMBS PLACE,10039,10,13,30,71,09,1084153
2039,1020370001,8,,295 WEST 151ST STREET,10039,10,13,30,71,09,1060604
2040,1020370005,8,,293 WEST 151ST STREET,10039,10,13,30,71,09,1060605
2041,1020370005,8,,291 WEST 151ST STREET,10039,10,13,30,71,09,1060605
2042,1020370001,8,M,2850 FREDERICK DOUGLASS BOULEVARD,10039,10,13,30,71,09,1060604
2043,2028690116,1,M,1930 HARRISON AVENUE,10453,05,13,33,86,14,2008606
2044,2028690077,1,M,1886 HARRISON AVENUE,10453,05,13,33,86,14,2008603
2045,2028690110,2,M,1920 HARRISON AVENUE,10453,05,13,33,86,14,2008605
2046,2028680144,3,M,1925 HARRISON AVENUE,10453,05,13,31,86,14,2008557
2047,2028690122,4,M,1934 HARRISON AVENUE,10453,05,13,33,86,14,2008607
2048,2025090018,1,M,1085 ANDERSON AVENUE,10452,04,15,29,77,16,2003149
2049,2025140020,2,M,130 WEST 166TH STREET,10452,04,15,29,77,16,2003258
2050,2025140015,3,M,134 WEST 166TH STREET,10452,04,15,29,77,16,2003257
2051,2025140077,4,M,125 WEST 166TH STREET,10452,04,15,29,77,16,2003279
2052,2025140073,,,1125 NELSON AVENUE,10452,04,15,29,77,16,2000000
2053,2025140072,,,1127 NELSON AVENUE,10452,04,15,29,77,16,2000000
2054,2025140070,,,1135 NELSON AVENUE,10452,04,15,29,77,16,2000000
2055,2025150006,1,,1182 NELSON AVENUE,10452,04,15,29,77,16,2003283
2056,2025150006,1,M,1184 NELSON AVENUE,10452,04,15,29,77,16,2003283
2057,2025130050,2,M,1144 NELSON AVENUE,10452,04,15,29,77,16,2003251
2058,2025140067,3,M,1139 NELSON AVENUE,10452,04,15,29,77,16,2003274
2059,3033150001,1,,331 CENTRAL AVENUE,11221,04,07,18,53,37,3075906
2060,3033150001,1,M,120 MENAHAN STREET,11221,04,07,18,53,37,3075906
2061,3033150001,2,M,140 MENAHAN STREET,11221,04,07,18,53,37,3394310
2062,3033150001,3,M,160 MENAHAN STREET,11221,04,07,18,53,37,3342263
2063,3033150001,3,,314 WILSON AVENUE,11237,04,07,18,53,37,3342263
2064,3033240019,4,M,330 WILSON AVENUE,11221,04,07,18,53,37,3076116
2065,3033240019,4,,195 LINDEN STREET,11221,04,07,18,53,37,3076116
2066,,5,,ADDRESS IS NOT AVAILABLE,,,,,,,
2067,3035110013,,,43 TAPSCOTT STREET,11212,16,09,25,55,41,3000000
2068,3035120051,1,M,32 GRAFTON STREET,11212,16,08,25,55,41,3080900
2069,3035120051,1,M,36 GRAFTON STREET,11212,16,08,25,55,41,3080900
2070,3035120051,1,M,40 GRAFTON STREET,11212,16,08,25,55,41,3080900
2071,3035120051,1,M,44 GRAFTON STREET,11212,16,08,25,55,41,3080900
2072,3035120051,1,M,48 GRAFTON STREET,11212,16,08,25,55,41,3080900
2073,3035120021,2,,575 HOWARD AVENUE,11212,16,08,25,55,41,3326464
2074,3035120021,2,,571 HOWARD AVENUE,11212,16,08,25,55,41,3326464
2075,3035120021,2,,579 HOWARD AVENUE,11212,16,08,25,55,41,3326464
2076,3035120021,2,M,583 HOWARD AVENUE,11212,16,08,25,55,41,3326464
2077,3035120021,2,M,587 HOWARD AVENUE,11212,16,08,25,55,41,3326464
2078,3035120021,2,M,591 HOWARD AVENUE,11212,16,08,25,55,41,3326464
2079,3035120021,2,M,595 HOWARD AVENUE,11212,16,08,25,55,41,3326464
2080,3035120021,2,M,599 HOWARD AVENUE,11212,16,08,25,55,41,3326464
2081,3035120021,2,M,603 HOWARD AVENUE,11212,16,08,25,55,41,3326464
2082,3035120021,2,M,607 HOWARD AVENUE,11212,16,08,25,55,41,3326464
2083,3035120021,2,M,611 HOWARD AVENUE,11212,16,08,25,55,41,3326464
2084,3035110022,3,M,574 HOWARD AVENUE,11212,16,09,25,55,41,3326462
2085,3014710055,,,1481 EASTERN PARKWAY,11233,16,09,25,55,41,3039465
2086,3014710053,,,1483 EASTERN PARKWAY,11233,16,09,25,55,41,3039464
2087,3014710053,,,1485 EASTERN PARKWAY,11233,16,09,25,55,41,3039464
2088,,,,1695 SAINT JOHNS PLACE,11233,16,09,25,55,41,
2089,,,,1697 SAINT JOHNS PLACE,11233,16,09,25,55,41,
2090,,,,1701 SAINT JOHNS PLACE,11233,16,09,25,55,41,
2091,3014700048,,,1703 SAINT JOHNS PLACE,11233,16,09,25,55,41,3000000
2092,3014700024,,,1738 STERLING PLACE,11233,16,09,25,55,41,3000000
2093,3014700025,,,1740 STERLING PLACE,11233,16,09,25,55,41,3039431
2094,3014710061,,,1747 SAINT JOHNS PLACE,11233,16,09,25,55,41,3000000
2095,3014710059,,,1749 SAINT JOHNS PLACE,11233,16,09,25,55,41,3348347
2096,3014710059,,,1751 SAINT JOHNS PLACE,11233,16,09,25,55,41,3348347
2097,3014710059,,,1753 SAINT JOHNS PLACE,11233,16,09,25,55,41,3348347
2098,3014710057,,,1755 SAINT JOHNS PLACE,11233,16,09,25,55,41,3348348
2099,3014710057,,,1757 SAINT JOHNS PLACE,11233,16,09,25,55,41,3348348
2100,,,,1758 STERLING PLACE,11233,16,09,25,55,41,
2101,3014660042,,,486 HOWARD AVENUE,11233,16,09,25,55,41,3000000
2102,3014660043,,,488 HOWARD AVENUE,11233,16,09,25,55,41,3000000
2103,3014660044,,,490 HOWARD AVENUE,11233,16,09,25,55,41,3332073
2104,3014660045,,,492 HOWARD AVENUE,11233,16,09,25,55,41,3332074
2105,3014700037,,,500 HOWARD AVENUE,11233,16,09,25,55,41,3000000
2106,3014700038,,,502 HOWARD AVENUE,11233,16,09,25,55,41,3000000
2107,,,,514 HOWARD AVENUE,11233,16,09,25,55,41,
2108,,,,,,,,,,,
2109,3014660049,1,M,1761 STERLING PLACE,11233,16,09,25,55,41,3424875
2110,3014660049,1,M,1761A STERLING PLACE,11233,16,09,25,55,41,3424875
2111,3014660049,1,M,1761B STERLING PLACE,11233,16,09,25,55,41,3039386
2112,3014660047,1,M,1763 STERLING PLACE,11233,16,09,25,55,41,3427324
2113,3014660047,1,M,1763A STERLING PLACE,11233,16,09,25,55,41,3427324
2114,3014660047,1,M,1763B STERLING PLACE,11233,16,09,25,55,41,3427324
2115,3014660047,1,M,1765 STERLING PLACE,11233,16,09,25,55,41,3427325
2116,3014660047,1,M,1765A STERLING PLACE,11233,16,09,25,55,41,3427325
2117,3014660047,1,M,1765B STERLING PLACE,11233,16,09,25,55,41,3427325
2118,3014660047,1,M,1767 STERLING PLACE,11233,16,09,25,55,41,3427326
2119,3014660047,1,M,1767A STERLING PLACE,11233,16,09,25,55,41,3427326
2120,3014660047,1,,1767B STERLING PLACE,11233,16,09,25,55,41,3427326
2121,3014660049,1,,496 HOWARD AVENUE,11233,16,09,25,55,41,3039386
2122,3014660049,1,,494 HOWARD AVENUE,11233,16,09,25,55,41,3039386
2123,3014700033,2,M,1766 STERLING PLACE,11233,16,09,25,55,41,3348335
2124,3021720001,1,,83 TAYLOR STREET,11249,01,07,18,50,34,3334990
2125,3021720001,1,M,85 TAYLOR STREET,11249,01,07,18,50,34,3334990
2126,3021720001,2,,128 CLYMER STREET,11249,01,07,18,50,34,3334991
2127,3021720001,2,M,130 CLYMER STREET,11249,01,07,18,50,34,3334991
2128,3021720001,3,,140 CLYMER STREET,11249,01,07,18,50,34,3334989
2129,3021720001,3,,123 TAYLOR STREET,11249,01,07,18,50,34,3334989
2130,3021720001,3,M,125 TAYLOR STREET,11249,01,07,18,50,34,3334989
2131,3021720001,3,,119 TAYLOR STREET,11249,01,07,18,50,34,3334989
2132,3021760001,4,,119 WILSON STREET,11249,01,07,18,50,34,3059905
2133,3021760001,4,,114 TAYLOR STREET,11249,01,07,18,50,34,3059905
2134,3021760001,4,M,121 WILSON STREET,11249,01,07,18,50,34,3059905
2135,3021760001,5,,97 WILSON STREET,11249,01,07,18,50,34,3341986
2136,3021760001,5,,110 TAYLOR STREET,11249,01,07,18,50,34,3341989
2137,3021760001,5,,95 WILSON STREET,11249,01,07,18,50,34,3341986
2138,3021760001,5,M,99 WILSON STREET,11249,01,07,18,50,34,3341986
2139,3021760001,6,M,75 WILSON STREET,11249,01,07,18,50,34,3341987
2140,3021760001,6,,73 WILSON STREET,11249,01,07,18,50,34,3341987
2141,3046710007,1,M,1142 LENOX ROAD,11212,17,09,19,58,41,3101906
2142,3046720001,2,M,1144 LENOX ROAD,11212,17,09,19,55,41,3101952
2143,3046520045,3,M,1145 LENOX ROAD,11212,17,09,19,55,41,3101290
2144,3043710001,1,M,570 STANLEY AVENUE,11207,05,08,19,60,42,3324019
2145,3043930001,10,M,190 WORTMAN AVENUE,11207,05,08,19,60,42,3337067
2146,3043930001,11,M,240 WORTMAN AVENUE,11207,05,08,19,60,42,3337068
2147,3043930001,12,M,250 WORTMAN AVENUE,11207,05,08,19,60,42,3337069
2148,3043930001,13,M,245 COZINE AVENUE,11207,05,08,19,60,42,3337065
2149,3043930001,14,M,215 COZINE AVENUE,11207,05,08,19,60,42,3337062
2150,3043930001,14,,213 COZINE AVENUE,11207,05,08,19,60,42,3337062
2151,3043930001,14,,217 COZINE AVENUE,11207,05,08,19,60,42,3337062
2152,3043930001,15,M,195 COZINE AVENUE,11207,05,08,19,60,42,3337061
2153,3043970001,16,M,270 WORTMAN AVENUE,11207,05,08,19,60,42,3324281
2154,3043970001,17,M,300 WORTMAN AVENUE,11207,05,08,19,60,42,3324284
2155,3043970001,18,M,295 COZINE AVENUE,11207,05,08,19,60,42,3324283
2156,3043970001,19,M,285 COZINE AVENUE,11207,05,08,19,60,42,3324282
2157,3043710001,2,M,580 STANLEY AVENUE,11207,05,08,19,60,42,3324020
2158,3043750050,20,,696 STANLEY AVENUE,11207,05,08,19,60,42,3396477
2159,3043750050,21,,670 STANLEY AVENUE,11207,05,08,19,60,42,3412949
2160,3043710001,3,M,630 STANLEY AVENUE,11207,05,08,19,60,42,3324015
2161,3043710001,4,M,640 STANLEY AVENUE,11207,05,08,19,60,42,3324018
2162,3043710001,5,,247 WORTMAN AVENUE,11207,05,08,19,60,42,3324016
2163,3043710001,5,,912 VAN SICLEN AVENUE,11207,05,08,19,60,42,3324016
2164,3043710001,5,M,245 WORTMAN AVENUE,11207,05,08,19,60,42,3324016
2165,3043710001,5,,243 WORTMAN AVENUE,11207,05,08,19,60,42,3324016
2166,1019840001,1,,549 WEST 126TH STREET,10027,09,13,30,70,07,1084125
2167,1019840001,1,,555 WEST 126TH STREET,10027,09,13,30,70,07,1084125
2168,1019840001,1,M,545 WEST 126TH STREET,10027,09,13,30,70,07,1084125
2169,1019840001,2,,3240 BROADWAY,10027,09,13,30,70,07,1084124
2170,1019840001,2,M,3250 BROADWAY,10027,09,13,30,70,07,1084124
2171,1019840001,3,,1414 AMSTERDAM AVENUE,10027,09,13,30,70,07,1084127
2172,1019840001,3,M,1420 AMSTERDAM AVENUE,10027,09,13,30,70,07,1084127
2173,1019840001,4,M,1430 AMSTERDAM AVENUE,10027,09,13,30,70,07,1084128
2174,1019840001,5,M,1470 AMSTERDAM AVENUE,10027,09,13,30,70,07,1084129
2175,1019840001,6,,530 WEST 133RD STREET,10027,09,13,30,70,07,1084130
2176,1019840001,6,M,95 OLD BROADWAY,10027,09,13,30,70,07,1084130
2177,1019880020,1,M,515 WEST 134TH STREET,10031,09,13,30,70,07,1059758
2178,1019880022,2,M,511 WEST 134TH STREET,10031,09,13,30,70,07,1059760
2179,1019880031,3,M,1504 AMSTERDAM AVENUE,10031,09,13,30,70,07,1059765
2180,1019870017,1,M,529 WEST 133RD STREET,10027,09,13,30,70,07,1079738
2181,1019870017,2,M,514 WEST 134TH STREET,10031,09,13,30,70,07,1079741
2182,3017980020,1,M,534 GREENE AVENUE,11216,03,08,25,56,36,3426328
2183,3017980020,1,M,528 GREENE AVENUE,11216,03,08,25,56,36,3426329
2184,3017980020,1,M,524 GREENE AVENUE,11216,03,08,25,56,36,3392441
2185,3017980020,1,M,518 GREENE AVENUE,11216,03,08,25,56,36,3392441
2186,3017980020,2,,325 LEXINGTON AVENUE,11216,03,08,25,56,36,3394299
2187,3017980020,2,M,323 LEXINGTON AVENUE,11216,03,08,25,56,36,3394299
2188,3017980020,2,,327 LEXINGTON AVENUE,11216,03,08,25,56,36,3426330
2189,3017980020,2,M,329 LEXINGTON AVENUE,11216,03,08,25,56,36,3426330
2190,3017980020,2,M,331 LEXINGTON AVENUE,11216,03,08,25,56,36,3426331
2191,3017980005,,,303 NOSTRAND AVENUE,11216,03,08,25,56,36,3000000
2192,3017980077,,,305 LEXINGTON AVENUE,11216,03,08,25,56,36,3343342
2193,3017980004,,,305 NOSTRAND AVENUE,11216,03,08,25,56,36,3000000
2194,3017980003,,,307 NOSTRAND AVENUE,11216,03,08,25,56,36,3000000
2195,3017980002,,,309 NOSTRAND AVENUE,11216,03,08,25,56,36,3000000
2196,3017980007,,,492 GREENE AVENUE,11216,03,08,25,56,36,3000000
2197,3017980008,,,494 GREENE AVENUE,11216,03,08,25,56,36,3000000
2198,3017980009,,,496 GREENE AVENUE,11216,03,08,25,56,36,3000000
2199,3017980077,3,M,311 LEXINGTON AVENUE,11216,03,08,25,56,36,3343342
2200,3017980077,3,M,313 LEXINGTON AVENUE,11216,03,08,25,56,36,3343342
2201,3017980077,3,M,315 LEXINGTON AVENUE,11216,03,08,25,56,36,3426333
2202,3017980077,3,M,317 LEXINGTON AVENUE,11216,03,08,25,56,36,3426333
2203,3017980077,3,M,319 LEXINGTON AVENUE,11216,03,08,25,56,36,3426334
2204,1021160033,1,,1968 AMSTERDAM AVENUE,10032,12,13,31,71,10,1076742
2205,1021160033,1,M,1970 AMSTERDAM AVENUE,10032,12,13,31,71,10,1076742
2206,2041710024,1,,3031 MIDDLETOWN ROAD,10461,10,14,34,82,13,2046141
2207,2041710024,1,M,3033 MIDDLETOWN ROAD,10461,10,14,34,82,13,2046141
2208,2041710024,1,,3035 MIDDLETOWN ROAD,10461,10,14,34,82,13,2046141
2209,2029440001,1,M,1805 CROTONA AVENUE,10457,06,15,32,79,15,2092142
2210,2029440001,1,,1807 CROTONA AVENUE,10457,06,15,32,79,15,2092142
2211,2029440001,2,,1811 CROTONA AVENUE,10457,06,15,32,79,15,2092141
2212,2029440001,2,,615 CROTONA PARK NORTH,10457,06,15,32,79,15,2092141
2213,2029440001,2,M,611 CROTONA PARK NORTH,10457,06,15,32,79,15,2092141
2214,2029440001,2,,601 CROTONA PARK NORTH,10457,06,15,32,79,15,2092141
2215,4160020001,1,M,54-81 ALMEDA AVENUE,11692,14,05,10,31,31,4436447
2216,4160010002,10,M,51-11 ALMEDA AVENUE,11691,14,05,10,31,31,4436442
2217,4160010002,11,M,409 BEACH 51ST STREET,11691,14,05,10,31,31,4436436
2218,4160010002,12,M,51-24 BEACH CHANNEL DRIVE,11691,14,05,10,31,31,4436440
2219,4160010002,13,M,51-32 BEACH CHANNEL DRIVE,11691,14,05,10,31,31,4436441
2220,4160010002,14,M,410 BEACH 54TH STREET,11692,14,05,10,31,31,4436438
2221,4160020001,15,M,411 BEACH 54TH STREET,11692,14,05,10,31,31,4440393
2222,4160020001,16,M,54-22 BEACH CHANNEL DRIVE,11692,14,05,10,31,31,4436451
2223,3014310037,1,M,2041 PACIFIC STREET,11233,16,08,25,55,41,3038518
2224,3014310043,2,M,334 HOWARD AVENUE,11233,16,08,25,55,41,3038520
2225,3014310043,2,,336 HOWARD AVENUE,11233,16,08,25,55,41,3038520
2226,3014310039,3,M,324 HOWARD AVENUE,11233,16,08,25,55,41,3038519
2227,3014390010,4,M,2020 PACIFIC STREET,11233,16,08,25,55,41,3038674
2228,3014390001,5,M,2065 DEAN STREET,11233,16,08,25,55,41,3038671
2229,3033400020,1,M,85 PALMETTO STREET,11221,04,07,18,54,37,3076429
2230,1017710059,1,M,120 EAST 123RD STREET,10035,11,13,30,68,09,1054420
2231,1017710010,2,M,115 EAST 122ND STREET,10035,11,13,30,68,09,1054411
2232,1017710065,3,,114 EAST 123RD STREET,10035,11,13,30,68,09,1087851
2233,1017710065,3,,116 EAST 123RD STREET,10035,11,13,30,68,09,1087851
2234,3013730034,1,M,1468 PARK PLACE,11213,08,09,20,55,36,3036563
2235,3043690001,1,,895 PENNSYLVANIA AVENUE,11207,05,08,19,60,42,3324011
2236,3043690001,1,,879 PENNSYLVANIA AVENUE,11207,05,08,19,60,42,3324011
2237,3043690001,1,,881 PENNSYLVANIA AVENUE,11207,05,08,19,60,42,3324011
2238,3043690001,1,M,875 PENNSYLVANIA AVENUE,11207,05,08,19,60,42,3324011
2239,3043690001,1,,877 PENNSYLVANIA AVENUE,11207,05,08,19,60,42,3324011
2240,3043690001,2,M,155 WORTMAN AVENUE,11207,05,08,19,60,42,3324014
2241,3043690001,3,M,920 VERMONT STREET,11207,05,08,19,60,42,3324013
2242,3043690011,4,,520 STANLEY AVENUE,11207,05,08,19,60,42,3324010
2243,3043690011,4,,530 STANLEY AVENUE,11207,05,08,19,60,42,3324010
2244,1020080013,1,M,120 WEST 140TH STREET,10030,10,13,30,70,09,1060054
2245,1020080013,1,M,120 WEST 140TH STREET,10030,10,13,30,70,09,1060054
2246,3035080034,,,1180 EAST NEW YORK AVENUE,11212,16,09,25,55,41,3000000
2247,3035080036,,,1186 EAST NEW YORK AVENUE,11212,16,09,25,55,41,3000000
2248,3035080041,,,662 RALPH AVENUE,11212,16,09,25,55,41,3080788
2249,3035080038,1,M,1196 EAST NEW YORK AVENUE,11212,16,09,25,55,41,3080787
2250,3035080042,2,M,672 RALPH AVENUE,11212,16,09,25,55,41,3080789
2251,3035080046,3,M,682 RALPH AVENUE,11212,16,09,25,55,41,3080790
2252,3035080050,4,M,692 RALPH AVENUE,11212,16,09,25,55,41,3080791
2253,3035080054,5,M,698 RALPH AVENUE,11212,16,09,25,55,41,3080792
2254,3047950016,1,,681 MAPLE STREET,11203,09,09,20,43,40,3106612
2255,3047950016,1,,720 EAST NEW YORK AVENUE,11203,09,09,20,43,40,3106612
2256,3047950016,1,,722 EAST NEW YORK AVENUE,11203,09,09,20,43,40,3106612
2257,3047950016,1,M,728 EAST NEW YORK AVENUE,11203,09,09,20,43,40,3106612
2258,3047950016,1,,730 EAST NEW YORK AVENUE,11203,09,09,20,43,40,3106612
2259,3047950016,1,,726 EAST NEW YORK AVENUE,11203,09,09,20,43,40,3106612
2260,3045940064,1,M,955 RUTLAND ROAD,11212,17,09,19,58,41,3099358
2261,2035930001,1,M,1710 LAFAYETTE AVENUE,10473,09,14,34,85,18,2092700
2262,2035930001,2,M,750 CROES AVENUE,10473,09,14,34,85,18,2092699
2263,2035930001,3,M,710 CROES AVENUE,10473,09,14,34,85,18,2092698
2264,2035930001,4,M,715 NOBLE AVENUE,10473,09,14,34,85,18,2092701
2265,2035940001,5,M,710 NOBLE AVENUE,10473,09,14,34,85,18,2021985
2266,2035940001,5,,712 NOBLE AVENUE,10473,09,14,34,85,18,2021985
2267,2035980017,6,M,740 BEACH AVENUE,10473,09,14,34,85,18,2092707
2268,2035980017,7,M,1810 LAFAYETTE AVENUE,10473,09,14,34,85,18,2092706
2269,2035930001,8,,717GAR NOBLE AVENUE,10473,09,14,34,85,18,2112991
2270,1020120023,,,111 WEST 143RD STREET,10030,10,13,30,71,09,1000000
2271,1020120023,,,113 WEST 143RD STREET,10030,10,13,30,71,09,1000000
2272,1020070044,,,114 WEST 139TH STREET,10030,10,13,30,70,09,1000000
2273,1020110008,,,155 WEST 142ND STREET,10030,10,13,30,71,09,1000000
2274,1020120009,,,155 WEST 143RD STREET,10030,10,13,30,71,09,1000000
2275,1020110007,,,157 WEST 142ND STREET,10030,10,13,30,71,09,1000000
2276,1020120009,,,157 WEST 143RD STREET,10030,10,13,30,71,09,1000000
2277,1020130026,1,M,109 WEST 144TH STREET,10030,10,13,30,71,09,1060169
2278,1020150005,10,M,164 WEST 147TH STREET,10039,10,13,30,71,09,1079768
2279,1020150005,10,,2537 A C POWELL BOULEVARD,10039,10,13,30,71,09,1079768
2280,1020150005,11,M,2533 A C POWELL BOULEVARD,10039,10,13,30,71,09,1079767
2281,1020150005,12,M,2529 A C POWELL BOULEVARD,10039,10,13,30,71,09,1079766
2282,1020150005,13,M,2525 A C POWELL BOULEVARD,10039,10,13,30,71,09,1079765
2283,1020120061,14,M,164 WEST 144TH STREET,10030,10,13,30,71,09,1060155
2284,1020120061,14,,2477 A C POWELL BOULEVARD,10030,10,13,30,71,09,1060155
2285,1020120063,15,M,2473 A C POWELL BOULEVARD,10030,10,13,30,71,09,1060156
2286,1020120064,16,M,2469 A C POWELL BOULEVARD,10030,10,13,30,71,09,1060157
2287,1020120003,17,M,2465 A C POWELL BOULEVARD,10030,10,13,30,71,09,1060129
2288,1020120001,18,,2461 A C POWELL BOULEVARD,10030,10,13,30,71,09,1060128
2289,1020120001,18,M,167 WEST 143RD STREET,10030,10,13,30,71,09,1060128
2290,1020120006,19,M,163 WEST 143RD STREET,10030,10,13,30,71,09,1060130
2291,1020130024,2,M,113 WEST 144TH STREET,10030,10,13,30,71,09,1060168
2292,1020120008,20,M,159 WEST 143RD STREET,10030,10,13,30,71,09,1060131
2293,1020120011,21,M,151 WEST 143RD STREET,10030,10,13,30,71,09,1060132
2294,1020120014,22,M,145 WEST 143RD STREET,10030,10,13,30,71,09,1060133
2295,1020120015,23,M,143 WEST 143RD STREET,10030,10,13,30,71,09,1060134
2296,1020120018,24,M,135 WEST 143RD STREET,10030,10,13,30,71,09,1060136
2297,1020120020,25,M,131 WEST 143RD STREET,10030,10,13,30,71,09,1060137
2298,1020110033,26,M,649 MALCOLM X BOULEVARD,10037,10,13,30,71,09,1060117
2299,1020110031,27,M,645 MALCOLM X BOULEVARD,10037,10,13,30,71,09,1060116
2300,1020110022,28,M,129 WEST 142ND STREET,10030,10,13,30,71,09,1060111
2301,1020110015,29,M,141 WEST 142ND STREET,10030,10,13,30,71,09,1060107
2302,1020090004,39,M,2405 A C POWELL BOULEVARD,10030,10,13,30,70,09,1060060
2303,1020090003,40,M,2403 A C POWELL BOULEVARD,10030,10,13,30,70,09,1060059
2304,1020090001,41,,2401 A C POWELL BOULEVARD,10030,10,13,30,70,09,1060058
2305,1020090001,41,M,173 WEST 140TH STREET,10030,10,13,30,70,09,1060058
2306,1020070057,42,M,138 WEST 139TH STREET,10030,10,13,30,70,09,1060048
2307,1020070056,43,M,136 WEST 139TH STREET,10030,10,13,30,70,09,1060047
2308,1020070042,46,M,110 WEST 139TH STREET,10030,10,13,30,70,09,1060037
2309,1020110009,47,M,151 WEST 142ND STREET,10030,10,13,30,71,09,1076698
2310,1020110009,47,,153 WEST 142ND STREET,10030,10,13,30,71,09,1076698
2311,2026260001,1,M,845 CAULDWELL AVENUE,10456,01,15,32,79,17,2091326
2312,2026260001,1,M,851 CAULDWELL AVENUE,10456,01,15,32,79,17,2091326
2313,2026260001,1,M,855 CAULDWELL AVENUE,10456,01,15,32,79,17,2091326
2314,2026260001,1,M,861 CAULDWELL AVENUE,10456,01,15,32,79,17,2091326
2315,2026260001,1,M,865 CAULDWELL AVENUE,10456,01,15,32,79,17,2091326
2316,2026260001,2,M,821 CAULDWELL AVENUE,10456,01,15,32,79,17,2091325
2317,2026960005,1,M,839 REV JAMES A POLITE AVENUE,10459,02,14,32,85,17,2092000
2318,2026960005,1,M,845 REV JAMES A POLITE AVENUE,10459,02,14,32,85,17,2092000
2319,2026960005,1,M,851 REV JAMES A POLITE AVENUE,10459,02,14,32,85,17,2092000
2320,2026960005,1,M,857 REV JAMES A POLITE AVENUE,10459,02,14,32,85,17,2092000
2321,2026960005,1,M,863 REV JAMES A POLITE AVENUE,10459,02,14,32,85,17,2092000
2322,2026960005,1,M,869 REV JAMES A POLITE AVENUE,10459,02,14,32,85,17,2092000
2323,2026960005,1,M,875 REV JAMES A POLITE AVENUE,10459,02,14,32,85,17,2092000
2324,2026960005,1,M,881 REV JAMES A POLITE AVENUE,10459,02,14,32,85,17,2092000
2325,2026960005,2,M,820 HEWITT PLACE,10459,02,14,32,85,17,2092001
2326,2026960005,2,M,826 HEWITT PLACE,10459,02,14,32,85,17,2092001
2327,2026960005,2,M,832 HEWITT PLACE,10459,02,14,32,85,17,2092001
2328,2026960005,2,M,840 HEWITT PLACE,10459,02,14,32,85,17,2092001
2329,2026960005,2,M,846 HEWITT PLACE,10459,02,14,32,85,17,2092001
2330,2026960005,2,M,852 HEWITT PLACE,10459,02,14,32,85,17,2092001
2331,3013790052,,,1487 SAINT JOHNS PLACE,11213,08,09,20,55,36,3036873
2332,3013790063,1,M,1483 SAINT JOHNS PLACE,11213,08,09,20,55,36,3036877
2333,3013790055,2,M,1491 SAINT JOHNS PLACE,11213,08,09,20,55,36,3036875
2334,3013790031,3,M,1506 STERLING PLACE,11213,08,09,20,55,36,3036861
2335,3013730054,4,M,1511 STERLING PLACE,11213,08,09,20,55,36,3036569
2336,3013810018,5,M,1640 STERLING PLACE,11233,08,09,20,55,41,3036911
2337,3013790008,1,M,1448 STERLING PLACE,11213,08,09,20,55,36,3036855
2338,3013790011,2,M,1452 STERLING PLACE,11213,08,09,20,55,36,3036856
2339,3013800025,3,M,1568 STERLING PLACE,11213,08,09,20,55,36,3036888
2340,3013800028,4,M,1578 STERLING PLACE,11213,08,09,20,55,36,3036889
2341,3013800031,5,M,1588 STERLING PLACE,11213,08,09,20,55,36,3036890
2342,3013800034,6,M,1598 STERLING PLACE,11213,08,09,20,55,36,3036891
2343,3013750002,7,M,225 BUFFALO AVENUE,11213,08,09,20,55,41,3036630
2344,3035100016,,,2041 UNION STREET,11212,16,09,25,55,41,3000000
2345,3035100007,,,2063 UNION STREET,11212,16,09,25,55,41,3000000
2346,3035100006,,,2067 UNION STREET,11212,16,09,25,55,41,3000000
2347,3035100001,1,M,2069 UNION STREET,11212,16,09,25,55,41,3080820
2348,3035100001,1,,2079 UNION STREET,11212,16,09,25,55,41,3080820
2349,3035100011,2,M,2045 UNION STREET,11212,16,09,25,55,41,3080825
2350,3035100011,2,,2055 UNION STREET,11212,16,09,25,55,41,3080825
2351,3035090059,3,,2068 UNION STREET,11212,16,09,25,55,41,3080818
2352,3035090059,3,M,2058 UNION STREET,11212,16,09,25,55,41,3080818
2353,3035490036,,,182 TAPSCOTT STREET,11212,16,09,19,55,41,3423994
2354,,,,188 TAPSCOTT STREET,11212,16,09,19,55,41,
2355,3035490039,,,190 TAPSCOTT STREET,11212,16,09,19,55,41,3081472
2356,3035490041,,,194 TAPSCOTT STREET,11212,16,09,19,55,41,3000000
2357,3035340001,1,M,725 HOWARD AVENUE,11212,16,08,25,55,41,3081227
2358,3035500034,2,,738 HOWARD AVENUE,11212,16,09,19,55,41,3081484
2359,3035500034,2,M,728 HOWARD AVENUE,11212,16,09,19,55,41,3081484
2360,3035490033,3,M,170 TAPSCOTT STREET,11212,16,09,19,55,41,3081471
2361,3035500016,4,,185 TAPSCOTT STREET,11212,16,09,19,55,41,3081483
2362,3035500016,4,M,175 TAPSCOTT STREET,11212,16,09,19,55,41,3081483
2363,3035490036,5,M,184 TAPSCOTT STREET,11212,16,09,19,55,41,3423994
2364,3035500011,6,,197 TAPSCOTT STREET,11212,16,09,19,55,41,3081482
2365,3035500011,6,M,187 TAPSCOTT STREET,11212,16,09,19,55,41,3081482
2366,3035490039,7,M,192 TAPSCOTT STREET,11212,16,09,19,55,41,3081472
2367,3035500006,8,,209 TAPSCOTT STREET,11212,16,09,19,55,41,3081481
2368,3035500006,8,M,199 TAPSCOTT STREET,11212,16,09,19,55,41,3081481
2369,,,,N/A OAKLAND PLACE,,,,,,,
2370,2030940014,1,M,2070 CLINTON AVENUE,10457,06,15,32,79,15,2012652
2371,2031430167,,,2251 WEBSTER AVENUE,10457,05,15,33,86,15,2000000
2372,2031430206,,,2273 WEBSTER AVENUE,10457,05,15,33,86,15,2000000
2373,2031437501,,,2291 WEBSTER AVENUE,10458,05,15,33,86,15,2000000
2374,2031437501,,,2303 WEBSTER AVENUE,10458,05,15,33,86,15,2000000
2375,2031437501,,,371 EAST 183RD STREET,10458,05,15,33,86,15,2130369
2376,2031430206,,,380 EAST 183RD STREET,10458,05,15,33,86,15,2000000
2377,2031430167,,,386 FORD STREET,10457,05,15,33,86,15,2000000
2378,2031437501,,,390 EAST 184TH STREET,10458,05,15,33,86,15,2000000
2379,2031437501,,,394 EAST 184TH STREET,10458,05,15,33,86,15,2000000
2380,2031430155,1,M,"365 FORD STREET, WING D",10457,05,15,33,86,15,2092394
2381,2026780001,1,M,950 UNION AVENUE,10459,03,15,32,79,17,2005015
2382,2026800013,1,M,1135 PROSPECT AVENUE,10459,03,15,32,79,17,2091990
2383,2026800013,2,M,819 EAST 167TH STREET,10459,03,15,32,79,17,2091991
2384,2026800013,2,M,817 EAST 167TH STREET,10459,03,15,32,79,17,2091991
2385,2026800013,2,M,815 EAST 167TH STREET,10459,03,15,32,79,17,2091991
2386,2026800013,2,M,813 EAST 167TH STREET,10459,03,15,32,79,17,2091991
2387,2026800013,2,M,811 EAST 167TH STREET,10459,03,15,32,79,17,2091991
2388,2026800001,3,M,1104 UNION AVENUE,10459,03,15,32,79,17,2091986
2389,2026800001,3,M,1102 UNION AVENUE,10459,03,15,32,79,17,2091986
2390,2026800001,3,M,1100 UNION AVENUE,10459,03,15,32,79,17,2091986
2391,2026800001,3,M,1098 UNION AVENUE,10459,03,15,32,79,17,2091986
2392,2026800001,3,M,1096 UNION AVENUE,10459,03,15,32,79,17,2091986
2393,2026800001,4,M,815 EAST 166TH STREET,10459,03,15,32,79,17,2091985
2394,2026800001,4,M,817 EAST 166TH STREET,10459,03,15,32,79,17,2091985
2395,2026800001,4,M,819 EAST 166TH STREET,10459,03,15,32,79,17,2091985
2396,2026800001,5,M,822 EAST 167TH STREET,10459,03,15,32,79,17,2091983
2397,2026800001,5,M,820 EAST 167TH STREET,10459,03,15,32,79,17,2091983
2398,2026800001,5,M,818 EAST 167TH STREET,10459,03,15,32,79,17,2091983
2399,2026800001,6,M,1111 PROSPECT AVENUE,10459,03,15,32,79,17,2091984
2400,2026800001,6,M,1113 PROSPECT AVENUE,10459,03,15,32,79,17,2091984
2401,2026800001,6,M,1115 PROSPECT AVENUE,10459,03,15,32,79,17,2091984
2402,2028790032,,,1921 UNIVERSITY AVENUE,10453,05,13,31,86,14,2000000
2403,2028790043,1,M,1865 UNIVERSITY AVENUE,10453,05,13,31,86,14,2009058
2404,2028790041,2,M,1875 UNIVERSITY AVENUE,10453,05,13,31,86,14,2009057
2405,2028790033,3,M,1895 UNIVERSITY AVENUE,10453,05,13,31,86,14,2009055
2406,2028790030,4,M,1925 UNIVERSITY AVENUE,10453,05,13,31,86,14,2009054
2407,2028790030,4,M,1927 UNIVERSITY AVENUE,10453,05,13,31,86,14,2009054
2408,1021320047,1,M,501 WEST 176TH STREET,10033,12,13,31,72,10,1063193
2409,1021320047,1,,2340 AMSTERDAM AVENUE,10033,12,13,31,72,10,1063193
2410,1021320047,1,,2346 AMSTERDAM AVENUE,10033,12,13,31,72,10,1063193
2411,1021320047,1,M,500 WEST 177TH STREET,10033,12,13,31,72,10,1063193
2412,1021320110,2,M,503 WEST 177TH STREET,10033,12,13,31,72,10,1063213
2413,1021320114,3,M,511 WEST 177TH STREET,10033,12,13,31,72,10,1063215
2414,1021320100,4,,514 WEST 177TH STREET,10033,12,13,31,72,10,1063209
2415,1021320100,4,M,506 WEST 177TH STREET,10033,12,13,31,72,10,1063209
2416,1021320094,5,M,509 WEST 176TH STREET,10033,12,13,31,72,10,1063207
2417,1021100071,2,M,450 WEST 164TH STREET,10032,12,13,31,72,10,1062623
2418,1021110038,3,M,457 WEST 164TH STREET,10032,12,13,31,72,10,1062639
2419,1021110040,4,M,461 WEST 164TH STREET,10032,12,13,31,72,10,1062640
2420,1021110041,5,M,463 WEST 164TH STREET,10032,12,13,31,72,10,1062641
2421,1021110042,6,M,465 WEST 164TH STREET,10032,12,13,31,72,10,1062642
2422,1021210051,7,M,500 WEST 164TH STREET,10032,12,13,31,72,10,1062903
2423,1021110006,8,,2111 AMSTERDAM AVENUE,10032,12,13,31,72,10,1062631
2424,1021110005,8,M,2109 AMSTERDAM AVENUE,10032,12,13,31,72,10,1062630
2425,1021150060,1,M,545 WEST 156TH STREET,10032,12,13,31,71,10,1062726
2426,1021320106,1,M,502 WEST 177TH STREET,10033,12,13,31,72,10,1063212
2427,1021320084,2,M,506 WEST 176TH STREET,10033,12,13,31,72,10,1063203
2428,1021320082,3,M,510 WEST 176TH STREET,10033,12,13,31,72,10,1063202
2429,1021320080,4,M,514 WEST 176TH STREET,10033,12,13,31,72,10,1063201
2430,3013410001,1,M,1625 DEAN STREET,11213,08,09,20,56,36,3324581
2431,3013410001,1,M,1615 DEAN STREET,11213,08,09,20,56,36,3324581
2432,3013410001,1,M,1605 DEAN STREET,11213,08,09,20,56,36,3324581
2433,3013410001,1,M,1595 DEAN STREET,11213,08,09,20,56,36,3324581
2434,3013410001,1,M,1585 DEAN STREET,11213,08,09,20,56,36,3324581
2435,5001960001,1,M,820 HENDERSON AVENUE,10310,01,11,23,61,49,5095813
2436,5001960001,17,,778GAR HENDERSON AVENUE,10310,01,11,23,61,49,5146063
2437,5001960001,2,M,806 HENDERSON AVENUE,10310,01,11,23,61,49,5095814
2438,5001960001,3,M,780 HENDERSON AVENUE,10310,01,11,23,61,49,5095815
2439,5001960001,4,,770 HENDERSON AVENUE,10310,01,11,23,61,49,5095816
2440,5001960001,4,M,778 HENDERSON AVENUE,10310,01,11,23,61,49,5095816
2441,5001960001,4,,210 BROADWAY,10310,01,11,23,61,49,5095816
2442,5001960001,5,M,810 HENDERSON AVENUE,10310,01,11,23,61,49,5095817
2443,5001960001,5,,814 HENDERSON AVENUE,10310,01,11,23,61,49,5095817
2444,5001960001,6,M,240 BROADWAY,10310,01,11,23,61,49,5095818
2445,5001960001,6,,230 BROADWAY,10310,01,11,23,61,49,5095818
2446,5001960001,7,M,1077 CASTLETON AVENUE,10310,01,11,23,61,49,5095819
2447,5001960001,8,M,1075 CASTLETON AVENUE,10310,01,11,23,61,49,5095820
2448,5001960001,10,M,157 ALASKA STREET,10310,01,11,23,61,49,5095822
2449,5001960001,11,M,155 ALASKA STREET,10310,01,11,23,61,49,5136037
2450,5001960001,12,M,1115 CASTLETON AVENUE,10310,01,11,23,61,49,5095824
2451,5001960001,13,M,1085 CASTLETON AVENUE,10310,01,11,23,61,49,5095825
2452,5001960001,13,,1083 CASTLETON AVENUE,10310,01,11,23,61,49,5095825
2453,5001960001,14,M,1065 CASTLETON AVENUE,10310,01,11,23,61,49,5095826
2454,5001960001,15,M,260 BROADWAY,10310,01,11,23,61,49,5095827
2455,5001960001,16,M,244 BROADWAY,10310,01,11,23,61,49,5095828
2456,5001960001,9,M,159 ALASKA STREET,10310,01,11,23,61,49,5095821
2457,3021400026,1,,327 ROEBLING STREET,11211,01,07,18,50,34,3341975
2458,3021400026,1,M,325 ROEBLING STREET,11211,01,07,18,50,34,3341975
2459,3021400026,1,,333 ROEBLING STREET,11211,01,07,18,50,34,3341975
2460,3021400026,1,,323 ROEBLING STREET,11211,01,07,18,50,34,3341975
2461,3021400026,1,,321 ROEBLING STREET,11211,01,07,18,50,34,3341975
2462,3021400026,2,M,195 DIVISION AVENUE,11211,01,07,18,50,34,3251681
2463,3021410019,3,M,255 HAVEMEYER STREET,11211,01,07,18,50,34,3341976
2464,3021410019,3,,253 HAVEMEYER STREET,11211,01,07,18,50,34,3341976
2465,3030250070,,,139 SCHOLES STREET,11206,01,07,18,53,34,3070826
2466,3030240001,1,M,87 TEN EYCK WALK,11206,01,07,18,53,34,3327883
2467,3030240001,1,,174 LEONARD STREET,11206,01,07,18,53,34,3327883
2468,3030240001,1,M,89 TEN EYCK WALK,11206,01,07,18,53,34,3327883
2469,3030240001,1,,178 LEONARD STREET,11206,01,07,18,53,34,3327883
2470,3030240001,1,,176 LEONARD STREET,11206,01,07,18,53,34,3327883
2471,3030240001,1,M,92 MAUJER STREET,11206,01,07,18,53,34,3327883
2472,3030240001,1,M,90 MAUJER STREET,11206,01,07,18,53,34,3327883
2473,3030240001,1,M,94 MAUJER STREET,11206,01,07,18,53,34,3327883
2474,3030240001,1,M,91 TEN EYCK WALK,11206,01,07,18,53,34,3327883
2475,3030240001,1,M,93 TEN EYCK WALK,11206,01,07,18,53,34,3327883
2476,3030240001,1,M,95 TEN EYCK WALK,11206,01,07,18,53,34,3327883
2477,3030260001,10,M,183 TEN EYCK WALK,11206,01,07,18,53,34,3327889
2478,3030260001,10,M,180 MAUJER STREET,11206,01,07,18,53,34,3327889
2479,3030260001,10,,176 MAUJER STREET,11206,01,07,18,53,34,3327889
2480,3030260001,10,M,178 MAUJER STREET,11206,01,07,18,53,34,3327889
2481,3030260001,10,M,182 MAUJER STREET,11206,01,07,18,53,34,3327889
2482,3030260001,10,M,184 MAUJER STREET,11206,01,07,18,53,34,3327889
2483,3030260001,10,M,185 TEN EYCK WALK,11206,01,07,18,53,34,3327889
2484,3030260001,10,M,187 TEN EYCK WALK,11206,01,07,18,53,34,3327889
2485,3030260001,11,M,164 TEN EYCK WALK,11206,01,07,18,53,34,3344971
2486,3030260001,11,,222 GRAHAM AVENUE,11206,01,07,18,53,34,3344971
2487,3030260001,11,M,166 TEN EYCK WALK,11206,01,07,18,53,34,3344971
2488,3030260001,11,M,168 TEN EYCK WALK,11206,01,07,18,53,34,3344971
2489,3030260001,11,M,169 STAGG WALK,11206,01,07,18,53,34,3344971
2490,3030260001,11,M,181 STAGG WALK,11206,01,07,18,53,34,3344971
2491,3030260001,12,M,186 TEN EYCK WALK,11206,01,07,18,53,34,3327888
2492,3030260001,12,M,188 TEN EYCK WALK,11206,01,07,18,53,34,3327888
2493,3030260001,12,M,190 TEN EYCK WALK,11206,01,07,18,53,34,3327888
2494,3030260001,12,M,197 STAGG WALK,11206,01,07,18,53,34,3327888
2495,3030260001,12,M,199 STAGG WALK,11206,01,07,18,53,34,3327888
2496,3030260001,13,,210 GRAHAM AVENUE,11206,01,07,18,53,34,3344974
2497,3030260001,13,M,160 STAGG WALK,11206,01,07,18,53,34,3344974
2498,3030260001,13,,212 GRAHAM AVENUE,11206,01,07,18,53,34,3344974
2499,3030260001,13,,214 GRAHAM AVENUE,11206,01,07,18,53,34,3344974
2500,3030260001,13,,202 GRAHAM AVENUE,11206,01,07,18,53,34,3344974
2501,3030260001,13,M,165 SCHOLES STREET,11206,01,07,18,53,34,3344974
2502,3030260001,13,M,163 SCHOLES STREET,11206,01,07,18,53,34,3344974
2503,3030260001,13,,208 GRAHAM AVENUE,11206,01,07,18,53,34,3344974
2504,3030260001,13,,206 GRAHAM AVENUE,11206,01,07,18,53,34,3344974
2505,3030260001,13,,204 GRAHAM AVENUE,11206,01,07,18,53,34,3344974
2506,3030260001,13,M,161 SCHOLES STREET,11206,01,07,18,53,34,3344974
2507,3030260001,13,,159 SCHOLES STREET,11206,01,07,18,53,34,3344974
2508,3030260001,13,M,167 SCHOLES STREET,11206,01,07,18,53,34,3344974
2509,3030260001,13,M,169 SCHOLES STREET,11206,01,07,18,53,34,3344974
2510,1012210007,1,M,117 WEST 90TH STREET,10024,07,12,47,69,06,1077128
2511,1012210007,1,,111 WEST 90TH STREET,10024,07,12,47,69,06,1077128
2512,1012210007,1,,114 WEST 91ST STREET,10024,07,12,47,69,06,1077128
2513,1012210007,1,,124 WEST 91ST STREET,10024,07,12,47,69,06,1077128
2514,1012210007,1,M,120 WEST 91ST STREET,10024,07,12,47,69,06,1077128
2515,1012210007,2,M,133 WEST 90TH STREET,10024,07,12,47,69,06,1077129
2516,1012210007,2,M,136 WEST 91ST STREET,10024,07,12,47,69,06,1077129
2517,1012210007,3,,141 WEST 90TH STREET,10024,07,12,47,69,06,1077130
