,level_0,Unnamed: 0,bbl,bldg#,m,direction,house_num,street_name,street_type,zip,full_address,index,development,transfer_date,borough,units,_merge,violationid,buildingid,registrationid,boroid,housenumber,lowhousenumber,highhousenumber,streetname,class,inspectiondate,approveddate,originalcertifybydate,originalcorrectbydate,newcertifybydate,newcorrectbydate,certifieddate,ordernumber,novid,novdescription,novissueddate,currentstatusid,currentstatus,currentstatusdate,novtype,violationstatus,rentimpairing,inspectiondate_year,novissued_year,date_pulled,days_converted,vio_days_after_conversion,yr_post_conversion,days_vio_open,vio_open_range
2226,2283,252,3043550001,1,,,2150,LINDEN,BOULEVARD,11207,2150 LINDEN BOULEVARD,260,BOULEVARD,2021-12-28,BROOKLYN,1441,both,15881690,808713,389841.0,3,2150,2150,2150,LINDEN BOULEVARD,A,2023-03-29,2023-03-29,07/16/2023,07/02/2023,,,,1507.0,8417090.0,"(A) § HMC:FILE ANNUAL BEDBUG REPORT IN ACCORDANCE WITH HPD RULE AS DESCRIBED ON THE BACK OF THIS NOTICE OF VIOLATION OR AS DESCRIBED ON HPDS WEBSITE, WWW.NYC.GOV\HPD, SEARCH BED BUGS.",2023-03-29,9.0,VIOLATION DISMISSED,2023-12-04,Original,Close,N,2023,2023.0,2025-11-23,1426 days,456 days,1,250 days,six months to a year
2227,2284,252,3043550001,1,,,2150,LINDEN,BOULEVARD,11207,2150 LINDEN BOULEVARD,260,BOULEVARD,2021-12-28,BROOKLYN,1441,both,17964225,808713,389841.0,3,2150,2150,2150,LINDEN BOULEVARD,C,2025-06-05,2025-06-09,06/28/2025,06/23/2025,,,06/11/2025,530.0,9825910.0,"§ 27-2005, 27-2007, 27-2041.1 HMC, §238, § 309; § 107 (2) ( C) MDL AND 28 RCNY §25-171: REPLACE OR REPAIR THE SELF-CLOSING DOORS THAT IS MISSING OR DEFECTIVE HINGES AT COMPACTOR HOPPER DOOR AT PUBLIC HALL, 4th STORY",2025-06-09,19.0,VIOLATION CLOSED,2025-07-02,Original,Close,N,2025,2025.0,2025-11-23,1426 days,1255 days,3,23 days,one week to a month
2228,2285,252,3043550001,1,,,2150,LINDEN,BOULEVARD,11207,2150 LINDEN BOULEVARD,260,BOULEVARD,2021-12-28,BROOKLYN,1441,both,17581577,808713,389841.0,3,2150,2150,2150,LINDEN BOULEVARD,C,2024-12-27,2024-12-27,01/09/2025,12/28/2024,,,,670.0,9555331.0,"§ 27-2031 ADM CODE PROVIDE HOT WATER AT ALL HOT WATER FIXTURES IN THE ENTIRE APARTMENT LOCATED AT APT 6A, 6th STORY, 1st APARTMENT FROM NORTH AT EAST , SECTION ''2150''",2024-12-30,22.0,FIRST NO ACCESS TO RE- INSPECT VIOLATION,2025-04-23,Original,Open,Y,2024,2024.0,2025-11-23,1426 days,1095 days,2,328 days,six months to a year
2229,2286,252,3043550001,1,,,2150,LINDEN,BOULEVARD,11207,2150 LINDEN BOULEVARD,260,BOULEVARD,2021-12-28,BROOKLYN,1441,both,17397560,808713,389841.0,3,2150,2150,2150,LINDEN BOULEVARD,C,2024-11-05,2024-11-05,11/25/2024,11/20/2024,,,,530.0,9415268.0,"§ 27-2005, 27-2007, 27-2041.1 HMC, §238, § 309; § 107 (2) ( C) MDL AND 28 RCNY §25-171: REPLACE OR REPAIR THE SELF-CLOSING DOORS THAT IS MISSING OR DEFECTIVE LATCH AT BUILDING ENTRANCE DOOR , 1st STORY",2024-11-06,19.0,VIOLATION CLOSED,2025-04-15,Original,Close,N,2024,2024.0,2025-11-23,1426 days,1043 days,2,160 days,three to six months
2230,2287,252,3043550001,1,,,2150,LINDEN,BOULEVARD,11207,2150 LINDEN BOULEVARD,260,BOULEVARD,2021-12-28,BROOKLYN,1441,both,16092973,808713,389841.0,3,2150,2150,2150,LINDEN BOULEVARD,C,2023-07-13,2023-07-14,08/17/2023,08/12/2023,,,08/15/2024,569.0,8562318.0,"HMC ADM CODE: § 27-2017.4 ABATE THE INFESTATION CONSISTING OF MICE IN THE ENTIRE APARTMENT LOCATED AT APT 2B, 2nd STORY, 2nd APARTMENT FROM NORTH AT EAST",2023-07-17,19.0,VIOLATION CLOSED,2025-07-24,Original,Close,N,2023,2023.0,2025-11-23,1426 days,562 days,1,738 days,more than a year
2231,2288,252,3043550001,1,,,2150,LINDEN,BOULEVARD,11207,2150 LINDEN BOULEVARD,260,BOULEVARD,2021-12-28,BROOKLYN,1441,both,16634544,808713,389841.0,3,2150,2150,2150,LINDEN BOULEVARD,C,2024-01-30,2024-02-01,02/21/2024,02/16/2024,,,,530.0,8924113.0,"§ 27-2005, 27-2007, 27-2041.1 HMC, §238, § 309; § 107 (2) ( C) MDL AND 28 RCNY §25-171: REPLACE OR REPAIR THE SELF-CLOSING DOORS THAT IS MISSING OR DEFECTIVE HINGES AT FIRE DOORS AT ALL STORIES AT PUBLIC HALL, SECTION ''797''",2024-02-02,19.0,VIOLATION CLOSED,2024-03-29,Original,Close,N,2024,2024.0,2025-11-23,1426 days,763 days,2,56 days,one to three months
2232,2289,252,3043550001,1,,,2150,LINDEN,BOULEVARD,11207,2150 LINDEN BOULEVARD,260,BOULEVARD,2021-12-28,BROOKLYN,1441,both,16634542,808713,389841.0,3,2150,2150,2150,LINDEN BOULEVARD,C,2024-01-30,2024-02-01,02/15/2024,02/08/2024,,,02/08/2024,501.0,8924111.0,"§ 27-2005 HMC: PROPERLY REPAIR OR REPLACE THE BROKEN OR DEFECTIVE GLASS PLANE AT LOWER SASH AT 2ND WINDOW FROM EAST AT SOUTH WALL AT PUBLIC HALL, 6th STORY, SECTION ''785''",2024-02-02,9.0,VIOLATION DISMISSED,2024-04-22,Original,Close,N,2024,2024.0,2025-11-23,1426 days,763 days,2,80 days,one to three months
2233,2290,252,3043550001,1,,,2150,LINDEN,BOULEVARD,11207,2150 LINDEN BOULEVARD,260,BOULEVARD,2021-12-28,BROOKLYN,1441,both,16314454,808713,389841.0,3,2150,2150,2150,LINDEN BOULEVARD,C,2023-10-17,2023-10-17,11/18/2023,11/13/2023,,,11/17/2023,568.0,8690081.0,"HMC ADM CODE: § 27-2017.4 ABATE THE INFESTATION CONSISTING OF ROACHES IN THE ENTIRE APARTMENT LOCATED AT APT 5C, 5th STORY, 1st APARTMENT FROM EAST AT SOUTH",2023-10-18,9.0,VIOLATION DISMISSED,2024-01-29,Original,Close,N,2023,2023.0,2025-11-23,1426 days,658 days,1,103 days,three to six months
2234,2291,252,3043550001,1,,,2150,LINDEN,BOULEVARD,11207,2150 LINDEN BOULEVARD,260,BOULEVARD,2021-12-28,BROOKLYN,1441,both,16634541,808713,389841.0,3,2150,2150,2150,LINDEN BOULEVARD,C,2024-01-30,2024-02-01,02/21/2024,02/16/2024,,,,530.0,8924114.0,"§ 27-2005, 27-2007, 27-2041.1 HMC, §238, § 309; § 107 (2) ( C) MDL AND 28 RCNY §25-171: REPLACE OR REPAIR THE SELF-CLOSING DOORS THAT IS MISSING OR DEFECTIVE HINGES AT FIRE DOORS AT ALL STORIES AT PUBLIC HALL, SECTION ''785''",2024-02-02,19.0,VIOLATION CLOSED,2024-03-29,Original,Close,N,2024,2024.0,2025-11-23,1426 days,763 days,2,56 days,one to three months
2235,2292,252,3043550001,1,,,2150,LINDEN,BOULEVARD,11207,2150 LINDEN BOULEVARD,260,BOULEVARD,2021-12-28,BROOKLYN,1441,both,17964216,808713,389841.0,3,2150,2150,2150,LINDEN BOULEVARD,B,2025-06-05,2025-06-09,07/28/2025,07/14/2025,,,06/24/2025,501.0,9825909.0,"§ 27-2005 HMC: PROPERLY REPAIR OR REPLACE THE BROKEN OR DEFECTIVE HEAVY DUTY LOCKSET AT APARTMENT ENTRANCE DOOR , SECTION ''785''",2025-06-09,21.0,NOT COMPLIED WITH,2025-07-06,Original,Open,N,2025,2025.0,2025-11-23,1426 days,1255 days,3,167 days,three to six months
2236,2293,252,3043550001,1,,,2150,LINDEN,BOULEVARD,11207,2150 LINDEN BOULEVARD,260,BOULEVARD,2021-12-28,BROOKLYN,1441,both,15007558,808713,389841.0,3,2150,2150,2150,LINDEN BOULEVARD,A,2022-03-08,2022-03-08,06/25/2022,06/11/2022,,,,1507.0,7794298.0,"(A) § HMC:FILE ANNUAL BEDBUG REPORT IN ACCORDANCE WITH HPD RULE AS DESCRIBED ON THE BACK OF THIS NOTICE OF VIOLATION OR AS DESCRIBED ON HPDS WEBSITE, WWW.NYC.GOV\HPD, SEARCH BED BUGS.",2022-03-08,9.0,VIOLATION DISMISSED,2022-07-25,Original,Close,N,2022,2022.0,2025-11-23,1426 days,70 days,0,139 days,three to six months
2237,2294,252,3043550001,1,,,2150,LINDEN,BOULEVARD,11207,2150 LINDEN BOULEVARD,260,BOULEVARD,2021-12-28,BROOKLYN,1441,both,16314451,808713,389841.0,3,2150,2150,2150,LINDEN BOULEVARD,B,2023-10-17,2023-10-17,12/06/2023,11/22/2023,,,04/25/2025,506.0,8690080.0,"§ 27-2005 ADM CODE REPLACE WITH NEW THE MISSING 2 ESCUTCHEON PLATES AT 2 HEAT RISERS, AT THE CEILING IN THE BATHROOM LOCATED AT APT 5C, 5th STORY, 1st APARTMENT FROM EAST AT SOUTH",2023-10-18,22.0,FIRST NO ACCESS TO RE- INSPECT VIOLATION,2025-06-14,Original,Open,N,2023,2023.0,2025-11-23,1426 days,658 days,1,767 days,more than a year
2238,2295,252,3043550001,1,,,2150,LINDEN,BOULEVARD,11207,2150 LINDEN BOULEVARD,260,BOULEVARD,2021-12-28,BROOKLYN,1441,both,16314455,808713,389841.0,3,2150,2150,2150,LINDEN BOULEVARD,C,2023-10-17,2023-10-17,11/06/2023,11/01/2023,,,11/06/2023,530.0,8690082.0,"§ 27-2005, 27-2007, 27-2041.1 HMC, §238, § 309; § 107 (2) ( C) MDL AND 28 RCNY §25-171: REPLACE OR REPAIR THE SELF-CLOSING DOORS THAT IS MISSING OR DEFECTIVE FIRE DOOR AT NORTH WALL TO PUBLIC STAIRS AT PUBLIC HALL, 1st STORY",2023-10-18,19.0,VIOLATION CLOSED,2024-03-30,Original,Close,N,2023,2023.0,2025-11-23,1426 days,658 days,1,164 days,three to six months
2239,2296,252,3043550001,1,,,2150,LINDEN,BOULEVARD,11207,2150 LINDEN BOULEVARD,260,BOULEVARD,2021-12-28,BROOKLYN,1441,both,16634540,808713,389841.0,3,2150,2150,2150,LINDEN BOULEVARD,C,2024-01-30,2024-02-02,03/07/2024,03/02/2024,,,02/08/2024,791.0,8927833.0,§ 27-2043.1 HMC INSTALL THE MISSING OR REPAIR/REPLACE THE DEFECTIVE WINDOW GUARD(S) THROUGHOUT THE PUBLIC AREAS IN ACCORDANCE WITH THE SPECIFICATIONS OF THE NEW YORK CITY HEALTH CODE SECTION 24 RCNY CHAPTER 12.,2024-02-05,9.0,VIOLATION DISMISSED,2024-04-22,Original,Close,N,2024,2024.0,2025-11-23,1426 days,763 days,2,77 days,one to three months
2240,2297,252,3043550001,1,,,2150,LINDEN,BOULEVARD,11207,2150 LINDEN BOULEVARD,260,BOULEVARD,2021-12-28,BROOKLYN,1441,both,16634543,808713,389841.0,3,2150,2150,2150,LINDEN BOULEVARD,C,2024-01-30,2024-02-01,03/04/2024,02/28/2024,,,02/08/2024,791.0,8924112.0,§ 27-2043.1 HMC INSTALL THE MISSING OR REPAIR/REPLACE THE DEFECTIVE WINDOW GUARD(S) THROUGHOUT THE PUBLIC AREAS IN ACCORDANCE WITH THE SPECIFICATIONS OF THE NEW YORK CITY HEALTH CODE SECTION 24 RCNY CHAPTER 12.,2024-02-02,9.0,VIOLATION DISMISSED,2024-04-22,Original,Close,N,2024,2024.0,2025-11-23,1426 days,763 days,2,80 days,one to three months
2241,2298,252,3043550001,1,,,2150,LINDEN,BOULEVARD,11207,2150 LINDEN BOULEVARD,260,BOULEVARD,2021-12-28,BROOKLYN,1441,both,16634545,808713,389841.0,3,2150,2150,2150,LINDEN BOULEVARD,C,2024-01-30,2024-02-01,02/15/2024,02/08/2024,,,02/08/2024,501.0,8924110.0,"§ 27-2005 HMC: PROPERLY REPAIR OR REPLACE THE BROKEN OR DEFECTIVE GLASS PANE AT LOWER SASH AT 2ND WINDOW FROM EAST AT SOUTH WALL AT PUBLIC HALL, 5th STORY, SECTION ''797''",2024-02-02,9.0,VIOLATION DISMISSED,2024-04-22,Original,Close,N,2024,2024.0,2025-11-23,1426 days,763 days,2,80 days,one to three months
2242,2299,252,3043550001,1,,,2150,LINDEN,BOULEVARD,11207,2150 LINDEN BOULEVARD,260,BOULEVARD,2021-12-28,BROOKLYN,1441,both,17397556,808713,389841.0,3,2150,2150,2150,LINDEN BOULEVARD,C,2024-11-05,2024-11-05,11/18/2024,11/06/2024,,,,670.0,9413557.0,"§ 27-2031 ADM CODE PROVIDE HOT WATER AT ALL HOT WATER FIXTURES IN THE ENTIRE APARTMENT LOCATED AT APT 5B, 5th STORY, 2nd APARTMENT FROM NORTH AT EAST",2024-11-06,19.0,VIOLATION CLOSED,2025-04-15,Original,Close,Y,2024,2024.0,2025-11-23,1426 days,1043 days,2,160 days,three to six months
2243,2300,252,3043550001,1,,,2150,LINDEN,BOULEVARD,11207,2150 LINDEN BOULEVARD,260,BOULEVARD,2021-12-28,BROOKLYN,1441,both,17571630,808713,389841.0,3,2150,2150,2150,LINDEN BOULEVARD,C,2024-12-21,2024-12-22,01/03/2025,12/22/2024,,,,670.0,9546453.0,"§ 27-2031 ADM CODE PROVIDE HOT WATER AT ALL HOT WATER FIXTURES IN THE ENTIRE APARTMENT LOCATED AT APT 4A, 4th STORY, 1st APARTMENT FROM NORTH AT EAST",2024-12-23,19.0,VIOLATION CLOSED,2025-06-16,Original,Close,Y,2024,2024.0,2025-11-23,1426 days,1089 days,2,175 days,three to six months
2244,2301,252,3043550001,1,,,2150,LINDEN,BOULEVARD,11207,2150 LINDEN BOULEVARD,260,BOULEVARD,2021-12-28,BROOKLYN,1441,both,17571631,808713,389841.0,3,2150,2150,2150,LINDEN BOULEVARD,C,2024-12-21,2024-12-22,01/05/2025,12/29/2024,,,01/16/2025,672.0,9549160.0,§ 27-2033 ADM CODE PROVIDE READY ACCESS TO BUILDINGS HEATING SYSTEM LOCKED DOOR AT BOILER ROOM,2024-12-23,19.0,VIOLATION CLOSED,2025-04-15,Original,Close,N,2024,2024.0,2025-11-23,1426 days,1089 days,2,113 days,three to six months
2245,2302,252,3043550001,1,,,2150,LINDEN,BOULEVARD,11207,2150 LINDEN BOULEVARD,260,BOULEVARD,2021-12-28,BROOKLYN,1441,both,17571633,808713,389841.0,3,2150,2150,2150,LINDEN BOULEVARD,C,2024-12-21,2024-12-22,01/11/2025,01/06/2025,,,,530.0,9549162.0,"§ 27-2005, 27-2007, 27-2041.1 HMC, §238, § 309; § 107 (2) ( C) MDL AND 28 RCNY §25-171: REPLACE OR REPAIR THE SELF-CLOSING DOORS THAT IS MISSING OR DEFECTIVE HINGES AT HOPPER DOOR TO COMPACTOR CHUTE AT PUBLIC HALL, 4th STORY",2024-12-23,19.0,VIOLATION CLOSED,2025-06-11,Original,Close,N,2024,2024.0,2025-11-23,1426 days,1089 days,2,170 days,three to six months
2246,2303,252,3043550001,1,,,2150,LINDEN,BOULEVARD,11207,2150 LINDEN BOULEVARD,260,BOULEVARD,2021-12-28,BROOKLYN,1441,both,17964226,808713,389841.0,3,2150,2150,2150,LINDEN BOULEVARD,C,2025-06-05,2025-06-09,06/28/2025,06/23/2025,,,06/11/2025,530.0,9825910.0,"§ 27-2005, 27-2007, 27-2041.1 HMC, §238, § 309; § 107 (2) ( C) MDL AND 28 RCNY §25-171: REPLACE OR REPAIR THE SELF-CLOSING DOORS THAT IS MISSING OR DEFECTIVE HINGES AT COMPACTOR HOPPER DOOR AT PUBLIC HALL, 2nd STORY, SECTION ''785''",2025-06-09,19.0,VIOLATION CLOSED,2025-07-02,Original,Close,N,2025,2025.0,2025-11-23,1426 days,1255 days,3,23 days,one week to a month
2247,2304,252,3043550001,1,,,2150,LINDEN,BOULEVARD,11207,2150 LINDEN BOULEVARD,260,BOULEVARD,2021-12-28,BROOKLYN,1441,both,17397558,808713,389841.0,3,2150,2150,2150,LINDEN BOULEVARD,C,2024-11-05,2024-11-05,11/19/2024,11/12/2024,,,,672.0,9415267.0,§ 27-2033 ADM CODE PROVIDE READY ACCESS TO BUILDINGS HEATING SYSTEM DOOR LOCKED AT BOILER ROOM,2024-11-06,19.0,VIOLATION CLOSED,2025-04-15,Original,Close,N,2024,2024.0,2025-11-23,1426 days,1043 days,2,160 days,three to six months
2248,2305,252,3043550001,1,,,2150,LINDEN,BOULEVARD,11207,2150 LINDEN BOULEVARD,260,BOULEVARD,2021-12-28,BROOKLYN,1441,both,17877858,808713,389841.0,3,2150,2150,2150,LINDEN BOULEVARD,C,2025-05-07,2025-05-07,05/27/2025,05/22/2025,,,06/03/2025,530.0,9748367.0,"§ 27-2005, 27-2007, 27-2041.1 HMC, §238, § 309; § 107 (2) ( C) MDL AND 28 RCNY §25-171: REPLACE OR REPAIR THE SELF-CLOSING DOORS THAT IS MISSING OR DEFECTIVE LATCH AT COMPACTOR CLOSET, 6th STORY",2025-05-08,19.0,VIOLATION CLOSED,2025-08-02,Original,Close,N,2025,2025.0,2025-11-23,1426 days,1226 days,3,86 days,one to three months
2249,2306,252,3043550001,1,,,2150,LINDEN,BOULEVARD,11207,2150 LINDEN BOULEVARD,260,BOULEVARD,2021-12-28,BROOKLYN,1441,both,17571632,808713,389841.0,3,2150,2150,2150,LINDEN BOULEVARD,C,2024-12-21,2024-12-22,01/11/2025,01/06/2025,,,,530.0,9549161.0,"§ 27-2005, 27-2007, 27-2041.1 HMC, §238, § 309; § 107 (2) ( C) MDL AND 28 RCNY §25-171: REPLACE OR REPAIR THE SELF-CLOSING DOORS THAT IS MISSING OR DEFECTIVE HINGES IN THE ENTRANCE LOCATED AT APT 4A, 4th STORY, 1st APARTMENT FROM NORTH AT EAST",2024-12-23,19.0,VIOLATION CLOSED,2025-06-15,Original,Close,N,2024,2024.0,2025-11-23,1426 days,1089 days,2,174 days,three to six months
2250,2307,252,3043550001,1,,,2150,LINDEN,BOULEVARD,11207,2150 LINDEN BOULEVARD,260,BOULEVARD,2021-12-28,BROOKLYN,1441,both,16092974,808713,389841.0,3,2150,2150,2150,LINDEN BOULEVARD,B,2023-07-13,2023-07-14,09/04/2023,08/21/2023,,,02/25/2025,1503.0,8562317.0,"§ 27-2046.1 HMC: REPAIR OR REPLACE THE CARBON MONOXIDE DETECTING DEVICE(S). MISSING IN THE ENTIRE APARTMENT LOCATED AT APT 2B, 2nd STORY, 2nd APARTMENT FROM NORTH AT EAST",2023-07-17,19.0,VIOLATION CLOSED,2025-04-15,Original,Close,N,2023,2023.0,2025-11-23,1426 days,562 days,1,638 days,more than a year
2251,2308,252,3043550001,1,,,2150,LINDEN,BOULEVARD,11207,2150 LINDEN BOULEVARD,260,BOULEVARD,2021-12-28,BROOKLYN,1441,both,16092975,808713,389841.0,3,2150,2150,2150,LINDEN BOULEVARD,B,2023-07-13,2023-07-14,09/04/2023,08/21/2023,,,02/25/2025,702.0,8562317.0,"§ 27-2045 ADM CODE REPAIR OR REPLACE THE SMOKE DETECTOR DEFECTIVE IN THE ENTIRE APARTMENT LOCATED AT APT 2B, 2nd STORY, 2nd APARTMENT FROM NORTH AT EAST",2023-07-17,19.0,VIOLATION CLOSED,2025-04-15,Original,Close,N,2023,2023.0,2025-11-23,1426 days,562 days,1,638 days,more than a year
2252,2309,252,3043550001,1,,,2150,LINDEN,BOULEVARD,11207,2150 LINDEN BOULEVARD,260,BOULEVARD,2021-12-28,BROOKLYN,1441,both,17397557,808713,389841.0,3,2150,2150,2150,LINDEN BOULEVARD,A,2024-11-05,2024-11-06,02/24/2025,02/10/2025,,,02/25/2025,550.0,9417837.0,"§ 27-2017.3 HMC: TRACE AND REPAIR THE SOURCE AND ABATE THE VISIBLE MOLD CONDITION... LESS THAN 10 SQ.FT AT CAULKING AROUND TUB IN THE BATHROOM LOCATED AT APT 5B, 5th STORY, 2nd APARTMENT FROM NORTH AT EAST",2024-11-07,19.0,VIOLATION CLOSED,2025-03-07,Original,Close,N,2024,2024.0,2025-11-23,1426 days,1043 days,2,120 days,three to six months
2253,2310,252,3043550001,1,,,2150,LINDEN,BOULEVARD,11207,2150 LINDEN BOULEVARD,260,BOULEVARD,2021-12-28,BROOKLYN,1441,both,17751678,808713,389841.0,3,2150,2150,2150,LINDEN BOULEVARD,B,2024-11-05,2025-03-07,04/25/2025,04/11/2025,,,03/13/2025,550.0,9660366.0,"§ 27-2017.3 HMC: TRACE AND REPAIR THE SOURCE AND ABATE THE VISIBLE MOLD CONDITION... LESS THAN 10 SQ.FT AT CAULKING AROUND TUB IN THE BATHROOM LOCATED AT APT 5B, 5th STORY, 2nd APARTMENT FROM NORTH AT EAST ORIGINAL VIOLATION 17397557 ISSUED 05-NOV-24 HAS BEEN UPGRADED TO CLASS B PER ADMINISTRATIVE CODE §27-2017.3a(3)(a) or (b).",2025-03-07,9.0,VIOLATION DISMISSED,2025-05-27,Original,Close,N,2024,2025.0,2025-11-23,1426 days,1043 days,2,81 days,one to three months
2254,2311,252,3043550001,1,,,2150,LINDEN,BOULEVARD,11207,2150 LINDEN BOULEVARD,260,BOULEVARD,2021-12-28,BROOKLYN,1441,both,17227679,808713,389841.0,3,2150,2150,2150,LINDEN BOULEVARD,C,2024-08-27,2024-08-27,09/28/2024,09/23/2024,,,,790.0,9310446.0,"§ 27-2043.1 HMC INSTALL THE MISSING OR REPAIR/REPLACE THE DEFECTIVE WINDOW GUARD(S) IN ACCORDANCE WITH THE SPECIFICATIONS OF THE NEW YORK CITY HEALTH CODE SECTION 24 RCNY CHAPTER 12. WG TO INSTALL = 0, WG TO REPLACE = 0, WG TO REPAIR = 3 IN THE ENTIRE APARTMENT LOCATED AT APT 6C, 6th STORY, 1st APARTMENT FROM EAST AT SOUTH",2024-08-28,9.0,VIOLATION DISMISSED,2025-03-25,Original,Close,N,2024,2024.0,2025-11-23,1426 days,973 days,2,209 days,six months to a year
2255,2312,252,3043550001,1,,,2150,LINDEN,BOULEVARD,11207,2150 LINDEN BOULEVARD,260,BOULEVARD,2021-12-28,BROOKLYN,1441,both,16092976,808713,389841.0,3,2150,2150,2150,LINDEN BOULEVARD,B,2023-07-13,2023-07-17,09/05/2023,08/22/2023,,,,508.0,8563865.0,"§ 27-2005 ADM CODE REPAIR THE BROKEN OR DEFECTIVE PLASTERED SURFACES AND PAINT IN A UNIFORM COLOR THE NORTH WALL, SOUTH WALL, EAST WALL, WEST WALL IN THE 1st ROOM FROM EAST LOCATED AT APT 2B, 2nd STORY, 2nd APARTMENT FROM NORTH AT EAST",2023-07-18,19.0,VIOLATION CLOSED,2025-04-15,Original,Close,N,2023,2023.0,2025-11-23,1426 days,562 days,1,637 days,more than a year
2256,2313,252,3043550001,1,,,2150,LINDEN,BOULEVARD,11207,2150 LINDEN BOULEVARD,260,BOULEVARD,2021-12-28,BROOKLYN,1441,both,16092977,808713,389841.0,3,2150,2150,2150,LINDEN BOULEVARD,B,2023-07-13,2023-07-17,09/05/2023,08/22/2023,,,,508.0,8563865.0,"§ 27-2005 ADM CODE REPAIR THE BROKEN OR DEFECTIVE PLASTERED SURFACES AND PAINT IN A UNIFORM COLOR THE NORTH WALL, SOUTH WALL, EAST WALL, WEST WALL IN THE PRIVATE HALLWAY LOCATED AT APT 2B, 2nd STORY, 2nd APARTMENT FROM NORTH AT EAST",2023-07-18,19.0,VIOLATION CLOSED,2025-04-15,Original,Close,N,2023,2023.0,2025-11-23,1426 days,562 days,1,637 days,more than a year
2257,2314,252,3043550001,1,,,2150,LINDEN,BOULEVARD,11207,2150 LINDEN BOULEVARD,260,BOULEVARD,2021-12-28,BROOKLYN,1441,both,16092979,808713,389841.0,3,2150,2150,2150,LINDEN BOULEVARD,A,2023-07-13,2023-07-14,11/03/2023,10/20/2023,,,,554.0,8562316.0,"§ 27-2005 ADM CODE PAINT METAL IN ACCORDANCE WITH DEPT. REGULATION THE RADIATOR AND RISER AT SOUTH WALL IN THE KITCHEN LOCATED AT APT 2B, 2nd STORY, 2nd APARTMENT FROM NORTH AT EAST",2023-07-17,19.0,VIOLATION CLOSED,2025-04-15,Original,Close,N,2023,2023.0,2025-11-23,1426 days,562 days,1,638 days,more than a year
2258,2315,252,3043550001,1,,,2150,LINDEN,BOULEVARD,11207,2150 LINDEN BOULEVARD,260,BOULEVARD,2021-12-28,BROOKLYN,1441,both,16092980,808713,389841.0,3,2150,2150,2150,LINDEN BOULEVARD,A,2023-07-13,2023-07-14,11/03/2023,10/20/2023,,,,556.0,8562316.0,"§ 27-2013 ADM CODE PAINT WITH LIGHT COLORED PAINT TO THE SATISFACTION OF THIS DEPARTMENT THE CEILING IN THE 5th ROOM FROM EAST LOCATED AT APT 2B, 2nd STORY, 2nd APARTMENT FROM NORTH AT EAST",2023-07-17,19.0,VIOLATION CLOSED,2025-04-15,Original,Close,N,2023,2023.0,2025-11-23,1426 days,562 days,1,638 days,more than a year
2259,2316,252,3043550001,1,,,2150,LINDEN,BOULEVARD,11207,2150 LINDEN BOULEVARD,260,BOULEVARD,2021-12-28,BROOKLYN,1441,both,17397559,808713,389841.0,3,2150,2150,2150,LINDEN BOULEVARD,C,2024-11-05,2024-11-05,11/18/2024,11/06/2024,,,,670.0,9413557.0,"§ 27-2031 ADM CODE PROVIDE HOT WATER AT ALL HOT WATER FIXTURES IN THE ENTIRE APARTMENT LOCATED AT APT 5D, 5th STORY, 1st APARTMENT FROM SOUTH AT WEST",2024-11-06,19.0,VIOLATION CLOSED,2025-04-15,Original,Close,Y,2024,2024.0,2025-11-23,1426 days,1043 days,2,160 days,three to six months
2260,2317,252,3043550001,1,,,2150,LINDEN,BOULEVARD,11207,2150 LINDEN BOULEVARD,260,BOULEVARD,2021-12-28,BROOKLYN,1441,both,17397561,808713,389841.0,3,2150,2150,2150,LINDEN BOULEVARD,B,2024-11-05,2024-11-05,12/25/2024,12/11/2024,,,,501.0,9415266.0,"§ 27-2005 HMC: PROPERLY REPAIR OR REPLACE THE BROKEN OR DEFECTIVE LATCH AT BUILDING ENTRANCE DOOR , 1st STORY",2024-11-06,19.0,VIOLATION CLOSED,2025-04-15,Original,Close,N,2024,2024.0,2025-11-23,1426 days,1043 days,2,160 days,three to six months
2261,2318,252,3043550001,1,,,2150,LINDEN,BOULEVARD,11207,2150 LINDEN BOULEVARD,260,BOULEVARD,2021-12-28,BROOKLYN,1441,both,16950718,808713,389841.0,3,2150,2150,2150,LINDEN BOULEVARD,A,2024-05-06,2024-05-10,08/27/2024,08/13/2024,,,,508.0,9153268.0,"§ 27-2005 ADM CODE REPAIR THE BROKEN OR DEFECTIVE PLASTERED SURFACES AND PAINT IN A UNIFORM COLOR AT EAST WALL IN THE 1st ROOM FROM NORTH LOCATED AT APT 6A, 6th STORY, 1st APARTMENT FROM SOUTH AT WEST",2024-05-10,22.0,FIRST NO ACCESS TO RE- INSPECT VIOLATION,2025-04-23,Original,Open,N,2024,2024.0,2025-11-23,1426 days,860 days,2,562 days,more than a year
2262,2319,252,3043550001,1,,,2150,LINDEN,BOULEVARD,11207,2150 LINDEN BOULEVARD,260,BOULEVARD,2021-12-28,BROOKLYN,1441,both,17227671,808713,389841.0,3,2150,2150,2150,LINDEN BOULEVARD,B,2024-08-27,2024-08-27,10/16/2024,10/02/2024,,,,501.0,9310444.0,"§ 27-2005 HMC: PROPERLY REPAIR OR REPLACE THE BROKEN OR DEFECTIVE INTERCOM SYSTEM FROM ENTRANCE TO BUILDING TO INTERCOM SYSTEM AT EAST WALL IN THE FOYER LOCATED AT APT 6C, 6th STORY, 1st APARTMENT FROM EAST AT SOUTH",2024-08-28,21.0,NOT COMPLIED WITH,2025-04-23,Original,Open,N,2024,2024.0,2025-11-23,1426 days,973 days,2,452 days,more than a year
2263,2320,252,3043550001,1,,,2150,LINDEN,BOULEVARD,11207,2150 LINDEN BOULEVARD,260,BOULEVARD,2021-12-28,BROOKLYN,1441,both,17227672,808713,389841.0,3,2150,2150,2150,LINDEN BOULEVARD,B,2024-08-27,2024-08-27,10/16/2024,10/02/2024,,,,508.0,9310444.0,"§ 27-2005 ADM CODE REPAIR THE BROKEN OR DEFECTIVE PLASTERED SURFACES AND PAINT IN A UNIFORM COLOR THE CEILING IN THE KITCHEN LOCATED AT APT 6C, 6th STORY, 1st APARTMENT FROM EAST AT SOUTH",2024-08-28,21.0,NOT COMPLIED WITH,2025-04-23,Original,Open,N,2024,2024.0,2025-11-23,1426 days,973 days,2,452 days,more than a year
2264,2321,252,3043550001,1,,,2150,LINDEN,BOULEVARD,11207,2150 LINDEN BOULEVARD,260,BOULEVARD,2021-12-28,BROOKLYN,1441,both,17227673,808713,389841.0,3,2150,2150,2150,LINDEN BOULEVARD,B,2024-08-27,2024-08-27,10/16/2024,10/02/2024,,,,508.0,9310444.0,"§ 27-2005 ADM CODE REPAIR THE BROKEN OR DEFECTIVE PLASTERED SURFACES AND PAINT IN A UNIFORM COLOR THE CEILING IN THE BATHROOM LOCATED AT APT 6C, 6th STORY, 1st APARTMENT FROM EAST AT SOUTH",2024-08-28,19.0,VIOLATION CLOSED,2025-04-23,Original,Close,N,2024,2024.0,2025-11-23,1426 days,973 days,2,238 days,six months to a year
2265,2322,252,3043550001,1,,,2150,LINDEN,BOULEVARD,11207,2150 LINDEN BOULEVARD,260,BOULEVARD,2021-12-28,BROOKLYN,1441,both,17227674,808713,389841.0,3,2150,2150,2150,LINDEN BOULEVARD,B,2024-08-27,2024-08-27,10/16/2024,10/02/2024,,,,550.0,9310445.0,"§ 27-2017.3 HMC: TRACE AND REPAIR THE SOURCE AND ABATE THE VISIBLE MOLD CONDITION... GREATER THAN 10 SQ/FT AT THE CEILING IN THE BATHROOM LOCATED AT APT 6C, 6th STORY, 1st APARTMENT FROM EAST AT SOUTH",2024-08-28,20.0,DEFECT LETTER ISSUED,2025-06-30,Original,Open,N,2024,2024.0,2025-11-23,1426 days,973 days,2,452 days,more than a year
2266,2323,252,3043550001,1,,,2150,LINDEN,BOULEVARD,11207,2150 LINDEN BOULEVARD,260,BOULEVARD,2021-12-28,BROOKLYN,1441,both,17227675,808713,389841.0,3,2150,2150,2150,LINDEN BOULEVARD,B,2024-08-27,2024-08-27,10/16/2024,10/02/2024,,,,508.0,9310444.0,"§ 27-2005 ADM CODE REPAIR THE BROKEN OR DEFECTIVE PLASTERED SURFACES AND PAINT IN A UNIFORM COLOR THE EAST WALL IN THE PRIVATE HALLWAY LOCATED AT APT 6C, 6th STORY, 1st APARTMENT FROM EAST AT SOUTH",2024-08-28,19.0,VIOLATION CLOSED,2025-04-23,Original,Close,N,2024,2024.0,2025-11-23,1426 days,973 days,2,238 days,six months to a year
2267,2324,252,3043550001,1,,,2150,LINDEN,BOULEVARD,11207,2150 LINDEN BOULEVARD,260,BOULEVARD,2021-12-28,BROOKLYN,1441,both,17227676,808713,389841.0,3,2150,2150,2150,LINDEN BOULEVARD,B,2024-08-27,2024-08-27,10/16/2024,10/02/2024,,,,508.0,9310444.0,"§ 27-2005 ADM CODE REPAIR THE BROKEN OR DEFECTIVE PLASTERED SURFACES AND PAINT IN A UNIFORM COLOR THE CEILING IN THE 4th ROOM FROM NORTH AT EAST LOCATED AT APT 6C, 6th STORY, 1st APARTMENT FROM EAST AT SOUTH",2024-08-28,19.0,VIOLATION CLOSED,2025-04-23,Original,Close,N,2024,2024.0,2025-11-23,1426 days,973 days,2,238 days,six months to a year
2268,2325,252,3043550001,1,,,2150,LINDEN,BOULEVARD,11207,2150 LINDEN BOULEVARD,260,BOULEVARD,2021-12-28,BROOKLYN,1441,both,17227677,808713,389841.0,3,2150,2150,2150,LINDEN BOULEVARD,B,2024-08-27,2024-08-27,10/16/2024,10/02/2024,,,,583.0,9310444.0,"§ 27-2026, 2027 HMC: PROPERLY REPAIR THE SOURCE AND ABATE THE EVIDENCE OF A WATER LEAK AT THE CEILING IN THE 4th ROOM FROM NORTH AT EAST LOCATED AT APT 6C, 6th STORY, 1st APARTMENT FROM EAST AT SOUTH",2024-08-28,19.0,VIOLATION CLOSED,2025-04-23,Original,Close,N,2024,2024.0,2025-11-23,1426 days,973 days,2,238 days,six months to a year
2269,2326,252,3043550001,1,,,2150,LINDEN,BOULEVARD,11207,2150 LINDEN BOULEVARD,260,BOULEVARD,2021-12-28,BROOKLYN,1441,both,17227678,808713,389841.0,3,2150,2150,2150,LINDEN BOULEVARD,B,2024-08-27,2024-08-27,10/16/2024,10/02/2024,,,,508.0,9310444.0,"§ 27-2005 ADM CODE REPAIR THE BROKEN OR DEFECTIVE PLASTERED SURFACES AND PAINT IN A UNIFORM COLOR THE CEILING IN THE 4th ROOM FROM NORTH AT WEST LOCATED AT APT 6C, 6th STORY, 1st APARTMENT FROM EAST AT SOUTH",2024-08-28,19.0,VIOLATION CLOSED,2025-04-23,Original,Close,N,2024,2024.0,2025-11-23,1426 days,973 days,2,238 days,six months to a year
2270,2327,252,3043550001,1,,,2150,LINDEN,BOULEVARD,11207,2150 LINDEN BOULEVARD,260,BOULEVARD,2021-12-28,BROOKLYN,1441,both,17599809,808713,389841.0,3,2150,2150,2150,LINDEN BOULEVARD,B,2025-01-05,2025-01-05,02/24/2025,02/10/2025,,,,508.0,9566222.0,"§ 27-2005 ADM CODE REPAIR THE BROKEN OR DEFECTIVE PLASTERED SURFACES AND PAINT IN A UNIFORM COLOR AT CEILING IN THE BATHROOM LOCATED AT APT 6C, 6th STORY, 1st APARTMENT FROM EAST AT SOUTH",2025-01-06,19.0,VIOLATION CLOSED,2025-04-23,Original,Close,N,2025,2025.0,2025-11-23,1426 days,1104 days,3,107 days,three to six months
2271,2328,252,3043550001,1,,,2150,LINDEN,BOULEVARD,11207,2150 LINDEN BOULEVARD,260,BOULEVARD,2021-12-28,BROOKLYN,1441,both,17851015,808713,389841.0,3,2150,2150,2150,LINDEN BOULEVARD,C,2025-04-21,2025-04-23,05/13/2025,05/08/2025,,,05/15/2025,530.0,9728236.0,"§ 27-2005, 27-2007, 27-2041.1 HMC, §238, § 309; § 107 (2) ( C) MDL AND 28 RCNY §25-171: REPLACE OR REPAIR THE SELF-CLOSING DOORS THAT IS MISSING OR DEFECTIVE HINGES IN THE ENTRANCE LOCATED AT APT 4A, 4th STORY, 1st APARTMENT FROM WEST AT NORTH",2025-04-24,19.0,VIOLATION CLOSED,2025-06-15,Original,Close,N,2025,2025.0,2025-11-23,1426 days,1210 days,3,52 days,one to three months
2272,2329,252,3043550001,1,,,2150,LINDEN,BOULEVARD,11207,2150 LINDEN BOULEVARD,260,BOULEVARD,2021-12-28,BROOKLYN,1441,both,16092978,808713,389841.0,3,2150,2150,2150,LINDEN BOULEVARD,B,2023-07-13,2023-07-14,09/04/2023,08/21/2023,,,04/25/2025,508.0,8562317.0,"§ 27-2005 ADM CODE REPAIR THE BROKEN OR DEFECTIVE PLASTERED SURFACES AND PAINT IN A UNIFORM COLOR THE CEILING, WEST WALL, NORTH WALL IN THE BATHROOM LOCATED AT APT 2B, 2nd STORY, 2nd APARTMENT FROM NORTH AT EAST",2023-07-17,19.0,VIOLATION CLOSED,2025-06-15,Original,Close,N,2023,2023.0,2025-11-23,1426 days,562 days,1,699 days,more than a year
2273,2330,252,3043550001,1,,,2150,LINDEN,BOULEVARD,11207,2150 LINDEN BOULEVARD,260,BOULEVARD,2021-12-28,BROOKLYN,1441,both,16314452,808713,389841.0,3,2150,2150,2150,LINDEN BOULEVARD,B,2023-10-17,2023-10-17,12/06/2023,11/22/2023,,,04/25/2025,509.0,8690080.0,"§ 27-2005 ADM CODE PROPERLY SECURE THE LOOSE ESCUTCHEON PLATE AT THE DOWN DRAIN AT THE CEILING IN THE BATHROOM LOCATED AT APT 5C, 5th STORY, 1st APARTMENT FROM EAST AT SOUTH",2023-10-18,22.0,FIRST NO ACCESS TO RE- INSPECT VIOLATION,2025-06-14,Original,Open,N,2023,2023.0,2025-11-23,1426 days,658 days,1,767 days,more than a year
2274,2331,252,3043550001,1,,,2150,LINDEN,BOULEVARD,11207,2150 LINDEN BOULEVARD,260,BOULEVARD,2021-12-28,BROOKLYN,1441,both,16314453,808713,389841.0,3,2150,2150,2150,LINDEN BOULEVARD,B,2023-10-17,2023-10-17,12/06/2023,11/22/2023,,,04/25/2025,506.0,8690080.0,"§ 27-2005 ADM CODE REPLACE WITH NEW THE MISSING (2) ESCUTCHEON PLATES AT (2) HEAT RISER, AT THE CEILING IN THE KITCHEN LOCATED AT APT 5C, 5th STORY, 1st APARTMENT FROM EAST AT SOUTH",2023-10-18,22.0,FIRST NO ACCESS TO RE- INSPECT VIOLATION,2025-06-14,Original,Open,N,2023,2023.0,2025-11-23,1426 days,658 days,1,767 days,more than a year
2275,2332,252,3043550001,1,,,2150,LINDEN,BOULEVARD,11207,2150 LINDEN BOULEVARD,260,BOULEVARD,2021-12-28,BROOKLYN,1441,both,17877857,808713,389841.0,3,2150,2150,2150,LINDEN BOULEVARD,C,2025-05-07,2025-05-07,05/27/2025,05/22/2025,,,,530.0,9748367.0,"§ 27-2005, 27-2007, 27-2041.1 HMC, §238, § 309; § 107 (2) ( C) MDL AND 28 RCNY §25-171: REPLACE OR REPAIR THE SELF-CLOSING DOORS THAT IS MISSING OR DEFECTIVE HINGES, BUILDING ENTRANCE DOOR",2025-05-08,19.0,VIOLATION CLOSED,2025-08-02,Original,Close,N,2025,2025.0,2025-11-23,1426 days,1226 days,3,86 days,one to three months
2276,2333,257,3043550001,10,,,773,STANLEY,AVENUE,11207,773 STANLEY AVENUE,260,BOULEVARD,2021-12-28,BROOKLYN,1441,both,16068030,809557,389844.0,3,773,773,773,STANLEY AVENUE,B,2023-06-29,2023-06-29,08/18/2023,08/04/2023,,,08/18/2023,1503.0,8542944.0,"§ 27-2046.1 HMC: REPAIR OR REPLACE THE CARBON MONOXIDE DETECTING DEVICE(S). MISSING IN THE ENTIRE APARTMENT LOCATED AT APT 2B, 2nd STORY, 2nd APARTMENT FROM SOUTH AT WEST",2023-06-30,9.0,VIOLATION DISMISSED,2023-10-30,Original,Close,N,2023,2023.0,2025-11-23,1426 days,548 days,1,122 days,three to six months
2277,2334,257,3043550001,10,,,773,STANLEY,AVENUE,11207,773 STANLEY AVENUE,260,BOULEVARD,2021-12-28,BROOKLYN,1441,both,16606099,809557,389844.0,3,773,773,773,STANLEY AVENUE,C,2024-01-19,2024-02-05,02/19/2024,02/12/2024,,,02/12/2024,672.0,8929523.0,§ 27-2033 ADM CODE PROVIDE READY ACCESS TO BUILDINGS HEATING SYSTEM DOOR LOCKED AT CELLAR AT BOILER ROOM,2024-02-06,19.0,VIOLATION CLOSED,2024-03-10,Original,Close,N,2024,2024.0,2025-11-23,1426 days,752 days,2,33 days,one to three months
2278,2335,257,3043550001,10,,,773,STANLEY,AVENUE,11207,773 STANLEY AVENUE,260,BOULEVARD,2021-12-28,BROOKLYN,1441,both,17630674,809557,389844.0,3,773,773,773,STANLEY AVENUE,C,2025-01-18,2025-01-18,01/31/2025,01/19/2025,,,,670.0,9586209.0,"§ 27-2031 ADM CODE PROVIDE HOT WATER AT ALL HOT WATER FIXTURES IN THE ENTIRE APARTMENT LOCATED AT APT 6C, 6th STORY, 1st APARTMENT FROM WEST AT NORTH",2025-01-21,9.0,VIOLATION DISMISSED,2025-02-09,Original,Close,Y,2025,2025.0,2025-11-23,1426 days,1117 days,3,19 days,one week to a month
2279,2336,257,3043550001,10,,,773,STANLEY,AVENUE,11207,773 STANLEY AVENUE,260,BOULEVARD,2021-12-28,BROOKLYN,1441,both,18213761,809557,389844.0,3,773,773,773,STANLEY AVENUE,A,2025-09-08,2025-09-08,12/27/2025,12/13/2025,,,09/29/2025,506.0,9985077.0,"§ 27-2005 ADM CODE REPLACE WITH NEW THE MISSING EAST CLOSET DOOR 2ND CLOSET FROM NORTH AT EAST WALL IN THE 1st ROOM FROM NORTH LOCATED AT APT 1F, 1st STORY, 1st APARTMENT FROM SOUTH AT WEST",2025-09-09,10.0,CIV14 MAILED,2025-09-30,Original,Open,N,2025,2025.0,2025-11-23,1426 days,1350 days,3,75 days,one to three months
2280,2337,257,3043550001,10,,,773,STANLEY,AVENUE,11207,773 STANLEY AVENUE,260,BOULEVARD,2021-12-28,BROOKLYN,1441,both,15382404,809557,389844.0,3,773,773,773,STANLEY AVENUE,C,2022-09-22,2022-09-23,10/15/2022,10/10/2022,,,,530.0,8050736.0,"§ 27-2005, 27-2007, 27-2041.1 HMC: REPLACE OR REPAIR THE SELF-CLOSING DOORS THAT IS MISSING OR DEFECTIVE ... IN THE ENTRANCE LOCATED AT APT 2B, 2nd STORY, 1st APARTMENT FROM SOUTH AT WEST",2022-09-26,19.0,VIOLATION CLOSED,2025-06-30,Original,Close,N,2022,2022.0,2025-11-23,1426 days,268 days,0,1008 days,more than a year
2281,2338,257,3043550001,10,,,773,STANLEY,AVENUE,11207,773 STANLEY AVENUE,260,BOULEVARD,2021-12-28,BROOKLYN,1441,both,17511058,809557,389844.0,3,773,773,773,STANLEY AVENUE,C,2024-12-05,2024-12-07,01/09/2025,01/04/2025,,,02/25/2025,568.0,9527955.0,"HMC ADM CODE: § 27-2017.4 ABATE THE INFESTATION CONSISTING OF ROACHES IN THE ENTIRE APARTMENT LOCATED AT APT 5B, 5th STORY, 2nd APARTMENT FROM SOUTH AT WEST",2024-12-09,19.0,VIOLATION CLOSED,2025-07-24,Original,Close,N,2024,2024.0,2025-11-23,1426 days,1073 days,2,227 days,six months to a year
2282,2339,257,3043550001,10,,,773,STANLEY,AVENUE,11207,773 STANLEY AVENUE,260,BOULEVARD,2021-12-28,BROOKLYN,1441,both,16171775,809557,389844.0,3,773,773,773,STANLEY AVENUE,B,2023-08-17,2023-08-17,10/06/2023,09/22/2023,,,,508.0,8605186.0,"§ 27-2005 ADM CODE REPAIR THE BROKEN OR DEFECTIVE PLASTERED SURFACES AND PAINT IN A UNIFORM COLOR SOUTH CLOSET WALL IN THE FOYER LOCATED AT APT 2B, 2nd STORY, 2nd APARTMENT FROM EAST AT SOUTH",2023-08-18,19.0,VIOLATION CLOSED,2025-06-30,Original,Close,N,2023,2023.0,2025-11-23,1426 days,597 days,1,682 days,more than a year
2283,2340,257,3043550001,10,,,773,STANLEY,AVENUE,11207,773 STANLEY AVENUE,260,BOULEVARD,2021-12-28,BROOKLYN,1441,both,17574855,809557,389844.0,3,773,773,773,STANLEY AVENUE,B,2024-12-23,2024-12-27,02/17/2025,02/03/2025,,,02/12/2025,507.0,9557596.0,"§ 27-2005 ADM CODE REPAIR THE ROOF SO THAT IT WILL NOT LEAK OVER CEILING IN THE 4th ROOM FROM NORTH LOCATED AT APT 6C, 6th STORY, 1st APARTMENT FROM WEST AT NORTH",2024-12-30,9.0,VIOLATION DISMISSED,2025-04-25,Original,Close,Y,2024,2024.0,2025-11-23,1426 days,1091 days,2,116 days,three to six months
2284,2341,257,3043550001,10,,,773,STANLEY,AVENUE,11207,773 STANLEY AVENUE,260,BOULEVARD,2021-12-28,BROOKLYN,1441,both,17574856,809557,389844.0,3,773,773,773,STANLEY AVENUE,B,2024-12-23,2024-12-27,02/17/2025,02/03/2025,,,02/12/2025,507.0,9557596.0,"§ 27-2005 ADM CODE REPAIR THE ROOF SO THAT IT WILL NOT LEAK OVER CEILING IN THE 1st ROOM FROM NORTH AT EAST LOCATED AT APT 6C, 6th STORY, 1st APARTMENT FROM WEST AT NORTH",2024-12-30,9.0,VIOLATION DISMISSED,2025-04-25,Original,Close,Y,2024,2024.0,2025-11-23,1426 days,1091 days,2,116 days,three to six months
2285,2342,257,3043550001,10,,,773,STANLEY,AVENUE,11207,773 STANLEY AVENUE,260,BOULEVARD,2021-12-28,BROOKLYN,1441,both,17574857,809557,389844.0,3,773,773,773,STANLEY AVENUE,B,2024-12-23,2024-12-27,02/17/2025,02/03/2025,,,02/12/2025,507.0,9557596.0,"§ 27-2005 ADM CODE REPAIR THE ROOF SO THAT IT WILL NOT LEAK OVER CEILING IN THE 1st ROOM FROM NORTH AT WEST LOCATED AT APT 6C, 6th STORY, 1st APARTMENT FROM WEST AT NORTH",2024-12-30,9.0,VIOLATION DISMISSED,2025-04-25,Original,Close,Y,2024,2024.0,2025-11-23,1426 days,1091 days,2,116 days,three to six months
2286,2343,257,3043550001,10,,,773,STANLEY,AVENUE,11207,773 STANLEY AVENUE,260,BOULEVARD,2021-12-28,BROOKLYN,1441,both,15764032,809557,389844.0,3,773,773,773,STANLEY AVENUE,B,2023-03-08,2023-03-08,04/27/2023,04/13/2023,,,,505.0,8318411.0,"§ 27-2005 ADM CODE REPLACE WITH NEW THE BROKEN OR DEFECTIVE RUBBER GASKET AT LOWER REFRIGERATOR DOOR IN THE KITCHEN LOCATED AT APT 2B, 2nd STORY, 2nd APARTMENT FROM SOUTH AT WEST",2023-03-09,19.0,VIOLATION CLOSED,2025-06-30,Original,Close,N,2023,2023.0,2025-11-23,1426 days,435 days,1,844 days,more than a year
2287,2344,257,3043550001,10,,,773,STANLEY,AVENUE,11207,773 STANLEY AVENUE,260,BOULEVARD,2021-12-28,BROOKLYN,1441,both,17630671,809557,389844.0,3,773,773,773,STANLEY AVENUE,B,2025-01-18,2025-01-19,03/11/2025,02/25/2025,,,05/08/2025,508.0,9589560.0,"§ 27-2005 ADM CODE REPAIR THE BROKEN OR DEFECTIVE PLASTERED SURFACES AND PAINT IN A UNIFORM COLOR THE CEILING IN THE 1st ROOM FROM NORTH AT WEST LOCATED AT APT 6C, 6th STORY, 1st APARTMENT FROM WEST AT NORTH",2025-01-21,19.0,VIOLATION CLOSED,2025-07-08,Original,Close,N,2025,2025.0,2025-11-23,1426 days,1117 days,3,168 days,three to six months
2288,2345,257,3043550001,10,,,773,STANLEY,AVENUE,11207,773 STANLEY AVENUE,260,BOULEVARD,2021-12-28,BROOKLYN,1441,both,17630672,809557,389844.0,3,773,773,773,STANLEY AVENUE,B,2025-01-18,2025-01-19,03/11/2025,02/25/2025,,,05/08/2025,507.0,9589560.0,"§ 27-2005 ADM CODE REPAIR THE ROOF SO THAT IT WILL NOT LEAK OVER THE CEILING IN THE 1st ROOM FROM NORTH AT WEST LOCATED AT APT 6C, 6th STORY, 1st APARTMENT FROM WEST AT NORTH",2025-01-21,19.0,VIOLATION CLOSED,2025-07-08,Original,Close,Y,2025,2025.0,2025-11-23,1426 days,1117 days,3,168 days,three to six months
2289,2346,257,3043550001,10,,,773,STANLEY,AVENUE,11207,773 STANLEY AVENUE,260,BOULEVARD,2021-12-28,BROOKLYN,1441,both,15764029,809557,389844.0,3,773,773,773,STANLEY AVENUE,A,2023-03-08,2023-03-08,06/26/2023,06/12/2023,,,,502.0,8318410.0,"§ 27-2005 ADM CODE PROPERLY REPAIR WITH SIMILAR MATERIAL THE BROKEN OR DEFECTIVE VINYL FLOOR TILES IN THE 5th ROOM FROM EAST LOCATED AT APT 2B, 2nd STORY, 2nd APARTMENT FROM SOUTH AT WEST",2023-03-09,19.0,VIOLATION CLOSED,2025-06-30,Original,Close,N,2023,2023.0,2025-11-23,1426 days,435 days,1,844 days,more than a year
2290,2347,257,3043550001,10,,,773,STANLEY,AVENUE,11207,773 STANLEY AVENUE,260,BOULEVARD,2021-12-28,BROOKLYN,1441,both,16068026,809557,389844.0,3,773,773,773,STANLEY AVENUE,B,2023-06-29,2023-06-29,08/18/2023,08/04/2023,,,,509.0,8542944.0,"§ 27-2005 ADM CODE PROPERLY SECURE THE LOOSE TOILET TANK IN THE BATHROOM LOCATED AT APT 2B, 2nd STORY, 2nd APARTMENT FROM SOUTH AT WEST",2023-06-30,19.0,VIOLATION CLOSED,2025-06-30,Original,Close,N,2023,2023.0,2025-11-23,1426 days,548 days,1,731 days,more than a year
2291,2348,257,3043550001,10,,,773,STANLEY,AVENUE,11207,773 STANLEY AVENUE,260,BOULEVARD,2021-12-28,BROOKLYN,1441,both,16739681,809557,389844.0,3,773,773,773,STANLEY AVENUE,C,2024-03-06,2024-03-15,04/06/2024,04/01/2024,,,04/05/2024,530.0,8992709.0,"§ 27-2005, 27-2007, 27-2041.1 HMC, §238, § 309; § 107 (2) ( C) MDL AND 28 RCNY §25-171: REPLACE OR REPAIR THE SELF-CLOSING DOORS THAT IS MISSING OR DEFECTIVE FIRE STAIR DOOR AT PUBLIC HALL, 5th STORY",2024-03-18,19.0,VIOLATION CLOSED,2024-04-12,Original,Close,N,2024,2024.0,2025-11-23,1426 days,799 days,2,25 days,one week to a month
2292,2349,257,3043550001,10,,,773,STANLEY,AVENUE,11207,773 STANLEY AVENUE,260,BOULEVARD,2021-12-28,BROOKLYN,1441,both,16606098,809557,389844.0,3,773,773,773,STANLEY AVENUE,C,2024-01-19,2024-01-21,02/01/2024,01/20/2024,,,02/01/2024,666.0,8901006.0,"§ 27-2029 ADM CODE PROVIDE AN ADEQUATE SUPPLY OF HEAT FOR THE APARTMENT IN THE 5th ROOM FROM EAST LOCATED AT APT 6B, 6th STORY, 2nd APARTMENT FROM SOUTH AT WEST",2024-01-22,19.0,VIOLATION CLOSED,2024-03-10,Original,Close,Y,2024,2024.0,2025-11-23,1426 days,752 days,2,48 days,one to three months
2293,2350,257,3043550001,10,,,773,STANLEY,AVENUE,11207,773 STANLEY AVENUE,260,BOULEVARD,2021-12-28,BROOKLYN,1441,both,17630675,809557,389844.0,3,773,773,773,STANLEY AVENUE,C,2025-01-18,2025-01-19,02/03/2025,01/27/2025,,,01/31/2025,672.0,9589562.0,§ 27-2033 ADM CODE PROVIDE READY ACCESS TO BUILDINGS HEATING SYSTEM LOCKED DOOR AT BOILER ROOM,2025-01-21,19.0,VIOLATION CLOSED,2025-06-30,Original,Close,N,2025,2025.0,2025-11-23,1426 days,1117 days,3,160 days,three to six months
2294,2351,257,3043550001,10,,,773,STANLEY,AVENUE,11207,773 STANLEY AVENUE,260,BOULEVARD,2021-12-28,BROOKLYN,1441,both,16703259,809557,389844.0,3,773,773,773,STANLEY AVENUE,B,2024-02-27,2024-02-27,04/17/2024,04/03/2024,,,04/17/2024,522.0,8963396.0,"§ 27-2005, 2007 ADM CODE FIRE EGRESS DEFECTIVE. REMOVE OBSTRUCTING BARS OR UNLAWFUL GATES FROM AT LEAST 1 WINDOW OR PROVIDE APPROVED TYPE GATE .. IN THE ENTIRE APARTMENT LOCATED AT APT 1A, 1st STORY, 1st APARTMENT FROM SOUTH AT WEST",2024-02-28,9.0,VIOLATION DISMISSED,2024-06-28,Original,Close,N,2024,2024.0,2025-11-23,1426 days,791 days,2,121 days,three to six months
2295,2352,257,3043550001,10,,,773,STANLEY,AVENUE,11207,773 STANLEY AVENUE,260,BOULEVARD,2021-12-28,BROOKLYN,1441,both,16949214,809557,389844.0,3,773,773,773,STANLEY AVENUE,B,2024-05-04,2024-05-05,06/24/2024,06/10/2024,,,,508.0,9146282.0,"§ 27-2005 ADM CODE REPAIR THE BROKEN OR DEFECTIVE PLASTERED SURFACES AND PAINT IN A UNIFORM COLOR AT SOUTH WALL AND CEILING IN THE PRIVATE HALLWAY LOCATED AT APT 5B, 5th STORY, 2nd APARTMENT FROM SOUTH AT WEST",2024-05-06,19.0,VIOLATION CLOSED,2025-06-30,Original,Close,N,2024,2024.0,2025-11-23,1426 days,858 days,2,420 days,more than a year
2296,2353,257,3043550001,10,,,773,STANLEY,AVENUE,11207,773 STANLEY AVENUE,260,BOULEVARD,2021-12-28,BROOKLYN,1441,both,16739676,809557,389844.0,3,773,773,773,STANLEY AVENUE,A,2024-03-06,2024-03-15,07/05/2024,06/21/2024,,,03/27/2024,500.0,8992708.0,"§ 26-1103 ADMIN. CODE: POST AND MAINTAIN A PROPER NOTICE ON WALL OF THE ENTRANCE STORY IN ENGLISH AND SPANISH ON THE AVAILABILITY OF THE AGENCYS HOUSING INFORMATION GUIDE. A SAMPLE NOTICE CAN BE FOUND AT WWW.NYC.GOV/HPD. AT PUBLIC HALL, 1st STORY",2024-03-18,9.0,VIOLATION DISMISSED,2024-06-07,Original,Close,N,2024,2024.0,2025-11-23,1426 days,799 days,2,81 days,one to three months
2297,2354,257,3043550001,10,,,773,STANLEY,AVENUE,11207,773 STANLEY AVENUE,260,BOULEVARD,2021-12-28,BROOKLYN,1441,both,17253954,809557,389844.0,3,773,773,773,STANLEY AVENUE,C,2024-09-09,2024-09-09,09/29/2024,09/24/2024,,,,530.0,9328932.0,"§ 27-2005, 27-2007, 27-2041.1 HMC, §238, § 309; § 107 (2) ( C) MDL AND 28 RCNY §25-171: REPLACE OR REPAIR THE SELF-CLOSING DOORS THAT IS MISSING OR DEFECTIVE HINGES AT TRASH CHUTE DOOR AT PUBLIC HALL, 3rd STORY",2024-09-10,19.0,VIOLATION CLOSED,2024-10-31,Original,Close,N,2024,2024.0,2025-11-23,1426 days,986 days,2,51 days,one to three months
2298,2355,257,3043550001,10,,,773,STANLEY,AVENUE,11207,773 STANLEY AVENUE,260,BOULEVARD,2021-12-28,BROOKLYN,1441,both,18209118,809557,389844.0,3,773,773,773,STANLEY AVENUE,B,2025-09-03,2025-09-04,10/24/2025,10/10/2025,,,09/22/2025,508.0,9980715.0,"§ 27-2005 ADM CODE REPAIR THE BROKEN OR DEFECTIVE PLASTERED SURFACES AND PAINT IN A UNIFORM COLOR AT CEILING AND ALL WALLS IN THE KITCHEN LOCATED AT APT 2B, 2nd STORY, 2nd APARTMENT FROM SOUTH AT WEST",2025-09-05,10.0,CIV14 MAILED,2025-09-23,Original,Open,N,2025,2025.0,2025-11-23,1426 days,1345 days,3,79 days,one to three months
2299,2356,257,3043550001,10,,,773,STANLEY,AVENUE,11207,773 STANLEY AVENUE,260,BOULEVARD,2021-12-28,BROOKLYN,1441,both,17253955,809557,389844.0,3,773,773,773,STANLEY AVENUE,C,2024-09-09,2024-09-09,09/23/2024,09/16/2024,,,,501.0,9328931.0,"§ 27-2005 HMC: PROPERLY REPAIR OR REPLACE THE BROKEN OR DEFECTIVE LATCH AT BUILDING ENTRANCE DOOR , 1st STORY",2024-09-10,19.0,VIOLATION CLOSED,2025-06-30,Original,Close,N,2024,2024.0,2025-11-23,1426 days,986 days,2,293 days,six months to a year
2300,2357,257,3043550001,10,,,773,STANLEY,AVENUE,11207,773 STANLEY AVENUE,260,BOULEVARD,2021-12-28,BROOKLYN,1441,both,15274804,809557,389844.0,3,773,773,773,STANLEY AVENUE,C,2022-07-18,2022-07-19,08/02/2022,07/26/2022,,,09/03/2022,536.0,7978123.0,"§ 27-2005, 2007 ADM CODE REMOVE DEVICE PREVENTING DOOR FROM BEING SELF-CLOSING DOOR SWEEP INSTALLED AT DOOR IN THE ENTRANCE LOCATED AT APT 2B, 2nd STORY, 2nd APARTMENT FROM SOUTH AT WEST",2022-07-20,19.0,VIOLATION CLOSED,2025-06-30,Original,Close,N,2022,2022.0,2025-11-23,1426 days,202 days,0,1076 days,more than a year
2301,2358,257,3043550001,10,,,773,STANLEY,AVENUE,11207,773 STANLEY AVENUE,260,BOULEVARD,2021-12-28,BROOKLYN,1441,both,16068029,809557,389844.0,3,773,773,773,STANLEY AVENUE,B,2023-06-29,2023-06-29,08/18/2023,08/04/2023,,,,508.0,8542944.0,"§ 27-2005 ADM CODE REPAIR THE BROKEN OR DEFECTIVE PLASTERED SURFACES AND PAINT IN A UNIFORM COLOR THE EAST SOUTH AND WEST WALL IN THE BATHROOM LOCATED AT APT 2B, 2nd STORY, 2nd APARTMENT FROM SOUTH AT WEST",2023-06-30,19.0,VIOLATION CLOSED,2025-06-30,Original,Close,N,2023,2023.0,2025-11-23,1426 days,548 days,1,731 days,more than a year
2302,2359,257,3043550001,10,,,773,STANLEY,AVENUE,11207,773 STANLEY AVENUE,260,BOULEVARD,2021-12-28,BROOKLYN,1441,both,15007584,809557,389844.0,3,773,773,773,STANLEY AVENUE,A,2022-03-08,2022-03-08,06/25/2022,06/11/2022,,,,1507.0,7794558.0,"(A) § HMC:FILE ANNUAL BEDBUG REPORT IN ACCORDANCE WITH HPD RULE AS DESCRIBED ON THE BACK OF THIS NOTICE OF VIOLATION OR AS DESCRIBED ON HPDS WEBSITE, WWW.NYC.GOV\HPD, SEARCH BED BUGS.",2022-03-08,9.0,VIOLATION DISMISSED,2022-07-25,Original,Close,N,2022,2022.0,2025-11-23,1426 days,70 days,0,139 days,three to six months
2303,2360,257,3043550001,10,,,773,STANLEY,AVENUE,11207,773 STANLEY AVENUE,260,BOULEVARD,2021-12-28,BROOKLYN,1441,both,15119122,809557,389844.0,3,773,773,773,STANLEY AVENUE,B,2022-04-22,2022-04-22,06/13/2022,05/30/2022,,,,702.0,7887282.0,"§ 27-2045 ADM CODE REPAIR OR REPLACE THE SMOKE DETECTOR DEFECTIVE IN THE ENTIRE APARTMENT LOCATED AT APT 2B, 2nd STORY, 2nd APARTMENT FROM SOUTH AT WEST",2022-04-25,19.0,VIOLATION CLOSED,2022-07-19,Original,Close,N,2022,2022.0,2025-11-23,1426 days,115 days,0,85 days,one to three months
2304,2361,257,3043550001,10,,,773,STANLEY,AVENUE,11207,773 STANLEY AVENUE,260,BOULEVARD,2021-12-28,BROOKLYN,1441,both,15119123,809557,389844.0,3,773,773,773,STANLEY AVENUE,B,2022-04-22,2022-04-22,06/13/2022,05/30/2022,,,,1503.0,7887282.0,"§ 27-2046.1 HMC: REPAIR OR REPLACE THE CARBON MONOXIDE DETECTING DEVICE(S). DEFECTIVE IN THE ENTIRE APARTMENT LOCATED AT APT 2B, 2nd STORY, 2nd APARTMENT FROM SOUTH AT WEST",2022-04-25,19.0,VIOLATION CLOSED,2022-07-19,Original,Close,N,2022,2022.0,2025-11-23,1426 days,115 days,0,85 days,one to three months
2305,2362,257,3043550001,10,,,773,STANLEY,AVENUE,11207,773 STANLEY AVENUE,260,BOULEVARD,2021-12-28,BROOKLYN,1441,both,15119124,809557,389844.0,3,773,773,773,STANLEY AVENUE,C,2022-04-22,2022-04-22,05/08/2022,05/01/2022,,,,505.0,7887284.0,"§ 27-2005 ADM CODE REPLACE WITH NEW THE BROKEN OR DEFECTIVE MORTISE LOCKING DEVICE ON DOOR IN THE ENTRANCE LOCATED AT APT 2B, 2nd STORY, 2nd APARTMENT FROM SOUTH AT WEST",2022-04-25,19.0,VIOLATION CLOSED,2022-05-31,Original,Close,N,2022,2022.0,2025-11-23,1426 days,115 days,0,36 days,one to three months
2306,2363,257,3043550001,10,,,773,STANLEY,AVENUE,11207,773 STANLEY AVENUE,260,BOULEVARD,2021-12-28,BROOKLYN,1441,both,15119125,809557,389844.0,3,773,773,773,STANLEY AVENUE,B,2022-04-22,2022-04-22,06/13/2022,05/30/2022,,,,505.0,7887283.0,"§ 27-2005 ADM CODE REPLACE WITH NEW THE BROKEN OR DEFECTIVE RUBBER GASKET AROUND DOOR AT REFRIGERATOR IN THE KITCHEN LOCATED AT APT 2B, 2nd STORY, 2nd APARTMENT FROM SOUTH AT WEST",2022-04-25,19.0,VIOLATION CLOSED,2022-07-19,Original,Close,N,2022,2022.0,2025-11-23,1426 days,115 days,0,85 days,one to three months
2307,2364,257,3043550001,10,,,773,STANLEY,AVENUE,11207,773 STANLEY AVENUE,260,BOULEVARD,2021-12-28,BROOKLYN,1441,both,15119126,809557,389844.0,3,773,773,773,STANLEY AVENUE,B,2022-04-22,2022-04-22,06/13/2022,05/30/2022,,,,508.0,7887283.0,"§ 27-2005 ADM CODE REPAIR THE BROKEN OR DEFECTIVE PLASTERED SURFACES AND PAINT IN A UNIFORM COLOR THE WEST WALL IN THE 4th ROOM FROM EAST LOCATED AT APT 2B, 2nd STORY, 2nd APARTMENT FROM SOUTH AT WEST",2022-04-25,19.0,VIOLATION CLOSED,2022-07-19,Original,Close,N,2022,2022.0,2025-11-23,1426 days,115 days,0,85 days,one to three months
2308,2365,257,3043550001,10,,,773,STANLEY,AVENUE,11207,773 STANLEY AVENUE,260,BOULEVARD,2021-12-28,BROOKLYN,1441,both,15274813,809557,389844.0,3,773,773,773,STANLEY AVENUE,A,2022-07-18,2022-07-19,11/06/2022,10/23/2022,,,09/03/2022,484.0,7978122.0,"§ 329, M/D LAW AND DEPT. RULES AND REGS. PROVIDE A COMPLETED CERTIFICATE OF INSPECTION VISITS IN A PROPER FRAME AT OR NEAR MAILBOXES, BOTTOM EDGE OF FRAME BETWEEN 48-62 INCHES ABOVE FLOOR MISSING AT PUBLIC HALL, 1st STORY",2022-07-20,9.0,VIOLATION DISMISSED,2022-11-14,Original,Close,N,2022,2022.0,2025-11-23,1426 days,202 days,0,117 days,three to six months
2309,2366,257,3043550001,10,,,773,STANLEY,AVENUE,11207,773 STANLEY AVENUE,260,BOULEVARD,2021-12-28,BROOKLYN,1441,both,15274814,809557,389844.0,3,773,773,773,STANLEY AVENUE,A,2022-07-18,2022-07-19,11/06/2022,10/23/2022,,,09/03/2022,778.0,7978122.0,"§ 27-2104 ADM CODE POST AND MAINTAIN A PROPER SIGN ON WALL OF ENTRANCE STORY SHOWING THE REGISTRATION NUMBER ASSIGNED BY THE DEPARTMENT AND THE ADDRESS OF THE BUILDING. AT PUBLIC HALL, 1st STORY",2022-07-20,9.0,VIOLATION DISMISSED,2022-11-14,Original,Close,N,2022,2022.0,2025-11-23,1426 days,202 days,0,117 days,three to six months
2310,2367,257,3043550001,10,,,773,STANLEY,AVENUE,11207,773 STANLEY AVENUE,260,BOULEVARD,2021-12-28,BROOKLYN,1441,both,15485172,809557,389844.0,3,773,773,773,STANLEY AVENUE,C,2022-11-07,2022-11-07,11/28/2022,11/23/2022,,,12/05/2022,530.0,8130294.0,"§ 27-2005, 27-2007, 27-2041.1 HMC: REPLACE OR REPAIR THE SELF-CLOSING DOORS THAT IS MISSING OR DEFECTIVE AT BULKHEAD AT PUBLIC HALL STAIRS, 6th STORY",2022-11-09,19.0,VIOLATION CLOSED,2025-01-06,Original,Close,N,2022,2022.0,2025-11-23,1426 days,314 days,0,789 days,more than a year
2311,2368,257,3043550001,10,,,773,STANLEY,AVENUE,11207,773 STANLEY AVENUE,260,BOULEVARD,2021-12-28,BROOKLYN,1441,both,15764030,809557,389844.0,3,773,773,773,STANLEY AVENUE,B,2023-03-08,2023-03-08,04/27/2023,04/13/2023,,,,508.0,8318411.0,"§ 27-2005 ADM CODE REPAIR THE BROKEN OR DEFECTIVE PLASTERED SURFACES AND PAINT IN A UNIFORM COLOR THE CEILING AT EAST WALL IN THE BATHROOM LOCATED AT APT 2B, 2nd STORY, 2nd APARTMENT FROM SOUTH AT WEST",2023-03-09,19.0,VIOLATION CLOSED,2025-09-04,Original,Close,N,2023,2023.0,2025-11-23,1426 days,435 days,1,910 days,more than a year
2312,2369,257,3043550001,10,,,773,STANLEY,AVENUE,11207,773 STANLEY AVENUE,260,BOULEVARD,2021-12-28,BROOKLYN,1441,both,15881714,809557,389844.0,3,773,773,773,STANLEY AVENUE,A,2023-03-29,2023-03-29,07/16/2023,07/02/2023,,,,1507.0,8417300.0,"(A) § HMC:FILE ANNUAL BEDBUG REPORT IN ACCORDANCE WITH HPD RULE AS DESCRIBED ON THE BACK OF THIS NOTICE OF VIOLATION OR AS DESCRIBED ON HPDS WEBSITE, WWW.NYC.GOV\HPD, SEARCH BED BUGS.",2023-03-29,9.0,VIOLATION DISMISSED,2023-12-04,Original,Close,N,2023,2023.0,2025-11-23,1426 days,456 days,1,250 days,six months to a year
2313,2370,257,3043550001,10,,,773,STANLEY,AVENUE,11207,773 STANLEY AVENUE,260,BOULEVARD,2021-12-28,BROOKLYN,1441,both,16171776,809557,389844.0,3,773,773,773,STANLEY AVENUE,B,2023-08-17,2023-08-17,10/06/2023,09/22/2023,,,,508.0,8605186.0,"§ 27-2005 ADM CODE REPAIR THE BROKEN OR DEFECTIVE PLASTERED SURFACES AND PAINT IN A UNIFORM COLOR AT SOUTH WALL, NORTH WALL, AND WEST WALL IN THE BATHROOM LOCATED AT APT 2B, 2nd STORY, 2nd APARTMENT FROM EAST AT SOUTH",2023-08-18,19.0,VIOLATION CLOSED,2025-06-30,Original,Close,N,2023,2023.0,2025-11-23,1426 days,597 days,1,682 days,more than a year
2314,2371,257,3043550001,10,,,773,STANLEY,AVENUE,11207,773 STANLEY AVENUE,260,BOULEVARD,2021-12-28,BROOKLYN,1441,both,16171777,809557,389844.0,3,773,773,773,STANLEY AVENUE,B,2023-08-17,2023-08-17,10/06/2023,09/22/2023,,,,508.0,8605186.0,"§ 27-2005 ADM CODE REPAIR THE BROKEN OR DEFECTIVE PLASTERED SURFACES AND PAINT IN A UNIFORM COLOR SOUTH WALL IN THE 4th ROOM FROM NORTH LOCATED AT APT 2B, 2nd STORY, 2nd APARTMENT FROM EAST AT SOUTH",2023-08-18,19.0,VIOLATION CLOSED,2025-06-30,Original,Close,N,2023,2023.0,2025-11-23,1426 days,597 days,1,682 days,more than a year
2315,2372,257,3043550001,10,,,773,STANLEY,AVENUE,11207,773 STANLEY AVENUE,260,BOULEVARD,2021-12-28,BROOKLYN,1441,both,16658707,809557,389844.0,3,773,773,773,STANLEY AVENUE,C,2024-02-08,2024-02-09,03/02/2024,02/26/2024,,,02/26/2024,530.0,8938828.0,"§ 27-2005, 27-2007, 27-2041.1 HMC, §238, § 309; § 107 (2) ( C) MDL AND 28 RCNY §25-171: REPLACE OR REPAIR THE SELF-CLOSING DOORS THAT IS MISSING OR DEFECTIVE HINGES AT TRASH CHUTE HOPPER DOOR AT SECTION 842 AT PUBLIC HALL, 2nd STORY",2024-02-12,19.0,VIOLATION CLOSED,2024-03-10,Original,Close,N,2024,2024.0,2025-11-23,1426 days,772 days,2,27 days,one week to a month
2316,2373,257,3043550001,10,,,773,STANLEY,AVENUE,11207,773 STANLEY AVENUE,260,BOULEVARD,2021-12-28,BROOKLYN,1441,both,16658708,809557,389844.0,3,773,773,773,STANLEY AVENUE,C,2024-02-08,2024-02-09,03/02/2024,02/26/2024,,,02/26/2024,530.0,8938829.0,"§ 27-2005, 27-2007, 27-2041.1 HMC, §238, § 309; § 107 (2) ( C) MDL AND 28 RCNY §25-171: REPLACE OR REPAIR THE SELF-CLOSING DOORS THAT IS MISSING OR DEFECTIVE HINGES AT STAIRCASE DOOR AT SECTION 842 AT PUBLIC HALL, 1st STORY",2024-02-12,19.0,VIOLATION CLOSED,2025-01-06,Original,Close,N,2024,2024.0,2025-11-23,1426 days,772 days,2,329 days,six months to a year
2317,2374,257,3043550001,10,,,773,STANLEY,AVENUE,11207,773 STANLEY AVENUE,260,BOULEVARD,2021-12-28,BROOKLYN,1441,both,16723970,809557,389844.0,3,773,773,773,STANLEY AVENUE,A,2024-02-27,2024-03-05,06/22/2024,06/08/2024,,,,556.0,8972371.0,"§ 27-2013 ADM CODE PAINT WITH LIGHT COLORED PAINT TO THE SATISFACTION OF THIS DEPARTMENT AT EAST WALL IN THE BATHROOM LOCATED AT APT 1A, 1st STORY, 1st APARTMENT FROM SOUTH AT WEST",2024-03-05,19.0,VIOLATION CLOSED,2025-07-08,Original,Close,N,2024,2024.0,2025-11-23,1426 days,791 days,2,490 days,more than a year
2318,2375,257,3043550001,10,,,773,STANLEY,AVENUE,11207,773 STANLEY AVENUE,260,BOULEVARD,2021-12-28,BROOKLYN,1441,both,16739685,809557,389844.0,3,773,773,773,STANLEY AVENUE,C,2024-03-06,2024-03-15,04/06/2024,04/01/2024,,,04/05/2024,530.0,8992709.0,"§ 27-2005, 27-2007, 27-2041.1 HMC, §238, § 309; § 107 (2) ( C) MDL AND 28 RCNY §25-171: REPLACE OR REPAIR THE SELF-CLOSING DOORS THAT IS MISSING OR DEFECTIVE FROM PUBLIC HALL TO PUBLIC FIRE STAIRS , 4th STORY",2024-03-18,19.0,VIOLATION CLOSED,2024-04-12,Original,Close,N,2024,2024.0,2025-11-23,1426 days,799 days,2,25 days,one week to a month
2319,2376,257,3043550001,10,,,773,STANLEY,AVENUE,11207,773 STANLEY AVENUE,260,BOULEVARD,2021-12-28,BROOKLYN,1441,both,16739692,809557,389844.0,3,773,773,773,STANLEY AVENUE,C,2024-03-06,2024-03-15,04/06/2024,04/01/2024,,,04/05/2024,530.0,8992709.0,"§ 27-2005, 27-2007, 27-2041.1 HMC, §238, § 309; § 107 (2) ( C) MDL AND 28 RCNY §25-171: REPLACE OR REPAIR THE SELF-CLOSING DOORS THAT IS MISSING OR DEFECTIVE FROM PUBLIC HALL TO FIRE STAIR , 3rd STORY",2024-03-18,19.0,VIOLATION CLOSED,2024-04-12,Original,Close,N,2024,2024.0,2025-11-23,1426 days,799 days,2,25 days,one week to a month
2320,2377,257,3043550001,10,,,773,STANLEY,AVENUE,11207,773 STANLEY AVENUE,260,BOULEVARD,2021-12-28,BROOKLYN,1441,both,16949213,809557,389844.0,3,773,773,773,STANLEY AVENUE,A,2024-05-04,2024-05-08,08/26/2024,08/12/2024,,,,502.0,9151328.0,"§ 27-2005 ADM CODE PROPERLY REPAIR WITH SIMILAR MATERIAL THE BROKEN OR DEFECTIVE DOOR AT WOOD BASE CABINET IN THE KITCHEN LOCATED AT APT 5B, 5th STORY, 2nd APARTMENT FROM SOUTH AT WEST",2024-05-09,19.0,VIOLATION CLOSED,2025-06-30,Original,Close,N,2024,2024.0,2025-11-23,1426 days,858 days,2,417 days,more than a year
2321,2378,257,3043550001,10,,,773,STANLEY,AVENUE,11207,773 STANLEY AVENUE,260,BOULEVARD,2021-12-28,BROOKLYN,1441,both,18213759,809557,389844.0,3,773,773,773,STANLEY AVENUE,C,2025-09-08,2025-09-08,10/10/2025,10/05/2025,,,09/29/2025,568.0,9985081.0,"HMC ADM CODE: § 27-2017.4 ABATE THE INFESTATION CONSISTING OF ROACHES IN THE ENTIRE APARTMENT LOCATED AT APT 1F, 1st STORY, 1st APARTMENT FROM SOUTH AT WEST",2025-09-09,10.0,CIV14 MAILED,2025-09-30,Original,Open,N,2025,2025.0,2025-11-23,1426 days,1350 days,3,75 days,one to three months
2322,2379,257,3043550001,10,,,773,STANLEY,AVENUE,11207,773 STANLEY AVENUE,260,BOULEVARD,2021-12-28,BROOKLYN,1441,both,18209117,809557,389844.0,3,773,773,773,STANLEY AVENUE,B,2025-09-03,2025-09-04,10/24/2025,10/10/2025,,,09/22/2025,508.0,9980715.0,"§ 27-2005 ADM CODE REPAIR THE BROKEN OR DEFECTIVE PLASTERED SURFACES AND PAINT IN A UNIFORM COLOR AT CEILING AND ALL WALLS IN THE PRIVATE HALLWAY LOCATED AT APT 2B, 2nd STORY, 2nd APARTMENT FROM SOUTH AT WEST",2025-09-05,10.0,CIV14 MAILED,2025-09-23,Original,Open,N,2025,2025.0,2025-11-23,1426 days,1345 days,3,79 days,one to three months
2323,2380,257,3043550001,10,,,773,STANLEY,AVENUE,11207,773 STANLEY AVENUE,260,BOULEVARD,2021-12-28,BROOKLYN,1441,both,15152589,809557,389844.0,3,773,773,773,STANLEY AVENUE,A,2022-05-09,2022-05-10,08/28/2022,08/14/2022,,,,556.0,7904340.0,"§ 27-2013 ADM CODE PAINT WITH LIGHT COLORED PAINT TO THE SATISFACTION OF THIS DEPARTMENT ALL WALL AND CEILING AT 2ND CLOSET FROM EAST IN THE PRIVATE HALLWAY LOCATED AT APT 2B, 2nd STORY, 2nd APARTMENT FROM SOUTH AT WEST",2022-05-11,19.0,VIOLATION CLOSED,2022-07-19,Original,Close,N,2022,2022.0,2025-11-23,1426 days,132 days,0,69 days,one to three months
2324,2381,257,3043550001,10,,,773,STANLEY,AVENUE,11207,773 STANLEY AVENUE,260,BOULEVARD,2021-12-28,BROOKLYN,1441,both,15764031,809557,389844.0,3,773,773,773,STANLEY AVENUE,A,2023-03-08,2023-03-08,06/26/2023,06/12/2023,,,,501.0,8318410.0,"§ 27-2005 ADM CODE PROPERLY REPAIR THE BROKEN OR DEFECTIVE INTERCOM SYSTEM AT BUILDING FRONT TO RETURN BELL AND BUZZER IN THE FOYER LOCATED AT APT 2B, 2nd STORY, 2nd APARTMENT FROM SOUTH AT WEST",2023-03-09,19.0,VIOLATION CLOSED,2025-10-24,Original,Close,N,2023,2023.0,2025-11-23,1426 days,435 days,1,960 days,more than a year
2325,2382,257,3043550001,10,,,773,STANLEY,AVENUE,11207,773 STANLEY AVENUE,260,BOULEVARD,2021-12-28,BROOKLYN,1441,both,18213760,809557,389844.0,3,773,773,773,STANLEY AVENUE,B,2025-09-08,2025-09-08,10/28/2025,10/14/2025,,,09/23/2025,508.0,9985078.0,"§ 27-2005 ADM CODE REPAIR THE BROKEN OR DEFECTIVE PLASTERED SURFACES AND PAINT IN A UNIFORM COLOR THE WEST WALL IN THE PRIVATE HALLWAY LOCATED AT APT 1F, 1st STORY, 1st APARTMENT FROM SOUTH AT WEST",2025-09-09,10.0,CIV14 MAILED,2025-09-24,Original,Open,N,2025,2025.0,2025-11-23,1426 days,1350 days,3,75 days,one to three months
2326,2383,257,3043550001,10,,,773,STANLEY,AVENUE,11207,773 STANLEY AVENUE,260,BOULEVARD,2021-12-28,BROOKLYN,1441,both,18213763,809557,389844.0,3,773,773,773,STANLEY AVENUE,B,2025-09-08,2025-09-08,10/28/2025,10/14/2025,,,09/23/2025,1503.0,9985080.0,"§ 27-2045(B)(1)(B) HMC, § 12-06, § 12-07, § 12-09 RCNY REPAIR, REPLACE OR PROVIDE AN APPROVED AND OPERATIONAL CARBON MONOXIDE DETECTING DEVICE, INSTALLED IN ACCORDANCE WITH APPLICABLE LAW AND RULES INOPERABLE IN THE ENTIRE APARTMENT LOCATED AT APT 1F, 1st STORY, 1st APARTMENT FROM SOUTH AT WEST",2025-09-09,10.0,CIV14 MAILED,2025-09-24,Original,Open,N,2025,2025.0,2025-11-23,1426 days,1350 days,3,75 days,one to three months
2327,2384,257,3043550001,10,,,773,STANLEY,AVENUE,11207,773 STANLEY AVENUE,260,BOULEVARD,2021-12-28,BROOKLYN,1441,both,17630670,809557,389844.0,3,773,773,773,STANLEY AVENUE,C,2025-01-18,2025-01-19,02/03/2025,01/27/2025,,,03/20/2025,501.0,9589561.0,"§ 27-2005 HMC: PROPERLY REPAIR OR REPLACE THE BROKEN OR DEFECTIVE GLASS AT UPPER WINDOW SASH CREATING CUT HAZARD AT EAST WALL IN THE 1st ROOM FROM NORTH AT EAST LOCATED AT APT 6C, 6th STORY, 1st APARTMENT FROM WEST AT NORTH",2025-01-21,19.0,VIOLATION CLOSED,2025-10-30,Original,Close,N,2025,2025.0,2025-11-23,1426 days,1117 days,3,282 days,six months to a year
2328,2385,257,3043550001,10,,,773,STANLEY,AVENUE,11207,773 STANLEY AVENUE,260,BOULEVARD,2021-12-28,BROOKLYN,1441,both,15152592,809557,389844.0,3,773,773,773,STANLEY AVENUE,C,2022-05-09,2022-05-10,06/11/2022,06/06/2022,,,08/15/2024,568.0,7904342.0,"HMC ADM CODE: § 27-2017.4 ABATE THE INFESTATION CONSISTING OF ROACHES IN THE ENTIRE APARTMENT LOCATED AT APT 2B, 2nd STORY, 2nd APARTMENT FROM SOUTH AT WEST",2022-05-11,19.0,VIOLATION CLOSED,2025-07-24,Original,Close,N,2022,2022.0,2025-11-23,1426 days,132 days,0,1170 days,more than a year
2329,2386,257,3043550001,10,,,773,STANLEY,AVENUE,11207,773 STANLEY AVENUE,260,BOULEVARD,2021-12-28,BROOKLYN,1441,both,15152594,809557,389844.0,3,773,773,773,STANLEY AVENUE,B,2022-05-09,2022-05-10,06/29/2022,06/15/2022,,,,702.0,7904341.0,"§ 27-2045 ADM CODE REPAIR OR REPLACE THE SMOKE DETECTOR DEFECTIVE IN THE ENTIRE APARTMENT LOCATED AT APT 2B, 2nd STORY, 2nd APARTMENT FROM SOUTH AT WEST",2022-05-11,19.0,VIOLATION CLOSED,2022-07-19,Original,Close,N,2022,2022.0,2025-11-23,1426 days,132 days,0,69 days,one to three months
2330,2387,257,3043550001,10,,,773,STANLEY,AVENUE,11207,773 STANLEY AVENUE,260,BOULEVARD,2021-12-28,BROOKLYN,1441,both,15152595,809557,389844.0,3,773,773,773,STANLEY AVENUE,B,2022-05-09,2022-05-10,06/29/2022,06/15/2022,,,,1503.0,7904341.0,"§ 27-2046.1 HMC: REPAIR OR REPLACE THE CARBON MONOXIDE DETECTING DEVICE(S). DEFECTIVE IN THE ENTIRE APARTMENT LOCATED AT APT 2B, 2nd STORY, 2nd APARTMENT FROM SOUTH AT WEST",2022-05-11,19.0,VIOLATION CLOSED,2022-07-19,Original,Close,N,2022,2022.0,2025-11-23,1426 days,132 days,0,69 days,one to three months
2331,2388,257,3043550001,10,,,773,STANLEY,AVENUE,11207,773 STANLEY AVENUE,260,BOULEVARD,2021-12-28,BROOKLYN,1441,both,15152600,809557,389844.0,3,773,773,773,STANLEY AVENUE,A,2022-05-09,2022-05-10,08/28/2022,08/14/2022,,,,556.0,7904340.0,"§ 27-2013 ADM CODE PAINT WITH LIGHT COLORED PAINT TO THE SATISFACTION OF THIS DEPARTMENT THE WEST WALL IN THE 4th ROOM FROM EAST LOCATED AT APT 2B, 2nd STORY, 2nd APARTMENT FROM SOUTH AT WEST",2022-05-11,19.0,VIOLATION CLOSED,2022-07-19,Original,Close,N,2022,2022.0,2025-11-23,1426 days,132 days,0,69 days,one to three months
2332,2389,257,3043550001,10,,,773,STANLEY,AVENUE,11207,773 STANLEY AVENUE,260,BOULEVARD,2021-12-28,BROOKLYN,1441,both,15274808,809557,389844.0,3,773,773,773,STANLEY AVENUE,C,2022-07-18,2022-07-19,08/08/2022,08/03/2022,,,,530.0,7978124.0,"§ 27-2005, 27-2007, 27-2041.1 HMC: REPLACE OR REPAIR THE SELF-CLOSING DOORS THAT IS MISSING OR DEFECTIVE AT BUILDING ENTRANCE AT PUBLIC HALL, 1st STORY",2022-07-20,19.0,VIOLATION CLOSED,2022-10-12,Original,Close,N,2022,2022.0,2025-11-23,1426 days,202 days,0,84 days,one to three months
2333,2390,257,3043550001,10,,,773,STANLEY,AVENUE,11207,773 STANLEY AVENUE,260,BOULEVARD,2021-12-28,BROOKLYN,1441,both,15119121,809557,389844.0,3,773,773,773,STANLEY AVENUE,C,2022-04-22,2022-04-22,05/26/2022,05/21/2022,,,08/15/2024,568.0,7887285.0,"HMC ADM CODE: § 27-2017.4 ABATE THE INFESTATION CONSISTING OF ROACHES IN THE ENTIRE APARTMENT LOCATED AT APT 2B, 2nd STORY, 2nd APARTMENT FROM SOUTH AT WEST",2022-04-25,19.0,VIOLATION CLOSED,2025-07-24,Original,Close,N,2022,2022.0,2025-11-23,1426 days,115 days,0,1186 days,more than a year
2334,2391,257,3043550001,10,,,773,STANLEY,AVENUE,11207,773 STANLEY AVENUE,260,BOULEVARD,2021-12-28,BROOKLYN,1441,both,15382405,809557,389844.0,3,773,773,773,STANLEY AVENUE,C,2022-09-22,2022-09-22,10/24/2022,10/19/2022,,,08/15/2024,568.0,8048275.0,"HMC ADM CODE: § 27-2017.4 ABATE THE INFESTATION CONSISTING OF ROACHES IN THE ENTIRE APARTMENT LOCATED AT APT 2B, 2nd STORY, 1st APARTMENT FROM SOUTH AT WEST",2022-09-23,19.0,VIOLATION CLOSED,2025-07-24,Original,Close,N,2022,2022.0,2025-11-23,1426 days,268 days,0,1035 days,more than a year
2335,2392,257,3043550001,10,,,773,STANLEY,AVENUE,11207,773 STANLEY AVENUE,260,BOULEVARD,2021-12-28,BROOKLYN,1441,both,16068027,809557,389844.0,3,773,773,773,STANLEY AVENUE,C,2023-06-29,2023-06-29,07/31/2023,07/26/2023,,,08/15/2024,568.0,8542945.0,"HMC ADM CODE: § 27-2017.4 ABATE THE INFESTATION CONSISTING OF ROACHES IN THE ENTIRE APARTMENT LOCATED AT APT 2B, 2nd STORY, 2nd APARTMENT FROM SOUTH AT WEST",2023-06-30,19.0,VIOLATION CLOSED,2025-07-24,Original,Close,N,2023,2023.0,2025-11-23,1426 days,548 days,1,755 days,more than a year
2336,2393,257,3043550001,10,,,773,STANLEY,AVENUE,11207,773 STANLEY AVENUE,260,BOULEVARD,2021-12-28,BROOKLYN,1441,both,16068028,809557,389844.0,3,773,773,773,STANLEY AVENUE,C,2023-06-29,2023-06-29,07/31/2023,07/26/2023,,,08/15/2024,569.0,8542945.0,"HMC ADM CODE: § 27-2017.4 ABATE THE INFESTATION CONSISTING OF MICE IN THE ENTIRE APARTMENT LOCATED AT APT 2B, 2nd STORY, 2nd APARTMENT FROM SOUTH AT WEST",2023-06-30,19.0,VIOLATION CLOSED,2025-07-24,Original,Close,N,2023,2023.0,2025-11-23,1426 days,548 days,1,755 days,more than a year
2337,2394,257,3043550001,10,,,773,STANLEY,AVENUE,11207,773 STANLEY AVENUE,260,BOULEVARD,2021-12-28,BROOKLYN,1441,both,17375757,809557,389844.0,3,773,773,773,STANLEY AVENUE,C,2024-10-26,2024-10-27,11/08/2024,10/27/2024,,,11/07/2024,670.0,9399770.0,"§ 27-2031 ADM CODE PROVIDE HOT WATER AT ALL HOT WATER FIXTURES IN THE ENTIRE APARTMENT LOCATED AT APT 6A, 6th STORY, 1st APARTMENT FROM NORTH AT EAST , SECTION ''854 ''",2024-10-28,9.0,VIOLATION DISMISSED,2025-01-21,Original,Close,Y,2024,2024.0,2025-11-23,1426 days,1033 days,2,85 days,one to three months
2338,2395,257,3043550001,10,,,773,STANLEY,AVENUE,11207,773 STANLEY AVENUE,260,BOULEVARD,2021-12-28,BROOKLYN,1441,both,16068031,809557,389844.0,3,773,773,773,STANLEY AVENUE,B,2023-06-29,2023-06-29,08/18/2023,08/04/2023,,,08/18/2023,702.0,8542944.0,"§ 27-2045 ADM CODE REPAIR OR REPLACE THE SMOKE DETECTOR MISSING IN THE ENTIRE APARTMENT LOCATED AT APT 2B, 2nd STORY, 2nd APARTMENT FROM SOUTH AT WEST",2023-06-30,9.0,VIOLATION DISMISSED,2023-10-30,Original,Close,N,2023,2023.0,2025-11-23,1426 days,548 days,1,122 days,three to six months
2339,2396,257,3043550001,10,,,773,STANLEY,AVENUE,11207,773 STANLEY AVENUE,260,BOULEVARD,2021-12-28,BROOKLYN,1441,both,18081606,809557,389844.0,3,773,773,773,STANLEY AVENUE,C,2025-07-07,2025-07-08,07/22/2025,07/15/2025,,,07/14/2025,501.0,9901484.0,"§ 27-2005 HMC: PROPERLY REPAIR OR REPLACE THE BROKEN OR DEFECTIVE BROKEN UPPER SASH WINDOW GLASS. 1ST WINDOW AT EAST IN THE 1st ROOM FROM EAST AT NORTH LOCATED AT APT 6C, 6th STORY, 1st APARTMENT FROM WEST AT NORTH",2025-07-09,9.0,VIOLATION DISMISSED,2025-09-24,Original,Close,N,2025,2025.0,2025-11-23,1426 days,1287 days,3,77 days,one to three months
2340,2397,257,3043550001,10,,,773,STANLEY,AVENUE,11207,773 STANLEY AVENUE,260,BOULEVARD,2021-12-28,BROOKLYN,1441,both,18209119,809557,389844.0,3,773,773,773,STANLEY AVENUE,B,2025-09-03,2025-09-04,10/24/2025,10/10/2025,,,09/22/2025,508.0,9980715.0,"§ 27-2005 ADM CODE REPAIR THE BROKEN OR DEFECTIVE PLASTERED SURFACES AND PAINT IN A UNIFORM COLOR THE CEILING AND ALL WALLS IN THE 1st ROOM FROM NORTH LOCATED AT APT 2B, 2nd STORY, 2nd APARTMENT FROM SOUTH AT WEST",2025-09-05,10.0,CIV14 MAILED,2025-09-23,Original,Open,N,2025,2025.0,2025-11-23,1426 days,1345 days,3,79 days,one to three months
2341,2398,257,3043550001,10,,,773,STANLEY,AVENUE,11207,773 STANLEY AVENUE,260,BOULEVARD,2021-12-28,BROOKLYN,1441,both,18209121,809557,389844.0,3,773,773,773,STANLEY AVENUE,B,2025-09-03,2025-09-04,10/24/2025,10/10/2025,,,09/22/2025,508.0,9980715.0,"§ 27-2005 ADM CODE REPAIR THE BROKEN OR DEFECTIVE PLASTERED SURFACES AND PAINT IN A UNIFORM COLOR THE CEILING AND ALL WALLS IN THE 2nd ROOM FROM NORTH LOCATED AT APT 2B, 2nd STORY, 2nd APARTMENT FROM SOUTH AT WEST",2025-09-05,10.0,CIV14 MAILED,2025-09-23,Original,Open,N,2025,2025.0,2025-11-23,1426 days,1345 days,3,79 days,one to three months
2342,2399,257,3043550001,10,,,773,STANLEY,AVENUE,11207,773 STANLEY AVENUE,260,BOULEVARD,2021-12-28,BROOKLYN,1441,both,18209122,809557,389844.0,3,773,773,773,STANLEY AVENUE,B,2025-09-03,2025-09-04,10/24/2025,10/10/2025,,,09/22/2025,508.0,9980715.0,"§ 27-2005 ADM CODE REPAIR THE BROKEN OR DEFECTIVE PLASTERED SURFACES AND PAINT IN A UNIFORM COLOR AT CEILING AND ALL WALLS IN THE 5th ROOM FROM NORTH LOCATED AT APT 2B, 2nd STORY, 2nd APARTMENT FROM SOUTH AT WEST",2025-09-05,10.0,CIV14 MAILED,2025-09-23,Original,Open,N,2025,2025.0,2025-11-23,1426 days,1345 days,3,79 days,one to three months
2343,2400,257,3043550001,10,,,773,STANLEY,AVENUE,11207,773 STANLEY AVENUE,260,BOULEVARD,2021-12-28,BROOKLYN,1441,both,18213762,809557,389844.0,3,773,773,773,STANLEY AVENUE,B,2025-09-08,2025-09-08,10/28/2025,10/14/2025,,,09/23/2025,702.0,9985079.0,"§ 27-2045(B)(1)(A) HMC, § 12-01, § 12-03 RCNY REPAIR, REPLACE OR PROVIDE AN APPROVED AND OPERATIONAL SMOKE DETECTING DEVICE, INSTALLED IN ACCORDANCE WITH DEPARTMENT OF BUILDINGS RULES AND REGULATIONS INOPERABLE IN THE ENTIRE APARTMENT LOCATED AT APT 1F, 1st STORY, 1st APARTMENT FROM SOUTH AT WEST",2025-09-09,10.0,CIV14 MAILED,2025-09-24,Original,Open,N,2025,2025.0,2025-11-23,1426 days,1350 days,3,75 days,one to three months
2344,2401,257,3043550001,10,,,773,STANLEY,AVENUE,11207,773 STANLEY AVENUE,260,BOULEVARD,2021-12-28,BROOKLYN,1441,both,18213758,809557,389844.0,3,773,773,773,STANLEY AVENUE,C,2025-09-08,2025-09-08,10/10/2025,10/05/2025,,,09/29/2025,569.0,9985081.0,"HMC ADM CODE: § 27-2017.4 ABATE THE INFESTATION CONSISTING OF MICE IN THE ENTIRE APARTMENT LOCATED AT APT 1F, 1st STORY, 1st APARTMENT FROM SOUTH AT WEST",2025-09-09,10.0,CIV14 MAILED,2025-09-30,Original,Open,N,2025,2025.0,2025-11-23,1426 days,1350 days,3,75 days,one to three months
2345,2402,257,3043550001,10,,,773,STANLEY,AVENUE,11207,773 STANLEY AVENUE,260,BOULEVARD,2021-12-28,BROOKLYN,1441,both,17646467,809557,389844.0,3,773,773,773,STANLEY AVENUE,C,2025-01-25,2025-01-26,02/07/2025,01/26/2025,,,03/13/2025,670.0,9596704.0,"§ 27-2031 ADM CODE PROVIDE HOT WATER AT ALL HOT WATER FIXTURES IN THE ENTIRE APARTMENT LOCATED AT APT 6E, 6th STORY, 2nd APARTMENT FROM NORTH AT EAST",2025-01-27,19.0,VIOLATION CLOSED,2025-06-30,Original,Close,Y,2025,2025.0,2025-11-23,1426 days,1124 days,3,154 days,three to six months
2346,2403,257,3043550001,10,,,773,STANLEY,AVENUE,11207,773 STANLEY AVENUE,260,BOULEVARD,2021-12-28,BROOKLYN,1441,both,17646468,809557,389844.0,3,773,773,773,STANLEY AVENUE,C,2025-01-25,2025-01-26,02/07/2025,01/26/2025,,,03/13/2025,670.0,9596704.0,"§ 27-2031 ADM CODE PROVIDE HOT WATER AT ALL HOT WATER FIXTURES IN THE ENTIRE APARTMENT LOCATED AT APT 6B, 6th STORY, 2nd APARTMENT FROM SOUTH AT WEST",2025-01-27,19.0,VIOLATION CLOSED,2025-07-08,Original,Close,Y,2025,2025.0,2025-11-23,1426 days,1124 days,3,162 days,three to six months
2347,2404,257,3043550001,10,,,773,STANLEY,AVENUE,11207,773 STANLEY AVENUE,260,BOULEVARD,2021-12-28,BROOKLYN,1441,both,17511056,809557,389844.0,3,773,773,773,STANLEY AVENUE,B,2024-12-05,2024-12-07,01/27/2025,01/13/2025,,,01/27/2025,501.0,9527954.0,"§ 27-2005 HMC: PROPERLY REPAIR OR REPLACE THE BROKEN OR DEFECTIVE NON OPERATING RADIATOR IN THE KITCHEN LOCATED AT APT 5B, 5th STORY, 2nd APARTMENT FROM SOUTH AT WEST",2024-12-09,9.0,VIOLATION DISMISSED,2025-04-09,Original,Close,N,2024,2024.0,2025-11-23,1426 days,1073 days,2,121 days,three to six months
2348,2405,257,3043550001,10,,,773,STANLEY,AVENUE,11207,773 STANLEY AVENUE,260,BOULEVARD,2021-12-28,BROOKLYN,1441,both,17511055,809557,389844.0,3,773,773,773,STANLEY AVENUE,B,2024-12-05,2024-12-07,01/27/2025,01/13/2025,,,01/27/2025,501.0,9527954.0,"§ 27-2005 HMC: PROPERLY REPAIR OR REPLACE THE BROKEN OR DEFECTIVE NON OPERATING RADIATOR AT WEST WALL IN THE 5th ROOM FROM EAST AT NORTH LOCATED AT APT 5B, 5th STORY, 2nd APARTMENT FROM SOUTH AT WEST",2024-12-09,9.0,VIOLATION DISMISSED,2025-04-09,Original,Close,N,2024,2024.0,2025-11-23,1426 days,1073 days,2,121 days,three to six months
2349,2406,257,3043550001,10,,,773,STANLEY,AVENUE,11207,773 STANLEY AVENUE,260,BOULEVARD,2021-12-28,BROOKLYN,1441,both,17511057,809557,389844.0,3,773,773,773,STANLEY AVENUE,B,2024-12-05,2024-12-07,01/27/2025,01/13/2025,,,01/27/2025,501.0,9527954.0,"§ 27-2005 HMC: PROPERLY REPAIR OR REPLACE THE BROKEN OR DEFECTIVE NO OPERATING RADIATOR AT WEST WALL IN THE 4th ROOM FROM EAST AT NORTH LOCATED AT APT 5B, 5th STORY, 2nd APARTMENT FROM SOUTH AT WEST",2024-12-09,9.0,VIOLATION DISMISSED,2025-04-09,Original,Close,N,2024,2024.0,2025-11-23,1426 days,1073 days,2,121 days,three to six months
2350,2407,257,3043550001,10,,,773,STANLEY,AVENUE,11207,773 STANLEY AVENUE,260,BOULEVARD,2021-12-28,BROOKLYN,1441,both,17630669,809557,389844.0,3,773,773,773,STANLEY AVENUE,C,2025-01-18,2025-01-19,02/21/2025,02/16/2025,,,01/27/2025,568.0,9589563.0,"HMC ADM CODE: § 27-2017.4 ABATE THE INFESTATION CONSISTING OF ROACHES IN THE ENTIRE APARTMENT LOCATED AT APT 6C, 6th STORY, 1st APARTMENT FROM WEST AT NORTH",2025-01-21,9.0,VIOLATION DISMISSED,2025-04-09,Original,Close,N,2025,2025.0,2025-11-23,1426 days,1117 days,3,78 days,one to three months
2351,2408,257,3043550001,10,,,773,STANLEY,AVENUE,11207,773 STANLEY AVENUE,260,BOULEVARD,2021-12-28,BROOKLYN,1441,both,17630673,809557,389844.0,3,773,773,773,STANLEY AVENUE,C,2025-01-18,2025-01-18,01/31/2025,01/19/2025,,,,666.0,9586209.0,"§ 27-2029 ADM CODE PROVIDE AN ADEQUATE SUPPLY OF HEAT FOR THE APARTMENT IN THE ENTIRE APARTMENT LOCATED AT APT 6C, 6th STORY, 1st APARTMENT FROM WEST AT NORTH",2025-01-21,19.0,VIOLATION CLOSED,2025-02-11,Original,Close,Y,2025,2025.0,2025-11-23,1426 days,1117 days,3,21 days,one week to a month
2352,2409,257,3043550001,10,,,773,STANLEY,AVENUE,11207,773 STANLEY AVENUE,260,BOULEVARD,2021-12-28,BROOKLYN,1441,both,17646469,809557,389844.0,3,773,773,773,STANLEY AVENUE,C,2025-01-25,2025-01-29,02/18/2025,02/13/2025,,,02/13/2025,530.0,9606251.0,"§ 27-2005, 27-2007, 27-2041.1 HMC, §238, § 309; § 107 (2) ( C) MDL AND 28 RCNY §25-171: REPLACE OR REPAIR THE SELF-CLOSING DOORS THAT IS MISSING OR DEFECTIVE LATCH SET AT BUILDING ENTRANCE AT PUBLIC HALL, 1st STORY",2025-01-30,19.0,VIOLATION CLOSED,2025-06-11,Original,Close,N,2025,2025.0,2025-11-23,1426 days,1124 days,3,132 days,three to six months
2353,2410,257,3043550001,10,,,773,STANLEY,AVENUE,11207,773 STANLEY AVENUE,260,BOULEVARD,2021-12-28,BROOKLYN,1441,both,17662433,809557,389844.0,3,773,773,773,STANLEY AVENUE,B,2025-01-25,2025-01-29,03/20/2025,03/06/2025,,,03/06/2025,501.0,9606250.0,"§ 27-2005 HMC: PROPERLY REPAIR OR REPLACE THE BROKEN OR DEFECTIVE LATCH SET AT BUILDING ENTRANCE AT PUBLIC HALL, 1st STORY",2025-01-30,9.0,VIOLATION DISMISSED,2025-05-19,Original,Close,N,2025,2025.0,2025-11-23,1426 days,1124 days,3,109 days,three to six months
2354,2411,257,3043550001,10,,,773,STANLEY,AVENUE,11207,773 STANLEY AVENUE,260,BOULEVARD,2021-12-28,BROOKLYN,1441,both,17574854,809557,389844.0,3,773,773,773,STANLEY AVENUE,C,2024-12-23,2024-12-27,01/12/2025,01/05/2025,,,02/28/2025,672.0,9557597.0,"§ 27-2033 ADM CODE PROVIDE READY ACCESS TO BUILDINGS HEATING SYSTEM DOOR LOOKED AT 1ST STORY AT 1st PUBLIC HALL FROM NORTH AT CENTER, 1st STORY",2024-12-30,19.0,VIOLATION CLOSED,2025-06-30,Original,Close,N,2024,2024.0,2025-11-23,1426 days,1091 days,2,182 days,six months to a year
2355,2412,257,3043550001,10,,,773,STANLEY,AVENUE,11207,773 STANLEY AVENUE,260,BOULEVARD,2021-12-28,BROOKLYN,1441,both,17741278,809557,389844.0,3,773,773,773,STANLEY AVENUE,C,2025-03-06,2025-03-06,04/07/2025,04/02/2025,,,03/27/2025,569.0,9660371.0,"HMC ADM CODE: § 27-2017.4 ABATE THE INFESTATION CONSISTING OF MICE IN THE ENTIRE APARTMENT LOCATED AT APT 1F, 1st STORY, 1st APARTMENT FROM SOUTH AT WEST",2025-03-07,9.0,VIOLATION DISMISSED,2025-06-09,Original,Close,N,2025,2025.0,2025-11-23,1426 days,1164 days,3,94 days,three to six months
2356,2413,257,3043550001,10,,,773,STANLEY,AVENUE,11207,773 STANLEY AVENUE,260,BOULEVARD,2021-12-28,BROOKLYN,1441,both,17741279,809557,389844.0,3,773,773,773,STANLEY AVENUE,C,2025-03-06,2025-03-06,04/07/2025,04/02/2025,,,03/27/2025,568.0,9660371.0,"HMC ADM CODE: § 27-2017.4 ABATE THE INFESTATION CONSISTING OF ROACHES IN THE ENTIRE APARTMENT LOCATED AT APT 1F, 1st STORY, 1st APARTMENT FROM SOUTH AT WEST",2025-03-07,9.0,VIOLATION DISMISSED,2025-06-09,Original,Close,N,2025,2025.0,2025-11-23,1426 days,1164 days,3,94 days,three to six months
2357,2414,257,3043550001,10,,,773,STANLEY,AVENUE,11207,773 STANLEY AVENUE,260,BOULEVARD,2021-12-28,BROOKLYN,1441,both,17741280,809557,389844.0,3,773,773,773,STANLEY AVENUE,B,2025-03-06,2025-03-06,04/25/2025,04/11/2025,,,03/12/2025,1503.0,9660370.0,"§ 27-2046.1 HMC: REPAIR OR REPLACE THE CARBON MONOXIDE DETECTING DEVICE(S). INOPERABLE IN THE ENTIRE APARTMENT LOCATED AT APT 1F, 1st STORY, 1st APARTMENT FROM SOUTH AT WEST",2025-03-07,9.0,VIOLATION DISMISSED,2025-05-23,Original,Close,N,2025,2025.0,2025-11-23,1426 days,1164 days,3,77 days,one to three months
2358,2415,257,3043550001,10,,,773,STANLEY,AVENUE,11207,773 STANLEY AVENUE,260,BOULEVARD,2021-12-28,BROOKLYN,1441,both,17741282,809557,389844.0,3,773,773,773,STANLEY AVENUE,B,2025-03-06,2025-03-06,04/25/2025,04/11/2025,,,03/12/2025,522.0,9660370.0,"§ 27-2005, 2007 ADM CODE FIRE EGRESS DEFECTIVE. REMOVE OBSTRUCTING BARS OR UNLAWFUL GATES FROM AT LEAST 1 WINDOW OR PROVIDE APPROVED TYPE GATE IN THE ENTIRE APARTMENT LOCATED AT APT 1F, 1st STORY, 1st APARTMENT FROM SOUTH AT WEST",2025-03-07,9.0,VIOLATION DISMISSED,2025-05-23,Original,Close,N,2025,2025.0,2025-11-23,1426 days,1164 days,3,77 days,one to three months
2359,2416,257,3043550001,10,,,773,STANLEY,AVENUE,11207,773 STANLEY AVENUE,260,BOULEVARD,2021-12-28,BROOKLYN,1441,both,17574853,809557,389844.0,3,773,773,773,STANLEY AVENUE,C,2024-12-23,2024-12-23,01/05/2025,12/24/2024,,,03/13/2025,670.0,9550049.0,"§ 27-2031 ADM CODE PROVIDE HOT WATER AT ALL HOT WATER FIXTURES IN THE ENTIRE APARTMENT LOCATED AT APT 6C, 6th STORY, 1st APARTMENT FROM WEST AT NORTH",2024-12-24,19.0,VIOLATION CLOSED,2025-07-08,Original,Close,Y,2024,2024.0,2025-11-23,1426 days,1091 days,2,196 days,six months to a year
2360,2417,257,3043550001,10,,,773,STANLEY,AVENUE,11207,773 STANLEY AVENUE,260,BOULEVARD,2021-12-28,BROOKLYN,1441,both,17741281,809557,389844.0,3,773,773,773,STANLEY AVENUE,B,2025-03-06,2025-03-06,04/25/2025,04/11/2025,,,03/13/2025,702.0,9660370.0,"§ 27-2045 ADM CODE REPAIR OR REPLACE THE SMOKE DETECTOR INOPERABLE IN THE ENTIRE APARTMENT LOCATED AT APT 1F, 1st STORY, 1st APARTMENT FROM SOUTH AT WEST",2025-03-07,9.0,VIOLATION DISMISSED,2025-05-27,Original,Close,N,2025,2025.0,2025-11-23,1426 days,1164 days,3,81 days,one to three months
2361,2418,257,3043550001,10,,,773,STANLEY,AVENUE,11207,773 STANLEY AVENUE,260,BOULEVARD,2021-12-28,BROOKLYN,1441,both,17748991,809557,389844.0,3,773,773,773,STANLEY AVENUE,C,2025-03-10,2025-03-11,04/12/2025,04/07/2025,,,03/19/2025,569.0,9666920.0,"HMC ADM CODE: § 27-2017.4 ABATE THE INFESTATION CONSISTING OF MICE IN THE ENTIRE APARTMENT LOCATED AT APT 1F, 1st STORY, 1st APARTMENT FROM SOUTH AT WEST",2025-03-12,9.0,VIOLATION DISMISSED,2025-05-30,Original,Close,N,2025,2025.0,2025-11-23,1426 days,1168 days,3,79 days,one to three months
2362,2419,257,3043550001,10,,,773,STANLEY,AVENUE,11207,773 STANLEY AVENUE,260,BOULEVARD,2021-12-28,BROOKLYN,1441,both,17748992,809557,389844.0,3,773,773,773,STANLEY AVENUE,C,2025-03-10,2025-03-11,04/12/2025,04/07/2025,,,03/19/2025,568.0,9666920.0,"HMC ADM CODE: § 27-2017.4 ABATE THE INFESTATION CONSISTING OF ROACHES IN THE ENTIRE APARTMENT LOCATED AT APT 1F, 1st STORY, 1st APARTMENT FROM SOUTH AT WEST",2025-03-12,9.0,VIOLATION DISMISSED,2025-05-30,Original,Close,N,2025,2025.0,2025-11-23,1426 days,1168 days,3,79 days,one to three months
2363,2420,258,3043770001,11,M,,845,SCHENCK,AVENUE,11207,845 SCHENCK AVENUE,266,BOULEVARD,2021-12-28,BROOKLYN,1441,both,18036052,809353,389845.0,3,845,845,857,SCHENCK AVENUE,B,2025-06-14,2025-06-15,08/04/2025,07/21/2025,,,07/18/2025,508.0,9871821.0,"§ 27-2005 ADM CODE REPAIR THE BROKEN OR DEFECTIVE PLASTERED SURFACES AND PAINT IN A UNIFORM COLOR AT EAST AND NORTH WALL IN THE BATHROOM LOCATED AT APT 5A, 5th STORY, 1st APARTMENT FROM NORTH AT EAST",2025-06-16,9.0,VIOLATION DISMISSED,2025-09-29,Original,Close,N,2025,2025.0,2025-11-23,1426 days,1264 days,3,105 days,three to six months
2364,2421,258,3043770001,11,M,,845,SCHENCK,AVENUE,11207,845 SCHENCK AVENUE,266,BOULEVARD,2021-12-28,BROOKLYN,1441,both,15929172,809353,389845.0,3,845,845,857,SCHENCK AVENUE,C,2023-04-18,2023-04-22,05/25/2023,05/20/2023,,,08/15/2024,569.0,8461260.0,"HMC ADM CODE: § 27-2017.4 ABATE THE INFESTATION CONSISTING OF MICE, 6th STORY",2023-04-24,19.0,VIOLATION CLOSED,2025-02-20,Original,Close,N,2023,2023.0,2025-11-23,1426 days,476 days,1,668 days,more than a year
2365,2422,258,3043770001,11,M,,845,SCHENCK,AVENUE,11207,845 SCHENCK AVENUE,266,BOULEVARD,2021-12-28,BROOKLYN,1441,both,16066455,809353,389845.0,3,845,845,857,SCHENCK AVENUE,C,2023-06-28,2023-06-28,07/30/2023,07/25/2023,,,08/15/2024,567.0,8541104.0,HMC ADM CODE: § 27-2017.4 ABATE THE INFESTATION CONSISTING OF RODENTS (RATS) AT FRONT YARD,2023-06-29,21.0,NOT COMPLIED WITH,2024-12-26,Original,Open,Y,2023,2023.0,2025-11-23,1426 days,547 days,1,878 days,more than a year
2366,2423,258,3043770001,11,M,,845,SCHENCK,AVENUE,11207,845 SCHENCK AVENUE,266,BOULEVARD,2021-12-28,BROOKLYN,1441,both,17600080,809353,389845.0,3,845,845,857,SCHENCK AVENUE,A,2025-01-06,2025-01-09,04/29/2025,04/15/2025,,,,550.0,9573451.0,"§ 27-2017.3 HMC: TRACE AND REPAIR THE SOURCE AND ABATE THE VISIBLE MOLD CONDITION... LESS THAN 10 SQ FEET AT CEILING IN THE BATHROOM LOCATED AT APT 2D, 2nd STORY, 1st APARTMENT FROM SOUTH AT WEST",2025-01-10,19.0,VIOLATION CLOSED,2025-05-10,Original,Close,N,2025,2025.0,2025-11-23,1426 days,1105 days,3,120 days,three to six months
2367,2424,258,3043770001,11,M,,845,SCHENCK,AVENUE,11207,845 SCHENCK AVENUE,266,BOULEVARD,2021-12-28,BROOKLYN,1441,both,16066456,809353,389845.0,3,845,845,857,SCHENCK AVENUE,B,2023-06-28,2023-06-28,08/17/2023,08/03/2023,,,08/15/2024,506.0,8541103.0,"§ 27-2005 ADM CODE REPLACE WITH NEW THE MISSING WIRE GLASS WINDOW PANE AT WEST PANEL OF BUILDING FRONT , 1st STORY",2023-06-29,19.0,VIOLATION CLOSED,2024-12-26,Original,Close,N,2023,2023.0,2025-11-23,1426 days,547 days,1,546 days,more than a year
2368,2425,258,3043770001,11,M,,845,SCHENCK,AVENUE,11207,845 SCHENCK AVENUE,266,BOULEVARD,2021-12-28,BROOKLYN,1441,both,16706452,809353,389845.0,3,845,845,857,SCHENCK AVENUE,B,2024-02-28,2024-03-24,05/13/2024,04/29/2024,,,05/10/2024,1503.0,9003702.0,"§ 27-2046.1 HMC: REPAIR OR REPLACE THE CARBON MONOXIDE DETECTING DEVICE(S). MISSING IN THE ENTIRE APARTMENT LOCATED AT APT 5B, 5th STORY, 2nd APARTMENT FROM NORTH AT EAST",2024-03-25,9.0,VIOLATION DISMISSED,2024-07-22,Original,Close,N,2024,2024.0,2025-11-23,1426 days,792 days,2,119 days,three to six months
2369,2426,258,3043770001,11,M,,845,SCHENCK,AVENUE,11207,845 SCHENCK AVENUE,266,BOULEVARD,2021-12-28,BROOKLYN,1441,both,16706456,809353,389845.0,3,845,845,857,SCHENCK AVENUE,C,2024-02-28,2024-03-24,04/25/2024,04/20/2024,,,04/17/2024,568.0,9003705.0,"HMC ADM CODE: § 27-2017.4 ABATE THE INFESTATION CONSISTING OF ROACHES IN THE ENTIRE APARTMENT LOCATED AT APT 6A, 6th STORY, 1st APARTMENT FROM NORTH AT EAST",2024-03-25,9.0,VIOLATION DISMISSED,2024-06-28,Original,Close,N,2024,2024.0,2025-11-23,1426 days,792 days,2,95 days,three to six months
2370,2427,258,3043770001,11,M,,845,SCHENCK,AVENUE,11207,845 SCHENCK AVENUE,266,BOULEVARD,2021-12-28,BROOKLYN,1441,both,16706457,809353,389845.0,3,845,845,857,SCHENCK AVENUE,C,2024-02-28,2024-02-28,03/12/2024,02/29/2024,,,02/29/2024,670.0,8963803.0,"§ 27-2031 ADM CODE PROVIDE HOT WATER AT ALL HOT WATER FIXTURES IN THE ENTIRE APARTMENT LOCATED AT APT 6A, 6th STORY, 1st APARTMENT FROM NORTH AT EAST",2024-02-29,9.0,VIOLATION DISMISSED,2024-05-13,Original,Close,Y,2024,2024.0,2025-11-23,1426 days,792 days,2,74 days,one to three months
2371,2428,258,3043770001,11,M,,845,SCHENCK,AVENUE,11207,845 SCHENCK AVENUE,266,BOULEVARD,2021-12-28,BROOKLYN,1441,both,16706450,809353,389845.0,3,845,845,857,SCHENCK AVENUE,C,2024-02-28,2024-02-28,03/12/2024,02/29/2024,,,02/29/2024,670.0,8963803.0,"§ 27-2031 ADM CODE PROVIDE HOT WATER AT ALL HOT WATER FIXTURES IN THE ENTIRE APARTMENT LOCATED AT APT 5B, 5th STORY, 2nd APARTMENT FROM NORTH AT EAST",2024-02-29,9.0,VIOLATION DISMISSED,2024-05-13,Original,Close,Y,2024,2024.0,2025-11-23,1426 days,792 days,2,74 days,one to three months
2372,2429,258,3043770001,11,M,,845,SCHENCK,AVENUE,11207,845 SCHENCK AVENUE,266,BOULEVARD,2021-12-28,BROOKLYN,1441,both,16121374,809353,389845.0,3,845,845,857,SCHENCK AVENUE,C,2023-07-22,2023-07-23,08/04/2023,07/23/2023,,,,670.0,8569162.0,"§ 27-2031 ADM CODE PROVIDE HOT WATER AT ALL HOT WATER FIXTURES IN THE ENTIRE APARTMENT LOCATED AT APT 4E , 4th STORY, 2nd APARTMENT FROM SOUTH AT WEST",2023-07-24,19.0,VIOLATION CLOSED,2023-09-26,Original,Close,Y,2023,2023.0,2025-11-23,1426 days,571 days,1,64 days,one to three months
2373,2430,258,3043770001,11,M,,845,SCHENCK,AVENUE,11207,845 SCHENCK AVENUE,266,BOULEVARD,2021-12-28,BROOKLYN,1441,both,16706455,809353,389845.0,3,845,845,857,SCHENCK AVENUE,C,2024-02-28,2024-03-24,04/07/2024,03/31/2024,,,03/27/2024,672.0,9003703.0,§ 27-2033 ADM CODE PROVIDE READY ACCESS TO BUILDINGS HEATING SYSTEM DOOR LOCKED AT BOILER ROOM,2024-03-25,9.0,VIOLATION DISMISSED,2024-06-07,Original,Close,N,2024,2024.0,2025-11-23,1426 days,792 days,2,74 days,one to three months
2374,2431,258,3043770001,11,M,,845,SCHENCK,AVENUE,11207,845 SCHENCK AVENUE,266,BOULEVARD,2021-12-28,BROOKLYN,1441,both,16670410,809353,389845.0,3,845,845,857,SCHENCK AVENUE,B,2024-02-12,2024-02-12,04/02/2024,03/19/2024,,,08/20/2024,688.0,8940745.0,"§ 27-2037, 2038 HMC: PROVIDE A SAFE AND ADEQUATE SUPPLY OF ELECTRIC SERVICE TO THE FIXTURES LIGHT FIXTURE AT SOUTH WALL. IN THE BATHROOM LOCATED AT APT 1F, 1st STORY, 1st APARTMENT FROM WEST AT NORTH , SECTION ''547'', 1st FROM WEST AT NORTH",2024-02-13,19.0,VIOLATION CLOSED,2024-12-26,Original,Close,N,2024,2024.0,2025-11-23,1426 days,776 days,2,317 days,six months to a year
2375,2432,258,3043770001,11,M,,845,SCHENCK,AVENUE,11207,845 SCHENCK AVENUE,266,BOULEVARD,2021-12-28,BROOKLYN,1441,both,17229328,809353,389845.0,3,845,845,857,SCHENCK AVENUE,B,2024-08-28,2024-08-31,10/22/2024,10/08/2024,,,,508.0,9318138.0,"§ 27-2005 ADM CODE REPAIR THE BROKEN OR DEFECTIVE PLASTERED SURFACES AND PAINT IN A UNIFORM COLOR THE WEST WALL IN THE 5th ROOM FROM EAST LOCATED AT APT 5A, 5th STORY, 1st APARTMENT FROM NORTH AT EAST",2024-09-03,19.0,VIOLATION CLOSED,2025-06-15,Original,Close,N,2024,2024.0,2025-11-23,1426 days,974 days,2,285 days,six months to a year
2376,2433,258,3043770001,11,M,,845,SCHENCK,AVENUE,11207,845 SCHENCK AVENUE,266,BOULEVARD,2021-12-28,BROOKLYN,1441,both,16670407,809353,389845.0,3,845,845,857,SCHENCK AVENUE,B,2024-02-12,2024-02-12,04/02/2024,03/19/2024,,,08/20/2024,508.0,8940745.0,"§ 27-2005 ADM CODE REPAIR THE BROKEN OR DEFECTIVE PLASTERED SURFACES AND PAINT IN A UNIFORM COLOR THE CEILING IN THE 1st ROOM FROM NORTH AT EAST LOCATED AT APT 1F, 1st STORY, 1st APARTMENT FROM WEST AT NORTH , SECTION ''547'', 1st FROM WEST AT NORTH",2024-02-13,19.0,VIOLATION CLOSED,2024-12-26,Original,Close,N,2024,2024.0,2025-11-23,1426 days,776 days,2,317 days,six months to a year
2377,2434,258,3043770001,11,M,,845,SCHENCK,AVENUE,11207,845 SCHENCK AVENUE,266,BOULEVARD,2021-12-28,BROOKLYN,1441,both,16114860,809353,389845.0,3,845,845,857,SCHENCK AVENUE,C,2023-07-22,2023-07-23,08/06/2023,07/30/2023,,,08/15/2024,672.0,8571593.0,§ 27-2033 ADM CODE PROVIDE READY ACCESS TO BUILDINGS HEATING SYSTEM DOOR LOCKED AT BOILER ROOM,2023-07-24,21.0,NOT COMPLIED WITH,2024-12-26,Original,Open,N,2023,2023.0,2025-11-23,1426 days,571 days,1,853 days,more than a year
2378,2435,258,3043770001,11,M,,845,SCHENCK,AVENUE,11207,845 SCHENCK AVENUE,266,BOULEVARD,2021-12-28,BROOKLYN,1441,both,18036043,809353,389845.0,3,845,845,857,SCHENCK AVENUE,B,2025-06-14,2025-06-15,08/04/2025,07/21/2025,,,06/24/2025,649.0,9871820.0,"§ 27-2026 ADM CODE REMOVE ALL OBSTRUCTIONS AND REPAIR ALL DEFECTS IN WASTE LINE AT WASH BASIN IN THE BATHROOM LOCATED AT APT 2D, 2nd STORY, 1st APARTMENT FROM SOUTH AT WEST",2025-06-16,19.0,VIOLATION CLOSED,2025-07-10,Original,Close,Y,2025,2025.0,2025-11-23,1426 days,1264 days,3,24 days,one week to a month
2379,2436,258,3043770001,11,M,,845,SCHENCK,AVENUE,11207,845 SCHENCK AVENUE,266,BOULEVARD,2021-12-28,BROOKLYN,1441,both,18036045,809353,389845.0,3,845,845,857,SCHENCK AVENUE,A,2025-06-14,2025-06-15,10/03/2025,09/19/2025,,,06/24/2025,508.0,9871819.0,"§ 27-2005 ADM CODE REPAIR THE BROKEN OR DEFECTIVE PLASTERED SURFACES AND PAINT IN A UNIFORM COLOR AT CEILING IN THE KITCHEN LOCATED AT APT 2D, 2nd STORY, 1st APARTMENT FROM SOUTH AT WEST",2025-06-16,19.0,VIOLATION CLOSED,2025-07-10,Original,Close,N,2025,2025.0,2025-11-23,1426 days,1264 days,3,24 days,one week to a month
2380,2437,258,3043770001,11,M,,845,SCHENCK,AVENUE,11207,845 SCHENCK AVENUE,266,BOULEVARD,2021-12-28,BROOKLYN,1441,both,15881704,809353,389845.0,3,845,845,857,SCHENCK AVENUE,A,2023-03-29,2023-03-29,07/16/2023,07/02/2023,,,,1507.0,8417244.0,"(A) § HMC:FILE ANNUAL BEDBUG REPORT IN ACCORDANCE WITH HPD RULE AS DESCRIBED ON THE BACK OF THIS NOTICE OF VIOLATION OR AS DESCRIBED ON HPDS WEBSITE, WWW.NYC.GOV\HPD, SEARCH BED BUGS.",2023-03-29,9.0,VIOLATION DISMISSED,2023-12-04,Original,Close,N,2023,2023.0,2025-11-23,1426 days,456 days,1,250 days,six months to a year
2381,2438,258,3043770001,11,M,,845,SCHENCK,AVENUE,11207,845 SCHENCK AVENUE,266,BOULEVARD,2021-12-28,BROOKLYN,1441,both,16670406,809353,389845.0,3,845,845,857,SCHENCK AVENUE,B,2024-02-12,2024-02-12,04/02/2024,03/19/2024,,,08/20/2024,583.0,8940745.0,"§ 27-2026, 2027 HMC: PROPERLY REPAIR THE SOURCE AND ABATE THE EVIDENCE OF A WATER LEAK AT CEILING. IN THE 1st ROOM FROM NORTH AT EAST LOCATED AT APT 1F, 1st STORY, 1st APARTMENT FROM WEST AT NORTH , SECTION ''547'', 1st FROM WEST AT NORTH",2024-02-13,19.0,VIOLATION CLOSED,2024-12-26,Original,Close,N,2024,2024.0,2025-11-23,1426 days,776 days,2,317 days,six months to a year
2382,2439,258,3043770001,11,M,,845,SCHENCK,AVENUE,11207,845 SCHENCK AVENUE,266,BOULEVARD,2021-12-28,BROOKLYN,1441,both,16670408,809353,389845.0,3,845,845,857,SCHENCK AVENUE,B,2024-02-12,2024-02-12,04/02/2024,03/19/2024,,,08/20/2024,583.0,8940745.0,"§ 27-2026, 2027 HMC: PROPERLY REPAIR THE SOURCE AND ABATE THE EVIDENCE OF A WATER LEAK AT CEILING. IN THE BATHROOM LOCATED AT APT 1F, 1st STORY, 1st APARTMENT FROM WEST AT NORTH , SECTION ''547'', 1st FROM WEST AT NORTH",2024-02-13,19.0,VIOLATION CLOSED,2024-12-26,Original,Close,N,2024,2024.0,2025-11-23,1426 days,776 days,2,317 days,six months to a year
2383,2440,258,3043770001,11,M,,845,SCHENCK,AVENUE,11207,845 SCHENCK AVENUE,266,BOULEVARD,2021-12-28,BROOKLYN,1441,both,16706458,809353,389845.0,3,845,845,857,SCHENCK AVENUE,C,2024-02-28,2024-03-24,04/25/2024,04/20/2024,,,,550.0,9003704.0,"§ 27-2017.3 HMC: TRACE AND REPAIR THE SOURCE AND ABATE THE VISIBLE MOLD CONDITION... APPROX. 70 SQ.FT AT WEST WALL IN THE 5th ROOM FROM EAST LOCATED AT APT 6A, 6th STORY, 1st APARTMENT FROM NORTH AT EAST",2024-03-25,47.0,NOTICE OF ISSUANCE SENT TO TENANT,2024-03-25,Original,Open,N,2024,2024.0,2025-11-23,1426 days,792 days,2,608 days,more than a year
2384,2441,258,3043770001,11,M,,845,SCHENCK,AVENUE,11207,845 SCHENCK AVENUE,266,BOULEVARD,2021-12-28,BROOKLYN,1441,both,17600082,809353,389845.0,3,845,845,857,SCHENCK AVENUE,C,2025-01-06,2025-01-09,01/29/2025,01/24/2025,,,02/25/2025,530.0,9573453.0,"§ 27-2005, 27-2007, 27-2041.1 HMC, §238, § 309; § 107 (2) ( C) MDL AND 28 RCNY §25-171: REPLACE OR REPAIR THE SELF-CLOSING DOORS THAT IS MISSING OR DEFECTIVE HINGES IN THE ENTRANCE LOCATED AT APT 2D, 2nd STORY, 1st APARTMENT FROM SOUTH AT WEST",2025-01-10,19.0,VIOLATION CLOSED,2025-06-15,Original,Close,N,2025,2025.0,2025-11-23,1426 days,1105 days,3,156 days,three to six months
2385,2442,258,3043770001,11,M,,845,SCHENCK,AVENUE,11207,845 SCHENCK AVENUE,266,BOULEVARD,2021-12-28,BROOKLYN,1441,both,18087714,809353,389845.0,3,845,845,857,SCHENCK AVENUE,C,2025-07-05,2025-07-10,07/29/2025,07/24/2025,,,07/22/2025,530.0,9903131.0,"§ 27-2005, 27-2007, 27-2041.1 HMC, §238, § 309; § 107 (2) ( C) MDL AND 28 RCNY §25-171: REPLACE OR REPAIR THE SELF-CLOSING DOORS THAT IS MISSING OR DEFECTIVE HINGES IN THE ENTRANCE LOCATED AT APT 2D, 2nd STORY, 1st APARTMENT FROM WEST AT NORTH",2025-07-10,19.0,VIOLATION CLOSED,2025-08-06,Original,Close,N,2025,2025.0,2025-11-23,1426 days,1285 days,3,27 days,one week to a month
2386,2443,258,3043770001,11,M,,845,SCHENCK,AVENUE,11207,845 SCHENCK AVENUE,266,BOULEVARD,2021-12-28,BROOKLYN,1441,both,15281389,809353,389845.0,3,845,845,857,SCHENCK AVENUE,C,2022-07-27,2022-07-27,08/28/2022,08/23/2022,,,,569.0,7986721.0,"HMC ADM CODE: § 27-2017.4 ABATE THE INFESTATION CONSISTING OF MICE IN THE ENTIRE APARTMENT LOCATED AT APT 1C, 1st STORY, 1st APARTMENT FROM EAST AT SOUTH",2022-07-28,47.0,NOTICE OF ISSUANCE SENT TO TENANT,2022-07-28,Original,Open,N,2022,2022.0,2025-11-23,1426 days,211 days,0,1214 days,more than a year
2387,2444,258,3043770001,11,M,,845,SCHENCK,AVENUE,11207,845 SCHENCK AVENUE,266,BOULEVARD,2021-12-28,BROOKLYN,1441,both,15432544,809353,389845.0,3,845,845,857,SCHENCK AVENUE,C,2022-10-19,2022-10-19,11/20/2022,11/15/2022,,,,569.0,8079205.0,"HMC ADM CODE: § 27-2017.4 ABATE THE INFESTATION CONSISTING OF MICE IN THE ENTIRE APARTMENT LOCATED AT APT 1C, 1st STORY, 1st APARTMENT FROM EAST AT SOUTH",2022-10-20,47.0,NOTICE OF ISSUANCE SENT TO TENANT,2022-10-20,Original,Open,N,2022,2022.0,2025-11-23,1426 days,295 days,0,1130 days,more than a year
2388,2445,258,3043770001,11,M,,845,SCHENCK,AVENUE,11207,845 SCHENCK AVENUE,266,BOULEVARD,2021-12-28,BROOKLYN,1441,both,17229329,809353,389845.0,3,845,845,857,SCHENCK AVENUE,B,2024-08-28,2024-08-28,10/17/2024,10/03/2024,,,,508.0,9312023.0,"§ 27-2005 ADM CODE REPAIR THE BROKEN OR DEFECTIVE PLASTERED SURFACES AND PAINT IN A UNIFORM COLOR THE CEILING IN THE BATHROOM LOCATED AT APT 5A, 5th STORY, 1st APARTMENT FROM NORTH AT EAST",2024-08-29,19.0,VIOLATION CLOSED,2025-06-15,Original,Close,N,2024,2024.0,2025-11-23,1426 days,974 days,2,290 days,six months to a year
2389,2446,258,3043770001,11,M,,845,SCHENCK,AVENUE,11207,845 SCHENCK AVENUE,266,BOULEVARD,2021-12-28,BROOKLYN,1441,both,15007574,809353,389845.0,3,845,845,857,SCHENCK AVENUE,A,2022-03-08,2022-03-08,06/25/2022,06/11/2022,,,,1507.0,7794492.0,"(A) § HMC:FILE ANNUAL BEDBUG REPORT IN ACCORDANCE WITH HPD RULE AS DESCRIBED ON THE BACK OF THIS NOTICE OF VIOLATION OR AS DESCRIBED ON HPDS WEBSITE, WWW.NYC.GOV\HPD, SEARCH BED BUGS.",2022-03-08,9.0,VIOLATION DISMISSED,2022-07-25,Original,Close,N,2022,2022.0,2025-11-23,1426 days,70 days,0,139 days,three to six months
2390,2447,258,3043770001,11,M,,845,SCHENCK,AVENUE,11207,845 SCHENCK AVENUE,266,BOULEVARD,2021-12-28,BROOKLYN,1441,both,16670409,809353,389845.0,3,845,845,857,SCHENCK AVENUE,B,2024-02-12,2024-02-12,04/02/2024,03/19/2024,,,08/20/2024,508.0,8940745.0,"§ 27-2005 ADM CODE REPAIR THE BROKEN OR DEFECTIVE PLASTERED SURFACES AND PAINT IN A UNIFORM COLOR THE CEILING AND SOUTH WALL. IN THE BATHROOM LOCATED AT APT 1F, 1st STORY, 1st APARTMENT FROM WEST AT NORTH , SECTION ''547'', 1st FROM WEST AT NORTH",2024-02-13,19.0,VIOLATION CLOSED,2024-12-26,Original,Close,N,2024,2024.0,2025-11-23,1426 days,776 days,2,317 days,six months to a year
2391,2448,258,3043770001,11,M,,845,SCHENCK,AVENUE,11207,845 SCHENCK AVENUE,266,BOULEVARD,2021-12-28,BROOKLYN,1441,both,17229330,809353,389845.0,3,845,845,857,SCHENCK AVENUE,A,2024-08-28,2024-08-28,12/16/2024,12/02/2024,,,,556.0,9312022.0,"§ 27-2013 ADM CODE PAINT WITH LIGHT COLORED PAINT TO THE SATISFACTION OF THIS DEPARTMENT WINDOWFRAME AT EAST WALL IN THE 1st ROOM FROM EAST AT SOUTH LOCATED AT APT 5A, 5th STORY, 1st APARTMENT FROM NORTH AT EAST",2024-08-29,19.0,VIOLATION CLOSED,2025-06-15,Original,Close,N,2024,2024.0,2025-11-23,1426 days,974 days,2,290 days,six months to a year
2392,2449,258,3043770001,11,M,,845,SCHENCK,AVENUE,11207,845 SCHENCK AVENUE,266,BOULEVARD,2021-12-28,BROOKLYN,1441,both,17600081,809353,389845.0,3,845,845,857,SCHENCK AVENUE,B,2025-01-06,2025-01-09,02/28/2025,02/14/2025,,,04/25/2025,508.0,9573452.0,"§ 27-2005 ADM CODE REPAIR THE BROKEN OR DEFECTIVE PLASTERED SURFACES AND PAINT IN A UNIFORM COLOR AT CEILING IN THE BATHROOM LOCATED AT APT 2D, 2nd STORY, 1st APARTMENT FROM SOUTH AT WEST",2025-01-10,19.0,VIOLATION CLOSED,2025-06-15,Original,Close,N,2025,2025.0,2025-11-23,1426 days,1105 days,3,156 days,three to six months
2393,2450,258,3043770001,11,M,,845,SCHENCK,AVENUE,11207,845 SCHENCK AVENUE,266,BOULEVARD,2021-12-28,BROOKLYN,1441,both,15281388,809353,389845.0,3,845,845,857,SCHENCK AVENUE,C,2022-07-27,2022-07-27,08/28/2022,08/23/2022,,,,568.0,7986721.0,"HMC ADM CODE: § 27-2017.4 ABATE THE INFESTATION CONSISTING OF ROACHES IN THE ENTIRE APARTMENT LOCATED AT APT 1C, 1st STORY, 1st APARTMENT FROM EAST AT SOUTH",2022-07-28,22.0,FIRST NO ACCESS TO RE- INSPECT VIOLATION,2025-09-15,Original,Open,N,2022,2022.0,2025-11-23,1426 days,211 days,0,1214 days,more than a year
2394,2452,258,3043770001,11,M,,845,SCHENCK,AVENUE,11207,845 SCHENCK AVENUE,266,BOULEVARD,2021-12-28,BROOKLYN,1441,both,16706451,809353,389845.0,3,845,845,857,SCHENCK AVENUE,C,2024-02-28,2024-03-24,04/07/2024,03/31/2024,,,04/05/2024,579.0,9003703.0,"§ 27-2026 ADM CODE REPAIR THE LEAKY AND/OR DEFECTIVE FAUCETS AT WASH BASIN IN THE BATHROOM LOCATED AT APT 5B, 5th STORY, 2nd APARTMENT FROM NORTH AT EAST",2024-03-25,9.0,VIOLATION DISMISSED,2024-06-17,Original,Close,N,2024,2024.0,2025-11-23,1426 days,792 days,2,84 days,one to three months
2395,2453,258,3043770001,11,M,,845,SCHENCK,AVENUE,11207,845 SCHENCK AVENUE,266,BOULEVARD,2021-12-28,BROOKLYN,1441,both,16706453,809353,389845.0,3,845,845,857,SCHENCK AVENUE,B,2024-02-28,2024-03-24,05/13/2024,04/29/2024,,,05/10/2024,702.0,9003702.0,"§ 27-2045 ADM CODE REPAIR OR REPLACE THE SMOKE DETECTOR MISSING IN THE ENTIRE APARTMENT LOCATED AT APT 5B, 5th STORY, 2nd APARTMENT FROM NORTH AT EAST",2024-03-25,9.0,VIOLATION DISMISSED,2024-07-22,Original,Close,N,2024,2024.0,2025-11-23,1426 days,792 days,2,119 days,three to six months
2396,2454,258,3043770001,11,M,,845,SCHENCK,AVENUE,11207,845 SCHENCK AVENUE,266,BOULEVARD,2021-12-28,BROOKLYN,1441,both,16706454,809353,389845.0,3,845,845,857,SCHENCK AVENUE,B,2024-02-28,2024-03-24,05/13/2024,04/29/2024,,,05/10/2024,510.0,9003702.0,"§ 27-2005 ADM CODE & 309 M/D LAW ABATE THE NUISANCE CONSISTING OF ALL RADIATOR VALVES PAINTED CLOSED IN THE ENTIRE APARTMENT LOCATED AT APT 5B, 5th STORY, 2nd APARTMENT FROM NORTH AT EAST",2024-03-25,9.0,VIOLATION DISMISSED,2024-07-22,Original,Close,N,2024,2024.0,2025-11-23,1426 days,792 days,2,119 days,three to six months
2397,2455,258,3043770001,11,M,,845,SCHENCK,AVENUE,11207,845 SCHENCK AVENUE,266,BOULEVARD,2021-12-28,BROOKLYN,1441,both,18124357,809353,389845.0,3,845,845,857,SCHENCK AVENUE,B,2025-07-31,2025-08-02,09/22/2025,09/08/2025,,,08/25/2025,508.0,9935733.0,"§ 27-2005 ADM CODE REPAIR THE BROKEN OR DEFECTIVE PLASTERED SURFACES AND PAINT IN A UNIFORM COLOR THE CEILING AND NORTH WALL IN THE BATHROOM LOCATED AT APT 2B, 2nd STORY, 2nd APARTMENT FROM NORTH AT EAST",2025-08-04,9.0,VIOLATION DISMISSED,2025-11-05,Original,Close,N,2025,2025.0,2025-11-23,1426 days,1311 days,3,93 days,three to six months
2398,2456,258,3043770001,11,M,,845,SCHENCK,AVENUE,11207,845 SCHENCK AVENUE,266,BOULEVARD,2021-12-28,BROOKLYN,1441,both,17811717,809353,389845.0,3,845,845,857,SCHENCK AVENUE,C,2025-04-07,2025-04-07,05/09/2025,05/04/2025,,,,568.0,9705631.0,"HMC ADM CODE: § 27-2017.4 ABATE THE INFESTATION CONSISTING OF ROACHES IN THE ENTIRE APARTMENT LOCATED AT APT 2B, 2nd STORY, 2nd APARTMENT FROM NORTH AT EAST",2025-04-08,47.0,NOTICE OF ISSUANCE SENT TO TENANT,2025-04-08,Original,Open,N,2025,2025.0,2025-11-23,1426 days,1196 days,3,229 days,six months to a year
2399,2457,258,3043770001,11,M,,845,SCHENCK,AVENUE,11207,845 SCHENCK AVENUE,266,BOULEVARD,2021-12-28,BROOKLYN,1441,both,17811716,809353,389845.0,3,845,845,857,SCHENCK AVENUE,B,2025-04-07,2025-04-10,05/30/2025,05/16/2025,,,05/08/2025,508.0,9710468.0,"§ 27-2005 ADM CODE REPAIR THE BROKEN OR DEFECTIVE PLASTERED SURFACES AND PAINT IN A UNIFORM COLOR AT CEILING, NORTH AND EAST WALLS IN THE BATHROOM LOCATED AT APT 2B, 2nd STORY, 2nd APARTMENT FROM NORTH AT EAST",2025-04-11,9.0,VIOLATION DISMISSED,2025-07-21,Original,Close,N,2025,2025.0,2025-11-23,1426 days,1196 days,3,101 days,three to six months
2400,2458,258,3043770001,11,M,,845,SCHENCK,AVENUE,11207,845 SCHENCK AVENUE,266,BOULEVARD,2021-12-28,BROOKLYN,1441,both,17811718,809353,389845.0,3,845,845,857,SCHENCK AVENUE,B,2025-04-07,2025-04-14,06/03/2025,05/20/2025,,,,508.0,9715186.0,"§ 27-2005 ADM CODE REPAIR THE BROKEN OR DEFECTIVE PLASTERED SURFACES AND PAINT IN A UNIFORM COLOR AT SOUTH WALL IN THE PRIVATE HALLWAY LOCATED AT APT 2B, 2nd STORY, 2nd APARTMENT FROM NORTH AT EAST",2025-04-15,2.0,NOV SENT OUT,2025-04-15,Original,Open,N,2025,2025.0,2025-11-23,1426 days,1196 days,3,222 days,six months to a year
2401,2459,258,3043770001,11,M,,845,SCHENCK,AVENUE,11207,845 SCHENCK AVENUE,266,BOULEVARD,2021-12-28,BROOKLYN,1441,both,17890745,809353,389845.0,3,845,845,857,SCHENCK AVENUE,B,2025-01-06,2025-05-10,06/30/2025,06/16/2025,,,,550.0,9753655.0,"§ 27-2017.3 HMC: TRACE AND REPAIR THE SOURCE AND ABATE THE VISIBLE MOLD CONDITION... LESS THAN 10 SQ FEET AT CEILING IN THE BATHROOM LOCATED AT APT 2D, 2nd STORY, 1st APARTMENT FROM SOUTH AT WEST ORIGINAL VIOLATION 17600080 ISSUED 06-JAN-25 HAS BEEN UPGRADED TO CLASS B PER ADMINISTRATIVE CODE §27-2017.3a(3)(a) or (b).",2025-05-12,20.0,DEFECT LETTER ISSUED,2025-06-15,Original,Open,N,2025,2025.0,2025-11-23,1426 days,1105 days,3,195 days,six months to a year
2402,2460,260,3043770001,12,M,,881,SCHENCK,AVENUE,11207,881 SCHENCK AVENUE,266,BOULEVARD,2021-12-28,BROOKLYN,1441,both,16822552,809354,389847.0,3,881,881,893,SCHENCK AVENUE,C,2024-04-06,2024-04-06,04/19/2024,04/07/2024,,,04/17/2024,666.0,9044489.0,"§ 27-2029 ADM CODE PROVIDE AN ADEQUATE SUPPLY OF HEAT FOR THE APARTMENT IN THE ENTIRE APARTMENT LOCATED AT APT 6A, 6th STORY, 1st APARTMENT FROM NORTH AT EAST",2024-04-08,9.0,VIOLATION DISMISSED,2024-06-28,Original,Close,Y,2024,2024.0,2025-11-23,1426 days,830 days,2,81 days,one to three months
2403,2461,260,3043770001,12,M,,881,SCHENCK,AVENUE,11207,881 SCHENCK AVENUE,266,BOULEVARD,2021-12-28,BROOKLYN,1441,both,16574715,809354,389847.0,3,881,881,893,SCHENCK AVENUE,I,2024-01-04,2024-01-09,,,,,,765.0,,"§ 27-2142 ADM CODE APTS HAVE BEEN VACATED BY THIS DEPARTMENT AND CANNOT BE REOCCUPIED UNTIL SO ORDERED AFTER PROOF OF COMPLIANCE FOR APTS 5F, BLDG. 893, EAST 1, 5TH STORY POSTED 01/04/24 VACATE ORDER #247258",,19.0,VIOLATION CLOSED,2024-12-16,,Close,N,2024,,2025-11-23,1426 days,737 days,2,,more than a year
2404,2462,260,3043770001,12,M,,881,SCHENCK,AVENUE,11207,881 SCHENCK AVENUE,266,BOULEVARD,2021-12-28,BROOKLYN,1441,both,16567688,809354,389847.0,3,881,881,893,SCHENCK AVENUE,B,2024-01-02,2024-01-08,02/27/2024,02/13/2024,,,,501.0,8883794.0,"§ 27-2005 HMC: PROPERLY REPAIR OR REPLACE THE BROKEN OR DEFECTIVE DOOR FRAME IN THE ENTRANCE LOCATED AT APT 4A881, 4th STORY, 1st APARTMENT FROM NORTH AT EAST",2024-01-09,19.0,VIOLATION CLOSED,2025-07-08,Original,Close,N,2024,2024.0,2025-11-23,1426 days,735 days,2,546 days,more than a year
2405,2463,260,3043770001,12,M,,881,SCHENCK,AVENUE,11207,881 SCHENCK AVENUE,266,BOULEVARD,2021-12-28,BROOKLYN,1441,both,17455550,809354,389847.0,3,881,881,893,SCHENCK AVENUE,C,2024-11-27,2024-11-29,12/15/2024,12/08/2024,,,12/13/2024,672.0,9488420.0,§ 27-2033 ADM CODE PROVIDE READY ACCESS TO BUILDINGS HEATING SYSTEM LOCKED DOOR AT BOILER ROOM,2024-12-02,9.0,VIOLATION DISMISSED,2025-02-24,Original,Close,N,2024,2024.0,2025-11-23,1426 days,1065 days,2,84 days,one to three months
2406,2464,260,3043770001,12,M,,881,SCHENCK,AVENUE,11207,881 SCHENCK AVENUE,266,BOULEVARD,2021-12-28,BROOKLYN,1441,both,16574706,809354,389847.0,3,881,881,893,SCHENCK AVENUE,I,2024-01-04,2024-01-09,,,,,,765.0,,"§ 27-2142 ADM CODE APTS HAVE BEEN VACATED BY THIS DEPARTMENT AND CANNOT BE REOCCUPIED UNTIL SO ORDERED AFTER PROOF OF COMPLIANCE FOR APTS 2A, BLDG. 893, EAST 1, 2ND STORY POSTED 01/04/24 VACATE ORDER #247258",,19.0,VIOLATION CLOSED,2024-12-16,,Close,N,2024,,2025-11-23,1426 days,737 days,2,,more than a year
2407,2465,260,3043770001,12,M,,881,SCHENCK,AVENUE,11207,881 SCHENCK AVENUE,266,BOULEVARD,2021-12-28,BROOKLYN,1441,both,16574714,809354,389847.0,3,881,881,893,SCHENCK AVENUE,I,2024-01-04,2024-01-09,,,,,,765.0,,"§ 27-2142 ADM CODE APTS HAVE BEEN VACATED BY THIS DEPARTMENT AND CANNOT BE REOCCUPIED UNTIL SO ORDERED AFTER PROOF OF COMPLIANCE FOR APTS 4F, BLDG. 893, NORTH 1, 4TH STORY, POSTED 01/04/24 VACATE ORDER #247258",,19.0,VIOLATION CLOSED,2024-12-16,,Close,N,2024,,2025-11-23,1426 days,737 days,2,,more than a year
2408,2466,260,3043770001,12,M,,881,SCHENCK,AVENUE,11207,881 SCHENCK AVENUE,266,BOULEVARD,2021-12-28,BROOKLYN,1441,both,16574337,809354,389847.0,3,881,881,893,SCHENCK AVENUE,I,2024-01-04,2024-01-09,,,,,,765.0,,"§ 27-2142 ADM CODE APTS HAVE BEEN VACATED BY THIS DEPARTMENT AND CANNOT BE REOCCUPIED UNTIL SO ORDERED AFTER PROOF OF COMPLIANCE FOR APTS 1B, EAST 1, 1ST STORY, BLDG. 881, POSTED 01/040/24 VACATE ORDER #247258",,19.0,VIOLATION CLOSED,2024-12-16,,Close,N,2024,,2025-11-23,1426 days,737 days,2,,more than a year
2409,2467,260,3043770001,12,M,,881,SCHENCK,AVENUE,11207,881 SCHENCK AVENUE,266,BOULEVARD,2021-12-28,BROOKLYN,1441,both,17353718,809354,389847.0,3,881,881,893,SCHENCK AVENUE,C,2024-10-12,2024-10-16,11/05/2024,10/31/2024,,,11/07/2024,530.0,9385904.0,"§ 27-2005, 27-2007, 27-2041.1 HMC, §238, § 309; § 107 (2) ( C) MDL AND 28 RCNY §25-171: REPLACE OR REPAIR THE SELF-CLOSING DOORS THAT IS MISSING OR DEFECTIVE HINGES AT HOPPER DOOR TO TRASH CHUTE AT PUBLIC HALL, 2nd STORY",2024-10-17,19.0,VIOLATION CLOSED,2025-06-25,Original,Close,N,2024,2024.0,2025-11-23,1426 days,1019 days,2,251 days,six months to a year
2410,2468,260,3043770001,12,M,,881,SCHENCK,AVENUE,11207,881 SCHENCK AVENUE,266,BOULEVARD,2021-12-28,BROOKLYN,1441,both,18348112,809354,389847.0,3,881,881,893,SCHENCK AVENUE,C,2025-11-05,2025-11-07,11/29/2025,11/24/2025,,,,530.0,10073029.0,"§ 27-2005, 27-2007, 27-2041.1 HMC, §238, § 309; § 107 (2) ( C) MDL AND 28 RCNY §25-171: REPLACE OR REPAIR THE SELF-CLOSING DOORS THAT IS MISSING OR DEFECTIVE HINGES AT HOPPER DOOR AT PUBLIC HALL, 6th STORY",2025-11-10,2.0,NOV SENT OUT,2025-11-10,Original,Open,N,2025,2025.0,2025-11-23,1426 days,1408 days,3,13 days,one week to a month
2411,2469,260,3043770001,12,M,,881,SCHENCK,AVENUE,11207,881 SCHENCK AVENUE,266,BOULEVARD,2021-12-28,BROOKLYN,1441,both,15669129,809354,389847.0,3,881,881,893,SCHENCK AVENUE,C,2023-01-17,2023-01-17,02/06/2023,02/01/2023,,,,530.0,8256926.0,"§ 27-2005, 27-2007, 27-2041.1 HMC: REPLACE OR REPAIR THE SELF-CLOSING DOORS THAT IS MISSING OR DEFECTIVE FIRE DOOR AT NORTH WALL AT PUBLIC HALL, 6th STORY",2023-01-18,19.0,VIOLATION CLOSED,2023-11-02,Original,Close,N,2023,2023.0,2025-11-23,1426 days,385 days,1,288 days,six months to a year
2412,2470,260,3043770001,12,M,,881,SCHENCK,AVENUE,11207,881 SCHENCK AVENUE,266,BOULEVARD,2021-12-28,BROOKLYN,1441,both,15007575,809354,389847.0,3,881,881,893,SCHENCK AVENUE,A,2022-03-08,2022-03-08,06/25/2022,06/11/2022,,,,1507.0,7794493.0,"(A) § HMC:FILE ANNUAL BEDBUG REPORT IN ACCORDANCE WITH HPD RULE AS DESCRIBED ON THE BACK OF THIS NOTICE OF VIOLATION OR AS DESCRIBED ON HPDS WEBSITE, WWW.NYC.GOV\HPD, SEARCH BED BUGS.",2022-03-08,9.0,VIOLATION DISMISSED,2022-07-25,Original,Close,N,2022,2022.0,2025-11-23,1426 days,70 days,0,139 days,three to six months
2413,2471,260,3043770001,12,M,,881,SCHENCK,AVENUE,11207,881 SCHENCK AVENUE,266,BOULEVARD,2021-12-28,BROOKLYN,1441,both,16567587,809354,389847.0,3,881,881,893,SCHENCK AVENUE,C,2024-01-02,2024-01-03,01/17/2024,01/10/2024,,,,510.0,8875227.0,"§ 27-2005 ADM CODE & 309 M/D LAW ABATE THE NUISANCE CONSISTING OF FIRE DAMAGE IN THE ENTIRE APARTMENT LOCATED AT APT 2A881, 2nd STORY, 1st APARTMENT FROM NORTH AT EAST",2024-01-04,19.0,VIOLATION CLOSED,2024-11-20,Original,Close,N,2024,2024.0,2025-11-23,1426 days,735 days,2,321 days,six months to a year
2414,2472,260,3043770001,12,M,,881,SCHENCK,AVENUE,11207,881 SCHENCK AVENUE,266,BOULEVARD,2021-12-28,BROOKLYN,1441,both,16567711,809354,389847.0,3,881,881,893,SCHENCK AVENUE,C,2024-01-02,2024-01-08,01/22/2024,01/15/2024,,,,501.0,8883798.0,"§ 27-2005 HMC: PROPERLY REPAIR OR REPLACE THE BROKEN OR DEFECTIVE DOOR IN THE ENTRANCE LOCATED AT APT 3B893, 3rd STORY, 2nd APARTMENT FROM NORTH AT EAST",2024-01-09,19.0,VIOLATION CLOSED,2024-04-17,Original,Close,N,2024,2024.0,2025-11-23,1426 days,735 days,2,99 days,three to six months
2415,2473,260,3043770001,12,M,,881,SCHENCK,AVENUE,11207,881 SCHENCK AVENUE,266,BOULEVARD,2021-12-28,BROOKLYN,1441,both,16567673,809354,389847.0,3,881,881,893,SCHENCK AVENUE,B,2024-01-02,2024-01-08,02/27/2024,02/13/2024,,,02/27/2024,501.0,8883793.0,"§ 27-2005 HMC: PROPERLY REPAIR OR REPLACE THE BROKEN OR DEFECTIVE ENTRY LATCH AT DOOR AT PUBLIC HALL, 6th STORY, SECTION ''893''",2024-01-09,9.0,VIOLATION DISMISSED,2024-05-09,Original,Close,N,2024,2024.0,2025-11-23,1426 days,735 days,2,121 days,three to six months
2416,2474,260,3043770001,12,M,,881,SCHENCK,AVENUE,11207,881 SCHENCK AVENUE,266,BOULEVARD,2021-12-28,BROOKLYN,1441,both,16567674,809354,389847.0,3,881,881,893,SCHENCK AVENUE,C,2024-01-02,2024-01-08,01/22/2024,01/15/2024,,,,501.0,8883797.0,"§ 27-2005 HMC: PROPERLY REPAIR OR REPLACE THE BROKEN OR DEFECTIVE GLASS PANES AT WINDOW AT BULKHEAD , SECTION ''881''",2024-01-09,19.0,VIOLATION CLOSED,2024-04-17,Original,Close,N,2024,2024.0,2025-11-23,1426 days,735 days,2,99 days,three to six months
2417,2475,260,3043770001,12,M,,881,SCHENCK,AVENUE,11207,881 SCHENCK AVENUE,266,BOULEVARD,2021-12-28,BROOKLYN,1441,both,17455551,809354,389847.0,3,881,881,893,SCHENCK AVENUE,C,2024-11-27,2024-11-28,12/10/2024,11/28/2024,,,,670.0,9475356.0,"§ 27-2031 ADM CODE PROVIDE HOT WATER AT ALL HOT WATER FIXTURES IN THE KITCHEN LOCATED AT APT 5E, 5th STORY, 2nd APARTMENT FROM SOUTH AT WEST",2024-11-29,19.0,VIOLATION CLOSED,2025-08-08,Original,Close,Y,2024,2024.0,2025-11-23,1426 days,1065 days,2,252 days,six months to a year
2418,2476,260,3043770001,12,M,,881,SCHENCK,AVENUE,11207,881 SCHENCK AVENUE,266,BOULEVARD,2021-12-28,BROOKLYN,1441,both,16567578,809354,389847.0,3,881,881,893,SCHENCK AVENUE,C,2024-01-02,2024-01-03,01/17/2024,01/10/2024,,,,510.0,8875226.0,"§ 27-2005 ADM CODE & 309 M/D LAW ABATE THE NUISANCE CONSISTING OF FIRE DAMAGE IN THE ENTIRE APARTMENT LOCATED AT APT 2B, 2nd STORY, 2nd APARTMENT FROM NORTH AT EAST , SECTION ''881''",2024-01-04,19.0,VIOLATION CLOSED,2024-11-20,Original,Close,N,2024,2024.0,2025-11-23,1426 days,735 days,2,321 days,six months to a year
2419,2477,260,3043770001,12,M,,881,SCHENCK,AVENUE,11207,881 SCHENCK AVENUE,266,BOULEVARD,2021-12-28,BROOKLYN,1441,both,16567602,809354,389847.0,3,881,881,893,SCHENCK AVENUE,C,2024-01-02,2024-01-03,01/17/2024,01/10/2024,,,,510.0,8875233.0,"§ 27-2005 ADM CODE & 309 M/D LAW ABATE THE NUISANCE CONSISTING OF FIRE DAMAGE IN THE ENTIRE APARTMENT LOCATED AT APT 6B881, 6th STORY, 2nd APARTMENT FROM NORTH AT EAST",2024-01-04,19.0,VIOLATION CLOSED,2024-08-06,Original,Close,N,2024,2024.0,2025-11-23,1426 days,735 days,2,215 days,six months to a year
2420,2478,260,3043770001,12,M,,881,SCHENCK,AVENUE,11207,881 SCHENCK AVENUE,266,BOULEVARD,2021-12-28,BROOKLYN,1441,both,16574711,809354,389847.0,3,881,881,893,SCHENCK AVENUE,I,2024-01-04,2024-01-09,,,,,,765.0,,"§ 27-2142 ADM CODE APTS HAVE BEEN VACATED BY THIS DEPARTMENT AND CANNOT BE REOCCUPIED UNTIL SO ORDERED AFTER PROOF OF COMPLIANCE FOR APTS 3F, BLDG. 893, NORTH 1, 3RD STORY, POSTED 01/04/24 VACATE ORDER #247258",,19.0,VIOLATION CLOSED,2024-12-16,,Close,N,2024,,2025-11-23,1426 days,737 days,2,,more than a year
2421,2479,260,3043770001,12,M,,881,SCHENCK,AVENUE,11207,881 SCHENCK AVENUE,266,BOULEVARD,2021-12-28,BROOKLYN,1441,both,16567738,809354,389847.0,3,881,881,893,SCHENCK AVENUE,C,2024-01-02,2024-01-08,01/22/2024,01/15/2024,,,,501.0,8883802.0,"§ 27-2005 HMC: PROPERLY REPAIR OR REPLACE THE BROKEN OR DEFECTIVE DOOR IN THE ENTIRE APARTMENT LOCATED AT APT 5E893, 5th STORY, 2nd APARTMENT FROM SOUTH AT WEST",2024-01-09,19.0,VIOLATION CLOSED,2024-04-17,Original,Close,N,2024,2024.0,2025-11-23,1426 days,735 days,2,99 days,three to six months
2422,2480,260,3043770001,12,M,,881,SCHENCK,AVENUE,11207,881 SCHENCK AVENUE,266,BOULEVARD,2021-12-28,BROOKLYN,1441,both,16574669,809354,389847.0,3,881,881,893,SCHENCK AVENUE,I,2024-01-04,2024-01-09,,,,,,765.0,,"§ 27-2142 ADM CODE APTS HAVE BEEN VACATED BY THIS DEPARTMENT AND CANNOT BE REOCCUPIED UNTIL SO ORDERED AFTER PROOF OF COMPLIANCE FOR APTS 2A, BLDG. 881, EAST 1, 2ND STORY POSTED 01/04/24 VACATE ORDER #247258",,19.0,VIOLATION CLOSED,2024-12-16,,Close,N,2024,,2025-11-23,1426 days,737 days,2,,more than a year
2423,2481,260,3043770001,12,M,,881,SCHENCK,AVENUE,11207,881 SCHENCK AVENUE,266,BOULEVARD,2021-12-28,BROOKLYN,1441,both,16574695,809354,389847.0,3,881,881,893,SCHENCK AVENUE,I,2024-01-04,2024-01-09,,,,,,765.0,,"§ 27-2142 ADM CODE APTS HAVE BEEN VACATED BY THIS DEPARTMENT AND CANNOT BE REOCCUPIED UNTIL SO ORDERED AFTER PROOF OF COMPLIANCE FOR APTS 6C, BLDG. 881, SOUTH 1, 6TH STORY POSTED 01/04/24 VACATE ORDER #247258",,19.0,VIOLATION CLOSED,2025-06-02,,Close,N,2024,,2025-11-23,1426 days,737 days,2,,more than a year
2424,2482,260,3043770001,12,M,,881,SCHENCK,AVENUE,11207,881 SCHENCK AVENUE,266,BOULEVARD,2021-12-28,BROOKLYN,1441,both,16567663,809354,389847.0,3,881,881,893,SCHENCK AVENUE,C,2024-01-02,2024-01-08,01/22/2024,01/15/2024,,,,501.0,8883797.0,"§ 27-2005 HMC: PROPERLY REPAIR OR REPLACE THE BROKEN OR DEFECTIVE GLASS PANES AT UPPER AND LOWER SASHES AT WINDOW AT PUBLIC HALL STAIRS, 4th STORY, SECTION ''881''",2024-01-09,19.0,VIOLATION CLOSED,2024-04-17,Original,Close,N,2024,2024.0,2025-11-23,1426 days,735 days,2,99 days,three to six months
2425,2483,260,3043770001,12,M,,881,SCHENCK,AVENUE,11207,881 SCHENCK AVENUE,266,BOULEVARD,2021-12-28,BROOKLYN,1441,both,16567666,809354,389847.0,3,881,881,893,SCHENCK AVENUE,C,2024-01-02,2024-01-08,01/22/2024,01/15/2024,,,,501.0,8883797.0,"§ 27-2005 HMC: PROPERLY REPAIR OR REPLACE THE BROKEN OR DEFECTIVE GLASS PANES AT UPPER AND LOWER SASHES AT WINDOW AT PUBLIC HALL STAIRS, 5th STORY",2024-01-09,19.0,VIOLATION CLOSED,2024-04-17,Original,Close,N,2024,2024.0,2025-11-23,1426 days,735 days,2,99 days,three to six months
2426,2484,260,3043770001,12,M,,881,SCHENCK,AVENUE,11207,881 SCHENCK AVENUE,266,BOULEVARD,2021-12-28,BROOKLYN,1441,both,16328176,809354,389847.0,3,881,881,893,SCHENCK AVENUE,B,2023-10-22,2023-10-25,12/14/2023,11/30/2023,,,12/14/2023,688.0,8702946.0,"§ 27-2037, 2038 HMC: PROVIDE A SAFE AND ADEQUATE SUPPLY OF ELECTRIC SERVICE TO THE FIXTURES AT CEILING IN THE KITCHEN LOCATED AT APT 1F, 1st STORY, 1st APARTMENT FROM WEST AT NORTH",2023-10-26,9.0,VIOLATION DISMISSED,2024-02-26,Original,Close,N,2023,2023.0,2025-11-23,1426 days,663 days,1,123 days,three to six months
2427,2485,260,3043770001,12,M,,881,SCHENCK,AVENUE,11207,881 SCHENCK AVENUE,266,BOULEVARD,2021-12-28,BROOKLYN,1441,both,16334451,809354,389847.0,3,881,881,893,SCHENCK AVENUE,A,2023-10-25,2023-10-26,02/13/2024,01/30/2024,,,02/08/2024,500.0,8704769.0,"§ 26-1103 ADMIN. CODE: POST AND MAINTAIN A PROPER NOTICE ON WALL OF THE ENTRANCE STORY IN ENGLISH AND SPANISH ON THE AVAILABILITY OF THE AGENCYS HOUSING INFORMATION GUIDE. A SAMPLE NOTICE CAN BE FOUND AT WWW.NYC.GOV/HPD. AT PUBLIC HALL, 1st STORY",2023-10-27,9.0,VIOLATION DISMISSED,2024-04-22,Original,Close,N,2023,2023.0,2025-11-23,1426 days,666 days,1,178 days,three to six months
2428,2486,260,3043770001,12,M,,881,SCHENCK,AVENUE,11207,881 SCHENCK AVENUE,266,BOULEVARD,2021-12-28,BROOKLYN,1441,both,16328173,809354,389847.0,3,881,881,893,SCHENCK AVENUE,B,2023-10-22,2023-10-22,12/11/2023,11/27/2023,,,,550.0,8697637.0,"§ 27-2017.3 HMC: TRACE AND REPAIR THE SOURCE AND ABATE THE VISIBLE MOLD CONDITION... APPROXIMATELY 15 SQ FT AT CEILING IN THE BATHROOM LOCATED AT APT 1F, 1st STORY, 1st APARTMENT FROM WEST AT NORTH",2023-10-23,22.0,FIRST NO ACCESS TO RE- INSPECT VIOLATION,2025-09-03,Original,Open,N,2023,2023.0,2025-11-23,1426 days,663 days,1,762 days,more than a year
2429,2487,260,3043770001,12,M,,881,SCHENCK,AVENUE,11207,881 SCHENCK AVENUE,266,BOULEVARD,2021-12-28,BROOKLYN,1441,both,16567687,809354,389847.0,3,881,881,893,SCHENCK AVENUE,B,2024-01-02,2024-01-08,02/27/2024,02/13/2024,,,02/27/2024,1503.0,8883794.0,"§ 27-2046.1 HMC: REPAIR OR REPLACE THE CARBON MONOXIDE DETECTING DEVICE(S). DEFECTIVE IN THE ENTIRE APARTMENT LOCATED AT APT 4A881, 4th STORY, 1st APARTMENT FROM NORTH AT EAST",2024-01-09,9.0,VIOLATION DISMISSED,2024-05-09,Original,Close,N,2024,2024.0,2025-11-23,1426 days,735 days,2,121 days,three to six months
2430,2488,260,3043770001,12,M,,881,SCHENCK,AVENUE,11207,881 SCHENCK AVENUE,266,BOULEVARD,2021-12-28,BROOKLYN,1441,both,16822553,809354,389847.0,3,881,881,893,SCHENCK AVENUE,C,2024-04-06,2024-04-10,04/24/2024,04/17/2024,,,04/17/2024,672.0,9080334.0,§ 27-2033 ADM CODE PROVIDE READY ACCESS TO BUILDINGS HEATING SYSTEM DOOR LOCKED AT BASEMENT,2024-04-11,9.0,VIOLATION DISMISSED,2024-06-28,Original,Close,N,2024,2024.0,2025-11-23,1426 days,830 days,2,78 days,one to three months
2431,2489,260,3043770001,12,M,,881,SCHENCK,AVENUE,11207,881 SCHENCK AVENUE,266,BOULEVARD,2021-12-28,BROOKLYN,1441,both,15669130,809354,389847.0,3,881,881,893,SCHENCK AVENUE,C,2023-01-17,2023-01-17,01/31/2023,01/24/2023,,,02/25/2025,501.0,8256925.0,"§ 27-2005 ADM CODE PROPERLY REPAIR THE BROKEN OR DEFECTIVE LOCKING DEVICE AT BUILDING ENTRANCE DOOR , 1st STORY",2023-01-18,19.0,VIOLATION CLOSED,2025-06-27,Original,Close,N,2023,2023.0,2025-11-23,1426 days,385 days,1,891 days,more than a year
2432,2490,260,3043770001,12,M,,881,SCHENCK,AVENUE,11207,881 SCHENCK AVENUE,266,BOULEVARD,2021-12-28,BROOKLYN,1441,both,16237947,809354,389847.0,3,881,881,893,SCHENCK AVENUE,C,2023-09-20,2023-09-21,10/11/2023,10/06/2023,,,10/11/2023,530.0,8649785.0,"§ 27-2005, 27-2007, 27-2041.1 HMC, §238, § 309; § 107 (2) ( C) MDL AND 28 RCNY §25-171: REPLACE OR REPAIR THE SELF-CLOSING DOORS THAT IS MISSING OR DEFECTIVE FIRE DOOR AT NORTH WALL AT PUBLIC HALL, 1st STORY",2023-09-22,19.0,VIOLATION CLOSED,2023-10-18,Original,Close,N,2023,2023.0,2025-11-23,1426 days,631 days,1,26 days,one week to a month
2433,2491,260,3043770001,12,M,,881,SCHENCK,AVENUE,11207,881 SCHENCK AVENUE,266,BOULEVARD,2021-12-28,BROOKLYN,1441,both,16328171,809354,389847.0,3,881,881,893,SCHENCK AVENUE,C,2023-10-22,2023-10-22,11/04/2023,10/23/2023,,,11/03/2023,666.0,8694700.0,"§ 27-2029 ADM CODE PROVIDE AN ADEQUATE SUPPLY OF HEAT FOR THE APARTMENT IN THE ENTIRE APARTMENT LOCATED AT APT 1F, 1st STORY, 1st APARTMENT FROM WEST AT NORTH",2023-10-23,19.0,VIOLATION CLOSED,2024-10-01,Original,Close,Y,2023,2023.0,2025-11-23,1426 days,663 days,1,344 days,six months to a year
2434,2492,260,3043770001,12,M,,881,SCHENCK,AVENUE,11207,881 SCHENCK AVENUE,266,BOULEVARD,2021-12-28,BROOKLYN,1441,both,16567671,809354,389847.0,3,881,881,893,SCHENCK AVENUE,C,2024-01-02,2024-01-08,01/22/2024,01/15/2024,,,,501.0,8883797.0,"§ 27-2005 HMC: PROPERLY REPAIR OR REPLACE THE BROKEN OR DEFECTIVE GLASS PANES AT UPPER AND LOWER SASHES AT WINDOW AT PUBLIC HALL, 4th STORY, SECTION ''893''",2024-01-09,19.0,VIOLATION CLOSED,2024-04-17,Original,Close,N,2024,2024.0,2025-11-23,1426 days,735 days,2,99 days,three to six months
2435,2493,260,3043770001,12,M,,881,SCHENCK,AVENUE,11207,881 SCHENCK AVENUE,266,BOULEVARD,2021-12-28,BROOKLYN,1441,both,16567727,809354,389847.0,3,881,881,893,SCHENCK AVENUE,B,2024-01-02,2024-01-08,02/27/2024,02/13/2024,,,02/27/2024,702.0,8883795.0,"§ 27-2045 ADM CODE REPAIR OR REPLACE THE SMOKE DETECTOR MISSING IN THE ENTIRE APARTMENT LOCATED AT APT 5D893, 5th STORY, 1st APARTMENT FROM SOUTH AT WEST",2024-01-09,9.0,VIOLATION DISMISSED,2024-05-09,Original,Close,N,2024,2024.0,2025-11-23,1426 days,735 days,2,121 days,three to six months
2436,2494,260,3043770001,12,M,,881,SCHENCK,AVENUE,11207,881 SCHENCK AVENUE,266,BOULEVARD,2021-12-28,BROOKLYN,1441,both,16567601,809354,389847.0,3,881,881,893,SCHENCK AVENUE,C,2024-01-02,2024-01-03,01/17/2024,01/10/2024,,,,510.0,8875232.0,"§ 27-2005 ADM CODE & 309 M/D LAW ABATE THE NUISANCE CONSISTING OF FIRE DAMAGE IN THE ENTIRE APARTMENT LOCATED AT APT 6A881, 6th STORY, 1st APARTMENT FROM NORTH AT EAST",2024-01-04,19.0,VIOLATION CLOSED,2024-08-06,Original,Close,N,2024,2024.0,2025-11-23,1426 days,735 days,2,215 days,six months to a year
2437,2495,260,3043770001,12,M,,881,SCHENCK,AVENUE,11207,881 SCHENCK AVENUE,266,BOULEVARD,2021-12-28,BROOKLYN,1441,both,16567614,809354,389847.0,3,881,881,893,SCHENCK AVENUE,C,2024-01-02,2024-01-03,01/17/2024,01/10/2024,,,,510.0,8875237.0,"§ 27-2005 ADM CODE & 309 M/D LAW ABATE THE NUISANCE CONSISTING OF FIRE DAMAGE IN THE ENTIRE APARTMENT LOCATED AT APT 3A893, 3rd STORY, 1st APARTMENT FROM NORTH AT EAST",2024-01-04,19.0,VIOLATION CLOSED,2024-08-06,Original,Close,N,2024,2024.0,2025-11-23,1426 days,735 days,2,215 days,six months to a year
2438,2496,260,3043770001,12,M,,881,SCHENCK,AVENUE,11207,881 SCHENCK AVENUE,266,BOULEVARD,2021-12-28,BROOKLYN,1441,both,16567603,809354,389847.0,3,881,881,893,SCHENCK AVENUE,C,2024-01-02,2024-01-03,01/17/2024,01/10/2024,,,,510.0,8875234.0,"§ 27-2005 ADM CODE & 309 M/D LAW ABATE THE NUISANCE CONSISTING OF FIRE DAMAGE IN THE ENTIRE APARTMENT LOCATED AT APT 6C881, 6th STORY, 1st APARTMENT FROM EAST AT SOUTH",2024-01-04,19.0,VIOLATION CLOSED,2024-10-01,Original,Close,N,2024,2024.0,2025-11-23,1426 days,735 days,2,271 days,six months to a year
2439,2497,260,3043770001,12,M,,881,SCHENCK,AVENUE,11207,881 SCHENCK AVENUE,266,BOULEVARD,2021-12-28,BROOKLYN,1441,both,16328175,809354,389847.0,3,881,881,893,SCHENCK AVENUE,C,2023-10-22,2023-10-25,11/26/2023,11/21/2023,,,,568.0,8702947.0,"HMC ADM CODE: § 27-2017.4 ABATE THE INFESTATION CONSISTING OF ROACHES IN THE KITCHEN LOCATED AT APT 1F, 1st STORY, 1st APARTMENT FROM WEST AT NORTH",2023-10-26,19.0,VIOLATION CLOSED,2024-10-08,Original,Close,N,2023,2023.0,2025-11-23,1426 days,663 days,1,348 days,six months to a year
2440,2498,260,3043770001,12,M,,881,SCHENCK,AVENUE,11207,881 SCHENCK AVENUE,266,BOULEVARD,2021-12-28,BROOKLYN,1441,both,16350769,809354,389847.0,3,881,881,893,SCHENCK AVENUE,B,2023-11-01,2023-11-05,12/25/2023,12/11/2023,,,,550.0,8718277.0,"§ 27-2017.3 HMC: TRACE AND REPAIR THE SOURCE AND ABATE THE VISIBLE MOLD CONDITION... APPROX 4 SQ FT AT CEILING AND APPROX 6 SQ FT AT EAST WALL IN THE BATHROOM LOCATED AT APT 3F, 3rd STORY, 1st APARTMENT FROM WEST AT NORTH , SECTION ''893''",2023-11-06,20.0,DEFECT LETTER ISSUED,2024-11-20,Original,Open,N,2023,2023.0,2025-11-23,1426 days,673 days,1,748 days,more than a year
2441,2499,260,3043770001,12,M,,881,SCHENCK,AVENUE,11207,881 SCHENCK AVENUE,266,BOULEVARD,2021-12-28,BROOKLYN,1441,both,16567609,809354,389847.0,3,881,881,893,SCHENCK AVENUE,C,2024-01-02,2024-01-03,01/17/2024,01/10/2024,,,,510.0,8875235.0,"§ 27-2005 ADM CODE & 309 M/D LAW ABATE THE NUISANCE CONSISTING OF FIRE DAMAGE IN THE ENTIRE APARTMENT LOCATED AT APT 1F893, 1st STORY, 1st APARTMENT FROM WEST AT NORTH",2024-01-04,19.0,VIOLATION CLOSED,2024-10-01,Original,Close,N,2024,2024.0,2025-11-23,1426 days,735 days,2,271 days,six months to a year
2442,2500,260,3043770001,12,M,,881,SCHENCK,AVENUE,11207,881 SCHENCK AVENUE,266,BOULEVARD,2021-12-28,BROOKLYN,1441,both,16574667,809354,389847.0,3,881,881,893,SCHENCK AVENUE,I,2024-01-04,2024-01-09,,,,,,765.0,,"§ 27-2142 ADM CODE APTS HAVE BEEN VACATED BY THIS DEPARTMENT AND CANNOT BE REOCCUPIED UNTIL SO ORDERED AFTER PROOF OF COMPLIANCE FOR APTS 1C, BLDG. 881, SOUTH 1, 1ST STORY POSTED 01/04/05 VACATE ORDER #247258",,19.0,VIOLATION CLOSED,2024-08-27,,Close,N,2024,,2025-11-23,1426 days,737 days,2,,more than a year
2443,2501,260,3043770001,12,M,,881,SCHENCK,AVENUE,11207,881 SCHENCK AVENUE,266,BOULEVARD,2021-12-28,BROOKLYN,1441,both,16574704,809354,389847.0,3,881,881,893,SCHENCK AVENUE,I,2024-01-04,2024-01-09,,,,,,765.0,,"§ 27-2142 ADM CODE APTS HAVE BEEN VACATED BY THIS DEPARTMENT AND CANNOT BE REOCCUPIED UNTIL SO ORDERED AFTER PROOF OF COMPLIANCE FOR APTS 1A, BLDG. 893, EAST 1, 1ST STORY POSTED 01/04/24 VACATE ORDER #247258",,19.0,VIOLATION CLOSED,2024-08-27,,Close,N,2024,,2025-11-23,1426 days,737 days,2,,more than a year
2444,2502,260,3043770001,12,M,,881,SCHENCK,AVENUE,11207,881 SCHENCK AVENUE,266,BOULEVARD,2021-12-28,BROOKLYN,1441,both,18324664,809354,389847.0,3,881,881,893,SCHENCK AVENUE,B,2025-10-26,2025-10-26,12/15/2025,12/01/2025,,,11/18/2025,508.0,10052805.0,"§ 27-2005 ADM CODE REPAIR THE BROKEN OR DEFECTIVE PLASTERED SURFACES AND PAINT IN A UNIFORM COLOR AT CEILING IN THE BATHROOM LOCATED AT APT 6F, 6th STORY, 1st APARTMENT FROM WEST AT NORTH",2025-10-27,10.0,CIV14 MAILED,2025-11-19,Original,Open,N,2025,2025.0,2025-11-23,1426 days,1398 days,3,27 days,one week to a month
2445,2503,260,3043770001,12,M,,881,SCHENCK,AVENUE,11207,881 SCHENCK AVENUE,266,BOULEVARD,2021-12-28,BROOKLYN,1441,both,17425740,809354,389847.0,3,881,881,893,SCHENCK AVENUE,C,2024-11-17,2024-11-22,12/08/2024,12/01/2024,,,01/16/2025,672.0,9450489.0,§ 27-2033 ADM CODE PROVIDE READY ACCESS TO BUILDINGS HEATING SYSTEM DOOR LEADING TO CELLER IS LOCKED AT YARD AT BOILER ROOM,2024-11-25,19.0,VIOLATION CLOSED,2025-06-27,Original,Close,N,2024,2024.0,2025-11-23,1426 days,1055 days,2,214 days,six months to a year
2446,2504,260,3043770001,12,M,,881,SCHENCK,AVENUE,11207,881 SCHENCK AVENUE,266,BOULEVARD,2021-12-28,BROOKLYN,1441,both,15881705,809354,389847.0,3,881,881,893,SCHENCK AVENUE,A,2023-03-29,2023-03-29,07/16/2023,07/02/2023,,,,1507.0,8417245.0,"(A) § HMC:FILE ANNUAL BEDBUG REPORT IN ACCORDANCE WITH HPD RULE AS DESCRIBED ON THE BACK OF THIS NOTICE OF VIOLATION OR AS DESCRIBED ON HPDS WEBSITE, WWW.NYC.GOV\HPD, SEARCH BED BUGS.",2023-03-29,9.0,VIOLATION DISMISSED,2023-12-04,Original,Close,N,2023,2023.0,2025-11-23,1426 days,456 days,1,250 days,six months to a year
2447,2505,260,3043770001,12,M,,881,SCHENCK,AVENUE,11207,881 SCHENCK AVENUE,266,BOULEVARD,2021-12-28,BROOKLYN,1441,both,16313977,809354,389847.0,3,881,881,893,SCHENCK AVENUE,C,2023-10-17,2023-10-17,11/18/2023,11/13/2023,,,11/10/2023,569.0,8690091.0,"HMC ADM CODE: § 27-2017.4 ABATE THE INFESTATION CONSISTING OF MICE IN THE ENTIRE APARTMENT LOCATED AT APT 1F, 1st STORY, 1st APARTMENT FROM SOUTH AT WEST",2023-10-18,9.0,VIOLATION DISMISSED,2024-01-22,Original,Close,N,2023,2023.0,2025-11-23,1426 days,658 days,1,96 days,three to six months
2448,2506,260,3043770001,12,M,,881,SCHENCK,AVENUE,11207,881 SCHENCK AVENUE,266,BOULEVARD,2021-12-28,BROOKLYN,1441,both,16313978,809354,389847.0,3,881,881,893,SCHENCK AVENUE,B,2023-10-17,2023-10-17,12/06/2023,11/22/2023,,,,508.0,8690090.0,"§ 27-2005 ADM CODE REPAIR THE BROKEN OR DEFECTIVE PLASTERED SURFACES AND PAINT IN A UNIFORM COLOR AT CEILING AND WEST WALL IN THE BATHROOM LOCATED AT APT 1F, 1st STORY, 1st APARTMENT FROM SOUTH AT WEST",2023-10-18,19.0,VIOLATION CLOSED,2024-10-01,Original,Close,N,2023,2023.0,2025-11-23,1426 days,658 days,1,349 days,six months to a year
2449,2507,260,3043770001,12,M,,881,SCHENCK,AVENUE,11207,881 SCHENCK AVENUE,266,BOULEVARD,2021-12-28,BROOKLYN,1441,both,16313979,809354,389847.0,3,881,881,893,SCHENCK AVENUE,A,2023-10-17,2023-10-17,02/04/2024,01/21/2024,,,,550.0,8690089.0,"§ 27-2017.3 HMC: TRACE AND REPAIR THE SOURCE AND ABATE THE VISIBLE MOLD CONDITION... APPROX 6SQFT AT CEILING IN THE KITCHEN LOCATED AT APT 1F, 1st STORY, 1st APARTMENT FROM SOUTH AT WEST",2023-10-18,19.0,VIOLATION CLOSED,2024-02-15,Original,Close,N,2023,2023.0,2025-11-23,1426 days,658 days,1,120 days,three to six months
2450,2508,260,3043770001,12,M,,881,SCHENCK,AVENUE,11207,881 SCHENCK AVENUE,266,BOULEVARD,2021-12-28,BROOKLYN,1441,both,16313980,809354,389847.0,3,881,881,893,SCHENCK AVENUE,A,2023-10-17,2023-10-17,02/04/2024,01/21/2024,,,,508.0,8690088.0,"§ 27-2005 ADM CODE REPAIR THE BROKEN OR DEFECTIVE PLASTERED SURFACES AND PAINT IN A UNIFORM COLOR AT CEILING IN THE KITCHEN LOCATED AT APT 1F, 1st STORY, 1st APARTMENT FROM SOUTH AT WEST",2023-10-18,19.0,VIOLATION CLOSED,2024-10-01,Original,Close,N,2023,2023.0,2025-11-23,1426 days,658 days,1,349 days,six months to a year
2451,2509,260,3043770001,12,M,,881,SCHENCK,AVENUE,11207,881 SCHENCK AVENUE,266,BOULEVARD,2021-12-28,BROOKLYN,1441,both,16328172,809354,389847.0,3,881,881,893,SCHENCK AVENUE,C,2023-10-22,2023-10-22,11/05/2023,10/29/2023,,,11/03/2023,672.0,8697638.0,§ 27-2033 ADM CODE PROVIDE READY ACCESS TO BUILDINGS HEATING SYSTEM BIOLER ROOM DOOR LOCKED. FROM 1 ST STORY,2023-10-23,9.0,VIOLATION DISMISSED,2024-01-15,Original,Close,N,2023,2023.0,2025-11-23,1426 days,663 days,1,84 days,one to three months
2452,2510,260,3043770001,12,M,,881,SCHENCK,AVENUE,11207,881 SCHENCK AVENUE,266,BOULEVARD,2021-12-28,BROOKLYN,1441,both,16328174,809354,389847.0,3,881,881,893,SCHENCK AVENUE,A,2023-10-22,2023-10-22,02/09/2024,01/26/2024,,,,508.0,8697636.0,"§ 27-2005 ADM CODE REPAIR THE BROKEN OR DEFECTIVE PLASTERED SURFACES AND PAINT IN A UNIFORM COLOR ENTIRE BATHROOM IN THE BATHROOM LOCATED AT APT 1F, 1st STORY, 1st APARTMENT FROM WEST AT NORTH",2023-10-23,19.0,VIOLATION CLOSED,2024-10-01,Original,Close,N,2023,2023.0,2025-11-23,1426 days,663 days,1,344 days,six months to a year
2453,2511,260,3043770001,12,M,,881,SCHENCK,AVENUE,11207,881 SCHENCK AVENUE,266,BOULEVARD,2021-12-28,BROOKLYN,1441,both,16350768,809354,389847.0,3,881,881,893,SCHENCK AVENUE,B,2023-11-01,2023-11-05,12/25/2023,12/11/2023,,,,508.0,8718276.0,"§ 27-2005 ADM CODE REPAIR THE BROKEN OR DEFECTIVE PLASTERED SURFACES AND PAINT IN A UNIFORM COLOR AT EAST WALL AND CEILING IN THE BATHROOM LOCATED AT APT 3F, 3rd STORY, 1st APARTMENT FROM WEST AT NORTH , SECTION ''893''",2023-11-06,19.0,VIOLATION CLOSED,2024-11-20,Original,Close,N,2023,2023.0,2025-11-23,1426 days,673 days,1,380 days,more than a year
2454,2512,260,3043770001,12,M,,881,SCHENCK,AVENUE,11207,881 SCHENCK AVENUE,266,BOULEVARD,2021-12-28,BROOKLYN,1441,both,16683503,809354,389847.0,3,881,881,893,SCHENCK AVENUE,B,2023-10-17,2024-02-15,04/04/2024,03/21/2024,,,,550.0,8944215.0,"§ 27-2017.3 HMC: TRACE AND REPAIR THE SOURCE AND ABATE THE VISIBLE MOLD CONDITION... APPROX 6SQFT AT CEILING IN THE KITCHEN LOCATED AT APT 1F, 1st STORY, 1st APARTMENT FROM SOUTH AT WEST ORIGINAL VIOLATION 16313979 ISSUED 17-OCT-23 HAS BEEN UPGRADED TO CLASS B PER ADMINISTRATIVE CODE §27-2017.3a(3)(a) or (b).",2024-02-15,19.0,VIOLATION CLOSED,2025-03-31,Original,Close,N,2023,2024.0,2025-11-23,1426 days,658 days,1,410 days,more than a year
2455,2513,260,3043770001,12,M,,881,SCHENCK,AVENUE,11207,881 SCHENCK AVENUE,266,BOULEVARD,2021-12-28,BROOKLYN,1441,both,16567611,809354,389847.0,3,881,881,893,SCHENCK AVENUE,C,2024-01-02,2024-01-03,01/17/2024,01/10/2024,,,,510.0,8875236.0,"§ 27-2005 ADM CODE & 309 M/D LAW ABATE THE NUISANCE CONSISTING OF FIRE DAMAGE IN THE ENTIRE APARTMENT LOCATED AT APT 2A893, 2nd STORY, 1st APARTMENT FROM NORTH AT EAST",2024-01-04,19.0,VIOLATION CLOSED,2024-11-20,Original,Close,N,2024,2024.0,2025-11-23,1426 days,735 days,2,321 days,six months to a year
2456,2514,260,3043770001,12,M,,881,SCHENCK,AVENUE,11207,881 SCHENCK AVENUE,266,BOULEVARD,2021-12-28,BROOKLYN,1441,both,16567619,809354,389847.0,3,881,881,893,SCHENCK AVENUE,C,2024-01-02,2024-01-03,01/17/2024,01/10/2024,,,,510.0,8875241.0,"§ 27-2005 ADM CODE & 309 M/D LAW ABATE THE NUISANCE CONSISTING OF FIRE DAMAGE IN THE ENTIRE APARTMENT LOCATED AT APT 6F893, 6th STORY, 1st APARTMENT FROM WEST AT NORTH",2024-01-04,19.0,VIOLATION CLOSED,2024-08-06,Original,Close,N,2024,2024.0,2025-11-23,1426 days,735 days,2,215 days,six months to a year
2457,2515,260,3043770001,12,M,,881,SCHENCK,AVENUE,11207,881 SCHENCK AVENUE,266,BOULEVARD,2021-12-28,BROOKLYN,1441,both,16567660,809354,389847.0,3,881,881,893,SCHENCK AVENUE,C,2024-01-02,2024-01-08,01/22/2024,01/15/2024,,,,501.0,8883797.0,"§ 27-2005 HMC: PROPERLY REPAIR OR REPLACE THE BROKEN OR DEFECTIVE GLASS PANES AT UPPER AND LOWER SASHES AT WINDOW AT PUBLIC HALL, 2nd STORY, SECTION ''881''",2024-01-09,19.0,VIOLATION CLOSED,2024-04-17,Original,Close,N,2024,2024.0,2025-11-23,1426 days,735 days,2,99 days,three to six months
2458,2516,260,3043770001,12,M,,881,SCHENCK,AVENUE,11207,881 SCHENCK AVENUE,266,BOULEVARD,2021-12-28,BROOKLYN,1441,both,16567664,809354,389847.0,3,881,881,893,SCHENCK AVENUE,C,2024-01-02,2024-01-08,01/22/2024,01/15/2024,,,,501.0,8883797.0,"§ 27-2005 HMC: PROPERLY REPAIR OR REPLACE THE BROKEN OR DEFECTIVE GLASS PANES AT UPPER AND LOWER SASHES AT WINDOW AT PUBLIC HALL, 5th STORY, SECTION ''881''",2024-01-09,19.0,VIOLATION CLOSED,2024-04-17,Original,Close,N,2024,2024.0,2025-11-23,1426 days,735 days,2,99 days,three to six months
2459,2517,260,3043770001,12,M,,881,SCHENCK,AVENUE,11207,881 SCHENCK AVENUE,266,BOULEVARD,2021-12-28,BROOKLYN,1441,both,16567669,809354,389847.0,3,881,881,893,SCHENCK AVENUE,C,2024-01-02,2024-01-08,01/22/2024,01/15/2024,,,,501.0,8883797.0,"§ 27-2005 HMC: PROPERLY REPAIR OR REPLACE THE BROKEN OR DEFECTIVE GLASS PANES AT UPPER AND LOWER SASHES AT WINDOW AT PUBLIC HALL, 2nd STORY, SECTION ''893''",2024-01-09,19.0,VIOLATION CLOSED,2024-04-17,Original,Close,N,2024,2024.0,2025-11-23,1426 days,735 days,2,99 days,three to six months
2460,2518,260,3043770001,12,M,,881,SCHENCK,AVENUE,11207,881 SCHENCK AVENUE,266,BOULEVARD,2021-12-28,BROOKLYN,1441,both,16567670,809354,389847.0,3,881,881,893,SCHENCK AVENUE,C,2024-01-02,2024-01-08,01/22/2024,01/15/2024,,,,501.0,8883797.0,"§ 27-2005 HMC: PROPERLY REPAIR OR REPLACE THE BROKEN OR DEFECTIVE GLASS PANES AT UPPER AND LOWER SASHES AT WINDOW AT PUBLIC HALL, 3rd STORY, SECTION ''893''",2024-01-09,19.0,VIOLATION CLOSED,2024-04-17,Original,Close,N,2024,2024.0,2025-11-23,1426 days,735 days,2,99 days,three to six months
2461,2519,260,3043770001,12,M,,881,SCHENCK,AVENUE,11207,881 SCHENCK AVENUE,266,BOULEVARD,2021-12-28,BROOKLYN,1441,both,16567672,809354,389847.0,3,881,881,893,SCHENCK AVENUE,C,2024-01-02,2024-01-08,01/22/2024,01/15/2024,,,,501.0,8883797.0,"§ 27-2005 HMC: PROPERLY REPAIR OR REPLACE THE BROKEN OR DEFECTIVE GLASS PANES AT UPPER AND LOWER SASHES AT WINDOW AT PUBLIC HALL, 5th STORY, SECTION ''893''",2024-01-09,19.0,VIOLATION CLOSED,2024-04-17,Original,Close,N,2024,2024.0,2025-11-23,1426 days,735 days,2,99 days,three to six months
2462,2520,260,3043770001,12,M,,881,SCHENCK,AVENUE,11207,881 SCHENCK AVENUE,266,BOULEVARD,2021-12-28,BROOKLYN,1441,both,16567686,809354,389847.0,3,881,881,893,SCHENCK AVENUE,B,2024-01-02,2024-01-08,02/27/2024,02/13/2024,,,02/27/2024,702.0,8883794.0,"§ 27-2045 ADM CODE REPAIR OR REPLACE THE SMOKE DETECTOR DEFECTIVE IN THE ENTIRE APARTMENT LOCATED AT APT 4A881, 4th STORY, 1st APARTMENT FROM NORTH AT EAST",2024-01-09,9.0,VIOLATION DISMISSED,2024-05-09,Original,Close,N,2024,2024.0,2025-11-23,1426 days,735 days,2,121 days,three to six months
2463,2521,260,3043770001,12,M,,881,SCHENCK,AVENUE,11207,881 SCHENCK AVENUE,266,BOULEVARD,2021-12-28,BROOKLYN,1441,both,16567714,809354,389847.0,3,881,881,893,SCHENCK AVENUE,C,2024-01-02,2024-01-08,01/22/2024,01/15/2024,,,,501.0,8883799.0,"§ 27-2005 HMC: PROPERLY REPAIR OR REPLACE THE BROKEN OR DEFECTIVE DOOR IN THE ENTIRE APARTMENT LOCATED AT APT 3D893, 3rd STORY, 1st APARTMENT FROM SOUTH AT WEST",2024-01-09,19.0,VIOLATION CLOSED,2024-04-17,Original,Close,N,2024,2024.0,2025-11-23,1426 days,735 days,2,99 days,three to six months
2464,2522,260,3043770001,12,M,,881,SCHENCK,AVENUE,11207,881 SCHENCK AVENUE,266,BOULEVARD,2021-12-28,BROOKLYN,1441,both,16567720,809354,389847.0,3,881,881,893,SCHENCK AVENUE,C,2024-01-02,2024-01-08,01/22/2024,01/15/2024,,,,501.0,8883800.0,"§ 27-2005 HMC: PROPERLY REPAIR OR REPLACE THE BROKEN OR DEFECTIVE DOOR IN THE ENTRANCE LOCATED AT APT 4C893, 4th STORY, 1st APARTMENT FROM EAST AT SOUTH",2024-01-09,19.0,VIOLATION CLOSED,2024-04-17,Original,Close,N,2024,2024.0,2025-11-23,1426 days,735 days,2,99 days,three to six months
2465,2523,260,3043770001,12,M,,881,SCHENCK,AVENUE,11207,881 SCHENCK AVENUE,266,BOULEVARD,2021-12-28,BROOKLYN,1441,both,16567724,809354,389847.0,3,881,881,893,SCHENCK AVENUE,C,2024-01-02,2024-01-08,01/22/2024,01/15/2024,,,,501.0,8883801.0,"§ 27-2005 HMC: PROPERLY REPAIR OR REPLACE THE BROKEN OR DEFECTIVE DOOR IN THE ENTRANCE LOCATED AT APT 5D893, 5th STORY, 1st APARTMENT FROM SOUTH AT WEST",2024-01-09,19.0,VIOLATION CLOSED,2024-04-17,Original,Close,N,2024,2024.0,2025-11-23,1426 days,735 days,2,99 days,three to six months
2466,2524,260,3043770001,12,M,,881,SCHENCK,AVENUE,11207,881 SCHENCK AVENUE,266,BOULEVARD,2021-12-28,BROOKLYN,1441,both,16567729,809354,389847.0,3,881,881,893,SCHENCK AVENUE,B,2024-01-02,2024-01-08,02/27/2024,02/13/2024,,,02/27/2024,1503.0,8883795.0,"§ 27-2046.1 HMC: REPAIR OR REPLACE THE CARBON MONOXIDE DETECTING DEVICE(S). MISSING IN THE ENTIRE APARTMENT LOCATED AT APT 5D893, 5th STORY, 1st APARTMENT FROM SOUTH AT WEST",2024-01-09,9.0,VIOLATION DISMISSED,2024-05-09,Original,Close,N,2024,2024.0,2025-11-23,1426 days,735 days,2,121 days,three to six months
2467,2525,260,3043770001,12,M,,881,SCHENCK,AVENUE,11207,881 SCHENCK AVENUE,266,BOULEVARD,2021-12-28,BROOKLYN,1441,both,16574672,809354,389847.0,3,881,881,893,SCHENCK AVENUE,I,2024-01-04,2024-01-09,,,,,,765.0,,"§ 27-2142 ADM CODE APTS HAVE BEEN VACATED BY THIS DEPARTMENT AND CANNOT BE REOCCUPIED UNTIL SO ORDERED AFTER PROOF OF COMPLIANCE FOR APTS 2B, BLDG. 881, EAST 2, 2ND STORY POSTED 01/04/24 VACATE ORDER #247258",,19.0,VIOLATION CLOSED,2024-12-16,,Close,N,2024,,2025-11-23,1426 days,737 days,2,,more than a year
2468,2526,260,3043770001,12,M,,881,SCHENCK,AVENUE,11207,881 SCHENCK AVENUE,266,BOULEVARD,2021-12-28,BROOKLYN,1441,both,16574676,809354,389847.0,3,881,881,893,SCHENCK AVENUE,I,2024-01-04,2024-01-09,,,,,,765.0,,"§ 27-2142 ADM CODE APTS HAVE BEEN VACATED BY THIS DEPARTMENT AND CANNOT BE REOCCUPIED UNTIL SO ORDERED AFTER PROOF OF COMPLIANCE FOR APTS 3A, BLDG. 881, EAST 1, 3RD STORY POSTED 01/04/24 VACATE ORDER #247258",,19.0,VIOLATION CLOSED,2024-12-16,,Close,N,2024,,2025-11-23,1426 days,737 days,2,,more than a year
2469,2527,260,3043770001,12,M,,881,SCHENCK,AVENUE,11207,881 SCHENCK AVENUE,266,BOULEVARD,2021-12-28,BROOKLYN,1441,both,16574678,809354,389847.0,3,881,881,893,SCHENCK AVENUE,I,2024-01-04,2024-01-09,,,,,,765.0,,"§ 27-2142 ADM CODE APTS HAVE BEEN VACATED BY THIS DEPARTMENT AND CANNOT BE REOCCUPIED UNTIL SO ORDERED AFTER PROOF OF COMPLIANCE FOR APTS 3B, BLDG. 881, EAST 2, 3RD STORY POSTED 01/04/24 VACATE ORDER #247258",,19.0,VIOLATION CLOSED,2024-12-16,,Close,N,2024,,2025-11-23,1426 days,737 days,2,,more than a year
2470,2528,260,3043770001,12,M,,881,SCHENCK,AVENUE,11207,881 SCHENCK AVENUE,266,BOULEVARD,2021-12-28,BROOKLYN,1441,both,16574682,809354,389847.0,3,881,881,893,SCHENCK AVENUE,I,2024-01-04,2024-01-09,,,,,,765.0,,"§ 27-2142 ADM CODE APTS HAVE BEEN VACATED BY THIS DEPARTMENT AND CANNOT BE REOCCUPIED UNTIL SO ORDERED AFTER PROOF OF COMPLIANCE FOR APTS 4B, BLDG. 881, EAST 2, 4TH STORY POSTED 01/04/24 VACATE ORDER #247258",,19.0,VIOLATION CLOSED,2024-08-27,,Close,N,2024,,2025-11-23,1426 days,737 days,2,,more than a year
2471,2529,260,3043770001,12,M,,881,SCHENCK,AVENUE,11207,881 SCHENCK AVENUE,266,BOULEVARD,2021-12-28,BROOKLYN,1441,both,16574684,809354,389847.0,3,881,881,893,SCHENCK AVENUE,I,2024-01-04,2024-01-09,,,,,,765.0,,"§ 27-2142 ADM CODE APTS HAVE BEEN VACATED BY THIS DEPARTMENT AND CANNOT BE REOCCUPIED UNTIL SO ORDERED AFTER PROOF OF COMPLIANCE FOR APTS 5C, BLDG. 881, SOUTH 1, 5TH STORY POSTED 01/04/24 VACATE ORDER #247258",,19.0,VIOLATION CLOSED,2024-12-16,,Close,N,2024,,2025-11-23,1426 days,737 days,2,,more than a year
2472,2530,260,3043770001,12,M,,881,SCHENCK,AVENUE,11207,881 SCHENCK AVENUE,266,BOULEVARD,2021-12-28,BROOKLYN,1441,both,16574689,809354,389847.0,3,881,881,893,SCHENCK AVENUE,I,2024-01-04,2024-01-09,,,,,,765.0,,"§ 27-2142 ADM CODE APTS HAVE BEEN VACATED BY THIS DEPARTMENT AND CANNOT BE REOCCUPIED UNTIL SO ORDERED AFTER PROOF OF COMPLIANCE FOR APTS 6A, BLDG. 881, EAST 1, 6TH STORY POSTED 01/04/24 VACATE ORDER #247258",,19.0,VIOLATION CLOSED,2024-08-27,,Close,N,2024,,2025-11-23,1426 days,737 days,2,,more than a year
2473,2531,260,3043770001,12,M,,881,SCHENCK,AVENUE,11207,881 SCHENCK AVENUE,266,BOULEVARD,2021-12-28,BROOKLYN,1441,both,16574691,809354,389847.0,3,881,881,893,SCHENCK AVENUE,I,2024-01-04,2024-01-09,,,,,,765.0,,"§ 27-2142 ADM CODE APTS HAVE BEEN VACATED BY THIS DEPARTMENT AND CANNOT BE REOCCUPIED UNTIL SO ORDERED AFTER PROOF OF COMPLIANCE FOR APTS 6B, BLDG. 881, EAST 2, 6TH STORY POSTED 01/04/24 VACATE ORDER #247258",,19.0,VIOLATION CLOSED,2024-08-27,,Close,N,2024,,2025-11-23,1426 days,737 days,2,,more than a year
2474,2532,260,3043770001,12,M,,881,SCHENCK,AVENUE,11207,881 SCHENCK AVENUE,266,BOULEVARD,2021-12-28,BROOKLYN,1441,both,16574707,809354,389847.0,3,881,881,893,SCHENCK AVENUE,I,2024-01-04,2024-01-09,,,,,,765.0,,"§ 27-2142 ADM CODE APTS HAVE BEEN VACATED BY THIS DEPARTMENT AND CANNOT BE REOCCUPIED UNTIL SO ORDERED AFTER PROOF OF COMPLIANCE FOR APTS 2F, BLDG. 893, NORTH 1, 2ND STORY.POSTED 01/04/24 VACATE ORDER #247258",,19.0,VIOLATION CLOSED,2024-08-27,,Close,N,2024,,2025-11-23,1426 days,737 days,2,,more than a year
2475,2533,260,3043770001,12,M,,881,SCHENCK,AVENUE,11207,881 SCHENCK AVENUE,266,BOULEVARD,2021-12-28,BROOKLYN,1441,both,16574709,809354,389847.0,3,881,881,893,SCHENCK AVENUE,I,2024-01-04,2024-01-09,,,,,,765.0,,"§ 27-2142 ADM CODE APTS HAVE BEEN VACATED BY THIS DEPARTMENT AND CANNOT BE REOCCUPIED UNTIL SO ORDERED AFTER PROOF OF COMPLIANCE FOR APTS 3A, BLDG. 893, EAST 1, 3RD STORY POSTED 01/04/24 VACATE ORDER #247258",,19.0,VIOLATION CLOSED,2024-08-27,,Close,N,2024,,2025-11-23,1426 days,737 days,2,,more than a year
2476,2534,260,3043770001,12,M,,881,SCHENCK,AVENUE,11207,881 SCHENCK AVENUE,266,BOULEVARD,2021-12-28,BROOKLYN,1441,both,17184485,809354,389847.0,3,881,881,893,SCHENCK AVENUE,C,2024-08-11,2024-08-11,08/31/2024,08/26/2024,,,08/29/2024,530.0,9285421.0,"§ 27-2005, 27-2007, 27-2041.1 HMC, §238, § 309; § 107 (2) ( C) MDL AND 28 RCNY §25-171: REPLACE OR REPAIR THE SELF-CLOSING DOORS THAT IS MISSING OR DEFECTIVE LATCH SET AT BUILDING FRONT AT PUBLIC HALL, 1st STORY",2024-08-12,19.0,VIOLATION CLOSED,2025-06-25,Original,Close,N,2024,2024.0,2025-11-23,1426 days,957 days,2,317 days,six months to a year
2477,2535,260,3043770001,12,M,,881,SCHENCK,AVENUE,11207,881 SCHENCK AVENUE,266,BOULEVARD,2021-12-28,BROOKLYN,1441,both,17282127,809354,389847.0,3,881,881,893,SCHENCK AVENUE,C,2024-09-18,2024-09-18,10/20/2024,10/15/2024,,,10/08/2024,569.0,9343466.0,"HMC ADM CODE: § 27-2017.4 ABATE THE INFESTATION CONSISTING OF MICE IN THE ENTIRE APARTMENT LOCATED AT APT 2D, 2nd STORY, 1st APARTMENT FROM SOUTH AT WEST",2024-09-19,9.0,VIOLATION DISMISSED,2024-12-19,Original,Close,N,2024,2024.0,2025-11-23,1426 days,995 days,2,91 days,three to six months
2478,2536,260,3043770001,12,M,,881,SCHENCK,AVENUE,11207,881 SCHENCK AVENUE,266,BOULEVARD,2021-12-28,BROOKLYN,1441,both,17282128,809354,389847.0,3,881,881,893,SCHENCK AVENUE,C,2024-09-18,2024-09-18,10/08/2024,10/03/2024,,,10/08/2024,530.0,9343467.0,"§ 27-2005, 27-2007, 27-2041.1 HMC, §238, § 309; § 107 (2) ( C) MDL AND 28 RCNY §25-171: REPLACE OR REPAIR THE SELF-CLOSING DOORS THAT IS MISSING OR DEFECTIVE INOPERABLE HINGES AT DOOR IN THE ENTRANCE LOCATED AT APT 2D, 2nd STORY, 1st APARTMENT FROM SOUTH AT WEST",2024-09-19,9.0,VIOLATION DISMISSED,2024-12-19,Original,Close,N,2024,2024.0,2025-11-23,1426 days,995 days,2,91 days,three to six months
2479,2537,260,3043770001,12,M,,881,SCHENCK,AVENUE,11207,881 SCHENCK AVENUE,266,BOULEVARD,2021-12-28,BROOKLYN,1441,both,17342582,809354,389847.0,3,881,881,893,SCHENCK AVENUE,B,2024-10-11,2024-10-16,12/05/2024,11/21/2024,,,12/05/2024,507.0,9385903.0,"§ 27-2005 ADM CODE REPAIR THE ROOF SO THAT IT WILL NOT LEAK AT CEILING AND EAST WALL IN THE 1st ROOM FROM NORTH LOCATED AT APT 6F, 6th STORY, 1st APARTMENT FROM WEST AT NORTH",2024-10-17,9.0,VIOLATION DISMISSED,2025-02-18,Original,Close,Y,2024,2024.0,2025-11-23,1426 days,1018 days,2,124 days,three to six months
2480,2538,260,3043770001,12,M,,881,SCHENCK,AVENUE,11207,881 SCHENCK AVENUE,266,BOULEVARD,2021-12-28,BROOKLYN,1441,both,17342584,809354,389847.0,3,881,881,893,SCHENCK AVENUE,B,2024-10-11,2024-10-16,12/05/2024,11/21/2024,,,12/05/2024,501.0,9385903.0,"§ 27-2005 HMC: PROPERLY REPAIR OR REPLACE THE BROKEN OR DEFECTIVE MORTISE LATCH AT DOOR IN THE ENTRANCE LOCATED AT APT 6F, 6th STORY, 1st APARTMENT FROM WEST AT NORTH",2024-10-17,9.0,VIOLATION DISMISSED,2025-02-18,Original,Close,N,2024,2024.0,2025-11-23,1426 days,1018 days,2,124 days,three to six months
2481,2539,260,3043770001,12,M,,881,SCHENCK,AVENUE,11207,881 SCHENCK AVENUE,266,BOULEVARD,2021-12-28,BROOKLYN,1441,both,17425739,809354,389847.0,3,881,881,893,SCHENCK AVENUE,C,2024-11-17,2024-11-22,11/30/2024,11/18/2024,,,03/13/2025,670.0,9447620.0,"§ 27-2031 ADM CODE PROVIDE HOT WATER AT ALL HOT WATER FIXTURES IN THE ENTIRE APARTMENT LOCATED AT APT 4A, 4th STORY, 1st APARTMENT FROM NORTH AT EAST",2024-11-25,19.0,VIOLATION CLOSED,2025-07-08,Original,Close,Y,2024,2024.0,2025-11-23,1426 days,1055 days,2,225 days,six months to a year
2482,2540,260,3043770001,12,M,,881,SCHENCK,AVENUE,11207,881 SCHENCK AVENUE,266,BOULEVARD,2021-12-28,BROOKLYN,1441,both,17625060,809354,389847.0,3,881,881,893,SCHENCK AVENUE,B,2025-01-16,2025-01-18,03/11/2025,02/25/2025,,,05/08/2025,508.0,9589555.0,"§ 27-2005 ADM CODE REPAIR THE BROKEN OR DEFECTIVE PLASTERED SURFACES AND PAINT IN A UNIFORM COLOR THE CEILING AND SOUTH WALL IN THE BATHROOM LOCATED AT APT 6C, 6th STORY, 1st APARTMENT FROM EAST AT SOUTH",2025-01-21,19.0,VIOLATION CLOSED,2025-06-27,Original,Close,N,2025,2025.0,2025-11-23,1426 days,1115 days,3,157 days,three to six months
2483,2541,260,3043770001,12,M,,881,SCHENCK,AVENUE,11207,881 SCHENCK AVENUE,266,BOULEVARD,2021-12-28,BROOKLYN,1441,both,18324665,809354,389847.0,3,881,881,893,SCHENCK AVENUE,B,2025-10-26,2025-10-26,12/15/2025,12/01/2025,,,11/18/2025,508.0,10052805.0,"§ 27-2005 ADM CODE REPAIR THE BROKEN OR DEFECTIVE PLASTERED SURFACES AND PAINT IN A UNIFORM COLOR AT EAST WALL IN THE 4th ROOM FROM NORTH LOCATED AT APT 6F, 6th STORY, 1st APARTMENT FROM WEST AT NORTH",2025-10-27,10.0,CIV14 MAILED,2025-11-19,Original,Open,N,2025,2025.0,2025-11-23,1426 days,1398 days,3,27 days,one week to a month
2484,2542,260,3043770001,12,M,,881,SCHENCK,AVENUE,11207,881 SCHENCK AVENUE,266,BOULEVARD,2021-12-28,BROOKLYN,1441,both,17889945,809354,389847.0,3,881,881,893,SCHENCK AVENUE,B,2025-05-07,2025-05-09,06/30/2025,06/16/2025,,,,522.0,9753656.0,"§ 27-2005, 2007 ADM CODE FIRE EGRESS DEFECTIVE. REMOVE OBSTRUCTING BARS OR UNLAWFUL GATES FROM AT LEAST 1 WINDOW OR PROVIDE APPROVED TYPE GATE .. IN THE ENTIRE APARTMENT LOCATED AT APT 1F, 1st STORY, 1st APARTMENT FROM NORTH AT EAST , SECTION ''893''",2025-05-12,22.0,FIRST NO ACCESS TO RE- INSPECT VIOLATION,2025-09-03,Original,Open,N,2025,2025.0,2025-11-23,1426 days,1226 days,3,195 days,six months to a year
2485,2543,260,3043770001,12,M,,881,SCHENCK,AVENUE,11207,881 SCHENCK AVENUE,266,BOULEVARD,2021-12-28,BROOKLYN,1441,both,16237948,809354,389847.0,3,881,881,893,SCHENCK AVENUE,A,2023-09-20,2023-09-21,01/09/2024,12/26/2023,,,10/11/2023,1506.0,8649784.0,"§ 27-2005 HMC: POST, IN A FORM APPROVED BY THE COMMISSIONER, AND MAINTAIN A NOTICE IN A COMMON AREA OF THE BUILDING REGARDING THE PROCEDURES THAT SHOULD BE FOLLOWED WHEN A GAS LEAK IS SUSPECTED AT PUBLIC HALL, 1st STORY",2023-09-22,9.0,VIOLATION DISMISSED,2023-12-22,Original,Close,N,2023,2023.0,2025-11-23,1426 days,631 days,1,91 days,three to six months
2486,2544,260,3043770001,12,M,,881,SCHENCK,AVENUE,11207,881 SCHENCK AVENUE,266,BOULEVARD,2021-12-28,BROOKLYN,1441,both,16567740,809354,389847.0,3,881,881,893,SCHENCK AVENUE,C,2024-01-02,2024-01-08,01/22/2024,01/15/2024,,,,501.0,8883803.0,"§ 27-2005 HMC: PROPERLY REPAIR OR REPLACE THE BROKEN OR DEFECTIVE DOOR IN THE ENTRANCE LOCATED AT APT 4D893, 4th STORY, 1st APARTMENT FROM SOUTH AT WEST",2024-01-09,19.0,VIOLATION CLOSED,2024-04-17,Original,Close,N,2024,2024.0,2025-11-23,1426 days,735 days,2,99 days,three to six months
2487,2545,260,3043770001,12,M,,881,SCHENCK,AVENUE,11207,881 SCHENCK AVENUE,266,BOULEVARD,2021-12-28,BROOKLYN,1441,both,16567739,809354,389847.0,3,881,881,893,SCHENCK AVENUE,B,2024-01-02,2024-01-08,02/27/2024,02/13/2024,,,,501.0,8883796.0,"§ 27-2005 HMC: PROPERLY REPAIR OR REPLACE THE BROKEN OR DEFECTIVE DOOR FRAME IN THE ENTRANCE LOCATED AT APT 4D893, 4th STORY, 1st APARTMENT FROM SOUTH AT WEST",2024-01-09,19.0,VIOLATION CLOSED,2025-08-15,Original,Close,N,2024,2024.0,2025-11-23,1426 days,735 days,2,584 days,more than a year
2488,2546,260,3043770001,12,M,,881,SCHENCK,AVENUE,11207,881 SCHENCK AVENUE,266,BOULEVARD,2021-12-28,BROOKLYN,1441,both,17282129,809354,389847.0,3,881,881,893,SCHENCK AVENUE,B,2024-09-18,2024-09-18,11/07/2024,10/24/2024,,,11/07/2024,529.0,9343465.0,§ 27-2005 HMC: REFIT METAL DOOR AT THE ENTRANCE TO THE BUILDING,2024-09-19,9.0,VIOLATION DISMISSED,2025-01-21,Original,Close,N,2024,2024.0,2025-11-23,1426 days,995 days,2,124 days,three to six months
2489,2547,260,3043770001,12,M,,881,SCHENCK,AVENUE,11207,881 SCHENCK AVENUE,266,BOULEVARD,2021-12-28,BROOKLYN,1441,both,17378850,809354,389847.0,3,881,881,893,SCHENCK AVENUE,C,2024-10-27,2024-10-27,11/09/2024,10/28/2024,,,11/07/2024,670.0,9399769.0,"§ 27-2031 ADM CODE PROVIDE HOT WATER AT ALL HOT WATER FIXTURES IN THE ENTIRE APARTMENT LOCATED AT APT 6A, 6th STORY, 1st APARTMENT FROM NORTH AT EAST",2024-10-28,9.0,VIOLATION DISMISSED,2025-01-21,Original,Close,Y,2024,2024.0,2025-11-23,1426 days,1034 days,2,85 days,one to three months
2490,2548,260,3043770001,12,M,,881,SCHENCK,AVENUE,11207,881 SCHENCK AVENUE,266,BOULEVARD,2021-12-28,BROOKLYN,1441,both,17378851,809354,389847.0,3,881,881,893,SCHENCK AVENUE,C,2024-10-27,2024-10-29,11/12/2024,11/05/2024,,,11/07/2024,672.0,9405716.0,§ 27-2033 ADM CODE PROVIDE READY ACCESS TO BUILDINGS HEATING SYSTEM DOOR LOCKED AT BASEMENT,2024-10-30,9.0,VIOLATION DISMISSED,2025-01-21,Original,Close,N,2024,2024.0,2025-11-23,1426 days,1034 days,2,83 days,one to three months
2491,2549,260,3043770001,12,M,,881,SCHENCK,AVENUE,11207,881 SCHENCK AVENUE,266,BOULEVARD,2021-12-28,BROOKLYN,1441,both,17455549,809354,389847.0,3,881,881,893,SCHENCK AVENUE,B,2024-11-27,2024-11-29,01/20/2025,01/06/2025,,,01/17/2025,501.0,9488419.0,"§ 27-2005 HMC: PROPERLY REPAIR OR REPLACE THE BROKEN OR DEFECTIVE RADIATOR VALVE, AT WEST WALL IN THE 2nd ROOM FROM NORTH AT WEST LOCATED AT APT 5E, 5th STORY, 2nd APARTMENT FROM SOUTH AT WEST",2024-12-02,9.0,VIOLATION DISMISSED,2025-03-31,Original,Close,N,2024,2024.0,2025-11-23,1426 days,1065 days,2,119 days,three to six months
2492,2550,260,3043770001,12,M,,881,SCHENCK,AVENUE,11207,881 SCHENCK AVENUE,266,BOULEVARD,2021-12-28,BROOKLYN,1441,both,16567590,809354,389847.0,3,881,881,893,SCHENCK AVENUE,C,2024-01-02,2024-01-03,01/17/2024,01/10/2024,,,,510.0,8875228.0,"§ 27-2005 ADM CODE & 309 M/D LAW ABATE THE NUISANCE CONSISTING OF FIRE DAMAGE IN THE ENTIRE APARTMENT LOCATED AT APT 2C881, 2nd STORY, 1st APARTMENT FROM EAST AT SOUTH",2024-01-04,19.0,VIOLATION CLOSED,2024-10-01,Original,Close,N,2024,2024.0,2025-11-23,1426 days,735 days,2,271 days,six months to a year
2493,2551,260,3043770001,12,M,,881,SCHENCK,AVENUE,11207,881 SCHENCK AVENUE,266,BOULEVARD,2021-12-28,BROOKLYN,1441,both,16567591,809354,389847.0,3,881,881,893,SCHENCK AVENUE,C,2024-01-02,2024-01-03,01/17/2024,01/10/2024,,,,510.0,8875229.0,"§ 27-2005 ADM CODE & 309 M/D LAW ABATE THE NUISANCE CONSISTING OF FIRE DAMAGE IN THE ENTIRE APARTMENT LOCATED AT APT 3A881, 3rd STORY, 1st APARTMENT FROM NORTH AT EAST",2024-01-04,19.0,VIOLATION CLOSED,2024-11-20,Original,Close,N,2024,2024.0,2025-11-23,1426 days,735 days,2,321 days,six months to a year
2494,2552,260,3043770001,12,M,,881,SCHENCK,AVENUE,11207,881 SCHENCK AVENUE,266,BOULEVARD,2021-12-28,BROOKLYN,1441,both,16567594,809354,389847.0,3,881,881,893,SCHENCK AVENUE,C,2024-01-02,2024-01-03,01/17/2024,01/10/2024,,,,510.0,8875230.0,"§ 27-2005 ADM CODE & 309 M/D LAW ABATE THE NUISANCE CONSISTING OF FIRE DAMAGE IN THE ENTIRE APARTMENT LOCATED AT APT 3B881, 3rd STORY, 2nd APARTMENT FROM NORTH AT EAST",2024-01-04,19.0,VIOLATION CLOSED,2024-11-20,Original,Close,N,2024,2024.0,2025-11-23,1426 days,735 days,2,321 days,six months to a year
2495,2553,260,3043770001,12,M,,881,SCHENCK,AVENUE,11207,881 SCHENCK AVENUE,266,BOULEVARD,2021-12-28,BROOKLYN,1441,both,16567598,809354,389847.0,3,881,881,893,SCHENCK AVENUE,C,2024-01-02,2024-01-03,01/17/2024,01/10/2024,,,,510.0,8875231.0,"§ 27-2005 ADM CODE & 309 M/D LAW ABATE THE NUISANCE CONSISTING OF FIRE DAMAGE IN THE ENTIRE APARTMENT LOCATED AT APT 4B881, 4th STORY, 2nd APARTMENT FROM NORTH AT EAST",2024-01-04,19.0,VIOLATION CLOSED,2024-08-06,Original,Close,N,2024,2024.0,2025-11-23,1426 days,735 days,2,215 days,six months to a year
2496,2554,260,3043770001,12,M,,881,SCHENCK,AVENUE,11207,881 SCHENCK AVENUE,266,BOULEVARD,2021-12-28,BROOKLYN,1441,both,16567615,809354,389847.0,3,881,881,893,SCHENCK AVENUE,C,2024-01-02,2024-01-03,01/17/2024,01/10/2024,,,,510.0,8875238.0,"§ 27-2005 ADM CODE & 309 M/D LAW ABATE THE NUISANCE CONSISTING OF FIRE DAMAGE IN THE ENTIRE APARTMENT LOCATED AT APT 3F893, 3rd STORY, 1st APARTMENT FROM WEST AT NORTH",2024-01-04,19.0,VIOLATION CLOSED,2024-11-20,Original,Close,N,2024,2024.0,2025-11-23,1426 days,735 days,2,321 days,six months to a year
2497,2555,260,3043770001,12,M,,881,SCHENCK,AVENUE,11207,881 SCHENCK AVENUE,266,BOULEVARD,2021-12-28,BROOKLYN,1441,both,16567616,809354,389847.0,3,881,881,893,SCHENCK AVENUE,C,2024-01-02,2024-01-03,01/17/2024,01/10/2024,,,,510.0,8875239.0,"§ 27-2005 ADM CODE & 309 M/D LAW ABATE THE NUISANCE CONSISTING OF FIRE DAMAGE IN THE ENTIRE APARTMENT LOCATED AT APT 4F893, 4th STORY, 1st APARTMENT FROM WEST AT NORTH",2024-01-04,19.0,VIOLATION CLOSED,2024-11-20,Original,Close,N,2024,2024.0,2025-11-23,1426 days,735 days,2,321 days,six months to a year
2498,2556,260,3043770001,12,M,,881,SCHENCK,AVENUE,11207,881 SCHENCK AVENUE,266,BOULEVARD,2021-12-28,BROOKLYN,1441,both,16567617,809354,389847.0,3,881,881,893,SCHENCK AVENUE,C,2024-01-02,2024-01-03,01/17/2024,01/10/2024,,,,510.0,8875240.0,"§ 27-2005 ADM CODE & 309 M/D LAW ABATE THE NUISANCE CONSISTING OF FIRE DAMAGE IN THE ENTIRE APARTMENT LOCATED AT APT 5F893, 5th STORY, 1st APARTMENT FROM WEST AT NORTH",2024-01-04,19.0,VIOLATION CLOSED,2024-11-20,Original,Close,N,2024,2024.0,2025-11-23,1426 days,735 days,2,321 days,six months to a year
2499,2557,260,3043770001,12,M,,881,SCHENCK,AVENUE,11207,881 SCHENCK AVENUE,266,BOULEVARD,2021-12-28,BROOKLYN,1441,both,16567661,809354,389847.0,3,881,881,893,SCHENCK AVENUE,C,2024-01-02,2024-01-08,01/22/2024,01/15/2024,,,,501.0,8883797.0,"§ 27-2005 HMC: PROPERLY REPAIR OR REPLACE THE BROKEN OR DEFECTIVE GLASS PANES AT UPPER AND LOWER SASHES AT WINDOW AT PUBLIC HALL, 3rd STORY, SECTION ''881''",2024-01-09,19.0,VIOLATION CLOSED,2024-04-17,Original,Close,N,2024,2024.0,2025-11-23,1426 days,735 days,2,99 days,three to six months
2500,2558,260,3043770001,12,M,,881,SCHENCK,AVENUE,11207,881 SCHENCK AVENUE,266,BOULEVARD,2021-12-28,BROOKLYN,1441,both,16567662,809354,389847.0,3,881,881,893,SCHENCK AVENUE,C,2024-01-02,2024-01-08,01/22/2024,01/15/2024,,,,501.0,8883797.0,"§ 27-2005 HMC: PROPERLY REPAIR OR REPLACE THE BROKEN OR DEFECTIVE GLASS PANES AT UPPER AND LOWER SASHES AT WINDOW AT PUBLIC HALL, 4th STORY, SECTION ''881''",2024-01-09,19.0,VIOLATION CLOSED,2024-04-17,Original,Close,N,2024,2024.0,2025-11-23,1426 days,735 days,2,99 days,three to six months
2501,2559,260,3043770001,12,M,,881,SCHENCK,AVENUE,11207,881 SCHENCK AVENUE,266,BOULEVARD,2021-12-28,BROOKLYN,1441,both,16574717,809354,389847.0,3,881,881,893,SCHENCK AVENUE,I,2024-01-04,2024-01-09,,,,,,765.0,,"§ 27-2142 ADM CODE APTS HAVE BEEN VACATED BY THIS DEPARTMENT AND CANNOT BE REOCCUPIED UNTIL SO ORDERED AFTER PROOF OF COMPLIANCE FOR APTS 6F, BLDG. 893, NORTH 1, 6TH STORY POSTED 01/04/24 VACATE ORDER #247258",,19.0,VIOLATION CLOSED,2024-08-27,,Close,N,2024,,2025-11-23,1426 days,737 days,2,,more than a year
2502,2560,260,3043770001,12,M,,881,SCHENCK,AVENUE,11207,881 SCHENCK AVENUE,266,BOULEVARD,2021-12-28,BROOKLYN,1441,both,18439413,809354,389847.0,3,881,881,893,SCHENCK AVENUE,C,2025-11-14,2025-11-22,,,,,,530.0,,"§ 27-2005, 27-2007, 27-2041.1 HMC, §238, § 309; § 107 (2) ( C) MDL AND 28 RCNY §25-171: REPLACE OR REPAIR THE SELF-CLOSING DOORS THAT IS MISSING OR DEFECTIVE HINGE IN THE ENTRANCE LOCATED AT APT 5D, 5th STORY, 1st APARTMENT FROM SOUTH AT WEST , SECTION ''881'', 1st FROM NORTH AT EAST",,1.0,VIOLATION OPEN,2025-11-21,,Open,N,2025,,2025-11-23,1426 days,1417 days,3,,more than a year
2503,2561,260,3043770001,12,M,,881,SCHENCK,AVENUE,11207,881 SCHENCK AVENUE,266,BOULEVARD,2021-12-28,BROOKLYN,1441,both,18439428,809354,389847.0,3,881,881,893,SCHENCK AVENUE,C,2025-11-14,2025-11-22,,,,,,530.0,,"§ 27-2005, 27-2007, 27-2041.1 HMC, §238, § 309; § 107 (2) ( C) MDL AND 28 RCNY §25-171: REPLACE OR REPAIR THE SELF-CLOSING DOORS THAT IS MISSING OR DEFECTIVE AT NORTH WALL THAT LEADS TO STAIRS HINGE IN THE PUBLIC HALL LOCATED AT PUBLIC PARTS, 5th STORY, SECTION ''881'', 1st FROM NORTH AT EAST",,1.0,VIOLATION OPEN,2025-11-21,,Open,N,2025,,2025-11-23,1426 days,1417 days,3,,more than a year
2504,2562,260,3043770001,12,M,,881,SCHENCK,AVENUE,11207,881 SCHENCK AVENUE,266,BOULEVARD,2021-12-28,BROOKLYN,1441,both,18439433,809354,389847.0,3,881,881,893,SCHENCK AVENUE,C,2025-11-14,2025-11-22,,,,,,530.0,,"§ 27-2005, 27-2007, 27-2041.1 HMC, §238, § 309; § 107 (2) ( C) MDL AND 28 RCNY §25-171: REPLACE OR REPAIR THE SELF-CLOSING DOORS THAT IS MISSING OR DEFECTIVE HINGE IN THE ENTRANCE LOCATED AT APT 6D, 6th STORY, 1st APARTMENT FROM SOUTH AT WEST , SECTION ''893'', 2nd FROM NORTH AT EAST",,1.0,VIOLATION OPEN,2025-11-21,,Open,N,2025,,2025-11-23,1426 days,1417 days,3,,more than a year
2505,2563,260,3043770001,12,M,,881,SCHENCK,AVENUE,11207,881 SCHENCK AVENUE,266,BOULEVARD,2021-12-28,BROOKLYN,1441,both,18439437,809354,389847.0,3,881,881,893,SCHENCK AVENUE,C,2025-11-14,2025-11-22,,,,,,530.0,,"§ 27-2005, 27-2007, 27-2041.1 HMC, §238, § 309; § 107 (2) ( C) MDL AND 28 RCNY §25-171: REPLACE OR REPAIR THE SELF-CLOSING DOORS THAT IS MISSING OR DEFECTIVE HINGE IN THE ENTRANCE LOCATED AT APT 4C, 4th STORY, 1st APARTMENT FROM EAST AT SOUTH , SECTION ''893'', 2nd FROM NORTH AT EAST",,1.0,VIOLATION OPEN,2025-11-21,,Open,N,2025,,2025-11-23,1426 days,1417 days,3,,more than a year
2506,2564,260,3043770001,12,M,,881,SCHENCK,AVENUE,11207,881 SCHENCK AVENUE,266,BOULEVARD,2021-12-28,BROOKLYN,1441,both,18439447,809354,389847.0,3,881,881,893,SCHENCK AVENUE,C,2025-11-14,2025-11-22,,,,,,530.0,,"§ 27-2005, 27-2007, 27-2041.1 HMC, §238, § 309; § 107 (2) ( C) MDL AND 28 RCNY §25-171: REPLACE OR REPAIR THE SELF-CLOSING DOORS THAT IS MISSING OR DEFECTIVE AT NORTH WALL THAT LEADS TO STAIRS HINGE IN THE PUBLIC HALL LOCATED AT PUBLIC PARTS, 3rd STORY, SECTION ''893'', 2nd FROM NORTH AT EAST",,1.0,VIOLATION OPEN,2025-11-21,,Open,N,2025,,2025-11-23,1426 days,1417 days,3,,more than a year
2507,2565,260,3043770001,12,M,,881,SCHENCK,AVENUE,11207,881 SCHENCK AVENUE,266,BOULEVARD,2021-12-28,BROOKLYN,1441,both,18439451,809354,389847.0,3,881,881,893,SCHENCK AVENUE,C,2025-11-14,2025-11-22,,,,,,530.0,,"§ 27-2005, 27-2007, 27-2041.1 HMC, §238, § 309; § 107 (2) ( C) MDL AND 28 RCNY §25-171: REPLACE OR REPAIR THE SELF-CLOSING DOORS THAT IS MISSING OR DEFECTIVE HINGE IN THE ENTRANCE LOCATED AT APT 1E, 1st STORY, 3rd APARTMENT FROM SOUTH AT WEST , SECTION ''893'', 2nd FROM NORTH AT EAST",,1.0,VIOLATION OPEN,2025-11-21,,Open,N,2025,,2025-11-23,1426 days,1417 days,3,,more than a year
2508,2566,260,3043770001,12,M,,881,SCHENCK,AVENUE,11207,881 SCHENCK AVENUE,266,BOULEVARD,2021-12-28,BROOKLYN,1441,both,17681156,809354,389847.0,3,881,881,893,SCHENCK AVENUE,C,2025-02-09,2025-02-09,03/01/2025,02/24/2025,,,04/17/2025,530.0,9621581.0,"§ 27-2005, 27-2007, 27-2041.1 HMC, §238, § 309; § 107 (2) ( C) MDL AND 28 RCNY §25-171: REPLACE OR REPAIR THE SELF-CLOSING DOORS THAT IS MISSING OR DEFECTIVE HINGE AND DOOR IN THE ENTRANCE LOCATED AT APT 6D, 6th STORY, 1st APARTMENT FROM SOUTH AT WEST , SECTION ''BLDG881''",2025-02-10,19.0,VIOLATION CLOSED,2025-06-25,Original,Close,N,2025,2025.0,2025-11-23,1426 days,1139 days,3,135 days,three to six months
2509,2567,260,3043770001,12,M,,881,SCHENCK,AVENUE,11207,881 SCHENCK AVENUE,266,BOULEVARD,2021-12-28,BROOKLYN,1441,both,17342579,809354,389847.0,3,881,881,893,SCHENCK AVENUE,B,2024-10-11,2024-10-16,12/05/2024,11/21/2024,,,12/05/2024,507.0,9385903.0,"§ 27-2005 ADM CODE REPAIR THE ROOF SO THAT IT WILL NOT LEAK AT CEILING IN THE 4th ROOM FROM NORTH LOCATED AT APT 6F, 6th STORY, 1st APARTMENT FROM WEST AT NORTH",2024-10-17,9.0,VIOLATION DISMISSED,2025-02-18,Original,Close,Y,2024,2024.0,2025-11-23,1426 days,1018 days,2,124 days,three to six months
2510,2568,260,3043770001,12,M,,881,SCHENCK,AVENUE,11207,881 SCHENCK AVENUE,266,BOULEVARD,2021-12-28,BROOKLYN,1441,both,17342580,809354,389847.0,3,881,881,893,SCHENCK AVENUE,B,2024-10-11,2024-10-16,12/05/2024,11/21/2024,,,12/05/2024,508.0,9385903.0,"§ 27-2005 ADM CODE REPAIR THE BROKEN OR DEFECTIVE PLASTERED SURFACES AND PAINT IN A UNIFORM COLOR AT CEILING IN THE 4th ROOM FROM NORTH LOCATED AT APT 6F, 6th STORY, 1st APARTMENT FROM WEST AT NORTH",2024-10-17,9.0,VIOLATION DISMISSED,2025-02-18,Original,Close,N,2024,2024.0,2025-11-23,1426 days,1018 days,2,124 days,three to six months
2511,2569,260,3043770001,12,M,,881,SCHENCK,AVENUE,11207,881 SCHENCK AVENUE,266,BOULEVARD,2021-12-28,BROOKLYN,1441,both,17342581,809354,389847.0,3,881,881,893,SCHENCK AVENUE,B,2024-10-11,2024-10-16,12/05/2024,11/21/2024,,,12/05/2024,507.0,9385903.0,"§ 27-2005 ADM CODE REPAIR THE ROOF SO THAT IT WILL NOT LEAK AT CEILING IN THE PRIVATE HALLWAY LOCATED AT APT 6F, 6th STORY, 1st APARTMENT FROM WEST AT NORTH",2024-10-17,9.0,VIOLATION DISMISSED,2025-02-18,Original,Close,Y,2024,2024.0,2025-11-23,1426 days,1018 days,2,124 days,three to six months
2512,2570,260,3043770001,12,M,,881,SCHENCK,AVENUE,11207,881 SCHENCK AVENUE,266,BOULEVARD,2021-12-28,BROOKLYN,1441,both,17342583,809354,389847.0,3,881,881,893,SCHENCK AVENUE,B,2024-10-11,2024-10-16,12/05/2024,11/21/2024,,,12/05/2024,508.0,9385903.0,"§ 27-2005 ADM CODE REPAIR THE BROKEN OR DEFECTIVE PLASTERED SURFACES AND PAINT IN A UNIFORM COLOR AT CEILING AND EAST WALL IN THE 1st ROOM FROM NORTH LOCATED AT APT 6F, 6th STORY, 1st APARTMENT FROM WEST AT NORTH",2024-10-17,9.0,VIOLATION DISMISSED,2025-02-18,Original,Close,N,2024,2024.0,2025-11-23,1426 days,1018 days,2,124 days,three to six months
2513,2571,260,3043770001,12,M,,881,SCHENCK,AVENUE,11207,881 SCHENCK AVENUE,266,BOULEVARD,2021-12-28,BROOKLYN,1441,both,17709865,809354,389847.0,3,881,881,893,SCHENCK AVENUE,B,2025-02-20,2025-02-21,04/14/2025,03/31/2025,,,03/05/2025,501.0,9642256.0,"§ 27-2005 HMC: PROPERLY REPAIR OR REPLACE THE BROKEN OR DEFECTIVE LATCH-SET AT ENTRANCE DOOR TO BUILDING , 1st STORY",2025-02-24,9.0,VIOLATION DISMISSED,2025-05-16,Original,Close,N,2025,2025.0,2025-11-23,1426 days,1150 days,3,81 days,one to three months
2514,2572,260,3043770001,12,M,,881,SCHENCK,AVENUE,11207,881 SCHENCK AVENUE,266,BOULEVARD,2021-12-28,BROOKLYN,1441,both,17709862,809354,389847.0,3,881,881,893,SCHENCK AVENUE,C,2025-02-20,2025-02-21,03/05/2025,02/21/2025,,,04/08/2025,670.0,9639833.0,"§ 27-2031 ADM CODE PROVIDE HOT WATER AT ALL HOT WATER FIXTURES IN THE ENTIRE APARTMENT LOCATED AT APT 6F, 6th STORY, 1st APARTMENT FROM WEST AT NORTH",2025-02-24,19.0,VIOLATION CLOSED,2025-06-27,Original,Close,Y,2025,2025.0,2025-11-23,1426 days,1150 days,3,123 days,three to six months
2515,2573,260,3043770001,12,M,,881,SCHENCK,AVENUE,11207,881 SCHENCK AVENUE,266,BOULEVARD,2021-12-28,BROOKLYN,1441,both,17709863,809354,389847.0,3,881,881,893,SCHENCK AVENUE,C,2025-02-20,2025-02-21,03/27/2025,03/22/2025,,,03/13/2025,568.0,9642257.0,"HMC ADM CODE: § 27-2017.4 ABATE THE INFESTATION CONSISTING OF ROACHES IN THE ENTIRE APARTMENT LOCATED AT APT 6F, 6th STORY, 1st APARTMENT FROM WEST AT NORTH",2025-02-24,9.0,VIOLATION DISMISSED,2025-05-27,Original,Close,N,2025,2025.0,2025-11-23,1426 days,1150 days,3,92 days,three to six months
2516,2574,260,3043770001,12,M,,881,SCHENCK,AVENUE,11207,881 SCHENCK AVENUE,266,BOULEVARD,2021-12-28,BROOKLYN,1441,both,15433825,809354,389847.0,3,881,881,893,SCHENCK AVENUE,B,2022-10-21,2022-10-21,12/12/2022,11/28/2022,,,02/25/2025,501.0,8083379.0,"§ 27-2005 ADM CODE PROPERLY REPAIR THE BROKEN OR DEFECTIVE KNOB AT EXIT DOOR AT NORTH WALL AT PUBLIC HALL, 3rd STORY",2022-10-24,19.0,VIOLATION CLOSED,2025-06-27,Original,Close,N,2022,2022.0,2025-11-23,1426 days,297 days,0,977 days,more than a year
2517,2575,260,3043770001,12,M,,881,SCHENCK,AVENUE,11207,881 SCHENCK AVENUE,266,BOULEVARD,2021-12-28,BROOKLYN,1441,both,17709867,809354,389847.0,3,881,881,893,SCHENCK AVENUE,B,2025-02-20,2025-02-21,04/14/2025,03/31/2025,,,03/05/2025,501.0,9642256.0,§ 27-2005 HMC: PROPERLY REPAIR OR REPLACE THE BROKEN OR DEFECTIVE LATCH-SET AT DOOR TO BOILER ROOM AT CELLAR,2025-02-24,9.0,VIOLATION DISMISSED,2025-05-16,Original,Close,N,2025,2025.0,2025-11-23,1426 days,1150 days,3,81 days,one to three months
2518,2576,260,3043770001,12,M,,881,SCHENCK,AVENUE,11207,881 SCHENCK AVENUE,266,BOULEVARD,2021-12-28,BROOKLYN,1441,both,16567723,809354,389847.0,3,881,881,893,SCHENCK AVENUE,B,2024-01-02,2024-01-08,02/27/2024,02/13/2024,,,03/06/2025,501.0,8883795.0,"§ 27-2005 HMC: PROPERLY REPAIR OR REPLACE THE BROKEN OR DEFECTIVE DOOR FRAME IN THE ENTRANCE LOCATED AT APT 5D893, 5th STORY, 1st APARTMENT FROM SOUTH AT WEST",2024-01-09,19.0,VIOLATION CLOSED,2025-08-08,Original,Close,N,2024,2024.0,2025-11-23,1426 days,735 days,2,577 days,more than a year
2519,2577,260,3043770001,12,M,,881,SCHENCK,AVENUE,11207,881 SCHENCK AVENUE,266,BOULEVARD,2021-12-28,BROOKLYN,1441,both,17709866,809354,389847.0,3,881,881,893,SCHENCK AVENUE,C,2025-02-20,2025-02-21,03/15/2025,03/10/2025,,,03/05/2025,530.0,9642258.0,"§ 27-2005, 27-2007, 27-2041.1 HMC, §238, § 309; § 107 (2) ( C) MDL AND 28 RCNY §25-171: REPLACE OR REPAIR THE SELF-CLOSING DOORS THAT IS MISSING OR DEFECTIVE HINGES AT DOOR TO BOILER ROOM AT CELLAR",2025-02-24,9.0,VIOLATION DISMISSED,2025-05-16,Original,Close,N,2025,2025.0,2025-11-23,1426 days,1150 days,3,81 days,one to three months
2520,2578,260,3043770001,12,M,,881,SCHENCK,AVENUE,11207,881 SCHENCK AVENUE,266,BOULEVARD,2021-12-28,BROOKLYN,1441,both,17709864,809354,389847.0,3,881,881,893,SCHENCK AVENUE,C,2025-02-20,2025-02-21,03/15/2025,03/10/2025,,,03/05/2025,530.0,9642258.0,"§ 27-2005, 27-2007, 27-2041.1 HMC, §238, § 309; § 107 (2) ( C) MDL AND 28 RCNY §25-171: REPLACE OR REPAIR THE SELF-CLOSING DOORS THAT IS MISSING OR DEFECTIVE HINGES AT ENTRANCE DOOR TO BUILDING , 1st STORY",2025-02-24,19.0,VIOLATION CLOSED,2025-06-25,Original,Close,N,2025,2025.0,2025-11-23,1426 days,1150 days,3,121 days,three to six months
2521,2579,260,3043770001,12,M,,881,SCHENCK,AVENUE,11207,881 SCHENCK AVENUE,266,BOULEVARD,2021-12-28,BROOKLYN,1441,both,16567675,809354,389847.0,3,881,881,893,SCHENCK AVENUE,C,2024-01-02,2024-01-08,01/28/2024,01/23/2024,,,03/20/2025,530.0,8883804.0,"§ 27-2005, 27-2007, 27-2041.1 HMC, §238, § 309; § 107 (2) ( C) MDL AND 28 RCNY §25-171: REPLACE OR REPAIR THE SELF-CLOSING DOORS THAT IS MISSING OR DEFECTIVE AT BULKHEAD DOOR , SECTION ''881''",2024-01-09,19.0,VIOLATION CLOSED,2025-06-27,Original,Close,N,2024,2024.0,2025-11-23,1426 days,735 days,2,535 days,more than a year
2522,2580,260,3043770001,12,M,,881,SCHENCK,AVENUE,11207,881 SCHENCK AVENUE,266,BOULEVARD,2021-12-28,BROOKLYN,1441,both,17779928,809354,389847.0,3,881,881,893,SCHENCK AVENUE,B,2025-03-23,2025-03-26,05/15/2025,05/01/2025,,,04/10/2025,507.0,9688964.0,"§ 27-2005 ADM CODE REPAIR THE ROOF SO THAT IT WILL NOT LEAK OVER CEILING IN THE BATHROOM LOCATED AT APT 6F, 6th STORY, 1st APARTMENT FROM WEST AT NORTH",2025-03-27,9.0,VIOLATION DISMISSED,2025-06-27,Original,Close,Y,2025,2025.0,2025-11-23,1426 days,1181 days,3,92 days,three to six months
2523,2581,260,3043770001,12,M,,881,SCHENCK,AVENUE,11207,881 SCHENCK AVENUE,266,BOULEVARD,2021-12-28,BROOKLYN,1441,both,17779929,809354,389847.0,3,881,881,893,SCHENCK AVENUE,A,2025-03-23,2025-03-26,07/14/2025,06/30/2025,,,04/10/2025,508.0,9688963.0,"§ 27-2005 ADM CODE REPAIR THE BROKEN OR DEFECTIVE PLASTERED SURFACES AND PAINT IN A UNIFORM COLOR AT CEILING IN THE BATHROOM LOCATED AT APT 6F, 6th STORY, 1st APARTMENT FROM WEST AT NORTH",2025-03-27,9.0,VIOLATION DISMISSED,2025-06-27,Original,Close,N,2025,2025.0,2025-11-23,1426 days,1181 days,3,92 days,three to six months
2524,2582,260,3043770001,12,M,,881,SCHENCK,AVENUE,11207,881 SCHENCK AVENUE,266,BOULEVARD,2021-12-28,BROOKLYN,1441,both,17779930,809354,389847.0,3,881,881,893,SCHENCK AVENUE,B,2025-03-23,2025-03-26,05/15/2025,05/01/2025,,,04/10/2025,507.0,9688964.0,"§ 27-2005 ADM CODE REPAIR THE ROOF SO THAT IT WILL NOT LEAK OVER CEILING IN THE 4th ROOM FROM EAST LOCATED AT APT 6F, 6th STORY, 1st APARTMENT FROM WEST AT NORTH",2025-03-27,9.0,VIOLATION DISMISSED,2025-06-27,Original,Close,Y,2025,2025.0,2025-11-23,1426 days,1181 days,3,92 days,three to six months
2525,2583,260,3043770001,12,M,,881,SCHENCK,AVENUE,11207,881 SCHENCK AVENUE,266,BOULEVARD,2021-12-28,BROOKLYN,1441,both,17779931,809354,389847.0,3,881,881,893,SCHENCK AVENUE,A,2025-03-23,2025-03-26,07/14/2025,06/30/2025,,,04/10/2025,508.0,9688963.0,"§ 27-2005 ADM CODE REPAIR THE BROKEN OR DEFECTIVE PLASTERED SURFACES AND PAINT IN A UNIFORM COLOR AT CEILING INSIDE CLOSET IN THE 4th ROOM FROM EAST LOCATED AT APT 6F, 6th STORY, 1st APARTMENT FROM WEST AT NORTH",2025-03-27,9.0,VIOLATION DISMISSED,2025-06-27,Original,Close,N,2025,2025.0,2025-11-23,1426 days,1181 days,3,92 days,three to six months
2526,2584,260,3043770001,12,M,,881,SCHENCK,AVENUE,11207,881 SCHENCK AVENUE,266,BOULEVARD,2021-12-28,BROOKLYN,1441,both,16567725,809354,389847.0,3,881,881,893,SCHENCK AVENUE,B,2024-01-02,2024-01-08,02/27/2024,02/13/2024,,,04/08/2025,508.0,8883795.0,"§ 27-2005 ADM CODE REPAIR THE BROKEN OR DEFECTIVE PLASTERED SURFACES AND PAINT IN A UNIFORM COLOR AT WEST WALL IN THE KITCHEN LOCATED AT APT 5D893, 5th STORY, 1st APARTMENT FROM SOUTH AT WEST",2024-01-09,19.0,VIOLATION CLOSED,2025-08-08,Original,Close,N,2024,2024.0,2025-11-23,1426 days,735 days,2,577 days,more than a year
2527,2585,260,3043770001,12,M,,881,SCHENCK,AVENUE,11207,881 SCHENCK AVENUE,266,BOULEVARD,2021-12-28,BROOKLYN,1441,both,16574675,809354,389847.0,3,881,881,893,SCHENCK AVENUE,I,2024-01-04,2024-01-09,,,,,,765.0,,"§ 27-2142 ADM CODE APTS HAVE BEEN VACATED BY THIS DEPARTMENT AND CANNOT BE REOCCUPIED UNTIL SO ORDERED AFTER PROOF OF COMPLIANCE FOR APTS 2C, BLDG. 881, SOUTH 1, 2ND STORY POSTED 01/04/24 VACATE ORDER #247258",,19.0,VIOLATION CLOSED,2025-06-02,,Close,N,2024,,2025-11-23,1426 days,737 days,2,,more than a year
2528,2586,260,3043770001,12,M,,881,SCHENCK,AVENUE,11207,881 SCHENCK AVENUE,266,BOULEVARD,2021-12-28,BROOKLYN,1441,both,16574705,809354,389847.0,3,881,881,893,SCHENCK AVENUE,I,2024-01-04,2024-01-09,,,,,,765.0,,"§ 27-2142 ADM CODE APTS HAVE BEEN VACATED BY THIS DEPARTMENT AND CANNOT BE REOCCUPIED UNTIL SO ORDERED AFTER PROOF OF COMPLIANCE FOR APTS 1F, BLDG. 893, NORTH 1, 1ST STORY POSTED 01/04/24 VACATE ORDER #247258",,19.0,VIOLATION CLOSED,2025-06-02,,Close,N,2024,,2025-11-23,1426 days,737 days,2,,more than a year
2529,2587,260,3043770001,12,M,,881,SCHENCK,AVENUE,11207,881 SCHENCK AVENUE,266,BOULEVARD,2021-12-28,BROOKLYN,1441,both,17889942,809354,389847.0,3,881,881,893,SCHENCK AVENUE,C,2025-05-07,2025-05-09,05/31/2025,05/26/2025,,,05/20/2025,530.0,9753657.0,"§ 27-2005, 27-2007, 27-2041.1 HMC, §238, § 309; § 107 (2) ( C) MDL AND 28 RCNY §25-171: REPLACE OR REPAIR THE SELF-CLOSING DOORS THAT IS MISSING OR DEFECTIVE HINGES, BUILDING FRONT ENTRANCE , SECTION ''881''",2025-05-12,19.0,VIOLATION CLOSED,2025-06-25,Original,Close,N,2025,2025.0,2025-11-23,1426 days,1226 days,3,44 days,one to three months
2530,2588,263,3043770001,13,,,726,STANLEY,AVENUE,11207,726 STANLEY AVENUE,266,BOULEVARD,2021-12-28,BROOKLYN,1441,both,15881711,809554,389849.0,3,726,726,740,STANLEY AVENUE,A,2023-03-29,2023-03-29,07/16/2023,07/02/2023,,,,1507.0,8417297.0,"(A) § HMC:FILE ANNUAL BEDBUG REPORT IN ACCORDANCE WITH HPD RULE AS DESCRIBED ON THE BACK OF THIS NOTICE OF VIOLATION OR AS DESCRIBED ON HPDS WEBSITE, WWW.NYC.GOV\HPD, SEARCH BED BUGS.",2023-03-29,9.0,VIOLATION DISMISSED,2023-12-04,Original,Close,N,2023,2023.0,2025-11-23,1426 days,456 days,1,250 days,six months to a year
2531,2589,263,3043770001,13,,,726,STANLEY,AVENUE,11207,726 STANLEY AVENUE,266,BOULEVARD,2021-12-28,BROOKLYN,1441,both,15788431,809554,389849.0,3,726,726,740,STANLEY AVENUE,B,2023-03-18,2023-03-18,05/08/2023,04/24/2023,,,,506.0,8358339.0,"§ 27-2005 ADM CODE REPLACE WITH NEW THE MISSING DOOR KNOB AT FIRE EXIT DOOR SOUTH WALL AT PUBLIC HALL, 1st STORY",2023-03-20,19.0,VIOLATION CLOSED,2024-12-26,Original,Close,N,2023,2023.0,2025-11-23,1426 days,445 days,1,647 days,more than a year
2532,2591,263,3043770001,13,,,726,STANLEY,AVENUE,11207,726 STANLEY AVENUE,266,BOULEVARD,2021-12-28,BROOKLYN,1441,both,16037866,809554,389849.0,3,726,726,740,STANLEY AVENUE,C,2023-06-09,2023-06-12,07/02/2023,06/27/2023,,,,530.0,8521497.0,"§ 27-2005, 27-2007, 27-2041.1 HMC, §238, § 309; § 107 (2) ( C) MDL AND 28 RCNY §25-171: REPLACE OR REPAIR THE SELF-CLOSING DOORS THAT IS MISSING OR DEFECTIVE HINGE BROKEN, AT FIRE DOOR 2ND FROM EAST AT SOUTH AT PUBLIC HALL, 1st STORY",2023-06-13,19.0,VIOLATION CLOSED,2024-04-16,Original,Close,N,2023,2023.0,2025-11-23,1426 days,528 days,1,308 days,six months to a year
2533,2592,263,3043770001,13,,,726,STANLEY,AVENUE,11207,726 STANLEY AVENUE,266,BOULEVARD,2021-12-28,BROOKLYN,1441,both,15788432,809554,389849.0,3,726,726,740,STANLEY AVENUE,C,2023-03-18,2023-03-18,04/02/2023,03/26/2023,,,,505.0,8358340.0,"§ 27-2005 ADM CODE REPLACE WITH NEW THE BROKEN OR DEFECTIVE WIRE MESH GLASS PANE AT SOUTH WALL AT PUBLIC HALL, 2nd STORY",2023-03-20,19.0,VIOLATION CLOSED,2024-02-02,Original,Close,N,2023,2023.0,2025-11-23,1426 days,445 days,1,319 days,six months to a year
2534,2594,263,3043770001,13,,,726,STANLEY,AVENUE,11207,726 STANLEY AVENUE,266,BOULEVARD,2021-12-28,BROOKLYN,1441,both,15697557,809554,389849.0,3,726,726,740,STANLEY AVENUE,A,2023-01-20,2023-02-01,05/21/2023,05/07/2023,,,,508.0,8273432.0,"§ 27-2005 ADM CODE REPAIR THE BROKEN OR DEFECTIVE PLASTERED SURFACES AND PAINT IN A UNIFORM COLOR THE WEST WALL IN THE BATHROOM LOCATED AT APT 2 D, 2nd STORY, 1st APARTMENT FROM NORTH AT EAST , SECTION ''BLDG # 240''",2023-02-01,22.0,FIRST NO ACCESS TO RE- INSPECT VIOLATION,2025-09-03,Original,Open,N,2023,2023.0,2025-11-23,1426 days,388 days,1,1026 days,more than a year
2535,2595,263,3043770001,13,,,726,STANLEY,AVENUE,11207,726 STANLEY AVENUE,266,BOULEVARD,2021-12-28,BROOKLYN,1441,both,16037858,809554,389849.0,3,726,726,740,STANLEY AVENUE,C,2023-06-09,2023-06-12,07/02/2023,06/27/2023,,,,530.0,8521497.0,"§ 27-2005, 27-2007, 27-2041.1 HMC, §238, § 309; § 107 (2) ( C) MDL AND 28 RCNY §25-171: REPLACE OR REPAIR THE SELF-CLOSING DOORS THAT IS MISSING OR DEFECTIVE HINGE BROKEN AT FIRE DOOR 1ST FROM EAST AT PUBLIC HALL, 1st STORY",2023-06-13,19.0,VIOLATION CLOSED,2024-10-02,Original,Close,N,2023,2023.0,2025-11-23,1426 days,528 days,1,477 days,more than a year
2536,2598,263,3043770001,13,,,726,STANLEY,AVENUE,11207,726 STANLEY AVENUE,266,BOULEVARD,2021-12-28,BROOKLYN,1441,both,15401660,809554,389849.0,3,726,726,740,STANLEY AVENUE,A,2022-10-03,2022-10-03,01/21/2023,01/07/2023,,,12/05/2022,579.0,8060690.0,"§ 27-2026 ADM CODE REPAIR THE LEAKY AND/OR DEFECTIVE FAUCETS AT SINK IN THE KITCHEN LOCATED AT APT 1D, 1st STORY, 1st APARTMENT FROM EAST AT SOUTH",2022-10-04,9.0,VIOLATION DISMISSED,2023-02-15,Original,Close,N,2022,2022.0,2025-11-23,1426 days,279 days,0,134 days,three to six months
2537,2599,263,3043770001,13,,,726,STANLEY,AVENUE,11207,726 STANLEY AVENUE,266,BOULEVARD,2021-12-28,BROOKLYN,1441,both,17454227,809554,389849.0,3,726,726,740,STANLEY AVENUE,C,2024-11-26,2024-11-26,12/09/2024,11/27/2024,,,,670.0,9466647.0,"§ 27-2031 ADM CODE PROVIDE HOT WATER AT ALL HOT WATER FIXTURES IN THE ENTIRE APARTMENT LOCATED AT APT 4E, 4th STORY, 2nd APARTMENT FROM NORTH AT EAST",2024-11-27,22.0,FIRST NO ACCESS TO RE- INSPECT VIOLATION,2025-09-03,Original,Open,Y,2024,2024.0,2025-11-23,1426 days,1064 days,2,361 days,six months to a year
2538,2600,263,3043770001,13,,,726,STANLEY,AVENUE,11207,726 STANLEY AVENUE,266,BOULEVARD,2021-12-28,BROOKLYN,1441,both,17999883,809554,389849.0,3,726,726,740,STANLEY AVENUE,C,2025-06-10,2025-06-11,07/01/2025,06/26/2025,,,06/27/2025,530.0,9855882.0,"§ 27-2005, 27-2007, 27-2041.1 HMC, §238, § 309; § 107 (2) ( C) MDL AND 28 RCNY §25-171: REPLACE OR REPAIR THE SELF-CLOSING DOORS THAT IS MISSING OR DEFECTIVE HINGES AT BUILDING ENTRANCE DOOR , 1st STORY",2025-06-12,19.0,VIOLATION CLOSED,2025-08-27,Original,Close,N,2025,2025.0,2025-11-23,1426 days,1260 days,3,76 days,one to three months
2539,2601,263,3043770001,13,,,726,STANLEY,AVENUE,11207,726 STANLEY AVENUE,266,BOULEVARD,2021-12-28,BROOKLYN,1441,both,17999887,809554,389849.0,3,726,726,740,STANLEY AVENUE,C,2025-06-10,2025-06-11,07/01/2025,06/26/2025,,,06/26/2025,530.0,9855882.0,"§ 27-2005, 27-2007, 27-2041.1 HMC, §238, § 309; § 107 (2) ( C) MDL AND 28 RCNY §25-171: REPLACE OR REPAIR THE SELF-CLOSING DOORS THAT IS MISSING OR DEFECTIVE HINGES AT FIRE DOOR LEADING TO HOPPER CHUTE AT SOUTH AT PUBLIC HALL, 1st STORY",2025-06-12,19.0,VIOLATION CLOSED,2025-08-27,Original,Close,N,2025,2025.0,2025-11-23,1426 days,1260 days,3,76 days,one to three months
2540,2602,263,3043770001,13,,,726,STANLEY,AVENUE,11207,726 STANLEY AVENUE,266,BOULEVARD,2021-12-28,BROOKLYN,1441,both,15401656,809554,389849.0,3,726,726,740,STANLEY AVENUE,A,2022-10-03,2022-10-03,01/21/2023,01/07/2023,,,,583.0,8060689.0,"§ 27-2026, 2027 HMC: PROPERLY REPAIR THE SOURCE AND ABATE THE EVIDENCE OF A WATER LEAK AT EAST WALL IN THE BATHROOM LOCATED AT APT 1D, 1st STORY, 1st APARTMENT FROM EAST AT SOUTH",2022-10-04,19.0,VIOLATION CLOSED,2025-08-27,Original,Close,N,2022,2022.0,2025-11-23,1426 days,279 days,0,1058 days,more than a year
2541,2603,263,3043770001,13,,,726,STANLEY,AVENUE,11207,726 STANLEY AVENUE,266,BOULEVARD,2021-12-28,BROOKLYN,1441,both,15401659,809554,389849.0,3,726,726,740,STANLEY AVENUE,C,2022-10-03,2022-10-07,10/30/2022,10/25/2022,,,,530.0,8067671.0,"§ 27-2005, 27-2007, 27-2041.1 HMC: REPLACE OR REPAIR THE SELF-CLOSING DOORS THAT IS MISSING OR DEFECTIVE .. IN THE ENTRANCE LOCATED AT APT 1D, 1st STORY, 1st APARTMENT FROM EAST AT SOUTH",2022-10-11,9.0,VIOLATION DISMISSED,2022-12-15,Original,Close,N,2022,2022.0,2025-11-23,1426 days,279 days,0,65 days,one to three months
2542,2604,263,3043770001,13,,,726,STANLEY,AVENUE,11207,726 STANLEY AVENUE,266,BOULEVARD,2021-12-28,BROOKLYN,1441,both,15007581,809554,389849.0,3,726,726,740,STANLEY AVENUE,A,2022-03-08,2022-03-08,06/25/2022,06/11/2022,,,,1507.0,7794555.0,"(A) § HMC:FILE ANNUAL BEDBUG REPORT IN ACCORDANCE WITH HPD RULE AS DESCRIBED ON THE BACK OF THIS NOTICE OF VIOLATION OR AS DESCRIBED ON HPDS WEBSITE, WWW.NYC.GOV\HPD, SEARCH BED BUGS.",2022-03-08,9.0,VIOLATION DISMISSED,2022-07-25,Original,Close,N,2022,2022.0,2025-11-23,1426 days,70 days,0,139 days,three to six months
2543,2605,263,3043770001,13,,,726,STANLEY,AVENUE,11207,726 STANLEY AVENUE,266,BOULEVARD,2021-12-28,BROOKLYN,1441,both,16542018,809554,389849.0,3,726,726,740,STANLEY AVENUE,B,2023-12-23,2023-12-23,02/13/2024,01/30/2024,,,,508.0,8862499.0,"§ 27-2005 ADM CODE REPAIR THE BROKEN OR DEFECTIVE PLASTERED SURFACES AND PAINT IN A UNIFORM COLOR EAST WALL IN THE 1st ROOM FROM EAST LOCATED AT APT 3A, 3rd STORY, 1st APARTMENT FROM SOUTH AT WEST",2023-12-26,19.0,VIOLATION CLOSED,2025-08-27,Original,Close,N,2023,2023.0,2025-11-23,1426 days,725 days,1,610 days,more than a year
2544,2606,263,3043770001,13,,,726,STANLEY,AVENUE,11207,726 STANLEY AVENUE,266,BOULEVARD,2021-12-28,BROOKLYN,1441,both,17454228,809554,389849.0,3,726,726,740,STANLEY AVENUE,C,2024-11-26,2024-11-27,12/12/2024,12/05/2024,,,,672.0,9477797.0,§ 27-2033 ADM CODE PROVIDE READY ACCESS TO BUILDINGS HEATING SYSTEM DOOR LOCKED AT BOILER ROOM,2024-11-29,19.0,VIOLATION CLOSED,2024-12-26,Original,Close,N,2024,2024.0,2025-11-23,1426 days,1064 days,2,27 days,one week to a month
2545,2607,263,3043770001,13,,,726,STANLEY,AVENUE,11207,726 STANLEY AVENUE,266,BOULEVARD,2021-12-28,BROOKLYN,1441,both,18194443,809554,389849.0,3,726,726,740,STANLEY AVENUE,C,2025-08-26,2025-08-27,09/28/2025,09/23/2025,,,09/09/2025,790.0,9970865.0,"§ 27-2043.1 HMC INSTALL THE MISSING OR REPAIR/REPLACE THE DEFECTIVE WINDOW GUARD(S) IN ACCORDANCE WITH THE SPECIFICATIONS OF THE NEW YORK CITY HEALTH CODE SECTION 24 RCNY CHAPTER 12. WG TO INSTALL = 3; WG TO REPLACE = 0; WG TO REPAIR = 0; IN THE ENTIRE APARTMENT LOCATED AT APT 3A, 3rd STORY, 1st APARTMENT FROM SOUTH AT WEST",2025-08-28,9.0,VIOLATION DISMISSED,2025-11-20,Original,Close,N,2025,2025.0,2025-11-23,1426 days,1337 days,3,84 days,one to three months
2546,2608,263,3043770001,13,,,726,STANLEY,AVENUE,11207,726 STANLEY AVENUE,266,BOULEVARD,2021-12-28,BROOKLYN,1441,both,15697552,809554,389849.0,3,726,726,740,STANLEY AVENUE,A,2023-01-20,2023-02-01,05/21/2023,05/07/2023,,,,556.0,8273432.0,"§ 27-2013 ADM CODE PAINT WITH LIGHT COLORED PAINT TO THE SATISFACTION OF THIS DEPARTMENT THE CEILING, WALLS AND TRIMS THROUGHOUT IN THE ENTIRE APARTMENT LOCATED AT APT 2 D, 2nd STORY, 1st APARTMENT FROM NORTH AT EAST , SECTION ''BLDG # 240''",2023-02-01,22.0,FIRST NO ACCESS TO RE- INSPECT VIOLATION,2025-09-03,Original,Open,N,2023,2023.0,2025-11-23,1426 days,388 days,1,1026 days,more than a year
2547,2609,263,3043770001,13,,,726,STANLEY,AVENUE,11207,726 STANLEY AVENUE,266,BOULEVARD,2021-12-28,BROOKLYN,1441,both,17999886,809554,389849.0,3,726,726,740,STANLEY AVENUE,C,2025-06-10,2025-06-11,07/01/2025,06/26/2025,,,06/27/2025,530.0,9855882.0,"§ 27-2005, 27-2007, 27-2041.1 HMC, §238, § 309; § 107 (2) ( C) MDL AND 28 RCNY §25-171: REPLACE OR REPAIR THE SELF-CLOSING DOORS THAT IS MISSING OR DEFECTIVE HINGES AT FIRE DOOR LEADING TO STAIRS AT SOUTH AT PUBLIC HALL, 1st STORY",2025-06-12,19.0,VIOLATION CLOSED,2025-08-02,Original,Close,N,2025,2025.0,2025-11-23,1426 days,1260 days,3,51 days,one to three months
2548,2610,263,3043770001,13,,,726,STANLEY,AVENUE,11207,726 STANLEY AVENUE,266,BOULEVARD,2021-12-28,BROOKLYN,1441,both,15401657,809554,389849.0,3,726,726,740,STANLEY AVENUE,A,2022-10-03,2022-10-03,01/21/2023,01/07/2023,,,,508.0,8060689.0,"§ 27-2005 ADM CODE REPAIR THE BROKEN OR DEFECTIVE PLASTERED SURFACES AND PAINT IN A UNIFORM COLOR AT EAST WALL IN THE BATHROOM LOCATED AT APT 1D, 1st STORY, 1st APARTMENT FROM EAST AT SOUTH",2022-10-04,19.0,VIOLATION CLOSED,2025-08-27,Original,Close,N,2022,2022.0,2025-11-23,1426 days,279 days,0,1058 days,more than a year
2549,2611,263,3043770001,13,,,726,STANLEY,AVENUE,11207,726 STANLEY AVENUE,266,BOULEVARD,2021-12-28,BROOKLYN,1441,both,15401658,809554,389849.0,3,726,726,740,STANLEY AVENUE,A,2022-10-03,2022-10-03,01/21/2023,01/07/2023,,,,508.0,8060689.0,"§ 27-2005 ADM CODE REPAIR THE BROKEN OR DEFECTIVE PLASTERED SURFACES AND PAINT IN A UNIFORM COLOR AT CEILING IN THE BATHROOM LOCATED AT APT 1D, 1st STORY, 1st APARTMENT FROM EAST AT SOUTH",2022-10-04,19.0,VIOLATION CLOSED,2025-08-27,Original,Close,N,2022,2022.0,2025-11-23,1426 days,279 days,0,1058 days,more than a year
2550,2616,263,3043770001,13,,,726,STANLEY,AVENUE,11207,726 STANLEY AVENUE,266,BOULEVARD,2021-12-28,BROOKLYN,1441,both,18194442,809554,389849.0,3,726,726,740,STANLEY AVENUE,C,2025-08-26,2025-08-27,09/16/2025,09/11/2025,,,09/09/2025,530.0,9970866.0,"§ 27-2005, 27-2007, 27-2041.1 HMC, §238, § 309; § 107 (2) ( C) MDL AND 28 RCNY §25-171: REPLACE OR REPAIR THE SELF-CLOSING DOORS THAT IS MISSING OR DEFECTIVE HINGES.. IN THE ENTRANCE LOCATED AT APT 3A, 3rd STORY, 1st APARTMENT FROM SOUTH AT WEST",2025-08-28,9.0,VIOLATION DISMISSED,2025-11-20,Original,Close,N,2025,2025.0,2025-11-23,1426 days,1337 days,3,84 days,one to three months
2551,2617,263,3043770001,13,,,726,STANLEY,AVENUE,11207,726 STANLEY AVENUE,266,BOULEVARD,2021-12-28,BROOKLYN,1441,both,18402547,809554,389849.0,3,726,726,740,STANLEY AVENUE,I,2025-11-18,2025-11-18,,,,,,780.0,,"§27-2107 ADM CODE OWNER FAILED TO FILE A VALID REGISTRATION STATEMENT WITH THE DEPARTMENT AS REQUIRED BY ADM CODE §27-2097 AND IS THEREFORE SUBJECT TO CIVIL PENALTIES, PROHIBITED FROM CERTIFYING VIOLATIONS, AND DENIED THE RIGHT TO RECOVER POSSESSION OF PREMISES FOR NONPAYMENT OF RENT UNTIL A VALID REGISTRATION STATEMENT IS FILED.",,27.0,INFO NOV SENT OUT,2025-11-18,,Open,N,2025,,2025-11-23,1426 days,1421 days,3,,more than a year
2552,2620,263,3043770001,13,,,726,STANLEY,AVENUE,11207,726 STANLEY AVENUE,266,BOULEVARD,2021-12-28,BROOKLYN,1441,both,17704743,809554,389849.0,3,726,726,740,STANLEY AVENUE,B,2025-02-19,2025-02-19,04/10/2025,03/27/2025,,,03/27/2025,508.0,9636875.0,"§ 27-2005 ADM CODE REPAIR THE BROKEN OR DEFECTIVE PLASTERED SURFACES AND PAINT IN A UNIFORM COLOR THE SOUTH WALL IN THE KITCHEN LOCATED AT APT 1B, 1st STORY, 2nd APARTMENT FROM SOUTH AT WEST",2025-02-20,9.0,VIOLATION DISMISSED,2025-06-09,Original,Close,N,2025,2025.0,2025-11-23,1426 days,1149 days,3,109 days,three to six months
2553,2621,263,3043770001,13,,,726,STANLEY,AVENUE,11207,726 STANLEY AVENUE,266,BOULEVARD,2021-12-28,BROOKLYN,1441,both,17704744,809554,389849.0,3,726,726,740,STANLEY AVENUE,B,2025-02-19,2025-02-19,04/10/2025,03/27/2025,,,03/27/2025,508.0,9636875.0,"§ 27-2005 ADM CODE REPAIR THE BROKEN OR DEFECTIVE PLASTERED SURFACES AND PAINT IN A UNIFORM COLOR THE EAST WALL IN THE BATHROOM LOCATED AT APT 1B, 1st STORY, 2nd APARTMENT FROM SOUTH AT WEST",2025-02-20,9.0,VIOLATION DISMISSED,2025-06-09,Original,Close,N,2025,2025.0,2025-11-23,1426 days,1149 days,3,109 days,three to six months
2554,2622,263,3043770001,13,,,726,STANLEY,AVENUE,11207,726 STANLEY AVENUE,266,BOULEVARD,2021-12-28,BROOKLYN,1441,both,17704745,809554,389849.0,3,726,726,740,STANLEY AVENUE,B,2025-02-19,2025-02-19,04/10/2025,03/27/2025,,,03/27/2025,508.0,9636875.0,"§ 27-2005 ADM CODE REPAIR THE BROKEN OR DEFECTIVE PLASTERED SURFACES AND PAINT IN A UNIFORM COLOR THE CEILING IN THE BATHROOM LOCATED AT APT 1B, 1st STORY, 2nd APARTMENT FROM SOUTH AT WEST",2025-02-20,9.0,VIOLATION DISMISSED,2025-06-09,Original,Close,N,2025,2025.0,2025-11-23,1426 days,1149 days,3,109 days,three to six months
2555,2623,263,3043770001,13,,,726,STANLEY,AVENUE,11207,726 STANLEY AVENUE,266,BOULEVARD,2021-12-28,BROOKLYN,1441,both,17704746,809554,389849.0,3,726,726,740,STANLEY AVENUE,C,2025-02-19,2025-02-19,03/23/2025,03/18/2025,,,03/13/2025,569.0,9636877.0,"HMC ADM CODE: § 27-2017.4 ABATE THE INFESTATION CONSISTING OF MICE IN THE ENTIRE APARTMENT LOCATED AT APT 1B, 1st STORY, 2nd APARTMENT FROM SOUTH AT WEST",2025-02-20,9.0,VIOLATION DISMISSED,2025-05-27,Original,Close,N,2025,2025.0,2025-11-23,1426 days,1149 days,3,96 days,three to six months
2556,2624,263,3043770001,13,,,726,STANLEY,AVENUE,11207,726 STANLEY AVENUE,266,BOULEVARD,2021-12-28,BROOKLYN,1441,both,17704747,809554,389849.0,3,726,726,740,STANLEY AVENUE,C,2025-02-19,2025-02-19,03/05/2025,02/26/2025,,,02/28/2025,671.0,9636876.0,"§ 27-2033 ADM CODE POST NOTICE, IN FORM APPROVED BY THE DEPARTMENT, STATING THE NAME AND LOCATION OF THE PERSON DESIGNATED BY THE OWNER TO HAVE KEY TO BUILDINGS HEATING SYSTEM AT PUBLIC HALL, 1st STORY",2025-02-20,9.0,VIOLATION DISMISSED,2025-05-12,Original,Close,N,2025,2025.0,2025-11-23,1426 days,1149 days,3,81 days,one to three months
2557,2625,263,3043770001,13,,,726,STANLEY,AVENUE,11207,726 STANLEY AVENUE,266,BOULEVARD,2021-12-28,BROOKLYN,1441,both,17704748,809554,389849.0,3,726,726,740,STANLEY AVENUE,A,2025-02-19,2025-02-19,06/09/2025,05/26/2025,,,02/28/2025,700.0,9636873.0,"§ 27-2045 ADM CODE POST A PROPER NOTICE OF SMOKE DETECTOR REQUIREMENTS, IN A FORM APPROVED BY THE COMMISSIONER, AT OR NEAR THE MAIL BOX AT PUBLIC HALL, 1st STORY",2025-02-20,9.0,VIOLATION DISMISSED,2025-05-12,Original,Close,N,2025,2025.0,2025-11-23,1426 days,1149 days,3,81 days,one to three months
2558,2626,263,3043770001,13,,,726,STANLEY,AVENUE,11207,726 STANLEY AVENUE,266,BOULEVARD,2021-12-28,BROOKLYN,1441,both,17704749,809554,389849.0,3,726,726,740,STANLEY AVENUE,A,2025-02-19,2025-02-19,06/09/2025,05/26/2025,,,02/28/2025,1501.0,9636873.0,"§ 27-2046.1 HMC: POST A PROPER NOTICE OF CARBON MONOXIDE DETECTING DEVICE REQUIREMENTS, IN A FORM APPROVED BY THE COMMISSIONER, IN A COMMON AREA OF A CLASS A MULTIPLE DWELLING NEAR INSPECTION CERTIFICATE OR PROVIDE NOTICE TO TENANTS IN A PRIVATE DWELLING.",2025-02-20,9.0,VIOLATION DISMISSED,2025-05-12,Original,Close,N,2025,2025.0,2025-11-23,1426 days,1149 days,3,81 days,one to three months
2559,2627,263,3043770001,13,,,726,STANLEY,AVENUE,11207,726 STANLEY AVENUE,266,BOULEVARD,2021-12-28,BROOKLYN,1441,both,17704750,809554,389849.0,3,726,726,740,STANLEY AVENUE,A,2025-02-19,2025-02-19,06/09/2025,05/26/2025,,,02/28/2025,500.0,9636873.0,"§ 26-1103 ADMIN. CODE: POST AND MAINTAIN A PROPER NOTICE ON WALL OF THE ENTRANCE STORY IN ENGLISH AND SPANISH ON THE AVAILABILITY OF THE AGENCYS HOUSING INFORMATION GUIDE. A SAMPLE NOTICE CAN BE FOUND AT WWW.NYC.GOV/HPD. AT PUBLIC HALL, 1st STORY",2025-02-20,9.0,VIOLATION DISMISSED,2025-05-12,Original,Close,N,2025,2025.0,2025-11-23,1426 days,1149 days,3,81 days,one to three months
2560,2628,263,3043770001,13,,,726,STANLEY,AVENUE,11207,726 STANLEY AVENUE,266,BOULEVARD,2021-12-28,BROOKLYN,1441,both,17714242,809554,389849.0,3,726,726,740,STANLEY AVENUE,A,2025-02-19,2025-02-19,06/09/2025,05/26/2025,,,04/03/2025,556.0,9636874.0,"§ 27-2013 ADM CODE PAINT WITH LIGHT COLORED PAINT TO THE SATISFACTION OF THIS DEPARTMENT ALL PEELING PAINT SURFACES IN THE BATHROOM , THE KITCHEN LOCATED AT APT 1B, 1st STORY, 2nd APARTMENT FROM SOUTH AT WEST",2025-02-20,9.0,VIOLATION DISMISSED,2025-06-16,Original,Close,N,2025,2025.0,2025-11-23,1426 days,1149 days,3,116 days,three to six months
2561,2629,263,3043770001,13,,,726,STANLEY,AVENUE,11207,726 STANLEY AVENUE,266,BOULEVARD,2021-12-28,BROOKLYN,1441,both,15788429,809554,389849.0,3,726,726,740,STANLEY AVENUE,B,2023-03-18,2023-03-18,05/08/2023,04/24/2023,,,04/08/2025,508.0,8358338.0,"§ 27-2005 ADM CODE REPAIR THE BROKEN OR DEFECTIVE PLASTERED SURFACES AND PAINT IN A UNIFORM COLOR THE EAST, SOUTH AND WEST WALL AND CEILING IN THE BATHROOM LOCATED AT APT 2D, 2nd STORY, 2nd APARTMENT FROM NORTH AT EAST",2023-03-20,22.0,FIRST NO ACCESS TO RE- INSPECT VIOLATION,2025-09-03,Original,Open,N,2023,2023.0,2025-11-23,1426 days,445 days,1,979 days,more than a year
2562,2630,263,3043770001,13,,,726,STANLEY,AVENUE,11207,726 STANLEY AVENUE,266,BOULEVARD,2021-12-28,BROOKLYN,1441,both,15788430,809554,389849.0,3,726,726,740,STANLEY AVENUE,B,2023-03-18,2023-03-18,05/08/2023,04/24/2023,,,04/08/2025,508.0,8358338.0,"§ 27-2005 ADM CODE REPAIR THE BROKEN OR DEFECTIVE PLASTERED SURFACES AND PAINT IN A UNIFORM COLOR THE SOUTH WALL IN THE FOYER LOCATED AT APT 2D, 2nd STORY, 2nd APARTMENT FROM NORTH AT EAST",2023-03-20,22.0,FIRST NO ACCESS TO RE- INSPECT VIOLATION,2025-09-03,Original,Open,N,2023,2023.0,2025-11-23,1426 days,445 days,1,979 days,more than a year
2563,2631,263,3043770001,13,,,726,STANLEY,AVENUE,11207,726 STANLEY AVENUE,266,BOULEVARD,2021-12-28,BROOKLYN,1441,both,17877098,809554,389849.0,3,726,726,740,STANLEY AVENUE,C,2025-05-07,2025-05-07,05/21/2025,05/14/2025,,,05/22/2025,501.0,9748376.0,"§ 27-2005 HMC: PROPERLY REPAIR OR REPLACE THE BROKEN OR DEFECTIVE GLASS PANE AT LOWER SASH AT 2ND WINDOW FROM WEST AT NORTH AT PUBLIC HALL, 4th STORY",2025-05-08,19.0,VIOLATION CLOSED,2025-08-02,Original,Close,N,2025,2025.0,2025-11-23,1426 days,1226 days,3,86 days,one to three months
2564,2632,263,3043770001,13,,,726,STANLEY,AVENUE,11207,726 STANLEY AVENUE,266,BOULEVARD,2021-12-28,BROOKLYN,1441,both,17877099,809554,389849.0,3,726,726,740,STANLEY AVENUE,C,2025-05-07,2025-05-07,05/27/2025,05/22/2025,,,05/22/2025,530.0,9748377.0,"§ 27-2005, 27-2007, 27-2041.1 HMC, §238, § 309; § 107 (2) ( C) MDL AND 28 RCNY §25-171: REPLACE OR REPAIR THE SELF-CLOSING DOORS THAT IS MISSING OR DEFECTIVE HINGE AT FIRE DOOR LEADING TO STAIRS AT PUBLIC HALL, 5th STORY",2025-05-08,19.0,VIOLATION CLOSED,2025-08-02,Original,Close,N,2025,2025.0,2025-11-23,1426 days,1226 days,3,86 days,one to three months
2565,2633,263,3043770001,13,,,726,STANLEY,AVENUE,11207,726 STANLEY AVENUE,266,BOULEVARD,2021-12-28,BROOKLYN,1441,both,17877100,809554,389849.0,3,726,726,740,STANLEY AVENUE,C,2025-05-07,2025-05-07,05/27/2025,05/22/2025,,,05/22/2025,530.0,9748377.0,"§ 27-2005, 27-2007, 27-2041.1 HMC, §238, § 309; § 107 (2) ( C) MDL AND 28 RCNY §25-171: REPLACE OR REPAIR THE SELF-CLOSING DOORS THAT IS MISSING OR DEFECTIVE HINGE AT HOPPER DOOR AT PUBLIC HALL, 5th STORY",2025-05-08,21.0,NOT COMPLIED WITH,2025-08-27,Original,Open,N,2025,2025.0,2025-11-23,1426 days,1226 days,3,199 days,six months to a year
2566,2634,263,3043770001,13,,,726,STANLEY,AVENUE,11207,726 STANLEY AVENUE,266,BOULEVARD,2021-12-28,BROOKLYN,1441,both,17877101,809554,389849.0,3,726,726,740,STANLEY AVENUE,C,2025-05-07,2025-05-07,05/27/2025,05/22/2025,,,,530.0,9748378.0,"§ 27-2005, 27-2007, 27-2041.1 HMC, §238, § 309; § 107 (2) ( C) MDL AND 28 RCNY §25-171: REPLACE OR REPAIR THE SELF-CLOSING DOORS THAT IS MISSING OR DEFECTIVE HINGE AT BUILDING ENTRANCE DOOR AT PUBLIC HALL, 1st STORY",2025-05-08,11.0,VIOLATION WILL BE REINSPECTED,2025-08-21,Original,Open,N,2025,2025.0,2025-11-23,1426 days,1226 days,3,199 days,six months to a year
2567,2635,266,3043770001,14,M,,357,WORTMAN,AVENUE,11207,357 WORTMAN AVENUE,266,BOULEVARD,2021-12-28,BROOKLYN,1441,both,17456283,809929,389853.0,3,357,357,359,WORTMAN AVENUE,C,2024-11-27,2024-11-28,12/12/2024,12/05/2024,,,01/16/2025,672.0,9477814.0,§ 27-2033 ADM CODE PROVIDE READY ACCESS TO BUILDINGS HEATING SYSTEM LOCKED DOOR AT CELLAR AT BOILER ROOM,2024-11-29,19.0,VIOLATION CLOSED,2025-03-28,Original,Close,N,2024,2024.0,2025-11-23,1426 days,1065 days,2,119 days,three to six months
2568,2636,266,3043770001,14,M,,357,WORTMAN,AVENUE,11207,357 WORTMAN AVENUE,266,BOULEVARD,2021-12-28,BROOKLYN,1441,both,18322635,809929,389853.0,3,357,357,359,WORTMAN AVENUE,C,2025-10-21,2025-10-22,11/23/2025,11/18/2025,,,11/07/2025,568.0,10048125.0,"HMC ADM CODE: § 27-2017.4 ABATE THE INFESTATION CONSISTING OF ROACHES IN THE ENTIRE APARTMENT LOCATED AT APT 1CC, 1st STORY, 1st APARTMENT FROM WEST AT NORTH , SECTION ''BLDG 359''",2025-10-23,10.0,CIV14 MAILED,2025-11-10,Original,Open,N,2025,2025.0,2025-11-23,1426 days,1393 days,3,31 days,one to three months
2569,2637,266,3043770001,14,M,,357,WORTMAN,AVENUE,11207,357 WORTMAN AVENUE,266,BOULEVARD,2021-12-28,BROOKLYN,1441,both,18322637,809929,389853.0,3,357,357,359,WORTMAN AVENUE,B,2025-10-21,2025-10-22,12/11/2025,11/27/2025,,,11/06/2025,598.0,10048124.0,"§ 27-2026 ADM CODE REPAIR THE BROKEN OR DEFECTIVE CONNECTION WASTELINE AT SINK IN THE KITCHEN LOCATED AT APT 1CC, 1st STORY, 1st APARTMENT FROM WEST AT NORTH , SECTION ''BLDG 359''",2025-10-23,10.0,CIV14 MAILED,2025-11-07,Original,Open,N,2025,2025.0,2025-11-23,1426 days,1393 days,3,31 days,one to three months
2570,2638,266,3043770001,14,M,,357,WORTMAN,AVENUE,11207,357 WORTMAN AVENUE,266,BOULEVARD,2021-12-28,BROOKLYN,1441,both,18322633,809929,389853.0,3,357,357,359,WORTMAN AVENUE,C,2025-10-21,2025-10-22,11/23/2025,11/18/2025,,,11/07/2025,569.0,10048125.0,"HMC ADM CODE: § 27-2017.4 ABATE THE INFESTATION CONSISTING OF MICE IN THE ENTIRE APARTMENT LOCATED AT APT 1CC, 1st STORY, 1st APARTMENT FROM WEST AT NORTH , SECTION ''BLDG 359''",2025-10-23,10.0,CIV14 MAILED,2025-11-10,Original,Open,N,2025,2025.0,2025-11-23,1426 days,1393 days,3,31 days,one to three months
2571,2639,266,3043770001,14,M,,357,WORTMAN,AVENUE,11207,357 WORTMAN AVENUE,266,BOULEVARD,2021-12-28,BROOKLYN,1441,both,17453048,809929,389853.0,3,357,357,359,WORTMAN AVENUE,C,2024-11-25,2024-11-26,12/08/2024,11/26/2024,,,,670.0,9466649.0,"§ 27-2031 ADM CODE PROVIDE HOT WATER AT ALL HOT WATER FIXTURES IN THE ENTIRE APARTMENT LOCATED AT APT 5E, 5th STORY, 2nd APARTMENT FROM NORTH AT EAST",2024-11-27,19.0,VIOLATION CLOSED,2024-12-19,Original,Close,Y,2024,2024.0,2025-11-23,1426 days,1063 days,2,22 days,one week to a month
2572,2640,266,3043770001,14,M,,357,WORTMAN,AVENUE,11207,357 WORTMAN AVENUE,266,BOULEVARD,2021-12-28,BROOKLYN,1441,both,17352091,809929,389853.0,3,357,357,359,WORTMAN AVENUE,C,2024-10-16,2024-10-16,11/05/2024,10/31/2024,,,11/07/2024,530.0,9385914.0,"§ 27-2005, 27-2007, 27-2041.1 HMC, §238, § 309; § 107 (2) ( C) MDL AND 28 RCNY §25-171: REPLACE OR REPAIR THE SELF-CLOSING DOORS THAT IS MISSING OR DEFECTIVE DOOR AND FRAME AT BUILDING FRONT ENTRANCE , 1st STORY",2024-10-17,19.0,VIOLATION CLOSED,2024-12-28,Original,Close,N,2024,2024.0,2025-11-23,1426 days,1023 days,2,72 days,one to three months
2573,2641,266,3043770001,14,M,,357,WORTMAN,AVENUE,11207,357 WORTMAN AVENUE,266,BOULEVARD,2021-12-28,BROOKLYN,1441,both,17411973,809929,389853.0,3,357,357,359,WORTMAN AVENUE,C,2024-11-11,2024-11-14,12/04/2024,11/29/2024,,,,530.0,9429343.0,"§ 27-2005, 27-2007, 27-2041.1 HMC, §238, § 309; § 107 (2) ( C) MDL AND 28 RCNY §25-171: REPLACE OR REPAIR THE SELF-CLOSING DOORS THAT IS MISSING OR DEFECTIVE DOOR AT BUILDING FRONT ENTRANCE , 1st STORY",2024-11-15,19.0,VIOLATION CLOSED,2024-12-28,Original,Close,N,2024,2024.0,2025-11-23,1426 days,1049 days,2,43 days,one to three months
2574,2642,266,3043770001,14,M,,357,WORTMAN,AVENUE,11207,357 WORTMAN AVENUE,266,BOULEVARD,2021-12-28,BROOKLYN,1441,both,17585516,809929,389853.0,3,357,357,359,WORTMAN AVENUE,C,2024-12-29,2024-12-29,01/18/2025,01/13/2025,,,,530.0,9557608.0,"§ 27-2005, 27-2007, 27-2041.1 HMC, §238, § 309; § 107 (2) ( C) MDL AND 28 RCNY §25-171: REPLACE OR REPAIR THE SELF-CLOSING DOORS THAT IS MISSING OR DEFECTIVE HINGES IN THE ENTRANCE LOCATED AT APT 5F, 5th STORY, 1st APARTMENT FROM EAST AT SOUTH",2024-12-30,19.0,VIOLATION CLOSED,2025-03-28,Original,Close,N,2024,2024.0,2025-11-23,1426 days,1097 days,3,88 days,one to three months
2575,2643,266,3043770001,14,M,,357,WORTMAN,AVENUE,11207,357 WORTMAN AVENUE,266,BOULEVARD,2021-12-28,BROOKLYN,1441,both,17592867,809929,389853.0,3,357,357,359,WORTMAN AVENUE,C,2025-01-02,2025-01-02,01/15/2025,01/03/2025,,,,670.0,9561659.0,"§ 27-2031 ADM CODE PROVIDE HOT WATER AT ALL HOT WATER FIXTURES IN THE ENTIRE APARTMENT LOCATED AT APT 4B, 4th STORY, 2nd APARTMENT FROM SOUTH AT WEST",2025-01-03,2.0,NOV SENT OUT,2025-01-03,Original,Open,Y,2025,2025.0,2025-11-23,1426 days,1101 days,3,324 days,six months to a year
2576,2644,266,3043770001,14,M,,357,WORTMAN,AVENUE,11207,357 WORTMAN AVENUE,266,BOULEVARD,2021-12-28,BROOKLYN,1441,both,17207437,809929,389853.0,3,357,357,359,WORTMAN AVENUE,C,2024-08-19,2024-08-19,09/20/2024,09/15/2024,,,09/20/2024,569.0,9298595.0,"HMC ADM CODE: § 27-2017.4 ABATE THE INFESTATION CONSISTING OF MICE IN THE ENTIRE APARTMENT LOCATED AT APT 1F, 1st STORY, 1st APARTMENT FROM EAST AT SOUTH",2024-08-20,9.0,VIOLATION DISMISSED,2024-12-02,Original,Close,N,2024,2024.0,2025-11-23,1426 days,965 days,2,104 days,three to six months
2577,2645,266,3043770001,14,M,,357,WORTMAN,AVENUE,11207,357 WORTMAN AVENUE,266,BOULEVARD,2021-12-28,BROOKLYN,1441,both,17483847,809929,389853.0,3,357,357,359,WORTMAN AVENUE,C,2024-11-29,2024-11-29,12/12/2024,11/30/2024,,,,670.0,9485816.0,"§ 27-2031 ADM CODE PROVIDE HOT WATER AT ALL HOT WATER FIXTURES IN THE ENTIRE APARTMENT LOCATED AT APT 1F, 1st STORY, 1st APARTMENT FROM NORTH AT EAST",2024-12-02,19.0,VIOLATION CLOSED,2025-03-28,Original,Close,Y,2024,2024.0,2025-11-23,1426 days,1067 days,2,116 days,three to six months
2578,2646,266,3043770001,14,M,,357,WORTMAN,AVENUE,11207,357 WORTMAN AVENUE,266,BOULEVARD,2021-12-28,BROOKLYN,1441,both,17483849,809929,389853.0,3,357,357,359,WORTMAN AVENUE,C,2024-11-29,2024-11-29,12/21/2024,12/16/2024,,,12/20/2024,530.0,9488434.0,"§ 27-2005, 27-2007, 27-2041.1 HMC, §238, § 309; § 107 (2) ( C) MDL AND 28 RCNY §25-171: REPLACE OR REPAIR THE SELF-CLOSING DOORS THAT IS MISSING OR DEFECTIVE LATCH SETAT BUILDING ENTRANCE DOOR AT PUBLIC HALL, 1st STORY",2024-12-02,19.0,VIOLATION CLOSED,2025-01-07,Original,Close,N,2024,2024.0,2025-11-23,1426 days,1067 days,2,36 days,one to three months
2579,2647,266,3043770001,14,M,,357,WORTMAN,AVENUE,11207,357 WORTMAN AVENUE,266,BOULEVARD,2021-12-28,BROOKLYN,1441,both,15722328,809929,389853.0,3,357,357,359,WORTMAN AVENUE,A,2023-02-14,2023-02-15,06/05/2023,05/22/2023,,,,556.0,8293661.0,"§ 27-2013 ADM CODE PAINT WITH LIGHT COLORED PAINT TO THE SATISFACTION OF THIS DEPARTMENT THE CEILING AND EAST WALL AT PUBLIC HALL, 1st STORY",2023-02-16,19.0,VIOLATION CLOSED,2025-03-28,Original,Close,N,2023,2023.0,2025-11-23,1426 days,413 days,1,771 days,more than a year
2580,2648,266,3043770001,14,M,,357,WORTMAN,AVENUE,11207,357 WORTMAN AVENUE,266,BOULEVARD,2021-12-28,BROOKLYN,1441,both,17585519,809929,389853.0,3,357,357,359,WORTMAN AVENUE,A,2024-12-29,2024-12-29,04/18/2025,04/04/2025,,,01/11/2025,1506.0,9557605.0,"§ 27-2005 HMC: POST, IN A FORM APPROVED BY THE COMMISSIONER, AND MAINTAIN A NOTICE IN A COMMON AREA OF THE BUILDING REGARDING THE PROCEDURES THAT SHOULD BE FOLLOWED WHEN A GAS LEAK IS SUSPECTED",2024-12-30,9.0,VIOLATION DISMISSED,2025-03-24,Original,Close,N,2024,2024.0,2025-11-23,1426 days,1097 days,3,84 days,one to three months
2581,2649,266,3043770001,14,M,,357,WORTMAN,AVENUE,11207,357 WORTMAN AVENUE,266,BOULEVARD,2021-12-28,BROOKLYN,1441,both,15722326,809929,389853.0,3,357,357,359,WORTMAN AVENUE,C,2023-02-14,2023-02-15,03/07/2023,03/02/2023,,,,530.0,8293669.0,"§ 27-2005, 27-2007, 27-2041.1 HMC: REPLACE OR REPAIR THE SELF-CLOSING DOORS THAT IS MISSING OR DEFECTIVE HINGES, AT ENTRANCE DOOR TO BUILDING, AT PUBLIC HALL, 1st STORY",2023-02-16,19.0,VIOLATION CLOSED,2023-07-17,Original,Close,N,2023,2023.0,2025-11-23,1426 days,413 days,1,151 days,three to six months
2582,2650,266,3043770001,14,M,,357,WORTMAN,AVENUE,11207,357 WORTMAN AVENUE,266,BOULEVARD,2021-12-28,BROOKLYN,1441,both,18322639,809929,389853.0,3,357,357,359,WORTMAN AVENUE,B,2025-10-21,2025-10-22,12/11/2025,11/27/2025,,,11/06/2025,501.0,10048124.0,"§ 27-2005 HMC: PROPERLY REPAIR OR REPLACE THE BROKEN OR DEFECTIVE WASHBASIN CABINET IN THE BATHROOM LOCATED AT APT 1CC, 1st STORY, 1st APARTMENT FROM WEST AT NORTH , SECTION ''BLDG 359''",2025-10-23,10.0,CIV14 MAILED,2025-11-07,Original,Open,N,2025,2025.0,2025-11-23,1426 days,1393 days,3,31 days,one to three months
2583,2651,266,3043770001,14,M,,357,WORTMAN,AVENUE,11207,357 WORTMAN AVENUE,266,BOULEVARD,2021-12-28,BROOKLYN,1441,both,15500827,809929,389853.0,3,357,357,359,WORTMAN AVENUE,I,2022-11-07,2022-11-07,,,,,,780.0,,"§27-2107 ADM CODE OWNER FAILED TO FILE A VALID REGISTRATION STATEMENT WITH THE DEPARTMENT AS REQUIRED BY ADM CODE §27-2097 AND IS THEREFORE SUBJECT TO CIVIL PENALTIES, PROHIBITED FROM CERTIFYING VIOLATIONS, AND DENIED THE RIGHT TO RECOVER POSSESSION OF PREMISES FOR NONPAYMENT OF RENT UNTIL A VALID REGISTRATION STATEMENT IS FILED.",,9.0,VIOLATION DISMISSED,2022-11-29,,Close,N,2022,,2025-11-23,1426 days,314 days,0,,more than a year
2584,2652,266,3043770001,14,M,,357,WORTMAN,AVENUE,11207,357 WORTMAN AVENUE,266,BOULEVARD,2021-12-28,BROOKLYN,1441,both,15729383,809929,389853.0,3,357,357,359,WORTMAN AVENUE,C,2023-02-15,2023-02-16,03/18/2023,03/13/2023,,,,622.0,8295063.0,"§ 27-2056.7, 27-2056.8, 27-2056.9 ADM CODE -CERTIFY COMPLIANCE WITH LEAD-BASED PAINT HAZARD CONTROL REQUIREMENTS DURING PERIOD OF UNIT VACANCY BY PERFORMING ACTIVITIES NECESSARY TO ABATE TESTED LEAD-BASED PAINT FROM REQUIRED WINDOW AND/OR DOOR FRICTION SURFACES FOR APARTMENT AND MAKE FLOORS SMOOTH AND CLEANABLE, POSITIVE LEAD-BASED PAINT IN AN APARTMENT WITH A CHILD UNDER SIX LOCATED AT APT 1A, 1st STORY, 1st APARTMENT FROM SOUTH AT WEST",2023-02-17,2.0,NOV SENT OUT,2023-02-17,Original,Open,N,2023,2023.0,2025-11-23,1426 days,414 days,1,1010 days,more than a year
2585,2653,266,3043770001,14,M,,357,WORTMAN,AVENUE,11207,357 WORTMAN AVENUE,266,BOULEVARD,2021-12-28,BROOKLYN,1441,both,15775757,809929,389853.0,3,357,357,359,WORTMAN AVENUE,B,2023-03-15,2023-03-15,05/04/2023,04/20/2023,,,,506.0,8340523.0,"§ 27-2005 ADM CODE REPLACE WITH NEW THE MISSING FAUCET AT THE BATHTUB IN THE BATHROOM LOCATED AT APT 1A, 1st STORY, 1st APARTMENT FROM SOUTH AT WEST",2023-03-16,19.0,VIOLATION CLOSED,2025-03-28,Original,Close,N,2023,2023.0,2025-11-23,1426 days,442 days,1,743 days,more than a year
2586,2654,266,3043770001,14,M,,357,WORTMAN,AVENUE,11207,357 WORTMAN AVENUE,266,BOULEVARD,2021-12-28,BROOKLYN,1441,both,15881724,809929,389853.0,3,357,357,359,WORTMAN AVENUE,A,2023-03-29,2023-03-29,07/16/2023,07/02/2023,,,,1507.0,8417378.0,"(A) § HMC:FILE ANNUAL BEDBUG REPORT IN ACCORDANCE WITH HPD RULE AS DESCRIBED ON THE BACK OF THIS NOTICE OF VIOLATION OR AS DESCRIBED ON HPDS WEBSITE, WWW.NYC.GOV\HPD, SEARCH BED BUGS.",2023-03-29,9.0,VIOLATION DISMISSED,2023-12-04,Original,Close,N,2023,2023.0,2025-11-23,1426 days,456 days,1,250 days,six months to a year
2587,2655,266,3043770001,14,M,,357,WORTMAN,AVENUE,11207,357 WORTMAN AVENUE,266,BOULEVARD,2021-12-28,BROOKLYN,1441,both,15991894,809929,389853.0,3,357,357,359,WORTMAN AVENUE,C,2023-05-21,2023-05-24,06/13/2023,06/08/2023,,,,530.0,8499655.0,"§ 27-2005, 27-2007, 27-2041.1 HMC, §238, § 309; § 107 (2) ( C) MDL AND 28 RCNY §25-171: REPLACE OR REPAIR THE SELF-CLOSING DOORS THAT IS MISSING OR DEFECTIVE AT THE HINGES AT BUILDING ENTRANCE AT PUBLIC HALL, 1st STORY",2023-05-25,19.0,VIOLATION CLOSED,2023-07-13,Original,Close,N,2023,2023.0,2025-11-23,1426 days,509 days,1,49 days,one to three months
2588,2656,266,3043770001,14,M,,357,WORTMAN,AVENUE,11207,357 WORTMAN AVENUE,266,BOULEVARD,2021-12-28,BROOKLYN,1441,both,16104707,809929,389853.0,3,357,357,359,WORTMAN AVENUE,C,2023-07-14,2023-07-17,08/06/2023,08/01/2023,,,,530.0,8563883.0,"§ 27-2005, 27-2007, 27-2041.1 HMC, §238, § 309; § 107 (2) ( C) MDL AND 28 RCNY §25-171: REPLACE OR REPAIR THE SELF-CLOSING DOORS THAT IS MISSING OR DEFECTIVE DOOR FRAME AT PUBLIC HALL, 1st STORY",2023-07-18,19.0,VIOLATION CLOSED,2023-08-29,Original,Close,N,2023,2023.0,2025-11-23,1426 days,563 days,1,42 days,one to three months
2589,2657,266,3043770001,14,M,,357,WORTMAN,AVENUE,11207,357 WORTMAN AVENUE,266,BOULEVARD,2021-12-28,BROOKLYN,1441,both,17207436,809929,389853.0,3,357,357,359,WORTMAN AVENUE,C,2024-08-19,2024-08-19,09/20/2024,09/15/2024,,,09/20/2024,568.0,9298595.0,"HMC ADM CODE: § 27-2017.4 ABATE THE INFESTATION CONSISTING OF ROACHES IN THE ENTIRE APARTMENT LOCATED AT APT 1F, 1st STORY, 1st APARTMENT FROM EAST AT SOUTH",2024-08-20,9.0,VIOLATION DISMISSED,2024-12-02,Original,Close,N,2024,2024.0,2025-11-23,1426 days,965 days,2,104 days,three to six months
2590,2658,266,3043770001,14,M,,357,WORTMAN,AVENUE,11207,357 WORTMAN AVENUE,266,BOULEVARD,2021-12-28,BROOKLYN,1441,both,17565971,809929,389853.0,3,357,357,359,WORTMAN AVENUE,C,2024-12-19,2024-12-19,01/01/2025,12/20/2024,,,,670.0,9544637.0,"§ 27-2031 ADM CODE PROVIDE HOT WATER AT ALL HOT WATER FIXTURES IN THE ENTIRE APARTMENT LOCATED AT APT 1F, 1st STORY, 1st APARTMENT FROM EAST AT SOUTH",2024-12-20,19.0,VIOLATION CLOSED,2025-01-13,Original,Close,Y,2024,2024.0,2025-11-23,1426 days,1087 days,2,24 days,one week to a month
2591,2659,266,3043770001,14,M,,357,WORTMAN,AVENUE,11207,357 WORTMAN AVENUE,266,BOULEVARD,2021-12-28,BROOKLYN,1441,both,17565972,809929,389853.0,3,357,357,359,WORTMAN AVENUE,C,2024-12-19,2024-12-23,01/06/2025,12/30/2024,,,01/16/2025,672.0,9551107.0,§ 27-2033 ADM CODE PROVIDE READY ACCESS TO BUILDINGS HEATING SYSTEM LOCK DOOR AT BOILER ROOM,2024-12-24,19.0,VIOLATION CLOSED,2025-03-28,Original,Close,N,2024,2024.0,2025-11-23,1426 days,1087 days,2,94 days,three to six months
2592,2660,266,3043770001,14,M,,357,WORTMAN,AVENUE,11207,357 WORTMAN AVENUE,266,BOULEVARD,2021-12-28,BROOKLYN,1441,both,17616211,809929,389853.0,3,357,357,359,WORTMAN AVENUE,C,2025-01-12,2025-01-12,02/01/2025,01/27/2025,,,02/14/2025,530.0,9577095.0,"§ 27-2005, 27-2007, 27-2041.1 HMC, §238, § 309; § 107 (2) ( C) MDL AND 28 RCNY §25-171: REPLACE OR REPAIR THE SELF-CLOSING DOORS THAT IS MISSING OR DEFECTIVE HINGES AT DOOR IN THE ENTRANCE LOCATED AT APT 5F, 5th STORY, 1st APARTMENT FROM EAST AT SOUTH",2025-01-13,19.0,VIOLATION CLOSED,2025-03-28,Original,Close,N,2025,2025.0,2025-11-23,1426 days,1111 days,3,74 days,one to three months
2593,2661,266,3043770001,14,M,,357,WORTMAN,AVENUE,11207,357 WORTMAN AVENUE,266,BOULEVARD,2021-12-28,BROOKLYN,1441,both,17616212,809929,389853.0,3,357,357,359,WORTMAN AVENUE,B,2025-01-12,2025-01-12,03/03/2025,02/17/2025,,,02/24/2025,649.0,9577094.0,"§ 27-2026 ADM CODE REMOVE ALL OBSTRUCTIONS AND REPAIR ALL DEFECTS IN WASTELINE AT BATHTUB IN THE BATHROOM LOCATED AT APT 5F, 5th STORY, 1st APARTMENT FROM EAST AT SOUTH",2025-01-13,19.0,VIOLATION CLOSED,2025-03-28,Original,Close,Y,2025,2025.0,2025-11-23,1426 days,1111 days,3,74 days,one to three months
2594,2662,266,3043770001,14,M,,357,WORTMAN,AVENUE,11207,357 WORTMAN AVENUE,266,BOULEVARD,2021-12-28,BROOKLYN,1441,both,17616214,809929,389853.0,3,357,357,359,WORTMAN AVENUE,B,2025-01-12,2025-01-13,03/04/2025,02/18/2025,,,03/06/2025,501.0,9579287.0,"§ 27-2005 HMC: PROPERLY REPAIR OR REPLACE THE BROKEN OR DEFECTIVE LATCH AT BUILDING ENTRANCE DOOR , 1st STORY",2025-01-14,19.0,VIOLATION CLOSED,2025-03-28,Original,Close,N,2025,2025.0,2025-11-23,1426 days,1111 days,3,73 days,one to three months
2595,2663,266,3043770001,14,M,,357,WORTMAN,AVENUE,11207,357 WORTMAN AVENUE,266,BOULEVARD,2021-12-28,BROOKLYN,1441,both,17628180,809929,389853.0,3,357,357,359,WORTMAN AVENUE,C,2025-01-16,2025-01-16,02/05/2025,01/31/2025,,,01/31/2025,530.0,9585272.0,"§ 27-2005, 27-2007, 27-2041.1 HMC, §238, § 309; § 107 (2) ( C) MDL AND 28 RCNY §25-171: REPLACE OR REPAIR THE SELF-CLOSING DOORS THAT IS MISSING OR DEFECTIVE HINGES ON DOOR IN THE ENTRANCE LOCATED AT APT 5F, 5th STORY, 1st APARTMENT FROM EAST AT SOUTH",2025-01-17,19.0,VIOLATION CLOSED,2025-03-28,Original,Close,N,2025,2025.0,2025-11-23,1426 days,1115 days,3,70 days,one to three months
2596,2664,266,3043770001,14,M,,357,WORTMAN,AVENUE,11207,357 WORTMAN AVENUE,266,BOULEVARD,2021-12-28,BROOKLYN,1441,both,17634059,809929,389853.0,3,357,357,359,WORTMAN AVENUE,A,2025-01-16,2025-01-16,05/06/2025,04/22/2025,,,03/05/2025,556.0,9585270.0,"§ 27-2013 ADM CODE PAINT WITH LIGHT COLORED PAINT TO THE SATISFACTION OF THIS DEPARTMENT ALL PEELING PAINT SURFACES IN THE BATHROOM , THE 4th ROOM FROM EAST, THE KITCHEN , THE PRIVATE HALLWAY , THE 3rd ROOM FROM EAST LOCATED AT APT 5B, 5th STORY, 2nd APARTMENT FROM SOUTH AT WEST",2025-01-17,9.0,VIOLATION DISMISSED,2025-05-16,Original,Close,N,2025,2025.0,2025-11-23,1426 days,1115 days,3,119 days,three to six months
2597,2665,266,3043770001,14,M,,357,WORTMAN,AVENUE,11207,357 WORTMAN AVENUE,266,BOULEVARD,2021-12-28,BROOKLYN,1441,both,17634060,809929,389853.0,3,357,357,359,WORTMAN AVENUE,A,2025-01-16,2025-01-16,05/06/2025,04/22/2025,,,,556.0,9585271.0,"§ 27-2013 ADM CODE PAINT WITH LIGHT COLORED PAINT TO THE SATISFACTION OF THIS DEPARTMENT ALL PEELING PAINT SURFACES IN THE FOYER LOCATED AT APT 5F, 5th STORY, 1st APARTMENT FROM EAST AT SOUTH",2025-01-17,19.0,VIOLATION CLOSED,2025-03-28,Original,Close,N,2025,2025.0,2025-11-23,1426 days,1115 days,3,70 days,one to three months
2598,2666,266,3043770001,14,M,,357,WORTMAN,AVENUE,11207,357 WORTMAN AVENUE,266,BOULEVARD,2021-12-28,BROOKLYN,1441,both,15722325,809929,389853.0,3,357,357,359,WORTMAN AVENUE,C,2023-02-14,2023-02-15,03/07/2023,03/02/2023,,,,530.0,8293669.0,"§ 27-2005, 27-2007, 27-2041.1 HMC: REPLACE OR REPAIR THE SELF-CLOSING DOORS THAT IS MISSING OR DEFECTIVE HINGES AT DOOR TO FIRE STAIRS, SOUTH WALL, AT PUBLIC HALL, 1st STORY",2023-02-16,19.0,VIOLATION CLOSED,2023-03-21,Original,Close,N,2023,2023.0,2025-11-23,1426 days,413 days,1,33 days,one to three months
2599,2667,266,3043770001,14,M,,357,WORTMAN,AVENUE,11207,357 WORTMAN AVENUE,266,BOULEVARD,2021-12-28,BROOKLYN,1441,both,15722327,809929,389853.0,3,357,357,359,WORTMAN AVENUE,B,2023-02-14,2023-02-15,04/06/2023,03/23/2023,,,,502.0,8293663.0,"§ 27-2005 ADM CODE PROPERLY REPAIR WITH SIMILAR MATERIAL THE BROKEN OR DEFECTIVE FIRE RETARDANT MATERIALS, PLASTER AT CEILING AND EAST WALL , AT PUBLIC HALL, 1st STORY",2023-02-16,19.0,VIOLATION CLOSED,2025-03-28,Original,Close,N,2023,2023.0,2025-11-23,1426 days,413 days,1,771 days,more than a year
2600,2668,266,3043770001,14,M,,357,WORTMAN,AVENUE,11207,357 WORTMAN AVENUE,266,BOULEVARD,2021-12-28,BROOKLYN,1441,both,15722329,809929,389853.0,3,357,357,359,WORTMAN AVENUE,C,2023-02-14,2023-02-15,03/01/2023,02/22/2023,,,,505.0,8293666.0,"§ 27-2005 ADM CODE REPLACE WITH NEW THE BROKEN OR DEFECTIVE WIRE GLASS AT FIRE STAIR DOOR, WEST WALL , AT PUBLIC HALL, 6th STORY",2023-02-16,19.0,VIOLATION CLOSED,2023-03-14,Original,Close,N,2023,2023.0,2025-11-23,1426 days,413 days,1,26 days,one week to a month
2601,2669,266,3043770001,14,M,,357,WORTMAN,AVENUE,11207,357 WORTMAN AVENUE,266,BOULEVARD,2021-12-28,BROOKLYN,1441,both,15728324,809929,389853.0,3,357,357,359,WORTMAN AVENUE,C,2023-02-14,2023-02-15,03/07/2023,03/02/2023,,,,530.0,8293670.0,"§ 27-2005, 27-2007, 27-2041.1 HMC: REPLACE OR REPAIR THE SELF-CLOSING DOORS THAT IS MISSING OR DEFECTIVE FIRE STAIR DOOR BEING UNDERSIZED, AT SOUTH WALL, AT PUBLIC HALL, 6th STORY",2023-02-16,19.0,VIOLATION CLOSED,2023-03-21,Original,Close,N,2023,2023.0,2025-11-23,1426 days,413 days,1,33 days,one to three months
2602,2670,266,3043770001,14,M,,357,WORTMAN,AVENUE,11207,357 WORTMAN AVENUE,266,BOULEVARD,2021-12-28,BROOKLYN,1441,both,15729203,809929,389853.0,3,357,357,359,WORTMAN AVENUE,A,2023-02-15,2023-02-15,06/05/2023,05/22/2023,,,,556.0,8293662.0,"§ 27-2013 ADM CODE PAINT WITH LIGHT COLORED PAINT TO THE SATISFACTION OF THIS DEPARTMENT ALL PEELING PAINT SURFACES IN THE 4th ROOM FROM EAST AT SOUTH LOCATED AT APT 1A, 1st STORY, 1st APARTMENT FROM SOUTH AT WEST",2023-02-16,19.0,VIOLATION CLOSED,2025-03-28,Original,Close,N,2023,2023.0,2025-11-23,1426 days,414 days,1,771 days,more than a year
2603,2671,266,3043770001,14,M,,357,WORTMAN,AVENUE,11207,357 WORTMAN AVENUE,266,BOULEVARD,2021-12-28,BROOKLYN,1441,both,17592868,809929,389853.0,3,357,357,359,WORTMAN AVENUE,C,2025-01-02,2025-01-06,01/20/2025,01/13/2025,,,01/16/2025,672.0,9568018.0,§ 27-2033 ADM CODE PROVIDE READY ACCESS TO BUILDINGS HEATING SYSTEM LOCKED DOOR AT CELLAR AT BOILER ROOM,2025-01-07,19.0,VIOLATION CLOSED,2025-03-28,Original,Close,N,2025,2025.0,2025-11-23,1426 days,1101 days,3,80 days,one to three months
2604,2672,266,3043770001,14,M,,357,WORTMAN,AVENUE,11207,357 WORTMAN AVENUE,266,BOULEVARD,2021-12-28,BROOKLYN,1441,both,17456282,809929,389853.0,3,357,357,359,WORTMAN AVENUE,C,2024-11-27,2024-11-27,12/10/2024,11/28/2024,,,,670.0,9475358.0,"§ 27-2031 ADM CODE PROVIDE HOT WATER AT ALL HOT WATER FIXTURES IN THE ENTIRE APARTMENT LOCATED AT APT 1E, 1st STORY, 1st APARTMENT FROM NORTH AT EAST",2024-11-29,19.0,VIOLATION CLOSED,2024-12-23,Original,Close,Y,2024,2024.0,2025-11-23,1426 days,1065 days,2,24 days,one week to a month
2605,2673,266,3043770001,14,M,,357,WORTMAN,AVENUE,11207,357 WORTMAN AVENUE,266,BOULEVARD,2021-12-28,BROOKLYN,1441,both,17352092,809929,389853.0,3,357,357,359,WORTMAN AVENUE,A,2024-10-16,2024-10-16,02/03/2025,01/20/2025,,,11/07/2024,529.0,9385913.0,"§ 27-2005 HMC: REFIT DOOR AT BUILDING FRONT ENTRANCE , 1st STORY",2024-10-17,9.0,VIOLATION DISMISSED,2025-01-21,Original,Close,N,2024,2024.0,2025-11-23,1426 days,1023 days,2,96 days,three to six months
2606,2674,266,3043770001,14,M,,357,WORTMAN,AVENUE,11207,357 WORTMAN AVENUE,266,BOULEVARD,2021-12-28,BROOKLYN,1441,both,15007594,809929,389853.0,3,357,357,359,WORTMAN AVENUE,A,2022-03-08,2022-03-08,06/25/2022,06/11/2022,,,,1507.0,7794660.0,"(A) § HMC:FILE ANNUAL BEDBUG REPORT IN ACCORDANCE WITH HPD RULE AS DESCRIBED ON THE BACK OF THIS NOTICE OF VIOLATION OR AS DESCRIBED ON HPDS WEBSITE, WWW.NYC.GOV\HPD, SEARCH BED BUGS.",2022-03-08,9.0,VIOLATION DISMISSED,2022-07-25,Original,Close,N,2022,2022.0,2025-11-23,1426 days,70 days,0,139 days,three to six months
2607,2675,266,3043770001,14,M,,357,WORTMAN,AVENUE,11207,357 WORTMAN AVENUE,266,BOULEVARD,2021-12-28,BROOKLYN,1441,both,17585515,809929,389853.0,3,357,357,359,WORTMAN AVENUE,C,2024-12-29,2024-12-29,01/11/2025,12/30/2024,,,,670.0,9555338.0,"§ 27-2031 ADM CODE PROVIDE HOT WATER AT ALL HOT WATER FIXTURES IN THE KITCHEN LOCATED AT APT 5F, 5th STORY, 1st APARTMENT FROM EAST AT SOUTH",2024-12-30,19.0,VIOLATION CLOSED,2025-01-22,Original,Close,Y,2024,2024.0,2025-11-23,1426 days,1097 days,3,23 days,one week to a month
2608,2676,266,3043770001,14,M,,357,WORTMAN,AVENUE,11207,357 WORTMAN AVENUE,266,BOULEVARD,2021-12-28,BROOKLYN,1441,both,17616216,809929,389853.0,3,357,357,359,WORTMAN AVENUE,C,2025-01-12,2025-01-12,01/25/2025,01/13/2025,,,,670.0,9574411.0,"§ 27-2031 ADM CODE PROVIDE HOT WATER AT ALL HOT WATER FIXTURES IN THE ENTIRE APARTMENT LOCATED AT APT 5B, 5th STORY, 2nd APARTMENT FROM SOUTH AT WEST",2025-01-13,19.0,VIOLATION CLOSED,2025-02-05,Original,Close,Y,2025,2025.0,2025-11-23,1426 days,1111 days,3,23 days,one week to a month
2609,2677,266,3043770001,14,M,,357,WORTMAN,AVENUE,11207,357 WORTMAN AVENUE,266,BOULEVARD,2021-12-28,BROOKLYN,1441,both,17616209,809929,389853.0,3,357,357,359,WORTMAN AVENUE,C,2025-01-12,2025-01-12,01/25/2025,01/13/2025,,,,670.0,9574411.0,"§ 27-2031 ADM CODE PROVIDE HOT WATER AT ALL HOT WATER FIXTURES IN THE ENTIRE APARTMENT LOCATED AT APT 5F, 5th STORY, 1st APARTMENT FROM EAST AT SOUTH",2025-01-13,19.0,VIOLATION CLOSED,2025-01-23,Original,Close,Y,2025,2025.0,2025-11-23,1426 days,1111 days,3,10 days,one week to a month
2610,2678,266,3043770001,14,M,,357,WORTMAN,AVENUE,11207,357 WORTMAN AVENUE,266,BOULEVARD,2021-12-28,BROOKLYN,1441,both,17616210,809929,389853.0,3,357,357,359,WORTMAN AVENUE,C,2025-01-12,2025-01-13,01/27/2025,01/20/2025,,,02/14/2025,672.0,9579288.0,§ 27-2033 ADM CODE PROVIDE READY ACCESS TO BUILDINGS HEATING SYSTEM LOCKED DOOR AT BOILER ROOM,2025-01-14,19.0,VIOLATION CLOSED,2025-03-28,Original,Close,N,2025,2025.0,2025-11-23,1426 days,1111 days,3,73 days,one to three months
2611,2679,266,3043770001,14,M,,357,WORTMAN,AVENUE,11207,357 WORTMAN AVENUE,266,BOULEVARD,2021-12-28,BROOKLYN,1441,both,17585518,809929,389853.0,3,357,357,359,WORTMAN AVENUE,C,2024-12-29,2024-12-29,01/18/2025,01/13/2025,,,,530.0,9557607.0,"§ 27-2005, 27-2007, 27-2041.1 HMC, §238, § 309; § 107 (2) ( C) MDL AND 28 RCNY §25-171: REPLACE OR REPAIR THE SELF-CLOSING DOORS THAT IS MISSING OR DEFECTIVE HINGES AT BUILDING ENTRANCE DOOR , 1st STORY",2024-12-30,19.0,VIOLATION CLOSED,2025-01-29,Original,Close,N,2024,2024.0,2025-11-23,1426 days,1097 days,3,30 days,one week to a month
2612,2680,266,3043770001,14,M,,357,WORTMAN,AVENUE,11207,357 WORTMAN AVENUE,266,BOULEVARD,2021-12-28,BROOKLYN,1441,both,17626284,809929,389853.0,3,357,357,359,WORTMAN AVENUE,B,2025-01-12,2025-01-14,03/05/2025,02/19/2025,,,03/06/2025,583.0,9581109.0,"§ 27-2026, 2027 HMC: PROPERLY REPAIR THE SOURCE AND ABATE THE EVIDENCE OF A WATER LEAK AT CEILING IN THE BATHROOM LOCATED AT APT 5B, 5th STORY, 2nd APARTMENT FROM SOUTH AT WEST",2025-01-15,4.0,NOV CERTIFIED LATE,2025-03-06,Original,Open,N,2025,2025.0,2025-11-23,1426 days,1111 days,3,312 days,six months to a year
2613,2681,266,3043770001,14,M,,357,WORTMAN,AVENUE,11207,357 WORTMAN AVENUE,266,BOULEVARD,2021-12-28,BROOKLYN,1441,both,17711859,809929,389853.0,3,357,357,359,WORTMAN AVENUE,B,2025-02-22,2025-03-01,04/21/2025,04/07/2025,,,03/06/2025,649.0,9652421.0,"§ 27-2026 ADM CODE REMOVE ALL OBSTRUCTIONS AND REPAIR ALL DEFECTS IN WASH BASIN WASTE LINE IN THE BATHROOM LOCATED AT APT 1F, 1st STORY, 1st APARTMENT FROM EAST AT SOUTH",2025-03-03,9.0,VIOLATION DISMISSED,2025-05-19,Original,Close,Y,2025,2025.0,2025-11-23,1426 days,1152 days,3,77 days,one to three months
2614,2682,266,3043770001,14,M,,357,WORTMAN,AVENUE,11207,357 WORTMAN AVENUE,266,BOULEVARD,2021-12-28,BROOKLYN,1441,both,17585520,809929,389853.0,3,357,357,359,WORTMAN AVENUE,A,2024-12-29,2024-12-29,04/18/2025,04/04/2025,,,01/11/2025,500.0,9557605.0,§ 26-1103 ADMIN. CODE: POST AND MAINTAIN A PROPER NOTICE ON WALL OF THE ENTRANCE STORY IN ENGLISH AND SPANISH ON THE AVAILABILITY OF THE AGENCYS HOUSING INFORMATION GUIDE. A SAMPLE NOTICE CAN BE FOUND AT WWW.NYC.GOV/HPD.,2024-12-30,9.0,VIOLATION DISMISSED,2025-03-24,Original,Close,N,2024,2024.0,2025-11-23,1426 days,1097 days,3,84 days,one to three months
2615,2683,266,3043770001,14,M,,357,WORTMAN,AVENUE,11207,357 WORTMAN AVENUE,266,BOULEVARD,2021-12-28,BROOKLYN,1441,both,15722330,809929,389853.0,3,357,357,359,WORTMAN AVENUE,B,2023-02-14,2023-02-15,04/06/2023,03/23/2023,,,,501.0,8293664.0,"§ 27-2005 ADM CODE PROPERLY REPAIR THE BROKEN OR DEFECTIVE LOCKING DEVICE AT FIRE STAIRS DOOR , SOUTH WALL , AT PUBLIC HALL, 6th STORY",2023-02-16,19.0,VIOLATION CLOSED,2025-03-28,Original,Close,N,2023,2023.0,2025-11-23,1426 days,413 days,1,771 days,more than a year
2616,2684,266,3043770001,14,M,,357,WORTMAN,AVENUE,11207,357 WORTMAN AVENUE,266,BOULEVARD,2021-12-28,BROOKLYN,1441,both,15723454,809929,389853.0,3,357,357,359,WORTMAN AVENUE,B,2023-02-15,2023-02-15,04/06/2023,03/23/2023,,,,583.0,8293665.0,"§ 27-2026, 2027 HMC: PROPERLY REPAIR THE SOURCE AND ABATE THE EVIDENCE OF A WATER LEAK AT THE EAST WALL IN THE BATHROOM LOCATED AT APT 1A, 1st STORY, 1st APARTMENT FROM SOUTH AT WEST",2023-02-16,19.0,VIOLATION CLOSED,2025-03-28,Original,Close,N,2023,2023.0,2025-11-23,1426 days,414 days,1,771 days,more than a year
2617,2685,266,3043770001,14,M,,357,WORTMAN,AVENUE,11207,357 WORTMAN AVENUE,266,BOULEVARD,2021-12-28,BROOKLYN,1441,both,15723455,809929,389853.0,3,357,357,359,WORTMAN AVENUE,B,2023-02-15,2023-02-15,04/06/2023,03/23/2023,,,,508.0,8293665.0,"§ 27-2005 ADM CODE REPAIR THE BROKEN OR DEFECTIVE PLASTERED SURFACES AND PAINT IN A UNIFORM COLOR THE CEILING, EAST WALL IN THE BATHROOM LOCATED AT APT 1A, 1st STORY, 1st APARTMENT FROM SOUTH AT WEST",2023-02-16,19.0,VIOLATION CLOSED,2025-03-28,Original,Close,N,2023,2023.0,2025-11-23,1426 days,414 days,1,771 days,more than a year
2618,2686,266,3043770001,14,M,,357,WORTMAN,AVENUE,11207,357 WORTMAN AVENUE,266,BOULEVARD,2021-12-28,BROOKLYN,1441,both,15723457,809929,389853.0,3,357,357,359,WORTMAN AVENUE,B,2023-02-15,2023-02-15,04/06/2023,03/23/2023,,,,508.0,8293665.0,"§ 27-2005 ADM CODE REPAIR THE BROKEN OR DEFECTIVE PLASTERED SURFACES AND PAINT IN A UNIFORM COLOR THE EAST WALL, SOUTH WALL IN THE 4th ROOM FROM EAST AT NORTH LOCATED AT APT 1A, 1st STORY, 1st APARTMENT FROM SOUTH AT WEST",2023-02-16,19.0,VIOLATION CLOSED,2025-03-28,Original,Close,N,2023,2023.0,2025-11-23,1426 days,414 days,1,771 days,more than a year
2619,2687,266,3043770001,14,M,,357,WORTMAN,AVENUE,11207,357 WORTMAN AVENUE,266,BOULEVARD,2021-12-28,BROOKLYN,1441,both,15723459,809929,389853.0,3,357,357,359,WORTMAN AVENUE,B,2023-02-15,2023-02-15,04/06/2023,03/23/2023,,,,583.0,8293665.0,"§ 27-2026, 2027 HMC: PROPERLY REPAIR THE SOURCE AND ABATE THE EVIDENCE OF A WATER LEAK AT THE WEST WALL IN THE KITCHEN LOCATED AT APT 1A, 1st STORY, 1st APARTMENT FROM SOUTH AT WEST",2023-02-16,19.0,VIOLATION CLOSED,2025-03-28,Original,Close,N,2023,2023.0,2025-11-23,1426 days,414 days,1,771 days,more than a year
2620,2688,266,3043770001,14,M,,357,WORTMAN,AVENUE,11207,357 WORTMAN AVENUE,266,BOULEVARD,2021-12-28,BROOKLYN,1441,both,15723460,809929,389853.0,3,357,357,359,WORTMAN AVENUE,B,2023-02-15,2023-02-15,04/06/2023,03/23/2023,,,,508.0,8293665.0,"§ 27-2005 ADM CODE REPAIR THE BROKEN OR DEFECTIVE PLASTERED SURFACES AND PAINT IN A UNIFORM COLOR THE WEST WALL IN THE KITCHEN LOCATED AT APT 1A, 1st STORY, 1st APARTMENT FROM SOUTH AT WEST",2023-02-16,19.0,VIOLATION CLOSED,2025-03-28,Original,Close,N,2023,2023.0,2025-11-23,1426 days,414 days,1,771 days,more than a year
2621,2689,266,3043770001,14,M,,357,WORTMAN,AVENUE,11207,357 WORTMAN AVENUE,266,BOULEVARD,2021-12-28,BROOKLYN,1441,both,15723461,809929,389853.0,3,357,357,359,WORTMAN AVENUE,B,2023-02-15,2023-02-15,04/06/2023,03/23/2023,,,,501.0,8293665.0,"§ 27-2005 ADM CODE PROPERLY REPAIR THE BROKEN OR DEFECTIVE LIGHT FIXTURE AT EAST WALL IN THE BATHROOM LOCATED AT APT 1A, 1st STORY, 1st APARTMENT FROM SOUTH AT WEST",2023-02-16,19.0,VIOLATION CLOSED,2025-03-28,Original,Close,N,2023,2023.0,2025-11-23,1426 days,414 days,1,771 days,more than a year
2622,2690,266,3043770001,14,M,,357,WORTMAN,AVENUE,11207,357 WORTMAN AVENUE,266,BOULEVARD,2021-12-28,BROOKLYN,1441,both,15723462,809929,389853.0,3,357,357,359,WORTMAN AVENUE,B,2023-02-15,2023-02-15,04/06/2023,03/23/2023,,,,501.0,8293665.0,"§ 27-2005 ADM CODE PROPERLY REPAIR THE BROKEN OR DEFECTIVE ELECTRICAL OUTLET AT EAST WALL IN THE BATHROOM LOCATED AT APT 1A, 1st STORY, 1st APARTMENT FROM SOUTH AT WEST",2023-02-16,19.0,VIOLATION CLOSED,2025-03-28,Original,Close,N,2023,2023.0,2025-11-23,1426 days,414 days,1,771 days,more than a year
2623,2691,266,3043770001,14,M,,357,WORTMAN,AVENUE,11207,357 WORTMAN AVENUE,266,BOULEVARD,2021-12-28,BROOKLYN,1441,both,15723463,809929,389853.0,3,357,357,359,WORTMAN AVENUE,B,2023-02-15,2023-02-15,04/06/2023,03/23/2023,,,,1503.0,8293665.0,"§ 27-2046.1 HMC: REPAIR OR REPLACE THE CARBON MONOXIDE DETECTING DEVICE(S). MISSING IN THE ENTIRE APARTMENT LOCATED AT APT 1A, 1st STORY, 1st APARTMENT FROM SOUTH AT WEST",2023-02-16,19.0,VIOLATION CLOSED,2025-03-28,Original,Close,N,2023,2023.0,2025-11-23,1426 days,414 days,1,771 days,more than a year
2624,2692,266,3043770001,14,M,,357,WORTMAN,AVENUE,11207,357 WORTMAN AVENUE,266,BOULEVARD,2021-12-28,BROOKLYN,1441,both,15723464,809929,389853.0,3,357,357,359,WORTMAN AVENUE,B,2023-02-15,2023-02-15,04/06/2023,03/23/2023,,,,702.0,8293665.0,"§ 27-2045 ADM CODE REPAIR OR REPLACE THE SMOKE DETECTOR MISSING IN THE ENTIRE APARTMENT LOCATED AT APT 1A, 1st STORY, 1st APARTMENT FROM SOUTH AT WEST",2023-02-16,19.0,VIOLATION CLOSED,2025-03-28,Original,Close,N,2023,2023.0,2025-11-23,1426 days,414 days,1,771 days,more than a year
2625,2693,266,3043770001,14,M,,357,WORTMAN,AVENUE,11207,357 WORTMAN AVENUE,266,BOULEVARD,2021-12-28,BROOKLYN,1441,both,15723465,809929,389853.0,3,357,357,359,WORTMAN AVENUE,C,2023-02-15,2023-02-15,03/19/2023,03/14/2023,,,,568.0,8293668.0,"HMC ADM CODE: § 27-2017.4 ABATE THE INFESTATION CONSISTING OF ROACHES IN THE ENTIRE APARTMENT LOCATED AT APT 1A, 1st STORY, 1st APARTMENT FROM SOUTH AT WEST",2023-02-16,19.0,VIOLATION CLOSED,2025-08-29,Original,Close,N,2023,2023.0,2025-11-23,1426 days,414 days,1,925 days,more than a year
2626,2694,266,3043770001,14,M,,357,WORTMAN,AVENUE,11207,357 WORTMAN AVENUE,266,BOULEVARD,2021-12-28,BROOKLYN,1441,both,15723466,809929,389853.0,3,357,357,359,WORTMAN AVENUE,C,2023-02-15,2023-02-15,03/19/2023,03/14/2023,,,,569.0,8293668.0,"HMC ADM CODE: § 27-2017.4 ABATE THE INFESTATION CONSISTING OF MICE IN THE ENTIRE APARTMENT LOCATED AT APT 1A, 1st STORY, 1st APARTMENT FROM SOUTH AT WEST",2023-02-16,19.0,VIOLATION CLOSED,2025-08-29,Original,Close,N,2023,2023.0,2025-11-23,1426 days,414 days,1,925 days,more than a year
2627,2695,266,3043770001,14,M,,357,WORTMAN,AVENUE,11207,357 WORTMAN AVENUE,266,BOULEVARD,2021-12-28,BROOKLYN,1441,both,15729204,809929,389853.0,3,357,357,359,WORTMAN AVENUE,C,2023-02-15,2023-02-15,03/17/2023,03/12/2023,,,,617.0,8293667.0,"§ 27-2056.6 ADM CODE - CORRECT THE LEAD-BASED PAINT HAZARD - PAINT THAT TESTED POSITIVE FOR LEAD CONTENT AND THAT IS PEELING OR ON A DETERIORATED SUBSURFACE - USING WORK PRACTICES SET FORTH IN 28 RCNY §11-06(B)(2) 1st DOOR FRAME FROM NORTH AT EAST WALL IN THE 4th ROOM FROM EAST AT NORTH LOCATED AT APT 1A, 1st STORY, 1st APARTMENT FROM SOUTH AT WEST",2023-02-16,20.0,DEFECT LETTER ISSUED,2025-03-28,Original,Open,N,2023,2023.0,2025-11-23,1426 days,414 days,1,1011 days,more than a year
2628,2696,266,3043770001,14,M,,357,WORTMAN,AVENUE,11207,357 WORTMAN AVENUE,266,BOULEVARD,2021-12-28,BROOKLYN,1441,both,15729205,809929,389853.0,3,357,357,359,WORTMAN AVENUE,C,2023-02-15,2023-02-15,03/17/2023,03/12/2023,,,,617.0,8293667.0,"§ 27-2056.6 ADM CODE - CORRECT THE LEAD-BASED PAINT HAZARD - PAINT THAT TESTED POSITIVE FOR LEAD CONTENT AND THAT IS PEELING OR ON A DETERIORATED SUBSURFACE - USING WORK PRACTICES SET FORTH IN 28 RCNY §11-06(B)(2) 1st DOOR FRAME FROM WEST AT NORTH WALL, 1st WINDOW FRAME FROM EAST AT SOUTH WALL IN THE KITCHEN LOCATED AT APT 1A, 1st STORY, 1st APARTMENT FROM SOUTH AT WEST",2023-02-16,20.0,DEFECT LETTER ISSUED,2025-03-28,Original,Open,N,2023,2023.0,2025-11-23,1426 days,414 days,1,1011 days,more than a year
2629,2697,266,3043770001,14,M,,357,WORTMAN,AVENUE,11207,357 WORTMAN AVENUE,266,BOULEVARD,2021-12-28,BROOKLYN,1441,both,15729206,809929,389853.0,3,357,357,359,WORTMAN AVENUE,C,2023-02-15,2023-02-15,03/17/2023,03/12/2023,,,,617.0,8293667.0,"§ 27-2056.6 ADM CODE - CORRECT THE LEAD-BASED PAINT HAZARD - PAINT THAT TESTED POSITIVE FOR LEAD CONTENT AND THAT IS PEELING OR ON A DETERIORATED SUBSURFACE - USING WORK PRACTICES SET FORTH IN 28 RCNY §11-06(B)(2) 1st DOOR FRAME FROM NORTH AT EAST WALL IN THE FOYER LOCATED AT APT 1A, 1st STORY, 1st APARTMENT FROM SOUTH AT WEST",2023-02-16,20.0,DEFECT LETTER ISSUED,2025-03-28,Original,Open,N,2023,2023.0,2025-11-23,1426 days,414 days,1,1011 days,more than a year
2630,2698,266,3043770001,14,M,,357,WORTMAN,AVENUE,11207,357 WORTMAN AVENUE,266,BOULEVARD,2021-12-28,BROOKLYN,1441,both,15729207,809929,389853.0,3,357,357,359,WORTMAN AVENUE,C,2023-02-15,2023-02-15,03/17/2023,03/12/2023,,,,624.0,8293667.0,"§ 27-2056.6 ADM CODE - CORRECT THE LEAD-BASED PAINT HAZARD-PAINT THAT IS XRF TESTED INCONCLUSIVE FOR LEAD CONTENT AT 0.5MG/CM2 AND IS PRESUMED LEAD PAINT AS SET FORTH IN (28 RCNY §11-07(b)) AND THAT IS PEELING OR ON A DETERIORATED SUBSURFACE-USING WORK PRACTICES SET FORTH IN 28 RCNY §11-06(b)(2) SOUTH WALL IN THE PRIVATE HALLWAY LOCATED AT APT 1A, 1st STORY, 1st APARTMENT FROM SOUTH AT WEST",2023-02-16,20.0,DEFECT LETTER ISSUED,2025-03-28,Original,Open,N,2023,2023.0,2025-11-23,1426 days,414 days,1,1011 days,more than a year
2631,2699,266,3043770001,14,M,,357,WORTMAN,AVENUE,11207,357 WORTMAN AVENUE,266,BOULEVARD,2021-12-28,BROOKLYN,1441,both,15729208,809929,389853.0,3,357,357,359,WORTMAN AVENUE,C,2023-02-15,2023-02-15,03/17/2023,03/12/2023,,,,617.0,8293667.0,"§ 27-2056.6 ADM CODE - CORRECT THE LEAD-BASED PAINT HAZARD - PAINT THAT TESTED POSITIVE FOR LEAD CONTENT AND THAT IS PEELING OR ON A DETERIORATED SUBSURFACE - USING WORK PRACTICES SET FORTH IN 28 RCNY §11-06(B)(2) SOUTH WALL IN THE 1st ROOM FROM EAST LOCATED AT APT 1A, 1st STORY, 1st APARTMENT FROM SOUTH AT WEST",2023-02-16,20.0,DEFECT LETTER ISSUED,2025-03-28,Original,Open,N,2023,2023.0,2025-11-23,1426 days,414 days,1,1011 days,more than a year
2632,2700,266,3043770001,14,M,,357,WORTMAN,AVENUE,11207,357 WORTMAN AVENUE,266,BOULEVARD,2021-12-28,BROOKLYN,1441,both,15729209,809929,389853.0,3,357,357,359,WORTMAN AVENUE,C,2023-02-15,2023-02-15,03/17/2023,03/12/2023,,,,624.0,8293667.0,"§ 27-2056.6 ADM CODE - CORRECT THE LEAD-BASED PAINT HAZARD-PAINT THAT IS XRF TESTED INCONCLUSIVE FOR LEAD CONTENT AT 0.5MG/CM2 AND IS PRESUMED LEAD PAINT AS SET FORTH IN (28 RCNY §11-07(b)) AND THAT IS PEELING OR ON A DETERIORATED SUBSURFACE-USING WORK PRACTICES SET FORTH IN 28 RCNY §11-06(b)(2) 1st DOOR FRAME FROM WEST AT NORTH WALL IN THE BATHROOM LOCATED AT APT 1A, 1st STORY, 1st APARTMENT FROM SOUTH AT WEST",2023-02-16,20.0,DEFECT LETTER ISSUED,2025-03-28,Original,Open,N,2023,2023.0,2025-11-23,1426 days,414 days,1,1011 days,more than a year
2633,2701,266,3043770001,14,M,,357,WORTMAN,AVENUE,11207,357 WORTMAN AVENUE,266,BOULEVARD,2021-12-28,BROOKLYN,1441,both,15763872,809929,389853.0,3,357,357,359,WORTMAN AVENUE,B,2023-03-08,2023-03-08,04/27/2023,04/13/2023,,,,510.0,8318416.0,§ 27-2005 ADM CODE & 309 M/D LAW ABATE THE NUISANCE CONSISTING OF LOCKED DOORS AT ALL STORIES AT COMPACTOR CLOSET,2023-03-09,19.0,VIOLATION CLOSED,2025-03-28,Original,Close,N,2023,2023.0,2025-11-23,1426 days,435 days,1,750 days,more than a year
2634,2702,266,3043770001,14,M,,357,WORTMAN,AVENUE,11207,357 WORTMAN AVENUE,266,BOULEVARD,2021-12-28,BROOKLYN,1441,both,15775758,809929,389853.0,3,357,357,359,WORTMAN AVENUE,C,2023-03-15,2023-03-15,03/29/2023,03/22/2023,,,,596.0,8340524.0,"§ 27-2026 ADM CODE REPLACE THE BROKEN OR DEFECTIVE AND OR MISSING WATER CLOSET IN THE BATHROOM LOCATED AT APT 1A, 1st STORY, 1st APARTMENT FROM SOUTH AT WEST",2023-03-16,19.0,VIOLATION CLOSED,2025-03-28,Original,Close,Y,2023,2023.0,2025-11-23,1426 days,442 days,1,743 days,more than a year
2635,2703,266,3043770001,14,M,,357,WORTMAN,AVENUE,11207,357 WORTMAN AVENUE,266,BOULEVARD,2021-12-28,BROOKLYN,1441,both,16951648,809929,389853.0,3,357,357,359,WORTMAN AVENUE,B,2024-05-07,2024-05-11,07/01/2024,06/17/2024,,,,522.0,9156396.0,"§ 27-2005, 2007 ADM CODE FIRE EGRESS DEFECTIVE. REMOVE OBSTRUCTING BARS OR UNLAWFUL GATES FROM AT LEAST 1 WINDOW OR PROVIDE APPROVED TYPE GATE .. IN THE ENTIRE APARTMENT LOCATED AT APT 1D, 1st STORY, 1st APARTMENT FROM NORTH AT EAST",2024-05-13,21.0,NOT COMPLIED WITH,2025-03-28,Original,Open,N,2024,2024.0,2025-11-23,1426 days,861 days,2,559 days,more than a year
2636,2704,266,3043770001,14,M,,357,WORTMAN,AVENUE,11207,357 WORTMAN AVENUE,266,BOULEVARD,2021-12-28,BROOKLYN,1441,both,17207434,809929,389853.0,3,357,357,359,WORTMAN AVENUE,B,2024-08-19,2024-08-19,10/08/2024,09/24/2024,,,,529.0,9298594.0,"§ 27-2005 HMC: REFIT DOOR IN THE 5th ROOM FROM NORTH LOCATED AT APT 1F, 1st STORY, 1st APARTMENT FROM EAST AT SOUTH",2024-08-20,19.0,VIOLATION CLOSED,2025-03-28,Original,Close,N,2024,2024.0,2025-11-23,1426 days,965 days,2,220 days,six months to a year
2637,2705,266,3043770001,14,M,,357,WORTMAN,AVENUE,11207,357 WORTMAN AVENUE,266,BOULEVARD,2021-12-28,BROOKLYN,1441,both,17207435,809929,389853.0,3,357,357,359,WORTMAN AVENUE,B,2024-08-19,2024-08-19,10/08/2024,09/24/2024,,,,529.0,9298594.0,"§ 27-2005 HMC: REFIT CLOSET DOOR AT EAST IN THE FOYER LOCATED AT APT 1F, 1st STORY, 1st APARTMENT FROM EAST AT SOUTH",2024-08-20,19.0,VIOLATION CLOSED,2025-03-28,Original,Close,N,2024,2024.0,2025-11-23,1426 days,965 days,2,220 days,six months to a year
2638,2706,266,3043770001,14,M,,357,WORTMAN,AVENUE,11207,357 WORTMAN AVENUE,266,BOULEVARD,2021-12-28,BROOKLYN,1441,both,17453049,809929,389853.0,3,357,357,359,WORTMAN AVENUE,C,2024-11-25,2024-11-28,12/12/2024,12/05/2024,,,01/16/2025,672.0,9477813.0,§ 27-2033 ADM CODE PROVIDE READY ACCESS TO BUILDINGS HEATING SYSTEM LOCKED DOOR AT CELLAR AT BOILER ROOM,2024-11-29,19.0,VIOLATION CLOSED,2025-03-28,Original,Close,N,2024,2024.0,2025-11-23,1426 days,1063 days,2,119 days,three to six months
2639,2707,266,3043770001,14,M,,357,WORTMAN,AVENUE,11207,357 WORTMAN AVENUE,266,BOULEVARD,2021-12-28,BROOKLYN,1441,both,17483848,809929,389853.0,3,357,357,359,WORTMAN AVENUE,C,2024-11-29,2024-11-29,12/15/2024,12/08/2024,,,01/16/2025,672.0,9488433.0,§ 27-2033 ADM CODE PROVIDE READY ACCESS TO BUILDINGS HEATING SYSTEM DOOR TO BOILER ROOM LOCKED AT BASEMENT,2024-12-02,19.0,VIOLATION CLOSED,2025-03-28,Original,Close,N,2024,2024.0,2025-11-23,1426 days,1067 days,2,116 days,three to six months
2640,2708,266,3043770001,14,M,,357,WORTMAN,AVENUE,11207,357 WORTMAN AVENUE,266,BOULEVARD,2021-12-28,BROOKLYN,1441,both,17585517,809929,389853.0,3,357,357,359,WORTMAN AVENUE,C,2024-12-29,2024-12-29,01/12/2025,01/05/2025,,,,672.0,9557606.0,§ 27-2033 ADM CODE PROVIDE READY ACCESS TO BUILDINGS HEATING SYSTEM DOOR LOCKED AT CELLAR AT BOILER ROOM,2024-12-30,19.0,VIOLATION CLOSED,2025-03-28,Original,Close,N,2024,2024.0,2025-11-23,1426 days,1097 days,3,88 days,one to three months
2641,2709,266,3043770001,14,M,,357,WORTMAN,AVENUE,11207,357 WORTMAN AVENUE,266,BOULEVARD,2021-12-28,BROOKLYN,1441,both,16951647,809929,389853.0,3,357,357,359,WORTMAN AVENUE,C,2024-05-07,2024-05-11,05/26/2024,05/19/2024,,,,649.0,9156397.0,"§ 27-2026 ADM CODE REMOVE ALL OBSTRUCTIONS AND REPAIR ALL DEFECTS IN WASTELINE AT THE BATHTUB IN THE BATHROOM LOCATED AT APT 1D, 1st STORY, 1st APARTMENT FROM NORTH AT EAST",2024-05-13,21.0,NOT COMPLIED WITH,2025-03-28,Original,Open,Y,2024,2024.0,2025-11-23,1426 days,861 days,2,559 days,more than a year
2642,2710,266,3043770001,14,M,,357,WORTMAN,AVENUE,11207,357 WORTMAN AVENUE,266,BOULEVARD,2021-12-28,BROOKLYN,1441,both,17616213,809929,389853.0,3,357,357,359,WORTMAN AVENUE,C,2025-01-12,2025-01-13,02/02/2025,01/28/2025,,,02/14/2025,530.0,9579289.0,"§ 27-2005, 27-2007, 27-2041.1 HMC, §238, § 309; § 107 (2) ( C) MDL AND 28 RCNY §25-171: REPLACE OR REPAIR THE SELF-CLOSING DOORS THAT IS MISSING OR DEFECTIVE LATCH AT BUILDING ENTRANCE DOOR , 1st STORY",2025-01-14,19.0,VIOLATION CLOSED,2025-03-28,Original,Close,N,2025,2025.0,2025-11-23,1426 days,1111 days,3,73 days,one to three months
2643,2711,267,3043770001,15,M,,756,STANLEY,AVENUE,11207,756 STANLEY AVENUE,266,BOULEVARD,2021-12-28,BROOKLYN,1441,both,15291205,809555,389856.0,3,756,756,772,STANLEY AVENUE,A,2022-08-03,2022-08-07,11/25/2022,11/11/2022,,,,550.0,7998074.0,"§ 27-2017.3 HMC: TRACE AND REPAIR THE SOURCE AND ABATE THE VISIBLE MOLD CONDITION... APPROX 2 SQFT AT CEILING IN THE BATHROOM LOCATED AT APT 1C, 1st STORY, 1st APARTMENT FROM WEST AT NORTH",2022-08-08,19.0,VIOLATION CLOSED,2022-12-06,Original,Close,N,2022,2022.0,2025-11-23,1426 days,218 days,0,120 days,three to six months
2644,2712,267,3043770001,15,M,,756,STANLEY,AVENUE,11207,756 STANLEY AVENUE,266,BOULEVARD,2021-12-28,BROOKLYN,1441,both,16076202,809555,389856.0,3,756,756,772,STANLEY AVENUE,B,2023-07-04,2023-07-04,08/23/2023,08/09/2023,,,08/21/2023,583.0,8547362.0,"§ 27-2026, 2027 HMC: PROPERLY REPAIR THE SOURCE AND ABATE THE EVIDENCE OF A WATER LEAK AT CEILING IN THE BATHROOM LOCATED AT APT 1B, 1st STORY, 2nd APARTMENT FROM NORTH AT EAST",2023-07-05,9.0,VIOLATION DISMISSED,2023-11-01,Original,Close,N,2023,2023.0,2025-11-23,1426 days,553 days,1,119 days,three to six months
2645,2713,267,3043770001,15,M,,756,STANLEY,AVENUE,11207,756 STANLEY AVENUE,266,BOULEVARD,2021-12-28,BROOKLYN,1441,both,17240342,809555,389856.0,3,756,756,772,STANLEY AVENUE,B,2024-09-02,2024-09-02,10/22/2024,10/08/2024,,,,571.0,9318140.0,"§ 27-2021 ADM CODE PROVIDE SUFFICIENT, PROPER AND SEPARATE METAL RECEPTACLES FOR THE DEPOSIT OF GARBAGE, RUBBISH AND OTHER WASTE MATERIAL AND ARRANGE FOR COLLECTION AND DISPOSAL OF SUCH MATERIAL.",2024-09-03,19.0,VIOLATION CLOSED,2025-04-16,Original,Close,N,2024,2024.0,2025-11-23,1426 days,979 days,2,225 days,six months to a year
2646,2714,267,3043770001,15,M,,756,STANLEY,AVENUE,11207,756 STANLEY AVENUE,266,BOULEVARD,2021-12-28,BROOKLYN,1441,both,15007582,809555,389856.0,3,756,756,772,STANLEY AVENUE,A,2022-03-08,2022-03-08,06/25/2022,06/11/2022,,,,1507.0,7794556.0,"(A) § HMC:FILE ANNUAL BEDBUG REPORT IN ACCORDANCE WITH HPD RULE AS DESCRIBED ON THE BACK OF THIS NOTICE OF VIOLATION OR AS DESCRIBED ON HPDS WEBSITE, WWW.NYC.GOV\HPD, SEARCH BED BUGS.",2022-03-08,9.0,VIOLATION DISMISSED,2022-07-25,Original,Close,N,2022,2022.0,2025-11-23,1426 days,70 days,0,139 days,three to six months
2647,2715,267,3043770001,15,M,,756,STANLEY,AVENUE,11207,756 STANLEY AVENUE,266,BOULEVARD,2021-12-28,BROOKLYN,1441,both,15135439,809555,389856.0,3,756,756,772,STANLEY AVENUE,C,2022-04-26,2022-04-27,05/11/2022,05/04/2022,,,,583.0,7890983.0,"§ 27-2026, 2027 HMC: PROPERLY REPAIR THE SOURCE AND ABATE THE EVIDENCE OF A WATER LEAK AT THE WEST WALL IN THE 4th ROOM FROM EAST LOCATED AT APT 6A, 6th STORY, 1st APARTMENT FROM NORTH AT EAST , SECTION ''758''",2022-04-28,19.0,VIOLATION CLOSED,2022-06-09,Original,Close,N,2022,2022.0,2025-11-23,1426 days,119 days,0,42 days,one to three months
2648,2716,267,3043770001,15,M,,756,STANLEY,AVENUE,11207,756 STANLEY AVENUE,266,BOULEVARD,2021-12-28,BROOKLYN,1441,both,15881712,809555,389856.0,3,756,756,772,STANLEY AVENUE,A,2023-03-29,2023-03-29,07/16/2023,07/02/2023,,,,1507.0,8417298.0,"(A) § HMC:FILE ANNUAL BEDBUG REPORT IN ACCORDANCE WITH HPD RULE AS DESCRIBED ON THE BACK OF THIS NOTICE OF VIOLATION OR AS DESCRIBED ON HPDS WEBSITE, WWW.NYC.GOV\HPD, SEARCH BED BUGS.",2023-03-29,9.0,VIOLATION DISMISSED,2023-12-04,Original,Close,N,2023,2023.0,2025-11-23,1426 days,456 days,1,250 days,six months to a year
2649,2717,267,3043770001,15,M,,756,STANLEY,AVENUE,11207,756 STANLEY AVENUE,266,BOULEVARD,2021-12-28,BROOKLYN,1441,both,18304769,809555,389856.0,3,756,756,772,STANLEY AVENUE,C,2025-10-17,2025-10-17,11/20/2025,11/15/2025,,,11/13/2025,568.0,10042851.0,"HMC ADM CODE: § 27-2017.4 ABATE THE INFESTATION CONSISTING OF ROACHES IN THE ENTIRE APARTMENT LOCATED AT APT 6F, 6th STORY, 2nd APARTMENT FROM SOUTH AT WEST",2025-10-20,10.0,CIV14 MAILED,2025-11-14,Original,Open,N,2025,2025.0,2025-11-23,1426 days,1389 days,3,34 days,one to three months
2650,2718,267,3043770001,15,M,,756,STANLEY,AVENUE,11207,756 STANLEY AVENUE,266,BOULEVARD,2021-12-28,BROOKLYN,1441,both,15600986,809555,389856.0,3,756,756,772,STANLEY AVENUE,B,2022-08-03,2022-12-06,01/24/2023,01/10/2023,,,,550.0,8210149.0,"§ 27-2017.3 HMC: TRACE AND REPAIR THE SOURCE AND ABATE THE VISIBLE MOLD CONDITION... APPROX 2 SQFT AT CEILING IN THE BATHROOM LOCATED AT APT 1C, 1st STORY, 1st APARTMENT FROM WEST AT NORTH ORIGINAL VIOLATION 15291205 ISSUED 03-AUG-22 HAS BEEN UPGRADED TO CLASS B PER ADMINISTRATIVE CODE §27-2017.3a(3)(a) or (b).",2022-12-06,19.0,VIOLATION CLOSED,2025-08-14,Original,Close,N,2022,2022.0,2025-11-23,1426 days,218 days,0,982 days,more than a year
2651,2719,267,3043770001,15,M,,756,STANLEY,AVENUE,11207,756 STANLEY AVENUE,266,BOULEVARD,2021-12-28,BROOKLYN,1441,both,15291203,809555,389856.0,3,756,756,772,STANLEY AVENUE,B,2022-08-03,2022-08-07,09/26/2022,09/12/2022,,,,583.0,7998075.0,"§ 27-2026, 2027 HMC: PROPERLY REPAIR THE SOURCE AND ABATE THE EVIDENCE OF A WATER LEAK AT CEILING IN THE BATHROOM LOCATED AT APT 1C, 1st STORY, 1st APARTMENT FROM WEST AT NORTH",2022-08-08,19.0,VIOLATION CLOSED,2025-04-16,Original,Close,N,2022,2022.0,2025-11-23,1426 days,218 days,0,982 days,more than a year
2652,2720,267,3043770001,15,M,,756,STANLEY,AVENUE,11207,756 STANLEY AVENUE,266,BOULEVARD,2021-12-28,BROOKLYN,1441,both,15291204,809555,389856.0,3,756,756,772,STANLEY AVENUE,B,2022-08-03,2022-08-07,09/26/2022,09/12/2022,,,,508.0,7998075.0,"§ 27-2005 ADM CODE REPAIR THE BROKEN OR DEFECTIVE PLASTERED SURFACES AND PAINT IN A UNIFORM COLOR AT CEILING IN THE BATHROOM LOCATED AT APT 1C, 1st STORY, 1st APARTMENT FROM WEST AT NORTH",2022-08-08,19.0,VIOLATION CLOSED,2025-04-16,Original,Close,N,2022,2022.0,2025-11-23,1426 days,218 days,0,982 days,more than a year
2653,2721,267,3043770001,15,M,,756,STANLEY,AVENUE,11207,756 STANLEY AVENUE,266,BOULEVARD,2021-12-28,BROOKLYN,1441,both,15347134,809555,389856.0,3,756,756,772,STANLEY AVENUE,B,2022-09-05,2022-09-06,10/26/2022,10/12/2022,,,,702.0,8029169.0,"§ 27-2045 ADM CODE REPAIR OR REPLACE THE SMOKE DETECTOR THAT IS DEFECTIVE IN THE ENTIRE APARTMENT LOCATED AT APT 1C, 1st STORY, 1st APARTMENT FROM NORTH AT EAST",2022-09-07,19.0,VIOLATION CLOSED,2025-04-16,Original,Close,N,2022,2022.0,2025-11-23,1426 days,251 days,0,952 days,more than a year
2654,2722,267,3043770001,15,M,,756,STANLEY,AVENUE,11207,756 STANLEY AVENUE,266,BOULEVARD,2021-12-28,BROOKLYN,1441,both,15347135,809555,389856.0,3,756,756,772,STANLEY AVENUE,B,2022-09-05,2022-09-06,10/26/2022,10/12/2022,,,,1503.0,8029169.0,"§ 27-2046.1 HMC: REPAIR OR REPLACE THE CARBON MONOXIDE DETECTING DEVICE(S). THAT IS DEFECTIVE IN THE ENTIRE APARTMENT LOCATED AT APT 1C, 1st STORY, 1st APARTMENT FROM NORTH AT EAST",2022-09-07,19.0,VIOLATION CLOSED,2025-04-16,Original,Close,N,2022,2022.0,2025-11-23,1426 days,251 days,0,952 days,more than a year
2655,2723,267,3043770001,15,M,,756,STANLEY,AVENUE,11207,756 STANLEY AVENUE,266,BOULEVARD,2021-12-28,BROOKLYN,1441,both,15347136,809555,389856.0,3,756,756,772,STANLEY AVENUE,C,2022-09-05,2022-09-06,10/08/2022,10/03/2022,,,,568.0,8029170.0,"HMC ADM CODE: § 27-2017.4 ABATE THE INFESTATION CONSISTING OF ROACHES IN THE ENTIRE APARTMENT LOCATED AT APT 1C, 1st STORY, 1st APARTMENT FROM NORTH AT EAST",2022-09-07,21.0,NOT COMPLIED WITH,2025-04-16,Original,Open,N,2022,2022.0,2025-11-23,1426 days,251 days,0,1173 days,more than a year
2656,2724,267,3043770001,15,M,,756,STANLEY,AVENUE,11207,756 STANLEY AVENUE,266,BOULEVARD,2021-12-28,BROOKLYN,1441,both,15960326,809555,389856.0,3,756,756,772,STANLEY AVENUE,B,2023-05-01,2023-05-03,06/22/2023,06/08/2023,,,,508.0,8474128.0,"§ 27-2005 ADM CODE REPAIR THE BROKEN OR DEFECTIVE PLASTERED SURFACES AND PAINT IN A UNIFORM COLOR AT CEILING AND ALL WALLS IN THE BATHROOM LOCATED AT APT 1C, 1st STORY",2023-05-04,19.0,VIOLATION CLOSED,2025-04-16,Original,Close,N,2023,2023.0,2025-11-23,1426 days,489 days,1,713 days,more than a year
2657,2725,267,3043770001,15,M,,756,STANLEY,AVENUE,11207,756 STANLEY AVENUE,266,BOULEVARD,2021-12-28,BROOKLYN,1441,both,15960341,809555,389856.0,3,756,756,772,STANLEY AVENUE,A,2023-05-01,2023-05-03,08/21/2023,08/07/2023,,,,692.0,8474127.0,"§ 27-2043 ADM CODE PROVIDE A LOCK AND KEY TO THE ENTRANCE DOOR OF DWELLING UNIT AND, IF A CL A MULTIPLE DWELLING, ALSO CHAIN GUARD IN THE ENTRANCE LOCATED AT APT 1C, 1st STORY",2023-05-04,19.0,VIOLATION CLOSED,2025-04-16,Original,Close,N,2023,2023.0,2025-11-23,1426 days,489 days,1,713 days,more than a year
2658,2726,267,3043770001,15,M,,756,STANLEY,AVENUE,11207,756 STANLEY AVENUE,266,BOULEVARD,2021-12-28,BROOKLYN,1441,both,15135430,809555,389856.0,3,756,756,772,STANLEY AVENUE,A,2022-04-26,2022-04-27,08/15/2022,08/01/2022,,,,556.0,7890981.0,"§ 27-2013 ADM CODE PAINT WITH LIGHT COLORED PAINT TO THE SATISFACTION OF THIS DEPARTMENT ALL WALLS AND CEILING IN THE ENTIRE APARTMENT LOCATED AT APT 6A, 6th STORY, 1st APARTMENT FROM NORTH AT EAST , SECTION ''758''",2022-04-28,19.0,VIOLATION CLOSED,2025-04-23,Original,Close,N,2022,2022.0,2025-11-23,1426 days,119 days,0,1091 days,more than a year
2659,2727,267,3043770001,15,M,,756,STANLEY,AVENUE,11207,756 STANLEY AVENUE,266,BOULEVARD,2021-12-28,BROOKLYN,1441,both,15135437,809555,389856.0,3,756,756,772,STANLEY AVENUE,B,2022-04-26,2022-04-27,06/16/2022,06/02/2022,,,,501.0,7890982.0,"§ 27-2005 ADM CODE PROPERLY REPAIR THE BROKEN OR DEFECTIVE LOWER CABINET DOOR AT THE WEST WALL IN THE KITCHEN LOCATED AT APT 6A, 6th STORY, 1st APARTMENT FROM NORTH AT EAST , SECTION ''758''",2022-04-28,19.0,VIOLATION CLOSED,2025-04-23,Original,Close,N,2022,2022.0,2025-11-23,1426 days,119 days,0,1091 days,more than a year
2660,2728,267,3043770001,15,M,,756,STANLEY,AVENUE,11207,756 STANLEY AVENUE,266,BOULEVARD,2021-12-28,BROOKLYN,1441,both,15135441,809555,389856.0,3,756,756,772,STANLEY AVENUE,B,2022-04-26,2022-04-27,06/16/2022,06/02/2022,,,,505.0,7890982.0,"§ 27-2005 ADM CODE REPLACE WITH NEW THE BROKEN OR DEFECTIVE CERAMIC FLOOR TILE APPROX 6 SQ FT IN THE BATHROOM LOCATED AT APT 6A, 6th STORY, 1st APARTMENT FROM NORTH AT EAST , SECTION ''758''",2022-04-28,19.0,VIOLATION CLOSED,2025-04-23,Original,Close,N,2022,2022.0,2025-11-23,1426 days,119 days,0,1091 days,more than a year
2661,2729,271,3043770001,16,M,,361,WORTMAN,AVENUE,11207,361 WORTMAN AVENUE,266,BOULEVARD,2021-12-28,BROOKLYN,1441,both,15939736,809930,389857.0,3,361,361,363,WORTMAN AVENUE,C,2023-04-25,2023-05-03,05/17/2023,05/10/2023,,,,501.0,8474142.0,"§ 27-2005 HMC: PROPERLY REPAIR OR REPLACE THE BROKEN OR DEFECTIVE WIRE GLASS AT PANE ,FIRE STAIRS DOOR , EAST WALL, AT PUBLIC HALL, 4th STORY",2023-05-04,19.0,VIOLATION CLOSED,2023-06-15,Original,Close,N,2023,2023.0,2025-11-23,1426 days,483 days,1,42 days,one to three months
2662,2730,271,3043770001,16,M,,361,WORTMAN,AVENUE,11207,361 WORTMAN AVENUE,266,BOULEVARD,2021-12-28,BROOKLYN,1441,both,15939738,809930,389857.0,3,361,361,363,WORTMAN AVENUE,B,2023-04-25,2023-05-03,06/22/2023,06/08/2023,,,08/12/2024,538.0,8474141.0,"§ 27-2005, 2007 ADM CODE REMOVE ALL ENCUMBRANCES CONSISTING OF THE STORAGE OF CARD BOARD BOXES AT LANDING TO FIRE STAIRS AT PUBLIC HALL, 4th STORY",2023-05-04,19.0,VIOLATION CLOSED,2024-09-20,Original,Close,Y,2023,2023.0,2025-11-23,1426 days,483 days,1,505 days,more than a year
2663,2731,271,3043770001,16,M,,361,WORTMAN,AVENUE,11207,361 WORTMAN AVENUE,266,BOULEVARD,2021-12-28,BROOKLYN,1441,both,15939739,809930,389857.0,3,361,361,363,WORTMAN AVENUE,C,2023-04-25,2023-05-03,05/23/2023,05/18/2023,,,,530.0,8474143.0,"§ 27-2005, 27-2007, 27-2041.1 HMC, §238, § 309; § 107 (2) ( C) MDL AND 28 RCNY §25-171: REPLACE OR REPAIR THE SELF-CLOSING DOORS THAT IS MISSING OR DEFECTIVE HOPPER DOOR TO, CHUTE COMPACTOR , EAST WALL, AT PUBLIC HALL, 4th STORY",2023-05-04,19.0,VIOLATION CLOSED,2024-02-03,Original,Close,N,2023,2023.0,2025-11-23,1426 days,483 days,1,275 days,six months to a year
2664,2732,271,3043770001,16,M,,361,WORTMAN,AVENUE,11207,361 WORTMAN AVENUE,266,BOULEVARD,2021-12-28,BROOKLYN,1441,both,17012081,809930,389857.0,3,361,361,363,WORTMAN AVENUE,A,2024-05-30,2024-05-31,09/20/2024,09/06/2024,,,09/13/2024,484.0,9186808.0,"§ 329, M/D LAW AND DEPT. RULES AND REGS. PROVIDE A COMPLETED CERTIFICATE OF INSPECTION VISITS IN A PROPER FRAME AT OR NEAR MAILBOXES, BOTTOM EDGE OF FRAME BETWEEN 48-62 INCHES ABOVE FLOOR MISSING FRAME AT PUBLIC HALL, 1st STORY",2024-06-03,19.0,VIOLATION CLOSED,2024-09-20,Original,Close,N,2024,2024.0,2025-11-23,1426 days,884 days,2,109 days,three to six months
2665,2733,271,3043770001,16,M,,361,WORTMAN,AVENUE,11207,361 WORTMAN AVENUE,266,BOULEVARD,2021-12-28,BROOKLYN,1441,both,17020618,809930,389857.0,3,361,361,363,WORTMAN AVENUE,A,2024-06-03,2024-06-03,09/21/2024,09/07/2024,,,08/12/2024,778.0,9188932.0,"§ 27-2104 ADM CODE POST AND MAINTAIN A PROPER SIGN ON WALL OF ENTRANCE STORY SHOWING THE REGISTRATION NUMBER ASSIGNED BY THE DEPARTMENT AND THE ADDRESS OF THE BUILDING. AT PUBLIC HALL, 1st STORY",2024-06-04,19.0,VIOLATION CLOSED,2024-09-20,Original,Close,N,2024,2024.0,2025-11-23,1426 days,888 days,2,108 days,three to six months
2666,2734,271,3043770001,16,M,,361,WORTMAN,AVENUE,11207,361 WORTMAN AVENUE,266,BOULEVARD,2021-12-28,BROOKLYN,1441,both,17020623,809930,389857.0,3,361,361,363,WORTMAN AVENUE,B,2024-06-03,2024-06-03,07/23/2024,07/09/2024,,,,501.0,9188933.0,"§ 27-2005 HMC: PROPERLY REPAIR OR REPLACE THE BROKEN OR DEFECTIVE LATCH AT BUILDING ENTRANCE DOOR , 1st STORY",2024-06-04,19.0,VIOLATION CLOSED,2024-09-20,Original,Close,N,2024,2024.0,2025-11-23,1426 days,888 days,2,108 days,three to six months
2667,2735,271,3043770001,16,M,,361,WORTMAN,AVENUE,11207,361 WORTMAN AVENUE,266,BOULEVARD,2021-12-28,BROOKLYN,1441,both,17012075,809930,389857.0,3,361,361,363,WORTMAN AVENUE,A,2024-05-30,2024-05-31,09/20/2024,09/06/2024,,,08/12/2024,500.0,9186808.0,"§ 26-1103 ADMIN. CODE: POST AND MAINTAIN A PROPER NOTICE ON WALL OF THE ENTRANCE STORY IN ENGLISH AND SPANISH ON THE AVAILABILITY OF THE AGENCYS HOUSING INFORMATION GUIDE. A SAMPLE NOTICE CAN BE FOUND AT WWW.NYC.GOV/HPD. AT PUBLIC HALL, 1st STORY",2024-06-03,19.0,VIOLATION CLOSED,2024-09-20,Original,Close,N,2024,2024.0,2025-11-23,1426 days,884 days,2,109 days,three to six months
2668,2736,271,3043770001,16,M,,361,WORTMAN,AVENUE,11207,361 WORTMAN AVENUE,266,BOULEVARD,2021-12-28,BROOKLYN,1441,both,17020622,809930,389857.0,3,361,361,363,WORTMAN AVENUE,C,2024-06-03,2024-06-03,06/23/2024,06/18/2024,,,,530.0,9188935.0,"§ 27-2005, 27-2007, 27-2041.1 HMC, §238, § 309; § 107 (2) ( C) MDL AND 28 RCNY §25-171: REPLACE OR REPAIR THE SELF-CLOSING DOORS THAT IS MISSING OR DEFECTIVE LATCH AT BUILDING ENTRANCE DOOR , 1st STORY",2024-06-04,19.0,VIOLATION CLOSED,2024-08-08,Original,Close,N,2024,2024.0,2025-11-23,1426 days,888 days,2,65 days,one to three months
2669,2737,271,3043770001,16,M,,361,WORTMAN,AVENUE,11207,361 WORTMAN AVENUE,266,BOULEVARD,2021-12-28,BROOKLYN,1441,both,17020615,809930,389857.0,3,361,361,363,WORTMAN AVENUE,A,2024-06-03,2024-06-03,09/21/2024,09/07/2024,,,08/12/2024,1501.0,9188932.0,"§ 27-2046.1 HMC: POST A PROPER NOTICE OF CARBON MONOXIDE DETECTING DEVICE REQUIREMENTS, IN A FORM APPROVED BY THE COMMISSIONER, IN A COMMON AREA OF A CLASS A MULTIPLE DWELLING NEAR INSPECTION CERTIFICATE OR PROVIDE NOTICE TO TENANTS IN A PRIVATE DWELLING.",2024-06-04,19.0,VIOLATION CLOSED,2024-09-20,Original,Close,N,2024,2024.0,2025-11-23,1426 days,888 days,2,108 days,three to six months
2670,2738,271,3043770001,16,M,,361,WORTMAN,AVENUE,11207,361 WORTMAN AVENUE,266,BOULEVARD,2021-12-28,BROOKLYN,1441,both,17020616,809930,389857.0,3,361,361,363,WORTMAN AVENUE,A,2024-06-03,2024-06-03,09/21/2024,09/07/2024,,,08/12/2024,700.0,9188932.0,"§ 27-2045 ADM CODE POST A PROPER NOTICE OF SMOKE DETECTOR REQUIREMENTS, IN A FORM APPROVED BY THE COMMISSIONER, AT OR NEAR THE MAIL BOX MISSING AT PUBLIC HALL, 1st STORY",2024-06-04,19.0,VIOLATION CLOSED,2024-09-20,Original,Close,N,2024,2024.0,2025-11-23,1426 days,888 days,2,108 days,three to six months
2671,2739,271,3043770001,16,M,,361,WORTMAN,AVENUE,11207,361 WORTMAN AVENUE,266,BOULEVARD,2021-12-28,BROOKLYN,1441,both,15881725,809930,389857.0,3,361,361,363,WORTMAN AVENUE,A,2023-03-29,2023-03-29,07/16/2023,07/02/2023,,,,1507.0,8417379.0,"(A) § HMC:FILE ANNUAL BEDBUG REPORT IN ACCORDANCE WITH HPD RULE AS DESCRIBED ON THE BACK OF THIS NOTICE OF VIOLATION OR AS DESCRIBED ON HPDS WEBSITE, WWW.NYC.GOV\HPD, SEARCH BED BUGS.",2023-03-29,9.0,VIOLATION DISMISSED,2023-12-04,Original,Close,N,2023,2023.0,2025-11-23,1426 days,456 days,1,250 days,six months to a year
2672,2740,271,3043770001,16,M,,361,WORTMAN,AVENUE,11207,361 WORTMAN AVENUE,266,BOULEVARD,2021-12-28,BROOKLYN,1441,both,15939737,809930,389857.0,3,361,361,363,WORTMAN AVENUE,C,2023-04-25,2023-05-03,05/23/2023,05/18/2023,,,,530.0,8474143.0,"§ 27-2005, 27-2007, 27-2041.1 HMC, §238, § 309; § 107 (2) ( C) MDL AND 28 RCNY §25-171: REPLACE OR REPAIR THE SELF-CLOSING DOORS THAT IS MISSING OR DEFECTIVE REPAIR OR REPLACE UNDERSIZED FIRE DOOR, AT FIRE STAIRS AT PUBLIC HALL, 4th STORY",2023-05-04,19.0,VIOLATION CLOSED,2023-06-15,Original,Close,N,2023,2023.0,2025-11-23,1426 days,483 days,1,42 days,one to three months
2673,2741,271,3043770001,16,M,,361,WORTMAN,AVENUE,11207,361 WORTMAN AVENUE,266,BOULEVARD,2021-12-28,BROOKLYN,1441,both,17012076,809930,389857.0,3,361,361,363,WORTMAN AVENUE,A,2024-05-30,2024-05-31,09/20/2024,09/06/2024,,,08/12/2024,700.0,9186808.0,"§ 27-2045 ADM CODE POST A PROPER NOTICE OF SMOKE DETECTOR REQUIREMENTS, IN A FORM APPROVED BY THE COMMISSIONER, AT OR NEAR THE MAIL BOX AT PUBLIC HALL, 1st STORY",2024-06-03,19.0,VIOLATION CLOSED,2024-09-20,Original,Close,N,2024,2024.0,2025-11-23,1426 days,884 days,2,109 days,three to six months
2674,2742,271,3043770001,16,M,,361,WORTMAN,AVENUE,11207,361 WORTMAN AVENUE,266,BOULEVARD,2021-12-28,BROOKLYN,1441,both,17012077,809930,389857.0,3,361,361,363,WORTMAN AVENUE,A,2024-05-30,2024-05-31,09/20/2024,09/06/2024,,,08/12/2024,1501.0,9186808.0,"§ 27-2046.1 HMC: POST A PROPER NOTICE OF CARBON MONOXIDE DETECTING DEVICE REQUIREMENTS, IN A FORM APPROVED BY THE COMMISSIONER, IN A COMMON AREA OF A CLASS A MULTIPLE DWELLING NEAR INSPECTION CERTIFICATE OR PROVIDE NOTICE TO TENANTS IN A PRIVATE DWELLING.",2024-06-03,19.0,VIOLATION CLOSED,2024-09-20,Original,Close,N,2024,2024.0,2025-11-23,1426 days,884 days,2,109 days,three to six months
2675,2743,271,3043770001,16,M,,361,WORTMAN,AVENUE,11207,361 WORTMAN AVENUE,266,BOULEVARD,2021-12-28,BROOKLYN,1441,both,17012078,809930,389857.0,3,361,361,363,WORTMAN AVENUE,A,2024-05-30,2024-05-31,09/20/2024,09/06/2024,,,08/12/2024,1506.0,9186808.0,"§ 27-2005 HMC: POST, IN A FORM APPROVED BY THE COMMISSIONER, AND MAINTAIN A NOTICE IN A COMMON AREA OF THE BUILDING REGARDING THE PROCEDURES THAT SHOULD BE FOLLOWED WHEN A GAS LEAK IS SUSPECTED AT PUBLIC HALL, 1st STORY",2024-06-03,19.0,VIOLATION CLOSED,2024-09-20,Original,Close,N,2024,2024.0,2025-11-23,1426 days,884 days,2,109 days,three to six months
2676,2744,271,3043770001,16,M,,361,WORTMAN,AVENUE,11207,361 WORTMAN AVENUE,266,BOULEVARD,2021-12-28,BROOKLYN,1441,both,17012079,809930,389857.0,3,361,361,363,WORTMAN AVENUE,C,2024-05-30,2024-05-31,06/16/2024,06/09/2024,,,08/12/2024,671.0,9186809.0,"§ 27-2033 ADM CODE POST NOTICE, IN FORM APPROVED BY THE DEPARTMENT, STATING THE NAME AND LOCATION OF THE PERSON DESIGNATED BY THE OWNER TO HAVE KEY TO BUILDINGS HEATING SYSTEM AT PUBLIC HALL, 1st STORY",2024-06-03,19.0,VIOLATION CLOSED,2024-09-20,Original,Close,N,2024,2024.0,2025-11-23,1426 days,884 days,2,109 days,three to six months
2677,2745,271,3043770001,16,M,,361,WORTMAN,AVENUE,11207,361 WORTMAN AVENUE,266,BOULEVARD,2021-12-28,BROOKLYN,1441,both,17012080,809930,389857.0,3,361,361,363,WORTMAN AVENUE,A,2024-05-30,2024-05-31,09/20/2024,09/06/2024,,,08/12/2024,778.0,9186808.0,"§ 27-2104 ADM CODE POST AND MAINTAIN A PROPER SIGN ON WALL OF ENTRANCE STORY SHOWING THE REGISTRATION NUMBER ASSIGNED BY THE DEPARTMENT AND THE ADDRESS OF THE BUILDING. AT PUBLIC HALL, 1st STORY",2024-06-03,19.0,VIOLATION CLOSED,2024-09-20,Original,Close,N,2024,2024.0,2025-11-23,1426 days,884 days,2,109 days,three to six months
2678,2746,271,3043770001,16,M,,361,WORTMAN,AVENUE,11207,361 WORTMAN AVENUE,266,BOULEVARD,2021-12-28,BROOKLYN,1441,both,17012082,809930,389857.0,3,361,361,363,WORTMAN AVENUE,C,2024-05-30,2024-05-31,06/22/2024,06/17/2024,,,,530.0,9186810.0,"§ 27-2005, 27-2007, 27-2041.1 HMC, §238, § 309; § 107 (2) ( C) MDL AND 28 RCNY §25-171: REPLACE OR REPAIR THE SELF-CLOSING DOORS THAT IS MISSING OR DEFECTIVE DOOR AND DOORFRAME BINDING AT THE ENTRANCE TO THE BUILDING",2024-06-03,19.0,VIOLATION CLOSED,2024-12-18,Original,Close,N,2024,2024.0,2025-11-23,1426 days,884 days,2,198 days,six months to a year
2679,2747,271,3043770001,16,M,,361,WORTMAN,AVENUE,11207,361 WORTMAN AVENUE,266,BOULEVARD,2021-12-28,BROOKLYN,1441,both,17020617,809930,389857.0,3,361,361,363,WORTMAN AVENUE,C,2024-06-03,2024-06-03,06/17/2024,06/10/2024,,,08/12/2024,671.0,9188934.0,"§ 27-2033 ADM CODE POST NOTICE, IN FORM APPROVED BY THE DEPARTMENT, STATING THE NAME AND LOCATION OF THE PERSON DESIGNATED BY THE OWNER TO HAVE KEY TO BUILDINGS HEATING SYSTEM MISSING AT PUBLIC HALL, 1st STORY",2024-06-04,19.0,VIOLATION CLOSED,2024-09-20,Original,Close,N,2024,2024.0,2025-11-23,1426 days,888 days,2,108 days,three to six months
2680,2748,271,3043770001,16,M,,361,WORTMAN,AVENUE,11207,361 WORTMAN AVENUE,266,BOULEVARD,2021-12-28,BROOKLYN,1441,both,17020621,809930,389857.0,3,361,361,363,WORTMAN AVENUE,A,2024-06-03,2024-06-03,09/21/2024,09/07/2024,,,08/12/2024,1506.0,9188932.0,"§ 27-2005 HMC: POST, IN A FORM APPROVED BY THE COMMISSIONER, AND MAINTAIN A NOTICE IN A COMMON AREA OF THE BUILDING REGARDING THE PROCEDURES THAT SHOULD BE FOLLOWED WHEN A GAS LEAK IS SUSPECTED AT PUBLIC HALL",2024-06-04,19.0,VIOLATION CLOSED,2024-09-20,Original,Close,N,2024,2024.0,2025-11-23,1426 days,888 days,2,108 days,three to six months
2681,2749,271,3043770001,16,M,,361,WORTMAN,AVENUE,11207,361 WORTMAN AVENUE,266,BOULEVARD,2021-12-28,BROOKLYN,1441,both,15730622,809930,389857.0,3,361,361,363,WORTMAN AVENUE,C,2023-02-18,2023-02-19,03/12/2023,03/07/2023,,,,530.0,8298219.0,"§ 27-2005, 27-2007, 27-2041.1 HMC: REPLACE OR REPAIR THE SELF-CLOSING DOORS THAT IS MISSING OR DEFECTIVE AT NORTH AT PUBLIC HALL, 2nd STORY",2023-02-21,19.0,VIOLATION CLOSED,2023-06-15,Original,Close,N,2023,2023.0,2025-11-23,1426 days,417 days,1,114 days,three to six months
2682,2750,271,3043770001,16,M,,361,WORTMAN,AVENUE,11207,361 WORTMAN AVENUE,266,BOULEVARD,2021-12-28,BROOKLYN,1441,both,17020619,809930,389857.0,3,361,361,363,WORTMAN AVENUE,A,2024-06-03,2024-06-03,09/21/2024,09/07/2024,,,08/23/2024,484.0,9188932.0,"§ 329, M/D LAW AND DEPT. RULES AND REGS. PROVIDE A COMPLETED CERTIFICATE OF INSPECTION VISITS IN A PROPER FRAME AT OR NEAR MAILBOXES, BOTTOM EDGE OF FRAME BETWEEN 48-62 INCHES ABOVE FLOOR MISSING AT PUBLIC HALL, 1st STORY",2024-06-04,19.0,VIOLATION CLOSED,2024-09-20,Original,Close,N,2024,2024.0,2025-11-23,1426 days,888 days,2,108 days,three to six months
2683,2751,271,3043770001,16,M,,361,WORTMAN,AVENUE,11207,361 WORTMAN AVENUE,266,BOULEVARD,2021-12-28,BROOKLYN,1441,both,17020620,809930,389857.0,3,361,361,363,WORTMAN AVENUE,A,2024-06-03,2024-06-03,09/21/2024,09/07/2024,,,08/12/2024,500.0,9188932.0,§ 26-1103 ADMIN. CODE: POST AND MAINTAIN A PROPER NOTICE ON WALL OF THE ENTRANCE STORY IN ENGLISH AND SPANISH ON THE AVAILABILITY OF THE AGENCYS HOUSING INFORMATION GUIDE. A SAMPLE NOTICE CAN BE FOUND AT WWW.NYC.GOV/HPD. AT PUBLIC HALL,2024-06-04,19.0,VIOLATION CLOSED,2024-09-20,Original,Close,N,2024,2024.0,2025-11-23,1426 days,888 days,2,108 days,three to six months
2684,2752,271,3043770001,16,M,,361,WORTMAN,AVENUE,11207,361 WORTMAN AVENUE,266,BOULEVARD,2021-12-28,BROOKLYN,1441,both,15007595,809930,389857.0,3,361,361,363,WORTMAN AVENUE,A,2022-03-08,2022-03-08,06/25/2022,06/11/2022,,,,1507.0,7794661.0,"(A) § HMC:FILE ANNUAL BEDBUG REPORT IN ACCORDANCE WITH HPD RULE AS DESCRIBED ON THE BACK OF THIS NOTICE OF VIOLATION OR AS DESCRIBED ON HPDS WEBSITE, WWW.NYC.GOV\HPD, SEARCH BED BUGS.",2022-03-08,9.0,VIOLATION DISMISSED,2022-07-25,Original,Close,N,2022,2022.0,2025-11-23,1426 days,70 days,0,139 days,three to six months
2685,2753,271,3043770001,16,M,,361,WORTMAN,AVENUE,11207,361 WORTMAN AVENUE,266,BOULEVARD,2021-12-28,BROOKLYN,1441,both,18373838,809930,389857.0,3,361,361,363,WORTMAN AVENUE,C,2025-11-13,2025-11-14,12/06/2025,12/01/2025,,,,530.0,10083418.0,"§ 27-2005, 27-2007, 27-2041.1 HMC, §238, § 309; § 107 (2) ( C) MDL AND 28 RCNY §25-171: REPLACE OR REPAIR THE SELF-CLOSING DOORS THAT IS MISSING OR DEFECTIVE LATCH, AT BUILDING FRONT ENTRANCE DOOR",2025-11-17,2.0,NOV SENT OUT,2025-11-17,Original,Open,N,2025,2025.0,2025-11-23,1426 days,1416 days,3,6 days,a week or less
2686,2754,271,3043770001,16,M,,361,WORTMAN,AVENUE,11207,361 WORTMAN AVENUE,266,BOULEVARD,2021-12-28,BROOKLYN,1441,both,18373842,809930,389857.0,3,361,361,363,WORTMAN AVENUE,C,2025-11-13,2025-11-14,12/06/2025,12/01/2025,,,,530.0,10083418.0,"§ 27-2005, 27-2007, 27-2041.1 HMC, §238, § 309; § 107 (2) ( C) MDL AND 28 RCNY §25-171: REPLACE OR REPAIR THE SELF-CLOSING DOORS THAT IS MISSING OR DEFECTIVE HINGES,AT DOOR LEADING TO PUBLIC STAIRS AT PUBLIC HALL, 1st STORY",2025-11-17,2.0,NOV SENT OUT,2025-11-17,Original,Open,N,2025,2025.0,2025-11-23,1426 days,1416 days,3,6 days,a week or less
2687,2755,271,3043770001,16,M,,361,WORTMAN,AVENUE,11207,361 WORTMAN AVENUE,266,BOULEVARD,2021-12-28,BROOKLYN,1441,both,17726947,809930,389857.0,3,361,361,363,WORTMAN AVENUE,C,2025-02-28,2025-02-28,03/16/2025,03/09/2025,,,,501.0,9652422.0,"§ 27-2005 HMC: PROPERLY REPAIR OR REPLACE THE BROKEN OR DEFECTIVE AIR VALVE AT 1ST AND 2ND RISERS AT EAST WALL IN THE 5th ROOM FROM EAST AT SOUTH LOCATED AT APT 1B, 1st STORY, 2nd APARTMENT FROM NORTH AT EAST",2025-03-03,9.0,VIOLATION DISMISSED,2025-10-14,Original,Close,N,2025,2025.0,2025-11-23,1426 days,1158 days,3,225 days,six months to a year
2688,2756,271,3043770001,16,M,,361,WORTMAN,AVENUE,11207,361 WORTMAN AVENUE,266,BOULEVARD,2021-12-28,BROOKLYN,1441,both,17788284,809930,389857.0,3,361,361,363,WORTMAN AVENUE,B,2025-03-27,2025-03-30,05/19/2025,05/05/2025,,,04/25/2025,583.0,9693381.0,"§ 27-2026, 2027 HMC: PROPERLY REPAIR THE SOURCE AND ABATE THE EVIDENCE OF A WATER LEAK AT THE SOUTH WALL IN THE 5th ROOM FROM EAST AT SOUTH LOCATED AT APT 2B, 2nd STORY, 2nd APARTMENT FROM NORTH AT EAST",2025-03-31,19.0,VIOLATION CLOSED,2025-11-21,Original,Close,N,2025,2025.0,2025-11-23,1426 days,1185 days,3,235 days,six months to a year
2689,2757,271,3043770001,16,M,,361,WORTMAN,AVENUE,11207,361 WORTMAN AVENUE,266,BOULEVARD,2021-12-28,BROOKLYN,1441,both,17788285,809930,389857.0,3,361,361,363,WORTMAN AVENUE,B,2025-03-27,2025-03-30,05/19/2025,05/05/2025,,,04/25/2025,508.0,9693381.0,"§ 27-2005 ADM CODE REPAIR THE BROKEN OR DEFECTIVE PLASTERED SURFACES AND PAINT IN A UNIFORM COLOR THE SOUTH WALL IN THE 5th ROOM FROM EAST AT SOUTH LOCATED AT APT 2B, 2nd STORY, 2nd APARTMENT FROM NORTH AT EAST",2025-03-31,19.0,VIOLATION CLOSED,2025-11-21,Original,Close,N,2025,2025.0,2025-11-23,1426 days,1185 days,3,235 days,six months to a year
2690,2758,274,3043770001,18,M,,908,ASHFORD,STREET,11207,908 ASHFORD STREET,266,BOULEVARD,2021-12-28,BROOKLYN,1441,both,17944045,807570,389861.0,3,908,908,920,ASHFORD STREET,C,2025-06-03,2025-06-09,06/29/2025,06/24/2025,,,06/24/2025,530.0,9836347.0,"§ 27-2005, 27-2007, 27-2041.1 HMC, §238, § 309; § 107 (2) ( C) MDL AND 28 RCNY §25-171: REPLACE OR REPAIR THE SELF-CLOSING DOORS THAT IS MISSING OR DEFECTIVE HINGES AT BUILDING ENTRANCE DOOR",2025-06-10,19.0,VIOLATION CLOSED,2025-06-29,Original,Close,N,2025,2025.0,2025-11-23,1426 days,1253 days,3,19 days,one week to a month
2691,2759,274,3043770001,18,M,,908,ASHFORD,STREET,11207,908 ASHFORD STREET,266,BOULEVARD,2021-12-28,BROOKLYN,1441,both,18157454,807570,389861.0,3,908,908,920,ASHFORD STREET,B,2025-08-08,2025-08-11,09/30/2025,09/16/2025,,,08/26/2025,583.0,9948182.0,"§ 27-2026, 2027 HMC: PROPERLY REPAIR THE SOURCE AND ABATE THE EVIDENCE OF A WATER LEAK AT CEILING IN THE KITCHEN LOCATED AT APT 6D, 6th STORY, 1st APARTMENT FROM WEST AT NORTH",2025-08-12,9.0,VIOLATION DISMISSED,2025-11-06,Original,Close,N,2025,2025.0,2025-11-23,1426 days,1319 days,3,86 days,one to three months
2692,2760,274,3043770001,18,M,,908,ASHFORD,STREET,11207,908 ASHFORD STREET,266,BOULEVARD,2021-12-28,BROOKLYN,1441,both,18157456,807570,389861.0,3,908,908,920,ASHFORD STREET,B,2025-08-08,2025-08-11,09/30/2025,09/16/2025,,,08/26/2025,508.0,9948182.0,"§ 27-2005 ADM CODE REPAIR THE BROKEN OR DEFECTIVE PLASTERED SURFACES AND PAINT IN A UNIFORM COLOR AT CEILING IN THE KITCHEN LOCATED AT APT 6D, 6th STORY, 1st APARTMENT FROM WEST AT NORTH",2025-08-12,9.0,VIOLATION DISMISSED,2025-11-06,Original,Close,N,2025,2025.0,2025-11-23,1426 days,1319 days,3,86 days,one to three months
2693,2761,274,3043770001,18,M,,908,ASHFORD,STREET,11207,908 ASHFORD STREET,266,BOULEVARD,2021-12-28,BROOKLYN,1441,both,15981559,807570,389861.0,3,908,908,920,ASHFORD STREET,A,2023-05-15,2023-05-19,09/05/2023,08/22/2023,,,09/01/2023,502.0,8493241.0,"§ 27-2005 ADM CODE PROPERLY REPAIR WITH SIMILAR MATERIAL THE BROKEN OR DEFECTIVE WOOD CABINET BOTTEM IN THE KITCHEN LOCATED AT APT 1B, 1st STORY, 1st APARTMENT FROM SOUTH AT WEST",2023-05-19,9.0,VIOLATION DISMISSED,2023-11-13,Original,Close,N,2023,2023.0,2025-11-23,1426 days,503 days,1,178 days,three to six months
2694,2762,274,3043770001,18,M,,908,ASHFORD,STREET,11207,908 ASHFORD STREET,266,BOULEVARD,2021-12-28,BROOKLYN,1441,both,17620352,807570,389861.0,3,908,908,920,ASHFORD STREET,B,2025-01-10,2025-01-13,03/04/2025,02/18/2025,,,04/17/2025,583.0,9579262.0,"§ 27-2026, 2027 HMC: PROPERLY REPAIR THE SOURCE AND ABATE THE EVIDENCE OF A WATER LEAK AT EAST WALL IN THE PRIVATE HALLWAY LOCATED AT APT 1B, 1st STORY",2025-01-14,19.0,VIOLATION CLOSED,2025-06-04,Original,Close,N,2025,2025.0,2025-11-23,1426 days,1109 days,3,141 days,three to six months
2695,2763,274,3043770001,18,M,,908,ASHFORD,STREET,11207,908 ASHFORD STREET,266,BOULEVARD,2021-12-28,BROOKLYN,1441,both,17237410,807570,389861.0,3,908,908,920,ASHFORD STREET,B,2024-08-31,2024-08-31,10/22/2024,10/08/2024,,,,501.0,9318085.0,"§ 27-2005 HMC: PROPERLY REPAIR OR REPLACE THE BROKEN OR DEFECTIVE LATCH SET AT INCINERATOR DOOR AT PUBLIC HALL, 1st STORY",2024-09-03,19.0,VIOLATION CLOSED,2025-01-06,Original,Close,N,2024,2024.0,2025-11-23,1426 days,977 days,2,125 days,three to six months
2696,2764,274,3043770001,18,M,,908,ASHFORD,STREET,11207,908 ASHFORD STREET,266,BOULEVARD,2021-12-28,BROOKLYN,1441,both,17388274,807570,389861.0,3,908,908,920,ASHFORD STREET,B,2024-10-31,2024-10-31,12/20/2024,12/06/2024,,,,501.0,9409595.0,"§ 27-2005 HMC: PROPERLY REPAIR OR REPLACE THE BROKEN OR DEFECTIVE BELL, RETURN BUZZER, INTERCOM SYSTEM FROM BUILDING FRONT ENTRANCE TO RECEIVING PANEL AT SOUTH WALL IN THE FOYER LOCATED AT APT 1B, 1st STORY, 2nd APARTMENT FROM SOUTH AT WEST",2024-11-01,19.0,VIOLATION CLOSED,2025-01-13,Original,Close,N,2024,2024.0,2025-11-23,1426 days,1038 days,2,73 days,one to three months
2697,2765,274,3043770001,18,M,,908,ASHFORD,STREET,11207,908 ASHFORD STREET,266,BOULEVARD,2021-12-28,BROOKLYN,1441,both,15007534,807570,389861.0,3,908,908,920,ASHFORD STREET,A,2022-03-08,2022-03-08,06/25/2022,06/11/2022,,,,1507.0,7793959.0,"(A) § HMC:FILE ANNUAL BEDBUG REPORT IN ACCORDANCE WITH HPD RULE AS DESCRIBED ON THE BACK OF THIS NOTICE OF VIOLATION OR AS DESCRIBED ON HPDS WEBSITE, WWW.NYC.GOV\HPD, SEARCH BED BUGS.",2022-03-08,9.0,VIOLATION DISMISSED,2022-07-25,Original,Close,N,2022,2022.0,2025-11-23,1426 days,70 days,0,139 days,three to six months
2698,2766,274,3043770001,18,M,,908,ASHFORD,STREET,11207,908 ASHFORD STREET,266,BOULEVARD,2021-12-28,BROOKLYN,1441,both,15881670,807570,389861.0,3,908,908,920,ASHFORD STREET,A,2023-03-29,2023-03-29,07/16/2023,07/02/2023,,,,1507.0,8416811.0,"(A) § HMC:FILE ANNUAL BEDBUG REPORT IN ACCORDANCE WITH HPD RULE AS DESCRIBED ON THE BACK OF THIS NOTICE OF VIOLATION OR AS DESCRIBED ON HPDS WEBSITE, WWW.NYC.GOV\HPD, SEARCH BED BUGS.",2023-03-29,9.0,VIOLATION DISMISSED,2023-12-04,Original,Close,N,2023,2023.0,2025-11-23,1426 days,456 days,1,250 days,six months to a year
2699,2767,274,3043770001,18,M,,908,ASHFORD,STREET,11207,908 ASHFORD STREET,266,BOULEVARD,2021-12-28,BROOKLYN,1441,both,17237408,807570,389861.0,3,908,908,920,ASHFORD STREET,B,2024-08-31,2024-08-31,10/22/2024,10/08/2024,,,,501.0,9318086.0,"§ 27-2005 HMC: PROPERLY REPAIR OR REPLACE THE BROKEN OR DEFECTIVE INTERCOM SYSTEM AT BUILDING ENTRANCE TO INTERCOM SYSTEM AT WEST WALL IN THE FOYER LOCATED AT APT 6D, 6th STORY, 1st APARTMENT FROM NORTH AT EAST",2024-09-03,19.0,VIOLATION CLOSED,2025-08-11,Original,Close,N,2024,2024.0,2025-11-23,1426 days,977 days,2,342 days,six months to a year
2700,2768,274,3043770001,18,M,,908,ASHFORD,STREET,11207,908 ASHFORD STREET,266,BOULEVARD,2021-12-28,BROOKLYN,1441,both,17237409,807570,389861.0,3,908,908,920,ASHFORD STREET,C,2024-08-31,2024-08-31,09/22/2024,09/17/2024,,,02/25/2025,530.0,9318087.0,"§ 27-2005, 27-2007, 27-2041.1 HMC, §238, § 309; § 107 (2) ( C) MDL AND 28 RCNY §25-171: REPLACE OR REPAIR THE SELF-CLOSING DOORS THAT IS MISSING OR DEFECTIVE INOPERABLE HINGES AT INCINERATOR DOOR AT WEST WALL AT PUBLIC HALL, 1st STORY",2024-09-03,19.0,VIOLATION CLOSED,2025-06-05,Original,Close,N,2024,2024.0,2025-11-23,1426 days,977 days,2,275 days,six months to a year
2701,2769,274,3043770001,18,M,,908,ASHFORD,STREET,11207,908 ASHFORD STREET,266,BOULEVARD,2021-12-28,BROOKLYN,1441,both,17620351,807570,389861.0,3,908,908,920,ASHFORD STREET,B,2025-01-10,2025-01-13,03/04/2025,02/18/2025,,,04/17/2025,508.0,9579262.0,"§ 27-2005 ADM CODE REPAIR THE BROKEN OR DEFECTIVE PLASTERED SURFACES AND PAINT IN A UNIFORM COLOR THE EAST WALL IN THE PRIVATE HALLWAY LOCATED AT APT 1B, 1st STORY",2025-01-14,19.0,VIOLATION CLOSED,2025-06-04,Original,Close,N,2025,2025.0,2025-11-23,1426 days,1109 days,3,141 days,three to six months
2702,2770,274,3043770001,18,M,,908,ASHFORD,STREET,11207,908 ASHFORD STREET,266,BOULEVARD,2021-12-28,BROOKLYN,1441,both,17242247,807570,389861.0,3,908,908,920,ASHFORD STREET,A,2024-08-31,2024-08-31,12/21/2024,12/07/2024,,,,556.0,9318083.0,"§ 27-2013 ADM CODE PAINT WITH LIGHT COLORED PAINT TO THE SATISFACTION OF THIS DEPARTMENT ALL PEELING PAINT SURFACES IN THE 1st ROOM FROM EAST AT NORTH, THE 1st ROOM FROM EAST AT SOUTH LOCATED AT APT 6D, 6th STORY, 1st APARTMENT FROM NORTH AT EAST",2024-09-03,19.0,VIOLATION CLOSED,2025-08-11,Original,Close,N,2024,2024.0,2025-11-23,1426 days,977 days,2,342 days,six months to a year
2703,2771,274,3043770001,18,M,,908,ASHFORD,STREET,11207,908 ASHFORD STREET,266,BOULEVARD,2021-12-28,BROOKLYN,1441,both,17242248,807570,389861.0,3,908,908,920,ASHFORD STREET,A,2024-08-31,2024-08-31,12/21/2024,12/07/2024,,,,556.0,9318084.0,"§ 27-2013 ADM CODE PAINT WITH LIGHT COLORED PAINT TO THE SATISFACTION OF THIS DEPARTMENT ALL PEELING PAINT SURFACES IN THE PRIVATE HALLWAY LOCATED AT APT 6D, 6th STORY, 1st APARTMENT FROM NORTH AT EAST",2024-09-03,19.0,VIOLATION CLOSED,2025-08-11,Original,Close,N,2024,2024.0,2025-11-23,1426 days,977 days,2,342 days,six months to a year
2704,2772,274,3043770001,18,M,,908,ASHFORD,STREET,11207,908 ASHFORD STREET,266,BOULEVARD,2021-12-28,BROOKLYN,1441,both,15745400,807570,389861.0,3,908,908,920,ASHFORD STREET,C,2023-01-04,2023-02-24,03/08/2023,03/03/2023,,,,619.0,8305223.0,§ 27-2056.4 ADM CODE- CORRECT FAILURE TO NOTIFY OCCUPANTS AND/OR TO INVESTIGATE LEAD-BASED PAINT HAZARDS.,2023-02-27,2.0,NOV SENT OUT,2023-02-27,Original,Open,N,2023,2023.0,2025-11-23,1426 days,372 days,1,1000 days,more than a year
2705,2773,274,3043770001,18,M,,908,ASHFORD,STREET,11207,908 ASHFORD STREET,266,BOULEVARD,2021-12-28,BROOKLYN,1441,both,15745399,807570,389861.0,3,908,908,920,ASHFORD STREET,C,2023-01-04,2023-02-24,03/08/2023,03/03/2023,,,,618.0,8305223.0,"§ 27-2056.7 ADM CODE: CORRECT FAILURE TO PROVIDE TO THE DEPARTMENT WITHIN 45 DAYS OF DEMAND ALL RECORDS REQUIRED TO BE MAINTAINED BY OWNER PURSUANT TO LOCAL LAW 1 OF 2004 RELATED TO LEAD-BASED PAINT NOTICES, INSPECTIONS AND REMEDIATION/ABATEMENT ACTIVITIES.",2023-02-27,2.0,NOV SENT OUT,2023-02-27,Original,Open,N,2023,2023.0,2025-11-23,1426 days,372 days,1,1000 days,more than a year
2706,2774,274,3043770001,18,M,,908,ASHFORD,STREET,11207,908 ASHFORD STREET,266,BOULEVARD,2021-12-28,BROOKLYN,1441,both,17237406,807570,389861.0,3,908,908,920,ASHFORD STREET,B,2024-08-31,2024-08-31,10/22/2024,10/08/2024,,,,508.0,9318086.0,"§ 27-2005 ADM CODE REPAIR THE BROKEN OR DEFECTIVE PLASTERED SURFACES AND PAINT IN A UNIFORM COLOR THE SOUTH WALL IN THE 1st ROOM FROM EAST AT NORTH LOCATED AT APT 6D, 6th STORY, 1st APARTMENT FROM NORTH AT EAST",2024-09-03,19.0,VIOLATION CLOSED,2025-08-11,Original,Close,N,2024,2024.0,2025-11-23,1426 days,977 days,2,342 days,six months to a year
2707,2775,274,3043770001,18,M,,908,ASHFORD,STREET,11207,908 ASHFORD STREET,266,BOULEVARD,2021-12-28,BROOKLYN,1441,both,17237407,807570,389861.0,3,908,908,920,ASHFORD STREET,B,2024-08-31,2024-08-31,10/22/2024,10/08/2024,,,,508.0,9318086.0,"§ 27-2005 ADM CODE REPAIR THE BROKEN OR DEFECTIVE PLASTERED SURFACES AND PAINT IN A UNIFORM COLOR THE NORTH WALL IN THE 1st ROOM FROM EAST AT SOUTH LOCATED AT APT 6D, 6th STORY, 1st APARTMENT FROM NORTH AT EAST",2024-09-03,19.0,VIOLATION CLOSED,2025-08-11,Original,Close,N,2024,2024.0,2025-11-23,1426 days,977 days,2,342 days,six months to a year
2708,2776,274,3043770001,18,M,,908,ASHFORD,STREET,11207,908 ASHFORD STREET,266,BOULEVARD,2021-12-28,BROOKLYN,1441,both,16090808,807570,389861.0,3,908,908,920,ASHFORD STREET,C,2023-07-12,2023-07-16,08/17/2023,08/12/2023,,,08/20/2024,569.0,8562294.0,"HMC ADM CODE: § 27-2017.4 ABATE THE INFESTATION CONSISTING OF MICE IN THE ENTIRE APARTMENT LOCATED AT APT 1B, 1st STORY, 1st APARTMENT FROM SOUTH AT WEST",2023-07-17,19.0,VIOLATION CLOSED,2025-02-20,Original,Close,N,2023,2023.0,2025-11-23,1426 days,561 days,1,584 days,more than a year
2709,2777,274,3043770001,18,M,,908,ASHFORD,STREET,11207,908 ASHFORD STREET,266,BOULEVARD,2021-12-28,BROOKLYN,1441,both,16090809,807570,389861.0,3,908,908,920,ASHFORD STREET,C,2023-07-12,2023-07-16,08/05/2023,07/31/2023,,,03/13/2025,530.0,8562295.0,"§ 27-2005, 27-2007, 27-2041.1 HMC, §238, § 309; § 107 (2) ( C) MDL AND 28 RCNY §25-171: REPLACE OR REPAIR THE SELF-CLOSING DOORS THAT IS MISSING OR DEFECTIVE ... IN THE ENTRANCE LOCATED AT APT 1B, 1st STORY, 1st APARTMENT FROM SOUTH AT WEST",2023-07-17,21.0,NOT COMPLIED WITH,2025-06-04,Original,Open,N,2023,2023.0,2025-11-23,1426 days,561 days,1,860 days,more than a year
2710,2778,274,3043770001,18,M,,908,ASHFORD,STREET,11207,908 ASHFORD STREET,266,BOULEVARD,2021-12-28,BROOKLYN,1441,both,17620354,807570,389861.0,3,908,908,920,ASHFORD STREET,B,2025-01-10,2025-01-13,03/04/2025,02/18/2025,,,04/17/2025,508.0,9579262.0,"§ 27-2005 ADM CODE REPAIR THE BROKEN OR DEFECTIVE PLASTERED SURFACES AND PAINT IN A UNIFORM COLOR AT NORTH WALL IN THE BATHROOM LOCATED AT APT 1B, 1st STORY",2025-01-14,19.0,VIOLATION CLOSED,2025-06-04,Original,Close,N,2025,2025.0,2025-11-23,1426 days,1109 days,3,141 days,three to six months
2711,2779,274,3043770001,18,M,,908,ASHFORD,STREET,11207,908 ASHFORD STREET,266,BOULEVARD,2021-12-28,BROOKLYN,1441,both,17620355,807570,389861.0,3,908,908,920,ASHFORD STREET,A,2025-01-10,2025-01-13,05/03/2025,04/19/2025,,,,550.0,9579261.0,"§ 27-2017.3 HMC: TRACE AND REPAIR THE SOURCE AND ABATE THE VISIBLE MOLD CONDITION... LESS THEN 10 SQUARE FEET AT NORTH WALL IN THE BATHROOM LOCATED AT APT 1B, 1st STORY",2025-01-14,19.0,VIOLATION CLOSED,2025-05-14,Original,Close,N,2025,2025.0,2025-11-23,1426 days,1109 days,3,120 days,three to six months
2712,2780,274,3043770001,18,M,,908,ASHFORD,STREET,11207,908 ASHFORD STREET,266,BOULEVARD,2021-12-28,BROOKLYN,1441,both,17620358,807570,389861.0,3,908,908,920,ASHFORD STREET,B,2025-01-10,2025-01-13,03/04/2025,02/18/2025,,,04/17/2025,583.0,9579262.0,"§ 27-2026, 2027 HMC: PROPERLY REPAIR THE SOURCE AND ABATE THE EVIDENCE OF A WATER LEAK AT CEILING IN THE BATHROOM LOCATED AT APT 1B, 1st STORY",2025-01-14,19.0,VIOLATION CLOSED,2025-06-04,Original,Close,N,2025,2025.0,2025-11-23,1426 days,1109 days,3,141 days,three to six months
2713,2781,274,3043770001,18,M,,908,ASHFORD,STREET,11207,908 ASHFORD STREET,266,BOULEVARD,2021-12-28,BROOKLYN,1441,both,17620359,807570,389861.0,3,908,908,920,ASHFORD STREET,B,2025-01-10,2025-01-13,03/04/2025,02/18/2025,,,04/17/2025,508.0,9579262.0,"§ 27-2005 ADM CODE REPAIR THE BROKEN OR DEFECTIVE PLASTERED SURFACES AND PAINT IN A UNIFORM COLOR THE WEST WALL IN THE KITCHEN LOCATED AT APT 1B, 1st STORY",2025-01-14,19.0,VIOLATION CLOSED,2025-06-04,Original,Close,N,2025,2025.0,2025-11-23,1426 days,1109 days,3,141 days,three to six months
2714,2782,274,3043770001,18,M,,908,ASHFORD,STREET,11207,908 ASHFORD STREET,266,BOULEVARD,2021-12-28,BROOKLYN,1441,both,17620360,807570,389861.0,3,908,908,920,ASHFORD STREET,B,2025-01-10,2025-01-13,03/04/2025,02/18/2025,,,04/17/2025,583.0,9579262.0,"§ 27-2026, 2027 HMC: PROPERLY REPAIR THE SOURCE AND ABATE THE EVIDENCE OF A WATER LEAK AT WEST WALL IN THE KITCHEN LOCATED AT APT 1B, 1st STORY",2025-01-14,19.0,VIOLATION CLOSED,2025-06-04,Original,Close,N,2025,2025.0,2025-11-23,1426 days,1109 days,3,141 days,three to six months
2715,2783,274,3043770001,18,M,,908,ASHFORD,STREET,11207,908 ASHFORD STREET,266,BOULEVARD,2021-12-28,BROOKLYN,1441,both,17898080,807570,389861.0,3,908,908,920,ASHFORD STREET,B,2025-01-10,2025-05-14,07/02/2025,06/18/2025,,,,550.0,9756426.0,"§ 27-2017.3 HMC: TRACE AND REPAIR THE SOURCE AND ABATE THE VISIBLE MOLD CONDITION... LESS THEN 10 SQUARE FEET AT NORTH WALL IN THE BATHROOM LOCATED AT APT 1B, 1st STORY ORIGINAL VIOLATION 17620355 ISSUED 10-JAN-25 HAS BEEN UPGRADED TO CLASS B PER ADMINISTRATIVE CODE §27-2017.3a(3)(a) or (b).",2025-05-14,20.0,DEFECT LETTER ISSUED,2025-06-04,Original,Open,N,2025,2025.0,2025-11-23,1426 days,1109 days,3,193 days,six months to a year
2716,2784,274,3043770001,18,M,,908,ASHFORD,STREET,11207,908 ASHFORD STREET,266,BOULEVARD,2021-12-28,BROOKLYN,1441,both,17944028,807570,389861.0,3,908,908,920,ASHFORD STREET,B,2025-06-03,2025-06-09,07/29/2025,07/15/2025,,,06/24/2025,529.0,9836346.0,§ 27-2005 HMC: REFIT BUILDING ENTRANCE DOOR,2025-06-10,19.0,VIOLATION CLOSED,2025-06-29,Original,Close,N,2025,2025.0,2025-11-23,1426 days,1253 days,3,19 days,one week to a month
2717,2785,276,3043550001,2,M,,817,SCHENCK,AVENUE,11207,817 SCHENCK AVENUE,260,BOULEVARD,2021-12-28,BROOKLYN,1441,both,17008248,809352,389862.0,3,817,817,829,SCHENCK AVENUE,C,2024-05-30,2024-05-31,07/04/2024,06/29/2024,,,,569.0,9186796.0,"HMC ADM CODE: § 27-2017.4 ABATE THE INFESTATION CONSISTING OF MICE IN THE ENTIRE APARTMENT LOCATED AT APT 1C, 1st STORY, 1st APARTMENT FROM EAST AT SOUTH",2024-06-03,19.0,VIOLATION CLOSED,2024-11-15,Original,Close,N,2024,2024.0,2025-11-23,1426 days,884 days,2,165 days,three to six months
2718,2786,276,3043550001,2,M,,817,SCHENCK,AVENUE,11207,817 SCHENCK AVENUE,260,BOULEVARD,2021-12-28,BROOKLYN,1441,both,15007573,809352,389862.0,3,817,817,829,SCHENCK AVENUE,A,2022-03-08,2022-03-08,06/25/2022,06/11/2022,,,,1507.0,7794491.0,"(A) § HMC:FILE ANNUAL BEDBUG REPORT IN ACCORDANCE WITH HPD RULE AS DESCRIBED ON THE BACK OF THIS NOTICE OF VIOLATION OR AS DESCRIBED ON HPDS WEBSITE, WWW.NYC.GOV\HPD, SEARCH BED BUGS.",2022-03-08,9.0,VIOLATION DISMISSED,2022-07-25,Original,Close,N,2022,2022.0,2025-11-23,1426 days,70 days,0,139 days,three to six months
2719,2787,276,3043550001,2,M,,817,SCHENCK,AVENUE,11207,817 SCHENCK AVENUE,260,BOULEVARD,2021-12-28,BROOKLYN,1441,both,17814172,809352,389862.0,3,817,817,829,SCHENCK AVENUE,A,2025-04-09,2025-04-09,07/28/2025,07/14/2025,,,,502.0,9708675.0,"§ 27-2005 ADM CODE PROPERLY REPAIR WITH SIMILAR MATERIAL THE BROKEN OR DEFECTIVE WOOD FLOOR IN THE 4th ROOM FROM NORTH LOCATED AT APT 3C, 3rd STORY, 1st APARTMENT FROM SOUTH AT WEST , SECTION ''829''",2025-04-10,22.0,FIRST NO ACCESS TO RE- INSPECT VIOLATION,2025-07-07,Original,Open,N,2025,2025.0,2025-11-23,1426 days,1198 days,3,227 days,six months to a year
2720,2788,276,3043550001,2,M,,817,SCHENCK,AVENUE,11207,817 SCHENCK AVENUE,260,BOULEVARD,2021-12-28,BROOKLYN,1441,both,15462198,809352,389862.0,3,817,817,829,SCHENCK AVENUE,C,2022-11-02,2022-11-03,12/05/2022,11/30/2022,,,,568.0,8111623.0,"HMC ADM CODE: § 27-2017.4 ABATE THE INFESTATION CONSISTING OF ROACHES IN THE ENTIRE APARTMENT LOCATED AT APT 4F, 4th STORY, 1st APARTMENT FROM WEST AT NORTH",2022-11-04,19.0,VIOLATION CLOSED,2025-02-20,Original,Close,N,2022,2022.0,2025-11-23,1426 days,309 days,0,839 days,more than a year
2721,2789,276,3043550001,2,M,,817,SCHENCK,AVENUE,11207,817 SCHENCK AVENUE,260,BOULEVARD,2021-12-28,BROOKLYN,1441,both,17056812,809352,389862.0,3,817,817,829,SCHENCK AVENUE,B,2024-06-18,2024-06-18,08/08/2024,07/25/2024,,,08/27/2024,508.0,9212639.0,"§ 27-2005 ADM CODE REPAIR THE BROKEN OR DEFECTIVE PLASTERED SURFACES AND PAINT IN A UNIFORM COLOR AT SOUTH WALL IN THE 4th ROOM FROM EAST LOCATED AT APT 1C, 1st STORY, 1st APARTMENT FROM NORTH AT EAST",2024-06-20,19.0,VIOLATION CLOSED,2024-10-01,Original,Close,N,2024,2024.0,2025-11-23,1426 days,903 days,2,103 days,three to six months
2722,2790,276,3043550001,2,M,,817,SCHENCK,AVENUE,11207,817 SCHENCK AVENUE,260,BOULEVARD,2021-12-28,BROOKLYN,1441,both,17056813,809352,389862.0,3,817,817,829,SCHENCK AVENUE,B,2024-06-18,2024-06-18,08/08/2024,07/25/2024,,,08/27/2024,583.0,9212639.0,"§ 27-2026, 2027 HMC: PROPERLY REPAIR THE SOURCE AND ABATE THE EVIDENCE OF A WATER LEAK AT SOUTH WALL IN THE 4th ROOM FROM EAST LOCATED AT APT 1C, 1st STORY, 1st APARTMENT FROM NORTH AT EAST",2024-06-20,19.0,VIOLATION CLOSED,2024-10-01,Original,Close,N,2024,2024.0,2025-11-23,1426 days,903 days,2,103 days,three to six months
2723,2791,276,3043550001,2,M,,817,SCHENCK,AVENUE,11207,817 SCHENCK AVENUE,260,BOULEVARD,2021-12-28,BROOKLYN,1441,both,16564834,809352,389862.0,3,817,817,829,SCHENCK AVENUE,A,2024-01-04,2024-01-08,04/27/2024,04/13/2024,,,08/27/2024,508.0,8883789.0,"§ 27-2005 ADM CODE REPAIR THE BROKEN OR DEFECTIVE PLASTERED SURFACES AND PAINT IN A UNIFORM COLOR NORTH WALL IN THE FOYER LOCATED AT APT 1C, 1st STORY, 1st APARTMENT FROM EAST AT SOUTH",2024-01-09,19.0,VIOLATION CLOSED,2024-10-01,Original,Close,N,2024,2024.0,2025-11-23,1426 days,737 days,2,266 days,six months to a year
2724,2792,276,3043550001,2,M,,817,SCHENCK,AVENUE,11207,817 SCHENCK AVENUE,260,BOULEVARD,2021-12-28,BROOKLYN,1441,both,17056818,809352,389862.0,3,817,817,829,SCHENCK AVENUE,A,2024-06-18,2024-06-18,10/07/2024,09/23/2024,,,,501.0,9212638.0,"§ 27-2005 HMC: PROPERLY REPAIR OR REPLACE THE BROKEN OR DEFECTIVE MAILBOX 1C , 1st STORY",2024-06-20,19.0,VIOLATION CLOSED,2024-09-20,Original,Close,N,2024,2024.0,2025-11-23,1426 days,903 days,2,92 days,three to six months
2725,2793,276,3043550001,2,M,,817,SCHENCK,AVENUE,11207,817 SCHENCK AVENUE,260,BOULEVARD,2021-12-28,BROOKLYN,1441,both,16564821,809352,389862.0,3,817,817,829,SCHENCK AVENUE,C,2024-01-04,2024-01-08,02/09/2024,02/04/2024,,,02/02/2024,568.0,8883792.0,"HMC ADM CODE: § 27-2017.4 ABATE THE INFESTATION CONSISTING OF ROACHES IN THE ENTIRE APARTMENT LOCATED AT APT 1C, 1st STORY, 1st APARTMENT FROM EAST AT SOUTH",2024-01-09,9.0,VIOLATION DISMISSED,2024-04-15,Original,Close,N,2024,2024.0,2025-11-23,1426 days,737 days,2,97 days,three to six months
2726,2794,276,3043550001,2,M,,817,SCHENCK,AVENUE,11207,817 SCHENCK AVENUE,260,BOULEVARD,2021-12-28,BROOKLYN,1441,both,16564822,809352,389862.0,3,817,817,829,SCHENCK AVENUE,C,2024-01-04,2024-01-08,02/09/2024,02/04/2024,,,02/02/2024,569.0,8883792.0,"HMC ADM CODE: § 27-2017.4 ABATE THE INFESTATION CONSISTING OF MICE IN THE ENTIRE APARTMENT LOCATED AT APT 1C, 1st STORY, 1st APARTMENT FROM EAST AT SOUTH",2024-01-09,9.0,VIOLATION DISMISSED,2024-04-15,Original,Close,N,2024,2024.0,2025-11-23,1426 days,737 days,2,97 days,three to six months
2727,2795,276,3043550001,2,M,,817,SCHENCK,AVENUE,11207,817 SCHENCK AVENUE,260,BOULEVARD,2021-12-28,BROOKLYN,1441,both,17008254,809352,389862.0,3,817,817,829,SCHENCK AVENUE,B,2024-05-30,2024-05-31,07/22/2024,07/08/2024,,,08/27/2024,501.0,9186795.0,"§ 27-2005 HMC: PROPERLY REPAIR OR REPLACE THE BROKEN OR DEFECTIVE BASE CABINET AT SINK. IN THE KITCHEN LOCATED AT APT 1C, 1st STORY, 1st APARTMENT FROM EAST AT SOUTH",2024-06-03,19.0,VIOLATION CLOSED,2024-10-01,Original,Close,N,2024,2024.0,2025-11-23,1426 days,884 days,2,120 days,three to six months
2728,2796,276,3043550001,2,M,,817,SCHENCK,AVENUE,11207,817 SCHENCK AVENUE,260,BOULEVARD,2021-12-28,BROOKLYN,1441,both,17008257,809352,389862.0,3,817,817,829,SCHENCK AVENUE,B,2024-05-30,2024-05-31,07/22/2024,07/08/2024,,,08/27/2024,583.0,9186795.0,"§ 27-2026, 2027 HMC: PROPERLY REPAIR THE SOURCE AND ABATE THE EVIDENCE OF A WATER LEAK AT CEILING IN THE BATHROOM LOCATED AT APT 1C, 1st STORY, 1st APARTMENT FROM EAST AT SOUTH",2024-06-03,19.0,VIOLATION CLOSED,2024-10-01,Original,Close,N,2024,2024.0,2025-11-23,1426 days,884 days,2,120 days,three to six months
2729,2797,276,3043550001,2,M,,817,SCHENCK,AVENUE,11207,817 SCHENCK AVENUE,260,BOULEVARD,2021-12-28,BROOKLYN,1441,both,17008258,809352,389862.0,3,817,817,829,SCHENCK AVENUE,B,2024-05-30,2024-05-31,07/22/2024,07/08/2024,,,08/27/2024,508.0,9186795.0,"§ 27-2005 ADM CODE REPAIR THE BROKEN OR DEFECTIVE PLASTERED SURFACES AND PAINT IN A UNIFORM COLOR AT CEILING IN THE BATHROOM LOCATED AT APT 1C, 1st STORY, 1st APARTMENT FROM EAST AT SOUTH",2024-06-03,19.0,VIOLATION CLOSED,2024-10-01,Original,Close,N,2024,2024.0,2025-11-23,1426 days,884 days,2,120 days,three to six months
2730,2798,276,3043550001,2,M,,817,SCHENCK,AVENUE,11207,817 SCHENCK AVENUE,260,BOULEVARD,2021-12-28,BROOKLYN,1441,both,17008250,809352,389862.0,3,817,817,829,SCHENCK AVENUE,B,2024-05-30,2024-05-31,07/22/2024,07/08/2024,,,08/27/2024,583.0,9186795.0,"§ 27-2026, 2027 HMC: PROPERLY REPAIR THE SOURCE AND ABATE THE EVIDENCE OF A WATER LEAK AT WEST WALL IN THE 1st ROOM FROM NORTH LOCATED AT APT 1C, 1st STORY, 1st APARTMENT FROM EAST AT SOUTH",2024-06-03,19.0,VIOLATION CLOSED,2024-10-01,Original,Close,N,2024,2024.0,2025-11-23,1426 days,884 days,2,120 days,three to six months
2731,2799,276,3043550001,2,M,,817,SCHENCK,AVENUE,11207,817 SCHENCK AVENUE,260,BOULEVARD,2021-12-28,BROOKLYN,1441,both,15462201,809352,389862.0,3,817,817,829,SCHENCK AVENUE,A,2022-11-02,2022-11-03,02/21/2023,02/07/2023,,,08/20/2024,556.0,8111620.0,"§ 27-2013 ADM CODE PAINT WITH LIGHT COLORED PAINT TO THE SATISFACTION OF THIS DEPARTMENT CEILING AND ALL WALLS IN THE 1st ROOM FROM NORTH AT EAST LOCATED AT APT 4F, 4th STORY, 1st APARTMENT FROM WEST AT NORTH",2022-11-04,19.0,VIOLATION CLOSED,2024-10-01,Original,Close,N,2022,2022.0,2025-11-23,1426 days,309 days,0,697 days,more than a year
2732,2800,276,3043550001,2,M,,817,SCHENCK,AVENUE,11207,817 SCHENCK AVENUE,260,BOULEVARD,2021-12-28,BROOKLYN,1441,both,15143633,809352,389862.0,3,817,817,829,SCHENCK AVENUE,B,2022-05-09,2022-05-10,06/29/2022,06/15/2022,,,03/06/2025,508.0,7904337.0,"§ 27-2005 ADM CODE REPAIR THE BROKEN OR DEFECTIVE PLASTERED SURFACES AND PAINT IN A UNIFORM COLOR THE CEILING IN THE BATHROOM LOCATED AT APT 2E, 2nd STORY, 2nd APARTMENT FROM SOUTH AT WEST",2022-05-11,22.0,FIRST NO ACCESS TO RE- INSPECT VIOLATION,2025-09-18,Original,Open,N,2022,2022.0,2025-11-23,1426 days,132 days,0,1292 days,more than a year
2733,2801,276,3043550001,2,M,,817,SCHENCK,AVENUE,11207,817 SCHENCK AVENUE,260,BOULEVARD,2021-12-28,BROOKLYN,1441,both,15143634,809352,389862.0,3,817,817,829,SCHENCK AVENUE,B,2022-05-09,2022-05-10,06/29/2022,06/15/2022,,,03/06/2025,508.0,7904337.0,"§ 27-2005 ADM CODE REPAIR THE BROKEN OR DEFECTIVE PLASTERED SURFACES AND PAINT IN A UNIFORM COLOR ALL WALLS IN THE BATHROOM LOCATED AT APT 2E, 2nd STORY, 2nd APARTMENT FROM SOUTH AT WEST",2022-05-11,22.0,FIRST NO ACCESS TO RE- INSPECT VIOLATION,2025-09-18,Original,Open,N,2022,2022.0,2025-11-23,1426 days,132 days,0,1292 days,more than a year
2734,2802,276,3043550001,2,M,,817,SCHENCK,AVENUE,11207,817 SCHENCK AVENUE,260,BOULEVARD,2021-12-28,BROOKLYN,1441,both,15143636,809352,389862.0,3,817,817,829,SCHENCK AVENUE,A,2022-05-09,2022-05-10,08/28/2022,08/14/2022,,,,550.0,7904336.0,"§ 27-2017.3 HMC: TRACE AND REPAIR THE SOURCE AND ABATE THE VISIBLE MOLD CONDITION... APPROX 3 SQ FT AT CEILING IN THE BATHROOM LOCATED AT APT 2E, 2nd STORY, 2nd APARTMENT FROM SOUTH AT WEST",2022-05-11,19.0,VIOLATION CLOSED,2022-09-08,Original,Close,N,2022,2022.0,2025-11-23,1426 days,132 days,0,120 days,three to six months
2735,2803,276,3043550001,2,M,,817,SCHENCK,AVENUE,11207,817 SCHENCK AVENUE,260,BOULEVARD,2021-12-28,BROOKLYN,1441,both,15143639,809352,389862.0,3,817,817,829,SCHENCK AVENUE,B,2022-05-09,2022-05-10,06/29/2022,06/15/2022,,,03/06/2025,501.0,7904337.0,"§ 27-2005 ADM CODE PROPERLY REPAIR THE BROKEN OR DEFECTIVE CEILING LIGHT FIXTURE IN THE KITCHEN LOCATED AT APT 2E, 2nd STORY, 2nd APARTMENT FROM SOUTH AT WEST",2022-05-11,22.0,FIRST NO ACCESS TO RE- INSPECT VIOLATION,2025-09-18,Original,Open,N,2022,2022.0,2025-11-23,1426 days,132 days,0,1292 days,more than a year
2736,2804,276,3043550001,2,M,,817,SCHENCK,AVENUE,11207,817 SCHENCK AVENUE,260,BOULEVARD,2021-12-28,BROOKLYN,1441,both,15462200,809352,389862.0,3,817,817,829,SCHENCK AVENUE,C,2022-11-02,2022-11-03,11/17/2022,11/10/2022,,,08/20/2024,689.0,8111622.0,"§ 27-2005, 2006, 2037 HMC: PROPERLY REPAIR AND ABATE UNSAFE ELECTRIC WIRING CONDITION CONSISTING OF EXPOSED ELECTRICAL WIRING AT CEILING AND SOUTH WALL IN THE 1st ROOM FROM NORTH AT EAST LOCATED AT APT 4F, 4th STORY, 1st APARTMENT FROM WEST AT NORTH",2022-11-04,19.0,VIOLATION CLOSED,2024-10-01,Original,Close,N,2022,2022.0,2025-11-23,1426 days,309 days,0,697 days,more than a year
2737,2805,276,3043550001,2,M,,817,SCHENCK,AVENUE,11207,817 SCHENCK AVENUE,260,BOULEVARD,2021-12-28,BROOKLYN,1441,both,15462202,809352,389862.0,3,817,817,829,SCHENCK AVENUE,A,2022-11-02,2022-11-03,02/21/2023,02/07/2023,,,08/20/2024,508.0,8111620.0,"§ 27-2005 ADM CODE REPAIR THE BROKEN OR DEFECTIVE PLASTERED SURFACES AND PAINT IN A UNIFORM COLOR NORTH AND WEST WALLS IN THE KITCHEN LOCATED AT APT 4F, 4th STORY, 1st APARTMENT FROM WEST AT NORTH",2022-11-04,19.0,VIOLATION CLOSED,2024-10-01,Original,Close,N,2022,2022.0,2025-11-23,1426 days,309 days,0,697 days,more than a year
2738,2806,276,3043550001,2,M,,817,SCHENCK,AVENUE,11207,817 SCHENCK AVENUE,260,BOULEVARD,2021-12-28,BROOKLYN,1441,both,15462203,809352,389862.0,3,817,817,829,SCHENCK AVENUE,B,2022-11-02,2022-11-03,12/23/2022,12/09/2022,,,08/20/2024,508.0,8111621.0,"§ 27-2005 ADM CODE REPAIR THE BROKEN OR DEFECTIVE PLASTERED SURFACES AND PAINT IN A UNIFORM COLOR NORTH WALL IN THE 4th ROOM FROM NORTH LOCATED AT APT 4F, 4th STORY, 1st APARTMENT FROM WEST AT NORTH",2022-11-04,19.0,VIOLATION CLOSED,2024-10-01,Original,Close,N,2022,2022.0,2025-11-23,1426 days,309 days,0,697 days,more than a year
2739,2807,276,3043550001,2,M,,817,SCHENCK,AVENUE,11207,817 SCHENCK AVENUE,260,BOULEVARD,2021-12-28,BROOKLYN,1441,both,15462204,809352,389862.0,3,817,817,829,SCHENCK AVENUE,A,2022-11-02,2022-11-02,02/20/2023,02/06/2023,,,08/23/2024,484.0,8103108.0,"§ 329, M/D LAW AND DEPT. RULES AND REGS. PROVIDE A COMPLETED CERTIFICATE OF INSPECTION VISITS IN A PROPER FRAME AT OR NEAR MAILBOXES, BOTTOM EDGE OF FRAME BETWEEN 48-62 INCHES ABOVE FLOOR MISSING FRAME AT PUBLIC HALL, 1st STORY",2022-11-03,19.0,VIOLATION CLOSED,2024-09-20,Original,Close,N,2022,2022.0,2025-11-23,1426 days,309 days,0,687 days,more than a year
2740,2808,276,3043550001,2,M,,817,SCHENCK,AVENUE,11207,817 SCHENCK AVENUE,260,BOULEVARD,2021-12-28,BROOKLYN,1441,both,15881703,809352,389862.0,3,817,817,829,SCHENCK AVENUE,A,2023-03-29,2023-03-29,07/16/2023,07/02/2023,,,,1507.0,8417243.0,"(A) § HMC:FILE ANNUAL BEDBUG REPORT IN ACCORDANCE WITH HPD RULE AS DESCRIBED ON THE BACK OF THIS NOTICE OF VIOLATION OR AS DESCRIBED ON HPDS WEBSITE, WWW.NYC.GOV\HPD, SEARCH BED BUGS.",2023-03-29,9.0,VIOLATION DISMISSED,2023-12-04,Original,Close,N,2023,2023.0,2025-11-23,1426 days,456 days,1,250 days,six months to a year
2741,2809,276,3043550001,2,M,,817,SCHENCK,AVENUE,11207,817 SCHENCK AVENUE,260,BOULEVARD,2021-12-28,BROOKLYN,1441,both,16564823,809352,389862.0,3,817,817,829,SCHENCK AVENUE,C,2024-01-04,2024-01-08,01/22/2024,01/15/2024,,,08/27/2024,508.0,8883791.0,"§ 27-2005 ADM CODE REPAIR THE BROKEN OR DEFECTIVE PLASTERED SURFACES AND PAINT IN A UNIFORM COLOR CEILING AND NORTH WALL IN THE BATHROOM LOCATED AT APT 1C, 1st STORY, 1st APARTMENT FROM EAST AT SOUTH",2024-01-09,19.0,VIOLATION CLOSED,2024-10-01,Original,Close,N,2024,2024.0,2025-11-23,1426 days,737 days,2,266 days,six months to a year
2742,2810,276,3043550001,2,M,,817,SCHENCK,AVENUE,11207,817 SCHENCK AVENUE,260,BOULEVARD,2021-12-28,BROOKLYN,1441,both,16564824,809352,389862.0,3,817,817,829,SCHENCK AVENUE,B,2024-01-04,2024-01-08,02/27/2024,02/13/2024,,,,502.0,8883790.0,"§ 27-2005 ADM CODE PROPERLY REPAIR WITH SIMILAR MATERIAL THE BROKEN OR DEFECTIVE WOOD AT FLOOR INSIDE BASE CABINET AT SINK IN THE KITCHEN LOCATED AT APT 1C, 1st STORY, 1st APARTMENT FROM EAST AT SOUTH",2024-01-09,19.0,VIOLATION CLOSED,2024-10-01,Original,Close,N,2024,2024.0,2025-11-23,1426 days,737 days,2,266 days,six months to a year
2743,2811,276,3043550001,2,M,,817,SCHENCK,AVENUE,11207,817 SCHENCK AVENUE,260,BOULEVARD,2021-12-28,BROOKLYN,1441,both,16564825,809352,389862.0,3,817,817,829,SCHENCK AVENUE,B,2024-01-04,2024-01-08,02/27/2024,02/13/2024,,,08/27/2024,508.0,8883790.0,"§ 27-2005 ADM CODE REPAIR THE BROKEN OR DEFECTIVE PLASTERED SURFACES AND PAINT IN A UNIFORM COLOR EAST WALL IN THE KITCHEN LOCATED AT APT 1C, 1st STORY, 1st APARTMENT FROM EAST AT SOUTH",2024-01-09,19.0,VIOLATION CLOSED,2024-10-01,Original,Close,N,2024,2024.0,2025-11-23,1426 days,737 days,2,266 days,six months to a year
2744,2812,276,3043550001,2,M,,817,SCHENCK,AVENUE,11207,817 SCHENCK AVENUE,260,BOULEVARD,2021-12-28,BROOKLYN,1441,both,16564826,809352,389862.0,3,817,817,829,SCHENCK AVENUE,A,2024-01-04,2024-01-08,04/27/2024,04/13/2024,,,08/27/2024,508.0,8883789.0,"§ 27-2005 ADM CODE REPAIR THE BROKEN OR DEFECTIVE PLASTERED SURFACES AND PAINT IN A UNIFORM COLOR EAST AND WEST WALLS IN THE PRIVATE HALLWAY LOCATED AT APT 1C, 1st STORY, 1st APARTMENT FROM EAST AT SOUTH",2024-01-09,19.0,VIOLATION CLOSED,2024-10-01,Original,Close,N,2024,2024.0,2025-11-23,1426 days,737 days,2,266 days,six months to a year
2745,2813,276,3043550001,2,M,,817,SCHENCK,AVENUE,11207,817 SCHENCK AVENUE,260,BOULEVARD,2021-12-28,BROOKLYN,1441,both,16564827,809352,389862.0,3,817,817,829,SCHENCK AVENUE,B,2024-01-04,2024-01-08,02/27/2024,02/13/2024,,,08/27/2024,583.0,8883790.0,"§ 27-2026, 2027 HMC: PROPERLY REPAIR THE SOURCE AND ABATE THE EVIDENCE OF A WATER LEAK AT CEILING IN THE BATHROOM LOCATED AT APT 1C, 1st STORY, 1st APARTMENT FROM EAST AT SOUTH",2024-01-09,19.0,VIOLATION CLOSED,2024-10-01,Original,Close,N,2024,2024.0,2025-11-23,1426 days,737 days,2,266 days,six months to a year
2746,2814,276,3043550001,2,M,,817,SCHENCK,AVENUE,11207,817 SCHENCK AVENUE,260,BOULEVARD,2021-12-28,BROOKLYN,1441,both,16564828,809352,389862.0,3,817,817,829,SCHENCK AVENUE,A,2024-01-04,2024-01-08,04/27/2024,04/13/2024,,,08/27/2024,509.0,8883789.0,"§ 27-2005 ADM CODE PROPERLY SECURE THE LOOSE ESCUTCHEON PLATE AT FAUCET AT BATHTUB IN THE BATHROOM LOCATED AT APT 1C, 1st STORY, 1st APARTMENT FROM EAST AT SOUTH",2024-01-09,19.0,VIOLATION CLOSED,2024-10-01,Original,Close,N,2024,2024.0,2025-11-23,1426 days,737 days,2,266 days,six months to a year
2747,2815,276,3043550001,2,M,,817,SCHENCK,AVENUE,11207,817 SCHENCK AVENUE,260,BOULEVARD,2021-12-28,BROOKLYN,1441,both,16564829,809352,389862.0,3,817,817,829,SCHENCK AVENUE,B,2024-01-04,2024-01-08,02/27/2024,02/13/2024,,,08/27/2024,583.0,8883790.0,"§ 27-2026, 2027 HMC: PROPERLY REPAIR THE SOURCE AND ABATE THE EVIDENCE OF A WATER LEAK AT WEST WALL IN THE 1st ROOM FROM NORTH LOCATED AT APT 1C, 1st STORY, 1st APARTMENT FROM EAST AT SOUTH",2024-01-09,19.0,VIOLATION CLOSED,2024-10-01,Original,Close,N,2024,2024.0,2025-11-23,1426 days,737 days,2,266 days,six months to a year
2748,2816,276,3043550001,2,M,,817,SCHENCK,AVENUE,11207,817 SCHENCK AVENUE,260,BOULEVARD,2021-12-28,BROOKLYN,1441,both,16564830,809352,389862.0,3,817,817,829,SCHENCK AVENUE,A,2024-01-04,2024-01-08,04/27/2024,04/13/2024,,,08/27/2024,508.0,8883789.0,"§ 27-2005 ADM CODE REPAIR THE BROKEN OR DEFECTIVE PLASTERED SURFACES AND PAINT IN A UNIFORM COLOR WEST WALL IN THE 1st ROOM FROM NORTH LOCATED AT APT 1C, 1st STORY, 1st APARTMENT FROM EAST AT SOUTH",2024-01-09,19.0,VIOLATION CLOSED,2024-10-01,Original,Close,N,2024,2024.0,2025-11-23,1426 days,737 days,2,266 days,six months to a year
2749,2817,276,3043550001,2,M,,817,SCHENCK,AVENUE,11207,817 SCHENCK AVENUE,260,BOULEVARD,2021-12-28,BROOKLYN,1441,both,16564835,809352,389862.0,3,817,817,829,SCHENCK AVENUE,A,2024-01-04,2024-01-08,04/27/2024,04/13/2024,,,08/27/2024,510.0,8883789.0,"§ 27-2005 ADM CODE & 309 M/D LAW ABATE THE NUISANCE CONSISTING OF HANGING FIBRE-OPTIC TV CABLES AT NORTH WALL IN THE FOYER LOCATED AT APT 1C, 1st STORY, 1st APARTMENT FROM EAST AT SOUTH",2024-01-09,19.0,VIOLATION CLOSED,2024-10-01,Original,Close,N,2024,2024.0,2025-11-23,1426 days,737 days,2,266 days,six months to a year
2750,2818,276,3043550001,2,M,,817,SCHENCK,AVENUE,11207,817 SCHENCK AVENUE,260,BOULEVARD,2021-12-28,BROOKLYN,1441,both,17008247,809352,389862.0,3,817,817,829,SCHENCK AVENUE,B,2024-05-30,2024-05-31,07/22/2024,07/08/2024,,,08/27/2024,508.0,9186795.0,"§ 27-2005 ADM CODE REPAIR THE BROKEN OR DEFECTIVE PLASTERED SURFACES AND PAINT IN A UNIFORM COLOR AT WEST WALL IN THE PRIVATE HALLWAY LOCATED AT APT 1C, 1st STORY, 1st APARTMENT FROM EAST AT SOUTH",2024-06-03,19.0,VIOLATION CLOSED,2024-10-01,Original,Close,N,2024,2024.0,2025-11-23,1426 days,884 days,2,120 days,three to six months
2751,2819,276,3043550001,2,M,,817,SCHENCK,AVENUE,11207,817 SCHENCK AVENUE,260,BOULEVARD,2021-12-28,BROOKLYN,1441,both,17008251,809352,389862.0,3,817,817,829,SCHENCK AVENUE,B,2024-05-30,2024-05-31,07/22/2024,07/08/2024,,,08/27/2024,508.0,9186795.0,"§ 27-2005 ADM CODE REPAIR THE BROKEN OR DEFECTIVE PLASTERED SURFACES AND PAINT IN A UNIFORM COLOR AT WEST WALL IN THE 1st ROOM FROM NORTH LOCATED AT APT 1C, 1st STORY, 1st APARTMENT FROM EAST AT SOUTH",2024-06-03,19.0,VIOLATION CLOSED,2024-10-01,Original,Close,N,2024,2024.0,2025-11-23,1426 days,884 days,2,120 days,three to six months
2752,2820,276,3043550001,2,M,,817,SCHENCK,AVENUE,11207,817 SCHENCK AVENUE,260,BOULEVARD,2021-12-28,BROOKLYN,1441,both,17008256,809352,389862.0,3,817,817,829,SCHENCK AVENUE,B,2024-05-30,2024-05-31,07/22/2024,07/08/2024,,,08/27/2024,508.0,9186795.0,"§ 27-2005 ADM CODE REPAIR THE BROKEN OR DEFECTIVE PLASTERED SURFACES AND PAINT IN A UNIFORM COLOR AT EAST WALL IN THE KITCHEN LOCATED AT APT 1C, 1st STORY, 1st APARTMENT FROM EAST AT SOUTH",2024-06-03,19.0,VIOLATION CLOSED,2024-10-01,Original,Close,N,2024,2024.0,2025-11-23,1426 days,884 days,2,120 days,three to six months
2753,2821,276,3043550001,2,M,,817,SCHENCK,AVENUE,11207,817 SCHENCK AVENUE,260,BOULEVARD,2021-12-28,BROOKLYN,1441,both,17056811,809352,389862.0,3,817,817,829,SCHENCK AVENUE,B,2024-06-18,2024-06-18,08/08/2024,07/25/2024,,,08/27/2024,508.0,9212639.0,"§ 27-2005 ADM CODE REPAIR THE BROKEN OR DEFECTIVE PLASTERED SURFACES AND PAINT IN A UNIFORM COLOR AT WEST WALL IN THE ENTRANCE LOCATED AT APT 1C, 1st STORY, 1st APARTMENT FROM NORTH AT EAST",2024-06-20,19.0,VIOLATION CLOSED,2024-10-01,Original,Close,N,2024,2024.0,2025-11-23,1426 days,903 days,2,103 days,three to six months
2754,2822,276,3043550001,2,M,,817,SCHENCK,AVENUE,11207,817 SCHENCK AVENUE,260,BOULEVARD,2021-12-28,BROOKLYN,1441,both,17056814,809352,389862.0,3,817,817,829,SCHENCK AVENUE,C,2024-06-18,2024-06-18,07/21/2024,07/16/2024,,,08/27/2024,568.0,9212641.0,"HMC ADM CODE: § 27-2017.4 ABATE THE INFESTATION CONSISTING OF ROACHES IN THE ENTIRE APARTMENT LOCATED AT APT 1C, 1st STORY, 1st APARTMENT FROM NORTH AT EAST",2024-06-20,21.0,NOT COMPLIED WITH,2025-07-07,Original,Open,N,2024,2024.0,2025-11-23,1426 days,903 days,2,521 days,more than a year
2755,2823,276,3043550001,2,M,,817,SCHENCK,AVENUE,11207,817 SCHENCK AVENUE,260,BOULEVARD,2021-12-28,BROOKLYN,1441,both,17056815,809352,389862.0,3,817,817,829,SCHENCK AVENUE,C,2024-06-18,2024-06-18,07/21/2024,07/16/2024,,,08/27/2024,569.0,9212641.0,"HMC ADM CODE: § 27-2017.4 ABATE THE INFESTATION CONSISTING OF MICE IN THE ENTIRE APARTMENT LOCATED AT APT 1C, 1st STORY, 1st APARTMENT FROM NORTH AT EAST",2024-06-20,19.0,VIOLATION CLOSED,2024-11-15,Original,Close,N,2024,2024.0,2025-11-23,1426 days,903 days,2,148 days,three to six months
2756,2824,276,3043550001,2,M,,817,SCHENCK,AVENUE,11207,817 SCHENCK AVENUE,260,BOULEVARD,2021-12-28,BROOKLYN,1441,both,17056816,809352,389862.0,3,817,817,829,SCHENCK AVENUE,C,2024-06-18,2024-06-19,07/03/2024,06/26/2024,,,08/27/2024,508.0,9212640.0,"§ 27-2005 ADM CODE REPAIR THE BROKEN OR DEFECTIVE PLASTERED SURFACES AND PAINT IN A UNIFORM COLOR AT CEILING IN THE BATHROOM LOCATED AT APT 1C, 1st STORY, 1st APARTMENT FROM NORTH AT EAST",2024-06-20,19.0,VIOLATION CLOSED,2024-10-01,Original,Close,N,2024,2024.0,2025-11-23,1426 days,903 days,2,103 days,three to six months
2757,2825,276,3043550001,2,M,,817,SCHENCK,AVENUE,11207,817 SCHENCK AVENUE,260,BOULEVARD,2021-12-28,BROOKLYN,1441,both,17056817,809352,389862.0,3,817,817,829,SCHENCK AVENUE,B,2024-06-18,2024-06-19,08/08/2024,07/25/2024,,,08/27/2024,583.0,9212639.0,"§ 27-2026, 2027 HMC: PROPERLY REPAIR THE SOURCE AND ABATE THE EVIDENCE OF A WATER LEAK AT CEILING IN THE BATHROOM LOCATED AT APT 1C, 1st STORY, 1st APARTMENT FROM NORTH AT EAST",2024-06-20,19.0,VIOLATION CLOSED,2024-10-01,Original,Close,N,2024,2024.0,2025-11-23,1426 days,903 days,2,103 days,three to six months
2758,2826,276,3043550001,2,M,,817,SCHENCK,AVENUE,11207,817 SCHENCK AVENUE,260,BOULEVARD,2021-12-28,BROOKLYN,1441,both,17056819,809352,389862.0,3,817,817,829,SCHENCK AVENUE,B,2024-06-18,2024-06-18,08/08/2024,07/25/2024,,,08/27/2024,502.0,9212639.0,"§ 27-2005 ADM CODE PROPERLY REPAIR WITH SIMILAR MATERIAL THE BROKEN OR DEFECTIVE WOOD BASE CABINET IN THE KITCHEN LOCATED AT APT 1C, 1st STORY, 1st APARTMENT FROM NORTH AT EAST",2024-06-20,19.0,VIOLATION CLOSED,2024-10-01,Original,Close,N,2024,2024.0,2025-11-23,1426 days,903 days,2,103 days,three to six months
2759,2827,276,3043550001,2,M,,817,SCHENCK,AVENUE,11207,817 SCHENCK AVENUE,260,BOULEVARD,2021-12-28,BROOKLYN,1441,both,17056820,809352,389862.0,3,817,817,829,SCHENCK AVENUE,B,2024-06-18,2024-06-18,08/08/2024,07/25/2024,,,08/27/2024,508.0,9212639.0,"§ 27-2005 ADM CODE REPAIR THE BROKEN OR DEFECTIVE PLASTERED SURFACES AND PAINT IN A UNIFORM COLOR AT NORTH AND SOUTH WALLS IN THE PRIVATE HALLWAY LOCATED AT APT 1C, 1st STORY, 1st APARTMENT FROM NORTH AT EAST",2024-06-20,19.0,VIOLATION CLOSED,2024-10-01,Original,Close,N,2024,2024.0,2025-11-23,1426 days,903 days,2,103 days,three to six months
2760,2828,276,3043550001,2,M,,817,SCHENCK,AVENUE,11207,817 SCHENCK AVENUE,260,BOULEVARD,2021-12-28,BROOKLYN,1441,both,17056821,809352,389862.0,3,817,817,829,SCHENCK AVENUE,B,2024-06-18,2024-06-18,08/08/2024,07/25/2024,,,08/27/2024,583.0,9212639.0,"§ 27-2026, 2027 HMC: PROPERLY REPAIR THE SOURCE AND ABATE THE EVIDENCE OF A WATER LEAK AT CEILING IN THE PRIVATE HALLWAY LOCATED AT APT 1C, 1st STORY, 1st APARTMENT FROM NORTH AT EAST",2024-06-20,19.0,VIOLATION CLOSED,2024-10-01,Original,Close,N,2024,2024.0,2025-11-23,1426 days,903 days,2,103 days,three to six months
2761,2829,276,3043550001,2,M,,817,SCHENCK,AVENUE,11207,817 SCHENCK AVENUE,260,BOULEVARD,2021-12-28,BROOKLYN,1441,both,17056822,809352,389862.0,3,817,817,829,SCHENCK AVENUE,B,2024-06-18,2024-06-18,08/08/2024,07/25/2024,,,08/27/2024,508.0,9212639.0,"§ 27-2005 ADM CODE REPAIR THE BROKEN OR DEFECTIVE PLASTERED SURFACES AND PAINT IN A UNIFORM COLOR AT SOUTH WALL IN CLOSET IN THE PRIVATE HALLWAY LOCATED AT APT 1C, 1st STORY, 1st APARTMENT FROM NORTH AT EAST",2024-06-20,19.0,VIOLATION CLOSED,2024-10-01,Original,Close,N,2024,2024.0,2025-11-23,1426 days,903 days,2,103 days,three to six months
2762,2830,276,3043550001,2,M,,817,SCHENCK,AVENUE,11207,817 SCHENCK AVENUE,260,BOULEVARD,2021-12-28,BROOKLYN,1441,both,17056823,809352,389862.0,3,817,817,829,SCHENCK AVENUE,A,2024-06-18,2024-06-18,10/07/2024,09/23/2024,,,08/27/2024,506.0,9212638.0,"§ 27-2005 ADM CODE REPLACE WITH NEW THE MISSING HEAT RISER ESCUTCHEON PLATE IN THE BATHROOM LOCATED AT APT 1C, 1st STORY, 1st APARTMENT FROM NORTH AT EAST",2024-06-20,19.0,VIOLATION CLOSED,2024-10-01,Original,Close,N,2024,2024.0,2025-11-23,1426 days,903 days,2,103 days,three to six months
2763,2831,276,3043550001,2,M,,817,SCHENCK,AVENUE,11207,817 SCHENCK AVENUE,260,BOULEVARD,2021-12-28,BROOKLYN,1441,both,17056825,809352,389862.0,3,817,817,829,SCHENCK AVENUE,A,2024-06-18,2024-06-18,10/07/2024,09/23/2024,,,08/27/2024,506.0,9212638.0,"§ 27-2005 ADM CODE REPLACE WITH NEW THE MISSING ESCUTCHEON PLATE FOR SHOWER BODY AT BATHTUB IN THE BATHROOM LOCATED AT APT 1C, 1st STORY, 1st APARTMENT FROM NORTH AT EAST",2024-06-20,19.0,VIOLATION CLOSED,2024-10-01,Original,Close,N,2024,2024.0,2025-11-23,1426 days,903 days,2,103 days,three to six months
2764,2832,276,3043550001,2,M,,817,SCHENCK,AVENUE,11207,817 SCHENCK AVENUE,260,BOULEVARD,2021-12-28,BROOKLYN,1441,both,17056826,809352,389862.0,3,817,817,829,SCHENCK AVENUE,B,2024-06-18,2024-06-18,08/08/2024,07/25/2024,,,,522.0,9212639.0,"§ 27-2005, 2007 ADM CODE FIRE EGRESS DEFECTIVE. REMOVE OBSTRUCTING BARS OR UNLAWFUL GATES FROM AT LEAST 1 WINDOW OR PROVIDE APPROVED TYPE GATE IN THE ENTIRE APARTMENT LOCATED AT APT 1C, 1st STORY, 1st APARTMENT FROM NORTH AT EAST",2024-06-20,19.0,VIOLATION CLOSED,2024-10-01,Original,Close,N,2024,2024.0,2025-11-23,1426 days,903 days,2,103 days,three to six months
2765,2833,276,3043550001,2,M,,817,SCHENCK,AVENUE,11207,817 SCHENCK AVENUE,260,BOULEVARD,2021-12-28,BROOKLYN,1441,both,17773092,809352,389862.0,3,817,817,829,SCHENCK AVENUE,C,2025-03-20,2025-03-20,04/03/2025,03/27/2025,,,04/08/2025,502.0,9681139.0,"§ 27-2005 ADM CODE PROPERLY REPAIR WITH SIMILAR MATERIAL THE BROKEN OR DEFECTIVE WOOD FLOOR IN THE 1st ROOM FROM NORTH LOCATED AT APT 3C, 3rd STORY, 1st APARTMENT FROM SOUTH AT WEST , SECTION ''829''",2025-03-21,22.0,FIRST NO ACCESS TO RE- INSPECT VIOLATION,2025-07-07,Original,Open,N,2025,2025.0,2025-11-23,1426 days,1178 days,3,247 days,six months to a year
2766,2834,276,3043550001,2,M,,817,SCHENCK,AVENUE,11207,817 SCHENCK AVENUE,260,BOULEVARD,2021-12-28,BROOKLYN,1441,both,17773094,809352,389862.0,3,817,817,829,SCHENCK AVENUE,C,2025-03-20,2025-03-20,04/03/2025,03/27/2025,,,04/08/2025,501.0,9681139.0,"§ 27-2005 HMC: PROPERLY REPAIR OR REPLACE THE BROKEN OR DEFECTIVE CONNECTION AT LOWER LEFT BETWEEN STEAM PIPE AND RADIATOR AT WEST WALL IN THE 1st ROOM FROM NORTH LOCATED AT APT 3C, 3rd STORY, 1st APARTMENT FROM SOUTH AT WEST , SECTION ''829''",2025-03-21,22.0,FIRST NO ACCESS TO RE- INSPECT VIOLATION,2025-07-07,Original,Open,N,2025,2025.0,2025-11-23,1426 days,1178 days,3,247 days,six months to a year
2767,2835,276,3043550001,2,M,,817,SCHENCK,AVENUE,11207,817 SCHENCK AVENUE,260,BOULEVARD,2021-12-28,BROOKLYN,1441,both,18078040,809352,389862.0,3,817,817,829,SCHENCK AVENUE,C,2025-07-09,2025-07-09,07/29/2025,07/24/2025,,,07/10/2025,530.0,9903130.0,"§ 27-2005, 27-2007, 27-2041.1 HMC, §238, § 309; § 107 (2) ( C) MDL AND 28 RCNY §25-171: REPLACE OR REPAIR THE SELF-CLOSING DOORS THAT IS MISSING OR DEFECTIVE LATCH SET , 1st STORY, SECTION ''829''",2025-07-10,19.0,VIOLATION CLOSED,2025-08-06,Original,Close,N,2025,2025.0,2025-11-23,1426 days,1289 days,3,27 days,one week to a month
2768,2836,276,3043550001,2,M,,817,SCHENCK,AVENUE,11207,817 SCHENCK AVENUE,260,BOULEVARD,2021-12-28,BROOKLYN,1441,both,18037792,809352,389862.0,3,817,817,829,SCHENCK AVENUE,A,2025-06-18,2025-06-20,10/14/2025,09/30/2025,,,08/06/2025,501.0,9886491.0,"§ 27-2005 HMC: PROPERLY REPAIR OR REPLACE THE BROKEN OR DEFECTIVE MORTISE LOCK AT DOOR IN THE ENTRANCE LOCATED AT APT 1C, 1st STORY, 1st APARTMENT FROM SOUTH AT WEST",2025-06-27,9.0,VIOLATION DISMISSED,2025-10-17,Original,Close,N,2025,2025.0,2025-11-23,1426 days,1268 days,3,112 days,three to six months
2769,2837,276,3043550001,2,M,,817,SCHENCK,AVENUE,11207,817 SCHENCK AVENUE,260,BOULEVARD,2021-12-28,BROOKLYN,1441,both,18037793,809352,389862.0,3,817,817,829,SCHENCK AVENUE,A,2025-06-18,2025-06-20,10/14/2025,09/30/2025,,,08/06/2025,508.0,9886491.0,"§ 27-2005 ADM CODE REPAIR THE BROKEN OR DEFECTIVE PLASTERED SURFACES AND PAINT IN A UNIFORM COLOR THE CEILING AND WEST WALL IN THE BATHROOM LOCATED AT APT 1C, 1st STORY, 1st APARTMENT FROM SOUTH AT WEST",2025-06-27,9.0,VIOLATION DISMISSED,2025-10-17,Original,Close,N,2025,2025.0,2025-11-23,1426 days,1268 days,3,112 days,three to six months
2770,2838,276,3043550001,2,M,,817,SCHENCK,AVENUE,11207,817 SCHENCK AVENUE,260,BOULEVARD,2021-12-28,BROOKLYN,1441,both,15143632,809352,389862.0,3,817,817,829,SCHENCK AVENUE,C,2022-05-09,2022-05-10,05/24/2022,05/17/2022,,,,583.0,7904338.0,"§ 27-2026, 2027 HMC: PROPERLY REPAIR THE SOURCE AND ABATE THE EVIDENCE OF A WATER LEAK AT CEILING IN THE BATHROOM LOCATED AT APT 2E, 2nd STORY, 2nd APARTMENT FROM SOUTH AT WEST",2022-05-11,19.0,VIOLATION CLOSED,2022-06-27,Original,Close,N,2022,2022.0,2025-11-23,1426 days,132 days,0,47 days,one to three months
2771,2839,276,3043550001,2,M,,817,SCHENCK,AVENUE,11207,817 SCHENCK AVENUE,260,BOULEVARD,2021-12-28,BROOKLYN,1441,both,17773093,809352,389862.0,3,817,817,829,SCHENCK AVENUE,C,2025-03-20,2025-03-20,04/03/2025,03/27/2025,,,04/08/2025,501.0,9681139.0,"§ 27-2005 HMC: PROPERLY REPAIR OR REPLACE THE BROKEN OR DEFECTIVE BROKEN LOWER WINDOW SASH INNER GLASS PANE 2ND WINDOW FROM SOUTH AT WEST WALL IN THE 1st ROOM FROM NORTH LOCATED AT APT 3C, 3rd STORY, 1st APARTMENT FROM SOUTH AT WEST , SECTION ''829''",2025-03-21,22.0,FIRST NO ACCESS TO RE- INSPECT VIOLATION,2025-07-07,Original,Open,N,2025,2025.0,2025-11-23,1426 days,1178 days,3,247 days,six months to a year
2772,2840,276,3043550001,2,M,,817,SCHENCK,AVENUE,11207,817 SCHENCK AVENUE,260,BOULEVARD,2021-12-28,BROOKLYN,1441,both,15462195,809352,389862.0,3,817,817,829,SCHENCK AVENUE,B,2022-11-02,2022-11-03,12/23/2022,12/09/2022,,,08/20/2024,501.0,8111621.0,"§ 27-2005 ADM CODE PROPERLY REPAIR THE BROKEN OR DEFECTIVE ELECTRICAL OUTLET AT NORTH WALL IN THE KITCHEN LOCATED AT APT 4F, 4th STORY, 1st APARTMENT FROM WEST AT NORTH",2022-11-04,19.0,VIOLATION CLOSED,2024-10-01,Original,Close,N,2022,2022.0,2025-11-23,1426 days,309 days,0,697 days,more than a year
2773,2841,276,3043550001,2,M,,817,SCHENCK,AVENUE,11207,817 SCHENCK AVENUE,260,BOULEVARD,2021-12-28,BROOKLYN,1441,both,17008249,809352,389862.0,3,817,817,829,SCHENCK AVENUE,C,2024-05-30,2024-05-31,07/04/2024,06/29/2024,,,,568.0,9186796.0,"HMC ADM CODE: § 27-2017.4 ABATE THE INFESTATION CONSISTING OF ROACHES IN THE ENTIRE APARTMENT LOCATED AT APT 1C, 1st STORY, 1st APARTMENT FROM EAST AT SOUTH",2024-06-03,21.0,NOT COMPLIED WITH,2025-07-07,Original,Open,N,2024,2024.0,2025-11-23,1426 days,884 days,2,538 days,more than a year
2774,2842,276,3043550001,2,M,,817,SCHENCK,AVENUE,11207,817 SCHENCK AVENUE,260,BOULEVARD,2021-12-28,BROOKLYN,1441,both,17008253,809352,389862.0,3,817,817,829,SCHENCK AVENUE,B,2024-05-30,2024-05-31,07/22/2024,07/08/2024,,,08/27/2024,508.0,9186795.0,"§ 27-2005 ADM CODE REPAIR THE BROKEN OR DEFECTIVE PLASTERED SURFACES AND PAINT IN A UNIFORM COLOR AT NORTH WALL IN THE FOYER LOCATED AT APT 1C, 1st STORY, 1st APARTMENT FROM EAST AT SOUTH",2024-06-03,19.0,VIOLATION CLOSED,2024-10-01,Original,Close,N,2024,2024.0,2025-11-23,1426 days,884 days,2,120 days,three to six months
2775,2843,276,3043550001,2,M,,817,SCHENCK,AVENUE,11207,817 SCHENCK AVENUE,260,BOULEVARD,2021-12-28,BROOKLYN,1441,both,15143640,809352,389862.0,3,817,817,829,SCHENCK AVENUE,C,2022-05-09,2022-05-10,06/11/2022,06/06/2022,,,09/03/2022,568.0,7904339.0,"HMC ADM CODE: § 27-2017.4 ABATE THE INFESTATION CONSISTING OF ROACHES IN THE ENTIRE APARTMENT LOCATED AT APT 2E, 2nd STORY, 2nd APARTMENT FROM SOUTH AT WEST",2022-05-11,22.0,FIRST NO ACCESS TO RE- INSPECT VIOLATION,2025-09-18,Original,Open,N,2022,2022.0,2025-11-23,1426 days,132 days,0,1292 days,more than a year
2776,2844,276,3043550001,2,M,,817,SCHENCK,AVENUE,11207,817 SCHENCK AVENUE,260,BOULEVARD,2021-12-28,BROOKLYN,1441,both,15361420,809352,389862.0,3,817,817,829,SCHENCK AVENUE,B,2022-05-09,2022-09-08,10/27/2022,10/13/2022,,,,550.0,8030738.0,"§ 27-2017.3 HMC: TRACE AND REPAIR THE SOURCE AND ABATE THE VISIBLE MOLD CONDITION... APPROX 3 SQ FT AT CEILING IN THE BATHROOM LOCATED AT APT 2E, 2nd STORY, 2nd APARTMENT FROM SOUTH AT WEST ORIGINAL VIOLATION 15143636 ISSUED 09-MAY-22 HAS BEEN UPGRADED TO CLASS B PER ADMINISTRATIVE CODE §27-2017.3a(3)(a) or (b).",2022-09-08,22.0,FIRST NO ACCESS TO RE- INSPECT VIOLATION,2025-09-18,Original,Open,N,2022,2022.0,2025-11-23,1426 days,132 days,0,1172 days,more than a year
2777,2845,276,3043550001,2,M,,817,SCHENCK,AVENUE,11207,817 SCHENCK AVENUE,260,BOULEVARD,2021-12-28,BROOKLYN,1441,both,16564831,809352,389862.0,3,817,817,829,SCHENCK AVENUE,B,2024-01-04,2024-01-08,02/27/2024,02/13/2024,,,08/27/2024,502.0,8883790.0,"§ 27-2005 ADM CODE PROPERLY REPAIR WITH SIMILAR MATERIAL THE BROKEN OR DEFECTIVE VINYL FLOOR TILES IN THE 1st ROOM FROM NORTH LOCATED AT APT 1C, 1st STORY, 1st APARTMENT FROM EAST AT SOUTH",2024-01-09,19.0,VIOLATION CLOSED,2024-10-01,Original,Close,N,2024,2024.0,2025-11-23,1426 days,737 days,2,266 days,six months to a year
2778,2846,276,3043550001,2,M,,817,SCHENCK,AVENUE,11207,817 SCHENCK AVENUE,260,BOULEVARD,2021-12-28,BROOKLYN,1441,both,16564832,809352,389862.0,3,817,817,829,SCHENCK AVENUE,C,2024-01-04,2024-01-08,02/09/2024,02/04/2024,,,02/02/2024,567.0,8883792.0,"HMC ADM CODE: § 27-2017.4 ABATE THE INFESTATION CONSISTING OF RODENTS , RATS EXCREMENT IN THE ENTIRE APARTMENT LOCATED AT APT 1C, 1st STORY, 1st APARTMENT FROM EAST AT SOUTH",2024-01-09,9.0,VIOLATION DISMISSED,2024-04-15,Original,Close,Y,2024,2024.0,2025-11-23,1426 days,737 days,2,97 days,three to six months
2779,2847,276,3043550001,2,M,,817,SCHENCK,AVENUE,11207,817 SCHENCK AVENUE,260,BOULEVARD,2021-12-28,BROOKLYN,1441,both,15462196,809352,389862.0,3,817,817,829,SCHENCK AVENUE,B,2022-11-02,2022-11-03,12/23/2022,12/09/2022,,,08/20/2024,1503.0,8111621.0,"§ 27-2046.1 HMC: REPAIR OR REPLACE THE CARBON MONOXIDE DETECTING DEVICE(S). DEFECTIVE IN THE ENTIRE APARTMENT LOCATED AT APT 4F, 4th STORY, 1st APARTMENT FROM WEST AT NORTH",2022-11-04,19.0,VIOLATION CLOSED,2024-10-01,Original,Close,N,2022,2022.0,2025-11-23,1426 days,309 days,0,697 days,more than a year
2780,2848,276,3043550001,2,M,,817,SCHENCK,AVENUE,11207,817 SCHENCK AVENUE,260,BOULEVARD,2021-12-28,BROOKLYN,1441,both,15462197,809352,389862.0,3,817,817,829,SCHENCK AVENUE,B,2022-11-02,2022-11-03,12/23/2022,12/09/2022,,,08/20/2024,702.0,8111621.0,"§ 27-2045 ADM CODE REPAIR OR REPLACE THE SMOKE DETECTOR DEFECTIVE IN THE ENTIRE APARTMENT LOCATED AT APT 4F, 4th STORY, 1st APARTMENT FROM WEST AT NORTH",2022-11-04,19.0,VIOLATION CLOSED,2024-10-01,Original,Close,N,2022,2022.0,2025-11-23,1426 days,309 days,0,697 days,more than a year
2781,2849,276,3043550001,2,M,,817,SCHENCK,AVENUE,11207,817 SCHENCK AVENUE,260,BOULEVARD,2021-12-28,BROOKLYN,1441,both,15462199,809352,389862.0,3,817,817,829,SCHENCK AVENUE,C,2022-11-02,2022-11-04,11/20/2022,11/13/2022,,,08/20/2024,526.0,8121597.0,"§ 27-2005, 2007 ADM CODE REMOVE THE ILLEGAL FASTENING SLIDE BOLT CAPABLE OF BEING PADLOCKED AT DOOR IN THE ENTRANCE LOCATED AT APT 4F, 4th STORY, 1st APARTMENT FROM WEST AT NORTH",2022-11-07,19.0,VIOLATION CLOSED,2024-10-01,Original,Close,Y,2022,2022.0,2025-11-23,1426 days,309 days,0,694 days,more than a year
2782,2850,276,3043550001,2,M,,817,SCHENCK,AVENUE,11207,817 SCHENCK AVENUE,260,BOULEVARD,2021-12-28,BROOKLYN,1441,both,17597619,809352,389862.0,3,817,817,829,SCHENCK AVENUE,C,2024-12-30,2025-01-02,01/22/2025,01/17/2025,,,01/16/2025,530.0,9562553.0,"§ 27-2005, 27-2007, 27-2041.1 HMC, §238, § 309; § 107 (2) ( C) MDL AND 28 RCNY §25-171: REPLACE OR REPAIR THE SELF-CLOSING DOORS THAT IS MISSING OR DEFECTIVE HINGES IN THE ENTRANCE LOCATED AT APT 4F, 4th STORY, 1st APARTMENT FROM WEST AT NORTH",2025-01-03,19.0,VIOLATION CLOSED,2025-01-25,Original,Close,N,2024,2025.0,2025-11-23,1426 days,1098 days,3,22 days,one week to a month
2783,2851,276,3043550001,2,M,,817,SCHENCK,AVENUE,11207,817 SCHENCK AVENUE,260,BOULEVARD,2021-12-28,BROOKLYN,1441,both,15143635,809352,389862.0,3,817,817,829,SCHENCK AVENUE,B,2022-05-09,2022-05-10,06/29/2022,06/15/2022,,,03/06/2025,508.0,7904337.0,"§ 27-2005 ADM CODE REPAIR THE BROKEN OR DEFECTIVE PLASTERED SURFACES AND PAINT IN A UNIFORM COLOR THE WEST WALL IN THE KITCHEN LOCATED AT APT 2E, 2nd STORY, 2nd APARTMENT FROM SOUTH AT WEST",2022-05-11,22.0,FIRST NO ACCESS TO RE- INSPECT VIOLATION,2025-09-18,Original,Open,N,2022,2022.0,2025-11-23,1426 days,132 days,0,1292 days,more than a year
2784,2852,276,3043550001,2,M,,817,SCHENCK,AVENUE,11207,817 SCHENCK AVENUE,260,BOULEVARD,2021-12-28,BROOKLYN,1441,both,15143637,809352,389862.0,3,817,817,829,SCHENCK AVENUE,B,2022-05-09,2022-05-10,06/29/2022,06/15/2022,,,03/06/2025,509.0,7904337.0,"§ 27-2005 ADM CODE PROPERLY SECURE THE LOOSE UPPER CABINET AT WEST WALL IN THE KITCHEN LOCATED AT APT 2E, 2nd STORY, 2nd APARTMENT FROM SOUTH AT WEST",2022-05-11,22.0,FIRST NO ACCESS TO RE- INSPECT VIOLATION,2025-09-18,Original,Open,N,2022,2022.0,2025-11-23,1426 days,132 days,0,1292 days,more than a year
2785,2853,276,3043550001,2,M,,817,SCHENCK,AVENUE,11207,817 SCHENCK AVENUE,260,BOULEVARD,2021-12-28,BROOKLYN,1441,both,17773090,809352,389862.0,3,817,817,829,SCHENCK AVENUE,B,2025-03-20,2025-03-20,05/09/2025,04/25/2025,,,04/10/2025,501.0,9681138.0,"§ 27-2005 HMC: PROPERLY REPAIR OR REPLACE THE BROKEN OR DEFECTIVE FIRE RATED DOOR IN THE ENTRANCE LOCATED AT APT 3C, 3rd STORY, 1st APARTMENT FROM SOUTH AT WEST , SECTION ''829''",2025-03-21,9.0,VIOLATION DISMISSED,2025-06-27,Original,Close,N,2025,2025.0,2025-11-23,1426 days,1178 days,3,98 days,three to six months
2786,2854,276,3043550001,2,M,,817,SCHENCK,AVENUE,11207,817 SCHENCK AVENUE,260,BOULEVARD,2021-12-28,BROOKLYN,1441,both,17773091,809352,389862.0,3,817,817,829,SCHENCK AVENUE,B,2025-03-20,2025-03-20,05/09/2025,04/25/2025,,,04/10/2025,510.0,9681138.0,"§ 27-2005 ADM CODE & 309 M/D LAW ABATE THE NUISANCE CONSISTING OF SLIDING BOLT WITH EYE CAPABLE OF RECEIVING A PAD LOCK INSTALLED AT INNER AND OUTER OF THE DOOR ( TOTAL 2 ) IN THE ENTRANCE LOCATED AT APT 3C, 3rd STORY, 1st APARTMENT FROM SOUTH AT WEST , SECTION ''829''",2025-03-21,9.0,VIOLATION DISMISSED,2025-06-27,Original,Close,N,2025,2025.0,2025-11-23,1426 days,1178 days,3,98 days,three to six months
2787,2855,276,3043550001,2,M,,817,SCHENCK,AVENUE,11207,817 SCHENCK AVENUE,260,BOULEVARD,2021-12-28,BROOKLYN,1441,both,17773089,809352,389862.0,3,817,817,829,SCHENCK AVENUE,C,2025-03-20,2025-03-20,04/09/2025,04/04/2025,,,04/08/2025,530.0,9681140.0,"§ 27-2005, 27-2007, 27-2041.1 HMC, §238, § 309; § 107 (2) ( C) MDL AND 28 RCNY §25-171: REPLACE OR REPAIR THE SELF-CLOSING DOORS THAT IS MISSING OR DEFECTIVE HINGES AT DOOR IN THE ENTRANCE LOCATED AT APT 3C, 3rd STORY, 1st APARTMENT FROM SOUTH AT WEST , SECTION ''829''",2025-03-21,9.0,VIOLATION DISMISSED,2025-06-20,Original,Close,N,2025,2025.0,2025-11-23,1426 days,1178 days,3,91 days,three to six months
2788,2856,278,3043550001,3,M,,2156,LINDEN,BOULEVARD,11207,2156 LINDEN BOULEVARD,260,BOULEVARD,2021-12-28,BROOKLYN,1441,both,15881691,808714,389863.0,3,2156,2156,2156,LINDEN BOULEVARD,A,2023-03-29,2023-03-29,07/16/2023,07/02/2023,,,,1507.0,8417091.0,"(A) § HMC:FILE ANNUAL BEDBUG REPORT IN ACCORDANCE WITH HPD RULE AS DESCRIBED ON THE BACK OF THIS NOTICE OF VIOLATION OR AS DESCRIBED ON HPDS WEBSITE, WWW.NYC.GOV\HPD, SEARCH BED BUGS.",2023-03-29,9.0,VIOLATION DISMISSED,2023-12-04,Original,Close,N,2023,2023.0,2025-11-23,1426 days,456 days,1,250 days,six months to a year
2789,2857,278,3043550001,3,M,,2156,LINDEN,BOULEVARD,11207,2156 LINDEN BOULEVARD,260,BOULEVARD,2021-12-28,BROOKLYN,1441,both,14827088,808714,389863.0,3,2156,2156,2156,LINDEN BOULEVARD,B,2022-02-14,2022-02-15,04/06/2022,03/23/2022,,,,501.0,7659714.0,"§ 27-2005 ADM CODE PROPERLY REPAIR THE BROKEN OR DEFECTIVE RADIATOR SHUT OFF VALVE IN THE 3rd ROOM FROM NORTH LOCATED AT APT 5G, 5th STORY, 1st APARTMENT FROM NORTH AT EAST",2022-02-16,19.0,VIOLATION CLOSED,2025-08-29,Original,Close,N,2022,2022.0,2025-11-23,1426 days,48 days,0,1290 days,more than a year
2790,2858,278,3043550001,3,M,,2156,LINDEN,BOULEVARD,11207,2156 LINDEN BOULEVARD,260,BOULEVARD,2021-12-28,BROOKLYN,1441,both,17239595,808714,389863.0,3,2156,2156,2156,LINDEN BOULEVARD,C,2024-09-02,2024-09-02,09/22/2024,09/17/2024,,,,530.0,9318119.0,"§ 27-2005, 27-2007, 27-2041.1 HMC, §238, § 309; § 107 (2) ( C) MDL AND 28 RCNY §25-171: REPLACE OR REPAIR THE SELF-CLOSING DOORS THAT IS MISSING OR DEFECTIVE AT FRONT ENTRANCE TO BUILDING HINGE , 1st STORY",2024-09-03,19.0,VIOLATION CLOSED,2024-12-27,Original,Close,N,2024,2024.0,2025-11-23,1426 days,979 days,2,115 days,three to six months
2791,2859,278,3043550001,3,M,,2156,LINDEN,BOULEVARD,11207,2156 LINDEN BOULEVARD,260,BOULEVARD,2021-12-28,BROOKLYN,1441,both,15166946,808714,389863.0,3,2156,2156,2156,LINDEN BOULEVARD,B,2022-05-23,2022-05-25,07/14/2022,06/30/2022,,,09/03/2022,505.0,7920521.0,"§ 27-2005 ADM CODE REPLACE WITH NEW THE BROKEN OR DEFECTIVE DOOR AT BULKHEAD AT PUBLIC HALL, 14th STORY",2022-05-26,19.0,VIOLATION CLOSED,2024-12-27,Original,Close,N,2022,2022.0,2025-11-23,1426 days,146 days,0,946 days,more than a year
2792,2860,278,3043550001,3,M,,2156,LINDEN,BOULEVARD,11207,2156 LINDEN BOULEVARD,260,BOULEVARD,2021-12-28,BROOKLYN,1441,both,17239594,808714,389863.0,3,2156,2156,2156,LINDEN BOULEVARD,C,2024-09-02,2024-09-02,09/16/2024,09/09/2024,,,,501.0,9318118.0,"§ 27-2005 HMC: PROPERLY REPAIR OR REPLACE THE BROKEN OR DEFECTIVE LOCKING DEVICE AT FRONT ENTRANCE DOOR TO BUILDING , 1st STORY",2024-09-03,19.0,VIOLATION CLOSED,2024-12-27,Original,Close,N,2024,2024.0,2025-11-23,1426 days,979 days,2,115 days,three to six months
2793,2861,278,3043550001,3,M,,2156,LINDEN,BOULEVARD,11207,2156 LINDEN BOULEVARD,260,BOULEVARD,2021-12-28,BROOKLYN,1441,both,16615481,808714,389863.0,3,2156,2156,2156,LINDEN BOULEVARD,B,2024-01-23,2024-01-24,03/14/2024,02/29/2024,,,02/27/2024,508.0,8910368.0,"§ 27-2005 ADM CODE REPAIR THE BROKEN OR DEFECTIVE PLASTERED SURFACES AND PAINT IN A UNIFORM COLOR THE WEST WALL IN THE BATHROOM LOCATED AT APT 1F, 1st STORY, 1st APARTMENT FROM WEST AT NORTH",2024-01-25,9.0,VIOLATION DISMISSED,2024-05-09,Original,Close,N,2024,2024.0,2025-11-23,1426 days,756 days,2,105 days,three to six months
2794,2862,278,3043550001,3,M,,2156,LINDEN,BOULEVARD,11207,2156 LINDEN BOULEVARD,260,BOULEVARD,2021-12-28,BROOKLYN,1441,both,16612121,808714,389863.0,3,2156,2156,2156,LINDEN BOULEVARD,B,2024-01-21,2024-01-21,03/11/2024,02/26/2024,,,08/15/2024,507.0,8904152.0,"§ 27-2005 ADM CODE REPAIR THE ROOF SO THAT IT WILL NOT LEAK OVER THE CEILING IN THE FOYER LOCATED AT APT 14E, 14th STORY, 2nd APARTMENT FROM EAST AT SOUTH",2024-01-22,19.0,VIOLATION CLOSED,2024-12-27,Original,Close,Y,2024,2024.0,2025-11-23,1426 days,754 days,2,340 days,six months to a year
2795,2863,278,3043550001,3,M,,2156,LINDEN,BOULEVARD,11207,2156 LINDEN BOULEVARD,260,BOULEVARD,2021-12-28,BROOKLYN,1441,both,16612116,808714,389863.0,3,2156,2156,2156,LINDEN BOULEVARD,B,2024-01-21,2024-01-21,03/11/2024,02/26/2024,,,08/15/2024,507.0,8904152.0,"§ 27-2005 ADM CODE REPAIR THE ROOF SO THAT IT WILL NOT LEAK OVER THE CEILING IN THE KITCHEN LOCATED AT APT 14E, 14th STORY, 2nd APARTMENT FROM EAST AT SOUTH",2024-01-22,19.0,VIOLATION CLOSED,2024-12-27,Original,Close,Y,2024,2024.0,2025-11-23,1426 days,754 days,2,340 days,six months to a year
2796,2864,278,3043550001,3,M,,2156,LINDEN,BOULEVARD,11207,2156 LINDEN BOULEVARD,260,BOULEVARD,2021-12-28,BROOKLYN,1441,both,17190872,808714,389863.0,3,2156,2156,2156,LINDEN BOULEVARD,B,2024-08-13,2024-08-14,10/03/2024,09/19/2024,,,,501.0,9291741.0,"§ 27-2005 HMC: PROPERLY REPAIR OR REPLACE THE BROKEN OR DEFECTIVE MORTISE LOCK AT BUILDING FRONT ENTRANCE , 1st STORY",2024-08-15,19.0,VIOLATION CLOSED,2024-12-27,Original,Close,N,2024,2024.0,2025-11-23,1426 days,959 days,2,134 days,three to six months
2797,2865,278,3043550001,3,M,,2156,LINDEN,BOULEVARD,11207,2156 LINDEN BOULEVARD,260,BOULEVARD,2021-12-28,BROOKLYN,1441,both,18201203,808714,389863.0,3,2156,2156,2156,LINDEN BOULEVARD,A,2025-08-28,2025-08-29,12/20/2025,12/06/2025,,,10/30/2025,501.0,9975282.0,"§ 27-2005 HMC: PROPERLY REPAIR OR REPLACE THE BROKEN OR DEFECTIVE LATCH IN THE ENTRANCE LOCATED AT APT 5G, 5th STORY, 1st APARTMENT FROM NORTH AT EAST",2025-09-02,10.0,CIV14 MAILED,2025-10-31,Original,Open,N,2025,2025.0,2025-11-23,1426 days,1339 days,3,82 days,one to three months
2798,2866,278,3043550001,3,M,,2156,LINDEN,BOULEVARD,11207,2156 LINDEN BOULEVARD,260,BOULEVARD,2021-12-28,BROOKLYN,1441,both,15007559,808714,389863.0,3,2156,2156,2156,LINDEN BOULEVARD,A,2022-03-08,2022-03-08,06/25/2022,06/11/2022,,,,1507.0,7794299.0,"(A) § HMC:FILE ANNUAL BEDBUG REPORT IN ACCORDANCE WITH HPD RULE AS DESCRIBED ON THE BACK OF THIS NOTICE OF VIOLATION OR AS DESCRIBED ON HPDS WEBSITE, WWW.NYC.GOV\HPD, SEARCH BED BUGS.",2022-03-08,9.0,VIOLATION DISMISSED,2022-07-25,Original,Close,N,2022,2022.0,2025-11-23,1426 days,70 days,0,139 days,three to six months
2799,2867,278,3043550001,3,M,,2156,LINDEN,BOULEVARD,11207,2156 LINDEN BOULEVARD,260,BOULEVARD,2021-12-28,BROOKLYN,1441,both,16612118,808714,389863.0,3,2156,2156,2156,LINDEN BOULEVARD,B,2024-01-21,2024-01-21,03/11/2024,02/26/2024,,,08/15/2024,508.0,8904152.0,"§ 27-2005 ADM CODE REPAIR THE BROKEN OR DEFECTIVE PLASTERED SURFACES AND PAINT IN A UNIFORM COLOR AT THE CEILING IN THE 1st ROOM FROM EAST LOCATED AT APT 14E, 14th STORY, 2nd APARTMENT FROM EAST AT SOUTH",2024-01-22,19.0,VIOLATION CLOSED,2024-12-27,Original,Close,N,2024,2024.0,2025-11-23,1426 days,754 days,2,340 days,six months to a year
2800,2868,278,3043550001,3,M,,2156,LINDEN,BOULEVARD,11207,2156 LINDEN BOULEVARD,260,BOULEVARD,2021-12-28,BROOKLYN,1441,both,16612119,808714,389863.0,3,2156,2156,2156,LINDEN BOULEVARD,B,2024-01-21,2024-01-21,03/11/2024,02/26/2024,,,08/15/2024,508.0,8904152.0,"§ 27-2005 ADM CODE REPAIR THE BROKEN OR DEFECTIVE PLASTERED SURFACES AND PAINT IN A UNIFORM COLOR AT THE CEILING IN THE 3rd ROOM FROM EAST LOCATED AT APT 14E, 14th STORY, 2nd APARTMENT FROM EAST AT SOUTH",2024-01-22,19.0,VIOLATION CLOSED,2024-12-27,Original,Close,N,2024,2024.0,2025-11-23,1426 days,754 days,2,340 days,six months to a year
2801,2869,278,3043550001,3,M,,2156,LINDEN,BOULEVARD,11207,2156 LINDEN BOULEVARD,260,BOULEVARD,2021-12-28,BROOKLYN,1441,both,16612120,808714,389863.0,3,2156,2156,2156,LINDEN BOULEVARD,B,2024-01-21,2024-01-21,03/11/2024,02/26/2024,,,08/15/2024,507.0,8904152.0,"§ 27-2005 ADM CODE REPAIR THE ROOF SO THAT IT WILL NOT LEAK OVER THE CEILING IN THE 3rd ROOM FROM EAST LOCATED AT APT 14E, 14th STORY, 2nd APARTMENT FROM EAST AT SOUTH",2024-01-22,19.0,VIOLATION CLOSED,2024-12-27,Original,Close,Y,2024,2024.0,2025-11-23,1426 days,754 days,2,340 days,six months to a year
2802,2870,278,3043550001,3,M,,2156,LINDEN,BOULEVARD,11207,2156 LINDEN BOULEVARD,260,BOULEVARD,2021-12-28,BROOKLYN,1441,both,16615478,808714,389863.0,3,2156,2156,2156,LINDEN BOULEVARD,B,2024-01-23,2024-01-23,03/13/2024,02/28/2024,,,02/27/2024,508.0,8908194.0,"§ 27-2005 ADM CODE REPAIR THE BROKEN OR DEFECTIVE PLASTERED SURFACES AND PAINT IN A UNIFORM COLOR THE SOUTH WALL IN THE 1st ROOM FROM NORTH LOCATED AT APT 1F, 1st STORY, 1st APARTMENT FROM WEST AT NORTH",2024-01-24,9.0,VIOLATION DISMISSED,2024-05-09,Original,Close,N,2024,2024.0,2025-11-23,1426 days,756 days,2,106 days,three to six months
2803,2871,278,3043550001,3,M,,2156,LINDEN,BOULEVARD,11207,2156 LINDEN BOULEVARD,260,BOULEVARD,2021-12-28,BROOKLYN,1441,both,16615479,808714,389863.0,3,2156,2156,2156,LINDEN BOULEVARD,B,2024-01-23,2024-01-24,03/14/2024,02/29/2024,,,02/27/2024,508.0,8910368.0,"§ 27-2005 ADM CODE REPAIR THE BROKEN OR DEFECTIVE PLASTERED SURFACES AND PAINT IN A UNIFORM COLOR THE SOUTH WALL IN THE 3rd ROOM FROM NORTH LOCATED AT APT 1F, 1st STORY, 1st APARTMENT FROM WEST AT NORTH",2024-01-25,9.0,VIOLATION DISMISSED,2024-05-09,Original,Close,N,2024,2024.0,2025-11-23,1426 days,756 days,2,105 days,three to six months
2804,2872,278,3043550001,3,M,,2156,LINDEN,BOULEVARD,11207,2156 LINDEN BOULEVARD,260,BOULEVARD,2021-12-28,BROOKLYN,1441,both,16615480,808714,389863.0,3,2156,2156,2156,LINDEN BOULEVARD,B,2024-01-23,2024-01-24,03/14/2024,02/29/2024,,,02/27/2024,583.0,8910368.0,"§ 27-2026, 2027 HMC: PROPERLY REPAIR THE SOURCE AND ABATE THE EVIDENCE OF A WATER LEAK AND OR WATER PENETRATION AT THE WEST WALL IN THE BATHROOM LOCATED AT APT 1F, 1st STORY, 1st APARTMENT FROM WEST AT NORTH",2024-01-25,9.0,VIOLATION DISMISSED,2024-05-09,Original,Close,N,2024,2024.0,2025-11-23,1426 days,756 days,2,105 days,three to six months
2805,2873,278,3043550001,3,M,,2156,LINDEN,BOULEVARD,11207,2156 LINDEN BOULEVARD,260,BOULEVARD,2021-12-28,BROOKLYN,1441,both,16615482,808714,389863.0,3,2156,2156,2156,LINDEN BOULEVARD,A,2024-01-23,2024-01-24,05/13/2024,04/29/2024,,,02/27/2024,501.0,8910367.0,"§ 27-2005 HMC: PROPERLY REPAIR OR REPLACE THE BROKEN OR DEFECTIVE WOODEN BASE CABINET AT SINK IN THE KITCHEN LOCATED AT APT 1F, 1st STORY, 1st APARTMENT FROM WEST AT NORTH",2024-01-25,9.0,VIOLATION DISMISSED,2024-05-09,Original,Close,N,2024,2024.0,2025-11-23,1426 days,756 days,2,105 days,three to six months
2806,2874,278,3043550001,3,M,,2156,LINDEN,BOULEVARD,11207,2156 LINDEN BOULEVARD,260,BOULEVARD,2021-12-28,BROOKLYN,1441,both,16615483,808714,389863.0,3,2156,2156,2156,LINDEN BOULEVARD,B,2024-01-23,2024-01-24,03/14/2024,02/29/2024,,,02/27/2024,522.0,8910368.0,"§ 27-2005, 2007 ADM CODE FIRE EGRESS DEFECTIVE. REMOVE OBSTRUCTING BARS OR UNLAWFUL GATES FROM AT LEAST 1 WINDOW OR PROVIDE APPROVED TYPE GATE IN THE ENTIRE APARTMENT LOCATED AT APT 1F, 1st STORY, 1st APARTMENT FROM WEST AT NORTH",2024-01-25,9.0,VIOLATION DISMISSED,2024-05-09,Original,Close,N,2024,2024.0,2025-11-23,1426 days,756 days,2,105 days,three to six months
2807,2875,278,3043550001,3,M,,2156,LINDEN,BOULEVARD,11207,2156 LINDEN BOULEVARD,260,BOULEVARD,2021-12-28,BROOKLYN,1441,both,17429969,808714,389863.0,3,2156,2156,2156,LINDEN BOULEVARD,C,2024-11-18,2024-11-18,12/08/2024,12/03/2024,,,,530.0,9434776.0,"§ 27-2005, 27-2007, 27-2041.1 HMC, §238, § 309; § 107 (2) ( C) MDL AND 28 RCNY §25-171: REPLACE OR REPAIR THE SELF-CLOSING DOORS THAT IS MISSING OR DEFECTIVE HINGES AT BUILDING ENTRANCE , 1st STORY",2024-11-19,19.0,VIOLATION CLOSED,2024-12-27,Original,Close,N,2024,2024.0,2025-11-23,1426 days,1056 days,2,38 days,one to three months
2808,2876,278,3043550001,3,M,,2156,LINDEN,BOULEVARD,11207,2156 LINDEN BOULEVARD,260,BOULEVARD,2021-12-28,BROOKLYN,1441,both,18201197,808714,389863.0,3,2156,2156,2156,LINDEN BOULEVARD,B,2025-08-28,2025-08-29,10/21/2025,10/07/2025,,,10/02/2025,583.0,9975283.0,"§ 27-2026, 2027 HMC: PROPERLY REPAIR THE SOURCE AND ABATE THE EVIDENCE OF A WATER LEAK AT CEILING IN THE BATHROOM LOCATED AT APT 5G, 5th STORY, 1st APARTMENT FROM NORTH AT EAST",2025-09-02,10.0,CIV14 MAILED,2025-10-03,Original,Open,N,2025,2025.0,2025-11-23,1426 days,1339 days,3,82 days,one to three months
2809,2877,278,3043550001,3,M,,2156,LINDEN,BOULEVARD,11207,2156 LINDEN BOULEVARD,260,BOULEVARD,2021-12-28,BROOKLYN,1441,both,16612117,808714,389863.0,3,2156,2156,2156,LINDEN BOULEVARD,B,2024-01-21,2024-01-21,03/11/2024,02/26/2024,,,08/15/2024,507.0,8904152.0,"§ 27-2005 ADM CODE REPAIR THE ROOF SO THAT IT WILL NOT LEAK OVER THE CEILING IN THE 1st ROOM FROM EAST LOCATED AT APT 14E, 14th STORY, 2nd APARTMENT FROM EAST AT SOUTH",2024-01-22,19.0,VIOLATION CLOSED,2024-12-27,Original,Close,Y,2024,2024.0,2025-11-23,1426 days,754 days,2,340 days,six months to a year
2810,2878,278,3043550001,3,M,,2156,LINDEN,BOULEVARD,11207,2156 LINDEN BOULEVARD,260,BOULEVARD,2021-12-28,BROOKLYN,1441,both,18201196,808714,389863.0,3,2156,2156,2156,LINDEN BOULEVARD,B,2025-08-28,2025-08-29,10/21/2025,10/07/2025,,,10/02/2025,508.0,9975283.0,"§ 27-2005 ADM CODE REPAIR THE BROKEN OR DEFECTIVE PLASTERED SURFACES AND PAINT IN A UNIFORM COLOR AT CEILING IN THE BATHROOM LOCATED AT APT 5G, 5th STORY, 1st APARTMENT FROM NORTH AT EAST",2025-09-02,10.0,CIV14 MAILED,2025-10-03,Original,Open,N,2025,2025.0,2025-11-23,1426 days,1339 days,3,82 days,one to three months
2811,2879,278,3043550001,3,M,,2156,LINDEN,BOULEVARD,11207,2156 LINDEN BOULEVARD,260,BOULEVARD,2021-12-28,BROOKLYN,1441,both,17585406,808714,389863.0,3,2156,2156,2156,LINDEN BOULEVARD,B,2024-12-23,2024-12-30,02/18/2025,02/04/2025,,,,501.0,9559494.0,"§ 27-2005 HMC: PROPERLY REPAIR OR REPLACE THE BROKEN OR DEFECTIVE LOWER GLASS PANE AT BUILDING ENTRANCE DOOR , 1st STORY",2024-12-31,19.0,VIOLATION CLOSED,2025-08-11,Original,Close,N,2024,2024.0,2025-11-23,1426 days,1091 days,2,223 days,six months to a year
2812,2880,278,3043550001,3,M,,2156,LINDEN,BOULEVARD,11207,2156 LINDEN BOULEVARD,260,BOULEVARD,2021-12-28,BROOKLYN,1441,both,18201202,808714,389863.0,3,2156,2156,2156,LINDEN BOULEVARD,C,2025-08-28,2025-08-29,09/21/2025,09/16/2025,,,09/09/2025,530.0,9975284.0,"§ 27-2005, 27-2007, 27-2041.1 HMC, §238, § 309; § 107 (2) ( C) MDL AND 28 RCNY §25-171: REPLACE OR REPAIR THE SELF-CLOSING DOORS THAT IS MISSING OR DEFECTIVE LATCH IN THE ENTRANCE LOCATED AT APT 5G, 5th STORY, 1st APARTMENT FROM NORTH AT EAST",2025-09-02,9.0,VIOLATION DISMISSED,2025-11-20,Original,Close,N,2025,2025.0,2025-11-23,1426 days,1339 days,3,79 days,one to three months
2813,2881,278,3043550001,3,M,,2156,LINDEN,BOULEVARD,11207,2156 LINDEN BOULEVARD,260,BOULEVARD,2021-12-28,BROOKLYN,1441,both,17909618,808714,389863.0,3,2156,2156,2156,LINDEN BOULEVARD,C,2025-05-21,2025-05-24,06/09/2025,06/02/2025,,,05/29/2025,576.0,9773184.0,"§ 27-2024 ADM CODE PROVIDE ADEQUATE SUPPLY OF COLD WATER FOR THE FIXTURES AT KITCHEN AND BATHROOM IN THE ENTIRE APARTMENT LOCATED AT APT 10G, 10th STORY, 1st APARTMENT FROM NORTH AT EAST",2025-05-27,9.0,VIOLATION DISMISSED,2025-08-11,Original,Close,Y,2025,2025.0,2025-11-23,1426 days,1240 days,3,76 days,one to three months
2814,2882,278,3043550001,3,M,,2156,LINDEN,BOULEVARD,11207,2156 LINDEN BOULEVARD,260,BOULEVARD,2021-12-28,BROOKLYN,1441,both,17909619,808714,389863.0,3,2156,2156,2156,LINDEN BOULEVARD,C,2025-05-21,2025-05-24,06/09/2025,06/02/2025,,,05/29/2025,576.0,9773185.0,"§ 27-2024 ADM CODE PROVIDE ADEQUATE SUPPLY OF COLD WATER FOR THE FIXTURES AT KITCHEN AND BATHROOM IN THE ENTIRE APARTMENT LOCATED AT APT 2A, 2nd STORY, 2nd APARTMENT FROM NORTH AT EAST",2025-05-27,9.0,VIOLATION DISMISSED,2025-08-11,Original,Close,Y,2025,2025.0,2025-11-23,1426 days,1240 days,3,76 days,one to three months
2815,2883,278,3043550001,3,M,,2156,LINDEN,BOULEVARD,11207,2156 LINDEN BOULEVARD,260,BOULEVARD,2021-12-28,BROOKLYN,1441,both,17919364,808714,389863.0,3,2156,2156,2156,LINDEN BOULEVARD,C,2025-05-21,2025-05-24,06/09/2025,06/02/2025,,,05/29/2025,577.0,9773184.0,"§ 27-2024 ADM CODE PROVIDE ADEQUATE SUPPLY OF HOT WATER FOR THE FIXTURES AT KITCHEN AND BATHROOM IN THE ENTIRE APARTMENT LOCATED AT APT 10G, 10th STORY, 1st APARTMENT FROM NORTH AT EAST",2025-05-27,9.0,VIOLATION DISMISSED,2025-08-11,Original,Close,Y,2025,2025.0,2025-11-23,1426 days,1240 days,3,76 days,one to three months
2816,2884,278,3043550001,3,M,,2156,LINDEN,BOULEVARD,11207,2156 LINDEN BOULEVARD,260,BOULEVARD,2021-12-28,BROOKLYN,1441,both,17919375,808714,389863.0,3,2156,2156,2156,LINDEN BOULEVARD,C,2025-05-21,2025-05-24,06/09/2025,06/02/2025,,,05/29/2025,577.0,9773185.0,"§ 27-2024 ADM CODE PROVIDE ADEQUATE SUPPLY OF HOT WATER FOR THE FIXTURES AT KITCHEN AND BATHROOM IN THE ENTIRE APARTMENT LOCATED AT APT 2A, 2nd STORY, 2nd APARTMENT FROM NORTH AT EAST",2025-05-27,9.0,VIOLATION DISMISSED,2025-08-11,Original,Close,Y,2025,2025.0,2025-11-23,1426 days,1240 days,3,76 days,one to three months
2817,2885,279,3043550001,4,M,,807,SCHENCK,AVENUE,11207,807 SCHENCK AVENUE,260,BOULEVARD,2021-12-28,BROOKLYN,1441,both,15269620,809351,389864.0,3,807,807,807,SCHENCK AVENUE,A,2022-07-22,2022-07-22,11/11/2022,10/28/2022,,,08/16/2024,500.0,7983009.0,"§ 26-1103 ADMIN. CODE: POST AND MAINTAIN A PROPER NOTICE ON WALL OF THE ENTRANCE STORY IN ENGLISH AND SPANISH ON THE AVAILABILITY OF THE AGENCYS HOUSING INFORMATION GUIDE. A SAMPLE NOTICE CAN BE FOUND AT WWW.NYC.GOV/HPD. AT PUBLIC HALL, 1st STORY",2022-07-25,19.0,VIOLATION CLOSED,2025-04-15,Original,Close,N,2022,2022.0,2025-11-23,1426 days,206 days,0,995 days,more than a year
2818,2886,279,3043550001,4,M,,807,SCHENCK,AVENUE,11207,807 SCHENCK AVENUE,260,BOULEVARD,2021-12-28,BROOKLYN,1441,both,17585312,809351,389864.0,3,807,807,807,SCHENCK AVENUE,B,2024-12-23,2024-12-27,02/17/2025,02/03/2025,,,,501.0,9557593.0,"§ 27-2005 HMC: PROPERLY REPAIR OR REPLACE THE BROKEN OR DEFECTIVE EXTERIOR DOOR HANDLE LOOSE IN THE ENTRANCE LOCATED AT APT, 7th STORY, 2nd APARTMENT FROM NORTH AT EAST",2024-12-30,19.0,VIOLATION CLOSED,2025-04-15,Original,Close,N,2024,2024.0,2025-11-23,1426 days,1091 days,2,106 days,three to six months
2819,2887,279,3043550001,4,M,,807,SCHENCK,AVENUE,11207,807 SCHENCK AVENUE,260,BOULEVARD,2021-12-28,BROOKLYN,1441,both,16173756,809351,389864.0,3,807,807,807,SCHENCK AVENUE,C,2023-08-19,2023-08-19,09/21/2023,09/16/2023,,,,569.0,8608112.0,"HMC ADM CODE: § 27-2017.4 ABATE THE INFESTATION CONSISTING OF MICE IN THE ENTIRE APARTMENT LOCATED AT APT 5G, 5th STORY, 1st APARTMENT FROM NORTH AT EAST",2023-08-21,19.0,VIOLATION CLOSED,2025-09-04,Original,Close,N,2023,2023.0,2025-11-23,1426 days,599 days,1,745 days,more than a year
2820,2888,279,3043550001,4,M,,807,SCHENCK,AVENUE,11207,807 SCHENCK AVENUE,260,BOULEVARD,2021-12-28,BROOKLYN,1441,both,16504181,809351,389864.0,3,807,807,807,SCHENCK AVENUE,A,2023-12-06,2023-12-06,03/25/2024,03/11/2024,,,,550.0,8837323.0,"§ 27-2017.3 HMC: TRACE AND REPAIR THE SOURCE AND ABATE THE VISIBLE MOLD CONDITION... APPROX 3 SQ.FT AT CEILING IN THE BATHROOM LOCATED AT APT 11G, 11th STORY, 1st APARTMENT FROM NORTH AT EAST",2023-12-07,19.0,VIOLATION CLOSED,2024-04-05,Original,Close,N,2023,2023.0,2025-11-23,1426 days,708 days,1,120 days,three to six months
2821,2889,279,3043550001,4,M,,807,SCHENCK,AVENUE,11207,807 SCHENCK AVENUE,260,BOULEVARD,2021-12-28,BROOKLYN,1441,both,15376404,809351,389864.0,3,807,807,807,SCHENCK AVENUE,A,2022-09-20,2022-09-21,01/09/2023,12/26/2022,,,08/16/2024,500.0,8046723.0,"§ 26-1103 ADMIN. CODE: POST AND MAINTAIN A PROPER NOTICE ON WALL OF THE ENTRANCE STORY IN ENGLISH AND SPANISH ON THE AVAILABILITY OF THE AGENCYS HOUSING INFORMATION GUIDE. A SAMPLE NOTICE CAN BE FOUND AT WWW.NYC.GOV/HPD. AT PUBLIC HALL, 1st STORY",2022-09-22,19.0,VIOLATION CLOSED,2025-04-15,Original,Close,N,2022,2022.0,2025-11-23,1426 days,266 days,0,936 days,more than a year
2822,2890,279,3043550001,4,M,,807,SCHENCK,AVENUE,11207,807 SCHENCK AVENUE,260,BOULEVARD,2021-12-28,BROOKLYN,1441,both,15376406,809351,389864.0,3,807,807,807,SCHENCK AVENUE,A,2022-09-20,2022-09-21,01/09/2023,12/26/2022,,,08/16/2024,700.0,8046723.0,"§ 27-2045 ADM CODE POST A PROPER NOTICE OF SMOKE DETECTOR REQUIREMENTS, IN A FORM APPROVED BY THE COMMISSIONER, AT OR NEAR THE MAIL BOX [ MISSING NOTICE ] AT PUBLIC HALL, 1st STORY",2022-09-22,19.0,VIOLATION CLOSED,2024-12-27,Original,Close,N,2022,2022.0,2025-11-23,1426 days,266 days,0,827 days,more than a year
2823,2891,279,3043550001,4,M,,807,SCHENCK,AVENUE,11207,807 SCHENCK AVENUE,260,BOULEVARD,2021-12-28,BROOKLYN,1441,both,15269619,809351,389864.0,3,807,807,807,SCHENCK AVENUE,A,2022-07-22,2022-07-22,11/11/2022,10/28/2022,,,08/16/2024,778.0,7983009.0,"§ 27-2104 ADM CODE POST AND MAINTAIN A PROPER SIGN ON WALL OF ENTRANCE STORY SHOWING THE REGISTRATION NUMBER ASSIGNED BY THE DEPARTMENT AND THE ADDRESS OF THE BUILDING. AT PUBLIC HALL, 1st STORY",2022-07-25,19.0,VIOLATION CLOSED,2024-12-27,Original,Close,N,2022,2022.0,2025-11-23,1426 days,206 days,0,886 days,more than a year
2824,2892,279,3043550001,4,M,,807,SCHENCK,AVENUE,11207,807 SCHENCK AVENUE,260,BOULEVARD,2021-12-28,BROOKLYN,1441,both,16605098,809351,389864.0,3,807,807,807,SCHENCK AVENUE,C,2024-01-18,2024-01-19,01/31/2024,01/19/2024,,,,670.0,8901005.0,"§ 27-2031 ADM CODE PROVIDE HOT WATER AT ALL HOT WATER FIXTURES IN THE BATHROOM LOCATED AT APT 14G, 14th STORY, 1st APARTMENT FROM NORTH AT EAST",2024-01-22,19.0,VIOLATION CLOSED,2024-02-12,Original,Close,Y,2024,2024.0,2025-11-23,1426 days,751 days,2,21 days,one week to a month
2825,2893,279,3043550001,4,M,,807,SCHENCK,AVENUE,11207,807 SCHENCK AVENUE,260,BOULEVARD,2021-12-28,BROOKLYN,1441,both,15376403,809351,389864.0,3,807,807,807,SCHENCK AVENUE,C,2022-09-20,2022-09-21,10/11/2022,10/06/2022,,,,530.0,8046725.0,"§ 27-2005, 27-2007, 27-2041.1 HMC: REPLACE OR REPAIR THE SELF-CLOSING DOORS THAT IS MISSING OR DEFECTIVE AT FIRE DOOR LEADING TO STAIRS AT SOUTH AT PUBLIC HALL, 1st STORY",2022-09-22,19.0,VIOLATION CLOSED,2024-01-10,Original,Close,N,2022,2022.0,2025-11-23,1426 days,266 days,0,475 days,more than a year
2826,2894,279,3043550001,4,M,,807,SCHENCK,AVENUE,11207,807 SCHENCK AVENUE,260,BOULEVARD,2021-12-28,BROOKLYN,1441,both,16504184,809351,389864.0,3,807,807,807,SCHENCK AVENUE,C,2023-12-06,2023-12-06,01/07/2024,01/02/2024,,,12/15/2023,568.0,8837325.0,"HMC ADM CODE: § 27-2017.4 ABATE THE INFESTATION CONSISTING OF ROACHES IN THE ENTIRE APARTMENT LOCATED AT APT 11G, 11th STORY, 1st APARTMENT FROM NORTH AT EAST",2023-12-07,9.0,VIOLATION DISMISSED,2024-02-26,Original,Close,N,2023,2023.0,2025-11-23,1426 days,708 days,1,81 days,one to three months
2827,2895,279,3043550001,4,M,,807,SCHENCK,AVENUE,11207,807 SCHENCK AVENUE,260,BOULEVARD,2021-12-28,BROOKLYN,1441,both,16173758,809351,389864.0,3,807,807,807,SCHENCK AVENUE,A,2023-08-19,2023-08-19,12/08/2023,11/24/2023,,,12/08/2023,579.0,8608111.0,"§ 27-2026 ADM CODE REPAIR THE LEAKY AND/OR DEFECTIVE FAUCETS AT SINK IN THE KITCHEN LOCATED AT APT 5G, 5th STORY, 1st APARTMENT FROM NORTH AT EAST",2023-08-21,9.0,VIOLATION DISMISSED,2024-02-20,Original,Close,N,2023,2023.0,2025-11-23,1426 days,599 days,1,183 days,six months to a year
2828,2896,279,3043550001,4,M,,807,SCHENCK,AVENUE,11207,807 SCHENCK AVENUE,260,BOULEVARD,2021-12-28,BROOKLYN,1441,both,17049380,809351,389864.0,3,807,807,807,SCHENCK AVENUE,B,2024-06-14,2024-06-18,08/06/2024,07/23/2024,,,08/16/2024,689.0,9210198.0,"§ 27-2005, 2006, 2037 HMC: PROPERLY REPAIR AND ABATE UNSAFE ELECTRIC WIRING CONDITION CONSISTING OF EXPOSED ELECTRICAL WIRE AT CEILING AT PUBLIC HALL, 1st STORY",2024-06-18,19.0,VIOLATION CLOSED,2024-12-27,Original,Close,N,2024,2024.0,2025-11-23,1426 days,899 days,2,192 days,six months to a year
2829,2897,279,3043550001,4,M,,807,SCHENCK,AVENUE,11207,807 SCHENCK AVENUE,260,BOULEVARD,2021-12-28,BROOKLYN,1441,both,15556296,809351,389864.0,3,807,807,807,SCHENCK AVENUE,C,2022-11-21,2022-11-21,12/04/2022,11/22/2022,,,12/09/2022,670.0,8194766.0,"§ 27-2031 ADM CODE PROVIDE HOT WATER AT ALL HOT WATER FIXTURES IN THE 1st ROOM FROM NORTH LOCATED AT APT 13A, 14th STORY, 2nd APARTMENT FROM NORTH AT EAST",2022-11-22,19.0,VIOLATION CLOSED,2024-12-27,Original,Close,Y,2022,2022.0,2025-11-23,1426 days,328 days,0,766 days,more than a year
2830,2898,279,3043550001,4,M,,807,SCHENCK,AVENUE,11207,807 SCHENCK AVENUE,260,BOULEVARD,2021-12-28,BROOKLYN,1441,both,17297441,809351,389864.0,3,807,807,807,SCHENCK AVENUE,C,2024-09-24,2024-09-24,10/26/2024,10/21/2024,,,,568.0,9352545.0,"HMC ADM CODE: § 27-2017.4 ABATE THE INFESTATION CONSISTING OF ROACHES IN THE ENTIRE APARTMENT LOCATED AT APT 4E, 4th STORY, 2nd APARTMENT FROM SOUTH AT WEST",2024-09-25,21.0,NOT COMPLIED WITH,2025-01-02,Original,Open,N,2024,2024.0,2025-11-23,1426 days,1001 days,2,424 days,more than a year
2831,2899,279,3043550001,4,M,,807,SCHENCK,AVENUE,11207,807 SCHENCK AVENUE,260,BOULEVARD,2021-12-28,BROOKLYN,1441,both,16547677,809351,389864.0,3,807,807,807,SCHENCK AVENUE,A,2023-12-27,2023-12-31,04/20/2024,04/06/2024,,,,550.0,8871161.0,"§ 27-2017.3 HMC: TRACE AND REPAIR THE SOURCE AND ABATE THE VISIBLE MOLD CONDITION... APPROXIMATELY 3 SQ FT AT WEST WALL IN THE FOYER LOCATED AT APT 14G, 14th STORY, 1st APARTMENT FROM NORTH AT EAST",2024-01-02,19.0,VIOLATION CLOSED,2024-05-01,Original,Close,N,2023,2024.0,2025-11-23,1426 days,729 days,1,120 days,three to six months
2832,2900,279,3043550001,4,M,,807,SCHENCK,AVENUE,11207,807 SCHENCK AVENUE,260,BOULEVARD,2021-12-28,BROOKLYN,1441,both,16547676,809351,389864.0,3,807,807,807,SCHENCK AVENUE,B,2023-12-27,2023-12-31,02/20/2024,02/06/2024,,,08/20/2024,508.0,8871162.0,"§ 27-2005 ADM CODE REPAIR THE BROKEN OR DEFECTIVE PLASTERED SURFACES AND PAINT IN A UNIFORM COLOR CEILING IN THE KITCHEN LOCATED AT APT 14G, 14th STORY, 1st APARTMENT FROM NORTH AT EAST",2024-01-02,19.0,VIOLATION CLOSED,2024-12-27,Original,Close,N,2023,2024.0,2025-11-23,1426 days,729 days,1,360 days,six months to a year
2833,2901,279,3043550001,4,M,,807,SCHENCK,AVENUE,11207,807 SCHENCK AVENUE,260,BOULEVARD,2021-12-28,BROOKLYN,1441,both,16547679,809351,389864.0,3,807,807,807,SCHENCK AVENUE,B,2023-12-27,2023-12-31,02/20/2024,02/06/2024,,,08/20/2024,507.0,8871162.0,"§ 27-2005 ADM CODE REPAIR THE ROOF SO THAT IT WILL NOT LEAK OVER CEILING INSIDE CLOSET AT SOUTH WALL IN THE 2nd PRIVATE HALLWAY FROM NORTH LOCATED AT APT 14G, 14th STORY, 1st APARTMENT FROM NORTH AT EAST",2024-01-02,19.0,VIOLATION CLOSED,2024-12-27,Original,Close,Y,2023,2024.0,2025-11-23,1426 days,729 days,1,360 days,six months to a year
2834,2902,279,3043550001,4,M,,807,SCHENCK,AVENUE,11207,807 SCHENCK AVENUE,260,BOULEVARD,2021-12-28,BROOKLYN,1441,both,16605096,809351,389864.0,3,807,807,807,SCHENCK AVENUE,C,2024-01-18,2024-01-22,02/22/2024,02/17/2024,,,02/09/2024,569.0,8904177.0,"HMC ADM CODE: § 27-2017.4 ABATE THE INFESTATION CONSISTING OF MICE IN THE ENTIRE APARTMENT LOCATED AT APT 4E, 4th STORY, 2nd APARTMENT FROM SOUTH AT WEST",2024-01-22,9.0,VIOLATION DISMISSED,2024-04-22,Original,Close,N,2024,2024.0,2025-11-23,1426 days,751 days,2,91 days,three to six months
2835,2903,279,3043550001,4,M,,807,SCHENCK,AVENUE,11207,807 SCHENCK AVENUE,260,BOULEVARD,2021-12-28,BROOKLYN,1441,both,16826291,809351,389864.0,3,807,807,807,SCHENCK AVENUE,B,2023-12-06,2024-04-05,05/24/2024,05/10/2024,,,,550.0,9043748.0,"§ 27-2017.3 HMC: TRACE AND REPAIR THE SOURCE AND ABATE THE VISIBLE MOLD CONDITION... APPROX 2 SQ.FT AT NORTH WALL IN THE 1st ROOM FROM NORTH AT EAST LOCATED AT APT 11G, 11th STORY, 1st APARTMENT FROM NORTH AT EAST ORIGINAL VIOLATION 16504179 ISSUED 06-DEC-23 HAS BEEN UPGRADED TO CLASS B PER ADMINISTRATIVE CODE §27-2017.3a(3)(a) or (b).",2024-04-05,20.0,DEFECT LETTER ISSUED,2025-10-01,Original,Open,N,2023,2024.0,2025-11-23,1426 days,708 days,1,597 days,more than a year
2836,2904,279,3043550001,4,M,,807,SCHENCK,AVENUE,11207,807 SCHENCK AVENUE,260,BOULEVARD,2021-12-28,BROOKLYN,1441,both,16547667,809351,389864.0,3,807,807,807,SCHENCK AVENUE,B,2023-12-27,2023-12-31,02/20/2024,02/06/2024,,,08/20/2024,507.0,8871162.0,"§ 27-2005 ADM CODE REPAIR THE ROOF SO THAT IT WILL NOT LEAK OVER CEILING IN THE FOYER LOCATED AT APT 14G, 14th STORY, 1st APARTMENT FROM NORTH AT EAST",2024-01-02,19.0,VIOLATION CLOSED,2024-12-27,Original,Close,Y,2023,2024.0,2025-11-23,1426 days,729 days,1,360 days,six months to a year
2837,2905,279,3043550001,4,M,,807,SCHENCK,AVENUE,11207,807 SCHENCK AVENUE,260,BOULEVARD,2021-12-28,BROOKLYN,1441,both,16547675,809351,389864.0,3,807,807,807,SCHENCK AVENUE,B,2023-12-27,2023-12-31,02/20/2024,02/06/2024,,,08/20/2024,507.0,8871162.0,"§ 27-2005 ADM CODE REPAIR THE ROOF SO THAT IT WILL NOT LEAK OVER CEILING IN THE KITCHEN LOCATED AT APT 14G, 14th STORY, 1st APARTMENT FROM NORTH AT EAST",2024-01-02,19.0,VIOLATION CLOSED,2024-12-27,Original,Close,Y,2023,2024.0,2025-11-23,1426 days,729 days,1,360 days,six months to a year
2838,2906,279,3043550001,4,M,,807,SCHENCK,AVENUE,11207,807 SCHENCK AVENUE,260,BOULEVARD,2021-12-28,BROOKLYN,1441,both,16547672,809351,389864.0,3,807,807,807,SCHENCK AVENUE,B,2023-12-27,2023-12-31,02/20/2024,02/06/2024,,,,550.0,8871164.0,"§ 27-2017.3 HMC: TRACE AND REPAIR THE SOURCE AND ABATE THE VISIBLE MOLD CONDITION... APPROXIMATELY 6 SQ FT CEILING, AND 4 SQ FT AT NORTH WALL INSIDE CLOSET AT EAST WALL IN THE 1st ROOM FROM NORTH AT WEST LOCATED AT APT 14G, 14th STORY, 1st APARTMENT FROM NORTH AT EAST",2024-01-02,20.0,DEFECT LETTER ISSUED,2024-12-27,Original,Open,N,2023,2024.0,2025-11-23,1426 days,729 days,1,691 days,more than a year
2839,2907,279,3043550001,4,M,,807,SCHENCK,AVENUE,11207,807 SCHENCK AVENUE,260,BOULEVARD,2021-12-28,BROOKLYN,1441,both,16547674,809351,389864.0,3,807,807,807,SCHENCK AVENUE,B,2023-12-27,2023-12-31,02/20/2024,02/06/2024,,,,550.0,8871164.0,"§ 27-2017.3 HMC: TRACE AND REPAIR THE SOURCE AND ABATE THE VISIBLE MOLD CONDITION... APPROXIMATELY 6 SQ FT AT EAST WALL, AND 4 SQ FT AT SOUTH WALL INSIDE CLOSET AT WEST WALL IN THE 1st PRIVATE HALLWAY FROM NORTH LOCATED AT APT 14G, 14th STORY, 1st APARTMENT FROM NORTH AT EAST",2024-01-02,20.0,DEFECT LETTER ISSUED,2024-12-27,Original,Open,N,2023,2024.0,2025-11-23,1426 days,729 days,1,691 days,more than a year
2840,2908,279,3043550001,4,M,,807,SCHENCK,AVENUE,11207,807 SCHENCK AVENUE,260,BOULEVARD,2021-12-28,BROOKLYN,1441,both,17155186,809351,389864.0,3,807,807,807,SCHENCK AVENUE,C,2024-07-31,2024-07-31,09/01/2024,08/27/2024,,,,569.0,9271044.0,"HMC ADM CODE: § 27-2017.4 ABATE THE INFESTATION CONSISTING OF MICE IN THE ENTIRE APARTMENT LOCATED AT APT 5D, 5th STORY, 1st APARTMENT FROM SOUTH AT WEST",2024-08-01,21.0,NOT COMPLIED WITH,2025-04-24,Original,Open,N,2024,2024.0,2025-11-23,1426 days,946 days,2,479 days,more than a year
2841,2909,279,3043550001,4,M,,807,SCHENCK,AVENUE,11207,807 SCHENCK AVENUE,260,BOULEVARD,2021-12-28,BROOKLYN,1441,both,15269618,809351,389864.0,3,807,807,807,SCHENCK AVENUE,A,2022-07-22,2022-07-22,11/11/2022,10/28/2022,,,08/23/2024,484.0,7983009.0,"§ 329, M/D LAW AND DEPT. RULES AND REGS. PROVIDE A COMPLETED CERTIFICATE OF INSPECTION VISITS IN A PROPER FRAME AT OR NEAR MAILBOXES, BOTTOM EDGE OF FRAME BETWEEN 48-62 INCHES ABOVE FLOOR ..( MISSING FRAME ) AT PUBLIC HALL, 1st STORY",2022-07-25,19.0,VIOLATION CLOSED,2024-12-27,Original,Close,N,2022,2022.0,2025-11-23,1426 days,206 days,0,886 days,more than a year
2842,2910,279,3043550001,4,M,,807,SCHENCK,AVENUE,11207,807 SCHENCK AVENUE,260,BOULEVARD,2021-12-28,BROOKLYN,1441,both,17049379,809351,389864.0,3,807,807,807,SCHENCK AVENUE,B,2024-06-14,2024-06-18,08/06/2024,07/23/2024,,,08/16/2024,689.0,9210198.0,"§ 27-2005, 2006, 2037 HMC: PROPERLY REPAIR AND ABATE UNSAFE ELECTRIC WIRING CONDITION CONSISTING OF OF ELECTRICAL WIRE AT WEST WALL AT PUBLIC HALL, 5th STORY",2024-06-18,19.0,VIOLATION CLOSED,2024-12-27,Original,Close,N,2024,2024.0,2025-11-23,1426 days,899 days,2,192 days,six months to a year
2843,2911,279,3043550001,4,M,,807,SCHENCK,AVENUE,11207,807 SCHENCK AVENUE,260,BOULEVARD,2021-12-28,BROOKLYN,1441,both,15247977,809351,389864.0,3,807,807,807,SCHENCK AVENUE,B,2022-07-07,2022-07-08,08/29/2022,08/15/2022,,,08/16/2024,688.0,7968422.0,"§ 27-2037, 2038 HMC: PROVIDE A SAFE AND ADEQUATE SUPPLY OF ELECTRIC SERVICE TO THE FIXTURES AT CEILING AT PUBLIC HALL, 10th STORY",2022-07-11,19.0,VIOLATION CLOSED,2024-12-27,Original,Close,N,2022,2022.0,2025-11-23,1426 days,191 days,0,900 days,more than a year
2844,2912,279,3043550001,4,M,,807,SCHENCK,AVENUE,11207,807 SCHENCK AVENUE,260,BOULEVARD,2021-12-28,BROOKLYN,1441,both,18124422,809351,389864.0,3,807,807,807,SCHENCK AVENUE,B,2025-07-31,2025-08-02,09/22/2025,09/08/2025,,,08/28/2025,583.0,9935732.0,"§ 27-2026, 2027 HMC: PROPERLY REPAIR THE SOURCE AND ABATE THE EVIDENCE OF A WATER LEAK AT NORTH AND WEST WALL IN THE BATHROOM LOCATED AT APT 7A, 7th STORY, 2nd APARTMENT FROM NORTH AT EAST",2025-08-04,9.0,VIOLATION DISMISSED,2025-11-10,Original,Close,N,2025,2025.0,2025-11-23,1426 days,1311 days,3,98 days,three to six months
2845,2913,279,3043550001,4,M,,807,SCHENCK,AVENUE,11207,807 SCHENCK AVENUE,260,BOULEVARD,2021-12-28,BROOKLYN,1441,both,17155188,809351,389864.0,3,807,807,807,SCHENCK AVENUE,B,2024-07-31,2024-07-31,09/19/2024,09/05/2024,,,,702.0,9271043.0,"§ 27-2045 ADM CODE REPAIR OR REPLACE THE SMOKE DETECTOR MISSING IN THE ENTIRE APARTMENT LOCATED AT APT 5D, 5th STORY, 1st APARTMENT FROM SOUTH AT WEST",2024-08-01,19.0,VIOLATION CLOSED,2025-04-23,Original,Close,N,2024,2024.0,2025-11-23,1426 days,946 days,2,265 days,six months to a year
2846,2914,279,3043550001,4,M,,807,SCHENCK,AVENUE,11207,807 SCHENCK AVENUE,260,BOULEVARD,2021-12-28,BROOKLYN,1441,both,15007572,809351,389864.0,3,807,807,807,SCHENCK AVENUE,A,2022-03-08,2022-03-08,06/25/2022,06/11/2022,,,,1507.0,7794490.0,"(A) § HMC:FILE ANNUAL BEDBUG REPORT IN ACCORDANCE WITH HPD RULE AS DESCRIBED ON THE BACK OF THIS NOTICE OF VIOLATION OR AS DESCRIBED ON HPDS WEBSITE, WWW.NYC.GOV\HPD, SEARCH BED BUGS.",2022-03-08,9.0,VIOLATION DISMISSED,2022-07-25,Original,Close,N,2022,2022.0,2025-11-23,1426 days,70 days,0,139 days,three to six months
2847,2915,279,3043550001,4,M,,807,SCHENCK,AVENUE,11207,807 SCHENCK AVENUE,260,BOULEVARD,2021-12-28,BROOKLYN,1441,both,15500824,809351,389864.0,3,807,807,807,SCHENCK AVENUE,I,2022-11-07,2022-11-07,,,,,,780.0,,"§27-2107 ADM CODE OWNER FAILED TO FILE A VALID REGISTRATION STATEMENT WITH THE DEPARTMENT AS REQUIRED BY ADM CODE §27-2097 AND IS THEREFORE SUBJECT TO CIVIL PENALTIES, PROHIBITED FROM CERTIFYING VIOLATIONS, AND DENIED THE RIGHT TO RECOVER POSSESSION OF PREMISES FOR NONPAYMENT OF RENT UNTIL A VALID REGISTRATION STATEMENT IS FILED.",,9.0,VIOLATION DISMISSED,2022-11-29,,Close,N,2022,,2025-11-23,1426 days,314 days,0,,more than a year
2848,2916,279,3043550001,4,M,,807,SCHENCK,AVENUE,11207,807 SCHENCK AVENUE,260,BOULEVARD,2021-12-28,BROOKLYN,1441,both,15556297,809351,389864.0,3,807,807,807,SCHENCK AVENUE,C,2022-11-21,2022-11-21,12/05/2022,11/28/2022,,,08/16/2024,672.0,8195544.0,§ 27-2033 ADM CODE PROVIDE READY ACCESS TO BUILDINGS HEATING SYSTEM LOCKED DOOR AT CELLAR,2022-11-22,19.0,VIOLATION CLOSED,2024-12-27,Original,Close,N,2022,2022.0,2025-11-23,1426 days,328 days,0,766 days,more than a year
2849,2917,279,3043550001,4,M,,807,SCHENCK,AVENUE,11207,807 SCHENCK AVENUE,260,BOULEVARD,2021-12-28,BROOKLYN,1441,both,15556298,809351,389864.0,3,807,807,807,SCHENCK AVENUE,A,2022-11-21,2022-11-21,03/11/2023,02/25/2023,,,12/09/2022,500.0,8195541.0,"§ 26-1103 ADMIN. CODE: POST AND MAINTAIN A PROPER NOTICE ON WALL OF THE ENTRANCE STORY IN ENGLISH AND SPANISH ON THE AVAILABILITY OF THE AGENCYS HOUSING INFORMATION GUIDE. A SAMPLE NOTICE CAN BE FOUND AT WWW.NYC.GOV/HPD. AT PUBLIC HALL, 1st STORY",2022-11-22,9.0,VIOLATION DISMISSED,2023-02-21,Original,Close,N,2022,2022.0,2025-11-23,1426 days,328 days,0,91 days,three to six months
2850,2918,279,3043550001,4,M,,807,SCHENCK,AVENUE,11207,807 SCHENCK AVENUE,260,BOULEVARD,2021-12-28,BROOKLYN,1441,both,15556299,809351,389864.0,3,807,807,807,SCHENCK AVENUE,A,2022-11-21,2022-11-21,03/11/2023,02/25/2023,,,12/09/2022,700.0,8195541.0,"§ 27-2045 ADM CODE POST A PROPER NOTICE OF SMOKE DETECTOR REQUIREMENTS, IN A FORM APPROVED BY THE COMMISSIONER, AT OR NEAR THE MAIL BOX MISSING AT PUBLIC HALL, 1st STORY",2022-11-22,9.0,VIOLATION DISMISSED,2023-02-21,Original,Close,N,2022,2022.0,2025-11-23,1426 days,328 days,0,91 days,three to six months
2851,2919,279,3043550001,4,M,,807,SCHENCK,AVENUE,11207,807 SCHENCK AVENUE,260,BOULEVARD,2021-12-28,BROOKLYN,1441,both,15556303,809351,389864.0,3,807,807,807,SCHENCK AVENUE,C,2022-11-21,2022-11-21,12/11/2022,12/06/2022,,,12/09/2022,530.0,8195545.0,"§ 27-2005, 27-2007, 27-2041.1 HMC: REPLACE OR REPAIR THE SELF-CLOSING DOORS THAT IS MISSING OR DEFECTIVE BUILDING ENTRANCE , 1st STORY",2022-11-22,19.0,VIOLATION CLOSED,2022-12-22,Original,Close,N,2022,2022.0,2025-11-23,1426 days,328 days,0,30 days,one week to a month
2852,2920,279,3043550001,4,M,,807,SCHENCK,AVENUE,11207,807 SCHENCK AVENUE,260,BOULEVARD,2021-12-28,BROOKLYN,1441,both,15556304,809351,389864.0,3,807,807,807,SCHENCK AVENUE,B,2022-11-21,2022-11-21,01/10/2023,12/27/2022,,,08/16/2024,505.0,8195543.0,"§ 27-2005 ADM CODE REPLACE WITH NEW THE BROKEN OR DEFECTIVE GLASS PANE AT BUILDING ENTRANCE FOOR , 1st STORY",2022-11-22,19.0,VIOLATION CLOSED,2024-12-27,Original,Close,N,2022,2022.0,2025-11-23,1426 days,328 days,0,766 days,more than a year
2853,2921,279,3043550001,4,M,,807,SCHENCK,AVENUE,11207,807 SCHENCK AVENUE,260,BOULEVARD,2021-12-28,BROOKLYN,1441,both,16173757,809351,389864.0,3,807,807,807,SCHENCK AVENUE,A,2023-08-19,2023-08-19,12/08/2023,11/24/2023,,,12/08/2023,556.0,8608110.0,"§ 27-2013 ADM CODE PAINT WITH LIGHT COLORED PAINT TO THE SATISFACTION OF THIS DEPARTMENT AT FRAME OF DOOR IN THE ENTRANCE LOCATED AT APT 5G, 5th STORY, 1st APARTMENT FROM NORTH AT EAST",2023-08-21,9.0,VIOLATION DISMISSED,2024-02-20,Original,Close,N,2023,2023.0,2025-11-23,1426 days,599 days,1,183 days,six months to a year
2854,2922,279,3043550001,4,M,,807,SCHENCK,AVENUE,11207,807 SCHENCK AVENUE,260,BOULEVARD,2021-12-28,BROOKLYN,1441,both,16504179,809351,389864.0,3,807,807,807,SCHENCK AVENUE,A,2023-12-06,2023-12-06,03/25/2024,03/11/2024,,,,550.0,8837323.0,"§ 27-2017.3 HMC: TRACE AND REPAIR THE SOURCE AND ABATE THE VISIBLE MOLD CONDITION... APPROX 2 SQ.FT AT NORTH WALL IN THE 1st ROOM FROM NORTH AT EAST LOCATED AT APT 11G, 11th STORY, 1st APARTMENT FROM NORTH AT EAST",2023-12-07,19.0,VIOLATION CLOSED,2024-04-05,Original,Close,N,2023,2023.0,2025-11-23,1426 days,708 days,1,120 days,three to six months
2855,2923,279,3043550001,4,M,,807,SCHENCK,AVENUE,11207,807 SCHENCK AVENUE,260,BOULEVARD,2021-12-28,BROOKLYN,1441,both,16504180,809351,389864.0,3,807,807,807,SCHENCK AVENUE,A,2023-12-06,2023-12-06,03/25/2024,03/11/2024,,,,550.0,8837323.0,"§ 27-2017.3 HMC: TRACE AND REPAIR THE SOURCE AND ABATE THE VISIBLE MOLD CONDITION... APPROX 2 SQ.FT AT EAST WALL IN THE 1st ROOM FROM NORTH AT EAST LOCATED AT APT 11G, 11th STORY, 1st APARTMENT FROM NORTH AT EAST",2023-12-07,19.0,VIOLATION CLOSED,2024-04-05,Original,Close,N,2023,2023.0,2025-11-23,1426 days,708 days,1,120 days,three to six months
2856,2924,279,3043550001,4,M,,807,SCHENCK,AVENUE,11207,807 SCHENCK AVENUE,260,BOULEVARD,2021-12-28,BROOKLYN,1441,both,16504182,809351,389864.0,3,807,807,807,SCHENCK AVENUE,B,2023-12-06,2023-12-06,01/25/2024,01/11/2024,,,01/19/2024,583.0,8837324.0,"§ 27-2026, 2027 HMC: PROPERLY REPAIR THE SOURCE AND ABATE THE EVIDENCE OF A WATER LEAK AT CEILING IN THE BATHROOM LOCATED AT APT 11G, 11th STORY, 1st APARTMENT FROM NORTH AT EAST",2023-12-07,9.0,VIOLATION DISMISSED,2024-04-01,Original,Close,N,2023,2023.0,2025-11-23,1426 days,708 days,1,116 days,three to six months
2857,2925,279,3043550001,4,M,,807,SCHENCK,AVENUE,11207,807 SCHENCK AVENUE,260,BOULEVARD,2021-12-28,BROOKLYN,1441,both,16504183,809351,389864.0,3,807,807,807,SCHENCK AVENUE,A,2023-12-06,2023-12-06,03/25/2024,03/11/2024,,,,550.0,8837323.0,"§ 27-2017.3 HMC: TRACE AND REPAIR THE SOURCE AND ABATE THE VISIBLE MOLD CONDITION... APPROX 3 SQ.FT AT CEILING IN THE KITCHEN LOCATED AT APT 11G, 11th STORY, 1st APARTMENT FROM NORTH AT EAST",2023-12-07,19.0,VIOLATION CLOSED,2024-04-05,Original,Close,N,2023,2023.0,2025-11-23,1426 days,708 days,1,120 days,three to six months
2858,2926,279,3043550001,4,M,,807,SCHENCK,AVENUE,11207,807 SCHENCK AVENUE,260,BOULEVARD,2021-12-28,BROOKLYN,1441,both,16547668,809351,389864.0,3,807,807,807,SCHENCK AVENUE,A,2023-12-27,2023-12-31,04/20/2024,04/06/2024,,,04/19/2024,508.0,8871160.0,"§ 27-2005 ADM CODE REPAIR THE BROKEN OR DEFECTIVE PLASTERED SURFACES AND PAINT IN A UNIFORM COLOR CEILING IN THE 1st PRIVATE HALLWAY FROM NORTH LOCATED AT APT 14G, 14th STORY, 1st APARTMENT FROM NORTH AT EAST",2024-01-02,9.0,VIOLATION DISMISSED,2024-07-01,Original,Close,N,2023,2024.0,2025-11-23,1426 days,729 days,1,181 days,six months to a year
2859,2927,279,3043550001,4,M,,807,SCHENCK,AVENUE,11207,807 SCHENCK AVENUE,260,BOULEVARD,2021-12-28,BROOKLYN,1441,both,16547669,809351,389864.0,3,807,807,807,SCHENCK AVENUE,A,2023-12-27,2023-12-31,04/20/2024,04/06/2024,,,04/19/2024,508.0,8871160.0,"§ 27-2005 ADM CODE REPAIR THE BROKEN OR DEFECTIVE PLASTERED SURFACES AND PAINT IN A UNIFORM COLOR CEILING, AND RECESS AT WINDOW AT EAST WALL IN THE 1st ROOM FROM NORTH AT EAST LOCATED AT APT 14G, 14th STORY, 1st APARTMENT FROM NORTH AT EAST",2024-01-02,9.0,VIOLATION DISMISSED,2024-07-01,Original,Close,N,2023,2024.0,2025-11-23,1426 days,729 days,1,181 days,six months to a year
2860,2928,279,3043550001,4,M,,807,SCHENCK,AVENUE,11207,807 SCHENCK AVENUE,260,BOULEVARD,2021-12-28,BROOKLYN,1441,both,16547670,809351,389864.0,3,807,807,807,SCHENCK AVENUE,A,2023-12-27,2023-12-31,04/20/2024,04/06/2024,,,04/19/2024,508.0,8871160.0,"§ 27-2005 ADM CODE REPAIR THE BROKEN OR DEFECTIVE PLASTERED SURFACES AND PAINT IN A UNIFORM COLOR CEILING IN THE 1st ROOM FROM NORTH AT WEST LOCATED AT APT 14G, 14th STORY, 1st APARTMENT FROM NORTH AT EAST",2024-01-02,9.0,VIOLATION DISMISSED,2024-07-01,Original,Close,N,2023,2024.0,2025-11-23,1426 days,729 days,1,181 days,six months to a year
2861,2929,279,3043550001,4,M,,807,SCHENCK,AVENUE,11207,807 SCHENCK AVENUE,260,BOULEVARD,2021-12-28,BROOKLYN,1441,both,16547671,809351,389864.0,3,807,807,807,SCHENCK AVENUE,A,2023-12-27,2023-12-31,04/20/2024,04/06/2024,,,,550.0,8871161.0,"§ 27-2017.3 HMC: TRACE AND REPAIR THE SOURCE AND ABATE THE VISIBLE MOLD CONDITION... APPROXIMATELY 6 SQ FT AT RECESS AT WINDOW AT NORTH WALL IN THE 1st ROOM FROM NORTH AT WEST LOCATED AT APT 14G, 14th STORY, 1st APARTMENT FROM NORTH AT EAST",2024-01-02,19.0,VIOLATION CLOSED,2024-05-01,Original,Close,N,2023,2024.0,2025-11-23,1426 days,729 days,1,120 days,three to six months
2862,2930,279,3043550001,4,M,,807,SCHENCK,AVENUE,11207,807 SCHENCK AVENUE,260,BOULEVARD,2021-12-28,BROOKLYN,1441,both,16547673,809351,389864.0,3,807,807,807,SCHENCK AVENUE,B,2023-12-27,2023-12-31,02/20/2024,02/06/2024,,,08/20/2024,507.0,8871162.0,"§ 27-2005 ADM CODE REPAIR THE ROOF SO THAT IT WILL NOT LEAK OVER CEILING IN THE 1st PRIVATE HALLWAY FROM NORTH LOCATED AT APT 14G, 14th STORY, 1st APARTMENT FROM NORTH AT EAST",2024-01-02,19.0,VIOLATION CLOSED,2024-12-27,Original,Close,Y,2023,2024.0,2025-11-23,1426 days,729 days,1,360 days,six months to a year
2863,2931,279,3043550001,4,M,,807,SCHENCK,AVENUE,11207,807 SCHENCK AVENUE,260,BOULEVARD,2021-12-28,BROOKLYN,1441,both,16547678,809351,389864.0,3,807,807,807,SCHENCK AVENUE,A,2023-12-27,2023-12-31,04/20/2024,04/06/2024,,,,550.0,8871161.0,"§ 27-2017.3 HMC: TRACE AND REPAIR THE SOURCE AND ABATE THE VISIBLE MOLD CONDITION... APPROXIMATELY SQ FT AT CEILING INSIDE CLOSET AT SOUTH WALL IN THE 2nd PRIVATE HALLWAY FROM NORTH LOCATED AT APT 14G, 14th STORY, 1st APARTMENT FROM NORTH AT EAST",2024-01-02,19.0,VIOLATION CLOSED,2024-05-01,Original,Close,N,2023,2024.0,2025-11-23,1426 days,729 days,1,120 days,three to six months
2864,2932,279,3043550001,4,M,,807,SCHENCK,AVENUE,11207,807 SCHENCK AVENUE,260,BOULEVARD,2021-12-28,BROOKLYN,1441,both,16547680,809351,389864.0,3,807,807,807,SCHENCK AVENUE,B,2023-12-27,2023-12-31,02/20/2024,02/06/2024,,,,507.0,8871163.0,"§ 27-2005 ADM CODE REPAIR THE ROOF SO THAT IT WILL NOT LEAK OVER CEILING INSIDE CLOSET AT EAST WALL IN THE 1st ROOM FROM NORTH AT WEST LOCATED AT APT 14G, 14th STORY, 1st APARTMENT FROM NORTH AT EAST",2024-01-02,19.0,VIOLATION CLOSED,2024-12-27,Original,Close,Y,2023,2024.0,2025-11-23,1426 days,729 days,1,360 days,six months to a year
2865,2933,279,3043550001,4,M,,807,SCHENCK,AVENUE,11207,807 SCHENCK AVENUE,260,BOULEVARD,2021-12-28,BROOKLYN,1441,both,16605097,809351,389864.0,3,807,807,807,SCHENCK AVENUE,C,2024-01-18,2024-01-22,02/22/2024,02/17/2024,,,02/09/2024,568.0,8904177.0,"HMC ADM CODE: § 27-2017.4 ABATE THE INFESTATION CONSISTING OF ROACHES IN THE ENTIRE APARTMENT LOCATED AT APT 4E, 4th STORY, 2nd APARTMENT FROM SOUTH AT WEST",2024-01-22,9.0,VIOLATION DISMISSED,2024-04-22,Original,Close,N,2024,2024.0,2025-11-23,1426 days,751 days,2,91 days,three to six months
2866,2934,279,3043550001,4,M,,807,SCHENCK,AVENUE,11207,807 SCHENCK AVENUE,260,BOULEVARD,2021-12-28,BROOKLYN,1441,both,16605099,809351,389864.0,3,807,807,807,SCHENCK AVENUE,C,2024-01-18,2024-02-01,02/15/2024,02/08/2024,,,02/12/2024,672.0,8924122.0,§ 27-2033 ADM CODE PROVIDE READY ACCESS TO BUILDINGS HEATING SYSTEM LOCKED DOOR AT BASEMENT AT 1st BOILER ROOM FROM NORTH,2024-02-02,9.0,VIOLATION DISMISSED,2024-04-24,Original,Close,N,2024,2024.0,2025-11-23,1426 days,751 days,2,82 days,one to three months
2867,2935,279,3043550001,4,M,,807,SCHENCK,AVENUE,11207,807 SCHENCK AVENUE,260,BOULEVARD,2021-12-28,BROOKLYN,1441,both,16605100,809351,389864.0,3,807,807,807,SCHENCK AVENUE,B,2024-01-18,2024-02-01,03/22/2024,03/08/2024,,,03/22/2024,507.0,8924121.0,"§ 27-2005 ADM CODE REPAIR THE ROOF SO THAT IT WILL NOT LEAK OVER THE CEILING AND EAST WALL IN THE KITCHEN LOCATED AT APT 14G, 14th STORY, 1st APARTMENT FROM NORTH AT EAST",2024-02-02,9.0,VIOLATION DISMISSED,2024-06-03,Original,Close,Y,2024,2024.0,2025-11-23,1426 days,751 days,2,122 days,three to six months
2868,2936,279,3043550001,4,M,,807,SCHENCK,AVENUE,11207,807 SCHENCK AVENUE,260,BOULEVARD,2021-12-28,BROOKLYN,1441,both,16605101,809351,389864.0,3,807,807,807,SCHENCK AVENUE,B,2024-01-18,2024-02-01,03/22/2024,03/08/2024,,,03/22/2024,507.0,8924121.0,"§ 27-2005 ADM CODE REPAIR THE ROOF SO THAT IT WILL NOT LEAK OVER THE CEILING IN THE PRIVATE HALLWAY LOCATED AT APT 14G, 14th STORY, 1st APARTMENT FROM NORTH AT EAST",2024-02-02,9.0,VIOLATION DISMISSED,2024-06-03,Original,Close,Y,2024,2024.0,2025-11-23,1426 days,751 days,2,122 days,three to six months
2869,2937,279,3043550001,4,M,,807,SCHENCK,AVENUE,11207,807 SCHENCK AVENUE,260,BOULEVARD,2021-12-28,BROOKLYN,1441,both,16721595,809351,389864.0,3,807,807,807,SCHENCK AVENUE,C,2024-03-06,2024-03-06,03/20/2024,03/13/2024,,,03/20/2024,576.0,8976274.0,"§ 27-2024 ADM CODE PROVIDE ADEQUATE SUPPLY OF COLD WATER FOR THE FIXTURES AT ALL COLD WATER FIXTURES. IN THE ENTIRE APARTMENT LOCATED AT APT 5F, 5th STORY, 1st APARTMENT FROM WEST AT NORTH",2024-03-07,9.0,VIOLATION DISMISSED,2024-05-31,Original,Close,Y,2024,2024.0,2025-11-23,1426 days,799 days,2,85 days,one to three months
2870,2938,279,3043550001,4,M,,807,SCHENCK,AVENUE,11207,807 SCHENCK AVENUE,260,BOULEVARD,2021-12-28,BROOKLYN,1441,both,16721596,809351,389864.0,3,807,807,807,SCHENCK AVENUE,C,2024-03-06,2024-03-06,03/20/2024,03/13/2024,,,03/20/2024,577.0,8976274.0,"§ 27-2024 ADM CODE PROVIDE ADEQUATE SUPPLY OF HOT WATER FOR THE FIXTURES AT ALL HOT WATER FIXTURES. IN THE ENTIRE APARTMENT LOCATED AT APT 5F, 5th STORY, 1st APARTMENT FROM WEST AT NORTH",2024-03-07,9.0,VIOLATION DISMISSED,2024-05-31,Original,Close,Y,2024,2024.0,2025-11-23,1426 days,799 days,2,85 days,one to three months
2871,2939,279,3043550001,4,M,,807,SCHENCK,AVENUE,11207,807 SCHENCK AVENUE,260,BOULEVARD,2021-12-28,BROOKLYN,1441,both,17049374,809351,389864.0,3,807,807,807,SCHENCK AVENUE,B,2024-06-14,2024-06-18,08/06/2024,07/23/2024,,,,1503.0,9210197.0,"§ 27-2046.1 HMC: REPAIR OR REPLACE THE CARBON MONOXIDE DETECTING DEVICE(S). MISSING IN THE ENTIRE APARTMENT LOCATED AT APT 5D, 5th STORY, 1st APARTMENT FROM SOUTH AT WEST",2024-06-18,19.0,VIOLATION CLOSED,2025-04-23,Original,Close,N,2024,2024.0,2025-11-23,1426 days,899 days,2,309 days,six months to a year
2872,2940,279,3043550001,4,M,,807,SCHENCK,AVENUE,11207,807 SCHENCK AVENUE,260,BOULEVARD,2021-12-28,BROOKLYN,1441,both,17049375,809351,389864.0,3,807,807,807,SCHENCK AVENUE,A,2024-06-14,2024-06-18,10/05/2024,09/21/2024,,,,556.0,9210196.0,"§ 27-2013 ADM CODE PAINT WITH LIGHT COLORED PAINT TO THE SATISFACTION OF THIS DEPARTMENT THE CEILINGS AND ALL WALLS IN THE ENTIRE APARTMENT LOCATED AT APT 5D, 5th STORY, 1st APARTMENT FROM SOUTH AT WEST",2024-06-18,21.0,NOT COMPLIED WITH,2025-04-23,Original,Open,N,2024,2024.0,2025-11-23,1426 days,899 days,2,523 days,more than a year
2873,2941,279,3043550001,4,M,,807,SCHENCK,AVENUE,11207,807 SCHENCK AVENUE,260,BOULEVARD,2021-12-28,BROOKLYN,1441,both,17049376,809351,389864.0,3,807,807,807,SCHENCK AVENUE,C,2024-06-14,2024-06-18,07/19/2024,07/14/2024,,,,568.0,9210201.0,"HMC ADM CODE: § 27-2017.4 ABATE THE INFESTATION CONSISTING OF ROACHES IN THE ENTIRE APARTMENT LOCATED AT APT 5D, 5th STORY, 1st APARTMENT FROM SOUTH AT WEST",2024-06-18,21.0,NOT COMPLIED WITH,2025-04-23,Original,Open,N,2024,2024.0,2025-11-23,1426 days,899 days,2,523 days,more than a year
2874,2942,279,3043550001,4,M,,807,SCHENCK,AVENUE,11207,807 SCHENCK AVENUE,260,BOULEVARD,2021-12-28,BROOKLYN,1441,both,17049377,809351,389864.0,3,807,807,807,SCHENCK AVENUE,C,2024-06-14,2024-06-18,07/19/2024,07/14/2024,,,,569.0,9210201.0,"HMC ADM CODE: § 27-2017.4 ABATE THE INFESTATION CONSISTING OF MICE IN THE ENTIRE APARTMENT LOCATED AT APT 5D, 5th STORY, 1st APARTMENT FROM SOUTH AT WEST",2024-06-18,21.0,NOT COMPLIED WITH,2025-04-23,Original,Open,N,2024,2024.0,2025-11-23,1426 days,899 days,2,523 days,more than a year
2875,2943,279,3043550001,4,M,,807,SCHENCK,AVENUE,11207,807 SCHENCK AVENUE,260,BOULEVARD,2021-12-28,BROOKLYN,1441,both,17297442,809351,389864.0,3,807,807,807,SCHENCK AVENUE,C,2024-09-24,2024-09-24,10/26/2024,10/21/2024,,,,569.0,9352545.0,"HMC ADM CODE: § 27-2017.4 ABATE THE INFESTATION CONSISTING OF MICE IN THE ENTIRE APARTMENT LOCATED AT APT 4E, 4th STORY, 2nd APARTMENT FROM SOUTH AT WEST",2024-09-25,21.0,NOT COMPLIED WITH,2025-01-02,Original,Open,N,2024,2024.0,2025-11-23,1426 days,1001 days,2,424 days,more than a year
2876,2944,279,3043550001,4,M,,807,SCHENCK,AVENUE,11207,807 SCHENCK AVENUE,260,BOULEVARD,2021-12-28,BROOKLYN,1441,both,17297443,809351,389864.0,3,807,807,807,SCHENCK AVENUE,C,2024-09-24,2024-09-24,10/26/2024,10/21/2024,,,,568.0,9352546.0,"HMC ADM CODE: § 27-2017.4 ABATE THE INFESTATION CONSISTING OF ROACHES IN THE ENTIRE APARTMENT LOCATED AT APT 7A, 7th STORY, 2nd APARTMENT FROM NORTH AT EAST",2024-09-25,19.0,VIOLATION CLOSED,2025-02-20,Original,Close,N,2024,2024.0,2025-11-23,1426 days,1001 days,2,148 days,three to six months
2877,2945,279,3043550001,4,M,,807,SCHENCK,AVENUE,11207,807 SCHENCK AVENUE,260,BOULEVARD,2021-12-28,BROOKLYN,1441,both,17297444,809351,389864.0,3,807,807,807,SCHENCK AVENUE,C,2024-09-24,2024-09-24,10/26/2024,10/21/2024,,,,569.0,9352546.0,"HMC ADM CODE: § 27-2017.4 ABATE THE INFESTATION CONSISTING OF MICE IN THE ENTIRE APARTMENT LOCATED AT APT 7A, 7th STORY, 2nd APARTMENT FROM NORTH AT EAST",2024-09-25,19.0,VIOLATION CLOSED,2025-02-20,Original,Close,N,2024,2024.0,2025-11-23,1426 days,1001 days,2,148 days,three to six months
2878,2946,279,3043550001,4,M,,807,SCHENCK,AVENUE,11207,807 SCHENCK AVENUE,260,BOULEVARD,2021-12-28,BROOKLYN,1441,both,17597640,809351,389864.0,3,807,807,807,SCHENCK AVENUE,C,2024-12-30,2025-01-02,01/22/2025,01/17/2025,,,03/13/2025,530.0,9562552.0,"§ 27-2005, 27-2007, 27-2041.1 HMC, §238, § 309; § 107 (2) ( C) MDL AND 28 RCNY §25-171: REPLACE OR REPAIR THE SELF-CLOSING DOORS THAT IS MISSING OR DEFECTIVE HINGES AT COMPACTER CHUTE AT PUBLIC HALL, 5th STORY",2025-01-03,19.0,VIOLATION CLOSED,2025-04-15,Original,Close,N,2024,2025.0,2025-11-23,1426 days,1098 days,3,102 days,three to six months
2879,2947,279,3043550001,4,M,,807,SCHENCK,AVENUE,11207,807 SCHENCK AVENUE,260,BOULEVARD,2021-12-28,BROOKLYN,1441,both,18124421,809351,389864.0,3,807,807,807,SCHENCK AVENUE,B,2025-07-31,2025-08-02,09/22/2025,09/08/2025,,,08/28/2025,508.0,9935732.0,"§ 27-2005 ADM CODE REPAIR THE BROKEN OR DEFECTIVE PLASTERED SURFACES AND PAINT IN A UNIFORM COLOR THE CEILING AND ALL WALLS IN THE BATHROOM LOCATED AT APT 7A, 7th STORY, 2nd APARTMENT FROM NORTH AT EAST",2025-08-04,9.0,VIOLATION DISMISSED,2025-11-10,Original,Close,N,2025,2025.0,2025-11-23,1426 days,1311 days,3,98 days,three to six months
2880,2948,279,3043550001,4,M,,807,SCHENCK,AVENUE,11207,807 SCHENCK AVENUE,260,BOULEVARD,2021-12-28,BROOKLYN,1441,both,15556300,809351,389864.0,3,807,807,807,SCHENCK AVENUE,A,2022-11-21,2022-11-21,03/11/2023,02/25/2023,,,12/09/2022,778.0,8195541.0,"§ 27-2104 ADM CODE POST AND MAINTAIN A PROPER SIGN ON WALL OF ENTRANCE STORY SHOWING THE REGISTRATION NUMBER ASSIGNED BY THE DEPARTMENT AND THE ADDRESS OF THE BUILDING. AT PUBLIC HALL, 1st STORY",2022-11-22,9.0,VIOLATION DISMISSED,2023-02-21,Original,Close,N,2022,2022.0,2025-11-23,1426 days,328 days,0,91 days,three to six months
2881,2949,279,3043550001,4,M,,807,SCHENCK,AVENUE,11207,807 SCHENCK AVENUE,260,BOULEVARD,2021-12-28,BROOKLYN,1441,both,15556301,809351,389864.0,3,807,807,807,SCHENCK AVENUE,A,2022-11-21,2022-11-21,03/11/2023,02/25/2023,,,12/09/2022,1501.0,8195541.0,"§ 27-2046.1 HMC: POST A PROPER NOTICE OF CARBON MONOXIDE DETECTING DEVICE REQUIREMENTS, IN A FORM APPROVED BY THE COMMISSIONER, IN A COMMON AREA OF A CLASS A MULTIPLE DWELLING NEAR INSPECTION CERTIFICATE OR PROVIDE NOTICE TO TENANTS IN A PRIVATE DWELLING.",2022-11-22,9.0,VIOLATION DISMISSED,2023-02-21,Original,Close,N,2022,2022.0,2025-11-23,1426 days,328 days,0,91 days,three to six months
2882,2950,279,3043550001,4,M,,807,SCHENCK,AVENUE,11207,807 SCHENCK AVENUE,260,BOULEVARD,2021-12-28,BROOKLYN,1441,both,15556302,809351,389864.0,3,807,807,807,SCHENCK AVENUE,A,2022-11-21,2022-11-21,03/11/2023,02/25/2023,,,12/13/2022,1506.0,8195542.0,"§ 27-2005 HMC: POST, IN A FORM APPROVED BY THE COMMISSIONER, AND MAINTAIN A NOTICE IN A COMMON AREA OF THE BUILDING REGARDING THE PROCEDURES THAT SHOULD BE FOLLOWED WHEN A GAS LEAK IS SUSPECTED AT PUBLIC HALL",2022-11-22,9.0,VIOLATION DISMISSED,2023-02-23,Original,Close,N,2022,2022.0,2025-11-23,1426 days,328 days,0,93 days,three to six months
2883,2951,279,3043550001,4,M,,807,SCHENCK,AVENUE,11207,807 SCHENCK AVENUE,260,BOULEVARD,2021-12-28,BROOKLYN,1441,both,16826292,809351,389864.0,3,807,807,807,SCHENCK AVENUE,B,2023-12-06,2024-04-05,05/24/2024,05/10/2024,,,,550.0,9043748.0,"§ 27-2017.3 HMC: TRACE AND REPAIR THE SOURCE AND ABATE THE VISIBLE MOLD CONDITION... APPROX 2 SQ.FT AT EAST WALL IN THE 1st ROOM FROM NORTH AT EAST LOCATED AT APT 11G, 11th STORY, 1st APARTMENT FROM NORTH AT EAST ORIGINAL VIOLATION 16504180 ISSUED 06-DEC-23 HAS BEEN UPGRADED TO CLASS B PER ADMINISTRATIVE CODE §27-2017.3a(3)(a) or (b).",2024-04-05,20.0,DEFECT LETTER ISSUED,2025-10-01,Original,Open,N,2023,2024.0,2025-11-23,1426 days,708 days,1,597 days,more than a year
2884,2952,279,3043550001,4,M,,807,SCHENCK,AVENUE,11207,807 SCHENCK AVENUE,260,BOULEVARD,2021-12-28,BROOKLYN,1441,both,15881702,809351,389864.0,3,807,807,807,SCHENCK AVENUE,A,2023-03-29,2023-03-29,07/16/2023,07/02/2023,,,,1507.0,8417242.0,"(A) § HMC:FILE ANNUAL BEDBUG REPORT IN ACCORDANCE WITH HPD RULE AS DESCRIBED ON THE BACK OF THIS NOTICE OF VIOLATION OR AS DESCRIBED ON HPDS WEBSITE, WWW.NYC.GOV\HPD, SEARCH BED BUGS.",2023-03-29,9.0,VIOLATION DISMISSED,2023-12-04,Original,Close,N,2023,2023.0,2025-11-23,1426 days,456 days,1,250 days,six months to a year
2885,2953,279,3043550001,4,M,,807,SCHENCK,AVENUE,11207,807 SCHENCK AVENUE,260,BOULEVARD,2021-12-28,BROOKLYN,1441,both,17155189,809351,389864.0,3,807,807,807,SCHENCK AVENUE,B,2024-07-31,2024-07-31,09/19/2024,09/05/2024,,,,508.0,9271043.0,"§ 27-2005 ADM CODE REPAIR THE BROKEN OR DEFECTIVE PLASTERED SURFACES AND PAINT IN A UNIFORM COLOR AT CEILING IN THE KITCHEN LOCATED AT APT 5D, 5th STORY, 1st APARTMENT FROM SOUTH AT WEST",2024-08-01,21.0,NOT COMPLIED WITH,2025-04-23,Original,Open,N,2024,2024.0,2025-11-23,1426 days,946 days,2,479 days,more than a year
2886,2954,279,3043550001,4,M,,807,SCHENCK,AVENUE,11207,807 SCHENCK AVENUE,260,BOULEVARD,2021-12-28,BROOKLYN,1441,both,17155190,809351,389864.0,3,807,807,807,SCHENCK AVENUE,B,2024-07-31,2024-07-31,09/19/2024,09/05/2024,,,,529.0,9271043.0,"§ 27-2005 HMC: REFIT LOWER AND UPPER SASH WINDOW AT WEST WALL IN THE 1st ROOM FROM NORTH LOCATED AT APT 5D, 5th STORY, 1st APARTMENT FROM SOUTH AT WEST",2024-08-01,21.0,NOT COMPLIED WITH,2025-04-23,Original,Open,N,2024,2024.0,2025-11-23,1426 days,946 days,2,479 days,more than a year
2887,2955,279,3043550001,4,M,,807,SCHENCK,AVENUE,11207,807 SCHENCK AVENUE,260,BOULEVARD,2021-12-28,BROOKLYN,1441,both,17922261,809351,389864.0,3,807,807,807,SCHENCK AVENUE,C,2025-05-28,2025-05-28,06/17/2025,06/12/2025,,,06/02/2025,530.0,9776626.0,"§ 27-2005, 27-2007, 27-2041.1 HMC, §238, § 309; § 107 (2) ( C) MDL AND 28 RCNY §25-171: REPLACE OR REPAIR THE SELF-CLOSING DOORS THAT IS MISSING OR DEFECTIVE HINGES AT HOPPER DOOR TO COMPACTOR CHUTE AT PUBLIC HALL, 13th STORY",2025-05-29,19.0,VIOLATION CLOSED,2025-06-26,Original,Close,N,2025,2025.0,2025-11-23,1426 days,1247 days,3,28 days,one week to a month
2888,2956,279,3043550001,4,M,,807,SCHENCK,AVENUE,11207,807 SCHENCK AVENUE,260,BOULEVARD,2021-12-28,BROOKLYN,1441,both,16173755,809351,389864.0,3,807,807,807,SCHENCK AVENUE,C,2023-08-19,2023-08-19,09/21/2023,09/16/2023,,,,568.0,8608112.0,"HMC ADM CODE: § 27-2017.4 ABATE THE INFESTATION CONSISTING OF ROACHES IN THE ENTIRE APARTMENT LOCATED AT APT 5G, 5th STORY, 1st APARTMENT FROM NORTH AT EAST",2023-08-21,19.0,VIOLATION CLOSED,2025-09-04,Original,Close,N,2023,2023.0,2025-11-23,1426 days,599 days,1,745 days,more than a year
2889,2957,279,3043550001,4,M,,807,SCHENCK,AVENUE,11207,807 SCHENCK AVENUE,260,BOULEVARD,2021-12-28,BROOKLYN,1441,both,16826293,809351,389864.0,3,807,807,807,SCHENCK AVENUE,B,2023-12-06,2024-04-05,05/24/2024,05/10/2024,,,,550.0,9043748.0,"§ 27-2017.3 HMC: TRACE AND REPAIR THE SOURCE AND ABATE THE VISIBLE MOLD CONDITION... APPROX 3 SQ.FT AT CEILING IN THE BATHROOM LOCATED AT APT 11G, 11th STORY, 1st APARTMENT FROM NORTH AT EAST ORIGINAL VIOLATION 16504181 ISSUED 06-DEC-23 HAS BEEN UPGRADED TO CLASS B PER ADMINISTRATIVE CODE §27-2017.3a(3)(a) or (b).",2024-04-05,20.0,DEFECT LETTER ISSUED,2025-10-01,Original,Open,N,2023,2024.0,2025-11-23,1426 days,708 days,1,597 days,more than a year
2890,2958,279,3043550001,4,M,,807,SCHENCK,AVENUE,11207,807 SCHENCK AVENUE,260,BOULEVARD,2021-12-28,BROOKLYN,1441,both,15376401,809351,389864.0,3,807,807,807,SCHENCK AVENUE,C,2022-09-20,2022-09-21,10/05/2022,09/28/2022,,,08/16/2024,536.0,8046724.0,"§ 27-2005, 2007 ADM CODE REMOVE DEVICE PREVENTING DOOR FROM BEING SELF-CLOSING REMOVABLE DOOR STOPPER AT BUILDING FRONT ENTRANCE , 1st STORY",2022-09-22,19.0,VIOLATION CLOSED,2024-12-27,Original,Close,N,2022,2022.0,2025-11-23,1426 days,266 days,0,827 days,more than a year
2891,2959,279,3043550001,4,M,,807,SCHENCK,AVENUE,11207,807 SCHENCK AVENUE,260,BOULEVARD,2021-12-28,BROOKLYN,1441,both,15376402,809351,389864.0,3,807,807,807,SCHENCK AVENUE,C,2022-09-20,2022-09-21,10/05/2022,09/28/2022,,,,505.0,8046724.0,"§ 27-2005 ADM CODE REPLACE WITH NEW THE BROKEN OR DEFECTIVE LIGHT GLASS PANE AT BUILDING FRONT ENTRANCE , 1st STORY",2022-09-22,19.0,VIOLATION CLOSED,2023-08-18,Original,Close,N,2022,2022.0,2025-11-23,1426 days,266 days,0,330 days,six months to a year
2892,2960,279,3043550001,4,M,,807,SCHENCK,AVENUE,11207,807 SCHENCK AVENUE,260,BOULEVARD,2021-12-28,BROOKLYN,1441,both,15376405,809351,389864.0,3,807,807,807,SCHENCK AVENUE,A,2022-09-20,2022-09-21,01/09/2023,12/26/2022,,,08/16/2024,1501.0,8046723.0,"§ 27-2046.1 HMC: POST A PROPER NOTICE OF CARBON MONOXIDE DETECTING DEVICE REQUIREMENTS, IN A FORM APPROVED BY THE COMMISSIONER, IN A COMMON AREA OF A CLASS A MULTIPLE DWELLING NEAR INSPECTION CERTIFICATE OR PROVIDE NOTICE TO TENANTS IN A PRIVATE DWELLING.",2022-09-22,19.0,VIOLATION CLOSED,2024-12-27,Original,Close,N,2022,2022.0,2025-11-23,1426 days,266 days,0,827 days,more than a year
2893,2961,279,3043550001,4,M,,807,SCHENCK,AVENUE,11207,807 SCHENCK AVENUE,260,BOULEVARD,2021-12-28,BROOKLYN,1441,both,15376407,809351,389864.0,3,807,807,807,SCHENCK AVENUE,A,2022-09-20,2022-09-21,01/09/2023,12/26/2022,,,08/20/2024,778.0,8046723.0,"§ 27-2104 ADM CODE POST AND MAINTAIN A PROPER SIGN ON WALL OF ENTRANCE STORY SHOWING THE REGISTRATION NUMBER ASSIGNED BY THE DEPARTMENT AND THE ADDRESS OF THE BUILDING. AT PUBLIC HALL, 1st STORY",2022-09-22,19.0,VIOLATION CLOSED,2024-12-27,Original,Close,N,2022,2022.0,2025-11-23,1426 days,266 days,0,827 days,more than a year
2894,2962,279,3043550001,4,M,,807,SCHENCK,AVENUE,11207,807 SCHENCK AVENUE,260,BOULEVARD,2021-12-28,BROOKLYN,1441,both,17585289,809351,389864.0,3,807,807,807,SCHENCK AVENUE,C,2024-12-23,2024-12-27,01/18/2025,01/13/2025,,,,530.0,9557594.0,"§ 27-2005, 27-2007, 27-2041.1 HMC, §238, § 309; § 107 (2) ( C) MDL AND 28 RCNY §25-171: REPLACE OR REPAIR THE SELF-CLOSING DOORS THAT IS MISSING OR DEFECTIVE HINGE COMPACTOR HOPPER AT PUBLIC HALL, 7th STORY",2024-12-30,11.0,VIOLATION WILL BE REINSPECTED,2025-04-11,Original,Open,N,2024,2024.0,2025-11-23,1426 days,1091 days,2,328 days,six months to a year
2895,2963,279,3043550001,4,M,,807,SCHENCK,AVENUE,11207,807 SCHENCK AVENUE,260,BOULEVARD,2021-12-28,BROOKLYN,1441,both,17585292,809351,389864.0,3,807,807,807,SCHENCK AVENUE,C,2024-12-23,2024-12-27,01/18/2025,01/13/2025,,,,530.0,9557594.0,"§ 27-2005, 27-2007, 27-2041.1 HMC, §238, § 309; § 107 (2) ( C) MDL AND 28 RCNY §25-171: REPLACE OR REPAIR THE SELF-CLOSING DOORS THAT IS MISSING OR DEFECTIVE HINGES AT PUBLIC HALL STAIR A , 6th STORY",2024-12-30,19.0,VIOLATION CLOSED,2025-04-15,Original,Close,N,2024,2024.0,2025-11-23,1426 days,1091 days,2,106 days,three to six months
2896,2964,279,3043550001,4,M,,807,SCHENCK,AVENUE,11207,807 SCHENCK AVENUE,260,BOULEVARD,2021-12-28,BROOKLYN,1441,both,17585296,809351,389864.0,3,807,807,807,SCHENCK AVENUE,C,2024-12-23,2024-12-27,01/18/2025,01/13/2025,,,,530.0,9557594.0,"§ 27-2005, 27-2007, 27-2041.1 HMC, §238, § 309; § 107 (2) ( C) MDL AND 28 RCNY §25-171: REPLACE OR REPAIR THE SELF-CLOSING DOORS THAT IS MISSING OR DEFECTIVE HINGES AT FIRE DOOR LEADING TO EAST YARD AT CELLAR",2024-12-30,19.0,VIOLATION CLOSED,2025-02-19,Original,Close,N,2024,2024.0,2025-11-23,1426 days,1091 days,2,51 days,one to three months
2897,2965,279,3043550001,4,M,,807,SCHENCK,AVENUE,11207,807 SCHENCK AVENUE,260,BOULEVARD,2021-12-28,BROOKLYN,1441,both,16509968,809351,389864.0,3,807,807,807,SCHENCK AVENUE,A,2023-12-06,2023-12-06,03/25/2024,03/11/2024,,,,556.0,8837322.0,"§ 27-2013 ADM CODE PAINT WITH LIGHT COLORED PAINT TO THE SATISFACTION OF THIS DEPARTMENT ALL PEELING PAINT SURFACES IN THE 1st ROOM FROM NORTH AT EAST, THE KITCHEN , THE BATHROOM LOCATED AT APT 11G, 11th STORY, 1st APARTMENT FROM NORTH AT EAST",2023-12-07,19.0,VIOLATION CLOSED,2025-10-01,Original,Close,N,2023,2023.0,2025-11-23,1426 days,708 days,1,664 days,more than a year
2898,2966,279,3043550001,4,M,,807,SCHENCK,AVENUE,11207,807 SCHENCK AVENUE,260,BOULEVARD,2021-12-28,BROOKLYN,1441,both,16826294,809351,389864.0,3,807,807,807,SCHENCK AVENUE,B,2023-12-06,2024-04-05,05/24/2024,05/10/2024,,,,550.0,9043748.0,"§ 27-2017.3 HMC: TRACE AND REPAIR THE SOURCE AND ABATE THE VISIBLE MOLD CONDITION... APPROX 3 SQ.FT AT CEILING IN THE KITCHEN LOCATED AT APT 11G, 11th STORY, 1st APARTMENT FROM NORTH AT EAST ORIGINAL VIOLATION 16504183 ISSUED 06-DEC-23 HAS BEEN UPGRADED TO CLASS B PER ADMINISTRATIVE CODE §27-2017.3a(3)(a) or (b).",2024-04-05,20.0,DEFECT LETTER ISSUED,2025-10-01,Original,Open,N,2023,2024.0,2025-11-23,1426 days,708 days,1,597 days,more than a year
2899,2967,279,3043550001,4,M,,807,SCHENCK,AVENUE,11207,807 SCHENCK AVENUE,260,BOULEVARD,2021-12-28,BROOKLYN,1441,both,17672736,809351,389864.0,3,807,807,807,SCHENCK AVENUE,C,2025-02-05,2025-02-07,03/01/2025,02/24/2025,,,,530.0,9621579.0,"§ 27-2005, 27-2007, 27-2041.1 HMC, §238, § 309; § 107 (2) ( C) MDL AND 28 RCNY §25-171: REPLACE OR REPAIR THE SELF-CLOSING DOORS THAT IS MISSING OR DEFECTIVE HINGES IN THE ENTRANCE LOCATED AT APT 5G, 5th STORY, 1st APARTMENT FROM NORTH AT EAST",2025-02-10,19.0,VIOLATION CLOSED,2025-04-15,Original,Close,N,2025,2025.0,2025-11-23,1426 days,1135 days,3,64 days,one to three months
2900,2968,279,3043550001,4,M,,807,SCHENCK,AVENUE,11207,807 SCHENCK AVENUE,260,BOULEVARD,2021-12-28,BROOKLYN,1441,both,17672737,809351,389864.0,3,807,807,807,SCHENCK AVENUE,C,2025-02-05,2025-02-07,03/13/2025,03/08/2025,,,03/13/2025,568.0,9621578.0,"HMC ADM CODE: § 27-2017.4 ABATE THE INFESTATION CONSISTING OF ROACHES IN THE ENTIRE APARTMENT LOCATED AT APT 5G, 5th STORY, 1st APARTMENT FROM NORTH AT EAST",2025-02-10,22.0,FIRST NO ACCESS TO RE- INSPECT VIOLATION,2025-06-27,Original,Open,N,2025,2025.0,2025-11-23,1426 days,1135 days,3,286 days,six months to a year
2901,2969,279,3043550001,4,M,,807,SCHENCK,AVENUE,11207,807 SCHENCK AVENUE,260,BOULEVARD,2021-12-28,BROOKLYN,1441,both,17672738,809351,389864.0,3,807,807,807,SCHENCK AVENUE,C,2025-02-05,2025-02-07,03/01/2025,02/24/2025,,,02/28/2025,530.0,9621580.0,"§ 27-2005, 27-2007, 27-2041.1 HMC, §238, § 309; § 107 (2) ( C) MDL AND 28 RCNY §25-171: REPLACE OR REPAIR THE SELF-CLOSING DOORS THAT IS MISSING OR DEFECTIVE LATCH, AT BUILDING ENTRANCE",2025-02-10,19.0,VIOLATION CLOSED,2025-03-18,Original,Close,N,2025,2025.0,2025-11-23,1426 days,1135 days,3,36 days,one to three months
2902,2970,279,3043550001,4,M,,807,SCHENCK,AVENUE,11207,807 SCHENCK AVENUE,260,BOULEVARD,2021-12-28,BROOKLYN,1441,both,17049378,809351,389864.0,3,807,807,807,SCHENCK AVENUE,C,2024-06-14,2024-06-18,07/07/2024,07/02/2024,,,,530.0,9210202.0,"§ 27-2005, 27-2007, 27-2041.1 HMC, §238, § 309; § 107 (2) ( C) MDL AND 28 RCNY §25-171: REPLACE OR REPAIR THE SELF-CLOSING DOORS THAT IS MISSING OR DEFECTIVE HINGE IN THE ENTRANCE LOCATED AT APT 5D, 5th STORY, 1st APARTMENT FROM SOUTH AT WEST",2024-06-18,21.0,NOT COMPLIED WITH,2025-04-23,Original,Open,N,2024,2024.0,2025-11-23,1426 days,899 days,2,523 days,more than a year
2903,2971,279,3043550001,4,M,,807,SCHENCK,AVENUE,11207,807 SCHENCK AVENUE,260,BOULEVARD,2021-12-28,BROOKLYN,1441,both,17708750,809351,389864.0,3,807,807,807,SCHENCK AVENUE,C,2025-02-20,2025-02-20,03/05/2025,02/21/2025,,,03/13/2025,670.0,9637563.0,"§ 27-2031 ADM CODE PROVIDE HOT WATER AT ALL HOT WATER FIXTURES IN THE ENTIRE APARTMENT LOCATED AT APT 14G, 14th STORY, 1st APARTMENT FROM NORTH AT EAST",2025-02-21,4.0,NOV CERTIFIED LATE,2025-03-13,Original,Open,Y,2025,2025.0,2025-11-23,1426 days,1150 days,3,275 days,six months to a year
2904,2972,279,3043550001,4,M,,807,SCHENCK,AVENUE,11207,807 SCHENCK AVENUE,260,BOULEVARD,2021-12-28,BROOKLYN,1441,both,17708751,809351,389864.0,3,807,807,807,SCHENCK AVENUE,C,2025-02-20,2025-02-21,03/09/2025,03/02/2025,,,03/06/2025,672.0,9642254.0,§ 27-2033 ADM CODE PROVIDE READY ACCESS TO BUILDINGS HEATING SYSTEM LOCKED DOOR AT BOILER ROOM,2025-02-24,19.0,VIOLATION CLOSED,2025-04-15,Original,Close,N,2025,2025.0,2025-11-23,1426 days,1150 days,3,50 days,one to three months
2905,2973,279,3043550001,4,M,,807,SCHENCK,AVENUE,11207,807 SCHENCK AVENUE,260,BOULEVARD,2021-12-28,BROOKLYN,1441,both,17708753,809351,389864.0,3,807,807,807,SCHENCK AVENUE,C,2025-02-20,2025-02-21,03/15/2025,03/10/2025,,,,530.0,9642255.0,"§ 27-2005, 27-2007, 27-2041.1 HMC, §238, § 309; § 107 (2) ( C) MDL AND 28 RCNY §25-171: REPLACE OR REPAIR THE SELF-CLOSING DOORS THAT IS MISSING OR DEFECTIVE HINGES AT HOPPER DOOR AT COMPACTOR CHUTE AT PUBLIC HALL, 1st STORY",2025-02-24,19.0,VIOLATION CLOSED,2025-04-15,Original,Close,N,2025,2025.0,2025-11-23,1426 days,1150 days,3,50 days,one to three months
2906,2974,279,3043550001,4,M,,807,SCHENCK,AVENUE,11207,807 SCHENCK AVENUE,260,BOULEVARD,2021-12-28,BROOKLYN,1441,both,17708752,809351,389864.0,3,807,807,807,SCHENCK AVENUE,B,2025-02-20,2025-02-21,04/14/2025,03/31/2025,,,02/28/2025,649.0,9642253.0,"§ 27-2026 ADM CODE REMOVE ALL OBSTRUCTIONS AND REPAIR ALL DEFECTS IN WASTE LINE AT BATHTUB IN THE BATHROOM LOCATED AT APT 14G, 14th STORY, 1st APARTMENT FROM NORTH AT EAST",2025-02-24,9.0,VIOLATION DISMISSED,2025-05-12,Original,Close,Y,2025,2025.0,2025-11-23,1426 days,1150 days,3,77 days,one to three months
2907,2975,279,3043550001,4,M,,807,SCHENCK,AVENUE,11207,807 SCHENCK AVENUE,260,BOULEVARD,2021-12-28,BROOKLYN,1441,both,17672739,809351,389864.0,3,807,807,807,SCHENCK AVENUE,B,2025-02-05,2025-02-07,03/31/2025,03/17/2025,,,03/04/2025,501.0,9621577.0,§ 27-2005 HMC: PROPERLY REPAIR OR REPLACE THE BROKEN OR DEFECTIVE LATCH AT BUILDING ENTRANCE DOOR,2025-02-10,19.0,VIOLATION CLOSED,2025-04-15,Original,Close,N,2025,2025.0,2025-11-23,1426 days,1135 days,3,64 days,one to three months
2908,2976,279,3043550001,4,M,,807,SCHENCK,AVENUE,11207,807 SCHENCK AVENUE,260,BOULEVARD,2021-12-28,BROOKLYN,1441,both,17758253,809351,389864.0,3,807,807,807,SCHENCK AVENUE,C,2025-03-14,2025-03-14,04/17/2025,04/12/2025,,,03/27/2025,569.0,9673458.0,HMC ADM CODE: § 27-2017.4 ABATE THE INFESTATION CONSISTING OF MICE AT CELLAR,2025-03-17,9.0,VIOLATION DISMISSED,2025-06-09,Original,Close,N,2025,2025.0,2025-11-23,1426 days,1172 days,3,84 days,one to three months
2909,2977,279,3043550001,4,M,,807,SCHENCK,AVENUE,11207,807 SCHENCK AVENUE,260,BOULEVARD,2021-12-28,BROOKLYN,1441,both,17758251,809351,389864.0,3,807,807,807,SCHENCK AVENUE,C,2025-03-14,2025-03-14,03/27/2025,03/15/2025,,,,670.0,9671125.0,"§ 27-2031 ADM CODE PROVIDE HOT WATER AT ALL HOT WATER FIXTURES IN THE ENTIRE APARTMENT LOCATED AT APT 14G, 14th STORY, 1st APARTMENT FROM NORTH AT EAST",2025-03-17,28.0,INVALID CERTIFICATION,2025-03-27,Original,Open,Y,2025,2025.0,2025-11-23,1426 days,1172 days,3,251 days,six months to a year
2910,2978,279,3043550001,4,M,,807,SCHENCK,AVENUE,11207,807 SCHENCK AVENUE,260,BOULEVARD,2021-12-28,BROOKLYN,1441,both,16945899,809351,389864.0,3,807,807,807,SCHENCK AVENUE,B,2023-12-27,2024-05-01,06/19/2024,06/05/2024,,,,550.0,9139440.0,"§ 27-2017.3 HMC: TRACE AND REPAIR THE SOURCE AND ABATE THE VISIBLE MOLD CONDITION... APPROXIMATELY 6 SQ FT AT RECESS AT WINDOW AT NORTH WALL IN THE 1st ROOM FROM NORTH AT WEST LOCATED AT APT 14G, 14th STORY, 1st APARTMENT FROM NORTH AT EAST ORIGINAL VIOLATION 16547671 ISSUED 27-DEC-23 HAS BEEN UPGRADED TO CLASS B PER ADMINISTRATIVE CODE §27-2017.3a(3)(a) or (b).",2024-05-01,19.0,VIOLATION CLOSED,2025-03-20,Original,Close,N,2023,2024.0,2025-11-23,1426 days,729 days,1,323 days,six months to a year
2911,2979,279,3043550001,4,M,,807,SCHENCK,AVENUE,11207,807 SCHENCK AVENUE,260,BOULEVARD,2021-12-28,BROOKLYN,1441,both,16945900,809351,389864.0,3,807,807,807,SCHENCK AVENUE,B,2023-12-27,2024-05-01,06/19/2024,06/05/2024,,,,550.0,9139440.0,"§ 27-2017.3 HMC: TRACE AND REPAIR THE SOURCE AND ABATE THE VISIBLE MOLD CONDITION... APPROXIMATELY 3 SQ FT AT WEST WALL IN THE FOYER LOCATED AT APT 14G, 14th STORY, 1st APARTMENT FROM NORTH AT EAST ORIGINAL VIOLATION 16547677 ISSUED 27-DEC-23 HAS BEEN UPGRADED TO CLASS B PER ADMINISTRATIVE CODE §27-2017.3a(3)(a) or (b).",2024-05-01,19.0,VIOLATION CLOSED,2025-03-20,Original,Close,N,2023,2024.0,2025-11-23,1426 days,729 days,1,323 days,six months to a year
2912,2980,279,3043550001,4,M,,807,SCHENCK,AVENUE,11207,807 SCHENCK AVENUE,260,BOULEVARD,2021-12-28,BROOKLYN,1441,both,16945901,809351,389864.0,3,807,807,807,SCHENCK AVENUE,B,2023-12-27,2024-05-01,06/19/2024,06/05/2024,,,,550.0,9139440.0,"§ 27-2017.3 HMC: TRACE AND REPAIR THE SOURCE AND ABATE THE VISIBLE MOLD CONDITION... APPROXIMATELY SQ FT AT CEILING INSIDE CLOSET AT SOUTH WALL IN THE 2nd PRIVATE HALLWAY FROM NORTH LOCATED AT APT 14G, 14th STORY, 1st APARTMENT FROM NORTH AT EAST ORIGINAL VIOLATION 16547678 ISSUED 27-DEC-23 HAS BEEN UPGRADED TO CLASS B PER ADMINISTRATIVE CODE §27-2017.3a(3)(a) or (b).",2024-05-01,19.0,VIOLATION CLOSED,2025-03-20,Original,Close,N,2023,2024.0,2025-11-23,1426 days,729 days,1,323 days,six months to a year
2913,2981,279,3043550001,4,M,,807,SCHENCK,AVENUE,11207,807 SCHENCK AVENUE,260,BOULEVARD,2021-12-28,BROOKLYN,1441,both,17758252,809351,389864.0,3,807,807,807,SCHENCK AVENUE,C,2025-03-14,2025-03-18,04/01/2025,03/25/2025,,,03/20/2025,672.0,9676719.0,§ 27-2033 ADM CODE PROVIDE READY ACCESS TO BUILDINGS HEATING SYSTEM DOOR LOCKED AT CELLAR. AT PUBLIC HALL,2025-03-19,9.0,VIOLATION DISMISSED,2025-06-02,Original,Close,N,2025,2025.0,2025-11-23,1426 days,1172 days,3,75 days,one to three months
2914,2982,279,3043550001,4,M,,807,SCHENCK,AVENUE,11207,807 SCHENCK AVENUE,260,BOULEVARD,2021-12-28,BROOKLYN,1441,both,15662222,809351,389864.0,3,807,807,807,SCHENCK AVENUE,C,2023-01-13,2023-01-13,02/05/2023,01/31/2023,,,,530.0,8255316.0,"§ 27-2005, 27-2007, 27-2041.1 HMC: REPLACE OR REPAIR THE SELF-CLOSING DOORS THAT IS MISSING OR DEFECTIVE ... IN THE ENTRANCE LOCATED AT APT 10D, 10th STORY, 3rd APARTMENT FROM SOUTH AT WEST",2023-01-17,19.0,VIOLATION CLOSED,2025-04-15,Original,Close,N,2023,2023.0,2025-11-23,1426 days,381 days,1,819 days,more than a year
2915,2983,279,3043550001,4,M,,807,SCHENCK,AVENUE,11207,807 SCHENCK AVENUE,260,BOULEVARD,2021-12-28,BROOKLYN,1441,both,17838315,809351,389864.0,3,807,807,807,SCHENCK AVENUE,C,2025-04-19,2025-04-19,05/04/2025,04/27/2025,,,05/08/2025,672.0,9723179.0,§ 27-2033 ADM CODE PROVIDE READY ACCESS TO BUILDINGS HEATING SYSTEM LOCKED DOOR AT CELLER AT BOILER ROOM,2025-04-21,4.0,NOV CERTIFIED LATE,2025-05-08,Original,Open,N,2025,2025.0,2025-11-23,1426 days,1208 days,3,216 days,six months to a year
2916,2984,279,3043550001,4,M,,807,SCHENCK,AVENUE,11207,807 SCHENCK AVENUE,260,BOULEVARD,2021-12-28,BROOKLYN,1441,both,17049367,809351,389864.0,3,807,807,807,SCHENCK AVENUE,B,2024-06-14,2024-06-18,08/06/2024,07/23/2024,,,,583.0,9210197.0,"§ 27-2026, 2027 HMC: PROPERLY REPAIR THE SOURCE AND ABATE THE EVIDENCE OF A WATER LEAK AT CEILING IN THE KITCHEN LOCATED AT APT 5D, 5th STORY, 1st APARTMENT FROM SOUTH AT WEST",2024-06-18,19.0,VIOLATION CLOSED,2025-04-23,Original,Close,N,2024,2024.0,2025-11-23,1426 days,899 days,2,309 days,six months to a year
2917,2985,279,3043550001,4,M,,807,SCHENCK,AVENUE,11207,807 SCHENCK AVENUE,260,BOULEVARD,2021-12-28,BROOKLYN,1441,both,17049368,809351,389864.0,3,807,807,807,SCHENCK AVENUE,B,2024-06-14,2024-06-18,08/06/2024,07/23/2024,,,,508.0,9210197.0,"§ 27-2005 ADM CODE REPAIR THE BROKEN OR DEFECTIVE PLASTERED SURFACES AND PAINT IN A UNIFORM COLOR THE CEILING IN THE KITCHEN LOCATED AT APT 5D, 5th STORY, 1st APARTMENT FROM SOUTH AT WEST",2024-06-18,21.0,NOT COMPLIED WITH,2025-04-23,Original,Open,N,2024,2024.0,2025-11-23,1426 days,899 days,2,523 days,more than a year
2918,2986,279,3043550001,4,M,,807,SCHENCK,AVENUE,11207,807 SCHENCK AVENUE,260,BOULEVARD,2021-12-28,BROOKLYN,1441,both,17049370,809351,389864.0,3,807,807,807,SCHENCK AVENUE,B,2024-06-14,2024-06-18,08/06/2024,07/23/2024,,,,508.0,9210197.0,"§ 27-2005 ADM CODE REPAIR THE BROKEN OR DEFECTIVE PLASTERED SURFACES AND PAINT IN A UNIFORM COLOR THE CEILING AND ALL WALLS IN THE BATHROOM LOCATED AT APT 5D, 5th STORY, 1st APARTMENT FROM SOUTH AT WEST",2024-06-18,21.0,NOT COMPLIED WITH,2025-04-23,Original,Open,N,2024,2024.0,2025-11-23,1426 days,899 days,2,523 days,more than a year
2919,2987,279,3043550001,4,M,,807,SCHENCK,AVENUE,11207,807 SCHENCK AVENUE,260,BOULEVARD,2021-12-28,BROOKLYN,1441,both,17049371,809351,389864.0,3,807,807,807,SCHENCK AVENUE,B,2024-06-14,2024-06-18,08/06/2024,07/23/2024,,,,583.0,9210197.0,"§ 27-2026, 2027 HMC: PROPERLY REPAIR THE SOURCE AND ABATE THE EVIDENCE OF A WATER LEAK AT CEILING IN THE 3rd ROOM FROM NORTH LOCATED AT APT 5D, 5th STORY, 1st APARTMENT FROM SOUTH AT WEST",2024-06-18,19.0,VIOLATION CLOSED,2025-04-23,Original,Close,N,2024,2024.0,2025-11-23,1426 days,899 days,2,309 days,six months to a year
2920,2988,279,3043550001,4,M,,807,SCHENCK,AVENUE,11207,807 SCHENCK AVENUE,260,BOULEVARD,2021-12-28,BROOKLYN,1441,both,17049372,809351,389864.0,3,807,807,807,SCHENCK AVENUE,B,2024-06-14,2024-06-18,08/06/2024,07/23/2024,,,,508.0,9210197.0,"§ 27-2005 ADM CODE REPAIR THE BROKEN OR DEFECTIVE PLASTERED SURFACES AND PAINT IN A UNIFORM COLOR THE CEILING AND NORTH WALL IN THE 3rd ROOM FROM NORTH LOCATED AT APT 5D, 5th STORY, 1st APARTMENT FROM SOUTH AT WEST",2024-06-18,21.0,NOT COMPLIED WITH,2025-04-23,Original,Open,N,2024,2024.0,2025-11-23,1426 days,899 days,2,523 days,more than a year
2921,2989,279,3043550001,4,M,,807,SCHENCK,AVENUE,11207,807 SCHENCK AVENUE,260,BOULEVARD,2021-12-28,BROOKLYN,1441,both,17049373,809351,389864.0,3,807,807,807,SCHENCK AVENUE,B,2024-06-14,2024-06-18,08/06/2024,07/23/2024,,,,702.0,9210197.0,"§ 27-2045 ADM CODE REPAIR OR REPLACE THE SMOKE DETECTOR MISSING IN THE ENTIRE APARTMENT LOCATED AT APT 5D, 5th STORY, 1st APARTMENT FROM SOUTH AT WEST",2024-06-18,19.0,VIOLATION CLOSED,2025-04-23,Original,Close,N,2024,2024.0,2025-11-23,1426 days,899 days,2,309 days,six months to a year
2922,2990,279,3043550001,4,M,,807,SCHENCK,AVENUE,11207,807 SCHENCK AVENUE,260,BOULEVARD,2021-12-28,BROOKLYN,1441,both,17049381,809351,389864.0,3,807,807,807,SCHENCK AVENUE,B,2024-06-14,2024-06-18,08/06/2024,07/23/2024,,,,501.0,9210199.0,"§ 27-2005 HMC: PROPERLY REPAIR OR REPLACE THE BROKEN OR DEFECTIVE GLASS PANE AT UPPER WINDOW SASH 2ND FROM SOUTH AT WEST IN THE 1st ROOM FROM NORTH LOCATED AT APT 5D, 5th STORY, 1st APARTMENT FROM SOUTH AT WEST",2024-06-18,21.0,NOT COMPLIED WITH,2025-04-23,Original,Open,N,2024,2024.0,2025-11-23,1426 days,899 days,2,523 days,more than a year
2923,2991,279,3043550001,4,M,,807,SCHENCK,AVENUE,11207,807 SCHENCK AVENUE,260,BOULEVARD,2021-12-28,BROOKLYN,1441,both,17049382,809351,389864.0,3,807,807,807,SCHENCK AVENUE,B,2024-06-14,2024-06-18,08/06/2024,07/23/2024,,,,501.0,9210200.0,"§ 27-2005 HMC: PROPERLY REPAIR OR REPLACE THE BROKEN OR DEFECTIVE SPRING BALANCE AT LOWER WINDOW 1ST FROM SOUTH AT WEST IN THE 3rd ROOM FROM NORTH LOCATED AT APT 5D, 5th STORY, 1st APARTMENT FROM SOUTH AT WEST",2024-06-18,21.0,NOT COMPLIED WITH,2025-04-23,Original,Open,N,2024,2024.0,2025-11-23,1426 days,899 days,2,523 days,more than a year
2924,2992,279,3043550001,4,M,,807,SCHENCK,AVENUE,11207,807 SCHENCK AVENUE,260,BOULEVARD,2021-12-28,BROOKLYN,1441,both,17155181,809351,389864.0,3,807,807,807,SCHENCK AVENUE,B,2024-07-31,2024-07-31,09/19/2024,09/05/2024,,,,583.0,9271043.0,"§ 27-2026, 2027 HMC: PROPERLY REPAIR THE SOURCE AND ABATE THE EVIDENCE OF A WATER LEAK AT CEILING IN THE BATHROOM LOCATED AT APT 5D, 5th STORY, 1st APARTMENT FROM SOUTH AT WEST",2024-08-01,19.0,VIOLATION CLOSED,2025-04-23,Original,Close,N,2024,2024.0,2025-11-23,1426 days,946 days,2,265 days,six months to a year
2925,2993,279,3043550001,4,M,,807,SCHENCK,AVENUE,11207,807 SCHENCK AVENUE,260,BOULEVARD,2021-12-28,BROOKLYN,1441,both,17155182,809351,389864.0,3,807,807,807,SCHENCK AVENUE,B,2024-07-31,2024-07-31,09/19/2024,09/05/2024,,,,529.0,9271043.0,"§ 27-2005 HMC: REFIT AT ENTRANCE DOOR IN THE ENTRANCE LOCATED AT APT 5D, 5th STORY, 1st APARTMENT FROM SOUTH AT WEST",2024-08-01,21.0,NOT COMPLIED WITH,2025-04-23,Original,Open,N,2024,2024.0,2025-11-23,1426 days,946 days,2,479 days,more than a year
2926,2994,279,3043550001,4,M,,807,SCHENCK,AVENUE,11207,807 SCHENCK AVENUE,260,BOULEVARD,2021-12-28,BROOKLYN,1441,both,17155183,809351,389864.0,3,807,807,807,SCHENCK AVENUE,C,2024-07-31,2024-07-31,08/20/2024,08/15/2024,,,,530.0,9271045.0,"§ 27-2005, 27-2007, 27-2041.1 HMC, §238, § 309; § 107 (2) ( C) MDL AND 28 RCNY §25-171: REPLACE OR REPAIR THE SELF-CLOSING DOORS THAT IS MISSING OR DEFECTIVE AT ENTRANCE DOOR IN THE ENTRANCE LOCATED AT APT 5D, 5th STORY, 1st APARTMENT FROM SOUTH AT WEST",2024-08-01,21.0,NOT COMPLIED WITH,2025-04-23,Original,Open,N,2024,2024.0,2025-11-23,1426 days,946 days,2,479 days,more than a year
2927,2995,279,3043550001,4,M,,807,SCHENCK,AVENUE,11207,807 SCHENCK AVENUE,260,BOULEVARD,2021-12-28,BROOKLYN,1441,both,17155184,809351,389864.0,3,807,807,807,SCHENCK AVENUE,B,2024-07-31,2024-07-31,09/19/2024,09/05/2024,,,,508.0,9271043.0,"§ 27-2005 ADM CODE REPAIR THE BROKEN OR DEFECTIVE PLASTERED SURFACES AND PAINT IN A UNIFORM COLOR AT NORTH WALL IN THE 3rd ROOM FROM NORTH LOCATED AT APT 5D, 5th STORY, 1st APARTMENT FROM SOUTH AT WEST",2024-08-01,21.0,NOT COMPLIED WITH,2025-04-23,Original,Open,N,2024,2024.0,2025-11-23,1426 days,946 days,2,479 days,more than a year
2928,2996,279,3043550001,4,M,,807,SCHENCK,AVENUE,11207,807 SCHENCK AVENUE,260,BOULEVARD,2021-12-28,BROOKLYN,1441,both,17155185,809351,389864.0,3,807,807,807,SCHENCK AVENUE,C,2024-07-31,2024-07-31,09/01/2024,08/27/2024,,,,568.0,9271044.0,"HMC ADM CODE: § 27-2017.4 ABATE THE INFESTATION CONSISTING OF ROACHES IN THE ENTIRE APARTMENT LOCATED AT APT 5D, 5th STORY, 1st APARTMENT FROM SOUTH AT WEST",2024-08-01,21.0,NOT COMPLIED WITH,2025-04-23,Original,Open,N,2024,2024.0,2025-11-23,1426 days,946 days,2,479 days,more than a year
2929,2997,279,3043550001,4,M,,807,SCHENCK,AVENUE,11207,807 SCHENCK AVENUE,260,BOULEVARD,2021-12-28,BROOKLYN,1441,both,17155187,809351,389864.0,3,807,807,807,SCHENCK AVENUE,B,2024-07-31,2024-07-31,09/19/2024,09/05/2024,,,,1503.0,9271043.0,"§ 27-2046.1 HMC: REPAIR OR REPLACE THE CARBON MONOXIDE DETECTING DEVICE(S). MISSING IN THE ENTIRE APARTMENT LOCATED AT APT 5D, 5th STORY, 1st APARTMENT FROM SOUTH AT WEST",2024-08-01,19.0,VIOLATION CLOSED,2025-04-23,Original,Close,N,2024,2024.0,2025-11-23,1426 days,946 days,2,265 days,six months to a year
2930,2998,279,3043550001,4,M,,807,SCHENCK,AVENUE,11207,807 SCHENCK AVENUE,260,BOULEVARD,2021-12-28,BROOKLYN,1441,both,17049369,809351,389864.0,3,807,807,807,SCHENCK AVENUE,B,2024-06-14,2024-06-18,08/06/2024,07/23/2024,,,,583.0,9210197.0,"§ 27-2026, 2027 HMC: PROPERLY REPAIR THE SOURCE AND ABATE THE EVIDENCE OF A WATER LEAK AT CEILING IN THE BATHROOM LOCATED AT APT 5D, 5th STORY, 1st APARTMENT FROM SOUTH AT WEST",2024-06-18,21.0,NOT COMPLIED WITH,2025-04-24,Original,Open,N,2024,2024.0,2025-11-23,1426 days,899 days,2,523 days,more than a year
2931,2999,279,3043550001,4,M,,807,SCHENCK,AVENUE,11207,807 SCHENCK AVENUE,260,BOULEVARD,2021-12-28,BROOKLYN,1441,both,17851000,809351,389864.0,3,807,807,807,SCHENCK AVENUE,C,2025-04-21,2025-04-23,05/13/2025,05/08/2025,,,07/15/2025,530.0,9728240.0,"§ 27-2005, 27-2007, 27-2041.1 HMC, §238, § 309; § 107 (2) ( C) MDL AND 28 RCNY §25-171: REPLACE OR REPAIR THE SELF-CLOSING DOORS THAT IS MISSING OR DEFECTIVE HINGES IN THE ENTRANCE LOCATED AT APT 5D, 5th STORY, 1st APARTMENT FROM EAST AT SOUTH",2025-04-24,4.0,NOV CERTIFIED LATE,2025-07-15,Original,Open,N,2025,2025.0,2025-11-23,1426 days,1210 days,3,213 days,six months to a year
2932,3000,279,3043550001,4,M,,807,SCHENCK,AVENUE,11207,807 SCHENCK AVENUE,260,BOULEVARD,2021-12-28,BROOKLYN,1441,both,17838314,809351,389864.0,3,807,807,807,SCHENCK AVENUE,C,2025-04-19,2025-04-19,05/02/2025,04/20/2025,,,05/08/2025,670.0,9721384.0,"§ 27-2031 ADM CODE PROVIDE HOT WATER AT ALL HOT WATER FIXTURES IN THE ENTIRE APARTMENT LOCATED AT APT 14G, 14th STORY, 1st APARTMENT FROM NORTH AT EAST",2025-04-21,19.0,VIOLATION CLOSED,2025-05-13,Original,Close,Y,2025,2025.0,2025-11-23,1426 days,1208 days,3,22 days,one week to a month
2933,3001,279,3043550001,4,M,,807,SCHENCK,AVENUE,11207,807 SCHENCK AVENUE,260,BOULEVARD,2021-12-28,BROOKLYN,1441,both,17922262,809351,389864.0,3,807,807,807,SCHENCK AVENUE,A,2025-05-28,2025-05-28,09/15/2025,09/01/2025,,,05/30/2025,1506.0,9776625.0,"§ 27-2005 HMC: POST, IN A FORM APPROVED BY THE COMMISSIONER, AND MAINTAIN A NOTICE IN A COMMON AREA OF THE BUILDING REGARDING THE PROCEDURES THAT SHOULD BE FOLLOWED WHEN A GAS LEAK IS SUSPECTED",2025-05-29,19.0,VIOLATION CLOSED,2025-06-27,Original,Close,N,2025,2025.0,2025-11-23,1426 days,1247 days,3,29 days,one week to a month
2934,3002,280,3043550001,5,M,,725,STANLEY,AVENUE,11207,725 STANLEY AVENUE,260,BOULEVARD,2021-12-28,BROOKLYN,1441,both,15881710,809553,389881.0,3,725,725,725,STANLEY AVENUE,A,2023-03-29,2023-03-29,07/16/2023,07/02/2023,,,,1507.0,8417296.0,"(A) § HMC:FILE ANNUAL BEDBUG REPORT IN ACCORDANCE WITH HPD RULE AS DESCRIBED ON THE BACK OF THIS NOTICE OF VIOLATION OR AS DESCRIBED ON HPDS WEBSITE, WWW.NYC.GOV\HPD, SEARCH BED BUGS.",2023-03-29,9.0,VIOLATION DISMISSED,2023-12-04,Original,Close,N,2023,2023.0,2025-11-23,1426 days,456 days,1,250 days,six months to a year
2935,3003,280,3043550001,5,M,,725,STANLEY,AVENUE,11207,725 STANLEY AVENUE,260,BOULEVARD,2021-12-28,BROOKLYN,1441,both,18044593,809553,389881.0,3,725,725,725,STANLEY AVENUE,C,2025-06-17,2025-06-18,07/09/2025,07/04/2025,,,07/01/2025,530.0,9879064.0,"§ 27-2005, 27-2007, 27-2041.1 HMC, §238, § 309; § 107 (2) ( C) MDL AND 28 RCNY §25-171: REPLACE OR REPAIR THE SELF-CLOSING DOORS THAT IS MISSING OR DEFECTIVE HINGES AT TRASH CHUTE HOPPER DOOR AT PUBLIC HALL, 11th STORY",2025-06-20,19.0,VIOLATION CLOSED,2025-08-18,Original,Close,N,2025,2025.0,2025-11-23,1426 days,1267 days,3,59 days,one to three months
2936,3004,280,3043550001,5,M,,725,STANLEY,AVENUE,11207,725 STANLEY AVENUE,260,BOULEVARD,2021-12-28,BROOKLYN,1441,both,18044596,809553,389881.0,3,725,725,725,STANLEY AVENUE,C,2025-06-17,2025-06-18,07/09/2025,07/04/2025,,,07/01/2025,530.0,9879064.0,"§ 27-2005, 27-2007, 27-2041.1 HMC, §238, § 309; § 107 (2) ( C) MDL AND 28 RCNY §25-171: REPLACE OR REPAIR THE SELF-CLOSING DOORS THAT IS MISSING OR DEFECTIVE HINGES AT TRASH CHUTE HOPPER DOOR AT PUBLIC HALL, 8th STORY",2025-06-20,19.0,VIOLATION CLOSED,2025-08-18,Original,Close,N,2025,2025.0,2025-11-23,1426 days,1267 days,3,59 days,one to three months
2937,3005,280,3043550001,5,M,,725,STANLEY,AVENUE,11207,725 STANLEY AVENUE,260,BOULEVARD,2021-12-28,BROOKLYN,1441,both,15123231,809553,389881.0,3,725,725,725,STANLEY AVENUE,A,2022-04-28,2022-04-28,08/16/2022,08/02/2022,,,09/03/2022,778.0,7892073.0,"§ 27-2104 ADM CODE POST AND MAINTAIN A PROPER SIGN ON WALL OF ENTRANCE STORY SHOWING THE REGISTRATION NUMBER ASSIGNED BY THE DEPARTMENT AND THE ADDRESS OF THE BUILDING. AT PUBLIC HALL, 1st STORY",2022-04-29,19.0,VIOLATION CLOSED,2024-12-27,Original,Close,N,2022,2022.0,2025-11-23,1426 days,121 days,0,973 days,more than a year
2938,3006,280,3043550001,5,M,,725,STANLEY,AVENUE,11207,725 STANLEY AVENUE,260,BOULEVARD,2021-12-28,BROOKLYN,1441,both,15123232,809553,389881.0,3,725,725,725,STANLEY AVENUE,A,2022-04-28,2022-04-28,08/16/2022,08/02/2022,,,09/03/2022,485.0,7892073.0,"§ 329, M/D LAW AND DEPT. RULES AND REGS. PROVIDE A COMPLETED CERTIFICATE OF INSPECTION VISITS IN A PROPER FRAME READILY ACCESSIBLE FOR SIGNATURE, BOTTOM EDGE OF FRAME BETWEEN 48-62 INCHES ABOVE FLOOR AT FRAME IS MISSING AT PUBLIC HALL, 1st STORY",2022-04-29,19.0,VIOLATION CLOSED,2024-12-27,Original,Close,N,2022,2022.0,2025-11-23,1426 days,121 days,0,973 days,more than a year
2939,3007,280,3043550001,5,M,,725,STANLEY,AVENUE,11207,725 STANLEY AVENUE,260,BOULEVARD,2021-12-28,BROOKLYN,1441,both,15123234,809553,389881.0,3,725,725,725,STANLEY AVENUE,A,2022-04-28,2022-04-28,08/16/2022,08/02/2022,,,09/03/2022,700.0,7892073.0,"§ 27-2045 ADM CODE POST A PROPER NOTICE OF SMOKE DETECTOR REQUIREMENTS, IN A FORM APPROVED BY THE COMMISSIONER, AT OR NEAR THE MAIL BOX THAT IS MISSING AT PUBLIC HALL, 1st STORY",2022-04-29,19.0,VIOLATION CLOSED,2024-12-27,Original,Close,N,2022,2022.0,2025-11-23,1426 days,121 days,0,973 days,more than a year
2940,3008,280,3043550001,5,M,,725,STANLEY,AVENUE,11207,725 STANLEY AVENUE,260,BOULEVARD,2021-12-28,BROOKLYN,1441,both,17585391,809553,389881.0,3,725,725,725,STANLEY AVENUE,A,2024-12-23,2024-12-27,04/18/2025,04/04/2025,,,03/19/2025,556.0,9557595.0,"§ 27-2013 ADM CODE PAINT WITH LIGHT COLORED PAINT TO THE SATISFACTION OF THIS DEPARTMENT THE CEILING AND EAST WALL AT PUBLIC HALL, 1st STORY",2024-12-30,19.0,VIOLATION CLOSED,2025-04-30,Original,Close,N,2024,2024.0,2025-11-23,1426 days,1091 days,2,121 days,three to six months
2941,3009,280,3043550001,5,M,,725,STANLEY,AVENUE,11207,725 STANLEY AVENUE,260,BOULEVARD,2021-12-28,BROOKLYN,1441,both,15182056,809553,389881.0,3,725,725,725,STANLEY AVENUE,B,2022-05-25,2022-05-27,07/19/2022,07/05/2022,,,03/06/2025,583.0,7924485.0,"§ 27-2026, 2027 HMC: PROPERLY REPAIR THE SOURCE AND ABATE THE EVIDENCE OF A WATER LEAK .. SOUTH WALL IN THE 1st ROOM FROM NORTH LOCATED AT APT 1C, 1st STORY, 1st APARTMENT FROM EAST AT SOUTH",2022-05-31,19.0,VIOLATION CLOSED,2025-06-25,Original,Close,N,2022,2022.0,2025-11-23,1426 days,148 days,0,1121 days,more than a year
2942,3010,280,3043550001,5,M,,725,STANLEY,AVENUE,11207,725 STANLEY AVENUE,260,BOULEVARD,2021-12-28,BROOKLYN,1441,both,15123235,809553,389881.0,3,725,725,725,STANLEY AVENUE,A,2022-04-28,2022-04-28,08/16/2022,08/02/2022,,,09/03/2022,1506.0,7892073.0,"§ 27-2005 HMC: POST, IN A FORM APPROVED BY THE COMMISSIONER, AND MAINTAIN A NOTICE IN A COMMON AREA OF THE BUILDING REGARDING THE PROCEDURES THAT SHOULD BE FOLLOWED WHEN A GAS LEAK IS SUSPECTED AT PUBLIC HALL, 1st STORY",2022-04-29,19.0,VIOLATION CLOSED,2024-12-27,Original,Close,N,2022,2022.0,2025-11-23,1426 days,121 days,0,973 days,more than a year
2943,3011,280,3043550001,5,M,,725,STANLEY,AVENUE,11207,725 STANLEY AVENUE,260,BOULEVARD,2021-12-28,BROOKLYN,1441,both,15123236,809553,389881.0,3,725,725,725,STANLEY AVENUE,A,2022-04-28,2022-04-28,08/16/2022,08/02/2022,,,09/03/2022,722.0,7892073.0,"§ 27-2053 ADM CODE POST SIGN ON WALL OF ENTRANCE STORY BEARING NAME, ADDRESS INCLUDING APARTMENT NUMBER IF ANY, AND TELEPHONE NUMBER OF SUPERINTENDENT, JANITOR OR HOUSEKEEPER. AT PUBLIC HALL, 1st STORY",2022-04-29,19.0,VIOLATION CLOSED,2024-12-27,Original,Close,N,2022,2022.0,2025-11-23,1426 days,121 days,0,973 days,more than a year
2944,3012,280,3043550001,5,M,,725,STANLEY,AVENUE,11207,725 STANLEY AVENUE,260,BOULEVARD,2021-12-28,BROOKLYN,1441,both,15123237,809553,389881.0,3,725,725,725,STANLEY AVENUE,C,2022-04-28,2022-04-28,05/12/2022,05/05/2022,,,09/03/2022,671.0,7892074.0,"§ 27-2033 ADM CODE POST NOTICE, IN FORM APPROVED BY THE DEPARTMENT, STATING THE NAME AND LOCATION OF THE PERSON DESIGNATED BY THE OWNER TO HAVE KEY TO BUILDINGS HEATING SYSTEM THAT IS MISSING AT PUBLIC HALL, 1st STORY",2022-04-29,19.0,VIOLATION CLOSED,2024-12-27,Original,Close,N,2022,2022.0,2025-11-23,1426 days,121 days,0,973 days,more than a year
2945,3013,280,3043550001,5,M,,725,STANLEY,AVENUE,11207,725 STANLEY AVENUE,260,BOULEVARD,2021-12-28,BROOKLYN,1441,both,17607262,809553,389881.0,3,725,725,725,STANLEY AVENUE,A,2025-01-09,2025-01-13,05/02/2025,04/18/2025,,,,502.0,9577088.0,"§ 27-2005 ADM CODE PROPERLY REPAIR WITH SIMILAR MATERIAL THE BROKEN OR DEFECTIVE CAULKING AROUND BATHTUB IN THE BATHROOM LOCATED AT APT 6C, 6th STORY, 1st APARTMENT FROM EAST AT SOUTH",2025-01-13,2.0,NOV SENT OUT,2025-01-13,Original,Open,N,2025,2025.0,2025-11-23,1426 days,1108 days,3,314 days,six months to a year
2946,3014,280,3043550001,5,M,,725,STANLEY,AVENUE,11207,725 STANLEY AVENUE,260,BOULEVARD,2021-12-28,BROOKLYN,1441,both,18064218,809553,389881.0,3,725,725,725,STANLEY AVENUE,C,2025-07-01,2025-07-01,08/02/2025,07/28/2025,,,,568.0,9893038.0,"HMC ADM CODE: § 27-2017.4 ABATE THE INFESTATION CONSISTING OF ROACHES IN THE ENTIRE APARTMENT LOCATED AT APT 8G, 8th STORY, 1st APARTMENT FROM NORTH AT EAST",2025-07-02,19.0,VIOLATION CLOSED,2025-09-29,Original,Close,N,2025,2025.0,2025-11-23,1426 days,1281 days,3,89 days,one to three months
2947,3015,280,3043550001,5,M,,725,STANLEY,AVENUE,11207,725 STANLEY AVENUE,260,BOULEVARD,2021-12-28,BROOKLYN,1441,both,16939717,809553,389881.0,3,725,725,725,STANLEY AVENUE,B,2024-04-30,2024-05-01,06/20/2024,06/06/2024,,,,501.0,9141447.0,"§ 27-2005 HMC: PROPERLY REPAIR OR REPLACE THE BROKEN OR DEFECTIVE MECHANICAL AIR EXHAUST VENT AT NORTH WALL IN THE BATHROOM LOCATED AT APT 11D, 11th STORY, 1st APARTMENT FROM SOUTH AT WEST",2024-05-02,19.0,VIOLATION CLOSED,2025-06-25,Original,Close,N,2024,2024.0,2025-11-23,1426 days,854 days,2,419 days,more than a year
2948,3016,280,3043550001,5,M,,725,STANLEY,AVENUE,11207,725 STANLEY AVENUE,260,BOULEVARD,2021-12-28,BROOKLYN,1441,both,18063870,809553,389881.0,3,725,725,725,STANLEY AVENUE,A,2025-06-28,2025-06-29,10/17/2025,10/03/2025,,,08/06/2025,556.0,9889740.0,"§ 27-2013 ADM CODE PAINT WITH LIGHT COLORED PAINT TO THE SATISFACTION OF THIS DEPARTMENT WEST WALL IN THE PRIVATE HALLWAY LOCATED AT APT 1C, 1st STORY, 1st APARTMENT FROM EAST AT SOUTH",2025-06-30,9.0,VIOLATION DISMISSED,2025-10-17,Original,Close,N,2025,2025.0,2025-11-23,1426 days,1278 days,3,109 days,three to six months
2949,3017,280,3043550001,5,M,,725,STANLEY,AVENUE,11207,725 STANLEY AVENUE,260,BOULEVARD,2021-12-28,BROOKLYN,1441,both,16939714,809553,389881.0,3,725,725,725,STANLEY AVENUE,A,2024-04-30,2024-05-01,08/19/2024,08/05/2024,,,,556.0,9141445.0,"§ 27-2013 ADM CODE PAINT WITH LIGHT COLORED PAINT TO THE SATISFACTION OF THIS DEPARTMENT THE WEST WALL, NORTH WALL IN THE 3rd ROOM FROM NORTH LOCATED AT APT 11D, 11th STORY, 1st APARTMENT FROM SOUTH AT WEST",2024-05-02,19.0,VIOLATION CLOSED,2025-06-25,Original,Close,N,2024,2024.0,2025-11-23,1426 days,854 days,2,419 days,more than a year
2950,3018,280,3043550001,5,M,,725,STANLEY,AVENUE,11207,725 STANLEY AVENUE,260,BOULEVARD,2021-12-28,BROOKLYN,1441,both,16939713,809553,389881.0,3,725,725,725,STANLEY AVENUE,A,2024-04-30,2024-05-01,08/19/2024,08/05/2024,,,,550.0,9141446.0,"§ 27-2017.3 HMC: TRACE AND REPAIR THE SOURCE AND ABATE THE VISIBLE MOLD CONDITION... (APPROX 4 SQ FT) ON 1st WINDOW FRAME FROM SOUTH AT WEST WALL IN THE 3rd ROOM FROM NORTH LOCATED AT APT 11D, 11th STORY, 1st APARTMENT FROM SOUTH AT WEST",2024-05-02,19.0,VIOLATION CLOSED,2024-08-30,Original,Close,N,2024,2024.0,2025-11-23,1426 days,854 days,2,120 days,three to six months
2951,3019,280,3043550001,5,M,,725,STANLEY,AVENUE,11207,725 STANLEY AVENUE,260,BOULEVARD,2021-12-28,BROOKLYN,1441,both,18335199,809553,389881.0,3,725,725,725,STANLEY AVENUE,A,2025-10-30,2025-10-30,02/17/2026,02/03/2026,,,11/06/2025,556.0,10059827.0,"§ 27-2013 ADM CODE PAINT WITH LIGHT COLORED PAINT TO THE SATISFACTION OF THIS DEPARTMENT THE WEST WALL IN THE 1st ROOM FROM NORTH AT EAST LOCATED AT APT 8G, 8th STORY, 1st APARTMENT FROM NORTH AT EAST",2025-10-31,10.0,CIV14 MAILED,2025-11-07,Original,Open,N,2025,2025.0,2025-11-23,1426 days,1402 days,3,23 days,one week to a month
2952,3020,280,3043550001,5,M,,725,STANLEY,AVENUE,11207,725 STANLEY AVENUE,260,BOULEVARD,2021-12-28,BROOKLYN,1441,both,18335200,809553,389881.0,3,725,725,725,STANLEY AVENUE,C,2025-10-30,2025-10-30,12/01/2025,11/26/2025,,,11/06/2025,568.0,10059828.0,"HMC ADM CODE: § 27-2017.4 ABATE THE INFESTATION CONSISTING OF ROACHES IN THE ENTIRE APARTMENT LOCATED AT APT 8G, 8th STORY, 1st APARTMENT FROM NORTH AT EAST",2025-10-31,10.0,CIV14 MAILED,2025-11-07,Original,Open,N,2025,2025.0,2025-11-23,1426 days,1402 days,3,23 days,one week to a month
2953,3021,280,3043550001,5,M,,725,STANLEY,AVENUE,11207,725 STANLEY AVENUE,260,BOULEVARD,2021-12-28,BROOKLYN,1441,both,15182057,809553,389881.0,3,725,725,725,STANLEY AVENUE,A,2022-05-25,2022-05-27,09/17/2022,09/03/2022,,,,583.0,7924483.0,"§ 27-2026, 2027 HMC: PROPERLY REPAIR THE SOURCE AND ABATE THE EVIDENCE OF A WATER LEAK .. NORTH WALL IN THE 3rd ROOM FROM NORTH LOCATED AT APT 1C, 1st STORY, 1st APARTMENT FROM EAST AT SOUTH",2022-05-31,19.0,VIOLATION CLOSED,2025-01-02,Original,Close,N,2022,2022.0,2025-11-23,1426 days,148 days,0,947 days,more than a year
2954,3022,280,3043550001,5,M,,725,STANLEY,AVENUE,11207,725 STANLEY AVENUE,260,BOULEVARD,2021-12-28,BROOKLYN,1441,both,15577222,809553,389881.0,3,725,725,725,STANLEY AVENUE,B,2022-11-19,2022-11-21,01/10/2023,12/27/2022,,,12/05/2022,702.0,8195547.0,"§ 27-2045 ADM CODE REPAIR OR REPLACE THE SMOKE DETECTOR MISSING IN THE ENTIRE APARTMENT LOCATED AT APT 5F, 5th STORY, 1st APARTMENT FROM WEST AT NORTH",2022-11-22,9.0,VIOLATION DISMISSED,2023-02-15,Original,Close,N,2022,2022.0,2025-11-23,1426 days,326 days,0,85 days,one to three months
2955,3023,280,3043550001,5,M,,725,STANLEY,AVENUE,11207,725 STANLEY AVENUE,260,BOULEVARD,2021-12-28,BROOKLYN,1441,both,16946578,809553,389881.0,3,725,725,725,STANLEY AVENUE,C,2024-04-30,2024-05-01,05/31/2024,05/26/2024,,,,624.0,9141449.0,"§ 27-2056.6 ADM CODE - CORRECT THE LEAD-BASED PAINT HAZARD-PAINT THAT IS XRF TESTED INCONCLUSIVE FOR LEAD CONTENT AT 0.5MG/CM2 AND IS PRESUMED LEAD PAINT AS SET FORTH IN (28 RCNY §11-07(b)) AND THAT IS PEELING OR ON A DETERIORATED SUBSURFACE-USING WORK PRACTICES SET FORTH IN 28 RCNY §11-06(b)(2) 1st WINDOW FRAME FROM SOUTH AT WEST WALL IN THE 3rd ROOM FROM NORTH LOCATED AT APT 11D, 11th STORY, 1st APARTMENT FROM SOUTH AT WEST",2024-05-02,19.0,VIOLATION CLOSED,2024-07-22,Original,Close,N,2024,2024.0,2025-11-23,1426 days,854 days,2,81 days,one to three months
2956,3024,280,3043550001,5,M,,725,STANLEY,AVENUE,11207,725 STANLEY AVENUE,260,BOULEVARD,2021-12-28,BROOKLYN,1441,both,17336908,809553,389881.0,3,725,725,725,STANLEY AVENUE,C,2024-10-10,2024-10-11,11/15/2024,11/10/2024,,,,568.0,9382008.0,"HMC ADM CODE: § 27-2017.4 ABATE THE INFESTATION CONSISTING OF ROACHES IN THE ENTIRE APARTMENT LOCATED AT APT 6E, 6th STORY, 1st APARTMENT FROM WEST AT NORTH",2024-10-15,19.0,VIOLATION CLOSED,2025-07-14,Original,Close,N,2024,2024.0,2025-11-23,1426 days,1017 days,2,272 days,six months to a year
2957,3025,280,3043550001,5,M,,725,STANLEY,AVENUE,11207,725 STANLEY AVENUE,260,BOULEVARD,2021-12-28,BROOKLYN,1441,both,17336904,809553,389881.0,3,725,725,725,STANLEY AVENUE,B,2024-10-10,2024-10-11,12/03/2024,11/19/2024,,,02/25/2025,583.0,9382007.0,"§ 27-2026, 2027 HMC: PROPERLY REPAIR THE SOURCE AND ABATE THE EVIDENCE OF A WATER LEAK AT CEILING AND ALL WALLS IN THE BATHROOM LOCATED AT APT 6E, 6th STORY, 1st APARTMENT FROM WEST AT NORTH",2024-10-15,19.0,VIOLATION CLOSED,2025-10-30,Original,Close,N,2024,2024.0,2025-11-23,1426 days,1017 days,2,380 days,more than a year
2958,3027,280,3043550001,5,M,,725,STANLEY,AVENUE,11207,725 STANLEY AVENUE,260,BOULEVARD,2021-12-28,BROOKLYN,1441,both,15182055,809553,389881.0,3,725,725,725,STANLEY AVENUE,B,2022-05-25,2022-05-27,07/19/2022,07/05/2022,,,,522.0,7924485.0,"§ 27-2005, 2007 ADM CODE FIRE EGRESS DEFECTIVE. REMOVE OBSTRUCTING BARS OR UNLAWFUL GATES FROM AT LEAST 1 WINDOW OR PROVIDE APPROVED TYPE GATE IN THE ENTIRE APARTMENT LOCATED AT APT 1C, 1st STORY, 1st APARTMENT FROM EAST AT SOUTH",2022-05-31,19.0,VIOLATION CLOSED,2025-01-02,Original,Close,N,2022,2022.0,2025-11-23,1426 days,148 days,0,947 days,more than a year
2959,3028,280,3043550001,5,M,,725,STANLEY,AVENUE,11207,725 STANLEY AVENUE,260,BOULEVARD,2021-12-28,BROOKLYN,1441,both,15399327,809553,389881.0,3,725,725,725,STANLEY AVENUE,B,2022-05-25,2022-09-28,11/16/2022,11/02/2022,,,,550.0,8053419.0,"§ 27-2017.3 HMC: TRACE AND REPAIR THE SOURCE AND ABATE THE VISIBLE MOLD CONDITION... APPROX. 1SQ. FT. IN THE BATHROOM LOCATED AT APT 1C, 1st STORY, 1st APARTMENT FROM EAST AT SOUTH ORIGINAL VIOLATION 15182058 ISSUED 25-MAY-22 HAS BEEN UPGRADED TO CLASS B PER ADMINISTRATIVE CODE §27-2017.3a(3)(a) or (b).",2022-09-28,20.0,DEFECT LETTER ISSUED,2025-06-25,Original,Open,N,2022,2022.0,2025-11-23,1426 days,148 days,0,1152 days,more than a year
2960,3029,280,3043550001,5,M,,725,STANLEY,AVENUE,11207,725 STANLEY AVENUE,260,BOULEVARD,2021-12-28,BROOKLYN,1441,both,15577221,809553,389881.0,3,725,725,725,STANLEY AVENUE,B,2022-11-19,2022-11-21,01/10/2023,12/27/2022,,,12/05/2022,577.0,8195547.0,"§ 27-2024 ADM CODE PROVIDE ADEQUATE SUPPLY OF HOT WATER FOR THE FIXTURES AT BATH TUB IN THE BATHROOM LOCATED AT APT 5F, 5th STORY, 1st APARTMENT FROM WEST AT NORTH",2022-11-22,9.0,VIOLATION DISMISSED,2023-02-15,Original,Close,Y,2022,2022.0,2025-11-23,1426 days,326 days,0,85 days,one to three months
2961,3030,280,3043550001,5,M,,725,STANLEY,AVENUE,11207,725 STANLEY AVENUE,260,BOULEVARD,2021-12-28,BROOKLYN,1441,both,15577223,809553,389881.0,3,725,725,725,STANLEY AVENUE,B,2022-11-19,2022-11-21,01/10/2023,12/27/2022,,,12/05/2022,1503.0,8195547.0,"§ 27-2046.1 HMC: REPAIR OR REPLACE THE CARBON MONOXIDE DETECTING DEVICE(S). MISSING IN THE ENTIRE APARTMENT LOCATED AT APT 5F, 5th STORY, 1st APARTMENT FROM WEST AT NORTH",2022-11-22,9.0,VIOLATION DISMISSED,2023-02-15,Original,Close,N,2022,2022.0,2025-11-23,1426 days,326 days,0,85 days,one to three months
2962,3031,280,3043550001,5,M,,725,STANLEY,AVENUE,11207,725 STANLEY AVENUE,260,BOULEVARD,2021-12-28,BROOKLYN,1441,both,15577225,809553,389881.0,3,725,725,725,STANLEY AVENUE,C,2022-11-19,2022-11-21,12/05/2022,11/28/2022,,,12/05/2022,506.0,8195548.0,"§ 27-2005 ADM CODE REPLACE WITH NEW THE MISSING BUILDING ENTRANCE DOOR UPPER GLASS PANE AT PUBLIC HALL, 1st STORY",2022-11-22,9.0,VIOLATION DISMISSED,2023-02-15,Original,Close,N,2022,2022.0,2025-11-23,1426 days,326 days,0,85 days,one to three months
2963,3032,280,3043550001,5,M,,725,STANLEY,AVENUE,11207,725 STANLEY AVENUE,260,BOULEVARD,2021-12-28,BROOKLYN,1441,both,15599286,809553,389881.0,3,725,725,725,STANLEY AVENUE,B,2022-12-02,2022-12-02,01/23/2023,01/09/2023,,,08/15/2024,510.0,8208604.0,"§ 27-2005 ADM CODE & 309 M/D LAW ABATE THE NUISANCE CONSISTING OF LOWER PANE PLEX-GLASS AT PUBLIC HALL, 1st STORY",2022-12-05,19.0,VIOLATION CLOSED,2024-12-27,Original,Close,N,2022,2022.0,2025-11-23,1426 days,339 days,0,753 days,more than a year
2964,3033,280,3043550001,5,M,,725,STANLEY,AVENUE,11207,725 STANLEY AVENUE,260,BOULEVARD,2021-12-28,BROOKLYN,1441,both,16939716,809553,389881.0,3,725,725,725,STANLEY AVENUE,B,2024-04-30,2024-05-01,06/20/2024,06/06/2024,,,,501.0,9141447.0,"§ 27-2005 HMC: PROPERLY REPAIR OR REPLACE THE BROKEN OR DEFECTIVE RUBBER GASKET ON DOOR AT REFRIGERATOR IN THE KITCHEN LOCATED AT APT 11D, 11th STORY, 1st APARTMENT FROM SOUTH AT WEST",2024-05-02,19.0,VIOLATION CLOSED,2025-06-25,Original,Close,N,2024,2024.0,2025-11-23,1426 days,854 days,2,419 days,more than a year
2965,3034,280,3043550001,5,M,,725,STANLEY,AVENUE,11207,725 STANLEY AVENUE,260,BOULEVARD,2021-12-28,BROOKLYN,1441,both,16939718,809553,389881.0,3,725,725,725,STANLEY AVENUE,C,2024-04-30,2024-05-01,06/02/2024,05/28/2024,,,,790.0,9141450.0,"§ 27-2043.1 HMC INSTALL THE MISSING OR REPAIR/REPLACE THE DEFECTIVE WINDOW GUARD(S) IN ACCORDANCE WITH THE SPECIFICATIONS OF THE NEW YORK CITY HEALTH CODE SECTION 24 RCNY CHAPTER 12. WG TO INSTALL = 1, WG TO REPLACE = 0, WG TO REPAIR = 0 IN THE ENTIRE APARTMENT LOCATED AT APT 11D, 11th STORY, 1st APARTMENT FROM SOUTH AT WEST",2024-05-02,19.0,VIOLATION CLOSED,2024-12-21,Original,Close,N,2024,2024.0,2025-11-23,1426 days,854 days,2,233 days,six months to a year
2966,3035,280,3043550001,5,M,,725,STANLEY,AVENUE,11207,725 STANLEY AVENUE,260,BOULEVARD,2021-12-28,BROOKLYN,1441,both,17336909,809553,389881.0,3,725,725,725,STANLEY AVENUE,B,2024-10-10,2024-10-11,12/03/2024,11/19/2024,,,02/25/2025,502.0,9382007.0,"§ 27-2005 ADM CODE PROPERLY REPAIR WITH SIMILAR MATERIAL THE BROKEN OR DEFECTIVE WASH BASIN IN THE BATHROOM LOCATED AT APT 6E, 6th STORY, 1st APARTMENT FROM WEST AT NORTH",2024-10-15,19.0,VIOLATION CLOSED,2025-06-18,Original,Close,N,2024,2024.0,2025-11-23,1426 days,1017 days,2,246 days,six months to a year
2967,3036,280,3043550001,5,M,,725,STANLEY,AVENUE,11207,725 STANLEY AVENUE,260,BOULEVARD,2021-12-28,BROOKLYN,1441,both,17607265,809553,389881.0,3,725,725,725,STANLEY AVENUE,B,2025-01-09,2025-01-13,03/03/2025,02/17/2025,,,03/06/2025,502.0,9577089.0,"§ 27-2005 ADM CODE PROPERLY REPAIR WITH SIMILAR MATERIAL THE BROKEN OR DEFECTIVE FIRE RETARDENT PLASTER AT EAST WALL AT PUBLIC HALL, 6th STORY",2025-01-13,19.0,VIOLATION CLOSED,2025-04-30,Original,Close,N,2025,2025.0,2025-11-23,1426 days,1108 days,3,107 days,three to six months
2968,3037,280,3043550001,5,M,,725,STANLEY,AVENUE,11207,725 STANLEY AVENUE,260,BOULEVARD,2021-12-28,BROOKLYN,1441,both,18051119,809553,389881.0,3,725,725,725,STANLEY AVENUE,C,2024-10-29,2025-06-19,07/21/2025,07/16/2025,,,,550.0,9879063.0,"§ 27-2017.3 HMC: TRACE AND REPAIR THE SOURCE AND ABATE THE VISIBLE MOLD CONDITION... APPROXIMATELY MORE THAN 10 SQAURE FEET OF MOLD AT CEILING, AND ALL WALLS IN THE BATHROOM LOCATED AT APT 6E, 6th STORY, 1st APARTMENT FROM SOUTH AT WEST ORIGINAL VIOLATION 17380962 ISSUED 29-OCT-24 HAS BEEN UPGRADED TO CLASS C PER ADMINISTRATIVE CODE §27-2017.3a(5)(a) or (b).",2025-06-20,19.0,VIOLATION CLOSED,2025-09-12,Original,Close,N,2024,2025.0,2025-11-23,1426 days,1036 days,2,84 days,one to three months
2969,3038,280,3043550001,5,M,,725,STANLEY,AVENUE,11207,725 STANLEY AVENUE,260,BOULEVARD,2021-12-28,BROOKLYN,1441,both,18064217,809553,389881.0,3,725,725,725,STANLEY AVENUE,A,2025-07-01,2025-07-01,10/19/2025,10/05/2025,,,08/06/2025,556.0,9893036.0,"§ 27-2013 ADM CODE PAINT WITH LIGHT COLORED PAINT TO THE SATISFACTION OF THIS DEPARTMENT THE SOUTH WALL IN THE 3rd ROOM FROM NORTH LOCATED AT APT 8G, 8th STORY, 1st APARTMENT FROM NORTH AT EAST",2025-07-02,9.0,VIOLATION DISMISSED,2025-10-17,Original,Close,N,2025,2025.0,2025-11-23,1426 days,1281 days,3,107 days,three to six months
2970,3039,280,3043550001,5,M,,725,STANLEY,AVENUE,11207,725 STANLEY AVENUE,260,BOULEVARD,2021-12-28,BROOKLYN,1441,both,15182058,809553,389881.0,3,725,725,725,STANLEY AVENUE,A,2022-05-25,2022-05-27,09/17/2022,09/03/2022,,,,550.0,7924484.0,"§ 27-2017.3 HMC: TRACE AND REPAIR THE SOURCE AND ABATE THE VISIBLE MOLD CONDITION... APPROX. 1SQ. FT. IN THE BATHROOM LOCATED AT APT 1C, 1st STORY, 1st APARTMENT FROM EAST AT SOUTH",2022-05-31,19.0,VIOLATION CLOSED,2022-09-28,Original,Close,N,2022,2022.0,2025-11-23,1426 days,148 days,0,120 days,three to six months
2971,3040,280,3043550001,5,M,,725,STANLEY,AVENUE,11207,725 STANLEY AVENUE,260,BOULEVARD,2021-12-28,BROOKLYN,1441,both,18044606,809553,389881.0,3,725,725,725,STANLEY AVENUE,C,2025-06-17,2025-06-18,07/09/2025,07/04/2025,,,07/01/2025,530.0,9879064.0,"§ 27-2005, 27-2007, 27-2041.1 HMC, §238, § 309; § 107 (2) ( C) MDL AND 28 RCNY §25-171: REPLACE OR REPAIR THE SELF-CLOSING DOORS THAT IS MISSING OR DEFECTIVE HINGES AT TRASH CHUTE HOPPER DOOR AT PUBLIC HALL, 6th STORY",2025-06-20,19.0,VIOLATION CLOSED,2025-07-10,Original,Close,N,2025,2025.0,2025-11-23,1426 days,1267 days,3,20 days,one week to a month
2972,3041,280,3043550001,5,M,,725,STANLEY,AVENUE,11207,725 STANLEY AVENUE,260,BOULEVARD,2021-12-28,BROOKLYN,1441,both,18130696,809553,389881.0,3,725,725,725,STANLEY AVENUE,B,2025-08-02,2025-08-02,09/22/2025,09/08/2025,,,08/27/2025,570.0,9935734.0,"HMC ADM CODE: § 27-2017.4 ABATE THE INFESTATION CONSISTING OF BEDBUGS IN THE ENTIRE APARTMENT LOCATED AT APT 6E, 6th STORY, 2nd APARTMENT FROM EAST AT SOUTH",2025-08-04,19.0,VIOLATION CLOSED,2025-10-30,Original,Close,N,2025,2025.0,2025-11-23,1426 days,1313 days,3,87 days,one to three months
2973,3042,280,3043550001,5,M,,725,STANLEY,AVENUE,11207,725 STANLEY AVENUE,260,BOULEVARD,2021-12-28,BROOKLYN,1441,both,15007580,809553,389881.0,3,725,725,725,STANLEY AVENUE,A,2022-03-08,2022-03-08,06/25/2022,06/11/2022,,,,1507.0,7794554.0,"(A) § HMC:FILE ANNUAL BEDBUG REPORT IN ACCORDANCE WITH HPD RULE AS DESCRIBED ON THE BACK OF THIS NOTICE OF VIOLATION OR AS DESCRIBED ON HPDS WEBSITE, WWW.NYC.GOV\HPD, SEARCH BED BUGS.",2022-03-08,9.0,VIOLATION DISMISSED,2022-07-25,Original,Close,N,2022,2022.0,2025-11-23,1426 days,70 days,0,139 days,three to six months
2974,3043,280,3043550001,5,M,,725,STANLEY,AVENUE,11207,725 STANLEY AVENUE,260,BOULEVARD,2021-12-28,BROOKLYN,1441,both,15182059,809553,389881.0,3,725,725,725,STANLEY AVENUE,B,2022-05-25,2022-05-27,07/19/2022,07/05/2022,,,,583.0,7924485.0,"§ 27-2026, 2027 HMC: PROPERLY REPAIR THE SOURCE AND ABATE THE EVIDENCE OF A WATER LEAK .. WEST WALL IN THE BATHROOM LOCATED AT APT 1C, 1st STORY, 1st APARTMENT FROM EAST AT SOUTH",2022-05-31,19.0,VIOLATION CLOSED,2025-01-02,Original,Close,N,2022,2022.0,2025-11-23,1426 days,148 days,0,947 days,more than a year
2975,3044,280,3043550001,5,M,,725,STANLEY,AVENUE,11207,725 STANLEY AVENUE,260,BOULEVARD,2021-12-28,BROOKLYN,1441,both,15182060,809553,389881.0,3,725,725,725,STANLEY AVENUE,A,2022-05-25,2022-05-27,09/17/2022,09/03/2022,,,,583.0,7924483.0,"§ 27-2026, 2027 HMC: PROPERLY REPAIR THE SOURCE AND ABATE THE EVIDENCE OF A WATER LEAK .. NORTH WALL IN THE BATHROOM LOCATED AT APT 1C, 1st STORY, 1st APARTMENT FROM EAST AT SOUTH",2022-05-31,19.0,VIOLATION CLOSED,2025-01-02,Original,Close,N,2022,2022.0,2025-11-23,1426 days,148 days,0,947 days,more than a year
2976,3045,280,3043550001,5,M,,725,STANLEY,AVENUE,11207,725 STANLEY AVENUE,260,BOULEVARD,2021-12-28,BROOKLYN,1441,both,15182061,809553,389881.0,3,725,725,725,STANLEY AVENUE,A,2022-05-25,2022-05-27,09/17/2022,09/03/2022,,,,583.0,7924483.0,"§ 27-2026, 2027 HMC: PROPERLY REPAIR THE SOURCE AND ABATE THE EVIDENCE OF A WATER LEAK .. CEILING IN THE BATHROOM LOCATED AT APT 1C, 1st STORY, 1st APARTMENT FROM EAST AT SOUTH",2022-05-31,19.0,VIOLATION CLOSED,2025-01-02,Original,Close,N,2022,2022.0,2025-11-23,1426 days,148 days,0,947 days,more than a year
2977,3046,280,3043550001,5,M,,725,STANLEY,AVENUE,11207,725 STANLEY AVENUE,260,BOULEVARD,2021-12-28,BROOKLYN,1441,both,15182063,809553,389881.0,3,725,725,725,STANLEY AVENUE,B,2022-05-25,2022-05-27,07/19/2022,07/05/2022,,,,583.0,7924485.0,"§ 27-2026, 2027 HMC: PROPERLY REPAIR THE SOURCE AND ABATE THE EVIDENCE OF A WATER LEAK .. EAST WALL IN THE KITCHEN LOCATED AT APT 1C, 1st STORY, 1st APARTMENT FROM EAST AT SOUTH",2022-05-31,19.0,VIOLATION CLOSED,2025-01-02,Original,Close,N,2022,2022.0,2025-11-23,1426 days,148 days,0,947 days,more than a year
2978,3047,280,3043550001,5,M,,725,STANLEY,AVENUE,11207,725 STANLEY AVENUE,260,BOULEVARD,2021-12-28,BROOKLYN,1441,both,15184341,809553,389881.0,3,725,725,725,STANLEY AVENUE,A,2022-05-25,2022-05-27,09/17/2022,09/03/2022,,,,556.0,7924483.0,"§ 27-2013 ADM CODE PAINT WITH LIGHT COLORED PAINT TO THE SATISFACTION OF THIS DEPARTMENT ALL PEELING PAINT SURFACES IN THE 3rd ROOM FROM NORTH, THE BATHROOM , THE PRIVATE HALLWAY , THE KITCHEN , THE FOYER , THE 1st ROOM FROM NORTH LOCATED AT APT 1C, 1st STORY, 1st APARTMENT FROM EAST AT SOUTH",2022-05-31,19.0,VIOLATION CLOSED,2025-01-02,Original,Close,N,2022,2022.0,2025-11-23,1426 days,148 days,0,947 days,more than a year
2979,3048,280,3043550001,5,M,,725,STANLEY,AVENUE,11207,725 STANLEY AVENUE,260,BOULEVARD,2021-12-28,BROOKLYN,1441,both,17380963,809553,389881.0,3,725,725,725,STANLEY AVENUE,A,2024-10-29,2024-11-04,02/23/2025,02/09/2025,,,02/28/2025,583.0,9415275.0,"§ 27-2026, 2027 HMC: PROPERLY REPAIR THE SOURCE AND ABATE THE EVIDENCE OF A WATER LEAK AT CEILING AND ALL WALLS IN THE BATHROOM LOCATED AT APT 6E, 6th STORY, 1st APARTMENT FROM SOUTH AT WEST",2024-11-06,19.0,VIOLATION CLOSED,2025-10-30,Original,Close,N,2024,2024.0,2025-11-23,1426 days,1036 days,2,358 days,six months to a year
2980,3049,280,3043550001,5,M,,725,STANLEY,AVENUE,11207,725 STANLEY AVENUE,260,BOULEVARD,2021-12-28,BROOKLYN,1441,both,17380964,809553,389881.0,3,725,725,725,STANLEY AVENUE,A,2024-10-29,2024-11-04,02/23/2025,02/09/2025,,,02/28/2025,508.0,9415275.0,"§ 27-2005 ADM CODE REPAIR THE BROKEN OR DEFECTIVE PLASTERED SURFACES AND PAINT IN A UNIFORM COLOR THE CEILING AND ALL WALLS IN THE BATHROOM LOCATED AT APT 6E, 6th STORY, 1st APARTMENT FROM SOUTH AT WEST",2024-11-06,19.0,VIOLATION CLOSED,2025-10-30,Original,Close,N,2024,2024.0,2025-11-23,1426 days,1036 days,2,358 days,six months to a year
2981,3050,280,3043550001,5,M,,725,STANLEY,AVENUE,11207,725 STANLEY AVENUE,260,BOULEVARD,2021-12-28,BROOKLYN,1441,both,17380962,809553,389881.0,3,725,725,725,STANLEY AVENUE,B,2024-10-29,2024-11-04,12/25/2024,12/11/2024,,,,550.0,9415276.0,"§ 27-2017.3 HMC: TRACE AND REPAIR THE SOURCE AND ABATE THE VISIBLE MOLD CONDITION... APPROXIMATELY MORE THAN 10 SQAURE FEET OF MOLD AT CEILING, AND ALL WALLS IN THE BATHROOM LOCATED AT APT 6E, 6th STORY, 1st APARTMENT FROM SOUTH AT WEST",2024-11-06,19.0,VIOLATION CLOSED,2025-06-19,Original,Close,N,2024,2024.0,2025-11-23,1426 days,1036 days,2,225 days,six months to a year
2982,3051,280,3043550001,5,M,,725,STANLEY,AVENUE,11207,725 STANLEY AVENUE,260,BOULEVARD,2021-12-28,BROOKLYN,1441,both,17756715,809553,389881.0,3,725,725,725,STANLEY AVENUE,B,2025-03-13,2025-03-18,05/07/2025,04/23/2025,,,,502.0,9676721.0,"§ 27-2005 ADM CODE PROPERLY REPAIR WITH SIMILAR MATERIAL THE BROKEN OR DEFECTIVE VINYL FLOOR TILES IN THE KITCHEN LOCATED AT APT 1F, 1st STORY, 1st APARTMENT FROM WEST AT NORTH",2025-03-19,19.0,VIOLATION CLOSED,2025-11-20,Original,Close,N,2025,2025.0,2025-11-23,1426 days,1171 days,3,246 days,six months to a year
2983,3052,280,3043550001,5,M,,725,STANLEY,AVENUE,11207,725 STANLEY AVENUE,260,BOULEVARD,2021-12-28,BROOKLYN,1441,both,17756717,809553,389881.0,3,725,725,725,STANLEY AVENUE,B,2025-03-13,2025-03-18,05/07/2025,04/23/2025,,,06/24/2025,1503.0,9676721.0,"§ 27-2046.1 HMC: REPAIR OR REPLACE THE CARBON MONOXIDE DETECTING DEVICE(S). DEFECTIVE IN THE ENTIRE APARTMENT LOCATED AT APT 1F, 1st STORY, 1st APARTMENT FROM WEST AT NORTH",2025-03-19,19.0,VIOLATION CLOSED,2025-11-20,Original,Close,N,2025,2025.0,2025-11-23,1426 days,1171 days,3,246 days,six months to a year
2984,3053,280,3043550001,5,M,,725,STANLEY,AVENUE,11207,725 STANLEY AVENUE,260,BOULEVARD,2021-12-28,BROOKLYN,1441,both,18130697,809553,389881.0,3,725,725,725,STANLEY AVENUE,B,2025-08-02,2025-08-02,09/22/2025,09/08/2025,,,,550.0,9935735.0,"§ 27-2017.3 HMC: TRACE AND REPAIR THE SOURCE AND ABATE THE VISIBLE MOLD CONDITION... GREATER THAN 10SQ FEET AT THE CEILING, NORTH, AND EAST WALLS IN THE BATHROOM LOCATED AT APT 6E, 6th STORY, 2nd APARTMENT FROM EAST AT SOUTH",2025-08-04,20.0,DEFECT LETTER ISSUED,2025-10-30,Original,Open,N,2025,2025.0,2025-11-23,1426 days,1313 days,3,111 days,three to six months
2985,3054,280,3043550001,5,M,,725,STANLEY,AVENUE,11207,725 STANLEY AVENUE,260,BOULEVARD,2021-12-28,BROOKLYN,1441,both,18130698,809553,389881.0,3,725,725,725,STANLEY AVENUE,C,2025-08-02,2025-08-02,09/04/2025,08/30/2025,,,08/27/2025,568.0,9935736.0,"HMC ADM CODE: § 27-2017.4 ABATE THE INFESTATION CONSISTING OF ROACHES IN THE ENTIRE APARTMENT LOCATED AT APT 6E, 6th STORY, 2nd APARTMENT FROM EAST AT SOUTH",2025-08-04,20.0,DEFECT LETTER ISSUED,2025-10-30,Original,Open,N,2025,2025.0,2025-11-23,1426 days,1313 days,3,111 days,three to six months
2986,3055,280,3043550001,5,M,,725,STANLEY,AVENUE,11207,725 STANLEY AVENUE,260,BOULEVARD,2021-12-28,BROOKLYN,1441,both,15123233,809553,389881.0,3,725,725,725,STANLEY AVENUE,A,2022-04-28,2022-04-28,08/16/2022,08/02/2022,,,09/03/2022,1501.0,7892073.0,"§ 27-2046.1 HMC: POST A PROPER NOTICE OF CARBON MONOXIDE DETECTING DEVICE REQUIREMENTS, IN A FORM APPROVED BY THE COMMISSIONER, IN A COMMON AREA OF A CLASS A MULTIPLE DWELLING NEAR INSPECTION CERTIFICATE OR PROVIDE NOTICE TO TENANTS IN A PRIVATE DWELLING.",2022-04-29,19.0,VIOLATION CLOSED,2024-12-27,Original,Close,N,2022,2022.0,2025-11-23,1426 days,121 days,0,973 days,more than a year
2987,3056,280,3043550001,5,M,,725,STANLEY,AVENUE,11207,725 STANLEY AVENUE,260,BOULEVARD,2021-12-28,BROOKLYN,1441,both,18061282,809553,389881.0,3,725,725,725,STANLEY AVENUE,C,2025-06-24,2025-06-26,07/28/2025,07/23/2025,,,09/09/2025,568.0,9886498.0,"HMC ADM CODE: § 27-2017.4 ABATE THE INFESTATION CONSISTING OF ROACHES IN THE ENTIRE APARTMENT LOCATED AT APT 1C, 1st STORY, 1st APARTMENT FROM EAST AT SOUTH",2025-06-27,4.0,NOV CERTIFIED LATE,2025-09-09,Original,Open,N,2025,2025.0,2025-11-23,1426 days,1274 days,3,149 days,three to six months
2988,3057,280,3043550001,5,M,,725,STANLEY,AVENUE,11207,725 STANLEY AVENUE,260,BOULEVARD,2021-12-28,BROOKLYN,1441,both,16946577,809553,389881.0,3,725,725,725,STANLEY AVENUE,A,2024-04-30,2024-05-01,08/19/2024,08/05/2024,,,,556.0,9141445.0,"§ 27-2013 ADM CODE PAINT WITH LIGHT COLORED PAINT TO THE SATISFACTION OF THIS DEPARTMENT ALL PEELING PAINT SURFACES IN THE 1st ROOM FROM NORTH, THE BATHROOM , THE KITCHEN LOCATED AT APT 11D, 11th STORY, 1st APARTMENT FROM SOUTH AT WEST",2024-05-02,21.0,NOT COMPLIED WITH,2025-08-14,Original,Open,N,2024,2024.0,2025-11-23,1426 days,854 days,2,570 days,more than a year
2989,3058,280,3043550001,5,M,,725,STANLEY,AVENUE,11207,725 STANLEY AVENUE,260,BOULEVARD,2021-12-28,BROOKLYN,1441,both,17236213,809553,389881.0,3,725,725,725,STANLEY AVENUE,C,2024-08-30,2024-08-30,10/04/2024,09/29/2024,,,,568.0,9318139.0,"HMC ADM CODE: § 27-2017.4 ABATE THE INFESTATION CONSISTING OF ROACHES IN THE ENTIRE APARTMENT LOCATED AT APT 6A, 6th STORY, 2nd APARTMENT FROM NORTH AT EAST",2024-09-03,21.0,NOT COMPLIED WITH,2025-08-14,Original,Open,N,2024,2024.0,2025-11-23,1426 days,976 days,2,446 days,more than a year
2990,3059,280,3043550001,5,M,,725,STANLEY,AVENUE,11207,725 STANLEY AVENUE,260,BOULEVARD,2021-12-28,BROOKLYN,1441,both,17756718,809553,389881.0,3,725,725,725,STANLEY AVENUE,B,2025-03-13,2025-03-18,05/07/2025,04/23/2025,,,06/24/2025,702.0,9676721.0,"§ 27-2045 ADM CODE REPAIR OR REPLACE THE SMOKE DETECTOR DEFECTIVE IN THE ENTIRE APARTMENT LOCATED AT APT 1F, 1st STORY, 1st APARTMENT FROM WEST AT NORTH",2025-03-19,19.0,VIOLATION CLOSED,2025-11-20,Original,Close,N,2025,2025.0,2025-11-23,1426 days,1171 days,3,246 days,six months to a year
2991,3060,280,3043550001,5,M,,725,STANLEY,AVENUE,11207,725 STANLEY AVENUE,260,BOULEVARD,2021-12-28,BROOKLYN,1441,both,18371241,809553,389881.0,3,725,725,725,STANLEY AVENUE,B,2025-11-15,2025-11-15,01/05/2026,12/22/2025,,,,583.0,10083405.0,"§ 27-2026, 2027 HMC: PROPERLY REPAIR THE SOURCE AND ABATE THE EVIDENCE OF A WATER LEAK AT WEST WALL IN THE 1st ROOM FROM NORTH AT EAST LOCATED AT APT 8G, 8th STORY, 1st APARTMENT FROM NORTH AT EAST",2025-11-17,2.0,NOV SENT OUT,2025-11-17,Original,Open,N,2025,2025.0,2025-11-23,1426 days,1418 days,3,6 days,a week or less
2992,3061,280,3043550001,5,M,,725,STANLEY,AVENUE,11207,725 STANLEY AVENUE,260,BOULEVARD,2021-12-28,BROOKLYN,1441,both,18379899,809553,389881.0,3,725,725,725,STANLEY AVENUE,A,2025-11-15,2025-11-15,03/06/2026,02/20/2026,,,,556.0,10083403.0,"§ 27-2013 ADM CODE PAINT WITH LIGHT COLORED PAINT TO THE SATISFACTION OF THIS DEPARTMENT ALL PEELING PAINT SURFACES IN THE 3rd ROOM FROM NORTH LOCATED AT APT 8G, 8th STORY, 1st APARTMENT FROM NORTH AT EAST",2025-11-17,2.0,NOV SENT OUT,2025-11-17,Original,Open,N,2025,2025.0,2025-11-23,1426 days,1418 days,3,6 days,a week or less
2993,3062,280,3043550001,5,M,,725,STANLEY,AVENUE,11207,725 STANLEY AVENUE,260,BOULEVARD,2021-12-28,BROOKLYN,1441,both,18379900,809553,389881.0,3,725,725,725,STANLEY AVENUE,A,2025-11-15,2025-11-15,03/06/2026,02/20/2026,,,,556.0,10083404.0,"§ 27-2013 ADM CODE PAINT WITH LIGHT COLORED PAINT TO THE SATISFACTION OF THIS DEPARTMENT ALL PEELING PAINT SURFACES IN THE 1st ROOM FROM NORTH AT EAST LOCATED AT APT 8G, 8th STORY, 1st APARTMENT FROM NORTH AT EAST",2025-11-17,2.0,NOV SENT OUT,2025-11-17,Original,Open,N,2025,2025.0,2025-11-23,1426 days,1418 days,3,6 days,a week or less
2994,3063,280,3043550001,5,M,,725,STANLEY,AVENUE,11207,725 STANLEY AVENUE,260,BOULEVARD,2021-12-28,BROOKLYN,1441,both,18071562,809553,389881.0,3,725,725,725,STANLEY AVENUE,C,2024-04-30,2025-07-02,08/02/2025,07/28/2025,,,,550.0,9893037.0,"§ 27-2017.3 HMC: TRACE AND REPAIR THE SOURCE AND ABATE THE VISIBLE MOLD CONDITION... (APPROX 2 SQ FT) ON NORTH WALL, (APPROX 10 SQ FT) ON CEILING IN THE BATHROOM LOCATED AT APT 11D, 11th STORY, 1st APARTMENT FROM SOUTH AT WEST ORIGINAL VIOLATION 16939712 ISSUED 30-APR-24 HAS BEEN UPGRADED TO CLASS C PER ADMINISTRATIVE CODE §27-2017.3a(5)(a) or (b).",2025-07-02,47.0,NOTICE OF ISSUANCE SENT TO TENANT,2025-07-02,Original,Open,N,2024,2025.0,2025-11-23,1426 days,854 days,2,144 days,three to six months
2995,3064,280,3043550001,5,M,,725,STANLEY,AVENUE,11207,725 STANLEY AVENUE,260,BOULEVARD,2021-12-28,BROOKLYN,1441,both,17653352,809553,389881.0,3,725,725,725,STANLEY AVENUE,C,2025-01-27,2025-01-27,02/16/2025,02/11/2025,,,02/25/2025,530.0,9602217.0,"§ 27-2005, 27-2007, 27-2041.1 HMC, §238, § 309; § 107 (2) ( C) MDL AND 28 RCNY §25-171: REPLACE OR REPAIR THE SELF-CLOSING DOORS THAT IS MISSING OR DEFECTIVE DOOR AND DOORFRAME BINDING AT THE ENTRANCE TO THE BUILDING",2025-01-28,19.0,VIOLATION CLOSED,2025-04-30,Original,Close,N,2025,2025.0,2025-11-23,1426 days,1126 days,3,92 days,three to six months
2996,3065,280,3043550001,5,M,,725,STANLEY,AVENUE,11207,725 STANLEY AVENUE,260,BOULEVARD,2021-12-28,BROOKLYN,1441,both,17607263,809553,389881.0,3,725,725,725,STANLEY AVENUE,C,2025-01-09,2025-01-13,02/13/2025,02/08/2025,,,01/29/2025,568.0,9577090.0,"HMC ADM CODE: § 27-2017.4 ABATE THE INFESTATION CONSISTING OF ROACHES IN THE ENTIRE APARTMENT LOCATED AT APT 6C, 6th STORY, 1st APARTMENT FROM EAST AT SOUTH",2025-01-13,9.0,VIOLATION DISMISSED,2025-04-11,Original,Close,N,2025,2025.0,2025-11-23,1426 days,1108 days,3,88 days,one to three months
2997,3066,280,3043550001,5,M,,725,STANLEY,AVENUE,11207,725 STANLEY AVENUE,260,BOULEVARD,2021-12-28,BROOKLYN,1441,both,17336910,809553,389881.0,3,725,725,725,STANLEY AVENUE,A,2024-10-10,2024-10-11,02/01/2025,01/18/2025,,,01/31/2025,501.0,9382006.0,"§ 27-2005 HMC: PROPERLY REPAIR OR REPLACE THE BROKEN OR DEFECTIVE ELECTRICAL FIXTURE IN THE BATHROOM LOCATED AT APT 6E, 6th STORY, 1st APARTMENT FROM WEST AT NORTH",2024-10-15,19.0,VIOLATION CLOSED,2025-06-18,Original,Close,N,2024,2024.0,2025-11-23,1426 days,1017 days,2,246 days,six months to a year
2998,3067,280,3043550001,5,M,,725,STANLEY,AVENUE,11207,725 STANLEY AVENUE,260,BOULEVARD,2021-12-28,BROOKLYN,1441,both,17607264,809553,389881.0,3,725,725,725,STANLEY AVENUE,A,2025-01-09,2025-01-13,05/02/2025,04/18/2025,,,02/07/2025,500.0,9577087.0,"§ 26-1103 ADMIN. CODE: POST AND MAINTAIN A PROPER NOTICE ON WALL OF THE ENTRANCE STORY IN ENGLISH AND SPANISH ON THE AVAILABILITY OF THE AGENCYS HOUSING INFORMATION GUIDE. A SAMPLE NOTICE CAN BE FOUND AT WWW.NYC.GOV/HPD. AT PUBLIC HALL, 1st STORY",2025-01-13,9.0,VIOLATION DISMISSED,2025-04-21,Original,Close,N,2025,2025.0,2025-11-23,1426 days,1108 days,3,98 days,three to six months
2999,3068,280,3043550001,5,M,,725,STANLEY,AVENUE,11207,725 STANLEY AVENUE,260,BOULEVARD,2021-12-28,BROOKLYN,1441,both,17701226,809553,389881.0,3,725,725,725,STANLEY AVENUE,B,2025-02-12,2025-02-15,04/08/2025,03/25/2025,,,04/17/2025,583.0,9632607.0,"§ 27-2026, 2027 HMC: PROPERLY REPAIR THE SOURCE AND ABATE THE EVIDENCE OF A WATER LEAK AT 1st CLOSET FROM WEST AT NORTH WALL WALL IN THE PRIVATE HALLWAY LOCATED AT APT 8G, 8th STORY, 1st APARTMENT FROM NORTH AT EAST",2025-02-18,19.0,VIOLATION CLOSED,2025-06-18,Original,Close,N,2025,2025.0,2025-11-23,1426 days,1142 days,3,120 days,three to six months
3000,3069,280,3043550001,5,M,,725,STANLEY,AVENUE,11207,725 STANLEY AVENUE,260,BOULEVARD,2021-12-28,BROOKLYN,1441,both,17701230,809553,389881.0,3,725,725,725,STANLEY AVENUE,C,2025-02-12,2025-02-15,03/09/2025,03/04/2025,,,03/04/2025,530.0,9632608.0,"§ 27-2005, 27-2007, 27-2041.1 HMC, §238, § 309; § 107 (2) ( C) MDL AND 28 RCNY §25-171: REPLACE OR REPAIR THE SELF-CLOSING DOORS THAT IS MISSING OR DEFECTIVE BUILDING ENTRANCE DOOR IS BINDING WITH DOOR FRAME , 1st STORY",2025-02-18,19.0,VIOLATION CLOSED,2025-04-02,Original,Close,N,2025,2025.0,2025-11-23,1426 days,1142 days,3,43 days,one to three months
3001,3070,280,3043550001,5,M,,725,STANLEY,AVENUE,11207,725 STANLEY AVENUE,260,BOULEVARD,2021-12-28,BROOKLYN,1441,both,17701255,809553,389881.0,3,725,725,725,STANLEY AVENUE,A,2025-02-12,2025-02-15,06/07/2025,05/24/2025,,,04/17/2025,556.0,9632606.0,"§ 27-2013 ADM CODE PAINT WITH LIGHT COLORED PAINT TO THE SATISFACTION OF THIS DEPARTMENT ALL PEELING PAINT SURFACES IN THE PRIVATE HALLWAY LOCATED AT APT 8G, 8th STORY, 1st APARTMENT FROM NORTH AT EAST",2025-02-18,19.0,VIOLATION CLOSED,2025-06-18,Original,Close,N,2025,2025.0,2025-11-23,1426 days,1142 days,3,120 days,three to six months
3002,3071,280,3043550001,5,M,,725,STANLEY,AVENUE,11207,725 STANLEY AVENUE,260,BOULEVARD,2021-12-28,BROOKLYN,1441,both,17705192,809553,389881.0,3,725,725,725,STANLEY AVENUE,B,2025-02-19,2025-02-19,04/10/2025,03/27/2025,,,04/17/2025,508.0,9636872.0,"§ 27-2005 ADM CODE REPAIR THE BROKEN OR DEFECTIVE PLASTERED SURFACES AND PAINT IN A UNIFORM COLOR 508 WEST WALL IN THE 1st ROOM FROM NORTH AT EAST LOCATED AT APT 8G, 8th STORY, 1st APARTMENT FROM NORTH AT EAST",2025-02-20,19.0,VIOLATION CLOSED,2025-10-15,Original,Close,N,2025,2025.0,2025-11-23,1426 days,1149 days,3,237 days,six months to a year
3003,3072,280,3043550001,5,M,,725,STANLEY,AVENUE,11207,725 STANLEY AVENUE,260,BOULEVARD,2021-12-28,BROOKLYN,1441,both,17705191,809553,389881.0,3,725,725,725,STANLEY AVENUE,B,2025-02-19,2025-02-19,04/10/2025,03/27/2025,,,04/17/2025,583.0,9636872.0,"§ 27-2026, 2027 HMC: PROPERLY REPAIR THE SOURCE AND ABATE THE EVIDENCE OF A WATER LEAK AND OR WATER PENETRATION AT THE WEST WALL IN THE 1st ROOM FROM NORTH AT EAST LOCATED AT APT 8G, 8th STORY, 1st APARTMENT FROM NORTH AT EAST",2025-02-20,19.0,VIOLATION CLOSED,2025-06-18,Original,Close,N,2025,2025.0,2025-11-23,1426 days,1149 days,3,118 days,three to six months
3004,3073,280,3043550001,5,M,,725,STANLEY,AVENUE,11207,725 STANLEY AVENUE,260,BOULEVARD,2021-12-28,BROOKLYN,1441,both,17714243,809553,389881.0,3,725,725,725,STANLEY AVENUE,A,2025-02-19,2025-02-19,06/09/2025,05/26/2025,,,,556.0,9636871.0,"§ 27-2013 ADM CODE PAINT WITH LIGHT COLORED PAINT TO THE SATISFACTION OF THIS DEPARTMENT ALL PEELING PAINT SURFACES IN THE 1st ROOM FROM NORTH AT EAST LOCATED AT APT 8G, 8th STORY, 1st APARTMENT FROM NORTH AT EAST",2025-02-20,19.0,VIOLATION CLOSED,2025-06-18,Original,Close,N,2025,2025.0,2025-11-23,1426 days,1149 days,3,118 days,three to six months
3005,3074,280,3043550001,5,M,,725,STANLEY,AVENUE,11207,725 STANLEY AVENUE,260,BOULEVARD,2021-12-28,BROOKLYN,1441,both,17336905,809553,389881.0,3,725,725,725,STANLEY AVENUE,B,2024-10-10,2024-10-11,12/03/2024,11/19/2024,,,02/25/2025,508.0,9382007.0,"§ 27-2005 ADM CODE REPAIR THE BROKEN OR DEFECTIVE PLASTERED SURFACES AND PAINT IN A UNIFORM COLOR AT CEILING AND ALL WALLS IN THE BATHROOM LOCATED AT APT 6E, 6th STORY, 1st APARTMENT FROM WEST AT NORTH",2024-10-15,19.0,VIOLATION CLOSED,2025-10-30,Original,Close,N,2024,2024.0,2025-11-23,1426 days,1017 days,2,380 days,more than a year
3006,3075,280,3043550001,5,M,,725,STANLEY,AVENUE,11207,725 STANLEY AVENUE,260,BOULEVARD,2021-12-28,BROOKLYN,1441,both,17336906,809553,389881.0,3,725,725,725,STANLEY AVENUE,B,2024-10-10,2024-10-11,12/03/2024,11/19/2024,,,02/25/2025,583.0,9382007.0,"§ 27-2026, 2027 HMC: PROPERLY REPAIR THE SOURCE AND ABATE THE EVIDENCE OF A WATER LEAK AT CEILING IN THE PRIVATE HALLWAY LOCATED AT APT 6E, 6th STORY, 1st APARTMENT FROM WEST AT NORTH",2024-10-15,19.0,VIOLATION CLOSED,2025-06-18,Original,Close,N,2024,2024.0,2025-11-23,1426 days,1017 days,2,246 days,six months to a year
3007,3076,280,3043550001,5,M,,725,STANLEY,AVENUE,11207,725 STANLEY AVENUE,260,BOULEVARD,2021-12-28,BROOKLYN,1441,both,17336907,809553,389881.0,3,725,725,725,STANLEY AVENUE,B,2024-10-10,2024-10-11,12/03/2024,11/19/2024,,,02/25/2025,508.0,9382007.0,"§ 27-2005 ADM CODE REPAIR THE BROKEN OR DEFECTIVE PLASTERED SURFACES AND PAINT IN A UNIFORM COLOR AT CEILING IN THE PRIVATE HALLWAY LOCATED AT APT 6E, 6th STORY, 1st APARTMENT FROM WEST AT NORTH",2024-10-15,19.0,VIOLATION CLOSED,2025-06-18,Original,Close,N,2024,2024.0,2025-11-23,1426 days,1017 days,2,246 days,six months to a year
3008,3077,280,3043550001,5,M,,725,STANLEY,AVENUE,11207,725 STANLEY AVENUE,260,BOULEVARD,2021-12-28,BROOKLYN,1441,both,17725741,809553,389881.0,3,725,725,725,STANLEY AVENUE,B,2025-02-27,2025-03-03,04/22/2025,04/08/2025,,,04/17/2025,502.0,9654411.0,"§ 27-2005 ADM CODE PROPERLY REPAIR WITH SIMILAR MATERIAL THE BROKEN OR DEFECTIVE WOOD FLOOR IN THE 1st ROOM FROM NORTH AT EAST LOCATED AT APT 8G, 8th STORY, 1st APARTMENT FROM NORTH AT EAST",2025-03-04,19.0,VIOLATION CLOSED,2025-06-18,Original,Close,N,2025,2025.0,2025-11-23,1426 days,1157 days,3,106 days,three to six months
3009,3078,280,3043550001,5,M,,725,STANLEY,AVENUE,11207,725 STANLEY AVENUE,260,BOULEVARD,2021-12-28,BROOKLYN,1441,both,17737937,809553,389881.0,3,725,725,725,STANLEY AVENUE,A,2025-02-27,2025-03-03,06/21/2025,06/07/2025,,,04/17/2025,556.0,9654410.0,"§ 27-2013 ADM CODE PAINT WITH LIGHT COLORED PAINT TO THE SATISFACTION OF THIS DEPARTMENT ALL PEELING PAINT SURFACES IN THE 1st ROOM FROM NORTH AT EAST, THE FOYER LOCATED AT APT 8G, 8th STORY, 1st APARTMENT FROM NORTH AT EAST",2025-03-04,19.0,VIOLATION CLOSED,2025-06-18,Original,Close,N,2025,2025.0,2025-11-23,1426 days,1157 days,3,106 days,three to six months
3010,3079,280,3043550001,5,M,,725,STANLEY,AVENUE,11207,725 STANLEY AVENUE,260,BOULEVARD,2021-12-28,BROOKLYN,1441,both,17756710,809553,389881.0,3,725,725,725,STANLEY AVENUE,B,2025-03-13,2025-03-18,05/07/2025,04/23/2025,,,,506.0,9676721.0,"§ 27-2005 ADM CODE REPLACE WITH NEW THE MISSING SINK BASE CABINET IN THE KITCHEN LOCATED AT APT 1F, 1st STORY, 1st APARTMENT FROM WEST AT NORTH",2025-03-19,19.0,VIOLATION CLOSED,2025-11-20,Original,Close,N,2025,2025.0,2025-11-23,1426 days,1171 days,3,246 days,six months to a year
3011,3080,280,3043550001,5,M,,725,STANLEY,AVENUE,11207,725 STANLEY AVENUE,260,BOULEVARD,2021-12-28,BROOKLYN,1441,both,17756711,809553,389881.0,3,725,725,725,STANLEY AVENUE,B,2025-03-13,2025-03-18,05/07/2025,04/23/2025,,,,506.0,9676721.0,"§ 27-2005 ADM CODE REPLACE WITH NEW THE MISSING SINK IN THE KITCHEN LOCATED AT APT 1F, 1st STORY, 1st APARTMENT FROM WEST AT NORTH",2025-03-19,19.0,VIOLATION CLOSED,2025-11-20,Original,Close,N,2025,2025.0,2025-11-23,1426 days,1171 days,3,246 days,six months to a year
3012,3081,280,3043550001,5,M,,725,STANLEY,AVENUE,11207,725 STANLEY AVENUE,260,BOULEVARD,2021-12-28,BROOKLYN,1441,both,17756714,809553,389881.0,3,725,725,725,STANLEY AVENUE,B,2025-03-13,2025-03-18,05/07/2025,04/23/2025,,,,598.0,9676721.0,"§ 27-2026 ADM CODE REPAIR THE BROKEN OR DEFECTIVE CONNECTION AT WASTELINE, AT SINK IN THE KITCHEN LOCATED AT APT 1F, 1st STORY, 1st APARTMENT FROM WEST AT NORTH",2025-03-19,19.0,VIOLATION CLOSED,2025-11-20,Original,Close,N,2025,2025.0,2025-11-23,1426 days,1171 days,3,246 days,six months to a year
3013,3082,280,3043550001,5,M,,725,STANLEY,AVENUE,11207,725 STANLEY AVENUE,260,BOULEVARD,2021-12-28,BROOKLYN,1441,both,17756712,809553,389881.0,3,725,725,725,STANLEY AVENUE,C,2025-03-13,2025-03-18,04/01/2025,03/25/2025,,,04/01/2025,579.0,9676722.0,"§ 27-2026 ADM CODE REPAIR THE LEAKY AND/OR DEFECTIVE FAUCETS AT WASH BASIN IN THE BATHROOM LOCATED AT APT 1F, 1st STORY, 1st APARTMENT FROM WEST AT NORTH",2025-03-19,9.0,VIOLATION DISMISSED,2025-06-12,Original,Close,N,2025,2025.0,2025-11-23,1426 days,1171 days,3,85 days,one to three months
3014,3083,280,3043550001,5,M,,725,STANLEY,AVENUE,11207,725 STANLEY AVENUE,260,BOULEVARD,2021-12-28,BROOKLYN,1441,both,17756713,809553,389881.0,3,725,725,725,STANLEY AVENUE,A,2025-03-13,2025-03-18,07/06/2025,06/22/2025,,,06/24/2025,550.0,9676720.0,"§ 27-2017.3 HMC: TRACE AND REPAIR THE SOURCE AND ABATE THE VISIBLE MOLD CONDITION... LESS THAN 10 SQUARE FEET AT CEILING IN THE BATHROOM LOCATED AT APT 1F, 1st STORY, 1st APARTMENT FROM WEST AT NORTH",2025-03-19,9.0,VIOLATION DISMISSED,2025-09-04,Original,Close,N,2025,2025.0,2025-11-23,1426 days,1171 days,3,169 days,three to six months
3015,3084,280,3043550001,5,M,,725,STANLEY,AVENUE,11207,725 STANLEY AVENUE,260,BOULEVARD,2021-12-28,BROOKLYN,1441,both,17756716,809553,389881.0,3,725,725,725,STANLEY AVENUE,C,2025-03-13,2025-03-18,04/19/2025,04/14/2025,,,03/27/2025,568.0,9676723.0,"HMC ADM CODE: § 27-2017.4 ABATE THE INFESTATION CONSISTING OF ROACHES IN THE ENTIRE APARTMENT LOCATED AT APT 1F, 1st STORY, 1st APARTMENT FROM WEST AT NORTH",2025-03-19,9.0,VIOLATION DISMISSED,2025-06-09,Original,Close,N,2025,2025.0,2025-11-23,1426 days,1171 days,3,82 days,one to three months
3016,3085,280,3043550001,5,M,,725,STANLEY,AVENUE,11207,725 STANLEY AVENUE,260,BOULEVARD,2021-12-28,BROOKLYN,1441,both,16939712,809553,389881.0,3,725,725,725,STANLEY AVENUE,B,2024-04-30,2024-05-01,06/20/2024,06/06/2024,,,,550.0,9141448.0,"§ 27-2017.3 HMC: TRACE AND REPAIR THE SOURCE AND ABATE THE VISIBLE MOLD CONDITION... (APPROX 2 SQ FT) ON NORTH WALL, (APPROX 10 SQ FT) ON CEILING IN THE BATHROOM LOCATED AT APT 11D, 11th STORY, 1st APARTMENT FROM SOUTH AT WEST",2024-05-02,19.0,VIOLATION CLOSED,2025-07-02,Original,Close,N,2024,2024.0,2025-11-23,1426 days,854 days,2,426 days,more than a year
3017,3086,280,3043550001,5,M,,725,STANLEY,AVENUE,11207,725 STANLEY AVENUE,260,BOULEVARD,2021-12-28,BROOKLYN,1441,both,17240962,809553,389881.0,3,725,725,725,STANLEY AVENUE,B,2024-04-30,2024-08-30,10/18/2024,10/04/2024,,,,550.0,9313523.0,"§ 27-2017.3 HMC: TRACE AND REPAIR THE SOURCE AND ABATE THE VISIBLE MOLD CONDITION... (APPROX 4 SQ FT) ON WINDOW FRAME FROM SOUTH AT WEST WALL IN THE 3rd ROOM FROM NORTH LOCATED AT APT 11D, 11th STORY, 1st APARTMENT FROM SOUTH AT WEST ORIGINAL VIOLATION 16939713 ISSUED 30-APR-24 HAS BEEN UPGRADED TO CLASS B PER ADMINISTRATIVE CODE §27-2017.3a(3)(a) or (b).",2024-08-30,20.0,DEFECT LETTER ISSUED,2025-06-29,Original,Open,N,2024,2024.0,2025-11-23,1426 days,854 days,2,450 days,more than a year
3018,3087,280,3043550001,5,M,,725,STANLEY,AVENUE,11207,725 STANLEY AVENUE,260,BOULEVARD,2021-12-28,BROOKLYN,1441,both,17795746,809553,389881.0,3,725,725,725,STANLEY AVENUE,B,2025-03-31,2025-03-31,05/20/2025,05/06/2025,,,04/17/2025,508.0,9694909.0,"§ 27-2005 ADM CODE REPAIR THE BROKEN OR DEFECTIVE PLASTERED SURFACES AND PAINT IN A UNIFORM COLOR THE NORTH WALL IN THE 1st ROOM FROM NORTH AT EAST LOCATED AT APT 8G, 8th STORY, 1st APARTMENT FROM NORTH AT EAST",2025-04-01,19.0,VIOLATION CLOSED,2025-06-18,Original,Close,N,2025,2025.0,2025-11-23,1426 days,1189 days,3,78 days,one to three months
3019,3088,280,3043550001,5,M,,725,STANLEY,AVENUE,11207,725 STANLEY AVENUE,260,BOULEVARD,2021-12-28,BROOKLYN,1441,both,17795747,809553,389881.0,3,725,725,725,STANLEY AVENUE,B,2025-03-31,2025-03-31,05/20/2025,05/06/2025,,,04/17/2025,583.0,9694909.0,"§ 27-2026, 2027 HMC: PROPERLY REPAIR THE SOURCE AND ABATE THE EVIDENCE OF A WATER LEAK AT WEST WALL IN THE 1st ROOM FROM NORTH AT EAST LOCATED AT APT 8G, 8th STORY, 1st APARTMENT FROM NORTH AT EAST",2025-04-01,19.0,VIOLATION CLOSED,2025-06-18,Original,Close,N,2025,2025.0,2025-11-23,1426 days,1189 days,3,78 days,one to three months
3020,3089,280,3043550001,5,M,,725,STANLEY,AVENUE,11207,725 STANLEY AVENUE,260,BOULEVARD,2021-12-28,BROOKLYN,1441,both,17795748,809553,389881.0,3,725,725,725,STANLEY AVENUE,B,2025-03-31,2025-03-31,05/20/2025,05/06/2025,,,04/17/2025,502.0,9694909.0,"§ 27-2005 ADM CODE PROPERLY REPAIR WITH SIMILAR MATERIAL THE BROKEN OR DEFECTIVE WOOD FLOOR IN THE 1st ROOM FROM NORTH AT EAST LOCATED AT APT 8G, 8th STORY, 1st APARTMENT FROM NORTH AT EAST",2025-04-01,19.0,VIOLATION CLOSED,2025-06-18,Original,Close,N,2025,2025.0,2025-11-23,1426 days,1189 days,3,78 days,one to three months
3021,3090,280,3043550001,5,M,,725,STANLEY,AVENUE,11207,725 STANLEY AVENUE,260,BOULEVARD,2021-12-28,BROOKLYN,1441,both,15123230,809553,389881.0,3,725,725,725,STANLEY AVENUE,A,2022-04-28,2022-04-28,08/16/2022,08/02/2022,,,09/03/2022,500.0,7892073.0,"§ 26-1103 ADMIN. CODE: POST AND MAINTAIN A PROPER NOTICE ON WALL OF THE ENTRANCE STORY IN ENGLISH AND SPANISH ON THE AVAILABILITY OF THE AGENCYS HOUSING INFORMATION GUIDE. A SAMPLE NOTICE CAN BE FOUND AT WWW.NYC.GOV/HPD. AT PUBLIC HALL, 1st STORY",2022-04-29,19.0,VIOLATION CLOSED,2025-08-07,Original,Close,N,2022,2022.0,2025-11-23,1426 days,121 days,0,1196 days,more than a year
3022,3091,280,3043550001,5,M,,725,STANLEY,AVENUE,11207,725 STANLEY AVENUE,260,BOULEVARD,2021-12-28,BROOKLYN,1441,both,17607266,809553,389881.0,3,725,725,725,STANLEY AVENUE,B,2025-01-09,2025-01-13,03/03/2025,02/17/2025,,,03/06/2025,538.0,9577089.0,"§ 27-2005, 2007 ADM CODE REMOVE ALL ENCUMBRANCES CONSISTING OF HOUSEHOLD ITEMS AT PUBLIC HALL, 6th STORY",2025-01-13,19.0,VIOLATION CLOSED,2025-04-30,Original,Close,Y,2025,2025.0,2025-11-23,1426 days,1108 days,3,107 days,three to six months
3023,3092,281,3043550001,6,M,,2202,LINDEN,BOULEVARD,11207,2202 LINDEN BOULEVARD,260,BOULEVARD,2021-12-28,BROOKLYN,1441,both,16139766,808715,389884.0,3,2202,2202,2202,LINDEN BOULEVARD,B,2023-08-02,2023-08-06,09/25/2023,09/11/2023,,,,508.0,8589686.0,"§ 27-2005 ADM CODE REPAIR THE BROKEN OR DEFECTIVE PLASTERED SURFACES AND PAINT IN A UNIFORM COLOR AT WEST WALL IN THE BATHROOM LOCATED AT APT 11G, 11th STORY, 1st APARTMENT FROM SOUTH AT WEST",2023-08-07,19.0,VIOLATION CLOSED,2024-12-18,Original,Close,N,2023,2023.0,2025-11-23,1426 days,582 days,1,499 days,more than a year
3024,3093,281,3043550001,6,M,,2202,LINDEN,BOULEVARD,11207,2202 LINDEN BOULEVARD,260,BOULEVARD,2021-12-28,BROOKLYN,1441,both,18143640,808715,389884.0,3,2202,2202,2202,LINDEN BOULEVARD,A,2025-08-05,2025-08-07,11/25/2025,11/11/2025,,,,1506.0,9943295.0,"§ 27-2005 HMC: POST, IN A FORM APPROVED BY THE COMMISSIONER, AND MAINTAIN A NOTICE IN A COMMON AREA OF THE BUILDING REGARDING THE PROCEDURES THAT SHOULD BE FOLLOWED WHEN A GAS LEAK IS SUSPECTED",2025-08-08,19.0,VIOLATION CLOSED,2025-08-28,Original,Close,N,2025,2025.0,2025-11-23,1426 days,1316 days,3,20 days,one week to a month
3025,3094,281,3043550001,6,M,,2202,LINDEN,BOULEVARD,11207,2202 LINDEN BOULEVARD,260,BOULEVARD,2021-12-28,BROOKLYN,1441,both,16139765,808715,389884.0,3,2202,2202,2202,LINDEN BOULEVARD,B,2023-08-02,2023-08-06,09/25/2023,09/11/2023,,,08/15/2024,583.0,8589686.0,"§ 27-2026, 2027 HMC: PROPERLY REPAIR THE SOURCE AND ABATE THE EVIDENCE OF A WATER LEAK AT WEST WALL IN THE BATHROOM LOCATED AT APT 11G, 11th STORY, 1st APARTMENT FROM SOUTH AT WEST",2023-08-07,19.0,VIOLATION CLOSED,2024-12-18,Original,Close,N,2023,2023.0,2025-11-23,1426 days,582 days,1,499 days,more than a year
3026,3095,281,3043550001,6,M,,2202,LINDEN,BOULEVARD,11207,2202 LINDEN BOULEVARD,260,BOULEVARD,2021-12-28,BROOKLYN,1441,both,18352007,808715,389884.0,3,2202,2202,2202,LINDEN BOULEVARD,C,2025-11-03,2025-11-03,12/04/2025,11/29/2025,,,,617.0,10065551.0,"§ 27-2056.6 ADM CODE - CORRECT THE LEAD-BASED PAINT HAZARD - PAINT THAT TESTED POSITIVE FOR LEAD CONTENT AND THAT IS PEELING OR ON A DETERIORATED SUBSURFACE - USING WORK PRACTICES SET FORTH IN 28 RCNY §11-06(B)(2) 1st CLOSET FROM NORTH AT EAST WALL DOOR FRAME IN THE 4th ROOM FROM NORTH LOCATED AT APT 11A, 12th STORY, 2nd APARTMENT FROM SOUTH AT WEST",2025-11-05,2.0,NOV SENT OUT,2025-11-05,Original,Open,N,2025,2025.0,2025-11-23,1426 days,1406 days,3,18 days,one week to a month
3027,3096,281,3043550001,6,M,,2202,LINDEN,BOULEVARD,11207,2202 LINDEN BOULEVARD,260,BOULEVARD,2021-12-28,BROOKLYN,1441,both,18352008,808715,389884.0,3,2202,2202,2202,LINDEN BOULEVARD,C,2025-11-03,2025-11-03,12/04/2025,11/29/2025,,,,617.0,10065551.0,"§ 27-2056.6 ADM CODE - CORRECT THE LEAD-BASED PAINT HAZARD - PAINT THAT TESTED POSITIVE FOR LEAD CONTENT AND THAT IS PEELING OR ON A DETERIORATED SUBSURFACE - USING WORK PRACTICES SET FORTH IN 28 RCNY §11-06(B)(2) 1st DOOR FRAME FROM EAST AT SOUTH WALL IN THE 1st ROOM FROM NORTH LOCATED AT APT 11A, 12th STORY, 2nd APARTMENT FROM SOUTH AT WEST",2025-11-05,2.0,NOV SENT OUT,2025-11-05,Original,Open,N,2025,2025.0,2025-11-23,1426 days,1406 days,3,18 days,one week to a month
3028,3097,281,3043550001,6,M,,2202,LINDEN,BOULEVARD,11207,2202 LINDEN BOULEVARD,260,BOULEVARD,2021-12-28,BROOKLYN,1441,both,18352009,808715,389884.0,3,2202,2202,2202,LINDEN BOULEVARD,C,2025-11-03,2025-11-03,12/04/2025,11/29/2025,,,,617.0,10065551.0,"§ 27-2056.6 ADM CODE - CORRECT THE LEAD-BASED PAINT HAZARD - PAINT THAT TESTED POSITIVE FOR LEAD CONTENT AND THAT IS PEELING OR ON A DETERIORATED SUBSURFACE - USING WORK PRACTICES SET FORTH IN 28 RCNY §11-06(B)(2) 1st DOOR FRAME FROM NORTH AT EAST WALL IN THE BATHROOM LOCATED AT APT 11A, 12th STORY, 2nd APARTMENT FROM SOUTH AT WEST",2025-11-05,2.0,NOV SENT OUT,2025-11-05,Original,Open,N,2025,2025.0,2025-11-23,1426 days,1406 days,3,18 days,one week to a month
3029,3098,281,3043550001,6,M,,2202,LINDEN,BOULEVARD,11207,2202 LINDEN BOULEVARD,260,BOULEVARD,2021-12-28,BROOKLYN,1441,both,18352010,808715,389884.0,3,2202,2202,2202,LINDEN BOULEVARD,C,2025-11-03,2025-11-03,12/04/2025,11/29/2025,,,,617.0,10065551.0,"§ 27-2056.6 ADM CODE - CORRECT THE LEAD-BASED PAINT HAZARD - PAINT THAT TESTED POSITIVE FOR LEAD CONTENT AND THAT IS PEELING OR ON A DETERIORATED SUBSURFACE - USING WORK PRACTICES SET FORTH IN 28 RCNY §11-06(B)(2) 1st DOOR FRAME FROM EAST AT SOUTH WALL IN THE KITCHEN LOCATED AT APT 11A, 12th STORY, 2nd APARTMENT FROM SOUTH AT WEST",2025-11-05,2.0,NOV SENT OUT,2025-11-05,Original,Open,N,2025,2025.0,2025-11-23,1426 days,1406 days,3,18 days,one week to a month
3030,3099,281,3043550001,6,M,,2202,LINDEN,BOULEVARD,11207,2202 LINDEN BOULEVARD,260,BOULEVARD,2021-12-28,BROOKLYN,1441,both,18352182,808715,389884.0,3,2202,2202,2202,LINDEN BOULEVARD,C,2025-11-03,2025-11-04,12/04/2025,11/29/2025,,,,622.0,10065553.0,"§ 27-2056.7, 27-2056.8, 27-2056.9 ADM CODE -CERTIFY COMPLIANCE WITH LEAD-BASED PAINT HAZARD CONTROL REQUIREMENTS DURING PERIOD OF UNIT VACANCY BY PERFORMING ACTIVITIES NECESSARY TO ABATE TESTED LEAD-BASED PAINT FROM REQUIRED WINDOW AND/OR DOOR FRICTION SURFACES FOR APARTMENT AND MAKE FLOORS SMOOTH AND CLEANABLE, POSITIVE LEAD-BASED PAINT IN AN APARTMENT WITH A CHILD UNDER SIX LOCATED AT APT 11A, 12th STORY, 2nd APARTMENT FROM SOUTH AT WEST",2025-11-05,2.0,NOV SENT OUT,2025-11-05,Original,Open,N,2025,2025.0,2025-11-23,1426 days,1406 days,3,18 days,one week to a month
3031,3100,281,3043550001,6,M,,2202,LINDEN,BOULEVARD,11207,2202 LINDEN BOULEVARD,260,BOULEVARD,2021-12-28,BROOKLYN,1441,both,17484864,808715,389884.0,3,2202,2202,2202,LINDEN BOULEVARD,B,2024-11-30,2024-12-01,01/20/2025,01/06/2025,,,,702.0,9488407.0,"§ 27-2045 ADM CODE REPAIR OR REPLACE THE SMOKE DETECTOR DEFECTIVE IN THE ENTIRE APARTMENT LOCATED AT APT 7C, 7th STORY, 1st APARTMENT FROM WEST AT NORTH",2024-12-02,19.0,VIOLATION CLOSED,2024-12-18,Original,Close,N,2024,2024.0,2025-11-23,1426 days,1068 days,2,16 days,one week to a month
3032,3101,281,3043550001,6,M,,2202,LINDEN,BOULEVARD,11207,2202 LINDEN BOULEVARD,260,BOULEVARD,2021-12-28,BROOKLYN,1441,both,16123511,808715,389884.0,3,2202,2202,2202,LINDEN BOULEVARD,B,2023-07-26,2023-07-28,09/18/2023,09/04/2023,,,08/15/2024,583.0,8580057.0,"§ 27-2026, 2027 HMC: PROPERLY REPAIR THE SOURCE AND ABATE THE EVIDENCE OF A WATER LEAK AT CEILING IN THE BATHROOM LOCATED AT APT 11G, 11th STORY, 1st APARTMENT FROM NORTH AT EAST",2023-07-31,19.0,VIOLATION CLOSED,2024-12-18,Original,Close,N,2023,2023.0,2025-11-23,1426 days,575 days,1,506 days,more than a year
3033,3102,281,3043550001,6,M,,2202,LINDEN,BOULEVARD,11207,2202 LINDEN BOULEVARD,260,BOULEVARD,2021-12-28,BROOKLYN,1441,both,16123514,808715,389884.0,3,2202,2202,2202,LINDEN BOULEVARD,A,2023-07-26,2023-07-28,11/17/2023,11/03/2023,,,11/08/2023,501.0,8580055.0,"§ 27-2005 HMC: PROPERLY REPAIR OR REPLACE THE BROKEN OR DEFECTIVE MORTISE LOCK AT FIRE EXIT DOOR AT NORTH AT PUBLIC HALL, 1st STORY",2023-07-31,9.0,VIOLATION DISMISSED,2024-01-19,Original,Close,N,2023,2023.0,2025-11-23,1426 days,575 days,1,172 days,three to six months
3034,3103,281,3043550001,6,M,,2202,LINDEN,BOULEVARD,11207,2202 LINDEN BOULEVARD,260,BOULEVARD,2021-12-28,BROOKLYN,1441,both,16123509,808715,389884.0,3,2202,2202,2202,LINDEN BOULEVARD,C,2023-07-26,2023-07-28,08/31/2023,08/26/2023,,,,568.0,8580058.0,"HMC ADM CODE: § 27-2017.4 ABATE THE INFESTATION CONSISTING OF ROACHES IN THE ENTIRE APARTMENT LOCATED AT APT 7C, 7th STORY, 1st APARTMENT FROM WEST AT NORTH",2023-07-31,19.0,VIOLATION CLOSED,2025-02-19,Original,Close,N,2023,2023.0,2025-11-23,1426 days,575 days,1,569 days,more than a year
3035,3104,281,3043550001,6,M,,2202,LINDEN,BOULEVARD,11207,2202 LINDEN BOULEVARD,260,BOULEVARD,2021-12-28,BROOKLYN,1441,both,17346203,808715,389884.0,3,2202,2202,2202,LINDEN BOULEVARD,A,2024-10-09,2024-10-11,02/01/2025,01/18/2025,,,01/29/2025,501.0,9381980.0,"§ 27-2005 HMC: PROPERLY REPAIR OR REPLACE THE BROKEN OR DEFECTIVE INTERCOM SYSTEM AT LOBBY AT WEST WALL (ALL APARTMENTS) , 1st STORY",2024-10-15,9.0,VIOLATION DISMISSED,2025-04-11,Original,Close,N,2024,2024.0,2025-11-23,1426 days,1016 days,2,178 days,three to six months
3036,3105,281,3043550001,6,M,,2202,LINDEN,BOULEVARD,11207,2202 LINDEN BOULEVARD,260,BOULEVARD,2021-12-28,BROOKLYN,1441,both,16123513,808715,389884.0,3,2202,2202,2202,LINDEN BOULEVARD,C,2023-07-26,2023-07-28,08/31/2023,08/26/2023,,,08/30/2023,568.0,8580059.0,"HMC ADM CODE: § 27-2017.4 ABATE THE INFESTATION CONSISTING OF ROACHES IN THE ENTIRE APARTMENT LOCATED AT APT 11G, 11th STORY, 1st APARTMENT FROM NORTH AT EAST",2023-07-31,19.0,VIOLATION CLOSED,2025-02-19,Original,Close,N,2023,2023.0,2025-11-23,1426 days,575 days,1,569 days,more than a year
3037,3106,281,3043550001,6,M,,2202,LINDEN,BOULEVARD,11207,2202 LINDEN BOULEVARD,260,BOULEVARD,2021-12-28,BROOKLYN,1441,both,16187075,808715,389884.0,3,2202,2202,2202,LINDEN BOULEVARD,B,2023-08-23,2023-08-27,10/16/2023,10/02/2023,,,,84.0,8616382.0,"§ 67 M/D LAW POST A PRINTED SCALE FLOOR PLAN SHOWING MEANS OF EGRESS, AT 11TH STORY PUBLIC HALL",2023-08-28,19.0,VIOLATION CLOSED,2024-12-18,Original,Close,N,2023,2023.0,2025-11-23,1426 days,603 days,1,478 days,more than a year
3038,3107,281,3043550001,6,M,,2202,LINDEN,BOULEVARD,11207,2202 LINDEN BOULEVARD,260,BOULEVARD,2021-12-28,BROOKLYN,1441,both,16247749,808715,389884.0,3,2202,2202,2202,LINDEN BOULEVARD,A,2023-09-20,2023-09-21,01/09/2024,12/26/2023,,,08/15/2024,691.0,8649777.0,"§ 27-2042 ADM CODE PROVIDE A MIRROR IN SELF-SERVICE ELEVATOR ARRANGED SO AS TO ENABLE A PERSON ENTERING, TO VIEW INSIDE OF ELEVATOR NUMBER 2ND ELEVATOR FROM SOUTH AT WEST",2023-09-22,19.0,VIOLATION CLOSED,2024-12-18,Original,Close,N,2023,2023.0,2025-11-23,1426 days,631 days,1,453 days,more than a year
3039,3108,281,3043550001,6,M,,2202,LINDEN,BOULEVARD,11207,2202 LINDEN BOULEVARD,260,BOULEVARD,2021-12-28,BROOKLYN,1441,both,16325311,808715,389884.0,3,2202,2202,2202,LINDEN BOULEVARD,C,2023-10-17,2023-10-19,11/02/2023,10/26/2023,,,10/23/2023,501.0,8694104.0,§ 27-2005 HMC: PROPERLY REPAIR OR REPLACE THE BROKEN OR DEFECTIVE GLASS PANE AT BUILDING ENTRANCE DOOR AT 1ST STORY,2023-10-20,19.0,VIOLATION CLOSED,2023-12-05,Original,Close,N,2023,2023.0,2025-11-23,1426 days,658 days,1,46 days,one to three months
3040,3109,281,3043550001,6,M,,2202,LINDEN,BOULEVARD,11207,2202 LINDEN BOULEVARD,260,BOULEVARD,2021-12-28,BROOKLYN,1441,both,17196905,808715,389884.0,3,2202,2202,2202,LINDEN BOULEVARD,A,2024-08-13,2024-08-13,12/01/2024,11/17/2024,,,,556.0,9289555.0,"§ 27-2013 ADM CODE PAINT WITH LIGHT COLORED PAINT TO THE SATISFACTION OF THIS DEPARTMENT ALL PEELING PAINT SURFACES IN THE 1st ROOM FROM NORTH, THE PRIVATE HALLWAY , THE BATHROOM , THE 3rd ROOM FROM NORTH AT WEST LOCATED AT APT 11G, 11th STORY, 1st APARTMENT FROM SOUTH AT WEST",2024-08-14,19.0,VIOLATION CLOSED,2024-12-18,Original,Close,N,2024,2024.0,2025-11-23,1426 days,959 days,2,126 days,three to six months
3041,3110,281,3043550001,6,M,,2202,LINDEN,BOULEVARD,11207,2202 LINDEN BOULEVARD,260,BOULEVARD,2021-12-28,BROOKLYN,1441,both,16325314,808715,389884.0,3,2202,2202,2202,LINDEN BOULEVARD,C,2023-10-17,2023-10-19,11/08/2023,11/03/2023,,,10/23/2023,530.0,8694105.0,"§ 27-2005, 27-2007, 27-2041.1 HMC, §238, § 309; § 107 (2) ( C) MDL AND 28 RCNY §25-171: REPLACE OR REPAIR THE SELF-CLOSING DOORS THAT IS MISSING OR DEFECTIVE AT FIRE DOOR LEADING TO STAIRS AT NORTH, LATCH, AT PUBLIC HALL 1ST STORY",2023-10-20,19.0,VIOLATION CLOSED,2023-12-05,Original,Close,N,2023,2023.0,2025-11-23,1426 days,658 days,1,46 days,one to three months
3042,3111,281,3043550001,6,M,,2202,LINDEN,BOULEVARD,11207,2202 LINDEN BOULEVARD,260,BOULEVARD,2021-12-28,BROOKLYN,1441,both,16123510,808715,389884.0,3,2202,2202,2202,LINDEN BOULEVARD,C,2023-07-26,2023-07-28,08/19/2023,08/14/2023,,,,530.0,8580060.0,"§ 27-2005, 27-2007, 27-2041.1 HMC, §238, § 309; § 107 (2) ( C) MDL AND 28 RCNY §25-171: REPLACE OR REPAIR THE SELF-CLOSING DOORS THAT IS MISSING OR DEFECTIVE APARTMENT FRONT ENTRANCE DOOR IN THE ENTRANCE LOCATED AT APT 7C, 7th STORY, 1st APARTMENT FROM WEST AT NORTH",2023-07-31,19.0,VIOLATION CLOSED,2023-08-30,Original,Close,N,2023,2023.0,2025-11-23,1426 days,575 days,1,30 days,one week to a month
3043,3112,281,3043550001,6,M,,2202,LINDEN,BOULEVARD,11207,2202 LINDEN BOULEVARD,260,BOULEVARD,2021-12-28,BROOKLYN,1441,both,16139764,808715,389884.0,3,2202,2202,2202,LINDEN BOULEVARD,B,2023-08-02,2023-08-06,09/25/2023,09/11/2023,,,08/15/2024,501.0,8589686.0,"§ 27-2005 HMC: PROPERLY REPAIR OR REPLACE THE BROKEN OR DEFECTIVE COUNTER BALANCE WINDOW LOWER SASH AT SOUTH WALL IN THE 5th ROOM FROM NORTH LOCATED AT APT 11G, 11th STORY, 1st APARTMENT FROM SOUTH AT WEST",2023-08-07,19.0,VIOLATION CLOSED,2024-12-18,Original,Close,N,2023,2023.0,2025-11-23,1426 days,582 days,1,499 days,more than a year
3044,3113,281,3043550001,6,M,,2202,LINDEN,BOULEVARD,11207,2202 LINDEN BOULEVARD,260,BOULEVARD,2021-12-28,BROOKLYN,1441,both,16187081,808715,389884.0,3,2202,2202,2202,LINDEN BOULEVARD,A,2023-08-23,2023-08-27,12/15/2023,12/01/2023,,,08/15/2024,540.0,8616381.0,§ 27-848 ADMIN CODE & DEPT. RULES AND REGS. REPLACE REFUSE CHUTE WARNING SIGN PUBLIC HALL DOOR TO SERVICE CLOSET OR ON WALL OVER HOPPER DOOR AT 1ST STORY PUBLIC HALL,2023-08-28,19.0,VIOLATION CLOSED,2024-12-18,Original,Close,N,2023,2023.0,2025-11-23,1426 days,603 days,1,478 days,more than a year
3045,3114,281,3043550001,6,M,,2202,LINDEN,BOULEVARD,11207,2202 LINDEN BOULEVARD,260,BOULEVARD,2021-12-28,BROOKLYN,1441,both,16224705,808715,389884.0,3,2202,2202,2202,LINDEN BOULEVARD,C,2023-09-10,2023-09-14,10/03/2023,09/28/2023,,,,530.0,8638641.0,"§ 27-2005, 27-2007, 27-2041.1 HMC, §238, § 309; § 107 (2) ( C) MDL AND 28 RCNY §25-171: REPLACE OR REPAIR THE SELF-CLOSING DOORS THAT IS MISSING OR DEFECTIVE FIRE DOOR AT WEST WALL , 11th STORY",2023-09-14,19.0,VIOLATION CLOSED,2024-04-20,Original,Close,N,2023,2023.0,2025-11-23,1426 days,621 days,1,219 days,six months to a year
3046,3115,281,3043550001,6,M,,2202,LINDEN,BOULEVARD,11207,2202 LINDEN BOULEVARD,260,BOULEVARD,2021-12-28,BROOKLYN,1441,both,17190881,808715,389884.0,3,2202,2202,2202,LINDEN BOULEVARD,B,2024-08-13,2024-08-13,10/02/2024,09/18/2024,,,,508.0,9289557.0,"§ 27-2005 ADM CODE REPAIR THE BROKEN OR DEFECTIVE PLASTERED SURFACES AND PAINT IN A UNIFORM COLOR THE NORTH WALL IN THE PRIVATE HALLWAY LOCATED AT APT 11G, 11th STORY, 1st APARTMENT FROM SOUTH AT WEST",2024-08-14,19.0,VIOLATION CLOSED,2024-12-18,Original,Close,N,2024,2024.0,2025-11-23,1426 days,959 days,2,126 days,three to six months
3047,3116,281,3043550001,6,M,,2202,LINDEN,BOULEVARD,11207,2202 LINDEN BOULEVARD,260,BOULEVARD,2021-12-28,BROOKLYN,1441,both,17596739,808715,389884.0,3,2202,2202,2202,LINDEN BOULEVARD,C,2025-01-05,2025-01-05,01/18/2025,01/06/2025,,,02/28/2025,670.0,9563278.0,"§ 27-2031 ADM CODE PROVIDE HOT WATER AT ALL HOT WATER FIXTURES IN THE ENTIRE APARTMENT LOCATED AT APT 12G, 12th STORY, 1st APARTMENT FROM SOUTH AT WEST",2025-01-06,19.0,VIOLATION CLOSED,2025-06-25,Original,Close,Y,2025,2025.0,2025-11-23,1426 days,1104 days,3,170 days,three to six months
3048,3117,281,3043550001,6,M,,2202,LINDEN,BOULEVARD,11207,2202 LINDEN BOULEVARD,260,BOULEVARD,2021-12-28,BROOKLYN,1441,both,15881692,808715,389884.0,3,2202,2202,2202,LINDEN BOULEVARD,A,2023-03-29,2023-03-29,07/16/2023,07/02/2023,,,,1507.0,8417092.0,"(A) § HMC:FILE ANNUAL BEDBUG REPORT IN ACCORDANCE WITH HPD RULE AS DESCRIBED ON THE BACK OF THIS NOTICE OF VIOLATION OR AS DESCRIBED ON HPDS WEBSITE, WWW.NYC.GOV\HPD, SEARCH BED BUGS.",2023-03-29,9.0,VIOLATION DISMISSED,2023-12-04,Original,Close,N,2023,2023.0,2025-11-23,1426 days,456 days,1,250 days,six months to a year
3049,3118,281,3043550001,6,M,,2202,LINDEN,BOULEVARD,11207,2202 LINDEN BOULEVARD,260,BOULEVARD,2021-12-28,BROOKLYN,1441,both,16123512,808715,389884.0,3,2202,2202,2202,LINDEN BOULEVARD,B,2023-07-26,2023-07-28,09/18/2023,09/04/2023,,,,508.0,8580057.0,"§ 27-2005 ADM CODE REPAIR THE BROKEN OR DEFECTIVE PLASTERED SURFACES AND PAINT IN A UNIFORM COLOR AT WEST IN THE BATHROOM LOCATED AT APT 11G, 11th STORY, 1st APARTMENT FROM NORTH AT EAST",2023-07-31,19.0,VIOLATION CLOSED,2024-12-18,Original,Close,N,2023,2023.0,2025-11-23,1426 days,575 days,1,506 days,more than a year
3050,3119,281,3043550001,6,M,,2202,LINDEN,BOULEVARD,11207,2202 LINDEN BOULEVARD,260,BOULEVARD,2021-12-28,BROOKLYN,1441,both,16187080,808715,389884.0,3,2202,2202,2202,LINDEN BOULEVARD,C,2023-08-23,2023-08-27,09/16/2023,09/11/2023,,,09/07/2023,536.0,8616383.0,"§ 27-2005, 2007 ADM CODE REMOVE DEVICE PREVENTING DOOR FROM BEING SELF-CLOSING BUILDING ENTRANCE DOOR HOLDING WITH WOOD STOPPER AT 1ST STORY",2023-08-28,19.0,VIOLATION CLOSED,2023-09-13,Original,Close,N,2023,2023.0,2025-11-23,1426 days,603 days,1,16 days,one week to a month
3051,3120,281,3043550001,6,M,,2202,LINDEN,BOULEVARD,11207,2202 LINDEN BOULEVARD,260,BOULEVARD,2021-12-28,BROOKLYN,1441,both,17484863,808715,389884.0,3,2202,2202,2202,LINDEN BOULEVARD,B,2024-11-30,2024-12-01,01/20/2025,01/06/2025,,,,1503.0,9488407.0,"§ 27-2046.1 HMC: REPAIR OR REPLACE THE CARBON MONOXIDE DETECTING DEVICE(S). DEFECTIVE IN THE ENTIRE APARTMENT LOCATED AT APT 7C, 7th STORY, 1st APARTMENT FROM WEST AT NORTH",2024-12-02,19.0,VIOLATION CLOSED,2024-12-18,Original,Close,N,2024,2024.0,2025-11-23,1426 days,1068 days,2,16 days,one week to a month
3052,3121,281,3043550001,6,M,,2202,LINDEN,BOULEVARD,11207,2202 LINDEN BOULEVARD,260,BOULEVARD,2021-12-28,BROOKLYN,1441,both,17190880,808715,389884.0,3,2202,2202,2202,LINDEN BOULEVARD,B,2024-08-13,2024-08-13,10/02/2024,09/18/2024,,,,508.0,9289557.0,"§ 27-2005 ADM CODE REPAIR THE BROKEN OR DEFECTIVE PLASTERED SURFACES AND PAINT IN A UNIFORM COLOR THE NORTH WALL IN THE 3rd ROOM FROM NORTH AT WEST LOCATED AT APT 11G, 11th STORY, 1st APARTMENT FROM SOUTH AT WEST",2024-08-14,19.0,VIOLATION CLOSED,2024-12-18,Original,Close,N,2024,2024.0,2025-11-23,1426 days,959 days,2,126 days,three to six months
3053,3122,281,3043550001,6,M,,2202,LINDEN,BOULEVARD,11207,2202 LINDEN BOULEVARD,260,BOULEVARD,2021-12-28,BROOKLYN,1441,both,16187076,808715,389884.0,3,2202,2202,2202,LINDEN BOULEVARD,A,2023-08-23,2023-08-27,12/15/2023,12/01/2023,,,08/15/2024,540.0,8616381.0,§ 27-848 ADMIN CODE & DEPT. RULES AND REGS. REPLACE REFUSE CHUTE WARNING SIGN PUBLIC HALL DOOR TO SERVICE CLOSET OR ON WALL OVER HOPPER DOOR AT MISSING AT 11TH STORY PUBLIC HALL,2023-08-28,19.0,VIOLATION CLOSED,2024-12-18,Original,Close,N,2023,2023.0,2025-11-23,1426 days,603 days,1,478 days,more than a year
3054,3123,281,3043550001,6,M,,2202,LINDEN,BOULEVARD,11207,2202 LINDEN BOULEVARD,260,BOULEVARD,2021-12-28,BROOKLYN,1441,both,17190879,808715,389884.0,3,2202,2202,2202,LINDEN BOULEVARD,A,2024-08-13,2024-08-13,12/01/2024,11/17/2024,,,,550.0,9289556.0,"§ 27-2017.3 HMC: TRACE AND REPAIR THE SOURCE AND ABATE THE VISIBLE MOLD CONDITION... LESS THEN 10 SQ/FT AT THE CEILING IN THE BATHROOM LOCATED AT APT 11G, 11th STORY, 1st APARTMENT FROM SOUTH AT WEST",2024-08-14,19.0,VIOLATION CLOSED,2024-12-12,Original,Close,N,2024,2024.0,2025-11-23,1426 days,959 days,2,120 days,three to six months
3055,3124,281,3043550001,6,M,,2202,LINDEN,BOULEVARD,11207,2202 LINDEN BOULEVARD,260,BOULEVARD,2021-12-28,BROOKLYN,1441,both,15007560,808715,389884.0,3,2202,2202,2202,LINDEN BOULEVARD,A,2022-03-08,2022-03-08,06/25/2022,06/11/2022,,,,1507.0,7794300.0,"(A) § HMC:FILE ANNUAL BEDBUG REPORT IN ACCORDANCE WITH HPD RULE AS DESCRIBED ON THE BACK OF THIS NOTICE OF VIOLATION OR AS DESCRIBED ON HPDS WEBSITE, WWW.NYC.GOV\HPD, SEARCH BED BUGS.",2022-03-08,9.0,VIOLATION DISMISSED,2023-12-04,Original,Close,N,2022,2022.0,2025-11-23,1426 days,70 days,0,636 days,more than a year
3056,3125,281,3043550001,6,M,,2202,LINDEN,BOULEVARD,11207,2202 LINDEN BOULEVARD,260,BOULEVARD,2021-12-28,BROOKLYN,1441,both,16123507,808715,389884.0,3,2202,2202,2202,LINDEN BOULEVARD,B,2023-07-26,2023-07-28,09/18/2023,09/04/2023,,,09/05/2023,1503.0,8580056.0,"§ 27-2046.1 HMC: REPAIR OR REPLACE THE CARBON MONOXIDE DETECTING DEVICE(S). NO OPERABLE IN THE ENTIRE APARTMENT LOCATED AT APT 7C, 7th STORY, 1st APARTMENT FROM WEST AT NORTH",2023-07-31,9.0,VIOLATION DISMISSED,2023-11-16,Original,Close,N,2023,2023.0,2025-11-23,1426 days,575 days,1,108 days,three to six months
3057,3126,281,3043550001,6,M,,2202,LINDEN,BOULEVARD,11207,2202 LINDEN BOULEVARD,260,BOULEVARD,2021-12-28,BROOKLYN,1441,both,16123508,808715,389884.0,3,2202,2202,2202,LINDEN BOULEVARD,B,2023-07-26,2023-07-28,09/18/2023,09/04/2023,,,09/05/2023,702.0,8580056.0,"§ 27-2045 ADM CODE REPAIR OR REPLACE THE SMOKE DETECTOR NOT OPERABLE IN THE ENTIRE APARTMENT LOCATED AT APT 7C, 7th STORY, 1st APARTMENT FROM WEST AT NORTH",2023-07-31,9.0,VIOLATION DISMISSED,2023-11-16,Original,Close,N,2023,2023.0,2025-11-23,1426 days,575 days,1,108 days,three to six months
3058,3127,281,3043550001,6,M,,2202,LINDEN,BOULEVARD,11207,2202 LINDEN BOULEVARD,260,BOULEVARD,2021-12-28,BROOKLYN,1441,both,16123515,808715,389884.0,3,2202,2202,2202,LINDEN BOULEVARD,C,2023-07-26,2023-07-28,08/19/2023,08/14/2023,,,08/18/2023,530.0,8580061.0,"§ 27-2005, 27-2007, 27-2041.1 HMC, §238, § 309; § 107 (2) ( C) MDL AND 28 RCNY §25-171: REPLACE OR REPAIR THE SELF-CLOSING DOORS THAT IS MISSING OR DEFECTIVE FIRE EXIT DOOR AT WEST FROM NORTH AT PUBLIC HALL, 1st STORY",2023-07-31,19.0,VIOLATION CLOSED,2024-01-25,Original,Close,N,2023,2023.0,2025-11-23,1426 days,575 days,1,178 days,three to six months
3059,3128,281,3043550001,6,M,,2202,LINDEN,BOULEVARD,11207,2202 LINDEN BOULEVARD,260,BOULEVARD,2021-12-28,BROOKLYN,1441,both,16123516,808715,389884.0,3,2202,2202,2202,LINDEN BOULEVARD,C,2023-07-26,2023-07-28,08/19/2023,08/14/2023,,,08/18/2023,530.0,8580061.0,"§ 27-2005, 27-2007, 27-2041.1 HMC, §238, § 309; § 107 (2) ( C) MDL AND 28 RCNY §25-171: REPLACE OR REPAIR THE SELF-CLOSING DOORS THAT IS MISSING OR DEFECTIVE HOPPER DOOR AT WEST FROM NORTH AT PUBLIC HALL, 1st STORY",2023-07-31,19.0,VIOLATION CLOSED,2024-01-25,Original,Close,N,2023,2023.0,2025-11-23,1426 days,575 days,1,178 days,three to six months
3060,3129,281,3043550001,6,M,,2202,LINDEN,BOULEVARD,11207,2202 LINDEN BOULEVARD,260,BOULEVARD,2021-12-28,BROOKLYN,1441,both,16187079,808715,389884.0,3,2202,2202,2202,LINDEN BOULEVARD,C,2023-08-23,2023-08-27,09/16/2023,09/11/2023,,,09/07/2023,530.0,8616383.0,"§ 27-2005, 27-2007, 27-2041.1 HMC, §238, § 309; § 107 (2) ( C) MDL AND 28 RCNY §25-171: REPLACE OR REPAIR THE SELF-CLOSING DOORS THAT IS MISSING OR DEFECTIVE FIRE DOOR AT 11TH SRORY PUBLIC HALL AT WEST WALL",2023-08-28,19.0,VIOLATION CLOSED,2024-01-09,Original,Close,N,2023,2023.0,2025-11-23,1426 days,603 days,1,134 days,three to six months
3061,3130,281,3043550001,6,M,,2202,LINDEN,BOULEVARD,11207,2202 LINDEN BOULEVARD,260,BOULEVARD,2021-12-28,BROOKLYN,1441,both,16247718,808715,389884.0,3,2202,2202,2202,LINDEN BOULEVARD,C,2023-09-20,2023-09-21,10/11/2023,10/06/2023,,,,530.0,8649778.0,"§ 27-2005, 27-2007, 27-2041.1 HMC, §238, § 309; § 107 (2) ( C) MDL AND 28 RCNY §25-171: REPLACE OR REPAIR THE SELF-CLOSING DOORS THAT IS MISSING OR DEFECTIVE FRIE DOOR TO STAIR CASE WEST AT PUBLIC HALL, 11th STORY",2023-09-22,19.0,VIOLATION CLOSED,2023-11-22,Original,Close,N,2023,2023.0,2025-11-23,1426 days,631 days,1,61 days,one to three months
3062,3131,281,3043550001,6,M,,2202,LINDEN,BOULEVARD,11207,2202 LINDEN BOULEVARD,260,BOULEVARD,2021-12-28,BROOKLYN,1441,both,16247727,808715,389884.0,3,2202,2202,2202,LINDEN BOULEVARD,C,2023-09-20,2023-09-21,10/11/2023,10/06/2023,,,10/11/2023,530.0,8649778.0,"§ 27-2005, 27-2007, 27-2041.1 HMC, §238, § 309; § 107 (2) ( C) MDL AND 28 RCNY §25-171: REPLACE OR REPAIR THE SELF-CLOSING DOORS THAT IS MISSING OR DEFECTIVE FIRE DOOR TO STAIRCASE AT WEST AT PUBLIC HALL, 1st STORY",2023-09-22,19.0,VIOLATION CLOSED,2023-11-22,Original,Close,N,2023,2023.0,2025-11-23,1426 days,631 days,1,61 days,one to three months
3063,3132,281,3043550001,6,M,,2202,LINDEN,BOULEVARD,11207,2202 LINDEN BOULEVARD,260,BOULEVARD,2021-12-28,BROOKLYN,1441,both,16247731,808715,389884.0,3,2202,2202,2202,LINDEN BOULEVARD,C,2023-09-20,2023-09-21,10/11/2023,10/06/2023,,,10/11/2023,530.0,8649778.0,"§ 27-2005, 27-2007, 27-2041.1 HMC, §238, § 309; § 107 (2) ( C) MDL AND 28 RCNY §25-171: REPLACE OR REPAIR THE SELF-CLOSING DOORS THAT IS MISSING OR DEFECTIVE HOPPER DOOR TO COMPACTOR AT PUBLIC HALL, 1st STORY",2023-09-22,19.0,VIOLATION CLOSED,2023-10-18,Original,Close,N,2023,2023.0,2025-11-23,1426 days,631 days,1,26 days,one week to a month
3064,3133,281,3043550001,6,M,,2202,LINDEN,BOULEVARD,11207,2202 LINDEN BOULEVARD,260,BOULEVARD,2021-12-28,BROOKLYN,1441,both,17190882,808715,389884.0,3,2202,2202,2202,LINDEN BOULEVARD,C,2024-08-13,2024-08-13,09/14/2024,09/09/2024,,,09/13/2024,790.0,9289558.0,"§ 27-2043.1 HMC INSTALL THE MISSING OR REPAIR/REPLACE THE DEFECTIVE WINDOW GUARD(S) IN ACCORDANCE WITH THE SPECIFICATIONS OF THE NEW YORK CITY HEALTH CODE SECTION 24 RCNY CHAPTER 12. WG TO INSTALL = 1, WG TO REPLACE = 0, WG TO REPAIR = 1 IN THE ENTIRE APARTMENT LOCATED AT APT 11G, 11th STORY, 1st APARTMENT FROM SOUTH AT WEST",2024-08-14,9.0,VIOLATION DISMISSED,2024-11-25,Original,Close,N,2024,2024.0,2025-11-23,1426 days,959 days,2,103 days,three to six months
3065,3134,281,3043550001,6,M,,2202,LINDEN,BOULEVARD,11207,2202 LINDEN BOULEVARD,260,BOULEVARD,2021-12-28,BROOKLYN,1441,both,17596738,808715,389884.0,3,2202,2202,2202,LINDEN BOULEVARD,C,2025-01-05,2025-01-05,01/18/2025,01/06/2025,,,02/28/2025,666.0,9563278.0,"§ 27-2029 ADM CODE PROVIDE AN ADEQUATE SUPPLY OF HEAT FOR THE APARTMENT IN THE ENTIRE APARTMENT LOCATED AT APT 12G, 12th STORY, 1st APARTMENT FROM SOUTH AT WEST",2025-01-06,9.0,VIOLATION DISMISSED,2025-06-25,Original,Close,Y,2025,2025.0,2025-11-23,1426 days,1104 days,3,170 days,three to six months
3066,3135,281,3043550001,6,M,,2202,LINDEN,BOULEVARD,11207,2202 LINDEN BOULEVARD,260,BOULEVARD,2021-12-28,BROOKLYN,1441,both,17596740,808715,389884.0,3,2202,2202,2202,LINDEN BOULEVARD,C,2025-01-05,2025-01-08,01/22/2025,01/15/2025,,,01/16/2025,672.0,9571654.0,§ 27-2033 ADM CODE PROVIDE READY ACCESS TO BUILDINGS HEATING SYSTEM DOOR LOCKED AT BOILER ROOM,2025-01-09,9.0,VIOLATION DISMISSED,2025-03-31,Original,Close,N,2025,2025.0,2025-11-23,1426 days,1104 days,3,81 days,one to three months
3067,3136,281,3043550001,6,M,,2202,LINDEN,BOULEVARD,11207,2202 LINDEN BOULEVARD,260,BOULEVARD,2021-12-28,BROOKLYN,1441,both,17596741,808715,389884.0,3,2202,2202,2202,LINDEN BOULEVARD,C,2025-01-05,2025-01-05,01/18/2025,01/06/2025,,,02/25/2025,670.0,9563278.0,"§ 27-2031 ADM CODE PROVIDE HOT WATER AT ALL HOT WATER FIXTURES IN THE ENTIRE APARTMENT LOCATED AT APT 14G, 14th STORY, 1st APARTMENT FROM SOUTH AT WEST",2025-01-06,19.0,VIOLATION CLOSED,2025-06-18,Original,Close,Y,2025,2025.0,2025-11-23,1426 days,1104 days,3,163 days,three to six months
3068,3137,281,3043550001,6,M,,2202,LINDEN,BOULEVARD,11207,2202 LINDEN BOULEVARD,260,BOULEVARD,2021-12-28,BROOKLYN,1441,both,18044613,808715,389884.0,3,2202,2202,2202,LINDEN BOULEVARD,C,2025-06-17,2025-06-18,07/09/2025,07/04/2025,,,07/01/2025,530.0,9879052.0,"§ 27-2005, 27-2007, 27-2041.1 HMC, §238, § 309; § 107 (2) ( C) MDL AND 28 RCNY §25-171: REPLACE OR REPAIR THE SELF-CLOSING DOORS THAT IS MISSING OR DEFECTIVE HINGES AT TRASH CHUTE HOPPER DOOR AT PUBLIC HALL, 12th STORY",2025-06-20,19.0,VIOLATION CLOSED,2025-07-16,Original,Close,N,2025,2025.0,2025-11-23,1426 days,1267 days,3,26 days,one week to a month
3069,3138,281,3043550001,6,M,,2202,LINDEN,BOULEVARD,11207,2202 LINDEN BOULEVARD,260,BOULEVARD,2021-12-28,BROOKLYN,1441,both,18044615,808715,389884.0,3,2202,2202,2202,LINDEN BOULEVARD,C,2025-06-17,2025-06-18,07/09/2025,07/04/2025,,,07/01/2025,530.0,9879052.0,"§ 27-2005, 27-2007, 27-2041.1 HMC, §238, § 309; § 107 (2) ( C) MDL AND 28 RCNY §25-171: REPLACE OR REPAIR THE SELF-CLOSING DOORS THAT IS MISSING OR DEFECTIVE HINGES AT TRASH CHUTE HOPPER DOOR AT PUBLIC HALL, 3rd STORY",2025-06-20,19.0,VIOLATION CLOSED,2025-08-28,Original,Close,N,2025,2025.0,2025-11-23,1426 days,1267 days,3,69 days,one to three months
3070,3139,281,3043550001,6,M,,2202,LINDEN,BOULEVARD,11207,2202 LINDEN BOULEVARD,260,BOULEVARD,2021-12-28,BROOKLYN,1441,both,16187074,808715,389884.0,3,2202,2202,2202,LINDEN BOULEVARD,A,2023-08-23,2023-08-27,12/15/2023,12/01/2023,,,08/15/2024,708.0,8616381.0,§ 27-2048 ADM CODE PAINT OR POST A SIGN INDICATING FLOORS MISSING AT 11TH STORY PUBLIC HALL,2023-08-28,19.0,VIOLATION CLOSED,2024-12-18,Original,Close,N,2023,2023.0,2025-11-23,1426 days,603 days,1,478 days,more than a year
3071,3140,281,3043550001,6,M,,2202,LINDEN,BOULEVARD,11207,2202 LINDEN BOULEVARD,260,BOULEVARD,2021-12-28,BROOKLYN,1441,both,16123517,808715,389884.0,3,2202,2202,2202,LINDEN BOULEVARD,C,2023-07-26,2023-07-28,08/19/2023,08/14/2023,,,08/18/2023,530.0,8580062.0,"§ 27-2005, 27-2007, 27-2041.1 HMC, §238, § 309; § 107 (2) ( C) MDL AND 28 RCNY §25-171: REPLACE OR REPAIR THE SELF-CLOSING DOORS THAT IS MISSING OR DEFECTIVE FIRE EXIT DOOR AT WEST AT NORTH SECTION AT PUBLIC HALL, 11th STORY",2023-07-31,19.0,VIOLATION CLOSED,2023-08-26,Original,Close,N,2023,2023.0,2025-11-23,1426 days,575 days,1,26 days,one week to a month
3072,3141,281,3043550001,6,M,,2202,LINDEN,BOULEVARD,11207,2202 LINDEN BOULEVARD,260,BOULEVARD,2021-12-28,BROOKLYN,1441,both,18342924,808715,389884.0,3,2202,2202,2202,LINDEN BOULEVARD,A,2025-11-03,2025-11-03,02/22/2026,02/08/2026,,,11/13/2025,556.0,10065548.0,"§ 27-2013 ADM CODE PAINT WITH LIGHT COLORED PAINT TO THE SATISFACTION OF THIS DEPARTMENT THE EAST WALL IN THE 4th ROOM FROM NORTH LOCATED AT APT 11A, 12th STORY, 2nd APARTMENT FROM SOUTH AT WEST",2025-11-05,10.0,CIV14 MAILED,2025-11-14,Original,Open,N,2025,2025.0,2025-11-23,1426 days,1406 days,3,18 days,one week to a month
3073,3142,281,3043550001,6,M,,2202,LINDEN,BOULEVARD,11207,2202 LINDEN BOULEVARD,260,BOULEVARD,2021-12-28,BROOKLYN,1441,both,17555241,808715,389884.0,3,2202,2202,2202,LINDEN BOULEVARD,B,2024-08-13,2024-12-12,01/30/2025,01/16/2025,,,,550.0,9533729.0,"§ 27-2017.3 HMC: TRACE AND REPAIR THE SOURCE AND ABATE THE VISIBLE MOLD CONDITION... LESS THEN 10 SQ/FT AT THE CEILING IN THE BATHROOM LOCATED AT APT 11G, 11th STORY, 1st APARTMENT FROM SOUTH AT WEST ORIGINAL VIOLATION 17190879 ISSUED 13-AUG-24 HAS BEEN UPGRADED TO CLASS B PER ADMINISTRATIVE CODE §27-2017.3a(3)(a) or (b).",2024-12-12,22.0,FIRST NO ACCESS TO RE- INSPECT VIOLATION,2025-06-30,Original,Open,N,2024,2024.0,2025-11-23,1426 days,959 days,2,346 days,six months to a year
3074,3143,281,3043550001,6,M,,2202,LINDEN,BOULEVARD,11207,2202 LINDEN BOULEVARD,260,BOULEVARD,2021-12-28,BROOKLYN,1441,both,18342926,808715,389884.0,3,2202,2202,2202,LINDEN BOULEVARD,C,2025-11-03,2025-11-03,12/06/2025,12/01/2025,,,11/07/2025,568.0,10065552.0,"HMC ADM CODE: § 27-2017.4 ABATE THE INFESTATION CONSISTING OF ROACHES IN THE ENTIRE APARTMENT LOCATED AT APT 11A, 12th STORY, 2nd APARTMENT FROM SOUTH AT WEST",2025-11-05,10.0,CIV14 MAILED,2025-11-12,Original,Open,N,2025,2025.0,2025-11-23,1426 days,1406 days,3,18 days,one week to a month
3075,3144,281,3043550001,6,M,,2202,LINDEN,BOULEVARD,11207,2202 LINDEN BOULEVARD,260,BOULEVARD,2021-12-28,BROOKLYN,1441,both,18352006,808715,389884.0,3,2202,2202,2202,LINDEN BOULEVARD,A,2025-11-03,2025-11-03,02/22/2026,02/08/2026,,,11/13/2025,556.0,10065548.0,"§ 27-2013 ADM CODE PAINT WITH LIGHT COLORED PAINT TO THE SATISFACTION OF THIS DEPARTMENT ALL PEELING PAINT SURFACES IN THE FOYER LOCATED AT APT 11A, 12th STORY, 2nd APARTMENT FROM SOUTH AT WEST",2025-11-05,10.0,CIV14 MAILED,2025-11-14,Original,Open,N,2025,2025.0,2025-11-23,1426 days,1406 days,3,18 days,one week to a month
3076,3145,281,3043550001,6,M,,2202,LINDEN,BOULEVARD,11207,2202 LINDEN BOULEVARD,260,BOULEVARD,2021-12-28,BROOKLYN,1441,both,16247743,808715,389884.0,3,2202,2202,2202,LINDEN BOULEVARD,A,2023-09-20,2023-09-21,01/09/2024,12/26/2023,,,08/15/2024,691.0,8649777.0,"§ 27-2042 ADM CODE PROVIDE A MIRROR IN SELF-SERVICE ELEVATOR ARRANGED SO AS TO ENABLE A PERSON ENTERING, TO VIEW INSIDE OF ELEVATOR NUMBER 1ST ELEVATOR FROM SOUTH AT WEST",2023-09-22,19.0,VIOLATION CLOSED,2024-12-18,Original,Close,N,2023,2023.0,2025-11-23,1426 days,631 days,1,453 days,more than a year
3077,3146,281,3043550001,6,M,,2202,LINDEN,BOULEVARD,11207,2202 LINDEN BOULEVARD,260,BOULEVARD,2021-12-28,BROOKLYN,1441,both,16325315,808715,389884.0,3,2202,2202,2202,LINDEN BOULEVARD,A,2023-10-17,2023-10-19,02/06/2024,01/23/2024,,,10/23/2023,1506.0,8694103.0,"§ 27-2005 HMC: POST, IN A FORM APPROVED BY THE COMMISSIONER, AND MAINTAIN A NOTICE IN A COMMON AREA OF THE BUILDING REGARDING THE PROCEDURES THAT SHOULD BE FOLLOWED WHEN A GAS LEAK IS SUSPECTED",2023-10-20,9.0,VIOLATION DISMISSED,2024-01-03,Original,Close,N,2023,2023.0,2025-11-23,1426 days,658 days,1,75 days,one to three months
3078,3147,281,3043550001,6,M,,2202,LINDEN,BOULEVARD,11207,2202 LINDEN BOULEVARD,260,BOULEVARD,2021-12-28,BROOKLYN,1441,both,18134263,808715,389884.0,3,2202,2202,2202,LINDEN BOULEVARD,B,2025-03-31,2025-07-31,09/18/2025,09/04/2025,,,,550.0,9931239.0,"§ 27-2017.3 HMC: TRACE AND REPAIR THE SOURCE AND ABATE THE VISIBLE MOLD CONDITION... LESS THAN 10 SQ FEET AT CEILING IN THE BATHROOM LOCATED AT APT 9B, 9th STORY, 3rd APARTMENT FROM WEST AT NORTH ORIGINAL VIOLATION 17795553 ISSUED 31-MAR-25 HAS BEEN UPGRADED TO CLASS B PER ADMINISTRATIVE CODE §27-2017.3a(3)(a) or (b).",2025-07-31,22.0,FIRST NO ACCESS TO RE- INSPECT VIOLATION,2025-10-02,Original,Open,N,2025,2025.0,2025-11-23,1426 days,1189 days,3,115 days,three to six months
3079,3148,281,3043550001,6,M,,2202,LINDEN,BOULEVARD,11207,2202 LINDEN BOULEVARD,260,BOULEVARD,2021-12-28,BROOKLYN,1441,both,18143626,808715,389884.0,3,2202,2202,2202,LINDEN BOULEVARD,C,2025-08-05,2025-08-07,08/21/2025,08/14/2025,,,,510.0,9943296.0,"§ 27-2005 ADM CODE & 309 M/D LAW ABATE THE NUISANCE CONSISTING OF FIRE DAMAGE IN THE ENTIRE APARTMENT LOCATED AT APT 3E, 3rd STORY, 2nd APARTMENT FROM NORTH AT EAST",2025-08-08,19.0,VIOLATION CLOSED,2025-08-13,Original,Close,N,2025,2025.0,2025-11-23,1426 days,1316 days,3,5 days,a week or less
3080,3149,281,3043550001,6,M,,2202,LINDEN,BOULEVARD,11207,2202 LINDEN BOULEVARD,260,BOULEVARD,2021-12-28,BROOKLYN,1441,both,18163223,808715,389884.0,3,2202,2202,2202,LINDEN BOULEVARD,I,2025-08-11,2025-08-12,,,,,,765.0,,"§ 27-2142 ADM CODE APTS HAVE BEEN VACATED BY THIS DEPARTMENT AND CANNOT BE REOCCUPIED UNTIL SO ORDERED AFTER PROOF OF COMPLIANCE FOR APTS # 3E (VACATE ORDER #259746) IN THE ENTIRE APARTMENT LOCATED AT APT, 3rd STORY, 2nd APARTMENT FROM NORTH AT EAST",,19.0,VIOLATION CLOSED,2025-08-13,,Close,N,2025,,2025-11-23,1426 days,1322 days,3,,more than a year
3081,3150,281,3043550001,6,M,,2202,LINDEN,BOULEVARD,11207,2202 LINDEN BOULEVARD,260,BOULEVARD,2021-12-28,BROOKLYN,1441,both,18342927,808715,389884.0,3,2202,2202,2202,LINDEN BOULEVARD,B,2025-11-03,2025-11-03,12/24/2025,12/10/2025,,,,501.0,10065550.0,"§ 27-2005 HMC: PROPERLY REPAIR OR REPLACE THE BROKEN OR DEFECTIVE TELECOMMUNICATIONS INTERCOM SYSTEM IN THE ENTIRE APARTMENT LOCATED AT APT 11A, 12th STORY, 2nd APARTMENT FROM SOUTH AT WEST",2025-11-05,28.0,INVALID CERTIFICATION,2025-11-13,Original,Open,N,2025,2025.0,2025-11-23,1426 days,1406 days,3,18 days,one week to a month
3082,3151,281,3043550001,6,M,,2202,LINDEN,BOULEVARD,11207,2202 LINDEN BOULEVARD,260,BOULEVARD,2021-12-28,BROOKLYN,1441,both,18342928,808715,389884.0,3,2202,2202,2202,LINDEN BOULEVARD,B,2025-11-03,2025-11-03,12/24/2025,12/10/2025,,,,501.0,10065549.0,"§ 27-2005 HMC: PROPERLY REPAIR OR REPLACE THE BROKEN OR DEFECTIVE CORRODED METAL DOOR FRAME AT DOOR LEADING TO 2ND STAIRWAY FROM NORTH (STAIR A) AT PUBLIC HALL, 11th STORY",2025-11-05,28.0,INVALID CERTIFICATION,2025-11-13,Original,Open,N,2025,2025.0,2025-11-23,1426 days,1406 days,3,18 days,one week to a month
3083,3152,281,3043550001,6,M,,2202,LINDEN,BOULEVARD,11207,2202 LINDEN BOULEVARD,260,BOULEVARD,2021-12-28,BROOKLYN,1441,both,18363101,808715,389884.0,3,2202,2202,2202,LINDEN BOULEVARD,B,2025-11-12,2025-11-12,01/01/2026,12/18/2025,,,,501.0,10077915.0,"§ 27-2005 HMC: PROPERLY REPAIR OR REPLACE THE BROKEN OR DEFECTIVE STEAM CONTROL VALVE AT THE 1ST RADIATOR FROM NORTH AT EAST IN THE 3rd ROOM FROM NORTH LOCATED AT APT 9F, 9th STORY, 1st APARTMENT FROM EAST AT SOUTH",2025-11-13,2.0,NOV SENT OUT,2025-11-13,Original,Open,N,2025,2025.0,2025-11-23,1426 days,1415 days,3,10 days,one week to a month
3084,3153,281,3043550001,6,M,,2202,LINDEN,BOULEVARD,11207,2202 LINDEN BOULEVARD,260,BOULEVARD,2021-12-28,BROOKLYN,1441,both,18363102,808715,389884.0,3,2202,2202,2202,LINDEN BOULEVARD,C,2025-11-12,2025-11-12,12/14/2025,12/09/2025,,,,790.0,10077916.0,"§ 27-2043.1 HMC INSTALL THE MISSING OR REPAIR/REPLACE THE DEFECTIVE WINDOW GUARD(S) IN ACCORDANCE WITH THE SPECIFICATIONS OF THE NEW YORK CITY HEALTH CODE SECTION 24 RCNY CHAPTER 12. WG TO INSTALL = 2, WG TO REPLACE = 0, WG TO REPAIR = 0 IN THE ENTIRE APARTMENT LOCATED AT APT 9F, 9th STORY, 1st APARTMENT FROM EAST AT SOUTH",2025-11-13,2.0,NOV SENT OUT,2025-11-13,Original,Open,N,2025,2025.0,2025-11-23,1426 days,1415 days,3,10 days,one week to a month
3085,3154,281,3043550001,6,M,,2202,LINDEN,BOULEVARD,11207,2202 LINDEN BOULEVARD,260,BOULEVARD,2021-12-28,BROOKLYN,1441,both,18342925,808715,389884.0,3,2202,2202,2202,LINDEN BOULEVARD,A,2025-11-03,2025-11-03,02/22/2026,02/08/2026,,,11/13/2025,556.0,10065548.0,"§ 27-2013 ADM CODE PAINT WITH LIGHT COLORED PAINT TO THE SATISFACTION OF THIS DEPARTMENT THE EAST WALL IN THE BATHROOM LOCATED AT APT 11A, 12th STORY, 2nd APARTMENT FROM SOUTH AT WEST",2025-11-05,10.0,CIV14 MAILED,2025-11-14,Original,Open,N,2025,2025.0,2025-11-23,1426 days,1406 days,3,18 days,one week to a month
3086,3155,281,3043550001,6,M,,2202,LINDEN,BOULEVARD,11207,2202 LINDEN BOULEVARD,260,BOULEVARD,2021-12-28,BROOKLYN,1441,both,17579457,808715,389884.0,3,2202,2202,2202,LINDEN BOULEVARD,C,2024-12-26,2024-12-26,01/27/2025,01/22/2025,,,01/24/2025,568.0,9554577.0,"HMC ADM CODE: § 27-2017.4 ABATE THE INFESTATION CONSISTING OF ROACHES IN THE ENTIRE APARTMENT LOCATED AT APT 13C, 13th STORY, 1st APARTMENT FROM WEST AT NORTH",2024-12-27,9.0,VIOLATION DISMISSED,2025-04-07,Original,Close,N,2024,2024.0,2025-11-23,1426 days,1094 days,2,101 days,three to six months
3087,3156,281,3043550001,6,M,,2202,LINDEN,BOULEVARD,11207,2202 LINDEN BOULEVARD,260,BOULEVARD,2021-12-28,BROOKLYN,1441,both,17579458,808715,389884.0,3,2202,2202,2202,LINDEN BOULEVARD,B,2024-12-26,2024-12-30,02/18/2025,02/04/2025,,,01/24/2025,579.0,9559495.0,"§ 27-2026 ADM CODE REPAIR THE LEAKY AND/OR DEFECTIVE FAUCETS AT THE SINIK IN THE KITCHEN LOCATED AT APT 13C, 13th STORY, 1st APARTMENT FROM WEST AT NORTH",2024-12-31,9.0,VIOLATION DISMISSED,2025-04-07,Original,Close,N,2024,2024.0,2025-11-23,1426 days,1094 days,2,97 days,three to six months
3088,3157,281,3043550001,6,M,,2202,LINDEN,BOULEVARD,11207,2202 LINDEN BOULEVARD,260,BOULEVARD,2021-12-28,BROOKLYN,1441,both,17596742,808715,389884.0,3,2202,2202,2202,LINDEN BOULEVARD,C,2025-01-05,2025-01-05,01/18/2025,01/06/2025,,,02/25/2025,666.0,9563278.0,"§ 27-2029 ADM CODE PROVIDE AN ADEQUATE SUPPLY OF HEAT FOR THE APARTMENT IN THE ENTIRE APARTMENT LOCATED AT APT 14G, 14th STORY, 1st APARTMENT FROM SOUTH AT WEST",2025-01-06,9.0,VIOLATION DISMISSED,2025-06-18,Original,Close,Y,2025,2025.0,2025-11-23,1426 days,1104 days,3,163 days,three to six months
3089,3158,281,3043550001,6,M,,2202,LINDEN,BOULEVARD,11207,2202 LINDEN BOULEVARD,260,BOULEVARD,2021-12-28,BROOKLYN,1441,both,17795553,808715,389884.0,3,2202,2202,2202,LINDEN BOULEVARD,A,2025-03-31,2025-04-01,07/20/2025,07/06/2025,,,,550.0,9696379.0,"§ 27-2017.3 HMC: TRACE AND REPAIR THE SOURCE AND ABATE THE VISIBLE MOLD CONDITION... LESS THAN 10 SQ FEET AT CEILING IN THE BATHROOM LOCATED AT APT 9B, 9th STORY, 3rd APARTMENT FROM WEST AT NORTH",2025-04-02,19.0,VIOLATION CLOSED,2025-07-31,Original,Close,N,2025,2025.0,2025-11-23,1426 days,1189 days,3,120 days,three to six months
3090,3159,281,3043550001,6,M,,2202,LINDEN,BOULEVARD,11207,2202 LINDEN BOULEVARD,260,BOULEVARD,2021-12-28,BROOKLYN,1441,both,17840039,808715,389884.0,3,2202,2202,2202,LINDEN BOULEVARD,C,2025-04-21,2025-04-21,05/04/2025,04/22/2025,,,,670.0,9723700.0,"§ 27-2031 ADM CODE PROVIDE HOT WATER AT ALL HOT WATER FIXTURES IN THE ENTIRE APARTMENT LOCATED AT APT 3A, 3rd STORY, 2nd APARTMENT FROM SOUTH AT WEST",2025-04-22,22.0,FIRST NO ACCESS TO RE- INSPECT VIOLATION,2025-06-25,Original,Open,Y,2025,2025.0,2025-11-23,1426 days,1210 days,3,215 days,six months to a year
3091,3160,281,3043550001,6,M,,2202,LINDEN,BOULEVARD,11207,2202 LINDEN BOULEVARD,260,BOULEVARD,2021-12-28,BROOKLYN,1441,both,17840041,808715,389884.0,3,2202,2202,2202,LINDEN BOULEVARD,B,2025-04-21,2025-04-21,06/10/2025,05/27/2025,,,04/29/2025,501.0,9724707.0,"§ 27-2005 HMC: PROPERLY REPAIR OR REPLACE THE BROKEN OR DEFECTIVE LATCH SET ASSEMBLY AT DOOR, IN THE ENTRANCE LOCATED AT APT 3A, 3rd STORY, 2nd APARTMENT FROM SOUTH AT WEST",2025-04-22,9.0,VIOLATION DISMISSED,2025-07-10,Original,Close,N,2025,2025.0,2025-11-23,1426 days,1210 days,3,79 days,one to three months
3092,3161,281,3043550001,6,M,,2202,LINDEN,BOULEVARD,11207,2202 LINDEN BOULEVARD,260,BOULEVARD,2021-12-28,BROOKLYN,1441,both,17840042,808715,389884.0,3,2202,2202,2202,LINDEN BOULEVARD,A,2025-04-21,2025-04-21,08/09/2025,07/26/2025,,,04/29/2025,500.0,9724706.0,"§ 26-1103 ADMIN. CODE: POST AND MAINTAIN A PROPER NOTICE ON WALL OF THE ENTRANCE STORY IN ENGLISH AND SPANISH ON THE AVAILABILITY OF THE AGENCYS HOUSING INFORMATION GUIDE. A SAMPLE NOTICE CAN BE FOUND AT WWW.NYC.GOV/HPD. AT PUBLIC HALL, 1st STORY",2025-04-22,8.0,FALSE CERTIFICATION,2025-07-02,Original,Open,N,2025,2025.0,2025-11-23,1426 days,1210 days,3,215 days,six months to a year
3093,3162,281,3043550001,6,M,,2202,LINDEN,BOULEVARD,11207,2202 LINDEN BOULEVARD,260,BOULEVARD,2021-12-28,BROOKLYN,1441,both,17840040,808715,389884.0,3,2202,2202,2202,LINDEN BOULEVARD,C,2025-04-21,2025-04-21,05/11/2025,05/06/2025,,,04/29/2025,530.0,9724708.0,"§ 27-2005, 27-2007, 27-2041.1 HMC, §238, § 309; § 107 (2) ( C) MDL AND 28 RCNY §25-171: REPLACE OR REPAIR THE SELF-CLOSING DOORS THAT IS MISSING OR DEFECTIVE LATCH SET ASSEMBLY IN THE ENTRANCE LOCATED AT APT 3A, 3rd STORY, 2nd APARTMENT FROM SOUTH AT WEST",2025-04-22,9.0,VIOLATION DISMISSED,2025-07-10,Original,Close,N,2025,2025.0,2025-11-23,1426 days,1210 days,3,79 days,one to three months
3094,3163,281,3043550001,6,M,,2202,LINDEN,BOULEVARD,11207,2202 LINDEN BOULEVARD,260,BOULEVARD,2021-12-28,BROOKLYN,1441,both,17884849,808715,389884.0,3,2202,2202,2202,LINDEN BOULEVARD,B,2025-05-09,2025-05-10,06/30/2025,06/16/2025,,,05/22/2025,649.0,9753632.0,"§ 27-2026 ADM CODE REMOVE ALL OBSTRUCTIONS AND REPAIR ALL DEFECTS IN WASTELINE AT SINK IN THE KITCHEN LOCATED AT APT 7F, 7th STORY, 1st APARTMENT FROM EAST AT SOUTH",2025-05-12,9.0,VIOLATION DISMISSED,2025-08-04,Original,Close,Y,2025,2025.0,2025-11-23,1426 days,1228 days,3,84 days,one to three months
3095,3164,281,3043550001,6,M,,2202,LINDEN,BOULEVARD,11207,2202 LINDEN BOULEVARD,260,BOULEVARD,2021-12-28,BROOKLYN,1441,both,17884851,808715,389884.0,3,2202,2202,2202,LINDEN BOULEVARD,C,2025-05-09,2025-05-10,06/12/2025,06/07/2025,,,,568.0,9753633.0,"HMC ADM CODE: § 27-2017.4 ABATE THE INFESTATION CONSISTING OF ROACHES IN THE ENTIRE APARTMENT LOCATED AT APT 7F, 7th STORY, 1st APARTMENT FROM EAST AT SOUTH",2025-05-12,47.0,NOTICE OF ISSUANCE SENT TO TENANT,2025-05-12,Original,Open,N,2025,2025.0,2025-11-23,1426 days,1228 days,3,195 days,six months to a year
3096,3165,281,3043550001,6,M,,2202,LINDEN,BOULEVARD,11207,2202 LINDEN BOULEVARD,260,BOULEVARD,2021-12-28,BROOKLYN,1441,both,17884850,808715,389884.0,3,2202,2202,2202,LINDEN BOULEVARD,B,2025-05-09,2025-05-10,06/30/2025,06/16/2025,,,05/22/2025,508.0,9753632.0,"§ 27-2005 ADM CODE REPAIR THE BROKEN OR DEFECTIVE PLASTERED SURFACES AND PAINT IN A UNIFORM COLOR AT SOUTH WALL IN THE PRIVATE HALLWAY LOCATED AT APT 7F, 7th STORY, 1st APARTMENT FROM EAST AT SOUTH",2025-05-12,9.0,VIOLATION DISMISSED,2025-08-04,Original,Close,N,2025,2025.0,2025-11-23,1426 days,1228 days,3,84 days,one to three months
3097,3166,282,3043550001,7,M,,830,ASHFORD,STREET,11207,830 ASHFORD STREET,260,BOULEVARD,2021-12-28,BROOKLYN,1441,both,15226800,807569,389891.0,3,830,830,830,ASHFORD STREET,A,2022-06-24,2022-06-24,10/14/2022,09/30/2022,,,09/03/2022,1501.0,7953367.0,"§ 27-2046.1 HMC: POST A PROPER NOTICE OF CARBON MONOXIDE DETECTING DEVICE REQUIREMENTS, IN A FORM APPROVED BY THE COMMISSIONER, IN A COMMON AREA OF A CLASS A MULTIPLE DWELLING NEAR INSPECTION CERTIFICATE OR PROVIDE NOTICE TO TENANTS IN A PRIVATE DWELLING.",2022-06-27,19.0,VIOLATION CLOSED,2022-09-25,Original,Close,N,2022,2022.0,2025-11-23,1426 days,178 days,0,90 days,one to three months
3098,3167,282,3043550001,7,M,,830,ASHFORD,STREET,11207,830 ASHFORD STREET,260,BOULEVARD,2021-12-28,BROOKLYN,1441,both,17591829,807569,389891.0,3,830,830,830,ASHFORD STREET,A,2024-12-30,2024-12-31,04/21/2025,04/07/2025,,,02/07/2025,556.0,9561095.0,"§ 27-2013 ADM CODE PAINT WITH LIGHT COLORED PAINT TO THE SATISFACTION OF THIS DEPARTMENT ALL PEELING PAINT SURFACES IN THE FOYER LOCATED AT APT 4B, 4th STORY, 3rd APARTMENT FROM SOUTH AT WEST",2025-01-02,9.0,VIOLATION DISMISSED,2025-04-21,Original,Close,N,2024,2025.0,2025-11-23,1426 days,1098 days,3,109 days,three to six months
3099,3168,282,3043550001,7,M,,830,ASHFORD,STREET,11207,830 ASHFORD STREET,260,BOULEVARD,2021-12-28,BROOKLYN,1441,both,15226794,807569,389891.0,3,830,830,830,ASHFORD STREET,C,2022-06-24,2022-06-24,07/10/2022,07/03/2022,,,09/03/2022,672.0,7953370.0,§ 27-2033 ADM CODE PROVIDE READY ACCESS TO BUILDINGS HEATING SYSTEM BOILER ROOM DOOR LOCKED AT CELLAR,2022-06-27,19.0,VIOLATION CLOSED,2024-12-27,Original,Close,N,2022,2022.0,2025-11-23,1426 days,178 days,0,914 days,more than a year
3100,3169,282,3043550001,7,M,,830,ASHFORD,STREET,11207,830 ASHFORD STREET,260,BOULEVARD,2021-12-28,BROOKLYN,1441,both,15226795,807569,389891.0,3,830,830,830,ASHFORD STREET,B,2022-06-24,2022-06-24,08/15/2022,08/01/2022,,,09/03/2022,577.0,7953368.0,"§ 27-2024 ADM CODE PROVIDE ADEQUATE SUPPLY OF HOT WATER FOR THE FIXTURES AT SINK IN THE KITCHEN LOCATED AT APT 14G, 14th STORY, 1st APARTMENT FROM SOUTH AT WEST",2022-06-27,19.0,VIOLATION CLOSED,2024-12-27,Original,Close,Y,2022,2022.0,2025-11-23,1426 days,178 days,0,914 days,more than a year
3101,3170,282,3043550001,7,M,,830,ASHFORD,STREET,11207,830 ASHFORD STREET,260,BOULEVARD,2021-12-28,BROOKLYN,1441,both,15226799,807569,389891.0,3,830,830,830,ASHFORD STREET,A,2022-06-24,2022-06-24,10/14/2022,09/30/2022,,,09/03/2022,500.0,7953367.0,"§ 26-1103 ADMIN. CODE: POST AND MAINTAIN A PROPER NOTICE ON WALL OF THE ENTRANCE STORY IN ENGLISH AND SPANISH ON THE AVAILABILITY OF THE AGENCYS HOUSING INFORMATION GUIDE. A SAMPLE NOTICE CAN BE FOUND AT WWW.NYC.GOV/HPD. AT PUBLIC HALL, 1st STORY",2022-06-27,19.0,VIOLATION CLOSED,2024-12-27,Original,Close,N,2022,2022.0,2025-11-23,1426 days,178 days,0,914 days,more than a year
3102,3171,282,3043550001,7,M,,830,ASHFORD,STREET,11207,830 ASHFORD STREET,260,BOULEVARD,2021-12-28,BROOKLYN,1441,both,16786039,807569,389891.0,3,830,830,830,ASHFORD STREET,B,2024-03-31,2024-03-31,05/20/2024,05/06/2024,,,,508.0,9021785.0,"§ 27-2005 ADM CODE REPAIR THE BROKEN OR DEFECTIVE PLASTERED SURFACES AND PAINT IN A UNIFORM COLOR THE WEST WALL IN THE PRIVATE HALLWAY LOCATED AT APT 1B, 1st STORY, 3rd APARTMENT FROM SOUTH AT WEST",2024-04-01,19.0,VIOLATION CLOSED,2025-06-18,Original,Close,N,2024,2024.0,2025-11-23,1426 days,824 days,2,443 days,more than a year
3103,3172,282,3043550001,7,M,,830,ASHFORD,STREET,11207,830 ASHFORD STREET,260,BOULEVARD,2021-12-28,BROOKLYN,1441,both,15921538,807569,389891.0,3,830,830,830,ASHFORD STREET,A,2023-04-13,2023-04-13,08/01/2023,07/18/2023,,,,550.0,8451386.0,"§ 27-2017.3 HMC: TRACE AND REPAIR THE SOURCE AND ABATE THE VISIBLE MOLD CONDITION... APPROX 4SQFT AT CEILING IN THE BATHROOM LOCATED AT APT 2G, 2nd STORY, 1st APARTMENT FROM SOUTH AT WEST",2023-04-14,19.0,VIOLATION CLOSED,2023-08-12,Original,Close,N,2023,2023.0,2025-11-23,1426 days,471 days,1,120 days,three to six months
3104,3173,282,3043550001,7,M,,830,ASHFORD,STREET,11207,830 ASHFORD STREET,260,BOULEVARD,2021-12-28,BROOKLYN,1441,both,16741136,807569,389891.0,3,830,830,830,ASHFORD STREET,A,2024-03-11,2024-03-11,06/29/2024,06/15/2024,,,,556.0,8983661.0,"§ 27-2013 ADM CODE PAINT WITH LIGHT COLORED PAINT TO THE SATISFACTION OF THIS DEPARTMENT ALL PEELING PAINT SURFACES IN THE 2nd ROOM FROM NORTH, THE PRIVATE HALLWAY , THE 1st ROOM FROM NORTH LOCATED AT APT 1B, 1st STORY, 3rd APARTMENT FROM SOUTH AT WEST",2024-03-12,19.0,VIOLATION CLOSED,2025-06-18,Original,Close,N,2024,2024.0,2025-11-23,1426 days,804 days,2,463 days,more than a year
3105,3174,282,3043550001,7,M,,830,ASHFORD,STREET,11207,830 ASHFORD STREET,260,BOULEVARD,2021-12-28,BROOKLYN,1441,both,15820210,807569,389891.0,3,830,830,830,ASHFORD STREET,B,2023-03-24,2023-03-27,05/16/2023,05/02/2023,,,08/20/2024,505.0,8409222.0,"§ 27-2005 ADM CODE REPLACE WITH NEW THE BROKEN OR DEFECTIVE RUBBER GASKET AT REFRIDGERATOR DOOR IN THE KITCHEN LOCATED AT APT 9G, 9th STORY, 1st APARTMENT FROM SOUTH AT WEST",2023-03-28,19.0,VIOLATION CLOSED,2024-12-27,Original,Close,N,2023,2023.0,2025-11-23,1426 days,451 days,1,640 days,more than a year
3106,3175,282,3043550001,7,M,,830,ASHFORD,STREET,11207,830 ASHFORD STREET,260,BOULEVARD,2021-12-28,BROOKLYN,1441,both,15226796,807569,389891.0,3,830,830,830,ASHFORD STREET,C,2022-06-24,2022-06-24,07/28/2022,07/23/2022,,,09/03/2022,568.0,7953372.0,"HMC ADM CODE: § 27-2017.4 ABATE THE INFESTATION CONSISTING OF ROACHES IN THE ENTIRE APARTMENT LOCATED AT APT 14G, 14th STORY, 1st APARTMENT FROM SOUTH AT WEST",2022-06-27,19.0,VIOLATION CLOSED,2025-07-02,Original,Close,N,2022,2022.0,2025-11-23,1426 days,178 days,0,1101 days,more than a year
3107,3176,282,3043550001,7,M,,830,ASHFORD,STREET,11207,830 ASHFORD STREET,260,BOULEVARD,2021-12-28,BROOKLYN,1441,both,16786041,807569,389891.0,3,830,830,830,ASHFORD STREET,B,2024-03-31,2024-03-31,05/20/2024,05/06/2024,,,,508.0,9021785.0,"§ 27-2005 ADM CODE REPAIR THE BROKEN OR DEFECTIVE PLASTERED SURFACES AND PAINT IN A UNIFORM COLOR THE SOUTH WALL IN THE 1st ROOM FROM NORTH AT EAST LOCATED AT APT 1B, 1st STORY, 3rd APARTMENT FROM SOUTH AT WEST",2024-04-01,19.0,VIOLATION CLOSED,2025-06-18,Original,Close,N,2024,2024.0,2025-11-23,1426 days,824 days,2,443 days,more than a year
3108,3177,282,3043550001,7,M,,830,ASHFORD,STREET,11207,830 ASHFORD STREET,260,BOULEVARD,2021-12-28,BROOKLYN,1441,both,17979494,807569,389891.0,3,830,830,830,ASHFORD STREET,C,2025-06-07,2025-06-08,06/28/2025,06/23/2025,,,06/13/2025,530.0,9825893.0,"§ 27-2005, 27-2007, 27-2041.1 HMC, §238, § 309; § 107 (2) ( C) MDL AND 28 RCNY §25-171: REPLACE OR REPAIR THE SELF-CLOSING DOORS THAT IS MISSING OR DEFECTIVE LATCHSET AT BUILDING ENTRANCE , 1st STORY",2025-06-09,19.0,VIOLATION CLOSED,2025-06-18,Original,Close,N,2025,2025.0,2025-11-23,1426 days,1257 days,3,9 days,one week to a month
3109,3178,282,3043550001,7,M,,830,ASHFORD,STREET,11207,830 ASHFORD STREET,260,BOULEVARD,2021-12-28,BROOKLYN,1441,both,16786038,807569,389891.0,3,830,830,830,ASHFORD STREET,B,2024-03-31,2024-03-31,05/20/2024,05/06/2024,,,,583.0,9021785.0,"§ 27-2026, 2027 HMC: PROPERLY REPAIR THE SOURCE AND ABATE THE EVIDENCE OF A WATER LEAK AND OR WATER PENETRATION AT THE WEST WALL IN THE PRIVATE HALLWAY LOCATED AT APT 1B, 1st STORY, 3rd APARTMENT FROM SOUTH AT WEST",2024-04-01,19.0,VIOLATION CLOSED,2025-06-18,Original,Close,N,2024,2024.0,2025-11-23,1426 days,824 days,2,443 days,more than a year
3110,3179,282,3043550001,7,M,,830,ASHFORD,STREET,11207,830 ASHFORD STREET,260,BOULEVARD,2021-12-28,BROOKLYN,1441,both,18295307,807569,389891.0,3,830,830,830,ASHFORD STREET,B,2025-10-13,2025-10-13,12/02/2025,11/18/2025,,,,550.0,10033663.0,"§ 27-2017.3 HMC: TRACE AND REPAIR THE SOURCE AND ABATE THE VISIBLE MOLD CONDITION... MORE THAN 10 SQUARE FEET AT CEILING IN THE BATHROOM LOCATED AT APT 3A, 3rd STORY, 2nd APARTMENT FROM SOUTH AT WEST",2025-10-14,47.0,NOTICE OF ISSUANCE SENT TO TENANT,2025-10-14,Original,Open,N,2025,2025.0,2025-11-23,1426 days,1385 days,3,40 days,one to three months
3111,3180,282,3043550001,7,M,,830,ASHFORD,STREET,11207,830 ASHFORD STREET,260,BOULEVARD,2021-12-28,BROOKLYN,1441,both,18295308,807569,389891.0,3,830,830,830,ASHFORD STREET,B,2025-10-13,2025-10-13,12/02/2025,11/18/2025,,,,508.0,10033662.0,"§ 27-2005 ADM CODE REPAIR THE BROKEN OR DEFECTIVE PLASTERED SURFACES AND PAINT IN A UNIFORM COLOR AT CEILING IN THE BATHROOM LOCATED AT APT 3A, 3rd STORY, 2nd APARTMENT FROM SOUTH AT WEST",2025-10-14,2.0,NOV SENT OUT,2025-10-14,Original,Open,N,2025,2025.0,2025-11-23,1426 days,1385 days,3,40 days,one to three months
3112,3181,282,3043550001,7,M,,830,ASHFORD,STREET,11207,830 ASHFORD STREET,260,BOULEVARD,2021-12-28,BROOKLYN,1441,both,16831248,807569,389891.0,3,830,830,830,ASHFORD STREET,B,2024-04-10,2024-04-10,05/30/2024,05/16/2024,,,,550.0,9080327.0,"§ 27-2017.3 HMC: TRACE AND REPAIR THE SOURCE AND ABATE THE VISIBLE MOLD CONDITION... AT SOUTH WALL APPROX 17 SQ FT IN THE 1st ROOM FROM NORTH AT WEST LOCATED AT APT 10B, 3rd APARTMENT FROM SOUTH AT WEST",2024-04-11,20.0,DEFECT LETTER ISSUED,2025-06-18,Original,Open,N,2024,2024.0,2025-11-23,1426 days,834 days,2,591 days,more than a year
3113,3182,282,3043550001,7,M,,830,ASHFORD,STREET,11207,830 ASHFORD STREET,260,BOULEVARD,2021-12-28,BROOKLYN,1441,both,16831250,807569,389891.0,3,830,830,830,ASHFORD STREET,B,2024-04-10,2024-04-10,05/30/2024,05/16/2024,,,,550.0,9080327.0,"§ 27-2017.3 HMC: TRACE AND REPAIR THE SOURCE AND ABATE THE VISIBLE MOLD CONDITION... AT WEST WALL APPROX 25 SQ FT IN THE PRIVATE HALLWAY LOCATED AT APT 10B, 3rd APARTMENT FROM SOUTH AT WEST",2024-04-11,20.0,DEFECT LETTER ISSUED,2025-06-18,Original,Open,N,2024,2024.0,2025-11-23,1426 days,834 days,2,591 days,more than a year
3114,3183,282,3043550001,7,M,,830,ASHFORD,STREET,11207,830 ASHFORD STREET,260,BOULEVARD,2021-12-28,BROOKLYN,1441,both,15226797,807569,389891.0,3,830,830,830,ASHFORD STREET,B,2022-06-24,2022-06-24,08/15/2022,08/01/2022,,,09/03/2022,577.0,7953368.0,"§ 27-2024 ADM CODE PROVIDE ADEQUATE SUPPLY OF HOT WATER FOR THE FIXTURES AT WASHBASIN IN THE BATHROOM LOCATED AT APT 14G, 14th STORY, 1st APARTMENT FROM SOUTH AT WEST",2022-06-27,19.0,VIOLATION CLOSED,2024-12-27,Original,Close,Y,2022,2022.0,2025-11-23,1426 days,178 days,0,914 days,more than a year
3115,3184,282,3043550001,7,M,,830,ASHFORD,STREET,11207,830 ASHFORD STREET,260,BOULEVARD,2021-12-28,BROOKLYN,1441,both,15226798,807569,389891.0,3,830,830,830,ASHFORD STREET,B,2022-06-24,2022-06-24,08/15/2022,08/01/2022,,,09/03/2022,577.0,7953368.0,"§ 27-2024 ADM CODE PROVIDE ADEQUATE SUPPLY OF HOT WATER FOR THE FIXTURES AT BATHTUB IN THE BATHROOM LOCATED AT APT 14G, 14th STORY, 1st APARTMENT FROM SOUTH AT WEST",2022-06-27,19.0,VIOLATION CLOSED,2024-12-27,Original,Close,Y,2022,2022.0,2025-11-23,1426 days,178 days,0,914 days,more than a year
3116,3185,282,3043550001,7,M,,830,ASHFORD,STREET,11207,830 ASHFORD STREET,260,BOULEVARD,2021-12-28,BROOKLYN,1441,both,15226801,807569,389891.0,3,830,830,830,ASHFORD STREET,A,2022-06-24,2022-06-24,10/14/2022,09/30/2022,,,09/03/2022,700.0,7953367.0,"§ 27-2045 ADM CODE POST A PROPER NOTICE OF SMOKE DETECTOR REQUIREMENTS, IN A FORM APPROVED BY THE COMMISSIONER, AT OR NEAR THE MAIL BOX MISSING AT PUBLIC HALL, 1st STORY",2022-06-27,19.0,VIOLATION CLOSED,2022-09-25,Original,Close,N,2022,2022.0,2025-11-23,1426 days,178 days,0,90 days,one to three months
3117,3186,282,3043550001,7,M,,830,ASHFORD,STREET,11207,830 ASHFORD STREET,260,BOULEVARD,2021-12-28,BROOKLYN,1441,both,15226802,807569,389891.0,3,830,830,830,ASHFORD STREET,A,2022-06-24,2022-06-24,10/14/2022,09/30/2022,,,09/03/2022,1506.0,7953367.0,"§ 27-2005 HMC: POST, IN A FORM APPROVED BY THE COMMISSIONER, AND MAINTAIN A NOTICE IN A COMMON AREA OF THE BUILDING REGARDING THE PROCEDURES THAT SHOULD BE FOLLOWED WHEN A GAS LEAK IS SUSPECTED AT PUBLIC HALL, 1st STORY",2022-06-27,19.0,VIOLATION CLOSED,2022-09-25,Original,Close,N,2022,2022.0,2025-11-23,1426 days,178 days,0,90 days,one to three months
3118,3187,282,3043550001,7,M,,830,ASHFORD,STREET,11207,830 ASHFORD STREET,260,BOULEVARD,2021-12-28,BROOKLYN,1441,both,15226803,807569,389891.0,3,830,830,830,ASHFORD STREET,A,2022-06-24,2022-06-24,10/14/2022,09/30/2022,,,09/03/2022,778.0,7953367.0,"§ 27-2104 ADM CODE POST AND MAINTAIN A PROPER SIGN ON WALL OF ENTRANCE STORY SHOWING THE REGISTRATION NUMBER ASSIGNED BY THE DEPARTMENT AND THE ADDRESS OF THE BUILDING. AT PUBLIC HALL, 1st STORY",2022-06-27,19.0,VIOLATION CLOSED,2022-09-25,Original,Close,N,2022,2022.0,2025-11-23,1426 days,178 days,0,90 days,one to three months
3119,3188,282,3043550001,7,M,,830,ASHFORD,STREET,11207,830 ASHFORD STREET,260,BOULEVARD,2021-12-28,BROOKLYN,1441,both,15226804,807569,389891.0,3,830,830,830,ASHFORD STREET,A,2022-06-24,2022-06-24,10/14/2022,09/30/2022,,,09/03/2022,722.0,7953367.0,"§ 27-2053 ADM CODE POST SIGN ON WALL OF ENTRANCE STORY BEARING NAME, ADDRESS INCLUDING APARTMENT NUMBER IF ANY, AND TELEPHONE NUMBER OF SUPERINTENDENT, JANITOR OR HOUSEKEEPER. AT PUBLIC HALL, 1st STORY",2022-06-27,19.0,VIOLATION CLOSED,2022-09-25,Original,Close,N,2022,2022.0,2025-11-23,1426 days,178 days,0,90 days,one to three months
3120,3189,282,3043550001,7,M,,830,ASHFORD,STREET,11207,830 ASHFORD STREET,260,BOULEVARD,2021-12-28,BROOKLYN,1441,both,15226805,807569,389891.0,3,830,830,830,ASHFORD STREET,C,2022-06-24,2022-06-24,07/10/2022,07/03/2022,,,09/03/2022,671.0,7953369.0,"§ 27-2033 ADM CODE POST NOTICE, IN FORM APPROVED BY THE DEPARTMENT, STATING THE NAME AND LOCATION OF THE PERSON DESIGNATED BY THE OWNER TO HAVE KEY TO BUILDINGS HEATING SYSTEM MISSING AT PUBLIC HALL, 1st STORY",2022-06-27,19.0,VIOLATION CLOSED,2024-12-27,Original,Close,N,2022,2022.0,2025-11-23,1426 days,178 days,0,914 days,more than a year
3121,3190,282,3043550001,7,M,,830,ASHFORD,STREET,11207,830 ASHFORD STREET,260,BOULEVARD,2021-12-28,BROOKLYN,1441,both,15881669,807569,389891.0,3,830,830,830,ASHFORD STREET,A,2023-03-29,2023-03-29,07/16/2023,07/02/2023,,,,1507.0,8416810.0,"(A) § HMC:FILE ANNUAL BEDBUG REPORT IN ACCORDANCE WITH HPD RULE AS DESCRIBED ON THE BACK OF THIS NOTICE OF VIOLATION OR AS DESCRIBED ON HPDS WEBSITE, WWW.NYC.GOV\HPD, SEARCH BED BUGS.",2023-03-29,9.0,VIOLATION DISMISSED,2023-12-04,Original,Close,N,2023,2023.0,2025-11-23,1426 days,456 days,1,250 days,six months to a year
3122,3191,282,3043550001,7,M,,830,ASHFORD,STREET,11207,830 ASHFORD STREET,260,BOULEVARD,2021-12-28,BROOKLYN,1441,both,16719817,807569,389891.0,3,830,830,830,ASHFORD STREET,C,2024-03-05,2024-03-06,03/20/2024,03/13/2024,,,,583.0,8976254.0,"§ 27-2026, 2027 HMC: PROPERLY REPAIR THE SOURCE AND ABATE THE EVIDENCE OF A WATER LEAK AT NORTH WALL IN THE 1st ROOM FROM NORTH AT WEST LOCATED AT APT 4B, 4th STORY, 3rd APARTMENT FROM SOUTH AT WEST",2024-03-07,19.0,VIOLATION CLOSED,2024-12-27,Original,Close,N,2024,2024.0,2025-11-23,1426 days,798 days,2,295 days,six months to a year
3123,3192,282,3043550001,7,M,,830,ASHFORD,STREET,11207,830 ASHFORD STREET,260,BOULEVARD,2021-12-28,BROOKLYN,1441,both,16831249,807569,389891.0,3,830,830,830,ASHFORD STREET,B,2024-04-10,2024-04-10,05/30/2024,05/16/2024,,,,583.0,9080326.0,"§ 27-2026, 2027 HMC: PROPERLY REPAIR THE SOURCE AND ABATE THE EVIDENCE OF A WATER LEAK AT CEILING IN THE 1st ROOM FROM NORTH AT WEST LOCATED AT APT 10B, 3rd APARTMENT FROM SOUTH AT WEST",2024-04-11,19.0,VIOLATION CLOSED,2025-06-18,Original,Close,N,2024,2024.0,2025-11-23,1426 days,834 days,2,433 days,more than a year
3124,3193,282,3043550001,7,M,,830,ASHFORD,STREET,11207,830 ASHFORD STREET,260,BOULEVARD,2021-12-28,BROOKLYN,1441,both,15007533,807569,389891.0,3,830,830,830,ASHFORD STREET,A,2022-03-08,2022-03-08,06/25/2022,06/11/2022,,,,1507.0,7793958.0,"(A) § HMC:FILE ANNUAL BEDBUG REPORT IN ACCORDANCE WITH HPD RULE AS DESCRIBED ON THE BACK OF THIS NOTICE OF VIOLATION OR AS DESCRIBED ON HPDS WEBSITE, WWW.NYC.GOV\HPD, SEARCH BED BUGS.",2022-03-08,9.0,VIOLATION DISMISSED,2022-07-25,Original,Close,N,2022,2022.0,2025-11-23,1426 days,70 days,0,139 days,three to six months
3125,3194,282,3043550001,7,M,,830,ASHFORD,STREET,11207,830 ASHFORD STREET,260,BOULEVARD,2021-12-28,BROOKLYN,1441,both,18044640,807569,389891.0,3,830,830,830,ASHFORD STREET,C,2025-06-17,2025-06-18,07/09/2025,07/04/2025,,,06/26/2025,530.0,9879044.0,"§ 27-2005, 27-2007, 27-2041.1 HMC, §238, § 309; § 107 (2) ( C) MDL AND 28 RCNY §25-171: REPLACE OR REPAIR THE SELF-CLOSING DOORS THAT IS MISSING OR DEFECTIVE HINGES AT TRASH CHUTE HOPPER DOOR AT PUBLIC HALL, 2nd STORY",2025-06-20,19.0,VIOLATION CLOSED,2025-07-02,Original,Close,N,2025,2025.0,2025-11-23,1426 days,1267 days,3,12 days,one week to a month
3126,3195,282,3043550001,7,M,,830,ASHFORD,STREET,11207,830 ASHFORD STREET,260,BOULEVARD,2021-12-28,BROOKLYN,1441,both,18044641,807569,389891.0,3,830,830,830,ASHFORD STREET,C,2025-06-17,2025-06-18,07/09/2025,07/04/2025,,,06/26/2025,530.0,9879044.0,"§ 27-2005, 27-2007, 27-2041.1 HMC, §238, § 309; § 107 (2) ( C) MDL AND 28 RCNY §25-171: REPLACE OR REPAIR THE SELF-CLOSING DOORS THAT IS MISSING OR DEFECTIVE HINGES AT TRASH CHUTE HOPPER DOOR AT PUBLIC HALL, 10th STORY",2025-06-20,19.0,VIOLATION CLOSED,2025-07-02,Original,Close,N,2025,2025.0,2025-11-23,1426 days,1267 days,3,12 days,one week to a month
3127,3196,282,3043550001,7,M,,830,ASHFORD,STREET,11207,830 ASHFORD STREET,260,BOULEVARD,2021-12-28,BROOKLYN,1441,both,15226792,807569,389891.0,3,830,830,830,ASHFORD STREET,C,2022-06-24,2022-06-24,07/07/2022,06/25/2022,,,,670.0,7951519.0,"§ 27-2031 ADM CODE PROVIDE HOT WATER AT ALL HOT WATER FIXTURES IN THE KITCHEN LOCATED AT APT 2A, 2nd STORY, 2nd APARTMENT FROM SOUTH AT WEST",2022-06-27,19.0,VIOLATION CLOSED,2022-07-18,Original,Close,Y,2022,2022.0,2025-11-23,1426 days,178 days,0,21 days,one week to a month
3128,3197,282,3043550001,7,M,,830,ASHFORD,STREET,11207,830 ASHFORD STREET,260,BOULEVARD,2021-12-28,BROOKLYN,1441,both,15270783,807569,389891.0,3,830,830,830,ASHFORD STREET,C,2022-07-24,2022-07-24,08/13/2022,08/08/2022,,,,530.0,7982966.0,"§ 27-2005, 27-2007, 27-2041.1 HMC: REPLACE OR REPAIR THE SELF-CLOSING DOORS THAT IS MISSING OR DEFECTIVE BUILDING ENTRANCE DOOR AT PUBLIC HALL, 1st STORY",2022-07-25,19.0,VIOLATION CLOSED,2023-04-11,Original,Close,N,2022,2022.0,2025-11-23,1426 days,208 days,0,260 days,six months to a year
3129,3198,282,3043550001,7,M,,830,ASHFORD,STREET,11207,830 ASHFORD STREET,260,BOULEVARD,2021-12-28,BROOKLYN,1441,both,15921539,807569,389891.0,3,830,830,830,ASHFORD STREET,A,2023-04-13,2023-04-13,08/01/2023,07/18/2023,,,08/27/2024,508.0,8451385.0,"§ 27-2005 ADM CODE REPAIR THE BROKEN OR DEFECTIVE PLASTERED SURFACES AND PAINT IN A UNIFORM COLOR AT CEILING IN THE BATHROOM LOCATED AT APT 2G, 2nd STORY, 1st APARTMENT FROM SOUTH AT WEST",2023-04-14,19.0,VIOLATION CLOSED,2025-09-18,Original,Close,N,2023,2023.0,2025-11-23,1426 days,471 days,1,888 days,more than a year
3130,3199,282,3043550001,7,M,,830,ASHFORD,STREET,11207,830 ASHFORD STREET,260,BOULEVARD,2021-12-28,BROOKLYN,1441,both,15921540,807569,389891.0,3,830,830,830,ASHFORD STREET,A,2023-04-13,2023-04-13,08/01/2023,07/18/2023,,,08/27/2024,583.0,8451385.0,"§ 27-2026, 2027 HMC: PROPERLY REPAIR THE SOURCE AND ABATE THE EVIDENCE OF A WATER LEAK AT CEILING IN THE BATHROOM LOCATED AT APT 2G, 2nd STORY, 1st APARTMENT FROM SOUTH AT WEST",2023-04-14,19.0,VIOLATION CLOSED,2025-09-18,Original,Close,N,2023,2023.0,2025-11-23,1426 days,471 days,1,888 days,more than a year
3131,3200,282,3043550001,7,M,,830,ASHFORD,STREET,11207,830 ASHFORD STREET,260,BOULEVARD,2021-12-28,BROOKLYN,1441,both,15921541,807569,389891.0,3,830,830,830,ASHFORD STREET,C,2023-04-13,2023-04-13,05/15/2023,05/10/2023,,,,568.0,8451388.0,"HMC ADM CODE: § 27-2017.4 ABATE THE INFESTATION CONSISTING OF ROACHES IN THE ENTIRE APARTMENT LOCATED AT APT 2G, 2nd STORY, 1st APARTMENT FROM SOUTH AT WEST",2023-04-14,21.0,NOT COMPLIED WITH,2025-09-18,Original,Open,N,2023,2023.0,2025-11-23,1426 days,471 days,1,954 days,more than a year
3132,3201,282,3043550001,7,M,,830,ASHFORD,STREET,11207,830 ASHFORD STREET,260,BOULEVARD,2021-12-28,BROOKLYN,1441,both,15921542,807569,389891.0,3,830,830,830,ASHFORD STREET,C,2023-04-13,2023-04-13,05/15/2023,05/10/2023,,,,569.0,8451388.0,"HMC ADM CODE: § 27-2017.4 ABATE THE INFESTATION CONSISTING OF MICE IN THE ENTIRE APARTMENT LOCATED AT APT 2G, 2nd STORY, 1st APARTMENT FROM SOUTH AT WEST",2023-04-14,21.0,NOT COMPLIED WITH,2025-09-18,Original,Open,N,2023,2023.0,2025-11-23,1426 days,471 days,1,954 days,more than a year
3133,3202,282,3043550001,7,M,,830,ASHFORD,STREET,11207,830 ASHFORD STREET,260,BOULEVARD,2021-12-28,BROOKLYN,1441,both,15921543,807569,389891.0,3,830,830,830,ASHFORD STREET,B,2023-04-13,2023-04-13,06/02/2023,05/19/2023,,,08/27/2024,506.0,8451387.0,"§ 27-2005 ADM CODE REPLACE WITH NEW THE MISSING LOWER GLASS PANE AT WEST WALL IN THE KITCHEN LOCATED AT APT 2G, 2nd STORY, 1st APARTMENT FROM SOUTH AT WEST",2023-04-14,19.0,VIOLATION CLOSED,2025-09-18,Original,Close,N,2023,2023.0,2025-11-23,1426 days,471 days,1,888 days,more than a year
3134,3203,282,3043550001,7,M,,830,ASHFORD,STREET,11207,830 ASHFORD STREET,260,BOULEVARD,2021-12-28,BROOKLYN,1441,both,15921544,807569,389891.0,3,830,830,830,ASHFORD STREET,B,2023-04-13,2023-04-13,06/02/2023,05/19/2023,,,08/27/2024,508.0,8451387.0,"§ 27-2005 ADM CODE REPAIR THE BROKEN OR DEFECTIVE PLASTERED SURFACES AND PAINT IN A UNIFORM COLOR AT EAST WALL IN THE KITCHEN LOCATED AT APT 2G, 2nd STORY, 1st APARTMENT FROM SOUTH AT WEST",2023-04-14,19.0,VIOLATION CLOSED,2025-09-18,Original,Close,N,2023,2023.0,2025-11-23,1426 days,471 days,1,888 days,more than a year
3135,3204,282,3043550001,7,M,,830,ASHFORD,STREET,11207,830 ASHFORD STREET,260,BOULEVARD,2021-12-28,BROOKLYN,1441,both,15921545,807569,389891.0,3,830,830,830,ASHFORD STREET,B,2023-04-13,2023-04-13,06/02/2023,05/19/2023,,,08/27/2024,508.0,8451387.0,"§ 27-2005 ADM CODE REPAIR THE BROKEN OR DEFECTIVE PLASTERED SURFACES AND PAINT IN A UNIFORM COLOR AT WESTWALL AND EAST WALL IN THE FOYER LOCATED AT APT 2G, 2nd STORY, 1st APARTMENT FROM SOUTH AT WEST",2023-04-14,19.0,VIOLATION CLOSED,2025-09-18,Original,Close,N,2023,2023.0,2025-11-23,1426 days,471 days,1,888 days,more than a year
3136,3205,282,3043550001,7,M,,830,ASHFORD,STREET,11207,830 ASHFORD STREET,260,BOULEVARD,2021-12-28,BROOKLYN,1441,both,16163443,807569,389891.0,3,830,830,830,ASHFORD STREET,B,2023-04-13,2023-08-12,10/02/2023,09/18/2023,,,,550.0,8599406.0,"§ 27-2017.3 HMC: TRACE AND REPAIR THE SOURCE AND ABATE THE VISIBLE MOLD CONDITION... APPROX 4SQFT AT CEILING IN THE BATHROOM LOCATED AT APT 2G, 2nd STORY, 1st APARTMENT FROM SOUTH AT WEST ORIGINAL VIOLATION 15921538 ISSUED 13-APR-23 HAS BEEN UPGRADED TO CLASS B PER ADMINISTRATIVE CODE §27-2017.3a(3)(a) or (b).",2023-08-14,20.0,DEFECT LETTER ISSUED,2025-09-18,Original,Open,N,2023,2023.0,2025-11-23,1426 days,471 days,1,832 days,more than a year
3137,3206,282,3043550001,7,M,,830,ASHFORD,STREET,11207,830 ASHFORD STREET,260,BOULEVARD,2021-12-28,BROOKLYN,1441,both,16795405,807569,389891.0,3,830,830,830,ASHFORD STREET,A,2024-03-31,2024-03-31,07/19/2024,07/05/2024,,,,556.0,9021784.0,"§ 27-2013 ADM CODE PAINT WITH LIGHT COLORED PAINT TO THE SATISFACTION OF THIS DEPARTMENT ALL PEELING PAINT SURFACES IN THE PRIVATE HALLWAY , THE 1st ROOM FROM NORTH AT WEST, THE 1st ROOM FROM NORTH AT EAST LOCATED AT APT 1B, 1st STORY, 3rd APARTMENT FROM SOUTH AT WEST",2024-04-01,19.0,VIOLATION CLOSED,2025-06-18,Original,Close,N,2024,2024.0,2025-11-23,1426 days,824 days,2,443 days,more than a year
3138,3207,282,3043550001,7,M,,830,ASHFORD,STREET,11207,830 ASHFORD STREET,260,BOULEVARD,2021-12-28,BROOKLYN,1441,both,15226793,807569,389891.0,3,830,830,830,ASHFORD STREET,C,2022-06-24,2022-06-24,07/28/2022,07/23/2022,,,09/03/2022,568.0,7953371.0,"HMC ADM CODE: § 27-2017.4 ABATE THE INFESTATION CONSISTING OF ROACHES IN THE ENTIRE APARTMENT LOCATED AT APT 2A, 2nd STORY, 2nd APARTMENT FROM SOUTH AT WEST",2022-06-27,19.0,VIOLATION CLOSED,2025-07-24,Original,Close,N,2022,2022.0,2025-11-23,1426 days,178 days,0,1123 days,more than a year
3139,3208,282,3043550001,7,M,,830,ASHFORD,STREET,11207,830 ASHFORD STREET,260,BOULEVARD,2021-12-28,BROOKLYN,1441,both,17680198,807569,389891.0,3,830,830,830,ASHFORD STREET,B,2025-02-07,2025-02-07,03/31/2025,03/17/2025,,,03/05/2025,538.0,9621555.0,"§ 27-2005, 2007 ADM CODE REMOVE ALL ENCUMBRANCES CONSISTING OF 2 ELECTRIC SCOOTERS AT PUBLIC HALL, 2nd STORY",2025-02-10,9.0,VIOLATION DISMISSED,2025-05-16,Original,Close,Y,2025,2025.0,2025-11-23,1426 days,1137 days,3,95 days,three to six months
3140,3209,282,3043550001,7,M,,830,ASHFORD,STREET,11207,830 ASHFORD STREET,260,BOULEVARD,2021-12-28,BROOKLYN,1441,both,15820211,807569,389891.0,3,830,830,830,ASHFORD STREET,C,2023-03-24,2023-03-24,04/27/2023,04/22/2023,,,08/15/2024,568.0,8400666.0,"HMC ADM CODE: § 27-2017.4 ABATE THE INFESTATION CONSISTING OF ROACHES IN THE ENTIRE APARTMENT LOCATED AT APT 9G, 9th STORY, 1st APARTMENT FROM SOUTH AT WEST",2023-03-27,19.0,VIOLATION CLOSED,2025-02-20,Original,Close,N,2023,2023.0,2025-11-23,1426 days,451 days,1,696 days,more than a year
3141,3210,282,3043550001,7,M,,830,ASHFORD,STREET,11207,830 ASHFORD STREET,260,BOULEVARD,2021-12-28,BROOKLYN,1441,both,17238986,807569,389891.0,3,830,830,830,ASHFORD STREET,C,2024-09-02,2024-09-02,09/22/2024,09/17/2024,,,,530.0,9318082.0,"§ 27-2005, 27-2007, 27-2041.1 HMC, §238, § 309; § 107 (2) ( C) MDL AND 28 RCNY §25-171: REPLACE OR REPAIR THE SELF-CLOSING DOORS THAT IS MISSING OR DEFECTIVE HINGES AT HOPPER DOOR TO TRASH CHUTE AT PUBLIC HALL, 8th STORY",2024-09-03,19.0,VIOLATION CLOSED,2025-03-19,Original,Close,N,2024,2024.0,2025-11-23,1426 days,979 days,2,197 days,six months to a year
3142,3211,282,3043550001,7,M,,830,ASHFORD,STREET,11207,830 ASHFORD STREET,260,BOULEVARD,2021-12-28,BROOKLYN,1441,both,17878673,807569,389891.0,3,830,830,830,ASHFORD STREET,B,2025-05-07,2025-05-07,06/26/2025,06/12/2025,,,05/15/2025,501.0,9748351.0,"§ 27-2005 HMC: PROPERLY REPAIR OR REPLACE THE BROKEN OR DEFECTIVE MORTISE LOCK AT ENTRANCE DOOR , 1st STORY",2025-05-08,19.0,VIOLATION CLOSED,2025-07-10,Original,Close,N,2025,2025.0,2025-11-23,1426 days,1226 days,3,63 days,one to three months
3143,3212,283,3043550001,8,M,,765,STANLEY,AVENUE,11207,765 STANLEY AVENUE,260,BOULEVARD,2021-12-28,BROOKLYN,1441,both,16030957,809556,389892.0,3,765,765,765,STANLEY AVENUE,C,2023-06-09,2023-06-09,06/22/2023,06/10/2023,,,,670.0,8518073.0,"§ 27-2031 ADM CODE PROVIDE HOT WATER AT ALL HOT WATER FIXTURES IN THE ENTIRE APARTMENT LOCATED AT APT 1B, 1st STORY, 1st APARTMENT FROM WEST AT NORTH",2023-06-12,19.0,VIOLATION CLOSED,2023-08-29,Original,Close,Y,2023,2023.0,2025-11-23,1426 days,528 days,1,78 days,one to three months
3144,3213,283,3043550001,8,M,,765,STANLEY,AVENUE,11207,765 STANLEY AVENUE,260,BOULEVARD,2021-12-28,BROOKLYN,1441,both,17207295,809556,389892.0,3,765,765,765,STANLEY AVENUE,B,2024-08-19,2024-10-03,11/22/2024,11/08/2024,,,11/15/2024,501.0,9367055.0,"§ 27-2005 HMC: PROPERLY REPAIR OR REPLACE THE BROKEN OR DEFECTIVE HOPPER DOOR AT PUBLIC HALL, 1st STORY",2024-10-04,19.0,VIOLATION CLOSED,2025-06-27,Original,Close,N,2024,2024.0,2025-11-23,1426 days,965 days,2,266 days,six months to a year
3145,3214,283,3043550001,8,M,,765,STANLEY,AVENUE,11207,765 STANLEY AVENUE,260,BOULEVARD,2021-12-28,BROOKLYN,1441,both,15610414,809556,389892.0,3,765,765,765,STANLEY AVENUE,C,2022-12-14,2022-12-15,12/29/2022,12/22/2022,,,08/23/2024,672.0,8221700.0,§ 27-2033 ADM CODE PROVIDE READY ACCESS TO BUILDINGS HEATING SYSTEM .. AT BOILER ROOM,2022-12-16,19.0,VIOLATION CLOSED,2025-09-05,Original,Close,N,2022,2022.0,2025-11-23,1426 days,351 days,0,994 days,more than a year
3146,3215,283,3043550001,8,M,,765,STANLEY,AVENUE,11207,765 STANLEY AVENUE,260,BOULEVARD,2021-12-28,BROOKLYN,1441,both,16488704,809556,389892.0,3,765,765,765,STANLEY AVENUE,B,2023-12-01,2023-12-01,01/22/2024,01/08/2024,,,,507.0,8831397.0,"§ 27-2005 ADM CODE REPAIR THE ROOF SO THAT IT WILL NOT LEAK ABOVE THE CEILING IN THE 3rd ROOM FROM NORTH AT EAST LOCATED AT APT 14G, 14th STORY, 1st APARTMENT FROM SOUTH AT WEST",2023-12-04,19.0,VIOLATION CLOSED,2025-01-06,Original,Close,Y,2023,2023.0,2025-11-23,1426 days,703 days,1,399 days,more than a year
3147,3216,283,3043550001,8,M,,765,STANLEY,AVENUE,11207,765 STANLEY AVENUE,260,BOULEVARD,2021-12-28,BROOKLYN,1441,both,15592582,809556,389892.0,3,765,765,765,STANLEY AVENUE,A,2022-11-29,2022-11-30,03/20/2023,03/06/2023,,,,556.0,8204638.0,"§ 27-2013 ADM CODE PAINT WITH LIGHT COLORED PAINT TO THE SATISFACTION OF THIS DEPARTMENT ALL PEELING PAINT SURFACES IN THE KITCHEN , THE PRIVATE HALLWAY , THE BATHROOM LOCATED AT APT 8A, 8th STORY, 2nd APARTMENT FROM SOUTH AT WEST",2022-12-01,19.0,VIOLATION CLOSED,2025-01-13,Original,Close,N,2022,2022.0,2025-11-23,1426 days,336 days,0,774 days,more than a year
3148,3217,283,3043550001,8,M,,765,STANLEY,AVENUE,11207,765 STANLEY AVENUE,260,BOULEVARD,2021-12-28,BROOKLYN,1441,both,15742683,809556,389892.0,3,765,765,765,STANLEY AVENUE,B,2023-02-27,2023-02-27,04/18/2023,04/04/2023,,,,501.0,8306970.0,"§ 27-2005 ADM CODE PROPERLY REPAIR THE BROKEN OR DEFECTIVE MAILBOX DOOR APT 10 C , 1st STORY",2023-02-28,19.0,VIOLATION CLOSED,2025-01-06,Original,Close,N,2023,2023.0,2025-11-23,1426 days,426 days,1,678 days,more than a year
3149,3218,283,3043550001,8,M,,765,STANLEY,AVENUE,11207,765 STANLEY AVENUE,260,BOULEVARD,2021-12-28,BROOKLYN,1441,both,16132502,809556,389892.0,3,765,765,765,STANLEY AVENUE,C,2023-07-31,2023-07-31,09/01/2023,08/27/2023,,,,568.0,8581698.0,"HMC ADM CODE: § 27-2017.4 ABATE THE INFESTATION CONSISTING OF ROACHES IN THE ENTIRE APARTMENT LOCATED AT APT 4C, 4th STORY, 1st APARTMENT FROM WEST AT NORTH",2023-08-01,21.0,NOT COMPLIED WITH,2025-07-31,Original,Open,N,2023,2023.0,2025-11-23,1426 days,580 days,1,845 days,more than a year
3150,3219,283,3043550001,8,M,,765,STANLEY,AVENUE,11207,765 STANLEY AVENUE,260,BOULEVARD,2021-12-28,BROOKLYN,1441,both,16030958,809556,389892.0,3,765,765,765,STANLEY AVENUE,C,2023-06-09,2023-06-09,06/25/2023,06/18/2023,,,08/23/2024,672.0,8519951.0,§ 27-2033 ADM CODE PROVIDE READY ACCESS TO BUILDINGS HEATING SYSTEM BOILERROOM DOOR LOCKED AT BASEMENT,2023-06-12,19.0,VIOLATION CLOSED,2025-09-05,Original,Close,N,2023,2023.0,2025-11-23,1426 days,528 days,1,816 days,more than a year
3151,3220,283,3043550001,8,M,,765,STANLEY,AVENUE,11207,765 STANLEY AVENUE,260,BOULEVARD,2021-12-28,BROOKLYN,1441,both,15592311,809556,389892.0,3,765,765,765,STANLEY AVENUE,B,2022-11-29,2022-11-30,01/19/2023,01/05/2023,,,,583.0,8204639.0,"§ 27-2026, 2027 HMC: PROPERLY REPAIR THE SOURCE AND ABATE THE EVIDENCE OF A WATER LEAK AT CEILING IN THE KITCHEN LOCATED AT APT 8A, 8th STORY, 2nd APARTMENT FROM SOUTH AT WEST",2022-12-01,19.0,VIOLATION CLOSED,2025-01-13,Original,Close,N,2022,2022.0,2025-11-23,1426 days,336 days,0,774 days,more than a year
3152,3221,283,3043550001,8,M,,765,STANLEY,AVENUE,11207,765 STANLEY AVENUE,260,BOULEVARD,2021-12-28,BROOKLYN,1441,both,16730021,809556,389892.0,3,765,765,765,STANLEY AVENUE,C,2024-03-09,2024-03-09,04/11/2024,04/06/2024,,,03/28/2024,568.0,8981809.0,"HMC ADM CODE: § 27-2017.4 ABATE THE INFESTATION CONSISTING OF ROACHES IN THE ENTIRE APARTMENT LOCATED AT APT 4C, 4th STORY, 1st APARTMENT FROM WEST AT NORTH",2024-03-11,9.0,VIOLATION DISMISSED,2024-06-10,Original,Close,N,2024,2024.0,2025-11-23,1426 days,802 days,2,91 days,three to six months
3153,3222,283,3043550001,8,M,,765,STANLEY,AVENUE,11207,765 STANLEY AVENUE,260,BOULEVARD,2021-12-28,BROOKLYN,1441,both,15592318,809556,389892.0,3,765,765,765,STANLEY AVENUE,B,2022-11-29,2022-11-30,01/19/2023,01/05/2023,,,,508.0,8204639.0,"§ 27-2005 ADM CODE REPAIR THE BROKEN OR DEFECTIVE PLASTERED SURFACES AND PAINT IN A UNIFORM COLOR AT CEILING, SOUTH WALL, EAST WALL IN THE BATHROOM LOCATED AT APT 8A, 8th STORY, 2nd APARTMENT FROM SOUTH AT WEST",2022-12-01,19.0,VIOLATION CLOSED,2025-01-13,Original,Close,N,2022,2022.0,2025-11-23,1426 days,336 days,0,774 days,more than a year
3154,3223,283,3043550001,8,M,,765,STANLEY,AVENUE,11207,765 STANLEY AVENUE,260,BOULEVARD,2021-12-28,BROOKLYN,1441,both,15597297,809556,389892.0,3,765,765,765,STANLEY AVENUE,A,2022-12-07,2022-12-07,03/27/2023,03/13/2023,,,,550.0,8213184.0,"§ 27-2017.3 HMC: TRACE AND REPAIR THE SOURCE AND ABATE THE VISIBLE MOLD CONDITION... APPROX 5 SQFT AT CEILING IN THE BATHROOM LOCATED AT APT 8F, 8th STORY, 1st APARTMENT FROM EAST AT SOUTH",2022-12-08,19.0,VIOLATION CLOSED,2023-04-07,Original,Close,N,2022,2022.0,2025-11-23,1426 days,344 days,0,120 days,three to six months
3155,3224,283,3043550001,8,M,,765,STANLEY,AVENUE,11207,765 STANLEY AVENUE,260,BOULEVARD,2021-12-28,BROOKLYN,1441,both,15702029,809556,389892.0,3,765,765,765,STANLEY AVENUE,C,2023-02-04,2023-02-04,02/17/2023,02/05/2023,,,,670.0,8278056.0,"§ 27-2031 ADM CODE PROVIDE HOT WATER AT ALL HOT WATER FIXTURES IN THE ENTIRE APARTMENT LOCATED AT APT 14G, 14th STORY, 1st APARTMENT FROM WEST AT NORTH",2023-02-06,19.0,VIOLATION CLOSED,2023-02-28,Original,Close,Y,2023,2023.0,2025-11-23,1426 days,403 days,1,22 days,one week to a month
3156,3225,283,3043550001,8,M,,765,STANLEY,AVENUE,11207,765 STANLEY AVENUE,260,BOULEVARD,2021-12-28,BROOKLYN,1441,both,17964230,809556,389892.0,3,765,765,765,STANLEY AVENUE,B,2025-06-05,2025-06-09,07/28/2025,07/14/2025,,,06/23/2025,529.0,9825937.0,§ 27-2005 HMC: REFIT THE BUILDING ENTRANCE DOOR,2025-06-09,19.0,VIOLATION CLOSED,2025-07-10,Original,Close,N,2025,2025.0,2025-11-23,1426 days,1255 days,3,31 days,one to three months
3157,3226,283,3043550001,8,M,,765,STANLEY,AVENUE,11207,765 STANLEY AVENUE,260,BOULEVARD,2021-12-28,BROOKLYN,1441,both,17012054,809556,389892.0,3,765,765,765,STANLEY AVENUE,B,2024-05-30,2024-06-03,07/23/2024,07/09/2024,,,,583.0,9188930.0,"§ 27-2026, 2027 HMC: PROPERLY REPAIR THE SOURCE AND ABATE THE EVIDENCE OF A WATER LEAK AT CEILING IN THE BATHROOM LOCATED AT APT 1D, 1st STORY, 1st APARTMENT FROM NORTH AT EAST",2024-06-04,19.0,VIOLATION CLOSED,2025-01-06,Original,Close,N,2024,2024.0,2025-11-23,1426 days,884 days,2,216 days,six months to a year
3158,3227,283,3043550001,8,M,,765,STANLEY,AVENUE,11207,765 STANLEY AVENUE,260,BOULEVARD,2021-12-28,BROOKLYN,1441,both,18311312,809556,389892.0,3,765,765,765,STANLEY AVENUE,B,2025-10-20,2025-10-20,12/09/2025,11/25/2025,,,,566.0,10044680.0,"566 (B) 27-2021.4 HMC: ABATE THE NUISANCE CONSISTING OF PESTS. EVIDENCE OF FLIES IN THE ENTIRE APARTMENT LOCATED AT APT 4C, 4th STORY, 1st APARTMENT FROM WEST AT NORTH",2025-10-21,2.0,NOV SENT OUT,2025-10-21,Original,Open,N,2025,2025.0,2025-11-23,1426 days,1392 days,3,33 days,one to three months
3159,3228,283,3043550001,8,M,,765,STANLEY,AVENUE,11207,765 STANLEY AVENUE,260,BOULEVARD,2021-12-28,BROOKLYN,1441,both,15592316,809556,389892.0,3,765,765,765,STANLEY AVENUE,B,2022-11-29,2022-11-30,01/19/2023,01/05/2023,,,,550.0,8204640.0,"§ 27-2017.3 HMC: TRACE AND REPAIR THE SOURCE AND ABATE THE VISIBLE MOLD CONDITION... (APPROX 15 SQ FT) AT CEILING, WEST WALL, 1st CLOSET FROM EAST AT SOUTH WALL CEILING, 1st CLOSET FROM EAST AT SOUTH WALL WALL IN THE PRIVATE HALLWAY LOCATED AT APT 8A, 8th STORY, 2nd APARTMENT FROM SOUTH AT WEST",2022-12-01,20.0,DEFECT LETTER ISSUED,2025-10-24,Original,Open,N,2022,2022.0,2025-11-23,1426 days,336 days,0,1088 days,more than a year
3160,3229,283,3043550001,8,M,,765,STANLEY,AVENUE,11207,765 STANLEY AVENUE,260,BOULEVARD,2021-12-28,BROOKLYN,1441,both,15007583,809556,389892.0,3,765,765,765,STANLEY AVENUE,A,2022-03-08,2022-03-08,06/25/2022,06/11/2022,,,,1507.0,7794557.0,"(A) § HMC:FILE ANNUAL BEDBUG REPORT IN ACCORDANCE WITH HPD RULE AS DESCRIBED ON THE BACK OF THIS NOTICE OF VIOLATION OR AS DESCRIBED ON HPDS WEBSITE, WWW.NYC.GOV\HPD, SEARCH BED BUGS.",2022-03-08,9.0,VIOLATION DISMISSED,2022-07-25,Original,Close,N,2022,2022.0,2025-11-23,1426 days,70 days,0,139 days,three to six months
3161,3230,283,3043550001,8,M,,765,STANLEY,AVENUE,11207,765 STANLEY AVENUE,260,BOULEVARD,2021-12-28,BROOKLYN,1441,both,15592313,809556,389892.0,3,765,765,765,STANLEY AVENUE,B,2022-11-29,2022-11-30,01/19/2023,01/05/2023,,,,508.0,8204639.0,"§ 27-2005 ADM CODE REPAIR THE BROKEN OR DEFECTIVE PLASTERED SURFACES AND PAINT IN A UNIFORM COLOR AT CEILING, NORTH WALL IN THE KITCHEN LOCATED AT APT 8A, 8th STORY, 2nd APARTMENT FROM SOUTH AT WEST",2022-12-01,19.0,VIOLATION CLOSED,2025-01-13,Original,Close,N,2022,2022.0,2025-11-23,1426 days,336 days,0,774 days,more than a year
3162,3231,283,3043550001,8,M,,765,STANLEY,AVENUE,11207,765 STANLEY AVENUE,260,BOULEVARD,2021-12-28,BROOKLYN,1441,both,15592314,809556,389892.0,3,765,765,765,STANLEY AVENUE,B,2022-11-29,2022-11-30,01/19/2023,01/05/2023,,,,583.0,8204639.0,"§ 27-2026, 2027 HMC: PROPERLY REPAIR THE SOURCE AND ABATE THE EVIDENCE OF A WATER LEAK AT CEILING, 1st CLOSET FROM EAST AT SOUTH WALL CEILING IN THE PRIVATE HALLWAY LOCATED AT APT 8A, 8th STORY, 2nd APARTMENT FROM SOUTH AT WEST",2022-12-01,19.0,VIOLATION CLOSED,2025-01-13,Original,Close,N,2022,2022.0,2025-11-23,1426 days,336 days,0,774 days,more than a year
3163,3232,283,3043550001,8,M,,765,STANLEY,AVENUE,11207,765 STANLEY AVENUE,260,BOULEVARD,2021-12-28,BROOKLYN,1441,both,15592315,809556,389892.0,3,765,765,765,STANLEY AVENUE,B,2022-11-29,2022-11-30,01/19/2023,01/05/2023,,,,508.0,8204639.0,"§ 27-2005 ADM CODE REPAIR THE BROKEN OR DEFECTIVE PLASTERED SURFACES AND PAINT IN A UNIFORM COLOR AT CEILING, WEST WALL, 1st CLOSET FROM EAST AT SOUTH WALL CEILING, 1st CLOSET FROM EAST AT SOUTH WALL WALL IN THE PRIVATE HALLWAY LOCATED AT APT 8A, 8th STORY, 2nd APARTMENT FROM SOUTH AT WEST",2022-12-01,19.0,VIOLATION CLOSED,2025-01-13,Original,Close,N,2022,2022.0,2025-11-23,1426 days,336 days,0,774 days,more than a year
3164,3233,283,3043550001,8,M,,765,STANLEY,AVENUE,11207,765 STANLEY AVENUE,260,BOULEVARD,2021-12-28,BROOKLYN,1441,both,15592317,809556,389892.0,3,765,765,765,STANLEY AVENUE,B,2022-11-29,2022-11-30,01/19/2023,01/05/2023,,,,583.0,8204639.0,"§ 27-2026, 2027 HMC: PROPERLY REPAIR THE SOURCE AND ABATE THE EVIDENCE OF A WATER LEAK AT CEILING IN THE BATHROOM LOCATED AT APT 8A, 8th STORY, 2nd APARTMENT FROM SOUTH AT WEST",2022-12-01,19.0,VIOLATION CLOSED,2025-01-13,Original,Close,N,2022,2022.0,2025-11-23,1426 days,336 days,0,774 days,more than a year
3165,3234,283,3043550001,8,M,,765,STANLEY,AVENUE,11207,765 STANLEY AVENUE,260,BOULEVARD,2021-12-28,BROOKLYN,1441,both,15610415,809556,389892.0,3,765,765,765,STANLEY AVENUE,C,2022-12-14,2022-12-15,01/16/2023,01/11/2023,,,,568.0,8221701.0,"HMC ADM CODE: § 27-2017.4 ABATE THE INFESTATION CONSISTING OF ROACHES IN THE ENTIRE APARTMENT LOCATED AT APT 4C, 3rd STORY, 1st APARTMENT FROM WEST AT NORTH",2022-12-16,21.0,NOT COMPLIED WITH,2025-07-31,Original,Open,N,2022,2022.0,2025-11-23,1426 days,351 days,0,1073 days,more than a year
3166,3235,283,3043550001,8,M,,765,STANLEY,AVENUE,11207,765 STANLEY AVENUE,260,BOULEVARD,2021-12-28,BROOKLYN,1441,both,15610416,809556,389892.0,3,765,765,765,STANLEY AVENUE,A,2022-12-14,2022-12-15,04/04/2023,03/21/2023,,,,556.0,8221699.0,"§ 27-2013 ADM CODE PAINT WITH LIGHT COLORED PAINT TO THE SATISFACTION OF THIS DEPARTMENT WALLS AND CEILING IN THE ENTIRE APARTMENT LOCATED AT APT 4C, 3rd STORY, 1st APARTMENT FROM WEST AT NORTH",2022-12-16,21.0,NOT COMPLIED WITH,2025-07-31,Original,Open,N,2022,2022.0,2025-11-23,1426 days,351 days,0,1073 days,more than a year
3167,3236,283,3043550001,8,M,,765,STANLEY,AVENUE,11207,765 STANLEY AVENUE,260,BOULEVARD,2021-12-28,BROOKLYN,1441,both,15702030,809556,389892.0,3,765,765,765,STANLEY AVENUE,C,2023-02-04,2023-02-04,02/19/2023,02/12/2023,,,08/23/2024,672.0,8280645.0,"§ 27-2033 ADM CODE PROVIDE READY ACCESS TO BUILDINGS HEATING SYSTEM LOCKED DOOR TO AT BOILER ROOM, 1st STORY",2023-02-06,19.0,VIOLATION CLOSED,2025-09-05,Original,Close,N,2023,2023.0,2025-11-23,1426 days,403 days,1,942 days,more than a year
3168,3237,283,3043550001,8,M,,765,STANLEY,AVENUE,11207,765 STANLEY AVENUE,260,BOULEVARD,2021-12-28,BROOKLYN,1441,both,15881713,809556,389892.0,3,765,765,765,STANLEY AVENUE,A,2023-03-29,2023-03-29,07/16/2023,07/02/2023,,,,1507.0,8417299.0,"(A) § HMC:FILE ANNUAL BEDBUG REPORT IN ACCORDANCE WITH HPD RULE AS DESCRIBED ON THE BACK OF THIS NOTICE OF VIOLATION OR AS DESCRIBED ON HPDS WEBSITE, WWW.NYC.GOV\HPD, SEARCH BED BUGS.",2023-03-29,9.0,VIOLATION DISMISSED,2023-12-04,Original,Close,N,2023,2023.0,2025-11-23,1426 days,456 days,1,250 days,six months to a year
3169,3238,283,3043550001,8,M,,765,STANLEY,AVENUE,11207,765 STANLEY AVENUE,260,BOULEVARD,2021-12-28,BROOKLYN,1441,both,16990803,809556,389892.0,3,765,765,765,STANLEY AVENUE,C,2024-05-22,2024-05-26,06/16/2024,06/11/2024,,,,530.0,9177783.0,"§ 27-2005, 27-2007, 27-2041.1 HMC, §238, § 309; § 107 (2) ( C) MDL AND 28 RCNY §25-171: REPLACE OR REPAIR THE SELF-CLOSING DOORS THAT IS MISSING OR DEFECTIVE HINGES AT HOPPER DOOR AT PUBLIC HALL, 4th STORY",2024-05-28,19.0,VIOLATION CLOSED,2024-11-30,Original,Close,N,2024,2024.0,2025-11-23,1426 days,876 days,2,186 days,six months to a year
3170,3239,283,3043550001,8,M,,765,STANLEY,AVENUE,11207,765 STANLEY AVENUE,260,BOULEVARD,2021-12-28,BROOKLYN,1441,both,17012056,809556,389892.0,3,765,765,765,STANLEY AVENUE,C,2024-05-30,2024-05-31,06/22/2024,06/17/2024,,,,530.0,9186797.0,"§ 27-2005, 27-2007, 27-2041.1 HMC, §238, § 309; § 107 (2) ( C) MDL AND 28 RCNY §25-171: REPLACE OR REPAIR THE SELF-CLOSING DOORS THAT IS MISSING OR DEFECTIVE HINGES IN THE ENTRANCE LOCATED AT APT 1D, 1st STORY, 1st APARTMENT FROM NORTH AT EAST",2024-06-03,19.0,VIOLATION CLOSED,2025-01-06,Original,Close,N,2024,2024.0,2025-11-23,1426 days,884 days,2,217 days,six months to a year
3171,3240,283,3043550001,8,M,,765,STANLEY,AVENUE,11207,765 STANLEY AVENUE,260,BOULEVARD,2021-12-28,BROOKLYN,1441,both,17018635,809556,389892.0,3,765,765,765,STANLEY AVENUE,B,2024-05-30,2024-06-03,07/23/2024,07/09/2024,,,,508.0,9188930.0,"§ 27-2005 ADM CODE REPAIR THE BROKEN OR DEFECTIVE PLASTERED SURFACES AND PAINT IN A UNIFORM COLOR THE CEILING IN THE BATHROOM LOCATED AT APT 1D, 1st STORY, 1st APARTMENT FROM NORTH AT EAST",2024-06-04,19.0,VIOLATION CLOSED,2025-01-06,Original,Close,N,2024,2024.0,2025-11-23,1426 days,884 days,2,216 days,six months to a year
3172,3241,283,3043550001,8,M,,765,STANLEY,AVENUE,11207,765 STANLEY AVENUE,260,BOULEVARD,2021-12-28,BROOKLYN,1441,both,17207294,809556,389892.0,3,765,765,765,STANLEY AVENUE,B,2024-08-19,2024-10-03,11/22/2024,11/08/2024,,,11/15/2024,552.0,9367055.0,"§ 27-2010, 2011, 2012 ADM CODE REMOVE THE ACCUMULATION OF REFUSE AND/OR RUBBISH AND MAINTAIN IN A CLEAN CONDITION THE AT COMPACTOR CLOSET AT PUBLIC HALL, 1st STORY",2024-10-04,19.0,VIOLATION CLOSED,2025-01-06,Original,Close,N,2024,2024.0,2025-11-23,1426 days,965 days,2,94 days,three to six months
3173,3242,283,3043550001,8,M,,765,STANLEY,AVENUE,11207,765 STANLEY AVENUE,260,BOULEVARD,2021-12-28,BROOKLYN,1441,both,17605171,809556,389892.0,3,765,765,765,STANLEY AVENUE,B,2025-01-03,2025-01-06,02/25/2025,02/11/2025,,,,522.0,9568013.0,"§ 27-2005, 2007 ADM CODE FIRE EGRESS DEFECTIVE. REMOVE OBSTRUCTING BARS OR UNLAWFUL GATES FROM AT LEAST 1 WINDOW OR PROVIDE APPROVED TYPE GATE IN THE 3rd ROOM FROM NORTH LOCATED AT APT 1D, 1st STORY, 1st APARTMENT FROM NORTH AT EAST",2025-01-07,2.0,NOV SENT OUT,2025-01-07,Original,Open,N,2025,2025.0,2025-11-23,1426 days,1102 days,3,320 days,six months to a year
3174,3243,283,3043550001,8,M,,765,STANLEY,AVENUE,11207,765 STANLEY AVENUE,260,BOULEVARD,2021-12-28,BROOKLYN,1441,both,18061938,809556,389892.0,3,765,765,765,STANLEY AVENUE,C,2025-06-26,2025-06-27,07/19/2025,07/14/2025,,,,530.0,9889741.0,"§ 27-2005, 27-2007, 27-2041.1 HMC, §238, § 309; § 107 (2) ( C) MDL AND 28 RCNY §25-171: REPLACE OR REPAIR THE SELF-CLOSING DOORS THAT IS MISSING OR DEFECTIVE HINGE AT HOPPER DOOR AT PUBLIC HALL, 4th STORY",2025-06-30,19.0,VIOLATION CLOSED,2025-10-09,Original,Close,N,2025,2025.0,2025-11-23,1426 days,1276 days,3,101 days,three to six months
3175,3244,283,3043550001,8,M,,765,STANLEY,AVENUE,11207,765 STANLEY AVENUE,260,BOULEVARD,2021-12-28,BROOKLYN,1441,both,15597298,809556,389892.0,3,765,765,765,STANLEY AVENUE,B,2022-12-07,2022-12-07,01/26/2023,01/12/2023,,,,583.0,8213185.0,"§ 27-2026, 2027 HMC: PROPERLY REPAIR THE SOURCE AND ABATE THE EVIDENCE OF A WATER LEAK AT SOUTH WALL IN THE 1st ROOM FROM NORTH AT WEST LOCATED AT APT 8F, 8th STORY, 1st APARTMENT FROM EAST AT SOUTH",2022-12-08,19.0,VIOLATION CLOSED,2025-10-30,Original,Close,N,2022,2022.0,2025-11-23,1426 days,344 days,0,1057 days,more than a year
3176,3245,283,3043550001,8,M,,765,STANLEY,AVENUE,11207,765 STANLEY AVENUE,260,BOULEVARD,2021-12-28,BROOKLYN,1441,both,15610413,809556,389892.0,3,765,765,765,STANLEY AVENUE,C,2022-12-14,2022-12-20,12/27/2022,12/15/2022,,,,666.0,8225882.0,"§ 27-2029 ADM CODE PROVIDE AN ADEQUATE SUPPLY OF HEAT FOR THE APARTMENT IN THE 2nd LIVING ROOM FROM NORTH LOCATED AT APT 4C, 3rd STORY, 1st APARTMENT FROM WEST AT NORTH",2022-12-21,19.0,VIOLATION CLOSED,2023-01-09,Original,Close,Y,2022,2022.0,2025-11-23,1426 days,351 days,0,19 days,one week to a month
3177,3246,283,3043550001,8,M,,765,STANLEY,AVENUE,11207,765 STANLEY AVENUE,260,BOULEVARD,2021-12-28,BROOKLYN,1441,both,15960378,809556,389892.0,3,765,765,765,STANLEY AVENUE,C,2023-05-01,2023-05-03,05/14/2023,05/02/2023,,,,670.0,8472669.0,"§ 27-2031 ADM CODE PROVIDE HOT WATER AT ALL HOT WATER FIXTURES IN THE ENTIRE APARTMENT LOCATED AT APT 8A, 8th STORY",2023-05-04,19.0,VIOLATION CLOSED,2025-01-13,Original,Close,Y,2023,2023.0,2025-11-23,1426 days,489 days,1,620 days,more than a year
3178,3247,283,3043550001,8,M,,765,STANLEY,AVENUE,11207,765 STANLEY AVENUE,260,BOULEVARD,2021-12-28,BROOKLYN,1441,both,17348775,809556,389892.0,3,765,765,765,STANLEY AVENUE,B,2024-10-14,2024-10-14,12/03/2024,11/19/2024,,,04/10/2025,508.0,9382009.0,"§ 27-2005 ADM CODE REPAIR THE BROKEN OR DEFECTIVE PLASTERED SURFACES AND PAINT IN A UNIFORM COLOR AT NORTH WALL, WEST WALL AND CEILING IN THE KITCHEN LOCATED AT APT 9A, 9th STORY, 2nd APARTMENT FROM SOUTH AT WEST",2024-10-15,22.0,FIRST NO ACCESS TO RE- INSPECT VIOLATION,2025-07-31,Original,Open,N,2024,2024.0,2025-11-23,1426 days,1021 days,2,404 days,more than a year
3179,3248,283,3043550001,8,M,,765,STANLEY,AVENUE,11207,765 STANLEY AVENUE,260,BOULEVARD,2021-12-28,BROOKLYN,1441,both,17348776,809556,389892.0,3,765,765,765,STANLEY AVENUE,B,2024-10-14,2024-10-14,12/03/2024,11/19/2024,,,04/10/2025,583.0,9382009.0,"§ 27-2026, 2027 HMC: PROPERLY REPAIR THE SOURCE AND ABATE THE EVIDENCE OF A WATER LEAK AT SOUTH CLOSET WALL AND CEILING IN THE PRIVATE HALLWAY LOCATED AT APT 9A, 9th STORY, 2nd APARTMENT FROM SOUTH AT WEST",2024-10-15,22.0,FIRST NO ACCESS TO RE- INSPECT VIOLATION,2025-07-31,Original,Open,N,2024,2024.0,2025-11-23,1426 days,1021 days,2,404 days,more than a year
3180,3249,283,3043550001,8,M,,765,STANLEY,AVENUE,11207,765 STANLEY AVENUE,260,BOULEVARD,2021-12-28,BROOKLYN,1441,both,15918084,809556,389892.0,3,765,765,765,STANLEY AVENUE,B,2022-12-07,2023-04-07,05/26/2023,05/12/2023,,,03/14/2025,550.0,8443500.0,"§ 27-2017.3 HMC: TRACE AND REPAIR THE SOURCE AND ABATE THE VISIBLE MOLD CONDITION... APPROX 5 SQFT AT CEILING IN THE BATHROOM LOCATED AT APT 8F, 8th STORY, 1st APARTMENT FROM EAST AT SOUTH ORIGINAL VIOLATION 15597297 ISSUED 07-DEC-22 HAS BEEN UPGRADED TO CLASS B PER ADMINISTRATIVE CODE §27-2017.3a(3)(a) or (b).",2023-04-07,20.0,DEFECT LETTER ISSUED,2025-10-30,Original,Open,N,2022,2023.0,2025-11-23,1426 days,344 days,0,961 days,more than a year
3181,3250,283,3043550001,8,M,,765,STANLEY,AVENUE,11207,765 STANLEY AVENUE,260,BOULEVARD,2021-12-28,BROOKLYN,1441,both,16488705,809556,389892.0,3,765,765,765,STANLEY AVENUE,A,2023-12-01,2023-12-01,03/22/2024,03/08/2024,,,,556.0,8831396.0,"§ 27-2013 ADM CODE PAINT WITH LIGHT COLORED PAINT TO THE SATISFACTION OF THIS DEPARTMENT THE CEILING IN THE 3rd ROOM FROM NORTH AT EAST LOCATED AT APT 14G, 14th STORY, 1st APARTMENT FROM SOUTH AT WEST",2023-12-04,19.0,VIOLATION CLOSED,2025-10-24,Original,Close,N,2023,2023.0,2025-11-23,1426 days,703 days,1,690 days,more than a year
3182,3251,283,3043550001,8,M,,765,STANLEY,AVENUE,11207,765 STANLEY AVENUE,260,BOULEVARD,2021-12-28,BROOKLYN,1441,both,18311310,809556,389892.0,3,765,765,765,STANLEY AVENUE,C,2025-10-20,2025-10-20,11/21/2025,11/16/2025,,,,568.0,10044682.0,"HMC ADM CODE: § 27-2017.4 ABATE THE INFESTATION CONSISTING OF ROACHES IN THE ENTIRE APARTMENT LOCATED AT APT 4C, 4th STORY, 1st APARTMENT FROM WEST AT NORTH",2025-10-21,47.0,NOTICE OF ISSUANCE SENT TO TENANT,2025-10-21,Original,Open,N,2025,2025.0,2025-11-23,1426 days,1392 days,3,33 days,one to three months
3183,3252,283,3043550001,8,M,,765,STANLEY,AVENUE,11207,765 STANLEY AVENUE,260,BOULEVARD,2021-12-28,BROOKLYN,1441,both,18311311,809556,389892.0,3,765,765,765,STANLEY AVENUE,C,2025-10-20,2025-10-20,11/21/2025,11/16/2025,,,,569.0,10044682.0,"HMC ADM CODE: § 27-2017.4 ABATE THE INFESTATION CONSISTING OF MICE IN THE ENTIRE APARTMENT LOCATED AT APT 4C, 4th STORY, 1st APARTMENT FROM WEST AT NORTH",2025-10-21,47.0,NOTICE OF ISSUANCE SENT TO TENANT,2025-10-21,Original,Open,N,2025,2025.0,2025-11-23,1426 days,1392 days,3,33 days,one to three months
3184,3253,283,3043550001,8,M,,765,STANLEY,AVENUE,11207,765 STANLEY AVENUE,260,BOULEVARD,2021-12-28,BROOKLYN,1441,both,18311313,809556,389892.0,3,765,765,765,STANLEY AVENUE,B,2025-10-20,2025-10-20,12/09/2025,11/25/2025,,,,501.0,10044681.0,"§ 27-2005 HMC: PROPERLY REPAIR OR REPLACE THE BROKEN OR DEFECTIVE RUBBER GASKET AT REFRIGERATOR DOOR IN THE KITCHEN LOCATED AT APT 4C, 4th STORY, 1st APARTMENT FROM WEST AT NORTH",2025-10-21,2.0,NOV SENT OUT,2025-10-21,Original,Open,N,2025,2025.0,2025-11-23,1426 days,1392 days,3,33 days,one to three months
3185,3254,283,3043550001,8,M,,765,STANLEY,AVENUE,11207,765 STANLEY AVENUE,260,BOULEVARD,2021-12-28,BROOKLYN,1441,both,18116924,809556,389892.0,3,765,765,765,STANLEY AVENUE,B,2025-07-22,2025-07-28,09/16/2025,09/02/2025,,,08/12/2025,522.0,9927805.0,"§ 27-2005, 2007 ADM CODE FIRE EGRESS DEFECTIVE. REMOVE OBSTRUCTING BARS OR UNLAWFUL GATES FROM AT LEAST 1 WINDOW OR PROVIDE APPROVED TYPE GATE IN THE ENTIRE APARTMENT LOCATED AT APT 1B, 1st STORY, 1st APARTMENT FROM WEST AT NORTH",2025-07-29,9.0,VIOLATION DISMISSED,2025-10-23,Original,Close,N,2025,2025.0,2025-11-23,1426 days,1302 days,3,86 days,one to three months
3186,3255,283,3043550001,8,M,,765,STANLEY,AVENUE,11207,765 STANLEY AVENUE,260,BOULEVARD,2021-12-28,BROOKLYN,1441,both,15364607,809556,389892.0,3,765,765,765,STANLEY AVENUE,C,2022-09-13,2022-09-14,10/16/2022,10/11/2022,,,12/05/2022,569.0,8038886.0,HMC ADM CODE: § 27-2017.4 ABATE THE INFESTATION CONSISTING OF MICE AT BASEMENT,2022-09-15,22.0,FIRST NO ACCESS TO RE- INSPECT VIOLATION,2025-01-13,Original,Open,N,2022,2022.0,2025-11-23,1426 days,259 days,0,1165 days,more than a year
3187,3256,283,3043550001,8,M,,765,STANLEY,AVENUE,11207,765 STANLEY AVENUE,260,BOULEVARD,2021-12-28,BROOKLYN,1441,both,16730020,809556,389892.0,3,765,765,765,STANLEY AVENUE,C,2024-03-09,2024-03-09,04/11/2024,04/06/2024,,,03/28/2024,569.0,8981809.0,"HMC ADM CODE: § 27-2017.4 ABATE THE INFESTATION CONSISTING OF MICE IN THE ENTIRE APARTMENT LOCATED AT APT 4C, 4th STORY, 1st APARTMENT FROM WEST AT NORTH",2024-03-11,9.0,VIOLATION DISMISSED,2024-06-10,Original,Close,N,2024,2024.0,2025-11-23,1426 days,802 days,2,91 days,three to six months
3188,3257,283,3043550001,8,M,,765,STANLEY,AVENUE,11207,765 STANLEY AVENUE,260,BOULEVARD,2021-12-28,BROOKLYN,1441,both,18375739,809556,389892.0,3,765,765,765,STANLEY AVENUE,A,2025-11-16,2025-11-16,03/06/2026,02/20/2026,,,,501.0,10083406.0,"§ 27-2005 HMC: PROPERLY REPAIR OR REPLACE THE BROKEN OR DEFECTIVE RUBBER DOOR SEAL AT REFRIGERATOR DOOR IN THE KITCHEN LOCATED AT APT 4C, 4th STORY, 1st APARTMENT FROM WEST AT NORTH",2025-11-17,2.0,NOV SENT OUT,2025-11-17,Original,Open,N,2025,2025.0,2025-11-23,1426 days,1419 days,3,6 days,a week or less
3189,3258,283,3043550001,8,M,,765,STANLEY,AVENUE,11207,765 STANLEY AVENUE,260,BOULEVARD,2021-12-28,BROOKLYN,1441,both,18375740,809556,389892.0,3,765,765,765,STANLEY AVENUE,B,2025-11-16,2025-11-16,01/05/2026,12/22/2025,,,,501.0,10083407.0,"§ 27-2005 HMC: PROPERLY REPAIR OR REPLACE THE BROKEN OR DEFECTIVE THE ENTRANCE DOOR IN THE FOYER LOCATED AT APT 4C, 4th STORY, 1st APARTMENT FROM WEST AT NORTH",2025-11-17,2.0,NOV SENT OUT,2025-11-17,Original,Open,N,2025,2025.0,2025-11-23,1426 days,1419 days,3,6 days,a week or less
3190,3259,283,3043550001,8,M,,765,STANLEY,AVENUE,11207,765 STANLEY AVENUE,260,BOULEVARD,2021-12-28,BROOKLYN,1441,both,18375741,809556,389892.0,3,765,765,765,STANLEY AVENUE,C,2025-11-16,2025-11-16,12/18/2025,12/13/2025,,,,568.0,10083408.0,"HMC ADM CODE: § 27-2017.4 ABATE THE INFESTATION CONSISTING OF ROACHES IN THE ENTIRE APARTMENT LOCATED AT APT 4C, 4th STORY, 1st APARTMENT FROM WEST AT NORTH",2025-11-17,47.0,NOTICE OF ISSUANCE SENT TO TENANT,2025-11-17,Original,Open,N,2025,2025.0,2025-11-23,1426 days,1419 days,3,6 days,a week or less
3191,3260,283,3043550001,8,M,,765,STANLEY,AVENUE,11207,765 STANLEY AVENUE,260,BOULEVARD,2021-12-28,BROOKLYN,1441,both,18380231,809556,389892.0,3,765,765,765,STANLEY AVENUE,A,2025-11-16,2025-11-16,03/06/2026,02/20/2026,,,,556.0,10083406.0,"§ 27-2013 ADM CODE PAINT WITH LIGHT COLORED PAINT TO THE SATISFACTION OF THIS DEPARTMENT ALL PEELING PAINT SURFACES IN THE FOYER LOCATED AT APT 4C, 4th STORY, 1st APARTMENT FROM WEST AT NORTH",2025-11-17,2.0,NOV SENT OUT,2025-11-17,Original,Open,N,2025,2025.0,2025-11-23,1426 days,1419 days,3,6 days,a week or less
3192,3261,283,3043550001,8,M,,765,STANLEY,AVENUE,11207,765 STANLEY AVENUE,260,BOULEVARD,2021-12-28,BROOKLYN,1441,both,18214922,809556,389892.0,3,765,765,765,STANLEY AVENUE,C,2025-09-04,2025-09-05,09/27/2025,09/22/2025,,,09/22/2025,530.0,9983358.0,"§ 27-2005, 27-2007, 27-2041.1 HMC, §238, § 309; § 107 (2) ( C) MDL AND 28 RCNY §25-171: REPLACE OR REPAIR THE SELF-CLOSING DOORS THAT IS MISSING OR DEFECTIVE HINGES, TO BOILER ROOM AT CELLAR",2025-09-08,22.0,FIRST NO ACCESS TO RE- INSPECT VIOLATION,2025-09-25,Original,Open,N,2025,2025.0,2025-11-23,1426 days,1346 days,3,76 days,one to three months
3193,3262,283,3043550001,8,M,,765,STANLEY,AVENUE,11207,765 STANLEY AVENUE,260,BOULEVARD,2021-12-28,BROOKLYN,1441,both,17605190,809556,389892.0,3,765,765,765,STANLEY AVENUE,C,2025-01-03,2025-01-06,01/26/2025,01/21/2025,,,01/24/2025,530.0,9568015.0,"§ 27-2005, 27-2007, 27-2041.1 HMC, §238, § 309; § 107 (2) ( C) MDL AND 28 RCNY §25-171: REPLACE OR REPAIR THE SELF-CLOSING DOORS THAT IS MISSING OR DEFECTIVE HINGES IN THE ENTRANCE LOCATED AT APT 14G, 14th STORY, 1st APARTMENT FROM SOUTH AT WEST",2025-01-07,19.0,VIOLATION CLOSED,2025-10-24,Original,Close,N,2025,2025.0,2025-11-23,1426 days,1102 days,3,290 days,six months to a year
3194,3263,283,3043550001,8,M,,765,STANLEY,AVENUE,11207,765 STANLEY AVENUE,260,BOULEVARD,2021-12-28,BROOKLYN,1441,both,17207293,809556,389892.0,3,765,765,765,STANLEY AVENUE,B,2024-08-19,2024-10-03,11/22/2024,11/08/2024,,,11/15/2024,501.0,9367054.0,"§ 27-2005 HMC: PROPERLY REPAIR OR REPLACE THE BROKEN OR DEFECTIVE CLOSET DOOR AT WEST WALL IN THE 2nd ROOM FROM NORTH LOCATED AT APT 4G, 4th STORY, 1st APARTMENT FROM SOUTH AT WEST",2024-10-04,9.0,VIOLATION DISMISSED,2025-01-27,Original,Close,N,2024,2024.0,2025-11-23,1426 days,965 days,2,115 days,three to six months
3195,3264,283,3043550001,8,M,,765,STANLEY,AVENUE,11207,765 STANLEY AVENUE,260,BOULEVARD,2021-12-28,BROOKLYN,1441,both,16030959,809556,389892.0,3,765,765,765,STANLEY AVENUE,B,2023-06-09,2023-06-09,07/31/2023,07/17/2023,,,02/25/2025,689.0,8519950.0,"§ 27-2005, 2006, 2037 HMC: PROPERLY REPAIR AND ABATE UNSAFE ELECTRIC WIRING CONDITION CONSISTING OF EXPOSE ELERTIC WIRE AT ALL WALLS IN THE KITCHEN LOCATED AT APT 1B, 1st STORY, 1st APARTMENT FROM WEST AT NORTH",2023-06-12,19.0,VIOLATION CLOSED,2025-07-26,Original,Close,N,2023,2023.0,2025-11-23,1426 days,528 days,1,775 days,more than a year
3196,3265,283,3043550001,8,M,,765,STANLEY,AVENUE,11207,765 STANLEY AVENUE,260,BOULEVARD,2021-12-28,BROOKLYN,1441,both,16030960,809556,389892.0,3,765,765,765,STANLEY AVENUE,B,2023-06-09,2023-06-09,07/31/2023,07/17/2023,,,02/25/2025,689.0,8519950.0,"§ 27-2005, 2006, 2037 HMC: PROPERLY REPAIR AND ABATE UNSAFE ELECTRIC WIRING CONDITION CONSISTING OF EXPOSE ELETRIC WIRE AT NORTH WALL IN THE BATHROOM LOCATED AT APT 1B, 1st STORY, 1st APARTMENT FROM WEST AT NORTH",2023-06-12,19.0,VIOLATION CLOSED,2025-07-26,Original,Close,N,2023,2023.0,2025-11-23,1426 days,528 days,1,775 days,more than a year
3197,3266,283,3043550001,8,M,,765,STANLEY,AVENUE,11207,765 STANLEY AVENUE,260,BOULEVARD,2021-12-28,BROOKLYN,1441,both,17747752,809556,389892.0,3,765,765,765,STANLEY AVENUE,C,2025-03-09,2025-03-09,04/10/2025,04/05/2025,,,03/27/2025,568.0,9663729.0,"HMC ADM CODE: § 27-2017.4 ABATE THE INFESTATION CONSISTING OF ROACHES IN THE ENTIRE APARTMENT LOCATED AT APT 4C, 4th STORY, 1st APARTMENT FROM WEST AT NORTH",2025-03-10,21.0,NOT COMPLIED WITH,2025-07-31,Original,Open,N,2025,2025.0,2025-11-23,1426 days,1167 days,3,258 days,six months to a year
3198,3267,283,3043550001,8,M,,765,STANLEY,AVENUE,11207,765 STANLEY AVENUE,260,BOULEVARD,2021-12-28,BROOKLYN,1441,both,17747753,809556,389892.0,3,765,765,765,STANLEY AVENUE,C,2025-03-09,2025-03-09,04/10/2025,04/05/2025,,,03/27/2025,569.0,9663729.0,"HMC ADM CODE: § 27-2017.4 ABATE THE INFESTATION CONSISTING OF MICE IN THE ENTIRE APARTMENT LOCATED AT APT 4C, 4th STORY, 1st APARTMENT FROM WEST AT NORTH",2025-03-10,21.0,NOT COMPLIED WITH,2025-07-31,Original,Open,N,2025,2025.0,2025-11-23,1426 days,1167 days,3,258 days,six months to a year
3199,3268,283,3043550001,8,M,,765,STANLEY,AVENUE,11207,765 STANLEY AVENUE,260,BOULEVARD,2021-12-28,BROOKLYN,1441,both,17747754,809556,389892.0,3,765,765,765,STANLEY AVENUE,C,2025-03-09,2025-03-09,03/29/2025,03/24/2025,,,05/08/2025,530.0,9663730.0,"§ 27-2005, 27-2007, 27-2041.1 HMC, §238, § 309; § 107 (2) ( C) MDL AND 28 RCNY §25-171: REPLACE OR REPAIR THE SELF-CLOSING DOORS THAT IS MISSING OR DEFECTIVE HINGES AT DOOR IN THE ENTRANCE LOCATED AT APT 4C, 4th STORY, 1st APARTMENT FROM WEST AT NORTH",2025-03-10,19.0,VIOLATION CLOSED,2025-06-08,Original,Close,N,2025,2025.0,2025-11-23,1426 days,1167 days,3,90 days,one to three months
3200,3269,283,3043550001,8,M,,765,STANLEY,AVENUE,11207,765 STANLEY AVENUE,260,BOULEVARD,2021-12-28,BROOKLYN,1441,both,17747755,809556,389892.0,3,765,765,765,STANLEY AVENUE,B,2025-03-09,2025-03-09,04/28/2025,04/14/2025,,,05/08/2025,501.0,9663728.0,"§ 27-2005 HMC: PROPERLY REPAIR OR REPLACE THE BROKEN OR DEFECTIVE LATCH SET IN THE ENTRANCE LOCATED AT APT 4C, 4th STORY, 1st APARTMENT FROM WEST AT NORTH",2025-03-10,19.0,VIOLATION CLOSED,2025-06-08,Original,Close,N,2025,2025.0,2025-11-23,1426 days,1167 days,3,90 days,one to three months
3201,3270,283,3043550001,8,M,,765,STANLEY,AVENUE,11207,765 STANLEY AVENUE,260,BOULEVARD,2021-12-28,BROOKLYN,1441,both,17605177,809556,389892.0,3,765,765,765,STANLEY AVENUE,C,2025-01-03,2025-01-06,01/26/2025,01/21/2025,,,03/13/2025,530.0,9568014.0,"§ 27-2005, 27-2007, 27-2041.1 HMC, §238, § 309; § 107 (2) ( C) MDL AND 28 RCNY §25-171: REPLACE OR REPAIR THE SELF-CLOSING DOORS THAT IS MISSING OR DEFECTIVE HINGES AT HOPPER DOOR AT PUBLIC HALL, 1st STORY",2025-01-07,19.0,VIOLATION CLOSED,2025-06-26,Original,Close,N,2025,2025.0,2025-11-23,1426 days,1102 days,3,170 days,three to six months
3202,3271,283,3043550001,8,M,,765,STANLEY,AVENUE,11207,765 STANLEY AVENUE,260,BOULEVARD,2021-12-28,BROOKLYN,1441,both,17747751,809556,389892.0,3,765,765,765,STANLEY AVENUE,C,2025-03-09,2025-03-09,03/22/2025,03/10/2025,,,03/13/2025,670.0,9661192.0,"§ 27-2031 ADM CODE PROVIDE HOT WATER AT ALL HOT WATER FIXTURES IN THE ENTIRE APARTMENT LOCATED AT APT 4C, 4th STORY, 1st APARTMENT FROM WEST AT NORTH",2025-03-10,9.0,VIOLATION DISMISSED,2025-05-27,Original,Close,Y,2025,2025.0,2025-11-23,1426 days,1167 days,3,78 days,one to three months
3203,3272,283,3043550001,8,M,,765,STANLEY,AVENUE,11207,765 STANLEY AVENUE,260,BOULEVARD,2021-12-28,BROOKLYN,1441,both,17780873,809556,389892.0,3,765,765,765,STANLEY AVENUE,B,2025-03-24,2025-03-24,05/13/2025,04/29/2025,,,,501.0,9685672.0,"§ 27-2005 HMC: PROPERLY REPAIR OR REPLACE THE BROKEN OR DEFECTIVE FIRE RATED DOOR IN THE ENTRANCE LOCATED AT APT 4C, 4th STORY, 1st APARTMENT FROM WEST AT NORTH",2025-03-25,19.0,VIOLATION CLOSED,2025-06-08,Original,Close,N,2025,2025.0,2025-11-23,1426 days,1182 days,3,75 days,one to three months
3204,3273,283,3043550001,8,M,,765,STANLEY,AVENUE,11207,765 STANLEY AVENUE,260,BOULEVARD,2021-12-28,BROOKLYN,1441,both,17780874,809556,389892.0,3,765,765,765,STANLEY AVENUE,B,2025-03-24,2025-03-24,05/13/2025,04/29/2025,,,05/22/2025,501.0,9685672.0,"§ 27-2005 HMC: PROPERLY REPAIR OR REPLACE THE BROKEN OR DEFECTIVE RUBBER GASKET AT THE REFRIGERATOR DOOR IN THE KITCHEN LOCATED AT APT 4C, 4th STORY, 1st APARTMENT FROM WEST AT NORTH",2025-03-25,19.0,VIOLATION CLOSED,2025-06-08,Original,Close,N,2025,2025.0,2025-11-23,1426 days,1182 days,3,75 days,one to three months
3205,3274,283,3043550001,8,M,,765,STANLEY,AVENUE,11207,765 STANLEY AVENUE,260,BOULEVARD,2021-12-28,BROOKLYN,1441,both,17780872,809556,389892.0,3,765,765,765,STANLEY AVENUE,C,2025-03-24,2025-03-24,04/25/2025,04/20/2025,,,04/02/2025,568.0,9685673.0,"HMC ADM CODE: § 27-2017.4 ABATE THE INFESTATION CONSISTING OF ROACHES IN THE ENTIRE APARTMENT LOCATED AT APT 4C, 4th STORY, 1st APARTMENT FROM WEST AT NORTH",2025-03-25,21.0,NOT COMPLIED WITH,2025-07-31,Original,Open,N,2025,2025.0,2025-11-23,1426 days,1182 days,3,243 days,six months to a year
3206,3275,283,3043550001,8,M,,765,STANLEY,AVENUE,11207,765 STANLEY AVENUE,260,BOULEVARD,2021-12-28,BROOKLYN,1441,both,17348777,809556,389892.0,3,765,765,765,STANLEY AVENUE,B,2024-10-14,2024-10-14,12/03/2024,11/19/2024,,,04/10/2025,508.0,9382009.0,"§ 27-2005 ADM CODE REPAIR THE BROKEN OR DEFECTIVE PLASTERED SURFACES AND PAINT IN A UNIFORM COLOR SOUTH CLOSET WALL AND CEILING IN THE PRIVATE HALLWAY LOCATED AT APT 9A, 9th STORY, 2nd APARTMENT FROM SOUTH AT WEST",2024-10-15,22.0,FIRST NO ACCESS TO RE- INSPECT VIOLATION,2025-07-31,Original,Open,N,2024,2024.0,2025-11-23,1426 days,1021 days,2,404 days,more than a year
3207,3276,283,3043550001,8,M,,765,STANLEY,AVENUE,11207,765 STANLEY AVENUE,260,BOULEVARD,2021-12-28,BROOKLYN,1441,both,17348778,809556,389892.0,3,765,765,765,STANLEY AVENUE,B,2024-10-14,2024-10-14,12/03/2024,11/19/2024,,,04/10/2025,508.0,9382009.0,"§ 27-2005 ADM CODE REPAIR THE BROKEN OR DEFECTIVE PLASTERED SURFACES AND PAINT IN A UNIFORM COLOR AT CEILING AND SOUTH WALL IN THE BATHROOM LOCATED AT APT 9A, 9th STORY, 2nd APARTMENT FROM SOUTH AT WEST",2024-10-15,22.0,FIRST NO ACCESS TO RE- INSPECT VIOLATION,2025-07-31,Original,Open,N,2024,2024.0,2025-11-23,1426 days,1021 days,2,404 days,more than a year
3208,3277,283,3043550001,8,M,,765,STANLEY,AVENUE,11207,765 STANLEY AVENUE,260,BOULEVARD,2021-12-28,BROOKLYN,1441,both,17348779,809556,389892.0,3,765,765,765,STANLEY AVENUE,B,2024-10-14,2024-10-14,12/03/2024,11/19/2024,,,04/10/2025,583.0,9382009.0,"§ 27-2026, 2027 HMC: PROPERLY REPAIR THE SOURCE AND ABATE THE EVIDENCE OF A WATER LEAK AT CEILING IN THE BATHROOM LOCATED AT APT 9A, 9th STORY, 2nd APARTMENT FROM SOUTH AT WEST",2024-10-15,22.0,FIRST NO ACCESS TO RE- INSPECT VIOLATION,2025-07-31,Original,Open,N,2024,2024.0,2025-11-23,1426 days,1021 days,2,404 days,more than a year
3209,3278,285,3043550001,9,M,,804,ASHFORD,STREET,11207,804 ASHFORD STREET,260,BOULEVARD,2021-12-28,BROOKLYN,1441,both,16171863,185128,389893.0,3,804,804,828,ASHFORD STREET,C,2023-08-17,2023-08-18,09/21/2023,09/16/2023,,,09/21/2023,791.0,8606975.0,§ 27-2043.1 HMC INSTALL THE MISSING OR REPAIR/REPLACE THE DEFECTIVE WINDOW GUARD(S) THROUGHOUT THE PUBLIC AREAS IN ACCORDANCE WITH THE SPECIFICATIONS OF THE NEW YORK CITY HEALTH CODE SECTION 24 RCNY CHAPTER 12.,2023-08-21,9.0,VIOLATION DISMISSED,2023-12-04,Original,Close,N,2023,2023.0,2025-11-23,1426 days,597 days,1,105 days,three to six months
3210,3279,285,3043550001,9,M,,804,ASHFORD,STREET,11207,804 ASHFORD STREET,260,BOULEVARD,2021-12-28,BROOKLYN,1441,both,17570896,185128,389893.0,3,804,804,828,ASHFORD STREET,B,2024-08-19,2024-12-19,02/06/2025,01/23/2025,,,03/20/2025,550.0,9543672.0,"§ 27-2017.3 HMC: TRACE AND REPAIR THE SOURCE AND ABATE THE VISIBLE MOLD CONDITION... LESS THAN 10 SQ FEET AT WEST WALL IN THE BATHROOM LOCATED AT APT 6F, 6th STORY, 1st APARTMENT FROM EAST AT SOUTH ORIGINAL VIOLATION 17206756 ISSUED 19-AUG-24 HAS BEEN UPGRADED TO CLASS B PER ADMINISTRATIVE CODE §27-2017.3a(3)(a) or (b).",2024-12-19,20.0,DEFECT LETTER ISSUED,2025-10-01,Original,Open,N,2024,2024.0,2025-11-23,1426 days,965 days,2,339 days,six months to a year
3211,3280,285,3043550001,9,M,,804,ASHFORD,STREET,11207,804 ASHFORD STREET,260,BOULEVARD,2021-12-28,BROOKLYN,1441,both,17629869,185128,389893.0,3,804,804,828,ASHFORD STREET,C,2025-01-17,2025-01-17,01/30/2025,01/18/2025,,,03/13/2025,670.0,9586043.0,"§ 27-2031 ADM CODE PROVIDE HOT WATER AT ALL HOT WATER FIXTURES IN THE KITCHEN LOCATED AT APT 5B, 5th STORY, 2nd APARTMENT FROM SOUTH AT WEST",2025-01-21,4.0,NOV CERTIFIED LATE,2025-03-13,Original,Open,Y,2025,2025.0,2025-11-23,1426 days,1116 days,3,306 days,six months to a year
3212,3281,285,3043550001,9,M,,804,ASHFORD,STREET,11207,804 ASHFORD STREET,260,BOULEVARD,2021-12-28,BROOKLYN,1441,both,16171864,185128,389893.0,3,804,804,828,ASHFORD STREET,A,2023-08-17,2023-08-18,12/08/2023,11/24/2023,,,09/07/2023,500.0,8606973.0,"§ 26-1103 ADMIN. CODE: POST AND MAINTAIN A PROPER NOTICE ON WALL OF THE ENTRANCE STORY IN ENGLISH AND SPANISH ON THE AVAILABILITY OF THE AGENCYS HOUSING INFORMATION GUIDE. A SAMPLE NOTICE CAN BE FOUND AT WWW.NYC.GOV/HPD. AT PUBLIC HALL, 1st STORY",2023-08-21,9.0,VIOLATION DISMISSED,2023-11-20,Original,Close,N,2023,2023.0,2025-11-23,1426 days,597 days,1,91 days,three to six months
3213,3282,285,3043550001,9,M,,804,ASHFORD,STREET,11207,804 ASHFORD STREET,260,BOULEVARD,2021-12-28,BROOKLYN,1441,both,16171866,185128,389893.0,3,804,804,828,ASHFORD STREET,A,2023-08-17,2023-08-18,12/08/2023,11/24/2023,,,09/07/2023,778.0,8606973.0,"§ 27-2104 ADM CODE POST AND MAINTAIN A PROPER SIGN ON WALL OF ENTRANCE STORY SHOWING THE REGISTRATION NUMBER ASSIGNED BY THE DEPARTMENT AND THE ADDRESS OF THE BUILDING. AT PUBLIC HALL, 1st STORY",2023-08-21,9.0,VIOLATION DISMISSED,2023-11-20,Original,Close,N,2023,2023.0,2025-11-23,1426 days,597 days,1,91 days,three to six months
3214,3283,285,3043550001,9,M,,804,ASHFORD,STREET,11207,804 ASHFORD STREET,260,BOULEVARD,2021-12-28,BROOKLYN,1441,both,16171867,185128,389893.0,3,804,804,828,ASHFORD STREET,A,2023-08-17,2023-08-18,12/08/2023,11/24/2023,,,09/07/2023,700.0,8606973.0,"§ 27-2045 ADM CODE POST A PROPER NOTICE OF SMOKE DETECTOR REQUIREMENTS, IN A FORM APPROVED BY THE COMMISSIONER, AT OR NEAR THE MAIL BOX MISSING AT PUBLIC HALL, 1st STORY",2023-08-21,9.0,VIOLATION DISMISSED,2023-11-20,Original,Close,N,2023,2023.0,2025-11-23,1426 days,597 days,1,91 days,three to six months
3215,3284,285,3043550001,9,M,,804,ASHFORD,STREET,11207,804 ASHFORD STREET,260,BOULEVARD,2021-12-28,BROOKLYN,1441,both,17388357,185128,389893.0,3,804,804,828,ASHFORD STREET,A,2024-10-31,2024-10-31,02/18/2025,02/04/2025,,,02/14/2025,506.0,9409072.0,"§ 27-2005 ADM CODE REPLACE WITH NEW THE MISSING SHUT OFF VALVE HANDLE AT EAST WALL RADIATOR IN THE KITCHEN LOCATED AT APT 3A, 3rd STORY, 1st APARTMENT FROM NORTH AT EAST",2024-11-01,9.0,VIOLATION DISMISSED,2025-04-28,Original,Close,N,2024,2024.0,2025-11-23,1426 days,1038 days,2,178 days,three to six months
3216,3285,285,3043550001,9,M,,804,ASHFORD,STREET,11207,804 ASHFORD STREET,260,BOULEVARD,2021-12-28,BROOKLYN,1441,both,17388358,185128,389893.0,3,804,804,828,ASHFORD STREET,B,2024-10-31,2024-10-31,12/20/2024,12/06/2024,,,03/20/2025,501.0,9409073.0,"§ 27-2005 HMC: PROPERLY REPAIR OR REPLACE THE BROKEN OR DEFECTIVE KEY OPERATED MORTISE LOCKING DEVICE AT DOOR IN THE ENTRANCE LOCATED AT APT 3A, 3rd STORY, 1st APARTMENT FROM NORTH AT EAST",2024-11-01,19.0,VIOLATION CLOSED,2025-05-28,Original,Close,N,2024,2024.0,2025-11-23,1426 days,1038 days,2,208 days,six months to a year
3217,3286,285,3043550001,9,M,,804,ASHFORD,STREET,11207,804 ASHFORD STREET,260,BOULEVARD,2021-12-28,BROOKLYN,1441,both,17087108,185128,389893.0,3,804,804,828,ASHFORD STREET,C,2024-07-01,2024-07-16,08/05/2024,07/31/2024,,,03/20/2025,530.0,9247896.0,"§ 27-2005, 27-2007, 27-2041.1 HMC, §238, § 309; § 107 (2) ( C) MDL AND 28 RCNY §25-171: REPLACE OR REPAIR THE SELF-CLOSING DOORS THAT IS MISSING OR DEFECTIVE HINGES IN THE ENTRANCE LOCATED AT APT 6F, 6th STORY, 1st APARTMENT FROM EAST AT SOUTH",2024-07-17,19.0,VIOLATION CLOSED,2025-05-28,Original,Close,N,2024,2024.0,2025-11-23,1426 days,916 days,2,315 days,six months to a year
3218,3287,285,3043550001,9,M,,804,ASHFORD,STREET,11207,804 ASHFORD STREET,260,BOULEVARD,2021-12-28,BROOKLYN,1441,both,15822678,185128,389893.0,3,804,804,828,ASHFORD STREET,A,2023-03-21,2023-03-21,07/08/2023,06/24/2023,,,,1507.0,8361428.0,"(A) § HMC:FILE ANNUAL BEDBUG REPORT IN ACCORDANCE WITH HPD RULE AS DESCRIBED ON THE BACK OF THIS NOTICE OF VIOLATION OR AS DESCRIBED ON HPDS WEBSITE, WWW.NYC.GOV\HPD, SEARCH BED BUGS.",2023-03-21,9.0,VIOLATION DISMISSED,2023-12-04,Original,Close,N,2023,2023.0,2025-11-23,1426 days,448 days,1,258 days,six months to a year
3219,3288,285,3043550001,9,M,,804,ASHFORD,STREET,11207,804 ASHFORD STREET,260,BOULEVARD,2021-12-28,BROOKLYN,1441,both,15999556,185128,389893.0,3,804,804,828,ASHFORD STREET,A,2023-05-24,2023-05-24,09/11/2023,08/28/2023,,,09/07/2023,772.0,8499120.0,§ 27-2098 ADM CODE FILE WITH THIS DEPARTMENT A REGISTRATION STATEMENT FOR BUILDING.,2023-05-25,9.0,VIOLATION DISMISSED,2023-11-20,Original,Close,Y,2023,2023.0,2025-11-23,1426 days,512 days,1,179 days,three to six months
3220,3289,285,3043550001,9,M,,804,ASHFORD,STREET,11207,804 ASHFORD STREET,260,BOULEVARD,2021-12-28,BROOKLYN,1441,both,15999557,185128,389893.0,3,804,804,828,ASHFORD STREET,A,2023-05-24,2023-05-24,09/11/2023,08/28/2023,,,09/07/2023,778.0,8499120.0,"§ 27-2104 ADM CODE POST AND MAINTAIN A PROPER SIGN ON WALL OF ENTRANCE STORY SHOWING THE REGISTRATION NUMBER ASSIGNED BY THE DEPARTMENT AND THE ADDRESS OF THE BUILDING. AT LOBBY, 1st STORY",2023-05-25,9.0,VIOLATION DISMISSED,2023-11-20,Original,Close,N,2023,2023.0,2025-11-23,1426 days,512 days,1,179 days,three to six months
3221,3290,285,3043550001,9,M,,804,ASHFORD,STREET,11207,804 ASHFORD STREET,260,BOULEVARD,2021-12-28,BROOKLYN,1441,both,15999558,185128,389893.0,3,804,804,828,ASHFORD STREET,A,2023-05-24,2023-05-24,09/11/2023,08/28/2023,,,09/07/2023,500.0,8499120.0,"§ 26-1103 ADMIN. CODE: POST AND MAINTAIN A PROPER NOTICE ON WALL OF THE ENTRANCE STORY IN ENGLISH AND SPANISH ON THE AVAILABILITY OF THE AGENCYS HOUSING INFORMATION GUIDE. A SAMPLE NOTICE CAN BE FOUND AT WWW.NYC.GOV/HPD. AT LOBBY, 1st STORY",2023-05-25,9.0,VIOLATION DISMISSED,2023-11-20,Original,Close,N,2023,2023.0,2025-11-23,1426 days,512 days,1,179 days,three to six months
3222,3291,285,3043550001,9,M,,804,ASHFORD,STREET,11207,804 ASHFORD STREET,260,BOULEVARD,2021-12-28,BROOKLYN,1441,both,16171865,185128,389893.0,3,804,804,828,ASHFORD STREET,A,2023-08-17,2023-08-18,12/08/2023,11/24/2023,,,09/07/2023,1506.0,8606973.0,"§ 27-2005 HMC: POST, IN A FORM APPROVED BY THE COMMISSIONER, AND MAINTAIN A NOTICE IN A COMMON AREA OF THE BUILDING REGARDING THE PROCEDURES THAT SHOULD BE FOLLOWED WHEN A GAS LEAK IS SUSPECTED AT PUBLIC HALL, 1st STORY",2023-08-21,9.0,VIOLATION DISMISSED,2023-11-20,Original,Close,N,2023,2023.0,2025-11-23,1426 days,597 days,1,91 days,three to six months
3223,3292,285,3043550001,9,M,,804,ASHFORD,STREET,11207,804 ASHFORD STREET,260,BOULEVARD,2021-12-28,BROOKLYN,1441,both,16171868,185128,389893.0,3,804,804,828,ASHFORD STREET,A,2023-08-17,2023-08-18,12/08/2023,11/24/2023,,,09/07/2023,1501.0,8606973.0,"§ 27-2046.1 HMC: POST A PROPER NOTICE OF CARBON MONOXIDE DETECTING DEVICE REQUIREMENTS, IN A FORM APPROVED BY THE COMMISSIONER, IN A COMMON AREA OF A CLASS A MULTIPLE DWELLING NEAR INSPECTION CERTIFICATE OR PROVIDE NOTICE TO TENANTS IN A PRIVATE DWELLING.",2023-08-21,9.0,VIOLATION DISMISSED,2023-11-20,Original,Close,N,2023,2023.0,2025-11-23,1426 days,597 days,1,91 days,three to six months
3224,3293,285,3043550001,9,M,,804,ASHFORD,STREET,11207,804 ASHFORD STREET,260,BOULEVARD,2021-12-28,BROOKLYN,1441,both,17206756,185128,389893.0,3,804,804,828,ASHFORD STREET,A,2024-08-19,2024-08-20,12/08/2024,11/24/2024,,,,550.0,9299742.0,"§ 27-2017.3 HMC: TRACE AND REPAIR THE SOURCE AND ABATE THE VISIBLE MOLD CONDITION... LESS THAN 10 SQ FEET AT WEST WALL IN THE BATHROOM LOCATED AT APT 6F, 6th STORY, 1st APARTMENT FROM EAST AT SOUTH",2024-08-21,19.0,VIOLATION CLOSED,2024-12-19,Original,Close,N,2024,2024.0,2025-11-23,1426 days,965 days,2,120 days,three to six months
3225,3294,285,3043550001,9,M,,804,ASHFORD,STREET,11207,804 ASHFORD STREET,260,BOULEVARD,2021-12-28,BROOKLYN,1441,both,17388359,185128,389893.0,3,804,804,828,ASHFORD STREET,B,2024-10-31,2024-10-31,12/20/2024,12/06/2024,,,03/20/2025,506.0,9409073.0,"§ 27-2005 ADM CODE REPLACE WITH NEW THE MISSING SHUT OFF VALVE HANDLE AT EAST WALL RADIATOR IN THE 1st ROOM FROM NORTH LOCATED AT APT 3A, 3rd STORY, 1st APARTMENT FROM NORTH AT EAST",2024-11-01,19.0,VIOLATION CLOSED,2025-05-28,Original,Close,N,2024,2024.0,2025-11-23,1426 days,1038 days,2,208 days,six months to a year
3226,3295,285,3043550001,9,M,,804,ASHFORD,STREET,11207,804 ASHFORD STREET,260,BOULEVARD,2021-12-28,BROOKLYN,1441,both,17405535,185128,389893.0,3,804,804,828,ASHFORD STREET,A,2024-11-08,2024-11-08,03/01/2025,02/15/2025,,,02/28/2025,556.0,9421994.0,"§ 27-2013 ADM CODE PAINT WITH LIGHT COLORED PAINT TO THE SATISFACTION OF THIS DEPARTMENT THE WEST WALL IN THE BATHROOM LOCATED AT APT 6F, 6th STORY, 1st APARTMENT FROM EAST AT SOUTH",2024-11-12,9.0,VIOLATION DISMISSED,2025-05-12,Original,Close,N,2024,2024.0,2025-11-23,1426 days,1046 days,2,181 days,six months to a year
3227,3296,285,3043550001,9,M,,804,ASHFORD,STREET,11207,804 ASHFORD STREET,260,BOULEVARD,2021-12-28,BROOKLYN,1441,both,17405536,185128,389893.0,3,804,804,828,ASHFORD STREET,B,2024-11-08,2024-11-12,01/01/2025,12/18/2024,,,,649.0,9424751.0,"§ 27-2026 ADM CODE REMOVE ALL OBSTRUCTIONS AND REPAIR ALL DEFECTS IN WASTE LINE AT WASH BASIN IN THE BATHROOM LOCATED AT APT 6F, 6th STORY, 1st APARTMENT FROM EAST AT SOUTH",2024-11-13,19.0,VIOLATION CLOSED,2025-05-28,Original,Close,Y,2024,2024.0,2025-11-23,1426 days,1046 days,2,196 days,six months to a year
3228,3297,285,3043550001,9,M,,804,ASHFORD,STREET,11207,804 ASHFORD STREET,260,BOULEVARD,2021-12-28,BROOKLYN,1441,both,17405538,185128,389893.0,3,804,804,828,ASHFORD STREET,B,2024-11-08,2024-11-08,12/31/2024,12/17/2024,,,03/20/2025,508.0,9421996.0,"§ 27-2005 ADM CODE REPAIR THE BROKEN OR DEFECTIVE PLASTERED SURFACES AND PAINT IN A UNIFORM COLOR THE NORTH WALL IN THE 1st ROOM FROM NORTH LOCATED AT APT 6F, 6th STORY, 1st APARTMENT FROM EAST AT SOUTH",2024-11-12,19.0,VIOLATION CLOSED,2025-05-28,Original,Close,N,2024,2024.0,2025-11-23,1426 days,1046 days,2,197 days,six months to a year
3229,3298,285,3043550001,9,M,,804,ASHFORD,STREET,11207,804 ASHFORD STREET,260,BOULEVARD,2021-12-28,BROOKLYN,1441,both,17558194,185128,389893.0,3,804,804,828,ASHFORD STREET,C,2024-12-16,2024-12-17,12/29/2024,12/17/2024,,,12/20/2024,670.0,9541105.0,"§ 27-2031 ADM CODE PROVIDE HOT WATER AT ALL HOT WATER FIXTURES IN THE ENTIRE APARTMENT LOCATED AT APT 6E, 6th STORY, 2nd APARTMENT FROM NORTH AT EAST",2024-12-18,9.0,VIOLATION DISMISSED,2025-03-03,Original,Close,Y,2024,2024.0,2025-11-23,1426 days,1084 days,2,75 days,one to three months
3230,3299,285,3043550001,9,M,,804,ASHFORD,STREET,11207,804 ASHFORD STREET,260,BOULEVARD,2021-12-28,BROOKLYN,1441,both,17558195,185128,389893.0,3,804,804,828,ASHFORD STREET,C,2024-12-16,2024-12-18,01/01/2025,12/25/2024,,,03/20/2025,501.0,9543673.0,"§ 27-2005 HMC: PROPERLY REPAIR OR REPLACE THE BROKEN OR DEFECTIVE RADIATOR IN THE 1st ROOM FROM EAST LOCATED AT APT 6E, 6th STORY, 2nd APARTMENT FROM NORTH AT EAST",2024-12-19,22.0,FIRST NO ACCESS TO RE- INSPECT VIOLATION,2025-06-04,Original,Open,N,2024,2024.0,2025-11-23,1426 days,1084 days,2,339 days,six months to a year
3231,3300,285,3043550001,9,M,,804,ASHFORD,STREET,11207,804 ASHFORD STREET,260,BOULEVARD,2021-12-28,BROOKLYN,1441,both,17558196,185128,389893.0,3,804,804,828,ASHFORD STREET,C,2024-12-16,2024-12-18,01/01/2025,12/25/2024,,,03/20/2025,501.0,9543673.0,"§ 27-2005 HMC: PROPERLY REPAIR OR REPLACE THE BROKEN OR DEFECTIVE RADIATOR IN THE 5th ROOM FROM EAST LOCATED AT APT 6E, 6th STORY, 2nd APARTMENT FROM NORTH AT EAST",2024-12-19,22.0,FIRST NO ACCESS TO RE- INSPECT VIOLATION,2025-06-04,Original,Open,N,2024,2024.0,2025-11-23,1426 days,1084 days,2,339 days,six months to a year
3232,3301,285,3043550001,9,M,,804,ASHFORD,STREET,11207,804 ASHFORD STREET,260,BOULEVARD,2021-12-28,BROOKLYN,1441,both,17629870,185128,389893.0,3,804,804,828,ASHFORD STREET,C,2025-01-17,2025-01-19,02/03/2025,01/27/2025,,,02/14/2025,672.0,9588148.0,§ 27-2033 ADM CODE PROVIDE READY ACCESS TO BUILDINGS HEATING SYSTEM LOCKED DOOR AT BOILER ROOM,2025-01-21,19.0,VIOLATION CLOSED,2025-05-28,Original,Close,N,2025,2025.0,2025-11-23,1426 days,1116 days,3,127 days,three to six months
3233,3302,285,3043550001,9,M,,804,ASHFORD,STREET,11207,804 ASHFORD STREET,260,BOULEVARD,2021-12-28,BROOKLYN,1441,both,17629871,185128,389893.0,3,804,804,828,ASHFORD STREET,B,2025-01-17,2025-01-19,03/11/2025,02/25/2025,,,02/28/2025,501.0,9588147.0,"§ 27-2005 HMC: PROPERLY REPAIR OR REPLACE THE BROKEN OR DEFECTIVE INOPERATIVE RADIATOR AT NORTH WALL IN THE KITCHEN LOCATED AT APT 5B, 5th STORY, 2nd APARTMENT FROM SOUTH AT WEST",2025-01-21,9.0,VIOLATION DISMISSED,2025-05-12,Original,Close,N,2025,2025.0,2025-11-23,1426 days,1116 days,3,111 days,three to six months
3234,3303,285,3043550001,9,M,,804,ASHFORD,STREET,11207,804 ASHFORD STREET,260,BOULEVARD,2021-12-28,BROOKLYN,1441,both,17629872,185128,389893.0,3,804,804,828,ASHFORD STREET,B,2025-01-17,2025-01-19,03/11/2025,02/25/2025,,,02/28/2025,501.0,9588147.0,"§ 27-2005 HMC: PROPERLY REPAIR OR REPLACE THE BROKEN OR DEFECTIVE INOPERATIVE RADIATOR AT NORTH WALL IN THE 1st ROOM FROM EAST AT NORTH LOCATED AT APT 5B, 5th STORY, 2nd APARTMENT FROM SOUTH AT WEST",2025-01-21,9.0,VIOLATION DISMISSED,2025-05-12,Original,Close,N,2025,2025.0,2025-11-23,1426 days,1116 days,3,111 days,three to six months
3235,3304,285,3043550001,9,M,,804,ASHFORD,STREET,11207,804 ASHFORD STREET,260,BOULEVARD,2021-12-28,BROOKLYN,1441,both,17629873,185128,389893.0,3,804,804,828,ASHFORD STREET,C,2025-01-17,2025-01-19,02/21/2025,02/16/2025,,,02/14/2025,568.0,9588149.0,"HMC ADM CODE: § 27-2017.4 ABATE THE INFESTATION CONSISTING OF ROACHES IN THE ENTIRE APARTMENT LOCATED AT APT 5B, 5th STORY, 2nd APARTMENT FROM SOUTH AT WEST",2025-01-21,9.0,VIOLATION DISMISSED,2025-04-28,Original,Close,N,2025,2025.0,2025-11-23,1426 days,1116 days,3,97 days,three to six months
3236,3305,285,3043550001,9,M,,804,ASHFORD,STREET,11207,804 ASHFORD STREET,260,BOULEVARD,2021-12-28,BROOKLYN,1441,both,14903732,185128,389893.0,3,804,804,828,ASHFORD STREET,A,2022-02-23,2022-02-23,06/12/2022,05/29/2022,,,,1507.0,7701783.0,"(A) § HMC:FILE ANNUAL BEDBUG REPORT IN ACCORDANCE WITH HPD RULE AS DESCRIBED ON THE BACK OF THIS NOTICE OF VIOLATION OR AS DESCRIBED ON HPDS WEBSITE, WWW.NYC.GOV\HPD, SEARCH BED BUGS.",2022-02-23,9.0,VIOLATION DISMISSED,2022-07-25,Original,Close,N,2022,2022.0,2025-11-23,1426 days,57 days,0,152 days,three to six months
3237,3306,285,3043550001,9,M,,804,ASHFORD,STREET,11207,804 ASHFORD STREET,260,BOULEVARD,2021-12-28,BROOKLYN,1441,both,17663520,185128,389893.0,3,804,804,828,ASHFORD STREET,C,2025-01-31,2025-01-31,02/16/2025,02/09/2025,,,02/25/2025,577.0,9609961.0,"§ 27-2024 ADM CODE PROVIDE ADEQUATE SUPPLY OF HOT WATER FOR THE FIXTURES .. IN THE KITCHEN LOCATED AT APT 6F, 6th STORY, 1st APARTMENT FROM EAST AT SOUTH",2025-02-03,19.0,VIOLATION CLOSED,2025-05-28,Original,Close,Y,2025,2025.0,2025-11-23,1426 days,1130 days,3,114 days,three to six months
3238,3307,285,3043550001,9,M,,804,ASHFORD,STREET,11207,804 ASHFORD STREET,260,BOULEVARD,2021-12-28,BROOKLYN,1441,both,17405537,185128,389893.0,3,804,804,828,ASHFORD STREET,A,2024-11-08,2024-11-08,03/01/2025,02/15/2025,,,02/28/2025,554.0,9421995.0,"§ 27-2005 ADM CODE PAINT METAL IN ACCORDANCE WITH DEPT. REGULATION THE RISER IN THE BATHROOM LOCATED AT APT 6F, 6th STORY, 1st APARTMENT FROM EAST AT SOUTH",2024-11-12,9.0,VIOLATION DISMISSED,2025-05-12,Original,Close,N,2024,2024.0,2025-11-23,1426 days,1046 days,2,181 days,six months to a year
3239,3308,285,3043550001,9,M,,804,ASHFORD,STREET,11207,804 ASHFORD STREET,260,BOULEVARD,2021-12-28,BROOKLYN,1441,both,17176346,185128,389893.0,3,804,804,828,ASHFORD STREET,B,2024-08-08,2024-08-08,09/27/2024,09/13/2024,,,03/20/2025,508.0,9281908.0,"§ 27-2005 ADM CODE REPAIR THE BROKEN OR DEFECTIVE PLASTERED SURFACES AND PAINT IN A UNIFORM COLOR AT CEILING IN THE 1st ROOM FROM EAST LOCATED AT APT 6A, 6th STORY, 1st APARTMENT FROM SOUTH AT WEST",2024-08-09,19.0,VIOLATION CLOSED,2025-06-04,Original,Close,N,2024,2024.0,2025-11-23,1426 days,954 days,2,299 days,six months to a year
3240,3309,285,3043550001,9,M,,804,ASHFORD,STREET,11207,804 ASHFORD STREET,260,BOULEVARD,2021-12-28,BROOKLYN,1441,both,17176347,185128,389893.0,3,804,804,828,ASHFORD STREET,B,2024-08-08,2024-08-08,09/27/2024,09/13/2024,,,03/20/2025,508.0,9281908.0,"§ 27-2005 ADM CODE REPAIR THE BROKEN OR DEFECTIVE PLASTERED SURFACES AND PAINT IN A UNIFORM COLOR AT EAST WALL IN THE 4th ROOM FROM EAST LOCATED AT APT 6A, 6th STORY, 1st APARTMENT FROM SOUTH AT WEST",2024-08-09,19.0,VIOLATION CLOSED,2025-06-04,Original,Close,N,2024,2024.0,2025-11-23,1426 days,954 days,2,299 days,six months to a year
3241,3310,285,3043550001,9,M,,804,ASHFORD,STREET,11207,804 ASHFORD STREET,260,BOULEVARD,2021-12-28,BROOKLYN,1441,both,17176348,185128,389893.0,3,804,804,828,ASHFORD STREET,B,2024-08-08,2024-08-08,09/27/2024,09/13/2024,,,03/20/2025,507.0,9281908.0,"§ 27-2005 ADM CODE REPAIR THE ROOF SO THAT IT WILL NOT LEAK OVER CEILING IN THE 4th ROOM FROM EAST LOCATED AT APT 6A, 6th STORY, 1st APARTMENT FROM SOUTH AT WEST",2024-08-09,19.0,VIOLATION CLOSED,2025-06-04,Original,Close,Y,2024,2024.0,2025-11-23,1426 days,954 days,2,299 days,six months to a year
3242,3311,285,3043550001,9,M,,804,ASHFORD,STREET,11207,804 ASHFORD STREET,260,BOULEVARD,2021-12-28,BROOKLYN,1441,both,17176349,185128,389893.0,3,804,804,828,ASHFORD STREET,A,2024-08-08,2024-08-08,11/26/2024,11/12/2024,,,03/20/2025,556.0,9281907.0,"§ 27-2013 ADM CODE PAINT WITH LIGHT COLORED PAINT TO THE SATISFACTION OF THIS DEPARTMENT THE CEILING IN THE 4th ROOM FROM EAST LOCATED AT APT 6A, 6th STORY, 1st APARTMENT FROM SOUTH AT WEST",2024-08-09,19.0,VIOLATION CLOSED,2025-06-04,Original,Close,N,2024,2024.0,2025-11-23,1426 days,954 days,2,299 days,six months to a year
3243,3312,285,3043550001,9,M,,804,ASHFORD,STREET,11207,804 ASHFORD STREET,260,BOULEVARD,2021-12-28,BROOKLYN,1441,both,16171869,185128,389893.0,3,804,804,828,ASHFORD STREET,C,2023-08-17,2023-08-18,09/03/2023,08/27/2023,,,08/12/2024,671.0,8606974.0,"§ 27-2033 ADM CODE POST NOTICE, IN FORM APPROVED BY THE DEPARTMENT, STATING THE NAME AND LOCATION OF THE PERSON DESIGNATED BY THE OWNER TO HAVE KEY TO BUILDINGS HEATING SYSTEM MISSING AT PUBLIC HALL, 1st STORY",2023-08-21,19.0,VIOLATION CLOSED,2025-05-28,Original,Close,N,2023,2023.0,2025-11-23,1426 days,597 days,1,646 days,more than a year
3244,3313,285,3043550001,9,M,,804,ASHFORD,STREET,11207,804 ASHFORD STREET,260,BOULEVARD,2021-12-28,BROOKLYN,1441,both,17087105,185128,389893.0,3,804,804,828,ASHFORD STREET,C,2024-07-01,2024-07-02,08/03/2024,07/29/2024,,,08/12/2024,568.0,9230701.0,"HMC ADM CODE: § 27-2017.4 ABATE THE INFESTATION CONSISTING OF ROACHES IN THE BATHROOM LOCATED AT APT 6F, 6th STORY, 1st APARTMENT FROM EAST AT SOUTH",2024-07-03,19.0,VIOLATION CLOSED,2025-07-02,Original,Close,N,2024,2024.0,2025-11-23,1426 days,916 days,2,364 days,six months to a year
3245,3314,285,3043550001,9,M,,804,ASHFORD,STREET,11207,804 ASHFORD STREET,260,BOULEVARD,2021-12-28,BROOKLYN,1441,both,17087106,185128,389893.0,3,804,804,828,ASHFORD STREET,C,2024-07-01,2024-07-02,08/03/2024,07/29/2024,,,08/12/2024,568.0,9230701.0,"HMC ADM CODE: § 27-2017.4 ABATE THE INFESTATION CONSISTING OF ROACHES IN THE ENTIRE APARTMENT LOCATED AT APT 6F, 6th STORY, 1st APARTMENT FROM EAST AT SOUTH",2024-07-03,19.0,VIOLATION CLOSED,2025-07-02,Original,Close,N,2024,2024.0,2025-11-23,1426 days,916 days,2,364 days,six months to a year
3246,3315,285,3043550001,9,M,,804,ASHFORD,STREET,11207,804 ASHFORD STREET,260,BOULEVARD,2021-12-28,BROOKLYN,1441,both,17087107,185128,389893.0,3,804,804,828,ASHFORD STREET,B,2024-07-01,2024-07-10,08/29/2024,08/15/2024,,,,583.0,9241656.0,"§ 27-2026, 2027 HMC: PROPERLY REPAIR THE SOURCE AND ABATE THE EVIDENCE OF A WATER LEAK AT THE NORTH WALL IN THE 4th ROOM FROM NORTH LOCATED AT APT 6F, 6th STORY, 1st APARTMENT FROM EAST AT SOUTH",2024-07-11,19.0,VIOLATION CLOSED,2025-05-28,Original,Close,N,2024,2024.0,2025-11-23,1426 days,916 days,2,321 days,six months to a year
3247,3316,285,3043550001,9,M,,804,ASHFORD,STREET,11207,804 ASHFORD STREET,260,BOULEVARD,2021-12-28,BROOKLYN,1441,both,17405539,185128,389893.0,3,804,804,828,ASHFORD STREET,B,2024-11-08,2024-11-12,01/01/2025,12/18/2024,,,03/20/2025,501.0,9424752.0,"§ 27-2005 HMC: PROPERLY REPAIR OR REPLACE THE BROKEN OR DEFECTIVE INTERCOM SYSTEM AT BUILDING FRONT TO RETURN BUZZER AT EAST WALL IN THE PRIVATE HALLWAY LOCATED AT APT 6F, 6th STORY, 1st APARTMENT FROM EAST AT SOUTH",2024-11-13,19.0,VIOLATION CLOSED,2025-10-01,Original,Close,N,2024,2024.0,2025-11-23,1426 days,1046 days,2,322 days,six months to a year
