building_name,borough,total_units,tds,transferred_date,page_number,bbl,bldg,address,zip_code,cd_,fc_,ss_,sa_,cc_,bin,m,3018020043,12,250_lexington_avenue,11216,3,08,25,57,36,3050586,3018040010,390_lexington_avenue,56,3322214,3021450001,45_south_10th_street,11249,1,07,18,50,34,3000000,2022690100,8,401_saint_anns_avenue,10454,14,29,84,2090993,2022870135,490_east_143rd_street,15,2000433,1021070059,1949_amsterdam_avenue,10032,13,31,71,10,1062490,3043770001,17,884_ashford_street,11207,5,19,60,42,3324274,3033410001,32,1260_gates_avenue,11221,4,54,37,3326137,3033340001,365_wilson_avenue,53,3338493,2049050001,33,1141_226th_drive,10466,16,83,2094164,1020160060,6,2651_a_c_powell_boulevard,10039,30,09,1084139,3033150001,2,140_menahan_street,3394310,3014710061,1747_saint_johns_place,11233,55,41,3014700160,1679_saint_johns_place,3392746,3014700015,1720a_sterling_place,3348327,3014710014,1790b_sterling_place,3393524,3014390010,2020_pacific_street,3038674,1020150005,164_west_147th_street,1079768,2026800001,1113_prospect_avenue,10459,79,2091984,3013410001,1605_dean_street,11213,20,3324581,3021400026,195_division_avenue,11211,3251681,3030260001,161_scholes_street,11206,3344974,3030240001,112_maujer_street,3327882,3030250046,247_graham_avenue,3327884
PACT DEVELOPMENTS DIRECTORY as of 01/01/2025,BROOKLYN,30,242,11/28/2023,1,3035320030,1,114 TAPSCOTT STREET,11212,16,09,25,55,41,3081191,,,,,,,,,,,,,,,,,,,,,,,,,,,,,,,,,,,,,,,,,,,,,,,,,,,,,,,,,,,,,,,,,,,,,,,,,,,,,,,,,,,,,,,,,,,,,,,,,,,,,,,,,,,,,,,,,,,,,,,,,,,,,,,
PACT DEVELOPMENTS DIRECTORY as of 01/01/2025,BROOKLYN,30,242,11/28/2023,1,3035320030,1,104 TAPSCOTT STREET,11212,16,09,25,55,41,3081191,M,,,,,,,,,,,,,,,,,,,,,,,,,,,,,,,,,,,,,,,,,,,,,,,,,,,,,,,,,,,,,,,,,,,,,,,,,,,,,,,,,,,,,,,,,,,,,,,,,,,,,,,,,,,,,,,,,,,,,,,,,,,,,,
PACT DEVELOPMENTS DIRECTORY as of 01/01/2025,BROOKLYN,30,242,11/28/2023,1,1016830018,1,335 EAST 111TH STREET,10029,11,13,29,68,08,1052877,M,,,,,,,,,,,,,,,,,,,,,,,,,,,,,,,,,,,,,,,,,,,,,,,,,,,,,,,,,,,,,,,,,,,,,,,,,,,,,,,,,,,,,,,,,,,,,,,,,,,,,,,,,,,,,,,,,,,,,,,,,,,,,,
PACT DEVELOPMENTS DIRECTORY as of 01/01/2025,BROOKLYN,30,242,11/28/2023,1,1009330025,1,344GAR EAST 28TH STREET,10016,6,12,59,74,02,1020611,,,,,,,,,,,,,,,,,,,,,,,,,,,,,,,,,,,,,,,,,,,,,,,,,,,,,,,,,,,,,,,,,,,,,,,,,,,,,,,,,,,,,,,,,,,,,,,,,,,,,,,,,,,,,,,,,,,,,,,,,,,,,,,
PACT DEVELOPMENTS DIRECTORY as of 01/01/2025,BROOKLYN,30,242,11/28/2023,1,1009330025,1,346 EAST 28TH STREET,10016,6,12,59,74,02,1020611,,,,,,,,,,,,,,,,,,,,,,,,,,,,,,,,,,,,,,,,,,,,,,,,,,,,,,,,,,,,,,,,,,,,,,,,,,,,,,,,,,,,,,,,,,,,,,,,,,,,,,,,,,,,,,,,,,,,,,,,,,,,,,,
PACT DEVELOPMENTS DIRECTORY as of 01/01/2025,BROOKLYN,30,242,11/28/2023,1,1009330025,1,344 EAST 28TH STREET,10016,6,12,59,74,02,1020611,M,,,,,,,,,,,,,,,,,,,,,,,,,,,,,,,,,,,,,,,,,,,,,,,,,,,,,,,,,,,,,,,,,,,,,,,,,,,,,,,,,,,,,,,,,,,,,,,,,,,,,,,,,,,,,,,,,,,,,,,,,,,,,,
PACT DEVELOPMENTS DIRECTORY as of 01/01/2025,BROOKLYN,30,242,11/28/2023,1,1009330025,1,342 EAST 28TH STREET,10016,6,12,59,74,02,1020611,,,,,,,,,,,,,,,,,,,,,,,,,,,,,,,,,,,,,,,,,,,,,,,,,,,,,,,,,,,,,,,,,,,,,,,,,,,,,,,,,,,,,,,,,,,,,,,,,,,,,,,,,,,,,,,,,,,,,,,,,,,,,,,
PACT DEVELOPMENTS DIRECTORY as of 01/01/2025,BROOKLYN,30,242,11/28/2023,1,1009330025,1,340 EAST 28TH STREET,10016,6,12,59,74,02,1020611,,,,,,,,,,,,,,,,,,,,,,,,,,,,,,,,,,,,,,,,,,,,,,,,,,,,,,,,,,,,,,,,,,,,,,,,,,,,,,,,,,,,,,,,,,,,,,,,,,,,,,,,,,,,,,,,,,,,,,,,,,,,,,,
PACT DEVELOPMENTS DIRECTORY as of 01/01/2025,BROOKLYN,30,242,11/28/2023,1,3004010001,,590 WARREN STREET,11217,6,10,26,52,39,,,,,,,,,,,,,,,,,,,,,,,,,,,,,,,,,,,,,,,,,,,,,,,,,,,,,,,,,,,,,,,,,,,,,,,,,,,,,,,,,,,,,,,,,,,,,,,,,,,,,,,,,,,,,,,,,,,,,,,,,,,,,,,,
PACT DEVELOPMENTS DIRECTORY as of 01/01/2025,BROOKLYN,30,242,11/28/2023,1,3004010001,1,568 WARREN STREET,11217,6,10,26,52,39,3006388,,,,,,,,,,,,,,,,,,,,,,,,,,,,,,,,,,,,,,,,,,,,,,,,,,,,,,,,,,,,,,,,,,,,,,,,,,,,,,,,,,,,,,,,,,,,,,,,,,,,,,,,,,,,,,,,,,,,,,,,,,,,,,,
PACT DEVELOPMENTS DIRECTORY as of 01/01/2025,BROOKLYN,30,242,11/28/2023,1,3004010001,1,572 WARREN STREET,11217,6,10,26,52,39,3006388,M,,,,,,,,,,,,,,,,,,,,,,,,,,,,,,,,,,,,,,,,,,,,,,,,,,,,,,,,,,,,,,,,,,,,,,,,,,,,,,,,,,,,,,,,,,,,,,,,,,,,,,,,,,,,,,,,,,,,,,,,,,,,,,
PACT DEVELOPMENTS DIRECTORY as of 01/01/2025,BROOKLYN,30,242,11/28/2023,1,3004010001,1,574 WARREN STREET,11217,6,10,26,52,39,3006388,M,,,,,,,,,,,,,,,,,,,,,,,,,,,,,,,,,,,,,,,,,,,,,,,,,,,,,,,,,,,,,,,,,,,,,,,,,,,,,,,,,,,,,,,,,,,,,,,,,,,,,,,,,,,,,,,,,,,,,,,,,,,,,,
PACT DEVELOPMENTS DIRECTORY as of 01/01/2025,BROOKLYN,30,242,11/28/2023,1,3004010001,1,565 BALTIC STREET,11217,6,10,26,52,39,3006388,,,,,,,,,,,,,,,,,,,,,,,,,,,,,,,,,,,,,,,,,,,,,,,,,,,,,,,,,,,,,,,,,,,,,,,,,,,,,,,,,,,,,,,,,,,,,,,,,,,,,,,,,,,,,,,,,,,,,,,,,,,,,,,
PACT DEVELOPMENTS DIRECTORY as of 01/01/2025,BROOKLYN,30,242,11/28/2023,1,3004010001,2,590 WARREN STREET -TEMPORARY ADDRESS,11217,6,,,,,,,,,,,,,,,,,,,,,,,,,,,,,,,,,,,,,,,,,,,,,,,,,,,,,,,,,,,,,,,,,,,,,,,,,,,,,,,,,,,,,,,,,,,,,,,,,,,,,,,,,,,,,,,,,,,,,,,,,,,,,,,,,,,,
PACT DEVELOPMENTS DIRECTORY as of 01/01/2025,BROOKLYN,30,242,11/28/2023,1,3017940181,,513 GREENE AVENUE,11216,3,08,25,56,36,3000000,,,,,,,,,,,,,,,,,,,,,,,,,,,,,,,,,,,,,,,,,,,,,,,,,,,,,,,,,,,,,,,,,,,,,,,,,,,,,,,,,,,,,,,,,,,,,,,,,,,,,,,,,,,,,,,,,,,,,,,,,,,,,,,
PACT DEVELOPMENTS DIRECTORY as of 01/01/2025,BROOKLYN,30,242,11/28/2023,1,3017940120,1,362 CLIFTON PLACE,11216,3,08,25,56,36,3050204,M,,,,,,,,,,,,,,,,,,,,,,,,,,,,,,,,,,,,,,,,,,,,,,,,,,,,,,,,,,,,,,,,,,,,,,,,,,,,,,,,,,,,,,,,,,,,,,,,,,,,,,,,,,,,,,,,,,,,,,,,,,,,,,
PACT DEVELOPMENTS DIRECTORY as of 01/01/2025,BROOKLYN,30,242,11/28/2023,1,3017940119,1,360 CLIFTON PLACE,11216,3,08,25,56,36,3050203,M,,,,,,,,,,,,,,,,,,,,,,,,,,,,,,,,,,,,,,,,,,,,,,,,,,,,,,,,,,,,,,,,,,,,,,,,,,,,,,,,,,,,,,,,,,,,,,,,,,,,,,,,,,,,,,,,,,,,,,,,,,,,,,
PACT DEVELOPMENTS DIRECTORY as of 01/01/2025,BROOKLYN,30,242,11/28/2023,1,3017940118,1,358 CLIFTON PLACE,11216,3,08,25,56,36,3050202,M,,,,,,,,,,,,,,,,,,,,,,,,,,,,,,,,,,,,,,,,,,,,,,,,,,,,,,,,,,,,,,,,,,,,,,,,,,,,,,,,,,,,,,,,,,,,,,,,,,,,,,,,,,,,,,,,,,,,,,,,,,,,,,
PACT DEVELOPMENTS DIRECTORY as of 01/01/2025,BROOKLYN,30,242,11/28/2023,1,3017940117,1,356 CLIFTON PLACE,11216,3,08,25,56,36,3050201,M,,,,,,,,,,,,,,,,,,,,,,,,,,,,,,,,,,,,,,,,,,,,,,,,,,,,,,,,,,,,,,,,,,,,,,,,,,,,,,,,,,,,,,,,,,,,,,,,,,,,,,,,,,,,,,,,,,,,,,,,,,,,,,
PACT DEVELOPMENTS DIRECTORY as of 01/01/2025,BROOKLYN,30,242,11/28/2023,1,3017940116,1,354 CLIFTON PLACE,11216,3,08,25,56,36,3050200,M,,,,,,,,,,,,,,,,,,,,,,,,,,,,,,,,,,,,,,,,,,,,,,,,,,,,,,,,,,,,,,,,,,,,,,,,,,,,,,,,,,,,,,,,,,,,,,,,,,,,,,,,,,,,,,,,,,,,,,,,,,,,,,
PACT DEVELOPMENTS DIRECTORY as of 01/01/2025,BROOKLYN,30,242,11/28/2023,1,3017940115,1,352 CLIFTON PLACE,11216,3,08,25,56,36,3050199,M,,,,,,,,,,,,,,,,,,,,,,,,,,,,,,,,,,,,,,,,,,,,,,,,,,,,,,,,,,,,,,,,,,,,,,,,,,,,,,,,,,,,,,,,,,,,,,,,,,,,,,,,,,,,,,,,,,,,,,,,,,,,,,
PACT DEVELOPMENTS DIRECTORY as of 01/01/2025,BROOKLYN,30,242,11/28/2023,1,3017940114,1,350 CLIFTON PLACE,11216,3,08,25,56,36,3050198,M,,,,,,,,,,,,,,,,,,,,,,,,,,,,,,,,,,,,,,,,,,,,,,,,,,,,,,,,,,,,,,,,,,,,,,,,,,,,,,,,,,,,,,,,,,,,,,,,,,,,,,,,,,,,,,,,,,,,,,,,,,,,,,
PACT DEVELOPMENTS DIRECTORY as of 01/01/2025,BROOKLYN,30,242,11/28/2023,1,3017940113,1,348 CLIFTON PLACE,11216,3,08,25,56,36,3050197,M,,,,,,,,,,,,,,,,,,,,,,,,,,,,,,,,,,,,,,,,,,,,,,,,,,,,,,,,,,,,,,,,,,,,,,,,,,,,,,,,,,,,,,,,,,,,,,,,,,,,,,,,,,,,,,,,,,,,,,,,,,,,,,
PACT DEVELOPMENTS DIRECTORY as of 01/01/2025,BROOKLYN,30,242,11/28/2023,1,3017940112,1,346 CLIFTON PLACE,11216,3,08,25,56,36,3050196,M,,,,,,,,,,,,,,,,,,,,,,,,,,,,,,,,,,,,,,,,,,,,,,,,,,,,,,,,,,,,,,,,,,,,,,,,,,,,,,,,,,,,,,,,,,,,,,,,,,,,,,,,,,,,,,,,,,,,,,,,,,,,,,
PACT DEVELOPMENTS DIRECTORY as of 01/01/2025,BROOKLYN,30,242,11/28/2023,1,3017940011,1,344 CLIFTON PLACE,11216,3,08,25,56,36,3050169,M,,,,,,,,,,,,,,,,,,,,,,,,,,,,,,,,,,,,,,,,,,,,,,,,,,,,,,,,,,,,,,,,,,,,,,,,,,,,,,,,,,,,,,,,,,,,,,,,,,,,,,,,,,,,,,,,,,,,,,,,,,,,,,
PACT DEVELOPMENTS DIRECTORY as of 01/01/2025,BROOKLYN,30,242,11/28/2023,1,3018020051,10,360 NOSTRAND AVENUE,11216,3,08,25,57,36,3350437,M,,,,,,,,,,,,,,,,,,,,,,,,,,,,,,,,,,,,,,,,,,,,,,,,,,,,,,,,,,,,,,,,,,,,,,,,,,,,,,,,,,,,,,,,,,,,,,,,,,,,,,,,,,,,,,,,,,,,,,,,,,,,,,
PACT DEVELOPMENTS DIRECTORY as of 01/01/2025,BROOKLYN,30,242,11/28/2023,1,3018020051,11,260 LEXINGTON AVENUE,11216,3,08,25,57,36,3050588,,,,,,,,,,,,,,,,,,,,,,,,,,,,,,,,,,,,,,,,,,,,,,,,,,,,,,,,,,,,,,,,,,,,,,,,,,,,,,,,,,,,,,,,,,,,,,,,,,,,,,,,,,,,,,,,,,,,,,,,,,,,,,,
PACT DEVELOPMENTS DIRECTORY as of 01/01/2025,BROOKLYN,30,242,11/28/2023,1,3018020051,11,262 LEXINGTON AVENUE,11216,3,08,25,57,36,3050588,,,,,,,,,,,,,,,,,,,,,,,,,,,,,,,,,,,,,,,,,,,,,,,,,,,,,,,,,,,,,,,,,,,,,,,,,,,,,,,,,,,,,,,,,,,,,,,,,,,,,,,,,,,,,,,,,,,,,,,,,,,,,,,
PACT DEVELOPMENTS DIRECTORY as of 01/01/2025,BROOKLYN,30,242,11/28/2023,1,3018020051,11,264 LEXINGTON AVENUE,11216,3,08,25,57,36,3050588,,,,,,,,,,,,,,,,,,,,,,,,,,,,,,,,,,,,,,,,,,,,,,,,,,,,,,,,,,,,,,,,,,,,,,,,,,,,,,,,,,,,,,,,,,,,,,,,,,,,,,,,,,,,,,,,,,,,,,,,,,,,,,,
PACT DEVELOPMENTS DIRECTORY as of 01/01/2025,BROOKLYN,30,242,11/28/2023,1,3018020051,12,254 LEXINGTON AVENUE,11216,3,08,25,57,36,3050588,M,,,,,,,,,,,,,,,,,,,,,,,,,,,,,,,,,,,,,,,,,,,,,,,,,,,,,,,,,,,,,,,,,,,,,,,,,,,,,,,,,,,,,,,,,,,,,,,,,,,,,,,,,,,,,,,,,,,,,,,,,,,,,,
PACT DEVELOPMENTS DIRECTORY as of 01/01/2025,BROOKLYN,30,242,11/28/2023,1,3018020044,12,252A LEXINGTON AVENUE,11216,3,08,25,57,36,3050587,,,,,,,,,,,,,,,,,,,,,,,,,,,,,,,,,,,,,,,,,,,,,,,,,,,,,,,,,,,,,,,,,,,,,,,,,,,,,,,,,,,,,,,,,,,,,,,,,,,,,,,,,,,,,,,,,,,,,,,,,,,,,,,
PACT DEVELOPMENTS DIRECTORY as of 01/01/2025,BROOKLYN,30,242,11/28/2023,1,3018020044,12,252 LEXINGTON AVENUE,11216,3,08,25,57,36,3050587,M,,,,,,,,,,,,,,,,,,,,,,,,,,,,,,,,,,,,,,,,,,,,,,,,,,,,,,,,,,,,,,,,,,,,,,,,,,,,,,,,,,,,,,,,,,,,,,,,,,,,,,,,,,,,,,,,,,,,,,,,,,,,,,
PACT DEVELOPMENTS DIRECTORY as of 01/01/2025,BROOKLYN,248,228,2/12/2020,2,,,,,,,,,,,M,3017940121,2,366 CLIFTON PLACE,11216,3,08,25,56,36,3322159,,,,,,,,,,,,,,,,,,,,,,,,,,,,,,,,,,,,,,,,,,,,,,,,,,,,,,,,,,,,,,,,,,,,,,,,,,,,,,,,,,,,,,,,,,,,,,,,,,,,,,,,,,,,,,,,,,,,
PACT DEVELOPMENTS DIRECTORY as of 01/01/2025,BROOKLYN,248,228,2/12/2020,2,,,,,,,,,,,M,3017940121,2,380 CLIFTON PLACE,11216,3,08,25,56,36,3322159,,,,,,,,,,,,,,,,,,,,,,,,,,,,,,,,,,,,,,,,,,,,,,,,,,,,,,,,,,,,,,,,,,,,,,,,,,,,,,,,,,,,,,,,,,,,,,,,,,,,,,,,,,,,,,,,,,,,
PACT DEVELOPMENTS DIRECTORY as of 01/01/2025,BROOKLYN,248,228,2/12/2020,2,,,,,,,,,,,M,3017940139,3,388 CLIFTON PLACE,11216,3,08,25,56,36,3322161,,,,,,,,,,,,,,,,,,,,,,,,,,,,,,,,,,,,,,,,,,,,,,,,,,,,,,,,,,,,,,,,,,,,,,,,,,,,,,,,,,,,,,,,,,,,,,,,,,,,,,,,,,,,,,,,,,,,
PACT DEVELOPMENTS DIRECTORY as of 01/01/2025,BROOKLYN,248,228,2/12/2020,2,,,,,,,,,,,M,3017940139,3,396 CLIFTON PLACE,11216,3,08,25,56,36,3322161,,,,,,,,,,,,,,,,,,,,,,,,,,,,,,,,,,,,,,,,,,,,,,,,,,,,,,,,,,,,,,,,,,,,,,,,,,,,,,,,,,,,,,,,,,,,,,,,,,,,,,,,,,,,,,,,,,,,
PACT DEVELOPMENTS DIRECTORY as of 01/01/2025,BROOKLYN,248,228,2/12/2020,2,,,,,,,,,,,M,3017940054,4,545 GREENE AVENUE,11216,3,08,25,56,36,3322152,,,,,,,,,,,,,,,,,,,,,,,,,,,,,,,,,,,,,,,,,,,,,,,,,,,,,,,,,,,,,,,,,,,,,,,,,,,,,,,,,,,,,,,,,,,,,,,,,,,,,,,,,,,,,,,,,,,,
PACT DEVELOPMENTS DIRECTORY as of 01/01/2025,BROOKLYN,248,228,2/12/2020,2,,,,,,,,,,,M,3017940054,4,555 GREENE AVENUE,11216,3,08,25,56,36,3397846,,,,,,,,,,,,,,,,,,,,,,,,,,,,,,,,,,,,,,,,,,,,,,,,,,,,,,,,,,,,,,,,,,,,,,,,,,,,,,,,,,,,,,,,,,,,,,,,,,,,,,,,,,,,,,,,,,,,
PACT DEVELOPMENTS DIRECTORY as of 01/01/2025,BROOKLYN,248,228,2/12/2020,2,,,,,,,,,,,M,3018030124,5,304 LEXINGTON AVENUE,11216,3,08,25,56,36,3050667,,,,,,,,,,,,,,,,,,,,,,,,,,,,,,,,,,,,,,,,,,,,,,,,,,,,,,,,,,,,,,,,,,,,,,,,,,,,,,,,,,,,,,,,,,,,,,,,,,,,,,,,,,,,,,,,,,,,
PACT DEVELOPMENTS DIRECTORY as of 01/01/2025,BROOKLYN,248,228,2/12/2020,2,,,,,,,,,,,M,3018030123,5,302 LEXINGTON AVENUE,11216,3,08,25,56,36,3050666,,,,,,,,,,,,,,,,,,,,,,,,,,,,,,,,,,,,,,,,,,,,,,,,,,,,,,,,,,,,,,,,,,,,,,,,,,,,,,,,,,,,,,,,,,,,,,,,,,,,,,,,,,,,,,,,,,,,
PACT DEVELOPMENTS DIRECTORY as of 01/01/2025,BROOKLYN,248,228,2/12/2020,2,,,,,,,,,,,M,3018030122,5,300 LEXINGTON AVENUE,11216,3,08,25,56,36,3050665,,,,,,,,,,,,,,,,,,,,,,,,,,,,,,,,,,,,,,,,,,,,,,,,,,,,,,,,,,,,,,,,,,,,,,,,,,,,,,,,,,,,,,,,,,,,,,,,,,,,,,,,,,,,,,,,,,,,
PACT DEVELOPMENTS DIRECTORY as of 01/01/2025,BROOKLYN,248,228,2/12/2020,2,,,,,,,,,,,M,3018030121,5,298 LEXINGTON AVENUE,11216,3,08,25,56,36,3050664,,,,,,,,,,,,,,,,,,,,,,,,,,,,,,,,,,,,,,,,,,,,,,,,,,,,,,,,,,,,,,,,,,,,,,,,,,,,,,,,,,,,,,,,,,,,,,,,,,,,,,,,,,,,,,,,,,,,
PACT DEVELOPMENTS DIRECTORY as of 01/01/2025,BROOKLYN,248,228,2/12/2020,2,,,,,,,,,,,M,3018030120,5,296 LEXINGTON AVENUE,11216,3,08,25,56,36,3050663,,,,,,,,,,,,,,,,,,,,,,,,,,,,,,,,,,,,,,,,,,,,,,,,,,,,,,,,,,,,,,,,,,,,,,,,,,,,,,,,,,,,,,,,,,,,,,,,,,,,,,,,,,,,,,,,,,,,
PACT DEVELOPMENTS DIRECTORY as of 01/01/2025,BROOKLYN,248,228,2/12/2020,2,,,,,,,,,,,M,3018030119,5,294 LEXINGTON AVENUE,11216,3,08,25,56,36,3050662,,,,,,,,,,,,,,,,,,,,,,,,,,,,,,,,,,,,,,,,,,,,,,,,,,,,,,,,,,,,,,,,,,,,,,,,,,,,,,,,,,,,,,,,,,,,,,,,,,,,,,,,,,,,,,,,,,,,
PACT DEVELOPMENTS DIRECTORY as of 01/01/2025,BROOKLYN,248,228,2/12/2020,2,,,,,,,,,,,M,3018030118,5,292 LEXINGTON AVENUE,11216,3,08,25,56,36,3050661,,,,,,,,,,,,,,,,,,,,,,,,,,,,,,,,,,,,,,,,,,,,,,,,,,,,,,,,,,,,,,,,,,,,,,,,,,,,,,,,,,,,,,,,,,,,,,,,,,,,,,,,,,,,,,,,,,,,
PACT DEVELOPMENTS DIRECTORY as of 01/01/2025,BROOKLYN,248,228,2/12/2020,2,,,,,,,,,,,M,3018030117,5,290 LEXINGTON AVENUE,11216,3,08,25,56,36,3050660,,,,,,,,,,,,,,,,,,,,,,,,,,,,,,,,,,,,,,,,,,,,,,,,,,,,,,,,,,,,,,,,,,,,,,,,,,,,,,,,,,,,,,,,,,,,,,,,,,,,,,,,,,,,,,,,,,,,
PACT DEVELOPMENTS DIRECTORY as of 01/01/2025,BROOKLYN,248,228,2/12/2020,2,,,,,,,,,,,M,3018030116,5,288 LEXINGTON AVENUE,11216,3,08,25,56,36,3050659,,,,,,,,,,,,,,,,,,,,,,,,,,,,,,,,,,,,,,,,,,,,,,,,,,,,,,,,,,,,,,,,,,,,,,,,,,,,,,,,,,,,,,,,,,,,,,,,,,,,,,,,,,,,,,,,,,,,
PACT DEVELOPMENTS DIRECTORY as of 01/01/2025,BROOKLYN,248,228,2/12/2020,2,,,,,,,,,,,M,3018030115,5,286 LEXINGTON AVENUE,11216,3,08,25,56,36,3050658,,,,,,,,,,,,,,,,,,,,,,,,,,,,,,,,,,,,,,,,,,,,,,,,,,,,,,,,,,,,,,,,,,,,,,,,,,,,,,,,,,,,,,,,,,,,,,,,,,,,,,,,,,,,,,,,,,,,
PACT DEVELOPMENTS DIRECTORY as of 01/01/2025,BROOKLYN,248,228,2/12/2020,2,,,,,,,,,,,M,3018030114,5,284 LEXINGTON AVENUE,11216,3,08,25,56,36,3050657,,,,,,,,,,,,,,,,,,,,,,,,,,,,,,,,,,,,,,,,,,,,,,,,,,,,,,,,,,,,,,,,,,,,,,,,,,,,,,,,,,,,,,,,,,,,,,,,,,,,,,,,,,,,,,,,,,,,
PACT DEVELOPMENTS DIRECTORY as of 01/01/2025,BROOKLYN,248,228,2/12/2020,2,,,,,,,,,,,M,3018030113,5,282 LEXINGTON AVENUE,11216,3,08,25,56,36,3050656,,,,,,,,,,,,,,,,,,,,,,,,,,,,,,,,,,,,,,,,,,,,,,,,,,,,,,,,,,,,,,,,,,,,,,,,,,,,,,,,,,,,,,,,,,,,,,,,,,,,,,,,,,,,,,,,,,,,
PACT DEVELOPMENTS DIRECTORY as of 01/01/2025,BROOKLYN,248,228,2/12/2020,2,,,,,,,,,,,M,3018030112,5,280 LEXINGTON AVENUE,11216,3,08,25,56,36,3050655,,,,,,,,,,,,,,,,,,,,,,,,,,,,,,,,,,,,,,,,,,,,,,,,,,,,,,,,,,,,,,,,,,,,,,,,,,,,,,,,,,,,,,,,,,,,,,,,,,,,,,,,,,,,,,,,,,,,
PACT DEVELOPMENTS DIRECTORY as of 01/01/2025,BROOKLYN,248,228,2/12/2020,2,,,,,,,,,,,M,3018030011,5,278 LEXINGTON AVENUE,11216,3,08,25,56,36,3050619,,,,,,,,,,,,,,,,,,,,,,,,,,,,,,,,,,,,,,,,,,,,,,,,,,,,,,,,,,,,,,,,,,,,,,,,,,,,,,,,,,,,,,,,,,,,,,,,,,,,,,,,,,,,,,,,,,,,
PACT DEVELOPMENTS DIRECTORY as of 01/01/2025,BROOKLYN,248,228,2/12/2020,2,,,,,,,,,,,M,3018030027,6,310 LEXINGTON AVENUE,11216,3,08,25,56,36,3322207,,,,,,,,,,,,,,,,,,,,,,,,,,,,,,,,,,,,,,,,,,,,,,,,,,,,,,,,,,,,,,,,,,,,,,,,,,,,,,,,,,,,,,,,,,,,,,,,,,,,,,,,,,,,,,,,,,,,
PACT DEVELOPMENTS DIRECTORY as of 01/01/2025,BROOKLYN,248,228,2/12/2020,2,,,,,,,,,,,M,3018030027,6,320 LEXINGTON AVENUE,11216,3,08,25,56,36,3322207,,,,,,,,,,,,,,,,,,,,,,,,,,,,,,,,,,,,,,,,,,,,,,,,,,,,,,,,,,,,,,,,,,,,,,,,,,,,,,,,,,,,,,,,,,,,,,,,,,,,,,,,,,,,,,,,,,,,
PACT DEVELOPMENTS DIRECTORY as of 01/01/2025,BROOKLYN,248,228,2/12/2020,2,,,,,,,,,,,M,3018030042,7,330 LEXINGTON AVENUE,11216,3,08,25,56,36,3322209,,,,,,,,,,,,,,,,,,,,,,,,,,,,,,,,,,,,,,,,,,,,,,,,,,,,,,,,,,,,,,,,,,,,,,,,,,,,,,,,,,,,,,,,,,,,,,,,,,,,,,,,,,,,,,,,,,,,
PACT DEVELOPMENTS DIRECTORY as of 01/01/2025,BROOKLYN,248,228,2/12/2020,2,,,,,,,,,,,M,3018030042,7,336 LEXINGTON AVENUE,11216,3,08,25,56,36,3322209,,,,,,,,,,,,,,,,,,,,,,,,,,,,,,,,,,,,,,,,,,,,,,,,,,,,,,,,,,,,,,,,,,,,,,,,,,,,,,,,,,,,,,,,,,,,,,,,,,,,,,,,,,,,,,,,,,,,
PACT DEVELOPMENTS DIRECTORY as of 01/01/2025,BROOKLYN,248,228,2/12/2020,2,,,,,,,,,,,M,3018080174,8,435 GATES AVENUE,11216,3,08,25,56,36,3322226,,,,,,,,,,,,,,,,,,,,,,,,,,,,,,,,,,,,,,,,,,,,,,,,,,,,,,,,,,,,,,,,,,,,,,,,,,,,,,,,,,,,,,,,,,,,,,,,,,,,,,,,,,,,,,,,,,,,
PACT DEVELOPMENTS DIRECTORY as of 01/01/2025,BROOKLYN,248,228,2/12/2020,2,,,,,,,,,,,M,3018080174,8,441 GATES AVENUE,11216,3,08,25,56,36,3322226,,,,,,,,,,,,,,,,,,,,,,,,,,,,,,,,,,,,,,,,,,,,,,,,,,,,,,,,,,,,,,,,,,,,,,,,,,,,,,,,,,,,,,,,,,,,,,,,,,,,,,,,,,,,,,,,,,,,
PACT DEVELOPMENTS DIRECTORY as of 01/01/2025,BROOKLYN,248,228,2/12/2020,2,,,,,,,,,,,M,3018080173,9,447 GATES AVENUE,11216,3,08,25,56,36,3050927,,,,,,,,,,,,,,,,,,,,,,,,,,,,,,,,,,,,,,,,,,,,,,,,,,,,,,,,,,,,,,,,,,,,,,,,,,,,,,,,,,,,,,,,,,,,,,,,,,,,,,,,,,,,,,,,,,,,
PACT DEVELOPMENTS DIRECTORY as of 01/01/2025,BROOKLYN,248,228,2/12/2020,2,,,,,,,,,,,M,3018080172,9,449 GATES AVENUE,11216,3,08,25,56,36,3050926,,,,,,,,,,,,,,,,,,,,,,,,,,,,,,,,,,,,,,,,,,,,,,,,,,,,,,,,,,,,,,,,,,,,,,,,,,,,,,,,,,,,,,,,,,,,,,,,,,,,,,,,,,,,,,,,,,,,
PACT DEVELOPMENTS DIRECTORY as of 01/01/2025,BROOKLYN,248,228,2/12/2020,2,,,,,,,,,,,M,3018080171,9,451 GATES AVENUE,11216,3,08,25,56,36,3050925,,,,,,,,,,,,,,,,,,,,,,,,,,,,,,,,,,,,,,,,,,,,,,,,,,,,,,,,,,,,,,,,,,,,,,,,,,,,,,,,,,,,,,,,,,,,,,,,,,,,,,,,,,,,,,,,,,,,
PACT DEVELOPMENTS DIRECTORY as of 01/01/2025,BROOKLYN,248,228,2/12/2020,2,,,,,,,,,,,M,3018080170,9,453 GATES AVENUE,11216,3,08,25,56,36,3050924,,,,,,,,,,,,,,,,,,,,,,,,,,,,,,,,,,,,,,,,,,,,,,,,,,,,,,,,,,,,,,,,,,,,,,,,,,,,,,,,,,,,,,,,,,,,,,,,,,,,,,,,,,,,,,,,,,,,
PACT DEVELOPMENTS DIRECTORY as of 01/01/2025,BROOKLYN,248,228,2/12/2020,2,,,,,,,,,,,M,3018080169,9,455 GATES AVENUE,11216,3,08,25,56,36,3050923,,,,,,,,,,,,,,,,,,,,,,,,,,,,,,,,,,,,,,,,,,,,,,,,,,,,,,,,,,,,,,,,,,,,,,,,,,,,,,,,,,,,,,,,,,,,,,,,,,,,,,,,,,,,,,,,,,,,
PACT DEVELOPMENTS DIRECTORY as of 01/01/2025,BROOKLYN,248,228,2/12/2020,2,,,,,,,,,,,M,3018080168,9,457 GATES AVENUE,11216,3,08,25,56,36,3050922,,,,,,,,,,,,,,,,,,,,,,,,,,,,,,,,,,,,,,,,,,,,,,,,,,,,,,,,,,,,,,,,,,,,,,,,,,,,,,,,,,,,,,,,,,,,,,,,,,,,,,,,,,,,,,,,,,,,
PACT DEVELOPMENTS DIRECTORY as of 01/01/2025,BROOKLYN,248,228,2/12/2020,2,,,,,,,,,,,M,3018080167,9,459 GATES AVENUE,11216,3,08,25,56,36,3050921,,,,,,,,,,,,,,,,,,,,,,,,,,,,,,,,,,,,,,,,,,,,,,,,,,,,,,,,,,,,,,,,,,,,,,,,,,,,,,,,,,,,,,,,,,,,,,,,,,,,,,,,,,,,,,,,,,,,
PACT DEVELOPMENTS DIRECTORY as of 01/01/2025,BROOKLYN,248,228,2/12/2020,2,,,,,,,,,,,M,3018080166,9,461 GATES AVENUE,11216,3,08,25,56,36,3050920,,,,,,,,,,,,,,,,,,,,,,,,,,,,,,,,,,,,,,,,,,,,,,,,,,,,,,,,,,,,,,,,,,,,,,,,,,,,,,,,,,,,,,,,,,,,,,,,,,,,,,,,,,,,,,,,,,,,
PACT DEVELOPMENTS DIRECTORY as of 01/01/2025,BROOKLYN,248,228,2/12/2020,2,,,,,,,,,,,M,3018080165,9,463 GATES AVENUE,11216,3,08,25,56,36,3050919,,,,,,,,,,,,,,,,,,,,,,,,,,,,,,,,,,,,,,,,,,,,,,,,,,,,,,,,,,,,,,,,,,,,,,,,,,,,,,,,,,,,,,,,,,,,,,,,,,,,,,,,,,,,,,,,,,,,
PACT DEVELOPMENTS DIRECTORY as of 01/01/2025,BROOKLYN,248,228,2/12/2020,2,,,,,,,,,,,M,3018080164,9,465 GATES AVENUE,11216,3,08,25,56,36,3050918,,,,,,,,,,,,,,,,,,,,,,,,,,,,,,,,,,,,,,,,,,,,,,,,,,,,,,,,,,,,,,,,,,,,,,,,,,,,,,,,,,,,,,,,,,,,,,,,,,,,,,,,,,,,,,,,,,,,
PACT DEVELOPMENTS DIRECTORY as of 01/01/2025,BROOKLYN,248,228,2/12/2020,2,,,,,,,,,,,M,3018080163,9,467 GATES AVENUE,11216,3,08,25,56,36,3050917,,,,,,,,,,,,,,,,,,,,,,,,,,,,,,,,,,,,,,,,,,,,,,,,,,,,,,,,,,,,,,,,,,,,,,,,,,,,,,,,,,,,,,,,,,,,,,,,,,,,,,,,,,,,,,,,,,,,
PACT DEVELOPMENTS DIRECTORY as of 01/01/2025,BROOKLYN,248,228,2/12/2020,2,,,,,,,,,,,M,3018080162,9,469 GATES AVENUE,11216,3,08,25,56,36,3050916,,,,,,,,,,,,,,,,,,,,,,,,,,,,,,,,,,,,,,,,,,,,,,,,,,,,,,,,,,,,,,,,,,,,,,,,,,,,,,,,,,,,,,,,,,,,,,,,,,,,,,,,,,,,,,,,,,,,
PACT DEVELOPMENTS DIRECTORY as of 01/01/2025,BROOKLYN,248,228,2/12/2020,2,,,,,,,,,,,M,3018080161,9,471 GATES AVENUE,11216,3,08,25,56,36,3050915,,,,,,,,,,,,,,,,,,,,,,,,,,,,,,,,,,,,,,,,,,,,,,,,,,,,,,,,,,,,,,,,,,,,,,,,,,,,,,,,,,,,,,,,,,,,,,,,,,,,,,,,,,,,,,,,,,,,
PACT DEVELOPMENTS DIRECTORY as of 01/01/2025,BROOKLYN,248,228,2/12/2020,2,,,,,,,,,,,M,3018080160,9,473 GATES AVENUE,11216,3,08,25,56,36,3050914,,,,,,,,,,,,,,,,,,,,,,,,,,,,,,,,,,,,,,,,,,,,,,,,,,,,,,,,,,,,,,,,,,,,,,,,,,,,,,,,,,,,,,,,,,,,,,,,,,,,,,,,,,,,,,,,,,,,
PACT DEVELOPMENTS DIRECTORY as of 01/01/2025,BROOKLYN,248,228,2/12/2020,2,,,,,,,,,,,M,3018080059,9,475 GATES AVENUE,11216,3,08,25,56,36,3050907,,,,,,,,,,,,,,,,,,,,,,,,,,,,,,,,,,,,,,,,,,,,,,,,,,,,,,,,,,,,,,,,,,,,,,,,,,,,,,,,,,,,,,,,,,,,,,,,,,,,,,,,,,,,,,,,,,,,
PACT DEVELOPMENTS DIRECTORY as of 01/01/2025,BROOKLYN,248,228,2/12/2020,2,3017990044,1,375 LEXINGTON AVENUE,11216,3,08,25,56,36,3322165,M,,,,,,,,,,,,,,,,,,,,,,,,,,,,,,,,,,,,,,,,,,,,,,,,,,,,,,,,,,,,,,,,,,,,,,,,,,,,,,,,,,,,,,,,,,,,,,,,,,,,,,,,,,,,,,,,,,,,,,,,,,,,,,
PACT DEVELOPMENTS DIRECTORY as of 01/01/2025,BROOKLYN,248,228,2/12/2020,2,3017990044,1,385 LEXINGTON AVENUE,11216,3,08,25,56,36,3322165,M,,,,,,,,,,,,,,,,,,,,,,,,,,,,,,,,,,,,,,,,,,,,,,,,,,,,,,,,,,,,,,,,,,,,,,,,,,,,,,,,,,,,,,,,,,,,,,,,,,,,,,,,,,,,,,,,,,,,,,,,,,,,,,
PACT DEVELOPMENTS DIRECTORY as of 01/01/2025,BROOKLYN,248,228,2/12/2020,2,3017990044,1,395 LEXINGTON AVENUE,11216,3,08,25,56,36,3322165,M,,,,,,,,,,,,,,,,,,,,,,,,,,,,,,,,,,,,,,,,,,,,,,,,,,,,,,,,,,,,,,,,,,,,,,,,,,,,,,,,,,,,,,,,,,,,,,,,,,,,,,,,,,,,,,,,,,,,,,,,,,,,,,
PACT DEVELOPMENTS DIRECTORY as of 01/01/2025,BROOKLYN,248,228,2/12/2020,2,3017990044,1,405 LEXINGTON AVENUE,11216,3,08,25,56,36,3322165,M,,,,,,,,,,,,,,,,,,,,,,,,,,,,,,,,,,,,,,,,,,,,,,,,,,,,,,,,,,,,,,,,,,,,,,,,,,,,,,,,,,,,,,,,,,,,,,,,,,,,,,,,,,,,,,,,,,,,,,,,,,,,,,
PACT DEVELOPMENTS DIRECTORY as of 01/01/2025,BROOKLYN,248,228,2/12/2020,2,3017990044,1,415 LEXINGTON AVENUE,11216,3,08,25,56,36,3322165,M,,,,,,,,,,,,,,,,,,,,,,,,,,,,,,,,,,,,,,,,,,,,,,,,,,,,,,,,,,,,,,,,,,,,,,,,,,,,,,,,,,,,,,,,,,,,,,,,,,,,,,,,,,,,,,,,,,,,,,,,,,,,,,
PACT DEVELOPMENTS DIRECTORY as of 01/01/2025,BROOKLYN,248,228,2/12/2020,2,3017990044,1,280 TOMPKINS AVENUE,11216,3,08,25,56,36,3322216,M,,,,,,,,,,,,,,,,,,,,,,,,,,,,,,,,,,,,,,,,,,,,,,,,,,,,,,,,,,,,,,,,,,,,,,,,,,,,,,,,,,,,,,,,,,,,,,,,,,,,,,,,,,,,,,,,,,,,,,,,,,,,,,
PACT DEVELOPMENTS DIRECTORY as of 01/01/2025,BROOKLYN,248,228,2/12/2020,2,3018040010,2,360 LEXINGTON AVENUE,11216,3,08,25,56,36,3322211,M,,,,,,,,,,,,,,,,,,,,,,,,,,,,,,,,,,,,,,,,,,,,,,,,,,,,,,,,,,,,,,,,,,,,,,,,,,,,,,,,,,,,,,,,,,,,,,,,,,,,,,,,,,,,,,,,,,,,,,,,,,,,,,
PACT DEVELOPMENTS DIRECTORY as of 01/01/2025,BROOKLYN,248,228,2/12/2020,2,3018040010,2,370 LEXINGTON AVENUE,11216,3,08,25,56,36,3322211,M,,,,,,,,,,,,,,,,,,,,,,,,,,,,,,,,,,,,,,,,,,,,,,,,,,,,,,,,,,,,,,,,,,,,,,,,,,,,,,,,,,,,,,,,,,,,,,,,,,,,,,,,,,,,,,,,,,,,,,,,,,,,,,
PACT DEVELOPMENTS DIRECTORY as of 01/01/2025,BROOKLYN,248,228,2/12/2020,2,3018040010,2,380 LEXINGTON AVENUE,11216,3,08,25,56,36,3322211,M,,,,,,,,,,,,,,,,,,,,,,,,,,,,,,,,,,,,,,,,,,,,,,,,,,,,,,,,,,,,,,,,,,,,,,,,,,,,,,,,,,,,,,,,,,,,,,,,,,,,,,,,,,,,,,,,,,,,,,,,,,,,,,
PACT DEVELOPMENTS DIRECTORY as of 01/01/2025,MANHATTAN,168,125,1/10/2023,3,,,,,,,,,,,M,,,,11216,3,08,25,,36,,3018090001,775 MARCY AVENUE,56,3322228,,,,,,,,,,,,,,,,,,,,,,,,,,,,,,,,,,,,,,,,,,,,,,,,,,,,,,,,,,,,,,,,,,,,,,,,,,,,,,,,,,,,,,,,,,,,,,,,,,,,,,,,,,,,,,,,
PACT DEVELOPMENTS DIRECTORY as of 01/01/2025,MANHATTAN,168,125,1/10/2023,3,,,,,,,,,,,M,,,,11216,3,08,25,,36,,3018090001,785 MARCY AVENUE,56,3322228,,,,,,,,,,,,,,,,,,,,,,,,,,,,,,,,,,,,,,,,,,,,,,,,,,,,,,,,,,,,,,,,,,,,,,,,,,,,,,,,,,,,,,,,,,,,,,,,,,,,,,,,,,,,,,,,
PACT DEVELOPMENTS DIRECTORY as of 01/01/2025,MANHATTAN,168,125,1/10/2023,3,,,,,,,,,,,M,,,,11216,3,08,25,,36,,3018090001,791 MARCY AVENUE,56,3322228,,,,,,,,,,,,,,,,,,,,,,,,,,,,,,,,,,,,,,,,,,,,,,,,,,,,,,,,,,,,,,,,,,,,,,,,,,,,,,,,,,,,,,,,,,,,,,,,,,,,,,,,,,,,,,,,
PACT DEVELOPMENTS DIRECTORY as of 01/01/2025,MANHATTAN,168,125,1/10/2023,3,,,,,,,,,,,M,,,,11216,3,08,25,,36,,3018090062,499 GATES AVENUE,56,3322234,,,,,,,,,,,,,,,,,,,,,,,,,,,,,,,,,,,,,,,,,,,,,,,,,,,,,,,,,,,,,,,,,,,,,,,,,,,,,,,,,,,,,,,,,,,,,,,,,,,,,,,,,,,,,,,,
PACT DEVELOPMENTS DIRECTORY as of 01/01/2025,MANHATTAN,168,125,1/10/2023,3,,,,,,,,,,,M,,,,11216,3,08,25,,36,,3018090062,505 GATES AVENUE,56,3322234,,,,,,,,,,,,,,,,,,,,,,,,,,,,,,,,,,,,,,,,,,,,,,,,,,,,,,,,,,,,,,,,,,,,,,,,,,,,,,,,,,,,,,,,,,,,,,,,,,,,,,,,,,,,,,,,
PACT DEVELOPMENTS DIRECTORY as of 01/01/2025,MANHATTAN,168,125,1/10/2023,3,,,,,,,,,,,M,,,,11216,3,08,25,,36,,3018090062,515 GATES AVENUE,56,3322234,,,,,,,,,,,,,,,,,,,,,,,,,,,,,,,,,,,,,,,,,,,,,,,,,,,,,,,,,,,,,,,,,,,,,,,,,,,,,,,,,,,,,,,,,,,,,,,,,,,,,,,,,,,,,,,,
PACT DEVELOPMENTS DIRECTORY as of 01/01/2025,MANHATTAN,168,125,1/10/2023,3,,,,,,,,,,,,,,,11216,3,08,25,,36,,3018090062,495 GATES AVENUE,56,3050974,,,,,,,,,,,,,,,,,,,,,,,,,,,,,,,,,,,,,,,,,,,,,,,,,,,,,,,,,,,,,,,,,,,,,,,,,,,,,,,,,,,,,,,,,,,,,,,,,,,,,,,,,,,,,,,,
PACT DEVELOPMENTS DIRECTORY as of 01/01/2025,MANHATTAN,168,125,1/10/2023,3,1020680046,1,1909 AMSTERDAM AVENUE,10032,9,13,30,71,07,1061681,M,,,,,,,,,,,,,,,,,,,,,,,,,,,,,,,,,,,,,,,,,,,,,,,,,,,,,,,,,,,,,,,,,,,,,,,,,,,,,,,,,,,,,,,,,,,,,,,,,,,,,,,,,,,,,,,,,,,,,,,,,,,,,,
PACT DEVELOPMENTS DIRECTORY as of 01/01/2025,MANHATTAN,168,125,1/10/2023,3,2049050360,1,1870 SCHIEFFELIN AVENUE,10466,12,16,36,83,12,2093740,M,,,,,,,,,,,,,,,,,,,,,,,,,,,,,,,,,,,,,,,,,,,,,,,,,,,,,,,,,,,,,,,,,,,,,,,,,,,,,,,,,,,,,,,,,,,,,,,,,,,,,,,,,,,,,,,,,,,,,,,,,,,,,,
PACT DEVELOPMENTS DIRECTORY as of 01/01/2025,MANHATTAN,168,125,1/10/2023,3,2049050360,1,1860 SCHIEFFELIN AVENUE,10466,12,16,36,83,12,2093740,,,,,,,,,,,,,,,,,,,,,,,,,,,,,,,,,,,,,,,,,,,,,,,,,,,,,,,,,,,,,,,,,,,,,,,,,,,,,,,,,,,,,,,,,,,,,,,,,,,,,,,,,,,,,,,,,,,,,,,,,,,,,,,
PACT DEVELOPMENTS DIRECTORY as of 01/01/2025,MANHATTAN,168,125,1/10/2023,3,2049050360,1,1225 EAST 225TH STREET,10466,12,16,36,83,12,2093740,,,,,,,,,,,,,,,,,,,,,,,,,,,,,,,,,,,,,,,,,,,,,,,,,,,,,,,,,,,,,,,,,,,,,,,,,,,,,,,,,,,,,,,,,,,,,,,,,,,,,,,,,,,,,,,,,,,,,,,,,,,,,,,
PACT DEVELOPMENTS DIRECTORY as of 01/01/2025,MANHATTAN,168,125,1/10/2023,3,2049050360,10,1871 SCHIEFFELIN PLACE,10466,12,16,36,83,12,2093749,M,,,,,,,,,,,,,,,,,,,,,,,,,,,,,,,,,,,,,,,,,,,,,,,,,,,,,,,,,,,,,,,,,,,,,,,,,,,,,,,,,,,,,,,,,,,,,,,,,,,,,,,,,,,,,,,,,,,,,,,,,,,,,,
PACT DEVELOPMENTS DIRECTORY as of 01/01/2025,MANHATTAN,168,125,1/10/2023,3,2049050360,11,1891 SCHIEFFELIN PLACE,10466,12,16,36,83,12,2093751,M,,,,,,,,,,,,,,,,,,,,,,,,,,,,,,,,,,,,,,,,,,,,,,,,,,,,,,,,,,,,,,,,,,,,,,,,,,,,,,,,,,,,,,,,,,,,,,,,,,,,,,,,,,,,,,,,,,,,,,,,,,,,,,
PACT DEVELOPMENTS DIRECTORY as of 01/01/2025,MANHATTAN,168,125,1/10/2023,3,2049050360,12,1220 EAST 229TH STREET,10466,12,16,36,83,12,2093741,,,,,,,,,,,,,,,,,,,,,,,,,,,,,,,,,,,,,,,,,,,,,,,,,,,,,,,,,,,,,,,,,,,,,,,,,,,,,,,,,,,,,,,,,,,,,,,,,,,,,,,,,,,,,,,,,,,,,,,,,,,,,,,
PACT DEVELOPMENTS DIRECTORY as of 01/01/2025,MANHATTAN,168,125,1/10/2023,3,2049050360,2,1880 SCHIEFFELIN AVENUE,10466,12,16,36,83,12,2093742,M,,,,,,,,,,,,,,,,,,,,,,,,,,,,,,,,,,,,,,,,,,,,,,,,,,,,,,,,,,,,,,,,,,,,,,,,,,,,,,,,,,,,,,,,,,,,,,,,,,,,,,,,,,,,,,,,,,,,,,,,,,,,,,
PACT DEVELOPMENTS DIRECTORY as of 01/01/2025,MANHATTAN,168,125,1/10/2023,3,2049050360,3,1890 SCHIEFFELIN AVENUE,10466,12,16,36,83,12,2093743,M,,,,,,,,,,,,,,,,,,,,,,,,,,,,,,,,,,,,,,,,,,,,,,,,,,,,,,,,,,,,,,,,,,,,,,,,,,,,,,,,,,,,,,,,,,,,,,,,,,,,,,,,,,,,,,,,,,,,,,,,,,,,,,
PACT DEVELOPMENTS DIRECTORY as of 01/01/2025,MANHATTAN,168,125,1/10/2023,3,2049050360,4,1920 SCHIEFFELIN AVENUE,10466,12,16,36,83,12,2093745,M,,,,,,,,,,,,,,,,,,,,,,,,,,,,,,,,,,,,,,,,,,,,,,,,,,,,,,,,,,,,,,,,,,,,,,,,,,,,,,,,,,,,,,,,,,,,,,,,,,,,,,,,,,,,,,,,,,,,,,,,,,,,,,
PACT DEVELOPMENTS DIRECTORY as of 01/01/2025,MANHATTAN,168,125,1/10/2023,3,2049050360,5,1930 SCHIEFFELIN AVENUE,10466,12,16,36,83,12,2093746,M,,,,,,,,,,,,,,,,,,,,,,,,,,,,,,,,,,,,,,,,,,,,,,,,,,,,,,,,,,,,,,,,,,,,,,,,,,,,,,,,,,,,,,,,,,,,,,,,,,,,,,,,,,,,,,,,,,,,,,,,,,,,,,
PACT DEVELOPMENTS DIRECTORY as of 01/01/2025,MANHATTAN,168,125,1/10/2023,3,2049050360,6,1910 SCHIEFFELIN AVENUE,10466,12,16,36,83,12,2093744,,,,,,,,,,,,,,,,,,,,,,,,,,,,,,,,,,,,,,,,,,,,,,,,,,,,,,,,,,,,,,,,,,,,,,,,,,,,,,,,,,,,,,,,,,,,,,,,,,,,,,,,,,,,,,,,,,,,,,,,,,,,,,,
PACT DEVELOPMENTS DIRECTORY as of 01/01/2025,MANHATTAN,168,125,1/10/2023,3,2049050360,6,1900 SCHIEFFELIN AVENUE,10466,12,16,36,83,12,2093744,M,,,,,,,,,,,,,,,,,,,,,,,,,,,,,,,,,,,,,,,,,,,,,,,,,,,,,,,,,,,,,,,,,,,,,,,,,,,,,,,,,,,,,,,,,,,,,,,,,,,,,,,,,,,,,,,,,,,,,,,,,,,,,,
PACT DEVELOPMENTS DIRECTORY as of 01/01/2025,MANHATTAN,168,125,1/10/2023,3,2049050360,7,1861 SCHIEFFELIN PLACE,10466,12,16,36,83,12,2093748,M,,,,,,,,,,,,,,,,,,,,,,,,,,,,,,,,,,,,,,,,,,,,,,,,,,,,,,,,,,,,,,,,,,,,,,,,,,,,,,,,,,,,,,,,,,,,,,,,,,,,,,,,,,,,,,,,,,,,,,,,,,,,,,
PACT DEVELOPMENTS DIRECTORY as of 01/01/2025,MANHATTAN,168,125,1/10/2023,3,2049050360,8,1881 SCHIEFFELIN PLACE,10466,12,16,36,83,12,2093750,M,,,,,,,,,,,,,,,,,,,,,,,,,,,,,,,,,,,,,,,,,,,,,,,,,,,,,,,,,,,,,,,,,,,,,,,,,,,,,,,,,,,,,,,,,,,,,,,,,,,,,,,,,,,,,,,,,,,,,,,,,,,,,,
PACT DEVELOPMENTS DIRECTORY as of 01/01/2025,MANHATTAN,168,125,1/10/2023,3,2049050360,9,1851 SCHIEFFELIN PLACE,10466,12,16,36,83,12,2093747,M,,,,,,,,,,,,,,,,,,,,,,,,,,,,,,,,,,,,,,,,,,,,,,,,,,,,,,,,,,,,,,,,,,,,,,,,,,,,,,,,,,,,,,,,,,,,,,,,,,,,,,,,,,,,,,,,,,,,,,,,,,,,,,
PACT DEVELOPMENTS DIRECTORY as of 01/01/2025,MANHATTAN,168,125,1/10/2023,3,3040290001,1,455 BARBEY STREET,11207,5,08,19,60,42,3323714,M,,,,,,,,,,,,,,,,,,,,,,,,,,,,,,,,,,,,,,,,,,,,,,,,,,,,,,,,,,,,,,,,,,,,,,,,,,,,,,,,,,,,,,,,,,,,,,,,,,,,,,,,,,,,,,,,,,,,,,,,,,,,,,
PACT DEVELOPMENTS DIRECTORY as of 01/01/2025,MANHATTAN,168,125,1/10/2023,3,3040290001,1,459 BARBEY STREET,11207,5,08,19,60,42,3323714,M,,,,,,,,,,,,,,,,,,,,,,,,,,,,,,,,,,,,,,,,,,,,,,,,,,,,,,,,,,,,,,,,,,,,,,,,,,,,,,,,,,,,,,,,,,,,,,,,,,,,,,,,,,,,,,,,,,,,,,,,,,,,,,
PACT DEVELOPMENTS DIRECTORY as of 01/01/2025,MANHATTAN,168,125,1/10/2023,3,3040290001,1,463 BARBEY STREET,11207,5,08,19,60,42,3323714,M,,,,,,,,,,,,,,,,,,,,,,,,,,,,,,,,,,,,,,,,,,,,,,,,,,,,,,,,,,,,,,,,,,,,,,,,,,,,,,,,,,,,,,,,,,,,,,,,,,,,,,,,,,,,,,,,,,,,,,,,,,,,,,
PACT DEVELOPMENTS DIRECTORY as of 01/01/2025,MANHATTAN,168,125,1/10/2023,3,3040290001,2,418 JEROME STREET,11207,5,08,19,60,42,3323715,M,,,,,,,,,,,,,,,,,,,,,,,,,,,,,,,,,,,,,,,,,,,,,,,,,,,,,,,,,,,,,,,,,,,,,,,,,,,,,,,,,,,,,,,,,,,,,,,,,,,,,,,,,,,,,,,,,,,,,,,,,,,,,,
PACT DEVELOPMENTS DIRECTORY as of 01/01/2025,MANHATTAN,168,125,1/10/2023,3,3040290001,2,422 JEROME STREET,11207,5,08,19,60,42,3323715,M,,,,,,,,,,,,,,,,,,,,,,,,,,,,,,,,,,,,,,,,,,,,,,,,,,,,,,,,,,,,,,,,,,,,,,,,,,,,,,,,,,,,,,,,,,,,,,,,,,,,,,,,,,,,,,,,,,,,,,,,,,,,,,
PACT DEVELOPMENTS DIRECTORY as of 01/01/2025,MANHATTAN,168,125,1/10/2023,3,3040290001,2,426 JEROME STREET,11207,5,08,19,60,42,3323715,M,,,,,,,,,,,,,,,,,,,,,,,,,,,,,,,,,,,,,,,,,,,,,,,,,,,,,,,,,,,,,,,,,,,,,,,,,,,,,,,,,,,,,,,,,,,,,,,,,,,,,,,,,,,,,,,,,,,,,,,,,,,,,,
PACT DEVELOPMENTS DIRECTORY as of 01/01/2025,MANHATTAN,168,125,1/10/2023,3,3040290001,3,610 BELMONT AVENUE,11207,5,08,19,60,42,3323716,M,,,,,,,,,,,,,,,,,,,,,,,,,,,,,,,,,,,,,,,,,,,,,,,,,,,,,,,,,,,,,,,,,,,,,,,,,,,,,,,,,,,,,,,,,,,,,,,,,,,,,,,,,,,,,,,,,,,,,,,,,,,,,,
PACT DEVELOPMENTS DIRECTORY as of 01/01/2025,MANHATTAN,168,125,1/10/2023,3,3040290001,3,616 BELMONT AVENUE,11207,5,08,19,60,42,3323716,M,,,,,,,,,,,,,,,,,,,,,,,,,,,,,,,,,,,,,,,,,,,,,,,,,,,,,,,,,,,,,,,,,,,,,,,,,,,,,,,,,,,,,,,,,,,,,,,,,,,,,,,,,,,,,,,,,,,,,,,,,,,,,,
PACT DEVELOPMENTS DIRECTORY as of 01/01/2025,MANHATTAN,168,125,1/10/2023,3,3021570019,,100 SOUTH 10TH STREET,11249,1,07,18,50,34,3000000,,,,,,,,,,,,,,,,,,,,,,,,,,,,,,,,,,,,,,,,,,,,,,,,,,,,,,,,,,,,,,,,,,,,,,,,,,,,,,,,,,,,,,,,,,,,,,,,,,,,,,,,,,,,,,,,,,,,,,,,,,,,,,,
PACT DEVELOPMENTS DIRECTORY as of 01/01/2025,MANHATTAN,168,125,1/10/2023,3,3021570005,,447 BERRY STREET,11249,1,07,18,50,34,3000000,,,,,,,,,,,,,,,,,,,,,,,,,,,,,,,,,,,,,,,,,,,,,,,,,,,,,,,,,,,,,,,,,,,,,,,,,,,,,,,,,,,,,,,,,,,,,,,,,,,,,,,,,,,,,,,,,,,,,,,,,,,,,,,
PACT DEVELOPMENTS DIRECTORY as of 01/01/2025,MANHATTAN,168,125,1/10/2023,3,3021560021,,448 BERRY STREET,11249,1,07,18,50,34,3000000,,,,,,,,,,,,,,,,,,,,,,,,,,,,,,,,,,,,,,,,,,,,,,,,,,,,,,,,,,,,,,,,,,,,,,,,,,,,,,,,,,,,,,,,,,,,,,,,,,,,,,,,,,,,,,,,,,,,,,,,,,,,,,,
PACT DEVELOPMENTS DIRECTORY as of 01/01/2025,MANHATTAN,168,125,1/10/2023,3,3021570004,,449 BERRY STREET,11249,1,07,18,50,34,3000000,,,,,,,,,,,,,,,,,,,,,,,,,,,,,,,,,,,,,,,,,,,,,,,,,,,,,,,,,,,,,,,,,,,,,,,,,,,,,,,,,,,,,,,,,,,,,,,,,,,,,,,,,,,,,,,,,,,,,,,,,,,,,,,
PACT DEVELOPMENTS DIRECTORY as of 01/01/2025,BRONX,309,211,11/16/2018,4,,,,,,,,,,,,,,,,,,,,,,,,,,3021560022,450 BERRY STREET,11249,1,07,18,50,34,3000000,,,,,,,,,,,,,,,,,,,,,,,,,,,,,,,,,,,,,,,,,,,,,,,,,,,,,,,,,,,,,,,,,,,,,,,,,,,,,,,,,,,,,,,,,,,,,,,,,,,,,,,
PACT DEVELOPMENTS DIRECTORY as of 01/01/2025,BRONX,309,211,11/16/2018,4,,,,,,,,,,,,,,,,,,,,,,,,,,3021570003,451 BERRY STREET,11249,1,07,18,50,34,3000000,,,,,,,,,,,,,,,,,,,,,,,,,,,,,,,,,,,,,,,,,,,,,,,,,,,,,,,,,,,,,,,,,,,,,,,,,,,,,,,,,,,,,,,,,,,,,,,,,,,,,,,
PACT DEVELOPMENTS DIRECTORY as of 01/01/2025,BRONX,309,211,11/16/2018,4,,,,,,,,,,,,,,,,,,,,,,,,,,3021570002,453 BERRY STREET,11249,1,07,18,50,34,3000000,,,,,,,,,,,,,,,,,,,,,,,,,,,,,,,,,,,,,,,,,,,,,,,,,,,,,,,,,,,,,,,,,,,,,,,,,,,,,,,,,,,,,,,,,,,,,,,,,,,,,,,
PACT DEVELOPMENTS DIRECTORY as of 01/01/2025,BRONX,309,211,11/16/2018,4,,,,,,,,,,,,,,,,,,,,,,,,,,3021570001,455 BERRY STREET,11249,1,07,18,50,34,3000000,,,,,,,,,,,,,,,,,,,,,,,,,,,,,,,,,,,,,,,,,,,,,,,,,,,,,,,,,,,,,,,,,,,,,,,,,,,,,,,,,,,,,,,,,,,,,,,,,,,,,,,
PACT DEVELOPMENTS DIRECTORY as of 01/01/2025,BRONX,309,211,11/16/2018,4,,,,,,,,,,,,,,,,,,,,,,,,,,3021570020,462 BEDFORD AVENUE,11249,1,07,18,50,34,3000000,,,,,,,,,,,,,,,,,,,,,,,,,,,,,,,,,,,,,,,,,,,,,,,,,,,,,,,,,,,,,,,,,,,,,,,,,,,,,,,,,,,,,,,,,,,,,,,,,,,,,,,
PACT DEVELOPMENTS DIRECTORY as of 01/01/2025,BRONX,309,211,11/16/2018,4,,,,,,,,,,,,,,,,,,,,,,,,,,3021570021,464 BEDFORD AVENUE,11249,1,07,18,50,34,3000000,,,,,,,,,,,,,,,,,,,,,,,,,,,,,,,,,,,,,,,,,,,,,,,,,,,,,,,,,,,,,,,,,,,,,,,,,,,,,,,,,,,,,,,,,,,,,,,,,,,,,,,
PACT DEVELOPMENTS DIRECTORY as of 01/01/2025,BRONX,309,211,11/16/2018,4,,,,,,,,,,,,,,,,,,,,,,,,,,3021570022,466 BEDFORD AVENUE,11249,1,07,18,50,34,3000000,,,,,,,,,,,,,,,,,,,,,,,,,,,,,,,,,,,,,,,,,,,,,,,,,,,,,,,,,,,,,,,,,,,,,,,,,,,,,,,,,,,,,,,,,,,,,,,,,,,,,,,
PACT DEVELOPMENTS DIRECTORY as of 01/01/2025,BRONX,309,211,11/16/2018,4,,,,,,,,,,,,,,,,,,,,,,,,,,3021450036,49 SOUTH 10TH STREET,11249,1,07,18,50,34,3000000,,,,,,,,,,,,,,,,,,,,,,,,,,,,,,,,,,,,,,,,,,,,,,,,,,,,,,,,,,,,,,,,,,,,,,,,,,,,,,,,,,,,,,,,,,,,,,,,,,,,,,,
PACT DEVELOPMENTS DIRECTORY as of 01/01/2025,BRONX,309,211,11/16/2018,4,,,,,,,,,,,,,,,,,,,,,,,,,,3021450035,51 SOUTH 10TH STREET,11249,1,07,18,50,34,3000000,,,,,,,,,,,,,,,,,,,,,,,,,,,,,,,,,,,,,,,,,,,,,,,,,,,,,,,,,,,,,,,,,,,,,,,,,,,,,,,,,,,,,,,,,,,,,,,,,,,,,,,
PACT DEVELOPMENTS DIRECTORY as of 01/01/2025,BRONX,309,211,11/16/2018,4,,,,,,,,,,,,,,,,,,,,,,,,,,3021450034,53 SOUTH 10TH STREET,11249,1,07,18,50,34,3000000,,,,,,,,,,,,,,,,,,,,,,,,,,,,,,,,,,,,,,,,,,,,,,,,,,,,,,,,,,,,,,,,,,,,,,,,,,,,,,,,,,,,,,,,,,,,,,,,,,,,,,,
PACT DEVELOPMENTS DIRECTORY as of 01/01/2025,BRONX,309,211,11/16/2018,4,,,,,,,,,,,,,,,,,,,,,,,,,,3021450033,55 SOUTH 10TH STREET,11249,1,07,18,50,34,3000000,,,,,,,,,,,,,,,,,,,,,,,,,,,,,,,,,,,,,,,,,,,,,,,,,,,,,,,,,,,,,,,,,,,,,,,,,,,,,,,,,,,,,,,,,,,,,,,,,,,,,,,
PACT DEVELOPMENTS DIRECTORY as of 01/01/2025,BRONX,309,211,11/16/2018,4,,,,,,,,,,,,,,,,,,,,,,,,,,3021450032,57 SOUTH 10TH STREET,11249,1,07,18,50,34,3000000,,,,,,,,,,,,,,,,,,,,,,,,,,,,,,,,,,,,,,,,,,,,,,,,,,,,,,,,,,,,,,,,,,,,,,,,,,,,,,,,,,,,,,,,,,,,,,,,,,,,,,,
PACT DEVELOPMENTS DIRECTORY as of 01/01/2025,BRONX,309,211,11/16/2018,4,,,,,,,,,,,,,,,,,,,,,,,,,,3021450031,59 SOUTH 10TH STREET,11249,1,07,18,50,34,3000000,,,,,,,,,,,,,,,,,,,,,,,,,,,,,,,,,,,,,,,,,,,,,,,,,,,,,,,,,,,,,,,,,,,,,,,,,,,,,,,,,,,,,,,,,,,,,,,,,,,,,,,
PACT DEVELOPMENTS DIRECTORY as of 01/01/2025,BRONX,309,211,11/16/2018,4,,,,,,,,,,,,,,,,,,,,,,,,,,3021450030,61 SOUTH 10TH STREET,11249,1,07,18,50,34,3393826,,,,,,,,,,,,,,,,,,,,,,,,,,,,,,,,,,,,,,,,,,,,,,,,,,,,,,,,,,,,,,,,,,,,,,,,,,,,,,,,,,,,,,,,,,,,,,,,,,,,,,,
PACT DEVELOPMENTS DIRECTORY as of 01/01/2025,BRONX,309,211,11/16/2018,4,,,,,,,,,,,,,,,,,,,,,,,,,,3021450029,63 SOUTH 10TH STREET,11249,1,07,18,50,34,3000000,,,,,,,,,,,,,,,,,,,,,,,,,,,,,,,,,,,,,,,,,,,,,,,,,,,,,,,,,,,,,,,,,,,,,,,,,,,,,,,,,,,,,,,,,,,,,,,,,,,,,,,
PACT DEVELOPMENTS DIRECTORY as of 01/01/2025,BRONX,309,211,11/16/2018,4,,,,,,,,,,,,,,,,,,,,,,,,,,3021450028,65 SOUTH 10TH STREET,11249,1,07,18,50,34,3000000,,,,,,,,,,,,,,,,,,,,,,,,,,,,,,,,,,,,,,,,,,,,,,,,,,,,,,,,,,,,,,,,,,,,,,,,,,,,,,,,,,,,,,,,,,,,,,,,,,,,,,,
PACT DEVELOPMENTS DIRECTORY as of 01/01/2025,BRONX,309,211,11/16/2018,4,,,,,,,,,,,,,,,,,,,,,,,,,,3021450027,65A SOUTH 10TH STREET,11249,,,,,,,,,,,,,,,,,,,,,,,,,,,,,,,,,,,,,,,,,,,,,,,,,,,,,,,,,,,,,,,,,,,,,,,,,,,,,,,,,,,,,,,,,,,,,,,,,,,,,,,,,,,,,
PACT DEVELOPMENTS DIRECTORY as of 01/01/2025,BRONX,309,211,11/16/2018,4,,,,,,,,,,,,,,,,,,,,,,,,,,3021450026,67 SOUTH 10TH STREET,11249,1,07,18,50,34,3000000,,,,,,,,,,,,,,,,,,,,,,,,,,,,,,,,,,,,,,,,,,,,,,,,,,,,,,,,,,,,,,,,,,,,,,,,,,,,,,,,,,,,,,,,,,,,,,,,,,,,,,,
PACT DEVELOPMENTS DIRECTORY as of 01/01/2025,BRONX,309,211,11/16/2018,4,,,,,,,,,,,,,,,,,,,,,,,,,,3021450017,74 SOUTH 9TH STREET,11249,1,07,18,50,34,3000000,,,,,,,,,,,,,,,,,,,,,,,,,,,,,,,,,,,,,,,,,,,,,,,,,,,,,,,,,,,,,,,,,,,,,,,,,,,,,,,,,,,,,,,,,,,,,,,,,,,,,,,
PACT DEVELOPMENTS DIRECTORY as of 01/01/2025,BRONX,309,211,11/16/2018,4,,,,,,,,,,,,,,,,,,,,,,,,,,3021450018,71 SOUTH 10TH STREET,11249,1,07,18,50,34,3341979,,,,,,,,,,,,,,,,,,,,,,,,,,,,,,,,,,,,,,,,,,,,,,,,,,,,,,,,,,,,,,,,,,,,,,,,,,,,,,,,,,,,,,,,,,,,,,,,,,,,,,,
PACT DEVELOPMENTS DIRECTORY as of 01/01/2025,BRONX,309,211,11/16/2018,4,,,,,,,,,,,,,,,,,,,,,,,,,,3021450018,440 BERRY STREET,11249,1,07,18,50,34,3341979,,,,,,,,,,,,,,,,,,,,,,,,,,,,,,,,,,,,,,,,,,,,,,,,,,,,,,,,,,,,,,,,,,,,,,,,,,,,,,,,,,,,,,,,,,,,,,,,,,,,,,,
PACT DEVELOPMENTS DIRECTORY as of 01/01/2025,BRONX,309,211,11/16/2018,4,,,,,,,,,,,,,,,,,,,,,,,,,,3021450008,46 SOUTH 9TH STREET,11249,1,07,18,50,34,3341978,,,,,,,,,,,,,,,,,,,,,,,,,,,,,,,,,,,,,,,,,,,,,,,,,,,,,,,,,,,,,,,,,,,,,,,,,,,,,,,,,,,,,,,,,,,,,,,,,,,,,,,
PACT DEVELOPMENTS DIRECTORY as of 01/01/2025,BRONX,309,211,11/16/2018,4,,,,,,,,,,,,,,,,,,,,,,,,,,3021450008,50 SOUTH 9TH STREET,11249,1,07,18,50,34,3341978,,,,,,,,,,,,,,,,,,,,,,,,,,,,,,,,,,,,,,,,,,,,,,,,,,,,,,,,,,,,,,,,,,,,,,,,,,,,,,,,,,,,,,,,,,,,,,,,,,,,,,,
PACT DEVELOPMENTS DIRECTORY as of 01/01/2025,BRONX,309,211,11/16/2018,4,,,,,,,,,,,,,,,,,,,,,,,,,,3021450008,54 SOUTH 9TH STREET,11249,1,07,18,50,34,3341978,,,,,,,,,,,,,,,,,,,,,,,,,,,,,,,,,,,,,,,,,,,,,,,,,,,,,,,,,,,,,,,,,,,,,,,,,,,,,,,,,,,,,,,,,,,,,,,,,,,,,,,
PACT DEVELOPMENTS DIRECTORY as of 01/01/2025,BRONX,309,211,11/16/2018,4,,,,,,,,,,,,,,,,,,,,,,,,,,3021450008,58 SOUTH 9TH STREET,11249,1,07,18,50,34,3341978,,,,,,,,,,,,,,,,,,,,,,,,,,,,,,,,,,,,,,,,,,,,,,,,,,,,,,,,,,,,,,,,,,,,,,,,,,,,,,,,,,,,,,,,,,,,,,,,,,,,,,,
PACT DEVELOPMENTS DIRECTORY as of 01/01/2025,BRONX,309,211,11/16/2018,4,,,,,,,,,,,,,,,,,,,,,,,,,,3021560007,46 SOUTH 10TH STREET,11249,1,07,18,50,34,3255961,,,,,,,,,,,,,,,,,,,,,,,,,,,,,,,,,,,,,,,,,,,,,,,,,,,,,,,,,,,,,,,,,,,,,,,,,,,,,,,,,,,,,,,,,,,,,,,,,,,,,,,
PACT DEVELOPMENTS DIRECTORY as of 01/01/2025,BRONX,309,211,11/16/2018,4,,,,,,,,,,,,,,,,,,,,,,,,,,3021560007,48 SOUTH 10TH STREET,11249,1,07,18,50,34,3255961,,,,,,,,,,,,,,,,,,,,,,,,,,,,,,,,,,,,,,,,,,,,,,,,,,,,,,,,,,,,,,,,,,,,,,,,,,,,,,,,,,,,,,,,,,,,,,,,,,,,,,,
PACT DEVELOPMENTS DIRECTORY as of 01/01/2025,BRONX,309,211,11/16/2018,4,,,,,,,,,,,,,,,,,,,,,,,,,,3021560007,52 SOUTH 10TH STREET,11249,1,07,18,50,34,3255961,,,,,,,,,,,,,,,,,,,,,,,,,,,,,,,,,,,,,,,,,,,,,,,,,,,,,,,,,,,,,,,,,,,,,,,,,,,,,,,,,,,,,,,,,,,,,,,,,,,,,,,
PACT DEVELOPMENTS DIRECTORY as of 01/01/2025,BRONX,309,211,11/16/2018,4,,,,,,,,,,,,,,,,,,,,,,,,,,3021560007,56 SOUTH 10TH STREET,11249,1,07,18,50,34,3255961,,,,,,,,,,,,,,,,,,,,,,,,,,,,,,,,,,,,,,,,,,,,,,,,,,,,,,,,,,,,,,,,,,,,,,,,,,,,,,,,,,,,,,,,,,,,,,,,,,,,,,,
PACT DEVELOPMENTS DIRECTORY as of 01/01/2025,BRONX,309,211,11/16/2018,4,,,,,,,,,,,,,,,,,,,,,,,,,,3021560007,60 SOUTH 10TH STREET,11249,1,07,18,50,34,3255961,,,,,,,,,,,,,,,,,,,,,,,,,,,,,,,,,,,,,,,,,,,,,,,,,,,,,,,,,,,,,,,,,,,,,,,,,,,,,,,,,,,,,,,,,,,,,,,,,,,,,,,
PACT DEVELOPMENTS DIRECTORY as of 01/01/2025,BRONX,309,211,11/16/2018,4,,,,,,,,,,,,,,,,,,,,,,,,,,3021560007,64 SOUTH 10TH STREET,11249,1,07,18,50,34,3255961,,,,,,,,,,,,,,,,,,,,,,,,,,,,,,,,,,,,,,,,,,,,,,,,,,,,,,,,,,,,,,,,,,,,,,,,,,,,,,,,,,,,,,,,,,,,,,,,,,,,,,,
PACT DEVELOPMENTS DIRECTORY as of 01/01/2025,BRONX,309,211,11/16/2018,4,,,,,,,,,,,,,,,,,,,,,,,,,,3021570006,84 SOUTH 10TH STREET,11249,1,07,18,50,34,3255977,,,,,,,,,,,,,,,,,,,,,,,,,,,,,,,,,,,,,,,,,,,,,,,,,,,,,,,,,,,,,,,,,,,,,,,,,,,,,,,,,,,,,,,,,,,,,,,,,,,,,,,
PACT DEVELOPMENTS DIRECTORY as of 01/01/2025,BRONX,309,211,11/16/2018,4,,,,,,,,,,,,,,,,,,,,,,,,,,3021570006,88 SOUTH 10TH STREET,11249,1,07,18,50,34,3255977,,,,,,,,,,,,,,,,,,,,,,,,,,,,,,,,,,,,,,,,,,,,,,,,,,,,,,,,,,,,,,,,,,,,,,,,,,,,,,,,,,,,,,,,,,,,,,,,,,,,,,,
PACT DEVELOPMENTS DIRECTORY as of 01/01/2025,BRONX,309,211,11/16/2018,4,,,,,,,,,,,,,,,,,,,,,,,,,,3021570006,92 SOUTH 10TH STREET,11249,1,07,18,50,34,3255977,,,,,,,,,,,,,,,,,,,,,,,,,,,,,,,,,,,,,,,,,,,,,,,,,,,,,,,,,,,,,,,,,,,,,,,,,,,,,,,,,,,,,,,,,,,,,,,,,,,,,,,
PACT DEVELOPMENTS DIRECTORY as of 01/01/2025,BRONX,309,211,11/16/2018,4,,,,,,,,,,,,,,,,,,,,,,,,,,3021570006,96 SOUTH 10TH STREET,11249,1,07,18,50,34,3255977,,,,,,,,,,,,,,,,,,,,,,,,,,,,,,,,,,,,,,,,,,,,,,,,,,,,,,,,,,,,,,,,,,,,,,,,,,,,,,,,,,,,,,,,,,,,,,,,,,,,,,,
PACT DEVELOPMENTS DIRECTORY as of 01/01/2025,BRONX,309,211,11/16/2018,4,2022690100,1,400 BROOK AVENUE,10454,1,14,29,84,08,2090994,M,,,,,,,,,,,,,,,,,,,,,,,,,,,,,,,,,,,,,,,,,,,,,,,,,,,,,,,,,,,,,,,,,,,,,,,,,,,,,,,,,,,,,,,,,,,,,,,,,,,,,,,,,,,,,,,,,,,,,,,,,,,,,,
PACT DEVELOPMENTS DIRECTORY as of 01/01/2025,BRONX,309,211,11/16/2018,4,2022690100,1,404 BROOK AVENUE,10454,1,14,29,84,08,2090994,,,,,,,,,,,,,,,,,,,,,,,,,,,,,,,,,,,,,,,,,,,,,,,,,,,,,,,,,,,,,,,,,,,,,,,,,,,,,,,,,,,,,,,,,,,,,,,,,,,,,,,,,,,,,,,,,,,,,,,,,,,,,,,
PACT DEVELOPMENTS DIRECTORY as of 01/01/2025,BRONX,309,211,11/16/2018,4,2022690100,1,510 EAST 144TH STREET,10454,1,14,29,84,08,2090994,,,,,,,,,,,,,,,,,,,,,,,,,,,,,,,,,,,,,,,,,,,,,,,,,,,,,,,,,,,,,,,,,,,,,,,,,,,,,,,,,,,,,,,,,,,,,,,,,,,,,,,,,,,,,,,,,,,,,,,,,,,,,,,
PACT DEVELOPMENTS DIRECTORY as of 01/01/2025,BRONX,309,211,11/16/2018,4,2022690100,10,550 EAST 144TH STREET,10454,1,14,29,84,08,2116422,M,,,,,,,,,,,,,,,,,,,,,,,,,,,,,,,,,,,,,,,,,,,,,,,,,,,,,,,,,,,,,,,,,,,,,,,,,,,,,,,,,,,,,,,,,,,,,,,,,,,,,,,,,,,,,,,,,,,,,,,,,,,,,,
PACT DEVELOPMENTS DIRECTORY as of 01/01/2025,BRONX,309,211,11/16/2018,4,2022690100,11,540 EAST 144TH STREET,10454,1,14,29,84,08,2116423,M,,,,,,,,,,,,,,,,,,,,,,,,,,,,,,,,,,,,,,,,,,,,,,,,,,,,,,,,,,,,,,,,,,,,,,,,,,,,,,,,,,,,,,,,,,,,,,,,,,,,,,,,,,,,,,,,,,,,,,,,,,,,,,
PACT DEVELOPMENTS DIRECTORY as of 01/01/2025,BRONX,309,211,11/16/2018,4,2022690100,12,530 EAST 144TH STREET,10454,1,14,29,84,08,2116424,M,,,,,,,,,,,,,,,,,,,,,,,,,,,,,,,,,,,,,,,,,,,,,,,,,,,,,,,,,,,,,,,,,,,,,,,,,,,,,,,,,,,,,,,,,,,,,,,,,,,,,,,,,,,,,,,,,,,,,,,,,,,,,,
PACT DEVELOPMENTS DIRECTORY as of 01/01/2025,BRONX,309,211,11/16/2018,4,2022690100,13,520 EAST 144TH STREET,10454,1,14,29,84,08,2090990,M,,,,,,,,,,,,,,,,,,,,,,,,,,,,,,,,,,,,,,,,,,,,,,,,,,,,,,,,,,,,,,,,,,,,,,,,,,,,,,,,,,,,,,,,,,,,,,,,,,,,,,,,,,,,,,,,,,,,,,,,,,,,,,
PACT DEVELOPMENTS DIRECTORY as of 01/01/2025,BRONX,309,211,11/16/2018,4,2022690100,2,511 EAST 143RD STREET,10454,1,14,29,84,08,2090992,M,,,,,,,,,,,,,,,,,,,,,,,,,,,,,,,,,,,,,,,,,,,,,,,,,,,,,,,,,,,,,,,,,,,,,,,,,,,,,,,,,,,,,,,,,,,,,,,,,,,,,,,,,,,,,,,,,,,,,,,,,,,,,,
PACT DEVELOPMENTS DIRECTORY as of 01/01/2025,BRONX,309,211,11/16/2018,4,2022690100,3,515 EAST 143RD STREET,10454,1,14,29,84,08,2116416,M,,,,,,,,,,,,,,,,,,,,,,,,,,,,,,,,,,,,,,,,,,,,,,,,,,,,,,,,,,,,,,,,,,,,,,,,,,,,,,,,,,,,,,,,,,,,,,,,,,,,,,,,,,,,,,,,,,,,,,,,,,,,,,
PACT DEVELOPMENTS DIRECTORY as of 01/01/2025,BRONX,309,211,11/16/2018,4,2022690100,4,525 EAST 143RD STREET,10454,1,14,29,84,08,2116417,M,,,,,,,,,,,,,,,,,,,,,,,,,,,,,,,,,,,,,,,,,,,,,,,,,,,,,,,,,,,,,,,,,,,,,,,,,,,,,,,,,,,,,,,,,,,,,,,,,,,,,,,,,,,,,,,,,,,,,,,,,,,,,,
PACT DEVELOPMENTS DIRECTORY as of 01/01/2025,BRONX,309,211,11/16/2018,4,2022690100,5,531 EAST 143RD STREET,10454,1,14,29,84,08,2116418,M,,,,,,,,,,,,,,,,,,,,,,,,,,,,,,,,,,,,,,,,,,,,,,,,,,,,,,,,,,,,,,,,,,,,,,,,,,,,,,,,,,,,,,,,,,,,,,,,,,,,,,,,,,,,,,,,,,,,,,,,,,,,,,
PACT DEVELOPMENTS DIRECTORY as of 01/01/2025,BRONX,309,211,11/16/2018,4,2022690100,6,535 EAST 143RD STREET,10454,1,14,29,84,08,2116419,M,,,,,,,,,,,,,,,,,,,,,,,,,,,,,,,,,,,,,,,,,,,,,,,,,,,,,,,,,,,,,,,,,,,,,,,,,,,,,,,,,,,,,,,,,,,,,,,,,,,,,,,,,,,,,,,,,,,,,,,,,,,,,,
PACT DEVELOPMENTS DIRECTORY as of 01/01/2025,BRONX,309,211,11/16/2018,4,2022690100,7,545 EAST 143RD STREET,10454,1,14,29,84,08,2116420,M,,,,,,,,,,,,,,,,,,,,,,,,,,,,,,,,,,,,,,,,,,,,,,,,,,,,,,,,,,,,,,,,,,,,,,,,,,,,,,,,,,,,,,,,,,,,,,,,,,,,,,,,,,,,,,,,,,,,,,,,,,,,,,
PACT DEVELOPMENTS DIRECTORY as of 01/01/2025,BRONX,309,211,11/16/2018,4,2022690100,8,551 EAST 143RD STREET,10454,1,14,29,84,08,2090993,M,,,,,,,,,,,,,,,,,,,,,,,,,,,,,,,,,,,,,,,,,,,,,,,,,,,,,,,,,,,,,,,,,,,,,,,,,,,,,,,,,,,,,,,,,,,,,,,,,,,,,,,,,,,,,,,,,,,,,,,,,,,,,,
PACT DEVELOPMENTS DIRECTORY as of 01/01/2025,BRONX,309,211,11/16/2018,4,2022690100,8,555 EAST 143RD STREET,10454,1,14,29,84,08,2090993,,,,,,,,,,,,,,,,,,,,,,,,,,,,,,,,,,,,,,,,,,,,,,,,,,,,,,,,,,,,,,,,,,,,,,,,,,,,,,,,,,,,,,,,,,,,,,,,,,,,,,,,,,,,,,,,,,,,,,,,,,,,,,,
PACT DEVELOPMENTS DIRECTORY as of 01/01/2025,BRONX,51,518,11/16/2018,5,,,,,,,,,,,,,,,,,08,,,,,,,,,,,,1,,,,,,2022690100,9,560 EAST 144TH STREET,10454,14,29,84,2090991,,,,,,,,,,,,,,,,,,,,,,,,,,,,,,,,,,,,,,,,,,,,,,,,,,,,,,,,,,,,,,,,,,,,,,,,,,,,,,,,,,,,,,,,,,,,,,,
PACT DEVELOPMENTS DIRECTORY as of 01/01/2025,BRONX,51,518,11/16/2018,5,2025680012,3,700 EAST 140TH STREET,10454,1,14,29,84,08,2091293,M,,,,,,,,,,,,,,,,,,,,,,,,,,,,,,,,,,,,,,,,,,,,,,,,,,,,,,,,,,,,,,,,,,,,,,,,,,,,,,,,,,,,,,,,,,,,,,,,,,,,,,,,,,,,,,,,,,,,,,,,,,,,,,
PACT DEVELOPMENTS DIRECTORY as of 01/01/2025,BRONX,51,518,11/16/2018,5,2025680012,3,690 EAST 140TH STREET,10454,1,14,29,84,08,2091293,,,,,,,,,,,,,,,,,,,,,,,,,,,,,,,,,,,,,,,,,,,,,,,,,,,,,,,,,,,,,,,,,,,,,,,,,,,,,,,,,,,,,,,,,,,,,,,,,,,,,,,,,,,,,,,,,,,,,,,,,,,,,,,
PACT DEVELOPMENTS DIRECTORY as of 01/01/2025,BRONX,51,518,11/16/2018,5,2022820057,1,443 EAST 137TH STREET,10454,1,14,29,84,08,2000264,M,,,,,,,,,,,,,,,,,,,,,,,,,,,,,,,,,,,,,,,,,,,,,,,,,,,,,,,,,,,,,,,,,,,,,,,,,,,,,,,,,,,,,,,,,,,,,,,,,,,,,,,,,,,,,,,,,,,,,,,,,,,,,,
PACT DEVELOPMENTS DIRECTORY as of 01/01/2025,BRONX,51,518,11/16/2018,5,2022820057,1,453 EAST 137TH STREET,10454,1,14,29,84,08,2000264,M,,,,,,,,,,,,,,,,,,,,,,,,,,,,,,,,,,,,,,,,,,,,,,,,,,,,,,,,,,,,,,,,,,,,,,,,,,,,,,,,,,,,,,,,,,,,,,,,,,,,,,,,,,,,,,,,,,,,,,,,,,,,,,
PACT DEVELOPMENTS DIRECTORY as of 01/01/2025,BRONX,51,518,11/16/2018,5,2022820057,1,455 EAST 137TH STREET,10454,1,14,29,84,08,2000264,M,,,,,,,,,,,,,,,,,,,,,,,,,,,,,,,,,,,,,,,,,,,,,,,,,,,,,,,,,,,,,,,,,,,,,,,,,,,,,,,,,,,,,,,,,,,,,,,,,,,,,,,,,,,,,,,,,,,,,,,,,,,,,,
PACT DEVELOPMENTS DIRECTORY as of 01/01/2025,BRONX,51,518,11/16/2018,5,2022820057,1,463 EAST 137TH STREET,10454,1,14,29,84,08,2000264,M,,,,,,,,,,,,,,,,,,,,,,,,,,,,,,,,,,,,,,,,,,,,,,,,,,,,,,,,,,,,,,,,,,,,,,,,,,,,,,,,,,,,,,,,,,,,,,,,,,,,,,,,,,,,,,,,,,,,,,,,,,,,,,
PACT DEVELOPMENTS DIRECTORY as of 01/01/2025,BRONX,51,518,11/16/2018,5,2022810010,2,416 EAST 137TH STREET,10454,1,14,29,84,08,2091008,M,,,,,,,,,,,,,,,,,,,,,,,,,,,,,,,,,,,,,,,,,,,,,,,,,,,,,,,,,,,,,,,,,,,,,,,,,,,,,,,,,,,,,,,,,,,,,,,,,,,,,,,,,,,,,,,,,,,,,,,,,,,,,,
PACT DEVELOPMENTS DIRECTORY as of 01/01/2025,BRONX,51,518,11/16/2018,5,2022810010,2,408 EAST 137TH STREET,10454,1,14,29,84,08,2118035,,,,,,,,,,,,,,,,,,,,,,,,,,,,,,,,,,,,,,,,,,,,,,,,,,,,,,,,,,,,,,,,,,,,,,,,,,,,,,,,,,,,,,,,,,,,,,,,,,,,,,,,,,,,,,,,,,,,,,,,,,,,,,,
PACT DEVELOPMENTS DIRECTORY as of 01/01/2025,BRONX,51,518,11/16/2018,5,2022710001,4,505 EAST 144TH STREET,10454,1,15,29,84,08,2000102,M,,,,,,,,,,,,,,,,,,,,,,,,,,,,,,,,,,,,,,,,,,,,,,,,,,,,,,,,,,,,,,,,,,,,,,,,,,,,,,,,,,,,,,,,,,,,,,,,,,,,,,,,,,,,,,,,,,,,,,,,,,,,,,
PACT DEVELOPMENTS DIRECTORY as of 01/01/2025,BRONX,51,518,11/16/2018,5,2022710001,4,509 EAST 144TH STREET,10454,1,15,29,84,08,2000102,M,,,,,,,,,,,,,,,,,,,,,,,,,,,,,,,,,,,,,,,,,,,,,,,,,,,,,,,,,,,,,,,,,,,,,,,,,,,,,,,,,,,,,,,,,,,,,,,,,,,,,,,,,,,,,,,,,,,,,,,,,,,,,,
PACT DEVELOPMENTS DIRECTORY as of 01/01/2025,BRONX,51,518,11/16/2018,5,2022710001,4,517 EAST 144TH STREET,10454,1,15,29,84,08,2000102,M,,,,,,,,,,,,,,,,,,,,,,,,,,,,,,,,,,,,,,,,,,,,,,,,,,,,,,,,,,,,,,,,,,,,,,,,,,,,,,,,,,,,,,,,,,,,,,,,,,,,,,,,,,,,,,,,,,,,,,,,,,,,,,
PACT DEVELOPMENTS DIRECTORY as of 01/01/2025,BRONX,51,518,11/16/2018,5,2022710001,4,511 EAST 144TH STREET,10454,1,15,29,84,08,2000102,,,,,,,,,,,,,,,,,,,,,,,,,,,,,,,,,,,,,,,,,,,,,,,,,,,,,,,,,,,,,,,,,,,,,,,,,,,,,,,,,,,,,,,,,,,,,,,,,,,,,,,,,,,,,,,,,,,,,,,,,,,,,,,
PACT DEVELOPMENTS DIRECTORY as of 01/01/2025,BRONX,51,518,11/16/2018,5,2025680012,4,695 EAST 139TH STREET,10454,1,14,29,84,08,2091292,M,,,,,,,,,,,,,,,,,,,,,,,,,,,,,,,,,,,,,,,,,,,,,,,,,,,,,,,,,,,,,,,,,,,,,,,,,,,,,,,,,,,,,,,,,,,,,,,,,,,,,,,,,,,,,,,,,,,,,,,,,,,,,,
PACT DEVELOPMENTS DIRECTORY as of 01/01/2025,BRONX,51,518,11/16/2018,5,2025680012,5,699 EAST 139TH STREET,10454,1,14,29,84,08,2091291,M,,,,,,,,,,,,,,,,,,,,,,,,,,,,,,,,,,,,,,,,,,,,,,,,,,,,,,,,,,,,,,,,,,,,,,,,,,,,,,,,,,,,,,,,,,,,,,,,,,,,,,,,,,,,,,,,,,,,,,,,,,,,,,
PACT DEVELOPMENTS DIRECTORY as of 01/01/2025,BRONX,51,518,11/16/2018,5,2022810055,,451 EAST 136TH STREET,10454,1,14,29,84,08,2000000,,,,,,,,,,,,,,,,,,,,,,,,,,,,,,,,,,,,,,,,,,,,,,,,,,,,,,,,,,,,,,,,,,,,,,,,,,,,,,,,,,,,,,,,,,,,,,,,,,,,,,,,,,,,,,,,,,,,,,,,,,,,,,,
PACT DEVELOPMENTS DIRECTORY as of 01/01/2025,BRONX,51,518,11/16/2018,5,2022810010,6,411 EAST 136TH STREET,10454,1,14,29,84,08,2091009,M,,,,,,,,,,,,,,,,,,,,,,,,,,,,,,,,,,,,,,,,,,,,,,,,,,,,,,,,,,,,,,,,,,,,,,,,,,,,,,,,,,,,,,,,,,,,,,,,,,,,,,,,,,,,,,,,,,,,,,,,,,,,,,
PACT DEVELOPMENTS DIRECTORY as of 01/01/2025,BRONX,51,518,11/16/2018,5,2022710020,2,427 SAINT ANNS AVENUE,10454,1,15,29,84,08,2090998,M,,,,,,,,,,,,,,,,,,,,,,,,,,,,,,,,,,,,,,,,,,,,,,,,,,,,,,,,,,,,,,,,,,,,,,,,,,,,,,,,,,,,,,,,,,,,,,,,,,,,,,,,,,,,,,,,,,,,,,,,,,,,,,
PACT DEVELOPMENTS DIRECTORY as of 01/01/2025,BRONX,51,518,11/16/2018,5,2022710020,3,423 SAINT ANNS AVENUE,10454,1,15,29,84,08,2090997,M,,,,,,,,,,,,,,,,,,,,,,,,,,,,,,,,,,,,,,,,,,,,,,,,,,,,,,,,,,,,,,,,,,,,,,,,,,,,,,,,,,,,,,,,,,,,,,,,,,,,,,,,,,,,,,,,,,,,,,,,,,,,,,
PACT DEVELOPMENTS DIRECTORY as of 01/01/2025,BRONX,51,518,11/16/2018,5,2022870135,1,480 EAST 143RD STREET,10454,1,15,29,84,08,2000433,M,,,,,,,,,,,,,,,,,,,,,,,,,,,,,,,,,,,,,,,,,,,,,,,,,,,,,,,,,,,,,,,,,,,,,,,,,,,,,,,,,,,,,,,,,,,,,,,,,,,,,,,,,,,,,,,,,,,,,,,,,,,,,,
PACT DEVELOPMENTS DIRECTORY as of 01/01/2025,BRONX,100,231,11/16/2018,6,,,,,,,,,,,,,,,,,08,,,,,,,,,,,,1,,,,,,,,,10455,,29,84,,2022910023,433 EAST 146TH STREET,15,2091087,,,,,,,,,,,,,,,,,,,,,,,,,,,,,,,,,,,,,,,,,,,,,,,,,,,,,,,,,,,,,,,,,,,,,,,,,,,,,,,,,,,,,,,,,,,
PACT DEVELOPMENTS DIRECTORY as of 01/01/2025,BRONX,100,231,11/16/2018,6,,,,,,,,,,,,,,,,,08,,,,,,,,,,,,1,,,,,,,,,10455,,29,84,,2022910023,435 EAST 146TH STREET,15,2091087,,,,,,,,,,,,,,,,,,,,,,,,,,,,,,,,,,,,,,,,,,,,,,,,,,,,,,,,,,,,,,,,,,,,,,,,,,,,,,,,,,,,,,,,,,,
PACT DEVELOPMENTS DIRECTORY as of 01/01/2025,BRONX,100,231,11/16/2018,6,,,,,,,,,,,,,,,,,08,,,,,,,,,,,,1,,,,,,,,,10455,,29,84,,2022910023,437 EAST 146TH STREET,15,2091087,,,,,,,,,,,,,,,,,,,,,,,,,,,,,,,,,,,,,,,,,,,,,,,,,,,,,,,,,,,,,,,,,,,,,,,,,,,,,,,,,,,,,,,,,,,
PACT DEVELOPMENTS DIRECTORY as of 01/01/2025,BRONX,100,231,11/16/2018,6,,,,,,,,,,,,,,,,,08,,,,,,,,,,,,1,,,,,,,,,10455,,29,84,,2022910023,439 EAST 146TH STREET,15,2091087,,,,,,,,,,,,,,,,,,,,,,,,,,,,,,,,,,,,,,,,,,,,,,,,,,,,,,,,,,,,,,,,,,,,,,,,,,,,,,,,,,,,,,,,,,,
PACT DEVELOPMENTS DIRECTORY as of 01/01/2025,BRONX,100,231,11/16/2018,6,,,,,,,,,,,,,,,,,08,,,,,,,,,,,,1,,,,,,,,,10455,,29,84,,2022910023,441 EAST 146TH STREET,15,2091087,,,,,,,,,,,,,,,,,,,,,,,,,,,,,,,,,,,,,,,,,,,,,,,,,,,,,,,,,,,,,,,,,,,,,,,,,,,,,,,,,,,,,,,,,,,
PACT DEVELOPMENTS DIRECTORY as of 01/01/2025,BRONX,100,231,11/16/2018,6,,,,,,,,,,,,,,,,,08,,,,,,,,,,,,1,,,,,,,,,10455,,29,84,,2022720005,511 EAST 146TH STREET,15,2000103,,,,,,,,,,,,,,,,,,,,,,,,,,,,,,,,,,,,,,,,,,,,,,,,,,,,,,,,,,,,,,,,,,,,,,,,,,,,,,,,,,,,,,,,,,,
PACT DEVELOPMENTS DIRECTORY as of 01/01/2025,BRONX,100,231,11/16/2018,6,,,,,,,,,,,,,,,,,08,,,,,,,,,,,,1,,,,,,,,,10455,,29,84,,2022720005,513 EAST 146TH STREET,15,2000103,,,,,,,,,,,,,,,,,,,,,,,,,,,,,,,,,,,,,,,,,,,,,,,,,,,,,,,,,,,,,,,,,,,,,,,,,,,,,,,,,,,,,,,,,,,
PACT DEVELOPMENTS DIRECTORY as of 01/01/2025,BRONX,100,231,11/16/2018,6,,,,,,,,,,,,,,,,,08,,,,,,,,,,,,1,,,,,,,,,10455,,29,84,,2022910023,417 EAST 146TH STREET,15,2091071,,,,,,,,,,,,,,,,,,,,,,,,,,,,,,,,,,,,,,,,,,,,,,,,,,,,,,,,,,,,,,,,,,,,,,,,,,,,,,,,,,,,,,,,,,,
PACT DEVELOPMENTS DIRECTORY as of 01/01/2025,BRONX,100,231,11/16/2018,6,,,,,,,,,,,,,,,,,08,,,,,,,,,,,,1,,,,,,,,,10455,,29,84,,2022910023,419 EAST 146TH STREET,15,2091071,,,,,,,,,,,,,,,,,,,,,,,,,,,,,,,,,,,,,,,,,,,,,,,,,,,,,,,,,,,,,,,,,,,,,,,,,,,,,,,,,,,,,,,,,,,
PACT DEVELOPMENTS DIRECTORY as of 01/01/2025,BRONX,100,231,11/16/2018,6,,,,,,,,,,,,,,,,,08,,,,,,,,,,,,1,,,,,,,,,10455,,29,84,,2022910023,421 EAST 146TH STREET,15,2091071,,,,,,,,,,,,,,,,,,,,,,,,,,,,,,,,,,,,,,,,,,,,,,,,,,,,,,,,,,,,,,,,,,,,,,,,,,,,,,,,,,,,,,,,,,,
PACT DEVELOPMENTS DIRECTORY as of 01/01/2025,BRONX,100,231,11/16/2018,6,,,,,,,,,,,,,,,,,08,,,,,,,,,,,,1,,,,,,,,,10455,,29,84,,2022910023,423 EAST 146TH STREET,15,2091071,,,,,,,,,,,,,,,,,,,,,,,,,,,,,,,,,,,,,,,,,,,,,,,,,,,,,,,,,,,,,,,,,,,,,,,,,,,,,,,,,,,,,,,,,,,
PACT DEVELOPMENTS DIRECTORY as of 01/01/2025,BRONX,100,231,11/16/2018,6,,,,,,,,,,,,,,,,,08,,,,,,,,,,,,1,,,,,,,,,10455,,29,84,,2022910023,425 EAST 146TH STREET,15,2091071,,,,,,,,,,,,,,,,,,,,,,,,,,,,,,,,,,,,,,,,,,,,,,,,,,,,,,,,,,,,,,,,,,,,,,,,,,,,,,,,,,,,,,,,,,,
PACT DEVELOPMENTS DIRECTORY as of 01/01/2025,BRONX,100,231,11/16/2018,6,,,,,,,,,,,,,,,,,08,,,,,,,,,,,,1,,,,,,,,,10455,,29,84,,2022910023,427 EAST 146TH STREET,15,2091071,,,,,,,,,,,,,,,,,,,,,,,,,,,,,,,,,,,,,,,,,,,,,,,,,,,,,,,,,,,,,,,,,,,,,,,,,,,,,,,,,,,,,,,,,,,
PACT DEVELOPMENTS DIRECTORY as of 01/01/2025,BRONX,100,231,11/16/2018,6,,,,,,,,,,,,,,,,,08,,,,,,,,,,,,1,,,,,,,,,10455,,29,84,,2022910023,429 EAST 146TH STREET,15,2091071,,,,,,,,,,,,,,,,,,,,,,,,,,,,,,,,,,,,,,,,,,,,,,,,,,,,,,,,,,,,,,,,,,,,,,,,,,,,,,,,,,,,,,,,,,,
PACT DEVELOPMENTS DIRECTORY as of 01/01/2025,BRONX,100,231,11/16/2018,6,,,,,,,,,,,,,,,,,08,,,,,,,,,,,,1,,,,,,,,,10455,,29,84,,2022910023,431 EAST 146TH STREET,15,2091071,,,,,,,,,,,,,,,,,,,,,,,,,,,,,,,,,,,,,,,,,,,,,,,,,,,,,,,,,,,,,,,,,,,,,,,,,,,,,,,,,,,,,,,,,,,
PACT DEVELOPMENTS DIRECTORY as of 01/01/2025,BRONX,100,231,11/16/2018,6,,,,,,,,,,,,,,,,,08,,,,,,,,,,,,1,,,,,,,,,10455,,29,84,,2022720038,547 EAST 146TH STREET,15,2093912,,,,,,,,,,,,,,,,,,,,,,,,,,,,,,,,,,,,,,,,,,,,,,,,,,,,,,,,,,,,,,,,,,,,,,,,,,,,,,,,,,,,,,,,,,,
PACT DEVELOPMENTS DIRECTORY as of 01/01/2025,BRONX,100,231,11/16/2018,6,,,,,,,,,,,,,,,,,08,,,,,,,,,,,,1,,,,,,,,,10455,,29,84,,2022720038,537 EAST 146TH STREET,15,2093912,,,,,,,,,,,,,,,,,,,,,,,,,,,,,,,,,,,,,,,,,,,,,,,,,,,,,,,,,,,,,,,,,,,,,,,,,,,,,,,,,,,,,,,,,,,
PACT DEVELOPMENTS DIRECTORY as of 01/01/2025,BRONX,100,231,11/16/2018,6,,,,,,,,,,,,,,,,,08,,,,,,,,,,,,1,,,,,,,,,10455,,29,84,,2022720038,527 EAST 146TH STREET,15,2093912,,,,,,,,,,,,,,,,,,,,,,,,,,,,,,,,,,,,,,,,,,,,,,,,,,,,,,,,,,,,,,,,,,,,,,,,,,,,,,,,,,,,,,,,,,,
PACT DEVELOPMENTS DIRECTORY as of 01/01/2025,BRONX,100,231,11/16/2018,6,,,,,,,,,,,,,,,,,08,,,,,,,,,,,,1,,,,,,,,,10455,,29,84,,2022720038,545 EAST 146TH STREET,15,2093912,,,,,,,,,,,,,,,,,,,,,,,,,,,,,,,,,,,,,,,,,,,,,,,,,,,,,,,,,,,,,,,,,,,,,,,,,,,,,,,,,,,,,,,,,,,
PACT DEVELOPMENTS DIRECTORY as of 01/01/2025,BRONX,100,231,11/16/2018,6,,,,,,,,,,,,,,,,,08,,,,,,,,,,,,1,,,,,,,,,10455,,29,84,,2022720005,512 EAST 146TH STREET,15,2090711,,,,,,,,,,,,,,,,,,,,,,,,,,,,,,,,,,,,,,,,,,,,,,,,,,,,,,,,,,,,,,,,,,,,,,,,,,,,,,,,,,,,,,,,,,,
PACT DEVELOPMENTS DIRECTORY as of 01/01/2025,BRONX,100,231,11/16/2018,6,,,,,,,,,,,,,,,,,08,,,,,,,,,,,,1,,,,,,,,,10455,,29,84,,2022720005,510 EAST 146TH STREET,15,2090711,,,,,,,,,,,,,,,,,,,,,,,,,,,,,,,,,,,,,,,,,,,,,,,,,,,,,,,,,,,,,,,,,,,,,,,,,,,,,,,,,,,,,,,,,,,
PACT DEVELOPMENTS DIRECTORY as of 01/01/2025,BRONX,100,231,11/16/2018,6,,,,,,,,,,,,,,,,,08,,,,,,,,,,,,1,,,,,,,,,10455,,29,84,,2022720038,530 EAST 146TH STREET,15,2093913,,,,,,,,,,,,,,,,,,,,,,,,,,,,,,,,,,,,,,,,,,,,,,,,,,,,,,,,,,,,,,,,,,,,,,,,,,,,,,,,,,,,,,,,,,,
PACT DEVELOPMENTS DIRECTORY as of 01/01/2025,BRONX,100,231,11/16/2018,6,,,,,,,,,,,,,,,,,08,,,,,,,,,,,,1,,,,,,,,,10455,,29,84,,2022720038,528 EAST 146TH STREET,15,2093913,,,,,,,,,,,,,,,,,,,,,,,,,,,,,,,,,,,,,,,,,,,,,,,,,,,,,,,,,,,,,,,,,,,,,,,,,,,,,,,,,,,,,,,,,,,
PACT DEVELOPMENTS DIRECTORY as of 01/01/2025,BRONX,100,231,11/16/2018,6,,,,,,,,,,,,,,,,,08,,,,,,,,,,,,1,,,,,,,,,10455,,29,84,,2022910050,455 EAST 146TH STREET,15,2000513,,,,,,,,,,,,,,,,,,,,,,,,,,,,,,,,,,,,,,,,,,,,,,,,,,,,,,,,,,,,,,,,,,,,,,,,,,,,,,,,,,,,,,,,,,,
PACT DEVELOPMENTS DIRECTORY as of 01/01/2025,BRONX,100,231,11/16/2018,6,2022870026,,450 EAST 143RD STREET,10454,1,15,29,84,08,2129390,,,,,,,,,,,,,,,,,,,,,,,,,,,,,,,,,,,,,,,,,,,,,,,,,,,,,,,,,,,,,,,,,,,,,,,,,,,,,,,,,,,,,,,,,,,,,,,,,,,,,,,,,,,,,,,,,,,,,,,,,,,,,,,
PACT DEVELOPMENTS DIRECTORY as of 01/01/2025,BRONX,100,231,11/16/2018,6,2022720005,1,521 EAST 146TH STREET,10455,1,15,29,84,08,2090712,M,,,,,,,,,,,,,,,,,,,,,,,,,,,,,,,,,,,,,,,,,,,,,,,,,,,,,,,,,,,,,,,,,,,,,,,,,,,,,,,,,,,,,,,,,,,,,,,,,,,,,,,,,,,,,,,,,,,,,,,,,,,,,,
PACT DEVELOPMENTS DIRECTORY as of 01/01/2025,BRONX,100,231,11/16/2018,6,2022720005,2,525 EAST 146TH STREET,10455,1,15,29,84,08,2090713,M,,,,,,,,,,,,,,,,,,,,,,,,,,,,,,,,,,,,,,,,,,,,,,,,,,,,,,,,,,,,,,,,,,,,,,,,,,,,,,,,,,,,,,,,,,,,,,,,,,,,,,,,,,,,,,,,,,,,,,,,,,,,,,
PACT DEVELOPMENTS DIRECTORY as of 01/01/2025,BRONX,100,231,11/16/2018,6,2022720038,3,521 EAST 145TH STREET,10454,1,15,29,84,08,2093909,M,,,,,,,,,,,,,,,,,,,,,,,,,,,,,,,,,,,,,,,,,,,,,,,,,,,,,,,,,,,,,,,,,,,,,,,,,,,,,,,,,,,,,,,,,,,,,,,,,,,,,,,,,,,,,,,,,,,,,,,,,,,,,,
PACT DEVELOPMENTS DIRECTORY as of 01/01/2025,BRONX,100,231,11/16/2018,6,2022720038,3,525 EAST 145TH STREET,10454,1,15,29,84,08,2093909,,,,,,,,,,,,,,,,,,,,,,,,,,,,,,,,,,,,,,,,,,,,,,,,,,,,,,,,,,,,,,,,,,,,,,,,,,,,,,,,,,,,,,,,,,,,,,,,,,,,,,,,,,,,,,,,,,,,,,,,,,,,,,,
PACT DEVELOPMENTS DIRECTORY as of 01/01/2025,BRONX,100,231,11/16/2018,6,2022910023,6,409 EAST 146TH STREET,10455,1,15,29,84,08,2091085,M,,,,,,,,,,,,,,,,,,,,,,,,,,,,,,,,,,,,,,,,,,,,,,,,,,,,,,,,,,,,,,,,,,,,,,,,,,,,,,,,,,,,,,,,,,,,,,,,,,,,,,,,,,,,,,,,,,,,,,,,,,,,,,
PACT DEVELOPMENTS DIRECTORY as of 01/01/2025,BRONX,100,231,11/16/2018,6,2022910023,6,411 EAST 146TH STREET,10455,1,15,29,84,08,2091085,,,,,,,,,,,,,,,,,,,,,,,,,,,,,,,,,,,,,,,,,,,,,,,,,,,,,,,,,,,,,,,,,,,,,,,,,,,,,,,,,,,,,,,,,,,,,,,,,,,,,,,,,,,,,,,,,,,,,,,,,,,,,,,
PACT DEVELOPMENTS DIRECTORY as of 01/01/2025,BRONX,100,231,11/16/2018,6,2022910023,7,413 EAST 146TH STREET,10455,1,15,29,84,08,2091070,M,,,,,,,,,,,,,,,,,,,,,,,,,,,,,,,,,,,,,,,,,,,,,,,,,,,,,,,,,,,,,,,,,,,,,,,,,,,,,,,,,,,,,,,,,,,,,,,,,,,,,,,,,,,,,,,,,,,,,,,,,,,,,,
PACT DEVELOPMENTS DIRECTORY as of 01/01/2025,BRONX,100,231,11/16/2018,6,2022910023,7,415 EAST 146TH STREET,10455,1,15,29,84,08,2091070,,,,,,,,,,,,,,,,,,,,,,,,,,,,,,,,,,,,,,,,,,,,,,,,,,,,,,,,,,,,,,,,,,,,,,,,,,,,,,,,,,,,,,,,,,,,,,,,,,,,,,,,,,,,,,,,,,,,,,,,,,,,,,,
PACT DEVELOPMENTS DIRECTORY as of 01/01/2025,BRONX,100,231,11/16/2018,6,2022910023,8,445 EAST 146TH STREET,10455,1,15,29,84,08,2091092,M,,,,,,,,,,,,,,,,,,,,,,,,,,,,,,,,,,,,,,,,,,,,,,,,,,,,,,,,,,,,,,,,,,,,,,,,,,,,,,,,,,,,,,,,,,,,,,,,,,,,,,,,,,,,,,,,,,,,,,,,,,,,,,
PACT DEVELOPMENTS DIRECTORY as of 01/01/2025,BRONX,100,231,11/16/2018,6,2022910001,1,400 EAST 147TH STREET,10455,1,15,29,84,08,2109608,M,,,,,,,,,,,,,,,,,,,,,,,,,,,,,,,,,,,,,,,,,,,,,,,,,,,,,,,,,,,,,,,,,,,,,,,,,,,,,,,,,,,,,,,,,,,,,,,,,,,,,,,,,,,,,,,,,,,,,,,,,,,,,,
PACT DEVELOPMENTS DIRECTORY as of 01/01/2025,BRONX,100,231,11/16/2018,6,2022910030,2,460 EAST 147TH STREET,10455,1,15,29,84,08,2000508,M,,,,,,,,,,,,,,,,,,,,,,,,,,,,,,,,,,,,,,,,,,,,,,,,,,,,,,,,,,,,,,,,,,,,,,,,,,,,,,,,,,,,,,,,,,,,,,,,,,,,,,,,,,,,,,,,,,,,,,,,,,,,,,
PACT DEVELOPMENTS DIRECTORY as of 01/01/2025,BRONX,100,231,11/16/2018,6,2022720119,3,550 EAST 147TH STREET,10455,1,15,29,84,08,2116543,M,,,,,,,,,,,,,,,,,,,,,,,,,,,,,,,,,,,,,,,,,,,,,,,,,,,,,,,,,,,,,,,,,,,,,,,,,,,,,,,,,,,,,,,,,,,,,,,,,,,,,,,,,,,,,,,,,,,,,,,,,,,,,,
PACT DEVELOPMENTS DIRECTORY as of 01/01/2025,BRONX,100,231,11/16/2018,6,2022910001,4,474 WILLIS AVENUE,10455,1,15,29,84,08,2091069,,,,,,,,,,,,,,,,,,,,,,,,,,,,,,,,,,,,,,,,,,,,,,,,,,,,,,,,,,,,,,,,,,,,,,,,,,,,,,,,,,,,,,,,,,,,,,,,,,,,,,,,,,,,,,,,,,,,,,,,,,,,,,,
PACT DEVELOPMENTS DIRECTORY as of 01/01/2025,BRONX,100,231,11/16/2018,6,2022720119,5,465 SAINT ANNS AVENUE,10455,1,15,29,84,08,2093910,,,,,,,,,,,,,,,,,,,,,,,,,,,,,,,,,,,,,,,,,,,,,,,,,,,,,,,,,,,,,,,,,,,,,,,,,,,,,,,,,,,,,,,,,,,,,,,,,,,,,,,,,,,,,,,,,,,,,,,,,,,,,,,
PACT DEVELOPMENTS DIRECTORY as of 01/01/2025,BRONX,100,231,11/16/2018,6,1021070059,1,1947 AMSTERDAM AVENUE,10032,12,13,31,71,10,1062490,,,,,,,,,,,,,,,,,,,,,,,,,,,,,,,,,,,,,,,,,,,,,,,,,,,,,,,,,,,,,,,,,,,,,,,,,,,,,,,,,,,,,,,,,,,,,,,,,,,,,,,,,,,,,,,,,,,,,,,,,,,,,,,
PACT DEVELOPMENTS DIRECTORY as of 01/01/2025,BRONX,235,189,9/26/2024,7,,,,,,,,,,,,,12,,,,,,,,,,,,,,,,1,,,,,,,,,,,,,,,,,,1021070059,1945 AMSTERDAM AVENUE,10032,13,31,71,10,1062490,,,,,,,,,,,,,,,,,,,,,,,,,,,,,,,,,,,,,,,,,,,,,,,,,,,,,,,,,,,,,,,,,,,,,,,,,,,,,,,,,,,
PACT DEVELOPMENTS DIRECTORY as of 01/01/2025,BRONX,235,189,9/26/2024,7,,,,,,,,,,,,,12,,,,,,,,,,,,,,,,1,,,,,,,,,,,,,,,,,,1021070059,1943 AMSTERDAM AVENUE,10032,13,31,71,10,1062490,,,,,,,,,,,,,,,,,,,,,,,,,,,,,,,,,,,,,,,,,,,,,,,,,,,,,,,,,,,,,,,,,,,,,,,,,,,,,,,,,,,
PACT DEVELOPMENTS DIRECTORY as of 01/01/2025,BRONX,235,189,9/26/2024,7,2044310001,1,2430 BOSTON ROAD,10467,11,15,33,80,13,2093400,,,,,,,,,,,,,,,,,,,,,,,,,,,,,,,,,,,,,,,,,,,,,,,,,,,,,,,,,,,,,,,,,,,,,,,,,,,,,,,,,,,,,,,,,,,,,,,,,,,,,,,,,,,,,,,,,,,,,,,,,,,,,,,
PACT DEVELOPMENTS DIRECTORY as of 01/01/2025,BRONX,235,189,9/26/2024,7,2044310001,1,2440 BOSTON ROAD,10467,11,15,33,80,13,2093400,M,,,,,,,,,,,,,,,,,,,,,,,,,,,,,,,,,,,,,,,,,,,,,,,,,,,,,,,,,,,,,,,,,,,,,,,,,,,,,,,,,,,,,,,,,,,,,,,,,,,,,,,,,,,,,,,,,,,,,,,,,,,,,,
PACT DEVELOPMENTS DIRECTORY as of 01/01/2025,BRONX,235,189,9/26/2024,7,2044310001,2,2424 BOSTON ROAD,10467,11,15,33,80,13,2093401,,,,,,,,,,,,,,,,,,,,,,,,,,,,,,,,,,,,,,,,,,,,,,,,,,,,,,,,,,,,,,,,,,,,,,,,,,,,,,,,,,,,,,,,,,,,,,,,,,,,,,,,,,,,,,,,,,,,,,,,,,,,,,,
PACT DEVELOPMENTS DIRECTORY as of 01/01/2025,BRONX,235,189,9/26/2024,7,2052630040,1,3475 BIVONA STREET,10475,12,16,36,83,12,2093876,M,,,,,,,,,,,,,,,,,,,,,,,,,,,,,,,,,,,,,,,,,,,,,,,,,,,,,,,,,,,,,,,,,,,,,,,,,,,,,,,,,,,,,,,,,,,,,,,,,,,,,,,,,,,,,,,,,,,,,,,,,,,,,,
PACT DEVELOPMENTS DIRECTORY as of 01/01/2025,BRONX,235,189,9/26/2024,7,2052630040,1,3485 BIVONA STREET,10475,12,16,36,83,12,2093876,,,,,,,,,,,,,,,,,,,,,,,,,,,,,,,,,,,,,,,,,,,,,,,,,,,,,,,,,,,,,,,,,,,,,,,,,,,,,,,,,,,,,,,,,,,,,,,,,,,,,,,,,,,,,,,,,,,,,,,,,,,,,,,
PACT DEVELOPMENTS DIRECTORY as of 01/01/2025,BRONX,235,189,9/26/2024,7,2052630040,2,3545 BIVONA STREET,10475,12,16,36,83,12,2093875,,,,,,,,,,,,,,,,,,,,,,,,,,,,,,,,,,,,,,,,,,,,,,,,,,,,,,,,,,,,,,,,,,,,,,,,,,,,,,,,,,,,,,,,,,,,,,,,,,,,,,,,,,,,,,,,,,,,,,,,,,,,,,,
PACT DEVELOPMENTS DIRECTORY as of 01/01/2025,BRONX,235,189,9/26/2024,7,2052630040,2,3565 BIVONA STREET,10475,12,16,36,83,12,2093875,,,,,,,,,,,,,,,,,,,,,,,,,,,,,,,,,,,,,,,,,,,,,,,,,,,,,,,,,,,,,,,,,,,,,,,,,,,,,,,,,,,,,,,,,,,,,,,,,,,,,,,,,,,,,,,,,,,,,,,,,,,,,,,
PACT DEVELOPMENTS DIRECTORY as of 01/01/2025,BRONX,235,189,9/26/2024,7,2052630040,2,3555 BIVONA STREET,10475,12,16,36,83,12,2093875,M,,,,,,,,,,,,,,,,,,,,,,,,,,,,,,,,,,,,,,,,,,,,,,,,,,,,,,,,,,,,,,,,,,,,,,,,,,,,,,,,,,,,,,,,,,,,,,,,,,,,,,,,,,,,,,,,,,,,,,,,,,,,,,
PACT DEVELOPMENTS DIRECTORY as of 01/01/2025,BRONX,235,189,9/26/2024,7,2052630070,3,3550 BIVONA STREET,10475,12,16,36,83,12,2093879,M,,,,,,,,,,,,,,,,,,,,,,,,,,,,,,,,,,,,,,,,,,,,,,,,,,,,,,,,,,,,,,,,,,,,,,,,,,,,,,,,,,,,,,,,,,,,,,,,,,,,,,,,,,,,,,,,,,,,,,,,,,,,,,
PACT DEVELOPMENTS DIRECTORY as of 01/01/2025,BRONX,235,189,9/26/2024,7,2052630070,3,3570 BIVONA STREET,10475,12,16,36,83,12,2093879,,,,,,,,,,,,,,,,,,,,,,,,,,,,,,,,,,,,,,,,,,,,,,,,,,,,,,,,,,,,,,,,,,,,,,,,,,,,,,,,,,,,,,,,,,,,,,,,,,,,,,,,,,,,,,,,,,,,,,,,,,,,,,,
PACT DEVELOPMENTS DIRECTORY as of 01/01/2025,BRONX,235,189,9/26/2024,7,2052630070,3,3540 BIVONA STREET,10475,12,16,36,83,12,2093877,,,,,,,,,,,,,,,,,,,,,,,,,,,,,,,,,,,,,,,,,,,,,,,,,,,,,,,,,,,,,,,,,,,,,,,,,,,,,,,,,,,,,,,,,,,,,,,,,,,,,,,,,,,,,,,,,,,,,,,,,,,,,,,
PACT DEVELOPMENTS DIRECTORY as of 01/01/2025,BRONX,235,189,9/26/2024,7,2052630070,3,3560 BIVONA STREET,10475,12,16,36,83,12,2093879,,,,,,,,,,,,,,,,,,,,,,,,,,,,,,,,,,,,,,,,,,,,,,,,,,,,,,,,,,,,,,,,,,,,,,,,,,,,,,,,,,,,,,,,,,,,,,,,,,,,,,,,,,,,,,,,,,,,,,,,,,,,,,,
PACT DEVELOPMENTS DIRECTORY as of 01/01/2025,BRONX,235,189,9/26/2024,7,2052630070,3,3580 BIVONA STREET,10475,12,16,36,83,12,2093879,,,,,,,,,,,,,,,,,,,,,,,,,,,,,,,,,,,,,,,,,,,,,,,,,,,,,,,,,,,,,,,,,,,,,,,,,,,,,,,,,,,,,,,,,,,,,,,,,,,,,,,,,,,,,,,,,,,,,,,,,,,,,,,
PACT DEVELOPMENTS DIRECTORY as of 01/01/2025,BRONX,235,189,9/26/2024,7,2052630070,4,2185 REEDS MILL LANE,10475,12,16,36,83,12,2093877,,,,,,,,,,,,,,,,,,,,,,,,,,,,,,,,,,,,,,,,,,,,,,,,,,,,,,,,,,,,,,,,,,,,,,,,,,,,,,,,,,,,,,,,,,,,,,,,,,,,,,,,,,,,,,,,,,,,,,,,,,,,,,,
PACT DEVELOPMENTS DIRECTORY as of 01/01/2025,BRONX,235,189,9/26/2024,7,2052630070,4,2175 REEDS MILL LANE,10475,12,16,36,83,12,2093877,M,,,,,,,,,,,,,,,,,,,,,,,,,,,,,,,,,,,,,,,,,,,,,,,,,,,,,,,,,,,,,,,,,,,,,,,,,,,,,,,,,,,,,,,,,,,,,,,,,,,,,,,,,,,,,,,,,,,,,,,,,,,,,,
PACT DEVELOPMENTS DIRECTORY as of 01/01/2025,BRONX,235,189,9/26/2024,7,2052630070,5,2185GAR REEDS MILL LANE,10475,12,16,36,83,12,2112981,,,,,,,,,,,,,,,,,,,,,,,,,,,,,,,,,,,,,,,,,,,,,,,,,,,,,,,,,,,,,,,,,,,,,,,,,,,,,,,,,,,,,,,,,,,,,,,,,,,,,,,,,,,,,,,,,,,,,,,,,,,,,,,
PACT DEVELOPMENTS DIRECTORY as of 01/01/2025,BRONX,235,189,9/26/2024,7,2052630070,6,3540 BIVONA STREET,10475,12,16,36,83,12,2093877,,,,,,,,,,,,,,,,,,,,,,,,,,,,,,,,,,,,,,,,,,,,,,,,,,,,,,,,,,,,,,,,,,,,,,,,,,,,,,,,,,,,,,,,,,,,,,,,,,,,,,,,,,,,,,,,,,,,,,,,,,,,,,,
PACT DEVELOPMENTS DIRECTORY as of 01/01/2025,BRONX,235,189,9/26/2024,7,3043550001,1,2150 LINDEN BOULEVARD,11207,5,08,19,60,42,3324285,,,,,,,,,,,,,,,,,,,,,,,,,,,,,,,,,,,,,,,,,,,,,,,,,,,,,,,,,,,,,,,,,,,,,,,,,,,,,,,,,,,,,,,,,,,,,,,,,,,,,,,,,,,,,,,,,,,,,,,,,,,,,,,
PACT DEVELOPMENTS DIRECTORY as of 01/01/2025,BRONX,235,189,9/26/2024,7,3043550001,1,785 SCHENCK AVENUE,11207,5,08,19,60,42,3324285,M,,,,,,,,,,,,,,,,,,,,,,,,,,,,,,,,,,,,,,,,,,,,,,,,,,,,,,,,,,,,,,,,,,,,,,,,,,,,,,,,,,,,,,,,,,,,,,,,,,,,,,,,,,,,,,,,,,,,,,,,,,,,,,
PACT DEVELOPMENTS DIRECTORY as of 01/01/2025,BRONX,235,189,9/26/2024,7,3043550001,1,797 SCHENCK AVENUE,11207,5,08,19,60,42,3324285,M,,,,,,,,,,,,,,,,,,,,,,,,,,,,,,,,,,,,,,,,,,,,,,,,,,,,,,,,,,,,,,,,,,,,,,,,,,,,,,,,,,,,,,,,,,,,,,,,,,,,,,,,,,,,,,,,,,,,,,,,,,,,,,
PACT DEVELOPMENTS DIRECTORY as of 01/01/2025,BRONX,235,189,9/26/2024,7,3043550001,10,842 ASHFORD STREET,11207,5,08,19,60,42,3324288,M,,,,,,,,,,,,,,,,,,,,,,,,,,,,,,,,,,,,,,,,,,,,,,,,,,,,,,,,,,,,,,,,,,,,,,,,,,,,,,,,,,,,,,,,,,,,,,,,,,,,,,,,,,,,,,,,,,,,,,,,,,,,,,
PACT DEVELOPMENTS DIRECTORY as of 01/01/2025,BRONX,235,189,9/26/2024,7,3043550001,10,854 ASHFORD STREET,11207,5,08,19,60,42,3324288,M,,,,,,,,,,,,,,,,,,,,,,,,,,,,,,,,,,,,,,,,,,,,,,,,,,,,,,,,,,,,,,,,,,,,,,,,,,,,,,,,,,,,,,,,,,,,,,,,,,,,,,,,,,,,,,,,,,,,,,,,,,,,,,
PACT DEVELOPMENTS DIRECTORY as of 01/01/2025,BRONX,235,189,9/26/2024,7,3043550001,10,773 STANLEY AVENUE,11207,5,08,19,60,42,3324288,,,,,,,,,,,,,,,,,,,,,,,,,,,,,,,,,,,,,,,,,,,,,,,,,,,,,,,,,,,,,,,,,,,,,,,,,,,,,,,,,,,,,,,,,,,,,,,,,,,,,,,,,,,,,,,,,,,,,,,,,,,,,,,
PACT DEVELOPMENTS DIRECTORY as of 01/01/2025,BRONX,235,189,9/26/2024,7,3043770001,11,845 SCHENCK AVENUE,11207,5,08,19,60,42,3324162,M,,,,,,,,,,,,,,,,,,,,,,,,,,,,,,,,,,,,,,,,,,,,,,,,,,,,,,,,,,,,,,,,,,,,,,,,,,,,,,,,,,,,,,,,,,,,,,,,,,,,,,,,,,,,,,,,,,,,,,,,,,,,,,
PACT DEVELOPMENTS DIRECTORY as of 01/01/2025,BRONX,235,189,9/26/2024,7,3043770001,11,857 SCHENCK AVENUE,11207,5,08,19,60,42,3324162,M,,,,,,,,,,,,,,,,,,,,,,,,,,,,,,,,,,,,,,,,,,,,,,,,,,,,,,,,,,,,,,,,,,,,,,,,,,,,,,,,,,,,,,,,,,,,,,,,,,,,,,,,,,,,,,,,,,,,,,,,,,,,,,
PACT DEVELOPMENTS DIRECTORY as of 01/01/2025,BRONX,235,189,9/26/2024,7,3043770001,12,881 SCHENCK AVENUE,11207,5,08,19,60,42,3324276,M,,,,,,,,,,,,,,,,,,,,,,,,,,,,,,,,,,,,,,,,,,,,,,,,,,,,,,,,,,,,,,,,,,,,,,,,,,,,,,,,,,,,,,,,,,,,,,,,,,,,,,,,,,,,,,,,,,,,,,,,,,,,,,
PACT DEVELOPMENTS DIRECTORY as of 01/01/2025,BRONX,235,189,9/26/2024,7,3043770001,12,893 SCHENCK AVENUE,11207,5,08,19,60,42,3324276,M,,,,,,,,,,,,,,,,,,,,,,,,,,,,,,,,,,,,,,,,,,,,,,,,,,,,,,,,,,,,,,,,,,,,,,,,,,,,,,,,,,,,,,,,,,,,,,,,,,,,,,,,,,,,,,,,,,,,,,,,,,,,,,
PACT DEVELOPMENTS DIRECTORY as of 01/01/2025,BRONX,235,189,9/26/2024,7,3043770001,13,738 STANLEY AVENUE,11207,5,08,19,60,42,3324277,M,,,,,,,,,,,,,,,,,,,,,,,,,,,,,,,,,,,,,,,,,,,,,,,,,,,,,,,,,,,,,,,,,,,,,,,,,,,,,,,,,,,,,,,,,,,,,,,,,,,,,,,,,,,,,,,,,,,,,,,,,,,,,,
PACT DEVELOPMENTS DIRECTORY as of 01/01/2025,BRONX,235,189,9/26/2024,7,3043770001,13,726 STANLEY AVENUE,11207,5,08,19,60,42,3324277,,,,,,,,,,,,,,,,,,,,,,,,,,,,,,,,,,,,,,,,,,,,,,,,,,,,,,,,,,,,,,,,,,,,,,,,,,,,,,,,,,,,,,,,,,,,,,,,,,,,,,,,,,,,,,,,,,,,,,,,,,,,,,,
PACT DEVELOPMENTS DIRECTORY as of 01/01/2025,BRONX,235,189,9/26/2024,7,3043770001,13,740 STANLEY AVENUE,11207,5,08,19,60,42,3324277,M,,,,,,,,,,,,,,,,,,,,,,,,,,,,,,,,,,,,,,,,,,,,,,,,,,,,,,,,,,,,,,,,,,,,,,,,,,,,,,,,,,,,,,,,,,,,,,,,,,,,,,,,,,,,,,,,,,,,,,,,,,,,,,
PACT DEVELOPMENTS DIRECTORY as of 01/01/2025,BRONX,235,189,9/26/2024,7,3043770001,14,359 WORTMAN AVENUE,11207,5,08,19,60,42,3324279,M,,,,,,,,,,,,,,,,,,,,,,,,,,,,,,,,,,,,,,,,,,,,,,,,,,,,,,,,,,,,,,,,,,,,,,,,,,,,,,,,,,,,,,,,,,,,,,,,,,,,,,,,,,,,,,,,,,,,,,,,,,,,,,
PACT DEVELOPMENTS DIRECTORY as of 01/01/2025,BRONX,235,189,9/26/2024,7,3043770001,14,357 WORTMAN AVENUE,11207,5,08,19,60,42,3324279,M,,,,,,,,,,,,,,,,,,,,,,,,,,,,,,,,,,,,,,,,,,,,,,,,,,,,,,,,,,,,,,,,,,,,,,,,,,,,,,,,,,,,,,,,,,,,,,,,,,,,,,,,,,,,,,,,,,,,,,,,,,,,,,
PACT DEVELOPMENTS DIRECTORY as of 01/01/2025,BRONX,235,189,9/26/2024,7,3043770001,15,756 STANLEY AVENUE,11207,5,08,19,60,42,3324278,M,,,,,,,,,,,,,,,,,,,,,,,,,,,,,,,,,,,,,,,,,,,,,,,,,,,,,,,,,,,,,,,,,,,,,,,,,,,,,,,,,,,,,,,,,,,,,,,,,,,,,,,,,,,,,,,,,,,,,,,,,,,,,,
PACT DEVELOPMENTS DIRECTORY as of 01/01/2025,BRONX,235,189,9/26/2024,7,3043770001,15,772 STANLEY AVENUE,11207,5,08,19,60,42,3324278,,,,,,,,,,,,,,,,,,,,,,,,,,,,,,,,,,,,,,,,,,,,,,,,,,,,,,,,,,,,,,,,,,,,,,,,,,,,,,,,,,,,,,,,,,,,,,,,,,,,,,,,,,,,,,,,,,,,,,,,,,,,,,,
PACT DEVELOPMENTS DIRECTORY as of 01/01/2025,BRONX,235,189,9/26/2024,7,3043770001,15,758 STANLEY AVENUE,11207,5,08,19,60,42,3324278,M,,,,,,,,,,,,,,,,,,,,,,,,,,,,,,,,,,,,,,,,,,,,,,,,,,,,,,,,,,,,,,,,,,,,,,,,,,,,,,,,,,,,,,,,,,,,,,,,,,,,,,,,,,,,,,,,,,,,,,,,,,,,,,
PACT DEVELOPMENTS DIRECTORY as of 01/01/2025,BRONX,235,189,9/26/2024,7,3043770001,16,363 WORTMAN AVENUE,11207,5,08,19,60,42,3324280,M,,,,,,,,,,,,,,,,,,,,,,,,,,,,,,,,,,,,,,,,,,,,,,,,,,,,,,,,,,,,,,,,,,,,,,,,,,,,,,,,,,,,,,,,,,,,,,,,,,,,,,,,,,,,,,,,,,,,,,,,,,,,,,
PACT DEVELOPMENTS DIRECTORY as of 01/01/2025,BRONX,235,189,9/26/2024,7,3043770001,16,361 WORTMAN AVENUE,11207,5,08,19,60,42,3324280,M,,,,,,,,,,,,,,,,,,,,,,,,,,,,,,,,,,,,,,,,,,,,,,,,,,,,,,,,,,,,,,,,,,,,,,,,,,,,,,,,,,,,,,,,,,,,,,,,,,,,,,,,,,,,,,,,,,,,,,,,,,,,,,
PACT DEVELOPMENTS DIRECTORY as of 01/01/2025,BRONX,235,189,9/26/2024,7,3043770001,17,872 ASHFORD STREET,11207,5,08,19,60,42,3324274,M,,,,,,,,,,,,,,,,,,,,,,,,,,,,,,,,,,,,,,,,,,,,,,,,,,,,,,,,,,,,,,,,,,,,,,,,,,,,,,,,,,,,,,,,,,,,,,,,,,,,,,,,,,,,,,,,,,,,,,,,,,,,,,
PACT DEVELOPMENTS DIRECTORY as of 01/01/2025,BROOKLYN,300,302,7/18/2019,8,,,,,,,,,,,M,,,,,,08,,,,,,,,,,,,,,,,,,,,,,,,,,,,,,,,,,,,,,3043770001,18,908 ASHFORD STREET,11207,5,19,60,42,3324275,,,,,,,,,,,,,,,,,,,,,,,,,,,,,,,,,,,,,,,,,,,,,,,,,,,,,,,,,,,,,,,,,,,,,,,,,,
PACT DEVELOPMENTS DIRECTORY as of 01/01/2025,BROOKLYN,300,302,7/18/2019,8,,,,,,,,,,,M,,,,,,08,,,,,,,,,,,,,,,,,,,,,,,,,,,,,,,,,,,,,,3043770001,18,920 ASHFORD STREET,11207,5,19,60,42,3324275,,,,,,,,,,,,,,,,,,,,,,,,,,,,,,,,,,,,,,,,,,,,,,,,,,,,,,,,,,,,,,,,,,,,,,,,,,
PACT DEVELOPMENTS DIRECTORY as of 01/01/2025,BROOKLYN,300,302,7/18/2019,8,,,,,,,,,,,M,,,,,,08,,,,,,,,,,,,,,,,,,,,,,,,,,,,,,,,,,,,,,3043550001,2,817 SCHENCK AVENUE,11207,5,19,60,42,3324293,,,,,,,,,,,,,,,,,,,,,,,,,,,,,,,,,,,,,,,,,,,,,,,,,,,,,,,,,,,,,,,,,,,,,,,,,,
PACT DEVELOPMENTS DIRECTORY as of 01/01/2025,BROOKLYN,300,302,7/18/2019,8,,,,,,,,,,,M,,,,,,08,,,,,,,,,,,,,,,,,,,,,,,,,,,,,,,,,,,,,,3043550001,2,829 SCHENCK AVENUE,11207,5,19,60,42,3324293,,,,,,,,,,,,,,,,,,,,,,,,,,,,,,,,,,,,,,,,,,,,,,,,,,,,,,,,,,,,,,,,,,,,,,,,,,
PACT DEVELOPMENTS DIRECTORY as of 01/01/2025,BROOKLYN,300,302,7/18/2019,8,,,,,,,,,,,M,,,,,,08,,,,,,,,,,,,,,,,,,,,,,,,,,,,,,,,,,,,,,3043550001,3,2156 LINDEN BOULEVARD,11207,5,19,60,42,3324289,,,,,,,,,,,,,,,,,,,,,,,,,,,,,,,,,,,,,,,,,,,,,,,,,,,,,,,,,,,,,,,,,,,,,,,,,,
PACT DEVELOPMENTS DIRECTORY as of 01/01/2025,BROOKLYN,300,302,7/18/2019,8,,,,,,,,,,,M,,,,,,08,,,,,,,,,,,,,,,,,,,,,,,,,,,,,,,,,,,,,,3043550001,4,807 SCHENCK AVENUE,11207,5,19,60,42,3324292,,,,,,,,,,,,,,,,,,,,,,,,,,,,,,,,,,,,,,,,,,,,,,,,,,,,,,,,,,,,,,,,,,,,,,,,,,
PACT DEVELOPMENTS DIRECTORY as of 01/01/2025,BROOKLYN,300,302,7/18/2019,8,,,,,,,,,,,M,,,,,,08,,,,,,,,,,,,,,,,,,,,,,,,,,,,,,,,,,,,,,3043550001,5,725 STANLEY AVENUE,11207,5,19,60,42,3324294,,,,,,,,,,,,,,,,,,,,,,,,,,,,,,,,,,,,,,,,,,,,,,,,,,,,,,,,,,,,,,,,,,,,,,,,,,
PACT DEVELOPMENTS DIRECTORY as of 01/01/2025,BROOKLYN,300,302,7/18/2019,8,,,,,,,,,,,M,,,,,,08,,,,,,,,,,,,,,,,,,,,,,,,,,,,,,,,,,,,,,3043550001,6,2202 LINDEN BOULEVARD,11207,5,19,60,42,3324290,,,,,,,,,,,,,,,,,,,,,,,,,,,,,,,,,,,,,,,,,,,,,,,,,,,,,,,,,,,,,,,,,,,,,,,,,,
PACT DEVELOPMENTS DIRECTORY as of 01/01/2025,BROOKLYN,300,302,7/18/2019,8,,,,,,,,,,,M,,,,,,08,,,,,,,,,,,,,,,,,,,,,,,,,,,,,,,,,,,,,,3043550001,7,830 ASHFORD STREET,11207,5,19,60,42,3324287,,,,,,,,,,,,,,,,,,,,,,,,,,,,,,,,,,,,,,,,,,,,,,,,,,,,,,,,,,,,,,,,,,,,,,,,,,
PACT DEVELOPMENTS DIRECTORY as of 01/01/2025,BROOKLYN,300,302,7/18/2019,8,,,,,,,,,,,M,,,,,,08,,,,,,,,,,,,,,,,,,,,,,,,,,,,,,,,,,,,,,3043550001,8,765 STANLEY AVENUE,11207,5,19,60,42,3324295,,,,,,,,,,,,,,,,,,,,,,,,,,,,,,,,,,,,,,,,,,,,,,,,,,,,,,,,,,,,,,,,,,,,,,,,,,
PACT DEVELOPMENTS DIRECTORY as of 01/01/2025,BROOKLYN,300,302,7/18/2019,8,,,,,,,,,,,,,,,,,08,,,,,,,,,,,,,,,,,,,,,,,,,,,,,,,,,,,,,,3043550001,9,812 ASHFORD STREET,11207,5,19,60,42,3324286,,,,,,,,,,,,,,,,,,,,,,,,,,,,,,,,,,,,,,,,,,,,,,,,,,,,,,,,,,,,,,,,,,,,,,,,,,
PACT DEVELOPMENTS DIRECTORY as of 01/01/2025,BROOKLYN,300,302,7/18/2019,8,,,,,,,,,,,M,,,,,,08,,,,,,,,,,,,,,,,,,,,,,,,,,,,,,,,,,,,,,3043550001,9,804 ASHFORD STREET,11207,5,19,60,42,3324286,,,,,,,,,,,,,,,,,,,,,,,,,,,,,,,,,,,,,,,,,,,,,,,,,,,,,,,,,,,,,,,,,,,,,,,,,,
PACT DEVELOPMENTS DIRECTORY as of 01/01/2025,BROOKLYN,300,302,7/18/2019,8,,,,,,,,,,,,,,,,,08,,,,,,,,,,,,,,,,,,,,,,,,,,,,,,,,,,,,,,3043550001,9,828 ASHFORD STREET,11207,5,19,60,42,3324286,,,,,,,,,,,,,,,,,,,,,,,,,,,,,,,,,,,,,,,,,,,,,,,,,,,,,,,,,,,,,,,,,,,,,,,,,,
PACT DEVELOPMENTS DIRECTORY as of 01/01/2025,BROOKLYN,300,302,7/18/2019,8,,,,,,,,,,,M,,,,,,08,,,,,,,,,,,,,,,,,,,,,,,,,,,,,,,,,,,,,,3043550001,9,816 ASHFORD STREET,11207,5,19,60,42,3324286,,,,,,,,,,,,,,,,,,,,,,,,,,,,,,,,,,,,,,,,,,,,,,,,,,,,,,,,,,,,,,,,,,,,,,,,,,
PACT DEVELOPMENTS DIRECTORY as of 01/01/2025,BROOKLYN,300,302,7/18/2019,8,3034100033,1,580 CENTRAL AVENUE,11207,4,07,18,54,37,3326292,M,,,,,,,,,,,,,,,,,,,,,,,,,,,,,,,,,,,,,,,,,,,,,,,,,,,,,,,,,,,,,,,,,,,,,,,,,,,,,,,,,,,,,,,,,,,,,,,,,,,,,,,,,,,,,,,,,,,,,,,,,,,,,,
PACT DEVELOPMENTS DIRECTORY as of 01/01/2025,BROOKLYN,300,302,7/18/2019,8,3032760001,10,140 HIMROD STREET,11221,4,07,18,53,37,3325659,M,,,,,,,,,,,,,,,,,,,,,,,,,,,,,,,,,,,,,,,,,,,,,,,,,,,,,,,,,,,,,,,,,,,,,,,,,,,,,,,,,,,,,,,,,,,,,,,,,,,,,,,,,,,,,,,,,,,,,,,,,,,,,,
PACT DEVELOPMENTS DIRECTORY as of 01/01/2025,BROOKLYN,300,302,7/18/2019,8,3032760001,11,139 HARMAN STREET,11221,4,07,18,53,37,3325658,M,,,,,,,,,,,,,,,,,,,,,,,,,,,,,,,,,,,,,,,,,,,,,,,,,,,,,,,,,,,,,,,,,,,,,,,,,,,,,,,,,,,,,,,,,,,,,,,,,,,,,,,,,,,,,,,,,,,,,,,,,,,,,,
PACT DEVELOPMENTS DIRECTORY as of 01/01/2025,BROOKLYN,300,302,7/18/2019,8,3032760001,12,251 CENTRAL AVENUE,11221,4,07,18,53,37,3325657,M,,,,,,,,,,,,,,,,,,,,,,,,,,,,,,,,,,,,,,,,,,,,,,,,,,,,,,,,,,,,,,,,,,,,,,,,,,,,,,,,,,,,,,,,,,,,,,,,,,,,,,,,,,,,,,,,,,,,,,,,,,,,,,
PACT DEVELOPMENTS DIRECTORY as of 01/01/2025,BROOKLYN,300,302,7/18/2019,8,3032750047,13,270 CENTRAL AVENUE,11221,4,07,18,53,37,3074721,M,,,,,,,,,,,,,,,,,,,,,,,,,,,,,,,,,,,,,,,,,,,,,,,,,,,,,,,,,,,,,,,,,,,,,,,,,,,,,,,,,,,,,,,,,,,,,,,,,,,,,,,,,,,,,,,,,,,,,,,,,,,,,,
PACT DEVELOPMENTS DIRECTORY as of 01/01/2025,BROOKLYN,300,302,7/18/2019,8,3032850049,14,290 CENTRAL AVENUE,11221,4,07,18,53,37,3075041,M,,,,,,,,,,,,,,,,,,,,,,,,,,,,,,,,,,,,,,,,,,,,,,,,,,,,,,,,,,,,,,,,,,,,,,,,,,,,,,,,,,,,,,,,,,,,,,,,,,,,,,,,,,,,,,,,,,,,,,,,,,,,,,
PACT DEVELOPMENTS DIRECTORY as of 01/01/2025,BROOKLYN,300,302,7/18/2019,8,3032960046,15,310 CENTRAL AVENUE,11221,4,07,18,53,37,3075382,M,,,,,,,,,,,,,,,,,,,,,,,,,,,,,,,,,,,,,,,,,,,,,,,,,,,,,,,,,,,,,,,,,,,,,,,,,,,,,,,,,,,,,,,,,,,,,,,,,,,,,,,,,,,,,,,,,,,,,,,,,,,,,,
PACT DEVELOPMENTS DIRECTORY as of 01/01/2025,BROOKLYN,300,302,7/18/2019,8,3032860001,16,250 WILSON AVENUE,11237,4,07,18,53,37,3325686,M,,,,,,,,,,,,,,,,,,,,,,,,,,,,,,,,,,,,,,,,,,,,,,,,,,,,,,,,,,,,,,,,,,,,,,,,,,,,,,,,,,,,,,,,,,,,,,,,,,,,,,,,,,,,,,,,,,,,,,,,,,,,,,
PACT DEVELOPMENTS DIRECTORY as of 01/01/2025,BROOKLYN,300,302,7/18/2019,8,3032860001,17,190 HARMAN STREET,11221,4,07,18,53,37,3325688,M,,,,,,,,,,,,,,,,,,,,,,,,,,,,,,,,,,,,,,,,,,,,,,,,,,,,,,,,,,,,,,,,,,,,,,,,,,,,,,,,,,,,,,,,,,,,,,,,,,,,,,,,,,,,,,,,,,,,,,,,,,,,,,
PACT DEVELOPMENTS DIRECTORY as of 01/01/2025,BROOKLYN,300,302,7/18/2019,8,3032860001,18,1259 GREENE AVENUE,11221,4,07,18,53,37,3325685,M,,,,,,,,,,,,,,,,,,,,,,,,,,,,,,,,,,,,,,,,,,,,,,,,,,,,,,,,,,,,,,,,,,,,,,,,,,,,,,,,,,,,,,,,,,,,,,,,,,,,,,,,,,,,,,,,,,,,,,,,,,,,,,
PACT DEVELOPMENTS DIRECTORY as of 01/01/2025,BROOKLYN,300,302,7/18/2019,8,3032860001,19,140 HARMAN STREET,11221,4,07,18,53,37,3325687,M,,,,,,,,,,,,,,,,,,,,,,,,,,,,,,,,,,,,,,,,,,,,,,,,,,,,,,,,,,,,,,,,,,,,,,,,,,,,,,,,,,,,,,,,,,,,,,,,,,,,,,,,,,,,,,,,,,,,,,,,,,,,,,
PACT DEVELOPMENTS DIRECTORY as of 01/01/2025,BROOKLYN,300,302,7/18/2019,8,3034100033,2,155 ELDERT STREET,11207,4,07,18,54,37,3326291,M,,,,,,,,,,,,,,,,,,,,,,,,,,,,,,,,,,,,,,,,,,,,,,,,,,,,,,,,,,,,,,,,,,,,,,,,,,,,,,,,,,,,,,,,,,,,,,,,,,,,,,,,,,,,,,,,,,,,,,,,,,,,,,
PACT DEVELOPMENTS DIRECTORY as of 01/01/2025,BROOKLYN,300,302,7/18/2019,8,3032860001,20,1229 GREENE AVENUE,11221,4,07,18,53,37,3325684,M,,,,,,,,,,,,,,,,,,,,,,,,,,,,,,,,,,,,,,,,,,,,,,,,,,,,,,,,,,,,,,,,,,,,,,,,,,,,,,,,,,,,,,,,,,,,,,,,,,,,,,,,,,,,,,,,,,,,,,,,,,,,,,
PACT DEVELOPMENTS DIRECTORY as of 01/01/2025,BROOKLYN,300,302,7/18/2019,8,3032860001,21,269 CENTRAL AVENUE,11221,4,07,18,53,37,3325683,M,,,,,,,,,,,,,,,,,,,,,,,,,,,,,,,,,,,,,,,,,,,,,,,,,,,,,,,,,,,,,,,,,,,,,,,,,,,,,,,,,,,,,,,,,,,,,,,,,,,,,,,,,,,,,,,,,,,,,,,,,,,,,,
PACT DEVELOPMENTS DIRECTORY as of 01/01/2025,BROOKLYN,300,302,7/18/2019,8,3032970001,22,270 WILSON AVENUE,11237,4,07,18,53,37,3325697,M,,,,,,,,,,,,,,,,,,,,,,,,,,,,,,,,,,,,,,,,,,,,,,,,,,,,,,,,,,,,,,,,,,,,,,,,,,,,,,,,,,,,,,,,,,,,,,,,,,,,,,,,,,,,,,,,,,,,,,,,,,,,,,
PACT DEVELOPMENTS DIRECTORY as of 01/01/2025,BROOKLYN,300,302,7/18/2019,8,3032970001,23,1280 GREENE AVENUE,11221,4,07,18,53,37,3325696,M,,,,,,,,,,,,,,,,,,,,,,,,,,,,,,,,,,,,,,,,,,,,,,,,,,,,,,,,,,,,,,,,,,,,,,,,,,,,,,,,,,,,,,,,,,,,,,,,,,,,,,,,,,,,,,,,,,,,,,,,,,,,,,
PACT DEVELOPMENTS DIRECTORY as of 01/01/2025,BROOKLYN,300,302,7/18/2019,8,3032970001,24,1240 GREENE AVENUE,11221,4,07,18,53,37,3325695,M,,,,,,,,,,,,,,,,,,,,,,,,,,,,,,,,,,,,,,,,,,,,,,,,,,,,,,,,,,,,,,,,,,,,,,,,,,,,,,,,,,,,,,,,,,,,,,,,,,,,,,,,,,,,,,,,,,,,,,,,,,,,,,
PACT DEVELOPMENTS DIRECTORY as of 01/01/2025,BROOKLYN,300,302,7/18/2019,8,3032970001,25,289 CENTRAL AVENUE,11221,4,07,18,53,37,3325694,M,,,,,,,,,,,,,,,,,,,,,,,,,,,,,,,,,,,,,,,,,,,,,,,,,,,,,,,,,,,,,,,,,,,,,,,,,,,,,,,,,,,,,,,,,,,,,,,,,,,,,,,,,,,,,,,,,,,,,,,,,,,,,,
PACT DEVELOPMENTS DIRECTORY as of 01/01/2025,BROOKLYN,300,302,7/18/2019,8,3034030001,3,595 EVERGREEN AVENUE,11207,4,07,18,54,37,3078553,M,,,,,,,,,,,,,,,,,,,,,,,,,,,,,,,,,,,,,,,,,,,,,,,,,,,,,,,,,,,,,,,,,,,,,,,,,,,,,,,,,,,,,,,,,,,,,,,,,,,,,,,,,,,,,,,,,,,,,,,,,,,,,,
PACT DEVELOPMENTS DIRECTORY as of 01/01/2025,BROOKLYN,300,302,7/18/2019,8,3034100001,4,615 EVERGREEN AVENUE,11207,4,07,18,54,37,3078789,M,,,,,,,,,,,,,,,,,,,,,,,,,,,,,,,,,,,,,,,,,,,,,,,,,,,,,,,,,,,,,,,,,,,,,,,,,,,,,,,,,,,,,,,,,,,,,,,,,,,,,,,,,,,,,,,,,,,,,,,,,,,,,,
PACT DEVELOPMENTS DIRECTORY as of 01/01/2025,BROOKLYN,300,302,7/18/2019,8,3034150039,5,690 EVERGREEN AVENUE,11207,4,07,18,54,37,3326305,M,,,,,,,,,,,,,,,,,,,,,,,,,,,,,,,,,,,,,,,,,,,,,,,,,,,,,,,,,,,,,,,,,,,,,,,,,,,,,,,,,,,,,,,,,,,,,,,,,,,,,,,,,,,,,,,,,,,,,,,,,,,,,,
PACT DEVELOPMENTS DIRECTORY as of 01/01/2025,BROOKLYN,300,302,7/18/2019,8,3034090032,6,670 EVERGREEN AVENUE,11207,4,07,18,54,37,3078774,M,,,,,,,,,,,,,,,,,,,,,,,,,,,,,,,,,,,,,,,,,,,,,,,,,,,,,,,,,,,,,,,,,,,,,,,,,,,,,,,,,,,,,,,,,,,,,,,,,,,,,,,,,,,,,,,,,,,,,,,,,,,,,,
PACT DEVELOPMENTS DIRECTORY as of 01/01/2025,BROOKLYN,300,302,7/18/2019,8,3034150039,7,85 COVERT STREET,11207,4,07,18,54,37,3326315,M,,,,,,,,,,,,,,,,,,,,,,,,,,,,,,,,,,,,,,,,,,,,,,,,,,,,,,,,,,,,,,,,,,,,,,,,,,,,,,,,,,,,,,,,,,,,,,,,,,,,,,,,,,,,,,,,,,,,,,,,,,,,,,
PACT DEVELOPMENTS DIRECTORY as of 01/01/2025,BROOKLYN,300,302,7/18/2019,8,3034150039,8,75 COVERT STREET,11207,4,07,18,54,37,3326314,M,,,,,,,,,,,,,,,,,,,,,,,,,,,,,,,,,,,,,,,,,,,,,,,,,,,,,,,,,,,,,,,,,,,,,,,,,,,,,,,,,,,,,,,,,,,,,,,,,,,,,,,,,,,,,,,,,,,,,,,,,,,,,,
PACT DEVELOPMENTS DIRECTORY as of 01/01/2025,BROOKLYN,300,302,7/18/2019,8,3032760001,9,160 HIMROD STREET,11221,4,07,18,53,37,3325660,M,,,,,,,,,,,,,,,,,,,,,,,,,,,,,,,,,,,,,,,,,,,,,,,,,,,,,,,,,,,,,,,,,,,,,,,,,,,,,,,,,,,,,,,,,,,,,,,,,,,,,,,,,,,,,,,,,,,,,,,,,,,,,,
PACT DEVELOPMENTS DIRECTORY as of 01/01/2025,BROOKLYN,300,302,7/18/2019,8,3033320001,26,1201 GATES AVENUE,11221,4,07,18,54,37,3325725,M,,,,,,,,,,,,,,,,,,,,,,,,,,,,,,,,,,,,,,,,,,,,,,,,,,,,,,,,,,,,,,,,,,,,,,,,,,,,,,,,,,,,,,,,,,,,,,,,,,,,,,,,,,,,,,,,,,,,,,,,,,,,,,
PACT DEVELOPMENTS DIRECTORY as of 01/01/2025,BROOKLYN,300,302,7/18/2019,8,3033320001,27,415 EVERGREEN AVENUE,11221,4,07,18,54,37,3325726,M,,,,,,,,,,,,,,,,,,,,,,,,,,,,,,,,,,,,,,,,,,,,,,,,,,,,,,,,,,,,,,,,,,,,,,,,,,,,,,,,,,,,,,,,,,,,,,,,,,,,,,,,,,,,,,,,,,,,,,,,,,,,,,
PACT DEVELOPMENTS DIRECTORY as of 01/01/2025,BROOKLYN,300,302,7/18/2019,8,3033410001,28,431 EVERGREEN AVENUE,11221,4,07,18,54,37,3326139,M,,,,,,,,,,,,,,,,,,,,,,,,,,,,,,,,,,,,,,,,,,,,,,,,,,,,,,,,,,,,,,,,,,,,,,,,,,,,,,,,,,,,,,,,,,,,,,,,,,,,,,,,,,,,,,,,,,,,,,,,,,,,,,
PACT DEVELOPMENTS DIRECTORY as of 01/01/2025,BROOKLYN,300,302,7/18/2019,8,3033410001,29,1210 GATES AVENUE,11221,4,07,18,54,37,3326140,M,,,,,,,,,,,,,,,,,,,,,,,,,,,,,,,,,,,,,,,,,,,,,,,,,,,,,,,,,,,,,,,,,,,,,,,,,,,,,,,,,,,,,,,,,,,,,,,,,,,,,,,,,,,,,,,,,,,,,,,,,,,,,,
PACT DEVELOPMENTS DIRECTORY as of 01/01/2025,BROOKLYN,300,302,7/18/2019,8,3033410001,30,1230 GATES AVENUE,11221,4,07,18,54,37,3326141,M,,,,,,,,,,,,,,,,,,,,,,,,,,,,,,,,,,,,,,,,,,,,,,,,,,,,,,,,,,,,,,,,,,,,,,,,,,,,,,,,,,,,,,,,,,,,,,,,,,,,,,,,,,,,,,,,,,,,,,,,,,,,,,
PACT DEVELOPMENTS DIRECTORY as of 01/01/2025,BROOKLYN,300,302,7/18/2019,8,3033410001,31,1240 GATES AVENUE,11221,4,07,18,54,37,3326142,M,,,,,,,,,,,,,,,,,,,,,,,,,,,,,,,,,,,,,,,,,,,,,,,,,,,,,,,,,,,,,,,,,,,,,,,,,,,,,,,,,,,,,,,,,,,,,,,,,,,,,,,,,,,,,,,,,,,,,,,,,,,,,,
PACT DEVELOPMENTS DIRECTORY as of 01/01/2025,BROOKLYN,276,324,7/18/2019,9,,,,,,,,,,,M,,,,,,,,,,,,,,,,,,,07,18,,,,,,,,,,,,,,,,,,,,,,,,,,,,,,,,,3033410001,33,400 CENTRAL AVENUE,11221,4,54,37,3326138,,,,,,,,,,,,,,,,,,,,,,,,,,,,,,,,,,,,,,,,,,,,,,,,,,,,,,,,,,,,,,,,,,
PACT DEVELOPMENTS DIRECTORY as of 01/01/2025,BROOKLYN,276,324,7/18/2019,9,,,,,,,,,,,M,,,,,,,,,,,,,,,,,,,07,18,,,,,,,,,,,,,,,,,,,,,,,,,,,,,,,,,3033410001,34,143 PALMETTO STREET,11221,4,54,37,3326146,,,,,,,,,,,,,,,,,,,,,,,,,,,,,,,,,,,,,,,,,,,,,,,,,,,,,,,,,,,,,,,,,,
PACT DEVELOPMENTS DIRECTORY as of 01/01/2025,BROOKLYN,276,324,7/18/2019,9,,,,,,,,,,,M,,,,,,,,,,,,,,,,,,,07,18,,,,,,,,,,,,,,,,,,,,,,,,,,,,,,,,,3033410001,35,125 PALMETTO STREET,11221,4,54,37,3326145,,,,,,,,,,,,,,,,,,,,,,,,,,,,,,,,,,,,,,,,,,,,,,,,,,,,,,,,,,,,,,,,,,
PACT DEVELOPMENTS DIRECTORY as of 01/01/2025,BROOKLYN,276,324,7/18/2019,9,,,,,,,,,,,M,,,,,,,,,,,,,,,,,,,07,18,,,,,,,,,,,,,,,,,,,,,,,,,,,,,,,,,3033410001,36,105 PALMETTO STREET,11221,4,54,37,3326144,,,,,,,,,,,,,,,,,,,,,,,,,,,,,,,,,,,,,,,,,,,,,,,,,,,,,,,,,,,,,,,,,,
PACT DEVELOPMENTS DIRECTORY as of 01/01/2025,BROOKLYN,276,324,7/18/2019,9,,,,,,,,,,,M,,,,,,,,,,,,,,,,,,,07,18,,,,,,,,,,,,,,,,,,,,,,,,,,,,,,,,,3033410001,37,95 PALMETTO STREET,11221,4,54,37,3326143,,,,,,,,,,,,,,,,,,,,,,,,,,,,,,,,,,,,,,,,,,,,,,,,,,,,,,,,,,,,,,,,,,
PACT DEVELOPMENTS DIRECTORY as of 01/01/2025,BROOKLYN,276,324,7/18/2019,9,,,,,,,,,,,M,,,,,,,,,,,,,,,,,,,07,18,,,,,,,,,,,,,,,,,,,,,,,,,,,,,,,,,3033590029,38,440 CENTRAL AVENUE,11221,4,54,37,3076768,,,,,,,,,,,,,,,,,,,,,,,,,,,,,,,,,,,,,,,,,,,,,,,,,,,,,,,,,,,,,,,,,,
PACT DEVELOPMENTS DIRECTORY as of 01/01/2025,BROOKLYN,276,324,7/18/2019,9,,,,,,,,,,,M,,,,,,,,,,,,,,,,,,,07,18,,,,,,,,,,,,,,,,,,,,,,,,,,,,,,,,,3033420001,39,1320 GATES AVENUE,11221,4,53,37,3326150,,,,,,,,,,,,,,,,,,,,,,,,,,,,,,,,,,,,,,,,,,,,,,,,,,,,,,,,,,,,,,,,,,
PACT DEVELOPMENTS DIRECTORY as of 01/01/2025,BROOKLYN,276,324,7/18/2019,9,,,,,,,,,,,M,,,,,,,,,,,,,,,,,,,07,18,,,,,,,,,,,,,,,,,,,,,,,,,,,,,,,,,3033420001,40,1300 GATES AVENUE,11221,4,53,37,3326149,,,,,,,,,,,,,,,,,,,,,,,,,,,,,,,,,,,,,,,,,,,,,,,,,,,,,,,,,,,,,,,,,,
PACT DEVELOPMENTS DIRECTORY as of 01/01/2025,BROOKLYN,276,324,7/18/2019,9,,,,,,,,,,,M,,,,,,,,,,,,,,,,,,,07,18,,,,,,,,,,,,,,,,,,,,,,,,,,,,,,,,,3033420001,41,375 CENTRAL AVENUE,11221,4,53,37,3326148,,,,,,,,,,,,,,,,,,,,,,,,,,,,,,,,,,,,,,,,,,,,,,,,,,,,,,,,,,,,,,,,,,
PACT DEVELOPMENTS DIRECTORY as of 01/01/2025,BROOKLYN,276,324,7/18/2019,9,,,,,,,,,,,M,,,,,,,,,,,,,,,,,,,07,18,,,,,,,,,,,,,,,,,,,,,,,,,,,,,,,,,3033420001,42,161 PALMETTO STREET,11221,4,53,37,3326147,,,,,,,,,,,,,,,,,,,,,,,,,,,,,,,,,,,,,,,,,,,,,,,,,,,,,,,,,,,,,,,,,,
PACT DEVELOPMENTS DIRECTORY as of 01/01/2025,BROOKLYN,276,324,7/18/2019,9,,,,,,,,,,,M,,,,,,,,,,,,,,,,,,,07,18,,,,,,,,,,,,,,,,,,,,,,,,,,,,,,,,,3033510001,43,390 WILSON AVENUE,11221,4,53,37,3326174,,,,,,,,,,,,,,,,,,,,,,,,,,,,,,,,,,,,,,,,,,,,,,,,,,,,,,,,,,,,,,,,,,
PACT DEVELOPMENTS DIRECTORY as of 01/01/2025,BROOKLYN,276,324,7/18/2019,9,,,,,,,,,,,M,,,,,,,,,,,,,,,,,,,07,18,,,,,,,,,,,,,,,,,,,,,,,,,,,,,,,,,3033510001,44,210 PALMETTO STREET,11221,4,53,37,3326173,,,,,,,,,,,,,,,,,,,,,,,,,,,,,,,,,,,,,,,,,,,,,,,,,,,,,,,,,,,,,,,,,,
PACT DEVELOPMENTS DIRECTORY as of 01/01/2025,BROOKLYN,276,324,7/18/2019,9,,,,,,,,,,,M,,,,,,,,,,,,,,,,,,,07,18,,,,,,,,,,,,,,,,,,,,,,,,,,,,,,,,,3033510001,45,200 PALMETTO STREET,11221,4,53,37,3326172,,,,,,,,,,,,,,,,,,,,,,,,,,,,,,,,,,,,,,,,,,,,,,,,,,,,,,,,,,,,,,,,,,
PACT DEVELOPMENTS DIRECTORY as of 01/01/2025,BROOKLYN,276,324,7/18/2019,9,,,,,,,,,,,M,,,,,,,,,,,,,,,,,,,07,18,,,,,,,,,,,,,,,,,,,,,,,,,,,,,,,,,3033510001,46,190 PALMETTO STREET,11221,4,53,37,3326171,,,,,,,,,,,,,,,,,,,,,,,,,,,,,,,,,,,,,,,,,,,,,,,,,,,,,,,,,,,,,,,,,,
PACT DEVELOPMENTS DIRECTORY as of 01/01/2025,BROOKLYN,276,324,7/18/2019,9,,,,,,,,,,,M,,,,,,,,,,,,,,,,,,,07,18,,,,,,,,,,,,,,,,,,,,,,,,,,,,,,,,,3033510001,47,191 WOODBINE STREET,11221,4,53,37,3326175,,,,,,,,,,,,,,,,,,,,,,,,,,,,,,,,,,,,,,,,,,,,,,,,,,,,,,,,,,,,,,,,,,
PACT DEVELOPMENTS DIRECTORY as of 01/01/2025,BROOKLYN,276,324,7/18/2019,9,,,,,,,,,,,M,,,,,,,,,,,,,,,,,,,07,18,,,,,,,,,,,,,,,,,,,,,,,,,,,,,,,,,3033510001,48,180 PALMETTO STREET,11221,4,53,37,3326170,,,,,,,,,,,,,,,,,,,,,,,,,,,,,,,,,,,,,,,,,,,,,,,,,,,,,,,,,,,,,,,,,,
PACT DEVELOPMENTS DIRECTORY as of 01/01/2025,BROOKLYN,276,324,7/18/2019,9,,,,,,,,,,,M,,,,,,,,,,,,,,,,,,,07,18,,,,,,,,,,,,,,,,,,,,,,,,,,,,,,,,,3033510001,49,170 PALMETTO STREET,11221,4,53,37,3326165,,,,,,,,,,,,,,,,,,,,,,,,,,,,,,,,,,,,,,,,,,,,,,,,,,,,,,,,,,,,,,,,,,
PACT DEVELOPMENTS DIRECTORY as of 01/01/2025,BROOKLYN,276,324,7/18/2019,9,,,,,,,,,,,M,,,,,,,,,,,,,,,,,,,07,18,,,,,,,,,,,,,,,,,,,,,,,,,,,,,,,,,3033510001,50,399 CENTRAL AVENUE,11221,4,53,37,3326169,,,,,,,,,,,,,,,,,,,,,,,,,,,,,,,,,,,,,,,,,,,,,,,,,,,,,,,,,,,,,,,,,,
PACT DEVELOPMENTS DIRECTORY as of 01/01/2025,BROOKLYN,276,324,7/18/2019,9,,,,,,,,,,,,,,,,,,,,,,,,,,,,,,07,18,,,,,,,,,,,,,,,,,,,,,,,,,,,,,,,,,3033500028,51,420 CENTRAL AVENUE,11221,4,54,37,3076595,,,,,,,,,,,,,,,,,,,,,,,,,,,,,,,,,,,,,,,,,,,,,,,,,,,,,,,,,,,,,,,,,,
PACT DEVELOPMENTS DIRECTORY as of 01/01/2025,BROOKLYN,276,324,7/18/2019,9,,,,,,,,,,,,,,,,,,,,,,,,,,,,,,07,18,,,,,,,,,,,,,,,,,,,,,,,,,,,,,,,,,3033500028,51,422 CENTRAL AVENUE,11221,4,54,37,3076595,,,,,,,,,,,,,,,,,,,,,,,,,,,,,,,,,,,,,,,,,,,,,,,,,,,,,,,,,,,,,,,,,,
PACT DEVELOPMENTS DIRECTORY as of 01/01/2025,BROOKLYN,276,324,7/18/2019,9,3033340001,,1387 GATES AVENUE,11221,4,07,18,53,37,3342119,,,,,,,,,,,,,,,,,,,,,,,,,,,,,,,,,,,,,,,,,,,,,,,,,,,,,,,,,,,,,,,,,,,,,,,,,,,,,,,,,,,,,,,,,,,,,,,,,,,,,,,,,,,,,,,,,,,,,,,,,,,,,,,
PACT DEVELOPMENTS DIRECTORY as of 01/01/2025,BROOKLYN,276,324,7/18/2019,9,3033340022,,230 LINDEN STREET,11221,4,07,18,53,37,3000000,,,,,,,,,,,,,,,,,,,,,,,,,,,,,,,,,,,,,,,,,,,,,,,,,,,,,,,,,,,,,,,,,,,,,,,,,,,,,,,,,,,,,,,,,,,,,,,,,,,,,,,,,,,,,,,,,,,,,,,,,,,,,,,
PACT DEVELOPMENTS DIRECTORY as of 01/01/2025,BROOKLYN,276,324,7/18/2019,9,3033160001,1,176 MENAHAN STREET,11237,4,07,18,53,37,3075907,M,,,,,,,,,,,,,,,,,,,,,,,,,,,,,,,,,,,,,,,,,,,,,,,,,,,,,,,,,,,,,,,,,,,,,,,,,,,,,,,,,,,,,,,,,,,,,,,,,,,,,,,,,,,,,,,,,,,,,,,,,,,,,,
PACT DEVELOPMENTS DIRECTORY as of 01/01/2025,BROOKLYN,276,324,7/18/2019,9,3033160001,1,172 MENAHAN STREET,11237,4,07,18,53,37,3075907,M,,,,,,,,,,,,,,,,,,,,,,,,,,,,,,,,,,,,,,,,,,,,,,,,,,,,,,,,,,,,,,,,,,,,,,,,,,,,,,,,,,,,,,,,,,,,,,,,,,,,,,,,,,,,,,,,,,,,,,,,,,,,,,
PACT DEVELOPMENTS DIRECTORY as of 01/01/2025,BROOKLYN,276,324,7/18/2019,9,3033160001,1,319 WILSON AVENUE,11237,4,07,18,53,37,3075907,M,,,,,,,,,,,,,,,,,,,,,,,,,,,,,,,,,,,,,,,,,,,,,,,,,,,,,,,,,,,,,,,,,,,,,,,,,,,,,,,,,,,,,,,,,,,,,,,,,,,,,,,,,,,,,,,,,,,,,,,,,,,,,,
PACT DEVELOPMENTS DIRECTORY as of 01/01/2025,BROOKLYN,276,324,7/18/2019,9,3033160001,1,323 WILSON AVENUE,11237,4,07,18,53,37,3075907,M,,,,,,,,,,,,,,,,,,,,,,,,,,,,,,,,,,,,,,,,,,,,,,,,,,,,,,,,,,,,,,,,,,,,,,,,,,,,,,,,,,,,,,,,,,,,,,,,,,,,,,,,,,,,,,,,,,,,,,,,,,,,,,
PACT DEVELOPMENTS DIRECTORY as of 01/01/2025,BROOKLYN,276,324,7/18/2019,9,3033160001,1,327 WILSON AVENUE,11237,4,07,18,53,37,3075907,M,,,,,,,,,,,,,,,,,,,,,,,,,,,,,,,,,,,,,,,,,,,,,,,,,,,,,,,,,,,,,,,,,,,,,,,,,,,,,,,,,,,,,,,,,,,,,,,,,,,,,,,,,,,,,,,,,,,,,,,,,,,,,,
PACT DEVELOPMENTS DIRECTORY as of 01/01/2025,BROOKLYN,276,324,7/18/2019,9,3033250001,2,242 GROVE STREET,11237,4,07,18,53,37,3338492,M,,,,,,,,,,,,,,,,,,,,,,,,,,,,,,,,,,,,,,,,,,,,,,,,,,,,,,,,,,,,,,,,,,,,,,,,,,,,,,,,,,,,,,,,,,,,,,,,,,,,,,,,,,,,,,,,,,,,,,,,,,,,,,
PACT DEVELOPMENTS DIRECTORY as of 01/01/2025,BROOKLYN,276,324,7/18/2019,9,3033250001,2,238 GROVE STREET,11237,4,07,18,53,37,3338492,M,,,,,,,,,,,,,,,,,,,,,,,,,,,,,,,,,,,,,,,,,,,,,,,,,,,,,,,,,,,,,,,,,,,,,,,,,,,,,,,,,,,,,,,,,,,,,,,,,,,,,,,,,,,,,,,,,,,,,,,,,,,,,,
PACT DEVELOPMENTS DIRECTORY as of 01/01/2025,BROOKLYN,276,324,7/18/2019,9,3033250001,2,234 GROVE STREET,11237,4,07,18,53,37,3338492,M,,,,,,,,,,,,,,,,,,,,,,,,,,,,,,,,,,,,,,,,,,,,,,,,,,,,,,,,,,,,,,,,,,,,,,,,,,,,,,,,,,,,,,,,,,,,,,,,,,,,,,,,,,,,,,,,,,,,,,,,,,,,,,
PACT DEVELOPMENTS DIRECTORY as of 01/01/2025,BROOKLYN,276,324,7/18/2019,9,3033250001,2,230 GROVE STREET,11237,4,07,18,53,37,3338492,M,,,,,,,,,,,,,,,,,,,,,,,,,,,,,,,,,,,,,,,,,,,,,,,,,,,,,,,,,,,,,,,,,,,,,,,,,,,,,,,,,,,,,,,,,,,,,,,,,,,,,,,,,,,,,,,,,,,,,,,,,,,,,,
PACT DEVELOPMENTS DIRECTORY as of 01/01/2025,BROOKLYN,276,324,7/18/2019,9,3033250001,2,226 GROVE STREET,11237,4,07,18,53,37,3338492,M,,,,,,,,,,,,,,,,,,,,,,,,,,,,,,,,,,,,,,,,,,,,,,,,,,,,,,,,,,,,,,,,,,,,,,,,,,,,,,,,,,,,,,,,,,,,,,,,,,,,,,,,,,,,,,,,,,,,,,,,,,,,,,
PACT DEVELOPMENTS DIRECTORY as of 01/01/2025,BROOKLYN,276,324,7/18/2019,9,3033250001,2,339 WILSON AVENUE,11221,4,07,18,53,37,3338492,M,,,,,,,,,,,,,,,,,,,,,,,,,,,,,,,,,,,,,,,,,,,,,,,,,,,,,,,,,,,,,,,,,,,,,,,,,,,,,,,,,,,,,,,,,,,,,,,,,,,,,,,,,,,,,,,,,,,,,,,,,,,,,,
PACT DEVELOPMENTS DIRECTORY as of 01/01/2025,BROOKLYN,276,324,7/18/2019,9,3033250001,2,343 WILSON AVENUE,11221,4,07,18,53,37,3338492,M,,,,,,,,,,,,,,,,,,,,,,,,,,,,,,,,,,,,,,,,,,,,,,,,,,,,,,,,,,,,,,,,,,,,,,,,,,,,,,,,,,,,,,,,,,,,,,,,,,,,,,,,,,,,,,,,,,,,,,,,,,,,,,
PACT DEVELOPMENTS DIRECTORY as of 01/01/2025,BROOKLYN,276,324,7/18/2019,9,3033250001,2,347 WILSON AVENUE,11221,4,07,18,53,37,3338492,M,,,,,,,,,,,,,,,,,,,,,,,,,,,,,,,,,,,,,,,,,,,,,,,,,,,,,,,,,,,,,,,,,,,,,,,,,,,,,,,,,,,,,,,,,,,,,,,,,,,,,,,,,,,,,,,,,,,,,,,,,,,,,,
PACT DEVELOPMENTS DIRECTORY as of 01/01/2025,BROOKLYN,276,324,7/18/2019,9,3033250001,3,235 LINDEN STREET,11221,4,07,18,53,37,3338491,M,,,,,,,,,,,,,,,,,,,,,,,,,,,,,,,,,,,,,,,,,,,,,,,,,,,,,,,,,,,,,,,,,,,,,,,,,,,,,,,,,,,,,,,,,,,,,,,,,,,,,,,,,,,,,,,,,,,,,,,,,,,,,,
PACT DEVELOPMENTS DIRECTORY as of 01/01/2025,BROOKLYN,276,324,7/18/2019,9,3033250001,3,239 LINDEN STREET,11221,4,07,18,53,37,3338491,M,,,,,,,,,,,,,,,,,,,,,,,,,,,,,,,,,,,,,,,,,,,,,,,,,,,,,,,,,,,,,,,,,,,,,,,,,,,,,,,,,,,,,,,,,,,,,,,,,,,,,,,,,,,,,,,,,,,,,,,,,,,,,,
PACT DEVELOPMENTS DIRECTORY as of 01/01/2025,BROOKLYN,276,324,7/18/2019,9,3033250001,3,243 LINDEN STREET,11221,4,07,18,53,37,3338491,M,,,,,,,,,,,,,,,,,,,,,,,,,,,,,,,,,,,,,,,,,,,,,,,,,,,,,,,,,,,,,,,,,,,,,,,,,,,,,,,,,,,,,,,,,,,,,,,,,,,,,,,,,,,,,,,,,,,,,,,,,,,,,,
PACT DEVELOPMENTS DIRECTORY as of 01/01/2025,BROOKLYN,276,324,7/18/2019,9,3033250001,3,247 LINDEN STREET,11221,4,07,18,53,37,3338491,M,,,,,,,,,,,,,,,,,,,,,,,,,,,,,,,,,,,,,,,,,,,,,,,,,,,,,,,,,,,,,,,,,,,,,,,,,,,,,,,,,,,,,,,,,,,,,,,,,,,,,,,,,,,,,,,,,,,,,,,,,,,,,,
PACT DEVELOPMENTS DIRECTORY as of 01/01/2025,BROOKLYN,276,324,7/18/2019,9,3033250001,3,251 LINDEN STREET,11221,4,07,18,53,37,3338491,M,,,,,,,,,,,,,,,,,,,,,,,,,,,,,,,,,,,,,,,,,,,,,,,,,,,,,,,,,,,,,,,,,,,,,,,,,,,,,,,,,,,,,,,,,,,,,,,,,,,,,,,,,,,,,,,,,,,,,,,,,,,,,,
PACT DEVELOPMENTS DIRECTORY as of 01/01/2025,BROOKLYN,276,324,7/18/2019,9,3033250001,3,532 KNICKERBOCKER AVENUE,11221,4,07,18,53,37,3338491,M,,,,,,,,,,,,,,,,,,,,,,,,,,,,,,,,,,,,,,,,,,,,,,,,,,,,,,,,,,,,,,,,,,,,,,,,,,,,,,,,,,,,,,,,,,,,,,,,,,,,,,,,,,,,,,,,,,,,,,,,,,,,,,
PACT DEVELOPMENTS DIRECTORY as of 01/01/2025,BROOKLYN,276,324,7/18/2019,9,3033250001,3,528 KNICKERBOCKER AVENUE,11221,4,07,18,53,37,3338491,M,,,,,,,,,,,,,,,,,,,,,,,,,,,,,,,,,,,,,,,,,,,,,,,,,,,,,,,,,,,,,,,,,,,,,,,,,,,,,,,,,,,,,,,,,,,,,,,,,,,,,,,,,,,,,,,,,,,,,,,,,,,,,,
PACT DEVELOPMENTS DIRECTORY as of 01/01/2025,BROOKLYN,276,324,7/18/2019,9,3033250001,3,524 KNICKERBOCKER AVENUE,11221,4,07,18,53,37,3338491,M,,,,,,,,,,,,,,,,,,,,,,,,,,,,,,,,,,,,,,,,,,,,,,,,,,,,,,,,,,,,,,,,,,,,,,,,,,,,,,,,,,,,,,,,,,,,,,,,,,,,,,,,,,,,,,,,,,,,,,,,,,,,,,
PACT DEVELOPMENTS DIRECTORY as of 01/01/2025,BROOKLYN,276,324,7/18/2019,9,3033340001,4,236 LINDEN STREET,11221,4,07,18,53,37,3338493,M,,,,,,,,,,,,,,,,,,,,,,,,,,,,,,,,,,,,,,,,,,,,,,,,,,,,,,,,,,,,,,,,,,,,,,,,,,,,,,,,,,,,,,,,,,,,,,,,,,,,,,,,,,,,,,,,,,,,,,,,,,,,,,
PACT DEVELOPMENTS DIRECTORY as of 01/01/2025,BROOKLYN,276,324,7/18/2019,9,3033340001,4,232 LINDEN STREET,11221,4,07,18,53,37,3338493,M,,,,,,,,,,,,,,,,,,,,,,,,,,,,,,,,,,,,,,,,,,,,,,,,,,,,,,,,,,,,,,,,,,,,,,,,,,,,,,,,,,,,,,,,,,,,,,,,,,,,,,,,,,,,,,,,,,,,,,,,,,,,,,
PACT DEVELOPMENTS DIRECTORY as of 01/01/2025,BROOKLYN,276,324,7/18/2019,9,3033340001,4,228 LINDEN STREET,11221,4,07,18,53,37,3338493,M,,,,,,,,,,,,,,,,,,,,,,,,,,,,,,,,,,,,,,,,,,,,,,,,,,,,,,,,,,,,,,,,,,,,,,,,,,,,,,,,,,,,,,,,,,,,,,,,,,,,,,,,,,,,,,,,,,,,,,,,,,,,,,
PACT DEVELOPMENTS DIRECTORY as of 01/01/2025,BROOKLYN,276,324,7/18/2019,9,3033340001,4,224 LINDEN STREET,11221,4,07,18,53,37,3338493,M,,,,,,,,,,,,,,,,,,,,,,,,,,,,,,,,,,,,,,,,,,,,,,,,,,,,,,,,,,,,,,,,,,,,,,,,,,,,,,,,,,,,,,,,,,,,,,,,,,,,,,,,,,,,,,,,,,,,,,,,,,,,,,
PACT DEVELOPMENTS DIRECTORY as of 01/01/2025,BROOKLYN,276,324,7/18/2019,9,3033340001,4,220 LINDEN STREET,11221,4,07,18,53,37,3338493,M,,,,,,,,,,,,,,,,,,,,,,,,,,,,,,,,,,,,,,,,,,,,,,,,,,,,,,,,,,,,,,,,,,,,,,,,,,,,,,,,,,,,,,,,,,,,,,,,,,,,,,,,,,,,,,,,,,,,,,,,,,,,,,
PACT DEVELOPMENTS DIRECTORY as of 01/01/2025,BROOKLYN,276,324,7/18/2019,9,3033340001,4,357 WILSON AVENUE,11221,4,07,18,53,37,3338493,M,,,,,,,,,,,,,,,,,,,,,,,,,,,,,,,,,,,,,,,,,,,,,,,,,,,,,,,,,,,,,,,,,,,,,,,,,,,,,,,,,,,,,,,,,,,,,,,,,,,,,,,,,,,,,,,,,,,,,,,,,,,,,,
PACT DEVELOPMENTS DIRECTORY as of 01/01/2025,BROOKLYN,276,324,7/18/2019,9,3033340001,4,361 WILSON AVENUE,11221,4,07,18,53,37,3338493,M,,,,,,,,,,,,,,,,,,,,,,,,,,,,,,,,,,,,,,,,,,,,,,,,,,,,,,,,,,,,,,,,,,,,,,,,,,,,,,,,,,,,,,,,,,,,,,,,,,,,,,,,,,,,,,,,,,,,,,,,,,,,,,
PACT DEVELOPMENTS DIRECTORY as of 01/01/2025,BRONX,188,334,11/28/2023,10,,,,,,,,,,,M,,,,,,,,,,,,,,,,,,,07,18,,,,,,,,,,,,,,,,,,,,,,,,,,,,,,,,,,,,11221,4,,37,,3033340001,1389 GATES AVENUE,53,3342119,,,,,,,,,,,,,,,,,,,,,,,,,,,,,,,,,,,,,,,,,,,,,,,,,,,,,,,,,,,,,,
PACT DEVELOPMENTS DIRECTORY as of 01/01/2025,BRONX,188,334,11/28/2023,10,,,,,,,,,,,M,,,,,,,,,,,,,,,,,,,07,18,,,,,,,,,,,,,,,,,,,,,,,,,,,,,,,,,,,,11221,4,,37,,3033340001,1393 GATES AVENUE,53,3396593,,,,,,,,,,,,,,,,,,,,,,,,,,,,,,,,,,,,,,,,,,,,,,,,,,,,,,,,,,,,,,
PACT DEVELOPMENTS DIRECTORY as of 01/01/2025,BRONX,188,334,11/28/2023,10,,,,,,,,,,,M,,,,,,,,,,,,,,,,,,,07,18,,,,,,,,,,,,,,,,,,,,,,,,,,,,,,,,,,,,11221,4,,37,,3033340001,1397 GATES AVENUE,53,3342119,,,,,,,,,,,,,,,,,,,,,,,,,,,,,,,,,,,,,,,,,,,,,,,,,,,,,,,,,,,,,,
PACT DEVELOPMENTS DIRECTORY as of 01/01/2025,BRONX,188,334,11/28/2023,10,,,,,,,,,,,M,,,,,,,,,,,,,,,,,,,07,18,,,,,,,,,,,,,,,,,,,,,,,,,,,,,,,,,,,,11221,4,,37,,3033340001,1411 GATES AVENUE,53,3342119,,,,,,,,,,,,,,,,,,,,,,,,,,,,,,,,,,,,,,,,,,,,,,,,,,,,,,,,,,,,,,
PACT DEVELOPMENTS DIRECTORY as of 01/01/2025,BRONX,188,334,11/28/2023,10,,,,,,,,,,,M,,,,,,,,,,,,,,,,,,,07,18,,,,,,,,,,,,,,,,,,,,,,,,,,,,,,,,,,,,11221,4,,37,,3033340001,1415 GATES AVENUE,53,3342119,,,,,,,,,,,,,,,,,,,,,,,,,,,,,,,,,,,,,,,,,,,,,,,,,,,,,,,,,,,,,,
PACT DEVELOPMENTS DIRECTORY as of 01/01/2025,BRONX,188,334,11/28/2023,10,,,,,,,,,,,M,,,,,,,,,,,,,,,,,,,07,18,,,,,,,,,,,,,,,,,,,,,,,,,,,,,,,,,,,,11221,4,,37,,3033340001,558 KNICKERBOCKER AVENUE,53,3342119,,,,,,,,,,,,,,,,,,,,,,,,,,,,,,,,,,,,,,,,,,,,,,,,,,,,,,,,,,,,,,
PACT DEVELOPMENTS DIRECTORY as of 01/01/2025,BRONX,188,334,11/28/2023,10,,,,,,,,,,,M,,,,,,,,,,,,,,,,,,,07,18,,,,,,,,,,,,,,,,,,,,,,,,,,,,,,,,,,,,11221,4,,37,,3033340001,554 KNICKERBOCKER AVENUE,53,3342119,,,,,,,,,,,,,,,,,,,,,,,,,,,,,,,,,,,,,,,,,,,,,,,,,,,,,,,,,,,,,,
PACT DEVELOPMENTS DIRECTORY as of 01/01/2025,BRONX,188,334,11/28/2023,10,,,,,,,,,,,M,,,,,,,,,,,,,,,,,,,07,18,,,,,,,,,,,,,,,,,,,,,,,,,,,,,,,,,,,,11221,4,,37,,3033340001,550 KNICKERBOCKER AVENUE,53,3342119,,,,,,,,,,,,,,,,,,,,,,,,,,,,,,,,,,,,,,,,,,,,,,,,,,,,,,,,,,,,,,
PACT DEVELOPMENTS DIRECTORY as of 01/01/2025,BRONX,188,334,11/28/2023,10,2029280028,1,1525 FULTON AVENUE,10457,3,15,32,79,16,2092128,M,,,,,,,,,,,,,,,,,,,,,,,,,,,,,,,,,,,,,,,,,,,,,,,,,,,,,,,,,,,,,,,,,,,,,,,,,,,,,,,,,,,,,,,,,,,,,,,,,,,,,,,,,,,,,,,,,,,,,,,,,,,,,,
PACT DEVELOPMENTS DIRECTORY as of 01/01/2025,BRONX,188,334,11/28/2023,10,2029280028,1,1531 FULTON AVENUE,10457,3,15,32,79,16,2092128,M,,,,,,,,,,,,,,,,,,,,,,,,,,,,,,,,,,,,,,,,,,,,,,,,,,,,,,,,,,,,,,,,,,,,,,,,,,,,,,,,,,,,,,,,,,,,,,,,,,,,,,,,,,,,,,,,,,,,,,,,,,,,,,
PACT DEVELOPMENTS DIRECTORY as of 01/01/2025,BRONX,188,334,11/28/2023,10,2029280028,1,1535 FULTON AVENUE,10457,3,15,32,79,16,2092128,M,,,,,,,,,,,,,,,,,,,,,,,,,,,,,,,,,,,,,,,,,,,,,,,,,,,,,,,,,,,,,,,,,,,,,,,,,,,,,,,,,,,,,,,,,,,,,,,,,,,,,,,,,,,,,,,,,,,,,,,,,,,,,,
PACT DEVELOPMENTS DIRECTORY as of 01/01/2025,BRONX,188,334,11/28/2023,10,2029280028,1,1545 FULTON AVENUE,10457,3,15,32,79,16,2092128,M,,,,,,,,,,,,,,,,,,,,,,,,,,,,,,,,,,,,,,,,,,,,,,,,,,,,,,,,,,,,,,,,,,,,,,,,,,,,,,,,,,,,,,,,,,,,,,,,,,,,,,,,,,,,,,,,,,,,,,,,,,,,,,
PACT DEVELOPMENTS DIRECTORY as of 01/01/2025,BRONX,188,334,11/28/2023,10,2029280028,1,560 CLAREMONT PARKWAY,10457,3,15,32,79,16,2092128,M,,,,,,,,,,,,,,,,,,,,,,,,,,,,,,,,,,,,,,,,,,,,,,,,,,,,,,,,,,,,,,,,,,,,,,,,,,,,,,,,,,,,,,,,,,,,,,,,,,,,,,,,,,,,,,,,,,,,,,,,,,,,,,
PACT DEVELOPMENTS DIRECTORY as of 01/01/2025,BRONX,188,334,11/28/2023,10,2029280028,1,550 CLAREMONT PARKWAY,10457,3,15,32,79,16,2092128,M,,,,,,,,,,,,,,,,,,,,,,,,,,,,,,,,,,,,,,,,,,,,,,,,,,,,,,,,,,,,,,,,,,,,,,,,,,,,,,,,,,,,,,,,,,,,,,,,,,,,,,,,,,,,,,,,,,,,,,,,,,,,,,
PACT DEVELOPMENTS DIRECTORY as of 01/01/2025,BRONX,188,334,11/28/2023,10,2029280028,1,544 CLAREMONT PARKWAY,10457,3,15,32,79,16,2092128,M,,,,,,,,,,,,,,,,,,,,,,,,,,,,,,,,,,,,,,,,,,,,,,,,,,,,,,,,,,,,,,,,,,,,,,,,,,,,,,,,,,,,,,,,,,,,,,,,,,,,,,,,,,,,,,,,,,,,,,,,,,,,,,
PACT DEVELOPMENTS DIRECTORY as of 01/01/2025,BRONX,188,334,11/28/2023,10,2029280028,2,3820 3RD AVENUE,10457,3,15,32,79,16,2092127,M,,,,,,,,,,,,,,,,,,,,,,,,,,,,,,,,,,,,,,,,,,,,,,,,,,,,,,,,,,,,,,,,,,,,,,,,,,,,,,,,,,,,,,,,,,,,,,,,,,,,,,,,,,,,,,,,,,,,,,,,,,,,,,
PACT DEVELOPMENTS DIRECTORY as of 01/01/2025,BRONX,188,334,11/28/2023,10,2029280028,2,3812 3RD AVENUE,10457,3,15,32,79,16,2092127,M,,,,,,,,,,,,,,,,,,,,,,,,,,,,,,,,,,,,,,,,,,,,,,,,,,,,,,,,,,,,,,,,,,,,,,,,,,,,,,,,,,,,,,,,,,,,,,,,,,,,,,,,,,,,,,,,,,,,,,,,,,,,,,
PACT DEVELOPMENTS DIRECTORY as of 01/01/2025,BRONX,188,334,11/28/2023,10,2029280028,2,3808 3RD AVENUE,10457,3,15,32,79,16,2092127,M,,,,,,,,,,,,,,,,,,,,,,,,,,,,,,,,,,,,,,,,,,,,,,,,,,,,,,,,,,,,,,,,,,,,,,,,,,,,,,,,,,,,,,,,,,,,,,,,,,,,,,,,,,,,,,,,,,,,,,,,,,,,,,
PACT DEVELOPMENTS DIRECTORY as of 01/01/2025,BRONX,188,334,11/28/2023,10,2029280028,2,3804 3RD AVENUE,10457,3,15,32,79,16,2092127,M,,,,,,,,,,,,,,,,,,,,,,,,,,,,,,,,,,,,,,,,,,,,,,,,,,,,,,,,,,,,,,,,,,,,,,,,,,,,,,,,,,,,,,,,,,,,,,,,,,,,,,,,,,,,,,,,,,,,,,,,,,,,,,
PACT DEVELOPMENTS DIRECTORY as of 01/01/2025,BRONX,188,334,11/28/2023,10,2029280028,2,3800 3RD AVENUE,10457,3,15,32,79,16,2092127,M,,,,,,,,,,,,,,,,,,,,,,,,,,,,,,,,,,,,,,,,,,,,,,,,,,,,,,,,,,,,,,,,,,,,,,,,,,,,,,,,,,,,,,,,,,,,,,,,,,,,,,,,,,,,,,,,,,,,,,,,,,,,,,
PACT DEVELOPMENTS DIRECTORY as of 01/01/2025,BRONX,188,334,11/28/2023,10,2029310086,3,1325 FRANKLIN AVENUE,10456,3,15,32,79,16,2009713,M,,,,,,,,,,,,,,,,,,,,,,,,,,,,,,,,,,,,,,,,,,,,,,,,,,,,,,,,,,,,,,,,,,,,,,,,,,,,,,,,,,,,,,,,,,,,,,,,,,,,,,,,,,,,,,,,,,,,,,,,,,,,,,
PACT DEVELOPMENTS DIRECTORY as of 01/01/2025,BRONX,188,334,11/28/2023,10,2029310086,3,1315 FRANKLIN AVENUE,10456,3,15,32,79,16,2009713,,,,,,,,,,,,,,,,,,,,,,,,,,,,,,,,,,,,,,,,,,,,,,,,,,,,,,,,,,,,,,,,,,,,,,,,,,,,,,,,,,,,,,,,,,,,,,,,,,,,,,,,,,,,,,,,,,,,,,,,,,,,,,,
PACT DEVELOPMENTS DIRECTORY as of 01/01/2025,BRONX,188,334,11/28/2023,10,3013810013,1,1634 STERLING PLACE,11233,8,09,20,55,41,3036910,M,,,,,,,,,,,,,,,,,,,,,,,,,,,,,,,,,,,,,,,,,,,,,,,,,,,,,,,,,,,,,,,,,,,,,,,,,,,,,,,,,,,,,,,,,,,,,,,,,,,,,,,,,,,,,,,,,,,,,,,,,,,,,,
PACT DEVELOPMENTS DIRECTORY as of 01/01/2025,BRONX,188,334,11/28/2023,10,3013570068,2,1367 SAINT MARKS AVENUE,11233,8,08,20,55,41,3035983,M,,,,,,,,,,,,,,,,,,,,,,,,,,,,,,,,,,,,,,,,,,,,,,,,,,,,,,,,,,,,,,,,,,,,,,,,,,,,,,,,,,,,,,,,,,,,,,,,,,,,,,,,,,,,,,,,,,,,,,,,,,,,,,
PACT DEVELOPMENTS DIRECTORY as of 01/01/2025,BRONX,188,334,11/28/2023,10,3013570065,3,1371 SAINT MARKS AVENUE,11233,8,08,20,55,41,3035982,M,,,,,,,,,,,,,,,,,,,,,,,,,,,,,,,,,,,,,,,,,,,,,,,,,,,,,,,,,,,,,,,,,,,,,,,,,,,,,,,,,,,,,,,,,,,,,,,,,,,,,,,,,,,,,,,,,,,,,,,,,,,,,,
PACT DEVELOPMENTS DIRECTORY as of 01/01/2025,BRONX,188,334,11/28/2023,10,3013690058,4,1629 PARK PLACE,11233,8,09,20,55,41,3036364,M,,,,,,,,,,,,,,,,,,,,,,,,,,,,,,,,,,,,,,,,,,,,,,,,,,,,,,,,,,,,,,,,,,,,,,,,,,,,,,,,,,,,,,,,,,,,,,,,,,,,,,,,,,,,,,,,,,,,,,,,,,,,,,
PACT DEVELOPMENTS DIRECTORY as of 01/01/2025,BRONX,188,334,11/28/2023,10,3013750029,5,1630 PARK PLACE,11233,8,09,20,55,41,3036636,M,,,,,,,,,,,,,,,,,,,,,,,,,,,,,,,,,,,,,,,,,,,,,,,,,,,,,,,,,,,,,,,,,,,,,,,,,,,,,,,,,,,,,,,,,,,,,,,,,,,,,,,,,,,,,,,,,,,,,,,,,,,,,,
PACT DEVELOPMENTS DIRECTORY as of 01/01/2025,BRONX,188,334,11/28/2023,10,3013750031,6,1636 PARK PLACE,11233,8,09,20,55,41,3036637,M,,,,,,,,,,,,,,,,,,,,,,,,,,,,,,,,,,,,,,,,,,,,,,,,,,,,,,,,,,,,,,,,,,,,,,,,,,,,,,,,,,,,,,,,,,,,,,,,,,,,,,,,,,,,,,,,,,,,,,,,,,,,,,
PACT DEVELOPMENTS DIRECTORY as of 01/01/2025,BRONX,188,334,11/28/2023,10,3013750034,7,1640 PARK PLACE,11233,8,09,20,55,41,3036638,M,,,,,,,,,,,,,,,,,,,,,,,,,,,,,,,,,,,,,,,,,,,,,,,,,,,,,,,,,,,,,,,,,,,,,,,,,,,,,,,,,,,,,,,,,,,,,,,,,,,,,,,,,,,,,,,,,,,,,,,,,,,,,,
PACT DEVELOPMENTS DIRECTORY as of 01/01/2025,BRONX,188,334,11/28/2023,10,3013750036,8,1646 PARK PLACE,11233,8,09,20,55,41,3036639,M,,,,,,,,,,,,,,,,,,,,,,,,,,,,,,,,,,,,,,,,,,,,,,,,,,,,,,,,,,,,,,,,,,,,,,,,,,,,,,,,,,,,,,,,,,,,,,,,,,,,,,,,,,,,,,,,,,,,,,,,,,,,,,
PACT DEVELOPMENTS DIRECTORY as of 01/01/2025,BRONX,188,334,11/28/2023,10,2026800019,1,1150 UNION AVENUE,10459,3,15,32,79,17,2005038,M,,,,,,,,,,,,,,,,,,,,,,,,,,,,,,,,,,,,,,,,,,,,,,,,,,,,,,,,,,,,,,,,,,,,,,,,,,,,,,,,,,,,,,,,,,,,,,,,,,,,,,,,,,,,,,,,,,,,,,,,,,,,,,
PACT DEVELOPMENTS DIRECTORY as of 01/01/2025,BRONX,188,334,11/28/2023,10,2026800019,1,1152 UNION AVENUE,10459,3,15,32,79,17,2005038,,,,,,,,,,,,,,,,,,,,,,,,,,,,,,,,,,,,,,,,,,,,,,,,,,,,,,,,,,,,,,,,,,,,,,,,,,,,,,,,,,,,,,,,,,,,,,,,,,,,,,,,,,,,,,,,,,,,,,,,,,,,,,,
PACT DEVELOPMENTS DIRECTORY as of 01/01/2025,BRONX,188,334,11/28/2023,10,2026800019,1,1221 PROSPECT AVENUE,10459,3,15,32,79,17,2005038,,,,,,,,,,,,,,,,,,,,,,,,,,,,,,,,,,,,,,,,,,,,,,,,,,,,,,,,,,,,,,,,,,,,,,,,,,,,,,,,,,,,,,,,,,,,,,,,,,,,,,,,,,,,,,,,,,,,,,,,,,,,,,,
PACT DEVELOPMENTS DIRECTORY as of 01/01/2025,BRONX,188,334,11/28/2023,10,2026800019,1,818 HOME STREET,10459,3,15,32,79,17,2005038,M,,,,,,,,,,,,,,,,,,,,,,,,,,,,,,,,,,,,,,,,,,,,,,,,,,,,,,,,,,,,,,,,,,,,,,,,,,,,,,,,,,,,,,,,,,,,,,,,,,,,,,,,,,,,,,,,,,,,,,,,,,,,,,
PACT DEVELOPMENTS DIRECTORY as of 01/01/2025,BRONX,188,334,11/28/2023,10,2026200036,1,907 EAGLE AVENUE,10456,3,15,32,79,17,2004383,,,,,,,,,,,,,,,,,,,,,,,,,,,,,,,,,,,,,,,,,,,,,,,,,,,,,,,,,,,,,,,,,,,,,,,,,,,,,,,,,,,,,,,,,,,,,,,,,,,,,,,,,,,,,,,,,,,,,,,,,,,,,,,
PACT DEVELOPMENTS DIRECTORY as of 01/01/2025,BRONX,2,057,6/27/2023,11,2049050001,,1895 SCHIEFFELIN AVENUE,,12,16,36,83,12,,,,,,,,,,,,,,,,,,,,,,,,,,,,,,,,,,,,,,,,,,,,,,,,,,,,,,,,,,,,,,,,,,,,,,,,,,,,,,,,,,,,,,,,,,,,,,,,,,,,,,,,,,,,,,,,,,,,,,,,,,,,,,,,
PACT DEVELOPMENTS DIRECTORY as of 01/01/2025,BRONX,2,057,6/27/2023,11,2049050001,1,1180 GRENADA PLACE,10466,12,16,36,83,12,2093739,M,,,,,,,,,,,,,,,,,,,,,,,,,,,,,,,,,,,,,,,,,,,,,,,,,,,,,,,,,,,,,,,,,,,,,,,,,,,,,,,,,,,,,,,,,,,,,,,,,,,,,,,,,,,,,,,,,,,,,,,,,,,,,,
PACT DEVELOPMENTS DIRECTORY as of 01/01/2025,BRONX,2,057,6/27/2023,11,2049050001,1,1186 GRENADA PLACE,10466,12,16,36,83,12,2093739,M,,,,,,,,,,,,,,,,,,,,,,,,,,,,,,,,,,,,,,,,,,,,,,,,,,,,,,,,,,,,,,,,,,,,,,,,,,,,,,,,,,,,,,,,,,,,,,,,,,,,,,,,,,,,,,,,,,,,,,,,,,,,,,
PACT DEVELOPMENTS DIRECTORY as of 01/01/2025,BRONX,2,057,6/27/2023,11,2049050001,10,1166 GRENADA PLACE,10466,12,16,36,83,12,2094149,M,,,,,,,,,,,,,,,,,,,,,,,,,,,,,,,,,,,,,,,,,,,,,,,,,,,,,,,,,,,,,,,,,,,,,,,,,,,,,,,,,,,,,,,,,,,,,,,,,,,,,,,,,,,,,,,,,,,,,,,,,,,,,,
PACT DEVELOPMENTS DIRECTORY as of 01/01/2025,BRONX,2,057,6/27/2023,11,2049050001,10,1160 GRENADA PLACE,10466,12,16,36,83,12,2094149,M,,,,,,,,,,,,,,,,,,,,,,,,,,,,,,,,,,,,,,,,,,,,,,,,,,,,,,,,,,,,,,,,,,,,,,,,,,,,,,,,,,,,,,,,,,,,,,,,,,,,,,,,,,,,,,,,,,,,,,,,,,,,,,
PACT DEVELOPMENTS DIRECTORY as of 01/01/2025,BRONX,2,057,6/27/2023,11,2049050001,11,1137 229TH DRIVE NORTH,10466,12,16,36,83,12,2094143,M,,,,,,,,,,,,,,,,,,,,,,,,,,,,,,,,,,,,,,,,,,,,,,,,,,,,,,,,,,,,,,,,,,,,,,,,,,,,,,,,,,,,,,,,,,,,,,,,,,,,,,,,,,,,,,,,,,,,,,,,,,,,,,
PACT DEVELOPMENTS DIRECTORY as of 01/01/2025,BRONX,2,057,6/27/2023,11,2049050001,11,1139 229TH DRIVE NORTH,10466,12,16,36,83,12,2094143,M,,,,,,,,,,,,,,,,,,,,,,,,,,,,,,,,,,,,,,,,,,,,,,,,,,,,,,,,,,,,,,,,,,,,,,,,,,,,,,,,,,,,,,,,,,,,,,,,,,,,,,,,,,,,,,,,,,,,,,,,,,,,,,
PACT DEVELOPMENTS DIRECTORY as of 01/01/2025,BRONX,2,057,6/27/2023,11,2049050001,12,1125 229TH DRIVE NORTH,10466,12,16,36,83,12,2094148,M,,,,,,,,,,,,,,,,,,,,,,,,,,,,,,,,,,,,,,,,,,,,,,,,,,,,,,,,,,,,,,,,,,,,,,,,,,,,,,,,,,,,,,,,,,,,,,,,,,,,,,,,,,,,,,,,,,,,,,,,,,,,,,
PACT DEVELOPMENTS DIRECTORY as of 01/01/2025,BRONX,2,057,6/27/2023,11,2049050001,12,1127 229TH DRIVE NORTH,10466,12,16,36,83,12,2094148,M,,,,,,,,,,,,,,,,,,,,,,,,,,,,,,,,,,,,,,,,,,,,,,,,,,,,,,,,,,,,,,,,,,,,,,,,,,,,,,,,,,,,,,,,,,,,,,,,,,,,,,,,,,,,,,,,,,,,,,,,,,,,,,
PACT DEVELOPMENTS DIRECTORY as of 01/01/2025,BRONX,2,057,6/27/2023,11,2049050001,13,1107 EAST 229TH STREET,10466,12,16,36,83,12,2094146,M,,,,,,,,,,,,,,,,,,,,,,,,,,,,,,,,,,,,,,,,,,,,,,,,,,,,,,,,,,,,,,,,,,,,,,,,,,,,,,,,,,,,,,,,,,,,,,,,,,,,,,,,,,,,,,,,,,,,,,,,,,,,,,
PACT DEVELOPMENTS DIRECTORY as of 01/01/2025,BRONX,2,057,6/27/2023,11,2049050001,13,1111 EAST 229TH STREET,10466,12,16,36,83,12,2094146,M,,,,,,,,,,,,,,,,,,,,,,,,,,,,,,,,,,,,,,,,,,,,,,,,,,,,,,,,,,,,,,,,,,,,,,,,,,,,,,,,,,,,,,,,,,,,,,,,,,,,,,,,,,,,,,,,,,,,,,,,,,,,,,
PACT DEVELOPMENTS DIRECTORY as of 01/01/2025,BRONX,2,057,6/27/2023,11,2049050001,14,1135 EAST 229TH STREET,10466,12,16,36,83,12,2094147,M,,,,,,,,,,,,,,,,,,,,,,,,,,,,,,,,,,,,,,,,,,,,,,,,,,,,,,,,,,,,,,,,,,,,,,,,,,,,,,,,,,,,,,,,,,,,,,,,,,,,,,,,,,,,,,,,,,,,,,,,,,,,,,
PACT DEVELOPMENTS DIRECTORY as of 01/01/2025,BRONX,2,057,6/27/2023,11,2049050001,14,1126 229TH DRIVE NORTH,10466,12,16,36,83,12,2094147,,,,,,,,,,,,,,,,,,,,,,,,,,,,,,,,,,,,,,,,,,,,,,,,,,,,,,,,,,,,,,,,,,,,,,,,,,,,,,,,,,,,,,,,,,,,,,,,,,,,,,,,,,,,,,,,,,,,,,,,,,,,,,,
PACT DEVELOPMENTS DIRECTORY as of 01/01/2025,BRONX,2,057,6/27/2023,11,2049050001,15,1141 EAST 229TH STREET,10466,12,16,36,83,12,2094151,M,,,,,,,,,,,,,,,,,,,,,,,,,,,,,,,,,,,,,,,,,,,,,,,,,,,,,,,,,,,,,,,,,,,,,,,,,,,,,,,,,,,,,,,,,,,,,,,,,,,,,,,,,,,,,,,,,,,,,,,,,,,,,,
PACT DEVELOPMENTS DIRECTORY as of 01/01/2025,BRONX,2,057,6/27/2023,11,2049050001,16,1145 EAST 229TH STREET,10466,12,16,36,83,12,2094152,,,,,,,,,,,,,,,,,,,,,,,,,,,,,,,,,,,,,,,,,,,,,,,,,,,,,,,,,,,,,,,,,,,,,,,,,,,,,,,,,,,,,,,,,,,,,,,,,,,,,,,,,,,,,,,,,,,,,,,,,,,,,,,
PACT DEVELOPMENTS DIRECTORY as of 01/01/2025,BRONX,2,057,6/27/2023,11,2049050001,16,1151 EAST 229TH STREET,10466,12,16,36,83,12,2094152,M,,,,,,,,,,,,,,,,,,,,,,,,,,,,,,,,,,,,,,,,,,,,,,,,,,,,,,,,,,,,,,,,,,,,,,,,,,,,,,,,,,,,,,,,,,,,,,,,,,,,,,,,,,,,,,,,,,,,,,,,,,,,,,
PACT DEVELOPMENTS DIRECTORY as of 01/01/2025,BRONX,2,057,6/27/2023,11,2049050001,16,1146 229TH DRIVE NORTH,10466,12,16,36,83,12,2094152,,,,,,,,,,,,,,,,,,,,,,,,,,,,,,,,,,,,,,,,,,,,,,,,,,,,,,,,,,,,,,,,,,,,,,,,,,,,,,,,,,,,,,,,,,,,,,,,,,,,,,,,,,,,,,,,,,,,,,,,,,,,,,,
PACT DEVELOPMENTS DIRECTORY as of 01/01/2025,BRONX,2,057,6/27/2023,11,2049050001,17,1165 EAST 229TH STREET,10466,12,16,36,83,12,2094153,M,,,,,,,,,,,,,,,,,,,,,,,,,,,,,,,,,,,,,,,,,,,,,,,,,,,,,,,,,,,,,,,,,,,,,,,,,,,,,,,,,,,,,,,,,,,,,,,,,,,,,,,,,,,,,,,,,,,,,,,,,,,,,,
PACT DEVELOPMENTS DIRECTORY as of 01/01/2025,BRONX,2,057,6/27/2023,11,2049050001,18,1175 EAST 229TH STREET,10466,12,16,36,83,12,2094154,M,,,,,,,,,,,,,,,,,,,,,,,,,,,,,,,,,,,,,,,,,,,,,,,,,,,,,,,,,,,,,,,,,,,,,,,,,,,,,,,,,,,,,,,,,,,,,,,,,,,,,,,,,,,,,,,,,,,,,,,,,,,,,,
PACT DEVELOPMENTS DIRECTORY as of 01/01/2025,BRONX,2,057,6/27/2023,11,2049050001,19,1189 229TH DRIVE NORTH,10466,12,16,36,83,12,2094155,M,,,,,,,,,,,,,,,,,,,,,,,,,,,,,,,,,,,,,,,,,,,,,,,,,,,,,,,,,,,,,,,,,,,,,,,,,,,,,,,,,,,,,,,,,,,,,,,,,,,,,,,,,,,,,,,,,,,,,,,,,,,,,,
PACT DEVELOPMENTS DIRECTORY as of 01/01/2025,BRONX,2,057,6/27/2023,11,2049050001,19,1195 EAST 229TH STREET,10466,12,16,36,83,12,2094155,M,,,,,,,,,,,,,,,,,,,,,,,,,,,,,,,,,,,,,,,,,,,,,,,,,,,,,,,,,,,,,,,,,,,,,,,,,,,,,,,,,,,,,,,,,,,,,,,,,,,,,,,,,,,,,,,,,,,,,,,,,,,,,,
PACT DEVELOPMENTS DIRECTORY as of 01/01/2025,BRONX,2,057,6/27/2023,11,2049050001,2,3881 BAYCHESTER AVENUE,10466,12,16,36,83,12,2094142,M,,,,,,,,,,,,,,,,,,,,,,,,,,,,,,,,,,,,,,,,,,,,,,,,,,,,,,,,,,,,,,,,,,,,,,,,,,,,,,,,,,,,,,,,,,,,,,,,,,,,,,,,,,,,,,,,,,,,,,,,,,,,,,
PACT DEVELOPMENTS DIRECTORY as of 01/01/2025,BRONX,2,057,6/27/2023,11,2049050001,2,3885 BAYCHESTER AVENUE,10466,12,16,36,83,12,2094142,M,,,,,,,,,,,,,,,,,,,,,,,,,,,,,,,,,,,,,,,,,,,,,,,,,,,,,,,,,,,,,,,,,,,,,,,,,,,,,,,,,,,,,,,,,,,,,,,,,,,,,,,,,,,,,,,,,,,,,,,,,,,,,,
PACT DEVELOPMENTS DIRECTORY as of 01/01/2025,BRONX,2,057,6/27/2023,11,2049050001,20,1170 229TH DRIVE SOUTH,10466,12,16,36,83,12,2094150,M,,,,,,,,,,,,,,,,,,,,,,,,,,,,,,,,,,,,,,,,,,,,,,,,,,,,,,,,,,,,,,,,,,,,,,,,,,,,,,,,,,,,,,,,,,,,,,,,,,,,,,,,,,,,,,,,,,,,,,,,,,,,,,
PACT DEVELOPMENTS DIRECTORY as of 01/01/2025,BRONX,2,057,6/27/2023,11,2049050001,21,1135 229TH DRIVE SOUTH,10466,12,16,36,83,12,2094157,,,,,,,,,,,,,,,,,,,,,,,,,,,,,,,,,,,,,,,,,,,,,,,,,,,,,,,,,,,,,,,,,,,,,,,,,,,,,,,,,,,,,,,,,,,,,,,,,,,,,,,,,,,,,,,,,,,,,,,,,,,,,,,
PACT DEVELOPMENTS DIRECTORY as of 01/01/2025,BRONX,2,057,6/27/2023,11,2049050001,21,1153 229TH DRIVE SOUTH,10466,12,16,36,83,12,2094157,M,,,,,,,,,,,,,,,,,,,,,,,,,,,,,,,,,,,,,,,,,,,,,,,,,,,,,,,,,,,,,,,,,,,,,,,,,,,,,,,,,,,,,,,,,,,,,,,,,,,,,,,,,,,,,,,,,,,,,,,,,,,,,,
PACT DEVELOPMENTS DIRECTORY as of 01/01/2025,BRONX,2,057,6/27/2023,11,2049050001,21,1155 229TH DRIVE SOUTH,10466,12,16,36,83,12,2094157,M,,,,,,,,,,,,,,,,,,,,,,,,,,,,,,,,,,,,,,,,,,,,,,,,,,,,,,,,,,,,,,,,,,,,,,,,,,,,,,,,,,,,,,,,,,,,,,,,,,,,,,,,,,,,,,,,,,,,,,,,,,,,,,
PACT DEVELOPMENTS DIRECTORY as of 01/01/2025,BRONX,2,057,6/27/2023,11,2049050001,22,1130 229TH DRIVE SOUTH,10466,12,16,36,83,12,2094156,,,,,,,,,,,,,,,,,,,,,,,,,,,,,,,,,,,,,,,,,,,,,,,,,,,,,,,,,,,,,,,,,,,,,,,,,,,,,,,,,,,,,,,,,,,,,,,,,,,,,,,,,,,,,,,,,,,,,,,,,,,,,,,
PACT DEVELOPMENTS DIRECTORY as of 01/01/2025,BRONX,2,057,6/27/2023,11,2049050001,22,1132 229TH DRIVE SOUTH,10466,12,16,36,83,12,2094156,M,,,,,,,,,,,,,,,,,,,,,,,,,,,,,,,,,,,,,,,,,,,,,,,,,,,,,,,,,,,,,,,,,,,,,,,,,,,,,,,,,,,,,,,,,,,,,,,,,,,,,,,,,,,,,,,,,,,,,,,,,,,,,,
PACT DEVELOPMENTS DIRECTORY as of 01/01/2025,BRONX,2,057,6/27/2023,11,2049050001,23,1128 EAST 229TH STREET,10466,12,16,36,83,12,2094158,M,,,,,,,,,,,,,,,,,,,,,,,,,,,,,,,,,,,,,,,,,,,,,,,,,,,,,,,,,,,,,,,,,,,,,,,,,,,,,,,,,,,,,,,,,,,,,,,,,,,,,,,,,,,,,,,,,,,,,,,,,,,,,,
PACT DEVELOPMENTS DIRECTORY as of 01/01/2025,BRONX,2,057,6/27/2023,11,2049050001,23,1120 EAST 229TH STREET,10466,12,16,36,83,12,2094158,M,,,,,,,,,,,,,,,,,,,,,,,,,,,,,,,,,,,,,,,,,,,,,,,,,,,,,,,,,,,,,,,,,,,,,,,,,,,,,,,,,,,,,,,,,,,,,,,,,,,,,,,,,,,,,,,,,,,,,,,,,,,,,,
PACT DEVELOPMENTS DIRECTORY as of 01/01/2025,BRONX,2,057,6/27/2023,11,2049050001,24,4044 LACONIA AVENUE,10466,12,16,36,83,12,2094161,M,,,,,,,,,,,,,,,,,,,,,,,,,,,,,,,,,,,,,,,,,,,,,,,,,,,,,,,,,,,,,,,,,,,,,,,,,,,,,,,,,,,,,,,,,,,,,,,,,,,,,,,,,,,,,,,,,,,,,,,,,,,,,,
PACT DEVELOPMENTS DIRECTORY as of 01/01/2025,BRONX,2,057,6/27/2023,11,2049050001,24,4040 LACONIA AVENUE,10466,12,16,36,83,12,2094161,M,,,,,,,,,,,,,,,,,,,,,,,,,,,,,,,,,,,,,,,,,,,,,,,,,,,,,,,,,,,,,,,,,,,,,,,,,,,,,,,,,,,,,,,,,,,,,,,,,,,,,,,,,,,,,,,,,,,,,,,,,,,,,,
PACT DEVELOPMENTS DIRECTORY as of 01/01/2025,BRONX,2,057,6/27/2023,11,2049050001,25,4056 LACONIA AVENUE,10466,12,16,36,83,12,2094162,M,,,,,,,,,,,,,,,,,,,,,,,,,,,,,,,,,,,,,,,,,,,,,,,,,,,,,,,,,,,,,,,,,,,,,,,,,,,,,,,,,,,,,,,,,,,,,,,,,,,,,,,,,,,,,,,,,,,,,,,,,,,,,,
PACT DEVELOPMENTS DIRECTORY as of 01/01/2025,BRONX,2,057,6/27/2023,11,2049050001,25,4064 LACONIA AVENUE,10466,12,16,36,83,12,2094162,M,,,,,,,,,,,,,,,,,,,,,,,,,,,,,,,,,,,,,,,,,,,,,,,,,,,,,,,,,,,,,,,,,,,,,,,,,,,,,,,,,,,,,,,,,,,,,,,,,,,,,,,,,,,,,,,,,,,,,,,,,,,,,,
PACT DEVELOPMENTS DIRECTORY as of 01/01/2025,BRONX,2,057,6/27/2023,11,2049050001,26,4020 LACONIA AVENUE,10466,12,16,36,83,12,2094159,M,,,,,,,,,,,,,,,,,,,,,,,,,,,,,,,,,,,,,,,,,,,,,,,,,,,,,,,,,,,,,,,,,,,,,,,,,,,,,,,,,,,,,,,,,,,,,,,,,,,,,,,,,,,,,,,,,,,,,,,,,,,,,,
PACT DEVELOPMENTS DIRECTORY as of 01/01/2025,BRONX,2,057,6/27/2023,11,2049050001,26,4024 LACONIA AVENUE,10466,12,16,36,83,12,2094159,M,,,,,,,,,,,,,,,,,,,,,,,,,,,,,,,,,,,,,,,,,,,,,,,,,,,,,,,,,,,,,,,,,,,,,,,,,,,,,,,,,,,,,,,,,,,,,,,,,,,,,,,,,,,,,,,,,,,,,,,,,,,,,,
PACT DEVELOPMENTS DIRECTORY as of 01/01/2025,BRONX,2,057,6/27/2023,11,2049050001,27,4034 LACONIA AVENUE,10466,12,16,36,83,12,2094160,M,,,,,,,,,,,,,,,,,,,,,,,,,,,,,,,,,,,,,,,,,,,,,,,,,,,,,,,,,,,,,,,,,,,,,,,,,,,,,,,,,,,,,,,,,,,,,,,,,,,,,,,,,,,,,,,,,,,,,,,,,,,,,,
PACT DEVELOPMENTS DIRECTORY as of 01/01/2025,BRONX,2,057,6/27/2023,11,2049050001,27,4030 LACONIA AVENUE,10466,12,16,36,83,12,2094160,M,,,,,,,,,,,,,,,,,,,,,,,,,,,,,,,,,,,,,,,,,,,,,,,,,,,,,,,,,,,,,,,,,,,,,,,,,,,,,,,,,,,,,,,,,,,,,,,,,,,,,,,,,,,,,,,,,,,,,,,,,,,,,,
PACT DEVELOPMENTS DIRECTORY as of 01/01/2025,BRONX,2,057,6/27/2023,11,2049050001,28,1138 229TH DRIVE SOUTH,10466,12,16,36,83,12,2097991,M,,,,,,,,,,,,,,,,,,,,,,,,,,,,,,,,,,,,,,,,,,,,,,,,,,,,,,,,,,,,,,,,,,,,,,,,,,,,,,,,,,,,,,,,,,,,,,,,,,,,,,,,,,,,,,,,,,,,,,,,,,,,,,
PACT DEVELOPMENTS DIRECTORY as of 01/01/2025,BRONX,2,057,6/27/2023,11,2049050001,29,1154 229TH DRIVE SOUTH,10466,12,16,36,83,12,2094168,M,,,,,,,,,,,,,,,,,,,,,,,,,,,,,,,,,,,,,,,,,,,,,,,,,,,,,,,,,,,,,,,,,,,,,,,,,,,,,,,,,,,,,,,,,,,,,,,,,,,,,,,,,,,,,,,,,,,,,,,,,,,,,,
PACT DEVELOPMENTS DIRECTORY as of 01/01/2025,BRONX,2,057,6/27/2023,11,2049050001,3,3861 BAYCHESTER AVENUE,10466,12,16,36,83,12,2094141,M,,,,,,,,,,,,,,,,,,,,,,,,,,,,,,,,,,,,,,,,,,,,,,,,,,,,,,,,,,,,,,,,,,,,,,,,,,,,,,,,,,,,,,,,,,,,,,,,,,,,,,,,,,,,,,,,,,,,,,,,,,,,,,
PACT DEVELOPMENTS DIRECTORY as of 01/01/2025,BRONX,2,057,6/27/2023,11,2049050001,3,3865 BAYCHESTER AVENUE,10466,12,16,36,83,12,2094141,M,,,,,,,,,,,,,,,,,,,,,,,,,,,,,,,,,,,,,,,,,,,,,,,,,,,,,,,,,,,,,,,,,,,,,,,,,,,,,,,,,,,,,,,,,,,,,,,,,,,,,,,,,,,,,,,,,,,,,,,,,,,,,,
PACT DEVELOPMENTS DIRECTORY as of 01/01/2025,BRONX,2,057,6/27/2023,11,2049050001,30,1160 229TH DRIVE SOUTH,10466,12,16,36,83,12,2094169,M,,,,,,,,,,,,,,,,,,,,,,,,,,,,,,,,,,,,,,,,,,,,,,,,,,,,,,,,,,,,,,,,,,,,,,,,,,,,,,,,,,,,,,,,,,,,,,,,,,,,,,,,,,,,,,,,,,,,,,,,,,,,,,
PACT DEVELOPMENTS DIRECTORY as of 01/01/2025,BRONX,2,057,6/27/2023,11,2049050001,31,1187 226TH DRIVE,10466,12,16,36,83,12,2094166,M,,,,,,,,,,,,,,,,,,,,,,,,,,,,,,,,,,,,,,,,,,,,,,,,,,,,,,,,,,,,,,,,,,,,,,,,,,,,,,,,,,,,,,,,,,,,,,,,,,,,,,,,,,,,,,,,,,,,,,,,,,,,,,
PACT DEVELOPMENTS DIRECTORY as of 01/01/2025,BRONX,2,057,6/27/2023,11,2049050001,31,1183 226TH DRIVE,10466,12,16,36,83,12,2094166,M,,,,,,,,,,,,,,,,,,,,,,,,,,,,,,,,,,,,,,,,,,,,,,,,,,,,,,,,,,,,,,,,,,,,,,,,,,,,,,,,,,,,,,,,,,,,,,,,,,,,,,,,,,,,,,,,,,,,,,,,,,,,,,
PACT DEVELOPMENTS DIRECTORY as of 01/01/2025,BRONX,2,057,6/27/2023,11,2049050001,32,1169 226TH DRIVE,10466,12,16,36,83,12,2094165,M,,,,,,,,,,,,,,,,,,,,,,,,,,,,,,,,,,,,,,,,,,,,,,,,,,,,,,,,,,,,,,,,,,,,,,,,,,,,,,,,,,,,,,,,,,,,,,,,,,,,,,,,,,,,,,,,,,,,,,,,,,,,,,
PACT DEVELOPMENTS DIRECTORY as of 01/01/2025,BRONX,2,057,6/27/2023,11,2049050001,32,1165 226TH DRIVE,10466,12,16,36,83,12,2094165,M,,,,,,,,,,,,,,,,,,,,,,,,,,,,,,,,,,,,,,,,,,,,,,,,,,,,,,,,,,,,,,,,,,,,,,,,,,,,,,,,,,,,,,,,,,,,,,,,,,,,,,,,,,,,,,,,,,,,,,,,,,,,,,
PACT DEVELOPMENTS DIRECTORY as of 01/01/2025,BRONX,2,057,6/27/2023,11,2049050001,33,1151 226TH DRIVE,10466,12,16,36,83,12,2094164,,,,,,,,,,,,,,,,,,,,,,,,,,,,,,,,,,,,,,,,,,,,,,,,,,,,,,,,,,,,,,,,,,,,,,,,,,,,,,,,,,,,,,,,,,,,,,,,,,,,,,,,,,,,,,,,,,,,,,,,,,,,,,,
PACT DEVELOPMENTS DIRECTORY as of 01/01/2025,BRONX,2,057,6/27/2023,11,2049050001,33,1145 226TH DRIVE,10466,12,16,36,83,12,2094164,M,,,,,,,,,,,,,,,,,,,,,,,,,,,,,,,,,,,,,,,,,,,,,,,,,,,,,,,,,,,,,,,,,,,,,,,,,,,,,,,,,,,,,,,,,,,,,,,,,,,,,,,,,,,,,,,,,,,,,,,,,,,,,,
PACT DEVELOPMENTS DIRECTORY as of 01/01/2025,BROOKLYN,36,205,11/28/2023,12,,,,,,,,,,,M,,12,,,,,,,36,,,,,,,,,,,,,,,,,,,,,,,,,,,,,,,,,,,,,,,,,,,,,,,,,,,,,,,,2049050001,34,1131 226TH DRIVE,10466,16,83,2094163,,,,,,,,,,,,,,,,,,,,,,,,,,,,,,,,,,,,,,,,,,,,,,,,,,,,,,,
PACT DEVELOPMENTS DIRECTORY as of 01/01/2025,BROOKLYN,36,205,11/28/2023,12,,,,,,,,,,,M,,12,,,,,,,36,,,,,,,,,,,,,,,,,,,,,,,,,,,,,,,,,,,,,,,,,,,,,,,,,,,,,,,,2049050001,34,1135 226TH DRIVE,10466,16,83,2094163,,,,,,,,,,,,,,,,,,,,,,,,,,,,,,,,,,,,,,,,,,,,,,,,,,,,,,,
PACT DEVELOPMENTS DIRECTORY as of 01/01/2025,BROOKLYN,36,205,11/28/2023,12,,,,,,,,,,,M,,12,,,,,,,36,,,,,,,,,,,,,,,,,,,,,,,,,,,,,,,,,,,,,,,,,,,,,,,,,,,,,,,,2049050001,35,4000 LACONIA AVENUE,10466,16,83,2094171,,,,,,,,,,,,,,,,,,,,,,,,,,,,,,,,,,,,,,,,,,,,,,,,,,,,,,,
PACT DEVELOPMENTS DIRECTORY as of 01/01/2025,BROOKLYN,36,205,11/28/2023,12,,,,,,,,,,,M,,12,,,,,,,36,,,,,,,,,,,,,,,,,,,,,,,,,,,,,,,,,,,,,,,,,,,,,,,,,,,,,,,,2049050001,35,4010 LACONIA AVENUE,10466,16,83,2094171,,,,,,,,,,,,,,,,,,,,,,,,,,,,,,,,,,,,,,,,,,,,,,,,,,,,,,,
PACT DEVELOPMENTS DIRECTORY as of 01/01/2025,BROOKLYN,36,205,11/28/2023,12,,,,,,,,,,,M,,12,,,,,,,36,,,,,,,,,,,,,,,,,,,,,,,,,,,,,,,,,,,,,,,,,,,,,,,,,,,,,,,,2049050001,36,1115 EAST 225TH STREET,10466,16,83,2094172,,,,,,,,,,,,,,,,,,,,,,,,,,,,,,,,,,,,,,,,,,,,,,,,,,,,,,,
PACT DEVELOPMENTS DIRECTORY as of 01/01/2025,BROOKLYN,36,205,11/28/2023,12,,,,,,,,,,,M,,12,,,,,,,36,,,,,,,,,,,,,,,,,,,,,,,,,,,,,,,,,,,,,,,,,,,,,,,,,,,,,,,,2049050001,36,1121 EAST 225TH STREET,10466,16,83,2094172,,,,,,,,,,,,,,,,,,,,,,,,,,,,,,,,,,,,,,,,,,,,,,,,,,,,,,,
PACT DEVELOPMENTS DIRECTORY as of 01/01/2025,BROOKLYN,36,205,11/28/2023,12,,,,,,,,,,,M,,12,,,,,,,36,,,,,,,,,,,,,,,,,,,,,,,,,,,,,,,,,,,,,,,,,,,,,,,,,,,,,,,,2049050001,37,1138 226TH DRIVE,10466,16,83,2094173,,,,,,,,,,,,,,,,,,,,,,,,,,,,,,,,,,,,,,,,,,,,,,,,,,,,,,,
PACT DEVELOPMENTS DIRECTORY as of 01/01/2025,BROOKLYN,36,205,11/28/2023,12,,,,,,,,,,,M,,12,,,,,,,36,,,,,,,,,,,,,,,,,,,,,,,,,,,,,,,,,,,,,,,,,,,,,,,,,,,,,,,,2049050001,37,1130 226TH DRIVE,10466,16,83,2094173,,,,,,,,,,,,,,,,,,,,,,,,,,,,,,,,,,,,,,,,,,,,,,,,,,,,,,,
PACT DEVELOPMENTS DIRECTORY as of 01/01/2025,BROOKLYN,36,205,11/28/2023,12,,,,,,,,,,,M,,12,,,,,,,36,,,,,,,,,,,,,,,,,,,,,,,,,,,,,,,,,,,,,,,,,,,,,,,,,,,,,,,,2049050001,38,1155 EAST 225TH STREET,10466,16,83,2094176,,,,,,,,,,,,,,,,,,,,,,,,,,,,,,,,,,,,,,,,,,,,,,,,,,,,,,,
PACT DEVELOPMENTS DIRECTORY as of 01/01/2025,BROOKLYN,36,205,11/28/2023,12,,,,,,,,,,,M,,12,,,,,,,36,,,,,,,,,,,,,,,,,,,,,,,,,,,,,,,,,,,,,,,,,,,,,,,,,,,,,,,,2049050001,38,1161 EAST 225TH STREET,10466,16,83,2094176,,,,,,,,,,,,,,,,,,,,,,,,,,,,,,,,,,,,,,,,,,,,,,,,,,,,,,,
PACT DEVELOPMENTS DIRECTORY as of 01/01/2025,BROOKLYN,36,205,11/28/2023,12,,,,,,,,,,,M,,12,,,,,,,36,,,,,,,,,,,,,,,,,,,,,,,,,,,,,,,,,,,,,,,,,,,,,,,,,,,,,,,,2049050001,39,1181 EAST 225TH STREET,10466,16,83,2094177,,,,,,,,,,,,,,,,,,,,,,,,,,,,,,,,,,,,,,,,,,,,,,,,,,,,,,,
PACT DEVELOPMENTS DIRECTORY as of 01/01/2025,BROOKLYN,36,205,11/28/2023,12,,,,,,,,,,,M,,12,,,,,,,36,,,,,,,,,,,,,,,,,,,,,,,,,,,,,,,,,,,,,,,,,,,,,,,,,,,,,,,,2049050001,39,1175 EAST 225TH STREET,10466,16,83,2094177,,,,,,,,,,,,,,,,,,,,,,,,,,,,,,,,,,,,,,,,,,,,,,,,,,,,,,,
PACT DEVELOPMENTS DIRECTORY as of 01/01/2025,BROOKLYN,36,205,11/28/2023,12,,,,,,,,,,,M,,12,,,,,,,36,,,,,,,,,,,,,,,,,,,,,,,,,,,,,,,,,,,,,,,,,,,,,,,,,,,,,,,,2049050001,4,3841 BAYCHESTER AVENUE,10466,16,83,2094140,,,,,,,,,,,,,,,,,,,,,,,,,,,,,,,,,,,,,,,,,,,,,,,,,,,,,,,
PACT DEVELOPMENTS DIRECTORY as of 01/01/2025,BROOKLYN,36,205,11/28/2023,12,,,,,,,,,,,M,,12,,,,,,,36,,,,,,,,,,,,,,,,,,,,,,,,,,,,,,,,,,,,,,,,,,,,,,,,,,,,,,,,2049050001,4,3845 BAYCHESTER AVENUE,10466,16,83,2094140,,,,,,,,,,,,,,,,,,,,,,,,,,,,,,,,,,,,,,,,,,,,,,,,,,,,,,,
PACT DEVELOPMENTS DIRECTORY as of 01/01/2025,BROOKLYN,36,205,11/28/2023,12,,,,,,,,,,,M,,12,,,,,,,36,,,,,,,,,,,,,,,,,,,,,,,,,,,,,,,,,,,,,,,,,,,,,,,,,,,,,,,,2049050001,40,1195 EAST 225TH STREET,10466,16,83,2094174,,,,,,,,,,,,,,,,,,,,,,,,,,,,,,,,,,,,,,,,,,,,,,,,,,,,,,,
PACT DEVELOPMENTS DIRECTORY as of 01/01/2025,BROOKLYN,36,205,11/28/2023,12,,,,,,,,,,,M,,12,,,,,,,36,,,,,,,,,,,,,,,,,,,,,,,,,,,,,,,,,,,,,,,,,,,,,,,,,,,,,,,,2049050001,40,1855 SCHIEFFELIN AVENUE,10466,16,83,2094174,,,,,,,,,,,,,,,,,,,,,,,,,,,,,,,,,,,,,,,,,,,,,,,,,,,,,,,
PACT DEVELOPMENTS DIRECTORY as of 01/01/2025,BROOKLYN,36,205,11/28/2023,12,,,,,,,,,,,,,12,,,,,,,36,,,,,,,,,,,,,,,,,,,,,,,,,,,,,,,,,,,,,,,,,,,,,,,,,,,,,,,,2049050001,41,1140 EAST 229TH STREET,10466,16,83,2094178,,,,,,,,,,,,,,,,,,,,,,,,,,,,,,,,,,,,,,,,,,,,,,,,,,,,,,,
PACT DEVELOPMENTS DIRECTORY as of 01/01/2025,BROOKLYN,36,205,11/28/2023,12,,,,,,,,,,,,,12,,,,,,,36,,,,,,,,,,,,,,,,,,,,,,,,,,,,,,,,,,,,,,,,,,,,,,,,,,,,,,,,2049050001,41,1150 EAST 229TH STREET,10466,16,83,2094178,,,,,,,,,,,,,,,,,,,,,,,,,,,,,,,,,,,,,,,,,,,,,,,,,,,,,,,
PACT DEVELOPMENTS DIRECTORY as of 01/01/2025,BROOKLYN,36,205,11/28/2023,12,,,,,,,,,,,,,12,,,,,,,36,,,,,,,,,,,,,,,,,,,,,,,,,,,,,,,,,,,,,,,,,,,,,,,,,,,,,,,,2049050001,42,1149GAR 229TH DRIVE NORTH,10466,16,83,2112989,,,,,,,,,,,,,,,,,,,,,,,,,,,,,,,,,,,,,,,,,,,,,,,,,,,,,,,
PACT DEVELOPMENTS DIRECTORY as of 01/01/2025,BROOKLYN,36,205,11/28/2023,12,,,,,,,,,,,M,,12,,,,,,,36,,,,,,,,,,,,,,,,,,,,,,,,,,,,,,,,,,,,,,,,,,,,,,,,,,,,,,,,2049050001,5,1981 SCHIEFFELIN AVENUE,10466,16,83,2094138,,,,,,,,,,,,,,,,,,,,,,,,,,,,,,,,,,,,,,,,,,,,,,,,,,,,,,,
PACT DEVELOPMENTS DIRECTORY as of 01/01/2025,BROOKLYN,36,205,11/28/2023,12,,,,,,,,,,,M,,12,,,,,,,36,,,,,,,,,,,,,,,,,,,,,,,,,,,,,,,,,,,,,,,,,,,,,,,,,,,,,,,,2049050001,5,1985 SCHIEFFELIN AVENUE,10466,16,83,2094138,,,,,,,,,,,,,,,,,,,,,,,,,,,,,,,,,,,,,,,,,,,,,,,,,,,,,,,
PACT DEVELOPMENTS DIRECTORY as of 01/01/2025,BROOKLYN,36,205,11/28/2023,12,,,,,,,,,,,M,,12,,,,,,,36,,,,,,,,,,,,,,,,,,,,,,,,,,,,,,,,,,,,,,,,,,,,,,,,,,,,,,,,2049050001,6,1961 SCHIEFFELIN AVENUE,10466,16,83,2094137,,,,,,,,,,,,,,,,,,,,,,,,,,,,,,,,,,,,,,,,,,,,,,,,,,,,,,,
PACT DEVELOPMENTS DIRECTORY as of 01/01/2025,BROOKLYN,36,205,11/28/2023,12,,,,,,,,,,,M,,12,,,,,,,36,,,,,,,,,,,,,,,,,,,,,,,,,,,,,,,,,,,,,,,,,,,,,,,,,,,,,,,,2049050001,6,1965 SCHIEFFELIN AVENUE,10466,16,83,2094137,,,,,,,,,,,,,,,,,,,,,,,,,,,,,,,,,,,,,,,,,,,,,,,,,,,,,,,
PACT DEVELOPMENTS DIRECTORY as of 01/01/2025,BROOKLYN,36,205,11/28/2023,12,,,,,,,,,,,M,,12,,,,,,,36,,,,,,,,,,,,,,,,,,,,,,,,,,,,,,,,,,,,,,,,,,,,,,,,,,,,,,,,2049050001,7,1173 229TH DRIVE NORTH,10466,16,83,2094139,,,,,,,,,,,,,,,,,,,,,,,,,,,,,,,,,,,,,,,,,,,,,,,,,,,,,,,
PACT DEVELOPMENTS DIRECTORY as of 01/01/2025,BROOKLYN,36,205,11/28/2023,12,,,,,,,,,,,M,,12,,,,,,,36,,,,,,,,,,,,,,,,,,,,,,,,,,,,,,,,,,,,,,,,,,,,,,,,,,,,,,,,2049050001,8,1159 229TH DRIVE NORTH,10466,16,83,2094145,,,,,,,,,,,,,,,,,,,,,,,,,,,,,,,,,,,,,,,,,,,,,,,,,,,,,,,
PACT DEVELOPMENTS DIRECTORY as of 01/01/2025,BROOKLYN,36,205,11/28/2023,12,,,,,,,,,,,,,12,,,,,,,36,,,,,,,,,,,,,,,,,,,,,,,,,,,,,,,,,,,,,,,,,,,,,,,,,,,,,,,,2049050001,8,1161 229TH DRIVE NORTH,10466,16,83,2094145,,,,,,,,,,,,,,,,,,,,,,,,,,,,,,,,,,,,,,,,,,,,,,,,,,,,,,,
PACT DEVELOPMENTS DIRECTORY as of 01/01/2025,BROOKLYN,36,205,11/28/2023,12,,,,,,,,,,,M,,12,,,,,,,36,,,,,,,,,,,,,,,,,,,,,,,,,,,,,,,,,,,,,,,,,,,,,,,,,,,,,,,,2049050001,9,1147 229TH DRIVE NORTH,10466,16,83,2094144,,,,,,,,,,,,,,,,,,,,,,,,,,,,,,,,,,,,,,,,,,,,,,,,,,,,,,,
PACT DEVELOPMENTS DIRECTORY as of 01/01/2025,BROOKLYN,36,205,11/28/2023,12,,,,,,,,,,,M,,12,,,,,,,36,,,,,,,,,,,,,,,,,,,,,,,,,,,,,,,,,,,,,,,,,,,,,,,,,,,,,,,,2049050001,9,1149 229TH DRIVE NORTH,10466,16,83,2094144,,,,,,,,,,,,,,,,,,,,,,,,,,,,,,,,,,,,,,,,,,,,,,,,,,,,,,,
PACT DEVELOPMENTS DIRECTORY as of 01/01/2025,BROOKLYN,36,205,11/28/2023,12,3048180136,1,752 FENIMORE STREET,11203,9,09,20,43,40,3107388,M,,,,,,,,,,,,,,,,,,,,,,,,,,,,,,,,,,,,,,,,,,,,,,,,,,,,,,,,,,,,,,,,,,,,,,,,,,,,,,,,,,,,,,,,,,,,,,,,,,,,,,,,,,,,,,,,,,,,,,,,,,,,,,
PACT DEVELOPMENTS DIRECTORY as of 01/01/2025,BROOKLYN,36,205,11/28/2023,12,3048180027,10,730 FENIMORE STREET,11203,9,09,20,43,40,3107349,M,,,,,,,,,,,,,,,,,,,,,,,,,,,,,,,,,,,,,,,,,,,,,,,,,,,,,,,,,,,,,,,,,,,,,,,,,,,,,,,,,,,,,,,,,,,,,,,,,,,,,,,,,,,,,,,,,,,,,,,,,,,,,,
PACT DEVELOPMENTS DIRECTORY as of 01/01/2025,BROOKLYN,36,205,11/28/2023,12,3048180026,11,728 FENIMORE STREET,11203,9,09,20,43,40,3107348,M,,,,,,,,,,,,,,,,,,,,,,,,,,,,,,,,,,,,,,,,,,,,,,,,,,,,,,,,,,,,,,,,,,,,,,,,,,,,,,,,,,,,,,,,,,,,,,,,,,,,,,,,,,,,,,,,,,,,,,,,,,,,,,
PACT DEVELOPMENTS DIRECTORY as of 01/01/2025,BROOKLYN,36,205,11/28/2023,12,3048180025,12,726 FENIMORE STREET,11203,9,09,20,43,40,3107347,M,,,,,,,,,,,,,,,,,,,,,,,,,,,,,,,,,,,,,,,,,,,,,,,,,,,,,,,,,,,,,,,,,,,,,,,,,,,,,,,,,,,,,,,,,,,,,,,,,,,,,,,,,,,,,,,,,,,,,,,,,,,,,,
PACT DEVELOPMENTS DIRECTORY as of 01/01/2025,BROOKLYN,36,205,11/28/2023,12,3013300007,13,334 LEFFERTS AVENUE,11225,9,09,20,43,40,3035394,M,,,,,,,,,,,,,,,,,,,,,,,,,,,,,,,,,,,,,,,,,,,,,,,,,,,,,,,,,,,,,,,,,,,,,,,,,,,,,,,,,,,,,,,,,,,,,,,,,,,,,,,,,,,,,,,,,,,,,,,,,,,,,,
PACT DEVELOPMENTS DIRECTORY as of 01/01/2025,BROOKLYN,36,205,11/28/2023,12,3013300008,14,336 LEFFERTS AVENUE,11225,9,09,20,43,40,3035395,M,,,,,,,,,,,,,,,,,,,,,,,,,,,,,,,,,,,,,,,,,,,,,,,,,,,,,,,,,,,,,,,,,,,,,,,,,,,,,,,,,,,,,,,,,,,,,,,,,,,,,,,,,,,,,,,,,,,,,,,,,,,,,,
PACT DEVELOPMENTS DIRECTORY as of 01/01/2025,BROOKLYN,36,205,11/28/2023,12,3013300009,15,338 LEFFERTS AVENUE,11225,9,09,20,43,40,3035396,M,,,,,,,,,,,,,,,,,,,,,,,,,,,,,,,,,,,,,,,,,,,,,,,,,,,,,,,,,,,,,,,,,,,,,,,,,,,,,,,,,,,,,,,,,,,,,,,,,,,,,,,,,,,,,,,,,,,,,,,,,,,,,,
PACT DEVELOPMENTS DIRECTORY as of 01/01/2025,BROOKLYN,36,205,11/28/2023,12,3013300010,16,340 LEFFERTS AVENUE,11225,9,09,20,43,40,3035397,M,,,,,,,,,,,,,,,,,,,,,,,,,,,,,,,,,,,,,,,,,,,,,,,,,,,,,,,,,,,,,,,,,,,,,,,,,,,,,,,,,,,,,,,,,,,,,,,,,,,,,,,,,,,,,,,,,,,,,,,,,,,,,,
PACT DEVELOPMENTS DIRECTORY as of 01/01/2025,BROOKLYN,36,205,11/28/2023,12,3013300011,17,342 LEFFERTS AVENUE,11225,9,09,20,43,40,3035398,M,,,,,,,,,,,,,,,,,,,,,,,,,,,,,,,,,,,,,,,,,,,,,,,,,,,,,,,,,,,,,,,,,,,,,,,,,,,,,,,,,,,,,,,,,,,,,,,,,,,,,,,,,,,,,,,,,,,,,,,,,,,,,,
PACT DEVELOPMENTS DIRECTORY as of 01/01/2025,BROOKLYN,36,205,11/28/2023,12,3013300012,18,344 LEFFERTS AVENUE,11225,9,09,20,43,40,3035399,M,,,,,,,,,,,,,,,,,,,,,,,,,,,,,,,,,,,,,,,,,,,,,,,,,,,,,,,,,,,,,,,,,,,,,,,,,,,,,,,,,,,,,,,,,,,,,,,,,,,,,,,,,,,,,,,,,,,,,,,,,,,,,,
PACT DEVELOPMENTS DIRECTORY as of 01/01/2025,BROOKLYN,36,205,11/28/2023,12,3048180135,2,750 FENIMORE STREET,11203,9,09,20,43,40,3107387,M,,,,,,,,,,,,,,,,,,,,,,,,,,,,,,,,,,,,,,,,,,,,,,,,,,,,,,,,,,,,,,,,,,,,,,,,,,,,,,,,,,,,,,,,,,,,,,,,,,,,,,,,,,,,,,,,,,,,,,,,,,,,,,
PACT DEVELOPMENTS DIRECTORY as of 01/01/2025,BROOKLYN,36,205,11/28/2023,12,3048180134,3,748 FENIMORE STREET,11203,9,09,20,43,40,3107386,M,,,,,,,,,,,,,,,,,,,,,,,,,,,,,,,,,,,,,,,,,,,,,,,,,,,,,,,,,,,,,,,,,,,,,,,,,,,,,,,,,,,,,,,,,,,,,,,,,,,,,,,,,,,,,,,,,,,,,,,,,,,,,,
PACT DEVELOPMENTS DIRECTORY as of 01/01/2025,BROOKLYN,36,205,11/28/2023,12,3048180133,4,746 FENIMORE STREET,11203,9,09,20,43,40,3107385,M,,,,,,,,,,,,,,,,,,,,,,,,,,,,,,,,,,,,,,,,,,,,,,,,,,,,,,,,,,,,,,,,,,,,,,,,,,,,,,,,,,,,,,,,,,,,,,,,,,,,,,,,,,,,,,,,,,,,,,,,,,,,,,
PACT DEVELOPMENTS DIRECTORY as of 01/01/2025,BROOKLYN,36,205,11/28/2023,12,3048180033,5,742 FENIMORE STREET,11203,9,09,20,43,40,3107354,M,,,,,,,,,,,,,,,,,,,,,,,,,,,,,,,,,,,,,,,,,,,,,,,,,,,,,,,,,,,,,,,,,,,,,,,,,,,,,,,,,,,,,,,,,,,,,,,,,,,,,,,,,,,,,,,,,,,,,,,,,,,,,,
PACT DEVELOPMENTS DIRECTORY as of 01/01/2025,BROOKLYN,36,205,11/28/2023,12,3048180031,6,740 FENIMORE STREET,11203,9,09,20,43,40,3107353,M,,,,,,,,,,,,,,,,,,,,,,,,,,,,,,,,,,,,,,,,,,,,,,,,,,,,,,,,,,,,,,,,,,,,,,,,,,,,,,,,,,,,,,,,,,,,,,,,,,,,,,,,,,,,,,,,,,,,,,,,,,,,,,
PACT DEVELOPMENTS DIRECTORY as of 01/01/2025,BROOKLYN,36,205,11/28/2023,12,3048180030,7,738 FENIMORE STREET,11203,9,09,20,43,40,3107352,M,,,,,,,,,,,,,,,,,,,,,,,,,,,,,,,,,,,,,,,,,,,,,,,,,,,,,,,,,,,,,,,,,,,,,,,,,,,,,,,,,,,,,,,,,,,,,,,,,,,,,,,,,,,,,,,,,,,,,,,,,,,,,,
PACT DEVELOPMENTS DIRECTORY as of 01/01/2025,BROOKLYN,36,205,11/28/2023,12,3048180029,8,736 FENIMORE STREET,11203,9,09,20,43,40,3107351,M,,,,,,,,,,,,,,,,,,,,,,,,,,,,,,,,,,,,,,,,,,,,,,,,,,,,,,,,,,,,,,,,,,,,,,,,,,,,,,,,,,,,,,,,,,,,,,,,,,,,,,,,,,,,,,,,,,,,,,,,,,,,,,
PACT DEVELOPMENTS DIRECTORY as of 01/01/2025,BROOKLYN,36,205,11/28/2023,12,3048180028,9,732 FENIMORE STREET,11203,9,09,20,43,40,3107350,M,,,,,,,,,,,,,,,,,,,,,,,,,,,,,,,,,,,,,,,,,,,,,,,,,,,,,,,,,,,,,,,,,,,,,,,,,,,,,,,,,,,,,,,,,,,,,,,,,,,,,,,,,,,,,,,,,,,,,,,,,,,,,,
PACT DEVELOPMENTS DIRECTORY as of 01/01/2025,BROOKLYN,160,207,12/28/2021,13,3037240027,,260 BRADFORD STREET,11207,5,08,19,54,42,3000000,,,,,,,,,,,,,,,,,,,,,,,,,,,,,,,,,,,,,,,,,,,,,,,,,,,,,,,,,,,,,,,,,,,,,,,,,,,,,,,,,,,,,,,,,,,,,,,,,,,,,,,,,,,,,,,,,,,,,,,,,,,,,,,
PACT DEVELOPMENTS DIRECTORY as of 01/01/2025,BROOKLYN,160,207,12/28/2021,13,3037250001,10,320 MILLER AVENUE,11207,5,08,19,54,42,3327009,M,,,,,,,,,,,,,,,,,,,,,,,,,,,,,,,,,,,,,,,,,,,,,,,,,,,,,,,,,,,,,,,,,,,,,,,,,,,,,,,,,,,,,,,,,,,,,,,,,,,,,,,,,,,,,,,,,,,,,,,,,,,,,,
PACT DEVELOPMENTS DIRECTORY as of 01/01/2025,BROOKLYN,160,207,12/28/2021,13,3039930001,11,2211 PITKIN AVENUE,11207,5,08,19,54,42,3328463,M,,,,,,,,,,,,,,,,,,,,,,,,,,,,,,,,,,,,,,,,,,,,,,,,,,,,,,,,,,,,,,,,,,,,,,,,,,,,,,,,,,,,,,,,,,,,,,,,,,,,,,,,,,,,,,,,,,,,,,,,,,,,,,
PACT DEVELOPMENTS DIRECTORY as of 01/01/2025,BROOKLYN,160,207,12/28/2021,13,3039930001,12,2215 PITKIN AVENUE,11207,5,08,19,54,42,3328464,M,,,,,,,,,,,,,,,,,,,,,,,,,,,,,,,,,,,,,,,,,,,,,,,,,,,,,,,,,,,,,,,,,,,,,,,,,,,,,,,,,,,,,,,,,,,,,,,,,,,,,,,,,,,,,,,,,,,,,,,,,,,,,,
PACT DEVELOPMENTS DIRECTORY as of 01/01/2025,BROOKLYN,160,207,12/28/2021,13,3039930001,13,2221 PITKIN AVENUE,11207,5,08,19,54,42,3328465,M,,,,,,,,,,,,,,,,,,,,,,,,,,,,,,,,,,,,,,,,,,,,,,,,,,,,,,,,,,,,,,,,,,,,,,,,,,,,,,,,,,,,,,,,,,,,,,,,,,,,,,,,,,,,,,,,,,,,,,,,,,,,,,
PACT DEVELOPMENTS DIRECTORY as of 01/01/2025,BROOKLYN,160,207,12/28/2021,13,3039930001,13,2219 PITKIN AVENUE,11207,5,08,19,54,42,3328465,M,,,,,,,,,,,,,,,,,,,,,,,,,,,,,,,,,,,,,,,,,,,,,,,,,,,,,,,,,,,,,,,,,,,,,,,,,,,,,,,,,,,,,,,,,,,,,,,,,,,,,,,,,,,,,,,,,,,,,,,,,,,,,,
PACT DEVELOPMENTS DIRECTORY as of 01/01/2025,BROOKLYN,160,207,12/28/2021,13,3037240029,6,2155 PITKIN AVENUE,11207,5,08,19,54,42,3336980,M,,,,,,,,,,,,,,,,,,,,,,,,,,,,,,,,,,,,,,,,,,,,,,,,,,,,,,,,,,,,,,,,,,,,,,,,,,,,,,,,,,,,,,,,,,,,,,,,,,,,,,,,,,,,,,,,,,,,,,,,,,,,,,
PACT DEVELOPMENTS DIRECTORY as of 01/01/2025,BROOKLYN,160,207,12/28/2021,13,3037240029,7,2165 PITKIN AVENUE,11207,5,08,19,54,42,3336981,M,,,,,,,,,,,,,,,,,,,,,,,,,,,,,,,,,,,,,,,,,,,,,,,,,,,,,,,,,,,,,,,,,,,,,,,,,,,,,,,,,,,,,,,,,,,,,,,,,,,,,,,,,,,,,,,,,,,,,,,,,,,,,,
PACT DEVELOPMENTS DIRECTORY as of 01/01/2025,BROOKLYN,160,207,12/28/2021,13,3037250001,8,2189 PITKIN AVENUE,11207,5,08,19,54,42,3327012,M,,,,,,,,,,,,,,,,,,,,,,,,,,,,,,,,,,,,,,,,,,,,,,,,,,,,,,,,,,,,,,,,,,,,,,,,,,,,,,,,,,,,,,,,,,,,,,,,,,,,,,,,,,,,,,,,,,,,,,,,,,,,,,
PACT DEVELOPMENTS DIRECTORY as of 01/01/2025,BROOKLYN,160,207,12/28/2021,13,3037250001,8,2185 PITKIN AVENUE,11207,5,08,19,54,42,3327012,,,,,,,,,,,,,,,,,,,,,,,,,,,,,,,,,,,,,,,,,,,,,,,,,,,,,,,,,,,,,,,,,,,,,,,,,,,,,,,,,,,,,,,,,,,,,,,,,,,,,,,,,,,,,,,,,,,,,,,,,,,,,,,
PACT DEVELOPMENTS DIRECTORY as of 01/01/2025,BROOKLYN,160,207,12/28/2021,13,3037250001,8,2181 PITKIN AVENUE,11207,5,08,19,54,42,3327012,M,,,,,,,,,,,,,,,,,,,,,,,,,,,,,,,,,,,,,,,,,,,,,,,,,,,,,,,,,,,,,,,,,,,,,,,,,,,,,,,,,,,,,,,,,,,,,,,,,,,,,,,,,,,,,,,,,,,,,,,,,,,,,,
PACT DEVELOPMENTS DIRECTORY as of 01/01/2025,BROOKLYN,160,207,12/28/2021,13,3037250001,9,340 MILLER AVENUE,11207,5,08,19,54,42,3327011,M,,,,,,,,,,,,,,,,,,,,,,,,,,,,,,,,,,,,,,,,,,,,,,,,,,,,,,,,,,,,,,,,,,,,,,,,,,,,,,,,,,,,,,,,,,,,,,,,,,,,,,,,,,,,,,,,,,,,,,,,,,,,,,
PACT DEVELOPMENTS DIRECTORY as of 01/01/2025,BROOKLYN,160,207,12/28/2021,13,3037250001,9,330 MILLER AVENUE,11207,5,08,19,54,42,3327011,,,,,,,,,,,,,,,,,,,,,,,,,,,,,,,,,,,,,,,,,,,,,,,,,,,,,,,,,,,,,,,,,,,,,,,,,,,,,,,,,,,,,,,,,,,,,,,,,,,,,,,,,,,,,,,,,,,,,,,,,,,,,,,
PACT DEVELOPMENTS DIRECTORY as of 01/01/2025,BROOKLYN,160,207,12/28/2021,13,1021360235,1,99 FORT WASHINGTON AVENUE,10032,12,13,31,71,10,1063346,M,,,,,,,,,,,,,,,,,,,,,,,,,,,,,,,,,,,,,,,,,,,,,,,,,,,,,,,,,,,,,,,,,,,,,,,,,,,,,,,,,,,,,,,,,,,,,,,,,,,,,,,,,,,,,,,,,,,,,,,,,,,,,,
PACT DEVELOPMENTS DIRECTORY as of 01/01/2025,BROOKLYN,160,207,12/28/2021,13,1021360235,1,99 FORT WASHINGTON AVENUE,10032,12,13,31,71,10,1063346,M,,,,,,,,,,,,,,,,,,,,,,,,,,,,,,,,,,,,,,,,,,,,,,,,,,,,,,,,,,,,,,,,,,,,,,,,,,,,,,,,,,,,,,,,,,,,,,,,,,,,,,,,,,,,,,,,,,,,,,,,,,,,,,
PACT DEVELOPMENTS DIRECTORY as of 01/01/2025,BROOKLYN,160,207,12/28/2021,13,2029310070,10,1375 FRANKLIN AVENUE,10456,3,15,32,79,16,2009707,,,,,,,,,,,,,,,,,,,,,,,,,,,,,,,,,,,,,,,,,,,,,,,,,,,,,,,,,,,,,,,,,,,,,,,,,,,,,,,,,,,,,,,,,,,,,,,,,,,,,,,,,,,,,,,,,,,,,,,,,,,,,,,
PACT DEVELOPMENTS DIRECTORY as of 01/01/2025,BROOKLYN,160,207,12/28/2021,13,2029310070,10,1373 FRANKLIN AVENUE,10456,3,15,32,79,16,2009707,M,,,,,,,,,,,,,,,,,,,,,,,,,,,,,,,,,,,,,,,,,,,,,,,,,,,,,,,,,,,,,,,,,,,,,,,,,,,,,,,,,,,,,,,,,,,,,,,,,,,,,,,,,,,,,,,,,,,,,,,,,,,,,,
PACT DEVELOPMENTS DIRECTORY as of 01/01/2025,BROOKLYN,160,207,12/28/2021,13,2029310066,8,1383 FRANKLIN AVENUE,10456,3,15,32,79,16,2009705,,,,,,,,,,,,,,,,,,,,,,,,,,,,,,,,,,,,,,,,,,,,,,,,,,,,,,,,,,,,,,,,,,,,,,,,,,,,,,,,,,,,,,,,,,,,,,,,,,,,,,,,,,,,,,,,,,,,,,,,,,,,,,,
PACT DEVELOPMENTS DIRECTORY as of 01/01/2025,BROOKLYN,160,207,12/28/2021,13,2029310066,8,1381 FRANKLIN AVENUE,10456,3,15,32,79,16,2009705,M,,,,,,,,,,,,,,,,,,,,,,,,,,,,,,,,,,,,,,,,,,,,,,,,,,,,,,,,,,,,,,,,,,,,,,,,,,,,,,,,,,,,,,,,,,,,,,,,,,,,,,,,,,,,,,,,,,,,,,,,,,,,,,
PACT DEVELOPMENTS DIRECTORY as of 01/01/2025,BROOKLYN,160,207,12/28/2021,13,2029310068,9,1377 FRANKLIN AVENUE,10456,3,15,32,79,16,2009706,M,,,,,,,,,,,,,,,,,,,,,,,,,,,,,,,,,,,,,,,,,,,,,,,,,,,,,,,,,,,,,,,,,,,,,,,,,,,,,,,,,,,,,,,,,,,,,,,,,,,,,,,,,,,,,,,,,,,,,,,,,,,,,,
PACT DEVELOPMENTS DIRECTORY as of 01/01/2025,BROOKLYN,160,207,12/28/2021,13,2029310068,9,1379 FRANKLIN AVENUE,10456,3,15,32,79,16,2009706,,,,,,,,,,,,,,,,,,,,,,,,,,,,,,,,,,,,,,,,,,,,,,,,,,,,,,,,,,,,,,,,,,,,,,,,,,,,,,,,,,,,,,,,,,,,,,,,,,,,,,,,,,,,,,,,,,,,,,,,,,,,,,,
PACT DEVELOPMENTS DIRECTORY as of 01/01/2025,BROOKLYN,160,207,12/28/2021,13,2029310064,,1385 FRANKLIN AVENUE,10456,3,15,32,79,16,,,,,,,,,,,,,,,,,,,,,,,,,,,,,,,,,,,,,,,,,,,,,,,,,,,,,,,,,,,,,,,,,,,,,,,,,,,,,,,,,,,,,,,,,,,,,,,,,,,,,,,,,,,,,,,,,,,,,,,,,,,,,,,,
PACT DEVELOPMENTS DIRECTORY as of 01/01/2025,BROOKLYN,160,207,12/28/2021,13,2029350007,4,1394 FRANKLIN AVENUE,10456,3,15,32,79,17,2009767,M,,,,,,,,,,,,,,,,,,,,,,,,,,,,,,,,,,,,,,,,,,,,,,,,,,,,,,,,,,,,,,,,,,,,,,,,,,,,,,,,,,,,,,,,,,,,,,,,,,,,,,,,,,,,,,,,,,,,,,,,,,,,,,
PACT DEVELOPMENTS DIRECTORY as of 01/01/2025,BROOKLYN,160,207,12/28/2021,13,2029350005,5,1392 FRANKLIN AVENUE,10456,3,15,32,79,17,2009766,M,,,,,,,,,,,,,,,,,,,,,,,,,,,,,,,,,,,,,,,,,,,,,,,,,,,,,,,,,,,,,,,,,,,,,,,,,,,,,,,,,,,,,,,,,,,,,,,,,,,,,,,,,,,,,,,,,,,,,,,,,,,,,,
PACT DEVELOPMENTS DIRECTORY as of 01/01/2025,BROOKLYN,160,207,12/28/2021,13,2029350003,6,1390 FRANKLIN AVENUE,10456,3,15,32,79,17,2009765,M,,,,,,,,,,,,,,,,,,,,,,,,,,,,,,,,,,,,,,,,,,,,,,,,,,,,,,,,,,,,,,,,,,,,,,,,,,,,,,,,,,,,,,,,,,,,,,,,,,,,,,,,,,,,,,,,,,,,,,,,,,,,,,
PACT DEVELOPMENTS DIRECTORY as of 01/01/2025,BROOKLYN,160,207,12/28/2021,13,2029350030,7,631 JEFFERSON PLACE,10456,3,15,32,79,17,2009780,M,,,,,,,,,,,,,,,,,,,,,,,,,,,,,,,,,,,,,,,,,,,,,,,,,,,,,,,,,,,,,,,,,,,,,,,,,,,,,,,,,,,,,,,,,,,,,,,,,,,,,,,,,,,,,,,,,,,,,,,,,,,,,,
PACT DEVELOPMENTS DIRECTORY as of 01/01/2025,BROOKLYN,160,207,12/28/2021,13,1019250015,1,182 SAINT NICHOLAS AVENUE,10026,10,13,30,70,09,1058446,M,,,,,,,,,,,,,,,,,,,,,,,,,,,,,,,,,,,,,,,,,,,,,,,,,,,,,,,,,,,,,,,,,,,,,,,,,,,,,,,,,,,,,,,,,,,,,,,,,,,,,,,,,,,,,,,,,,,,,,,,,,,,,,
PACT DEVELOPMENTS DIRECTORY as of 01/01/2025,MANHATTAN,577,003,2/17/2022,14,1020370011,1,229 WEST 152ND STREET,10039,10,13,30,71,09,1084158,M,,,,,,,,,,,,,,,,,,,,,,,,,,,,,,,,,,,,,,,,,,,,,,,,,,,,,,,,,,,,,,,,,,,,,,,,,,,,,,,,,,,,,,,,,,,,,,,,,,,,,,,,,,,,,,,,,,,,,,,,,,,,,,
PACT DEVELOPMENTS DIRECTORY as of 01/01/2025,MANHATTAN,577,003,2/17/2022,14,1020370011,1,225 WEST 152ND STREET,10039,10,13,30,71,09,1084158,M,,,,,,,,,,,,,,,,,,,,,,,,,,,,,,,,,,,,,,,,,,,,,,,,,,,,,,,,,,,,,,,,,,,,,,,,,,,,,,,,,,,,,,,,,,,,,,,,,,,,,,,,,,,,,,,,,,,,,,,,,,,,,,
PACT DEVELOPMENTS DIRECTORY as of 01/01/2025,MANHATTAN,577,003,2/17/2022,14,1020370011,1,221 WEST 152ND STREET,10039,10,13,30,71,09,1084157,M,,,,,,,,,,,,,,,,,,,,,,,,,,,,,,,,,,,,,,,,,,,,,,,,,,,,,,,,,,,,,,,,,,,,,,,,,,,,,,,,,,,,,,,,,,,,,,,,,,,,,,,,,,,,,,,,,,,,,,,,,,,,,,
PACT DEVELOPMENTS DIRECTORY as of 01/01/2025,MANHATTAN,577,003,2/17/2022,14,1020370011,1,210T WEST 153RD STREET,10039,10,13,30,71,09,1084157,M,,,,,,,,,,,,,,,,,,,,,,,,,,,,,,,,,,,,,,,,,,,,,,,,,,,,,,,,,,,,,,,,,,,,,,,,,,,,,,,,,,,,,,,,,,,,,,,,,,,,,,,,,,,,,,,,,,,,,,,,,,,,,,
PACT DEVELOPMENTS DIRECTORY as of 01/01/2025,MANHATTAN,577,003,2/17/2022,14,1020370011,1,210S WEST 153RD STREET,10039,10,13,30,71,09,1084157,M,,,,,,,,,,,,,,,,,,,,,,,,,,,,,,,,,,,,,,,,,,,,,,,,,,,,,,,,,,,,,,,,,,,,,,,,,,,,,,,,,,,,,,,,,,,,,,,,,,,,,,,,,,,,,,,,,,,,,,,,,,,,,,
PACT DEVELOPMENTS DIRECTORY as of 01/01/2025,MANHATTAN,577,003,2/17/2022,14,1020370011,1,210R WEST 153RD STREET,10039,10,13,30,71,09,1084157,M,,,,,,,,,,,,,,,,,,,,,,,,,,,,,,,,,,,,,,,,,,,,,,,,,,,,,,,,,,,,,,,,,,,,,,,,,,,,,,,,,,,,,,,,,,,,,,,,,,,,,,,,,,,,,,,,,,,,,,,,,,,,,,
PACT DEVELOPMENTS DIRECTORY as of 01/01/2025,MANHATTAN,577,003,2/17/2022,14,1020370011,1,210Q WEST 153RD STREET,10039,10,13,30,71,09,1084157,M,,,,,,,,,,,,,,,,,,,,,,,,,,,,,,,,,,,,,,,,,,,,,,,,,,,,,,,,,,,,,,,,,,,,,,,,,,,,,,,,,,,,,,,,,,,,,,,,,,,,,,,,,,,,,,,,,,,,,,,,,,,,,,
PACT DEVELOPMENTS DIRECTORY as of 01/01/2025,MANHATTAN,577,003,2/17/2022,14,1020370011,1,70 MACOMBS PLACE,10039,10,13,30,71,09,1084157,M,,,,,,,,,,,,,,,,,,,,,,,,,,,,,,,,,,,,,,,,,,,,,,,,,,,,,,,,,,,,,,,,,,,,,,,,,,,,,,,,,,,,,,,,,,,,,,,,,,,,,,,,,,,,,,,,,,,,,,,,,,,,,,
PACT DEVELOPMENTS DIRECTORY as of 01/01/2025,MANHATTAN,577,003,2/17/2022,14,1020370011,2,210P WEST 153RD STREET,10039,10,13,30,71,09,1086095,M,,,,,,,,,,,,,,,,,,,,,,,,,,,,,,,,,,,,,,,,,,,,,,,,,,,,,,,,,,,,,,,,,,,,,,,,,,,,,,,,,,,,,,,,,,,,,,,,,,,,,,,,,,,,,,,,,,,,,,,,,,,,,,
PACT DEVELOPMENTS DIRECTORY as of 01/01/2025,MANHATTAN,577,003,2/17/2022,14,1020370011,2,210N WEST 153RD STREET,10039,10,13,30,71,09,1086095,M,,,,,,,,,,,,,,,,,,,,,,,,,,,,,,,,,,,,,,,,,,,,,,,,,,,,,,,,,,,,,,,,,,,,,,,,,,,,,,,,,,,,,,,,,,,,,,,,,,,,,,,,,,,,,,,,,,,,,,,,,,,,,,
PACT DEVELOPMENTS DIRECTORY as of 01/01/2025,MANHATTAN,577,003,2/17/2022,14,1020370011,2,210M WEST 153RD STREET,10039,10,13,30,71,09,1086095,M,,,,,,,,,,,,,,,,,,,,,,,,,,,,,,,,,,,,,,,,,,,,,,,,,,,,,,,,,,,,,,,,,,,,,,,,,,,,,,,,,,,,,,,,,,,,,,,,,,,,,,,,,,,,,,,,,,,,,,,,,,,,,,
PACT DEVELOPMENTS DIRECTORY as of 01/01/2025,MANHATTAN,577,003,2/17/2022,14,1020370011,2,210L WEST 153RD STREET,10039,10,13,30,71,09,1086095,M,,,,,,,,,,,,,,,,,,,,,,,,,,,,,,,,,,,,,,,,,,,,,,,,,,,,,,,,,,,,,,,,,,,,,,,,,,,,,,,,,,,,,,,,,,,,,,,,,,,,,,,,,,,,,,,,,,,,,,,,,,,,,,
PACT DEVELOPMENTS DIRECTORY as of 01/01/2025,MANHATTAN,577,003,2/17/2022,14,1020370011,2,2650 A C POWELL BOULEVARD,10039,10,13,30,71,09,1084156,,,,,,,,,,,,,,,,,,,,,,,,,,,,,,,,,,,,,,,,,,,,,,,,,,,,,,,,,,,,,,,,,,,,,,,,,,,,,,,,,,,,,,,,,,,,,,,,,,,,,,,,,,,,,,,,,,,,,,,,,,,,,,,
PACT DEVELOPMENTS DIRECTORY as of 01/01/2025,MANHATTAN,577,003,2/17/2022,14,1020370011,2,210K WEST 153RD STREET,10039,10,13,30,71,09,1086095,M,,,,,,,,,,,,,,,,,,,,,,,,,,,,,,,,,,,,,,,,,,,,,,,,,,,,,,,,,,,,,,,,,,,,,,,,,,,,,,,,,,,,,,,,,,,,,,,,,,,,,,,,,,,,,,,,,,,,,,,,,,,,,,
PACT DEVELOPMENTS DIRECTORY as of 01/01/2025,MANHATTAN,577,003,2/17/2022,14,1020370011,3,211J WEST 151ST STREET,10039,10,13,30,71,09,1084155,M,,,,,,,,,,,,,,,,,,,,,,,,,,,,,,,,,,,,,,,,,,,,,,,,,,,,,,,,,,,,,,,,,,,,,,,,,,,,,,,,,,,,,,,,,,,,,,,,,,,,,,,,,,,,,,,,,,,,,,,,,,,,,,
PACT DEVELOPMENTS DIRECTORY as of 01/01/2025,MANHATTAN,577,003,2/17/2022,14,1020370011,3,211H WEST 151ST STREET,10039,10,13,30,71,09,1084155,M,,,,,,,,,,,,,,,,,,,,,,,,,,,,,,,,,,,,,,,,,,,,,,,,,,,,,,,,,,,,,,,,,,,,,,,,,,,,,,,,,,,,,,,,,,,,,,,,,,,,,,,,,,,,,,,,,,,,,,,,,,,,,,
PACT DEVELOPMENTS DIRECTORY as of 01/01/2025,MANHATTAN,577,003,2/17/2022,14,1020370011,3,2628 A C POWELL BOULEVARD,10039,10,13,30,71,09,1084155,,,,,,,,,,,,,,,,,,,,,,,,,,,,,,,,,,,,,,,,,,,,,,,,,,,,,,,,,,,,,,,,,,,,,,,,,,,,,,,,,,,,,,,,,,,,,,,,,,,,,,,,,,,,,,,,,,,,,,,,,,,,,,,
PACT DEVELOPMENTS DIRECTORY as of 01/01/2025,MANHATTAN,577,003,2/17/2022,14,1020370011,3,211G WEST 151ST STREET,10039,10,13,30,71,09,1084155,M,,,,,,,,,,,,,,,,,,,,,,,,,,,,,,,,,,,,,,,,,,,,,,,,,,,,,,,,,,,,,,,,,,,,,,,,,,,,,,,,,,,,,,,,,,,,,,,,,,,,,,,,,,,,,,,,,,,,,,,,,,,,,,
PACT DEVELOPMENTS DIRECTORY as of 01/01/2025,MANHATTAN,577,003,2/17/2022,14,1020370011,3,2632 A C POWELL BOULEVARD,10039,10,13,30,71,09,1084155,,,,,,,,,,,,,,,,,,,,,,,,,,,,,,,,,,,,,,,,,,,,,,,,,,,,,,,,,,,,,,,,,,,,,,,,,,,,,,,,,,,,,,,,,,,,,,,,,,,,,,,,,,,,,,,,,,,,,,,,,,,,,,,
PACT DEVELOPMENTS DIRECTORY as of 01/01/2025,MANHATTAN,577,003,2/17/2022,14,1020370011,3,2630 A C POWELL BOULEVARD,10039,10,13,30,71,09,1084155,,,,,,,,,,,,,,,,,,,,,,,,,,,,,,,,,,,,,,,,,,,,,,,,,,,,,,,,,,,,,,,,,,,,,,,,,,,,,,,,,,,,,,,,,,,,,,,,,,,,,,,,,,,,,,,,,,,,,,,,,,,,,,,
PACT DEVELOPMENTS DIRECTORY as of 01/01/2025,MANHATTAN,577,003,2/17/2022,14,1020370011,3,211F WEST 151ST STREET,10039,10,13,30,71,09,1084155,M,,,,,,,,,,,,,,,,,,,,,,,,,,,,,,,,,,,,,,,,,,,,,,,,,,,,,,,,,,,,,,,,,,,,,,,,,,,,,,,,,,,,,,,,,,,,,,,,,,,,,,,,,,,,,,,,,,,,,,,,,,,,,,
PACT DEVELOPMENTS DIRECTORY as of 01/01/2025,MANHATTAN,577,003,2/17/2022,14,1020370011,3,2622 A C POWELL BOULEVARD,10039,10,13,30,71,09,1084155,,,,,,,,,,,,,,,,,,,,,,,,,,,,,,,,,,,,,,,,,,,,,,,,,,,,,,,,,,,,,,,,,,,,,,,,,,,,,,,,,,,,,,,,,,,,,,,,,,,,,,,,,,,,,,,,,,,,,,,,,,,,,,,
PACT DEVELOPMENTS DIRECTORY as of 01/01/2025,MANHATTAN,577,003,2/17/2022,14,1020370011,3,2624 A C POWELL BOULEVARD,10039,10,13,30,71,09,1084155,,,,,,,,,,,,,,,,,,,,,,,,,,,,,,,,,,,,,,,,,,,,,,,,,,,,,,,,,,,,,,,,,,,,,,,,,,,,,,,,,,,,,,,,,,,,,,,,,,,,,,,,,,,,,,,,,,,,,,,,,,,,,,,
PACT DEVELOPMENTS DIRECTORY as of 01/01/2025,MANHATTAN,577,003,2/17/2022,14,1020370011,3,2620 A C POWELL BOULEVARD,10039,10,13,30,71,09,1084155,,,,,,,,,,,,,,,,,,,,,,,,,,,,,,,,,,,,,,,,,,,,,,,,,,,,,,,,,,,,,,,,,,,,,,,,,,,,,,,,,,,,,,,,,,,,,,,,,,,,,,,,,,,,,,,,,,,,,,,,,,,,,,,
PACT DEVELOPMENTS DIRECTORY as of 01/01/2025,MANHATTAN,577,003,2/17/2022,14,1020370011,3,2626 A C POWELL BOULEVARD,10039,10,13,30,71,09,1084155,,,,,,,,,,,,,,,,,,,,,,,,,,,,,,,,,,,,,,,,,,,,,,,,,,,,,,,,,,,,,,,,,,,,,,,,,,,,,,,,,,,,,,,,,,,,,,,,,,,,,,,,,,,,,,,,,,,,,,,,,,,,,,,
PACT DEVELOPMENTS DIRECTORY as of 01/01/2025,MANHATTAN,577,003,2/17/2022,14,1020370011,3,207 WEST 151ST STREET,10039,10,13,30,71,09,1084155,,,,,,,,,,,,,,,,,,,,,,,,,,,,,,,,,,,,,,,,,,,,,,,,,,,,,,,,,,,,,,,,,,,,,,,,,,,,,,,,,,,,,,,,,,,,,,,,,,,,,,,,,,,,,,,,,,,,,,,,,,,,,,,
PACT DEVELOPMENTS DIRECTORY as of 01/01/2025,MANHATTAN,577,003,2/17/2022,14,1020370011,3,211E WEST 151ST STREET,10039,10,13,30,71,09,1084155,M,,,,,,,,,,,,,,,,,,,,,,,,,,,,,,,,,,,,,,,,,,,,,,,,,,,,,,,,,,,,,,,,,,,,,,,,,,,,,,,,,,,,,,,,,,,,,,,,,,,,,,,,,,,,,,,,,,,,,,,,,,,,,,
PACT DEVELOPMENTS DIRECTORY as of 01/01/2025,MANHATTAN,577,003,2/17/2022,14,1020370011,4,211D WEST 151ST STREET,10039,10,13,30,71,09,1084154,M,,,,,,,,,,,,,,,,,,,,,,,,,,,,,,,,,,,,,,,,,,,,,,,,,,,,,,,,,,,,,,,,,,,,,,,,,,,,,,,,,,,,,,,,,,,,,,,,,,,,,,,,,,,,,,,,,,,,,,,,,,,,,,
PACT DEVELOPMENTS DIRECTORY as of 01/01/2025,MANHATTAN,577,003,2/17/2022,14,1020370011,4,211C WEST 151ST STREET,10039,10,13,30,71,09,1084154,M,,,,,,,,,,,,,,,,,,,,,,,,,,,,,,,,,,,,,,,,,,,,,,,,,,,,,,,,,,,,,,,,,,,,,,,,,,,,,,,,,,,,,,,,,,,,,,,,,,,,,,,,,,,,,,,,,,,,,,,,,,,,,,
PACT DEVELOPMENTS DIRECTORY as of 01/01/2025,MANHATTAN,577,003,2/17/2022,14,1020370011,4,211B WEST 151ST STREET,10039,10,13,30,71,09,1084154,M,,,,,,,,,,,,,,,,,,,,,,,,,,,,,,,,,,,,,,,,,,,,,,,,,,,,,,,,,,,,,,,,,,,,,,,,,,,,,,,,,,,,,,,,,,,,,,,,,,,,,,,,,,,,,,,,,,,,,,,,,,,,,,
PACT DEVELOPMENTS DIRECTORY as of 01/01/2025,MANHATTAN,577,003,2/17/2022,14,1020370011,4,211A WEST 151ST STREET,10039,10,13,30,71,09,1084154,M,,,,,,,,,,,,,,,,,,,,,,,,,,,,,,,,,,,,,,,,,,,,,,,,,,,,,,,,,,,,,,,,,,,,,,,,,,,,,,,,,,,,,,,,,,,,,,,,,,,,,,,,,,,,,,,,,,,,,,,,,,,,,,
PACT DEVELOPMENTS DIRECTORY as of 01/01/2025,MANHATTAN,577,003,2/17/2022,14,1020370011,4,220 WEST 152ND STREET,10039,10,13,30,71,09,1084154,M,,,,,,,,,,,,,,,,,,,,,,,,,,,,,,,,,,,,,,,,,,,,,,,,,,,,,,,,,,,,,,,,,,,,,,,,,,,,,,,,,,,,,,,,,,,,,,,,,,,,,,,,,,,,,,,,,,,,,,,,,,,,,,
PACT DEVELOPMENTS DIRECTORY as of 01/01/2025,MANHATTAN,577,003,2/17/2022,14,1020370011,4,226 WEST 152ND STREET,10039,10,13,30,71,09,1084154,M,,,,,,,,,,,,,,,,,,,,,,,,,,,,,,,,,,,,,,,,,,,,,,,,,,,,,,,,,,,,,,,,,,,,,,,,,,,,,,,,,,,,,,,,,,,,,,,,,,,,,,,,,,,,,,,,,,,,,,,,,,,,,,
PACT DEVELOPMENTS DIRECTORY as of 01/01/2025,MANHATTAN,577,003,2/17/2022,14,1020370011,4,224 WEST 152ND STREET,10039,10,13,30,71,09,1084154,,,,,,,,,,,,,,,,,,,,,,,,,,,,,,,,,,,,,,,,,,,,,,,,,,,,,,,,,,,,,,,,,,,,,,,,,,,,,,,,,,,,,,,,,,,,,,,,,,,,,,,,,,,,,,,,,,,,,,,,,,,,,,,
PACT DEVELOPMENTS DIRECTORY as of 01/01/2025,MANHATTAN,577,003,2/17/2022,14,1020370011,5,234 WEST 152ND STREET,10039,10,13,30,71,09,1084153,M,,,,,,,,,,,,,,,,,,,,,,,,,,,,,,,,,,,,,,,,,,,,,,,,,,,,,,,,,,,,,,,,,,,,,,,,,,,,,,,,,,,,,,,,,,,,,,,,,,,,,,,,,,,,,,,,,,,,,,,,,,,,,,
PACT DEVELOPMENTS DIRECTORY as of 01/01/2025,MANHATTAN,577,003,2/17/2022,14,1020370011,5,231 WEST 151ST STREET,10039,10,13,30,71,09,1084153,,,,,,,,,,,,,,,,,,,,,,,,,,,,,,,,,,,,,,,,,,,,,,,,,,,,,,,,,,,,,,,,,,,,,,,,,,,,,,,,,,,,,,,,,,,,,,,,,,,,,,,,,,,,,,,,,,,,,,,,,,,,,,,
PACT DEVELOPMENTS DIRECTORY as of 01/01/2025,MANHATTAN,577,003,2/17/2022,14,1020370011,5,58 MACOMBS PLACE,10039,10,13,30,71,09,1084153,,,,,,,,,,,,,,,,,,,,,,,,,,,,,,,,,,,,,,,,,,,,,,,,,,,,,,,,,,,,,,,,,,,,,,,,,,,,,,,,,,,,,,,,,,,,,,,,,,,,,,,,,,,,,,,,,,,,,,,,,,,,,,,
PACT DEVELOPMENTS DIRECTORY as of 01/01/2025,MANHATTAN,577,003,2/17/2022,14,1020370011,5,58 1/2 MACOMBS PLACE,10039,10,13,30,71,09,1084153,,,,,,,,,,,,,,,,,,,,,,,,,,,,,,,,,,,,,,,,,,,,,,,,,,,,,,,,,,,,,,,,,,,,,,,,,,,,,,,,,,,,,,,,,,,,,,,,,,,,,,,,,,,,,,,,,,,,,,,,,,,,,,,
PACT DEVELOPMENTS DIRECTORY as of 01/01/2025,MANHATTAN,577,003,2/17/2022,14,1020370011,5,56 1/2 MACOMBS PLACE,10039,10,13,30,71,09,1084153,,,,,,,,,,,,,,,,,,,,,,,,,,,,,,,,,,,,,,,,,,,,,,,,,,,,,,,,,,,,,,,,,,,,,,,,,,,,,,,,,,,,,,,,,,,,,,,,,,,,,,,,,,,,,,,,,,,,,,,,,,,,,,,
PACT DEVELOPMENTS DIRECTORY as of 01/01/2025,MANHATTAN,577,003,2/17/2022,14,1020370011,5,54 MACOMBS PLACE,10039,10,13,30,71,09,1084153,,,,,,,,,,,,,,,,,,,,,,,,,,,,,,,,,,,,,,,,,,,,,,,,,,,,,,,,,,,,,,,,,,,,,,,,,,,,,,,,,,,,,,,,,,,,,,,,,,,,,,,,,,,,,,,,,,,,,,,,,,,,,,,
PACT DEVELOPMENTS DIRECTORY as of 01/01/2025,MANHATTAN,577,003,2/17/2022,14,1020370011,5,52 MACOMBS PLACE,10039,10,13,30,71,09,1084153,M,,,,,,,,,,,,,,,,,,,,,,,,,,,,,,,,,,,,,,,,,,,,,,,,,,,,,,,,,,,,,,,,,,,,,,,,,,,,,,,,,,,,,,,,,,,,,,,,,,,,,,,,,,,,,,,,,,,,,,,,,,,,,,
PACT DEVELOPMENTS DIRECTORY as of 01/01/2025,MANHATTAN,577,003,2/17/2022,14,1020370011,5,56 MACOMBS PLACE,10039,10,13,30,71,09,1084153,,,,,,,,,,,,,,,,,,,,,,,,,,,,,,,,,,,,,,,,,,,,,,,,,,,,,,,,,,,,,,,,,,,,,,,,,,,,,,,,,,,,,,,,,,,,,,,,,,,,,,,,,,,,,,,,,,,,,,,,,,,,,,,
PACT DEVELOPMENTS DIRECTORY as of 01/01/2025,MANHATTAN,577,003,2/17/2022,14,1020370011,5,54 1/2 MACOMBS PLACE,10039,10,13,30,71,09,1084153,,,,,,,,,,,,,,,,,,,,,,,,,,,,,,,,,,,,,,,,,,,,,,,,,,,,,,,,,,,,,,,,,,,,,,,,,,,,,,,,,,,,,,,,,,,,,,,,,,,,,,,,,,,,,,,,,,,,,,,,,,,,,,,
PACT DEVELOPMENTS DIRECTORY as of 01/01/2025,MANHATTAN,577,003,2/17/2022,14,1020370011,5,50 MACOMBS PLACE,10039,10,13,30,71,09,1084153,M,,,,,,,,,,,,,,,,,,,,,,,,,,,,,,,,,,,,,,,,,,,,,,,,,,,,,,,,,,,,,,,,,,,,,,,,,,,,,,,,,,,,,,,,,,,,,,,,,,,,,,,,,,,,,,,,,,,,,,,,,,,,,,
PACT DEVELOPMENTS DIRECTORY as of 01/01/2025,MANHATTAN,577,003,2/17/2022,14,1020370011,5,48 MACOMBS PLACE,10039,10,13,30,71,09,1084153,M,,,,,,,,,,,,,,,,,,,,,,,,,,,,,,,,,,,,,,,,,,,,,,,,,,,,,,,,,,,,,,,,,,,,,,,,,,,,,,,,,,,,,,,,,,,,,,,,,,,,,,,,,,,,,,,,,,,,,,,,,,,,,,
PACT DEVELOPMENTS DIRECTORY as of 01/01/2025,MANHATTAN,577,003,2/17/2022,14,1020370011,5,46 MACOMBS PLACE,10039,10,13,30,71,09,1084153,M,,,,,,,,,,,,,,,,,,,,,,,,,,,,,,,,,,,,,,,,,,,,,,,,,,,,,,,,,,,,,,,,,,,,,,,,,,,,,,,,,,,,,,,,,,,,,,,,,,,,,,,,,,,,,,,,,,,,,,,,,,,,,,
PACT DEVELOPMENTS DIRECTORY as of 01/01/2025,MANHATTAN,577,003,2/17/2022,14,1020370011,5,42 1/2 MACOMBS PLACE,10039,10,13,30,71,09,1084153,,,,,,,,,,,,,,,,,,,,,,,,,,,,,,,,,,,,,,,,,,,,,,,,,,,,,,,,,,,,,,,,,,,,,,,,,,,,,,,,,,,,,,,,,,,,,,,,,,,,,,,,,,,,,,,,,,,,,,,,,,,,,,,
PACT DEVELOPMENTS DIRECTORY as of 01/01/2025,MANHATTAN,577,003,2/17/2022,14,1020370011,5,44 MACOMBS PLACE,10039,10,13,30,71,09,1084153,M,,,,,,,,,,,,,,,,,,,,,,,,,,,,,,,,,,,,,,,,,,,,,,,,,,,,,,,,,,,,,,,,,,,,,,,,,,,,,,,,,,,,,,,,,,,,,,,,,,,,,,,,,,,,,,,,,,,,,,,,,,,,,,
PACT DEVELOPMENTS DIRECTORY as of 01/01/2025,MANHATTAN,577,003,2/17/2022,14,1020370011,5,42 MACOMBS PLACE,10039,10,13,30,71,09,1084153,,,,,,,,,,,,,,,,,,,,,,,,,,,,,,,,,,,,,,,,,,,,,,,,,,,,,,,,,,,,,,,,,,,,,,,,,,,,,,,,,,,,,,,,,,,,,,,,,,,,,,,,,,,,,,,,,,,,,,,,,,,,,,,
PACT DEVELOPMENTS DIRECTORY as of 01/01/2025,MANHATTAN,577,003,2/17/2022,14,1020370011,5,40 1/2 MACOMBS PLACE,10039,10,13,30,71,09,1084153,,,,,,,,,,,,,,,,,,,,,,,,,,,,,,,,,,,,,,,,,,,,,,,,,,,,,,,,,,,,,,,,,,,,,,,,,,,,,,,,,,,,,,,,,,,,,,,,,,,,,,,,,,,,,,,,,,,,,,,,,,,,,,,
PACT DEVELOPMENTS DIRECTORY as of 01/01/2025,MANHATTAN,577,003,2/17/2022,14,1020160060,6,2653 A C POWELL BOULEVARD,10039,10,13,30,71,09,1084139,M,,,,,,,,,,,,,,,,,,,,,,,,,,,,,,,,,,,,,,,,,,,,,,,,,,,,,,,,,,,,,,,,,,,,,,,,,,,,,,,,,,,,,,,,,,,,,,,,,,,,,,,,,,,,,,,,,,,,,,,,,,,,,,
PACT DEVELOPMENTS DIRECTORY as of 01/01/2025,MANHATTAN,116,147,2/17/2022,15,,,,,,,,,,,M,,,,,,,,,,,,,,,,,,,,,,,,,,,,,,,,,,,,,,,13,,71,10,,,,,,,,,,,,,,,,,,,,,,,,,,,,,,1020160060,6,2645 A C POWELL BOULEVARD,10039,30,09,1084139,,,,,,,,,,,,,,,,,,,,,,,,,,,,,,,,,,,,,,,,,,,,,,,,
PACT DEVELOPMENTS DIRECTORY as of 01/01/2025,MANHATTAN,116,147,2/17/2022,15,,,,,,,,,,,M,,,,,,,,,,,,,,,,,,,,,,,,,,,,,,,,,,,,,,,13,,71,10,,,,,,,,,,,,,,,,,,,,,,,,,,,,,,1020160060,6,2641 A C POWELL BOULEVARD,10039,30,09,1084139,,,,,,,,,,,,,,,,,,,,,,,,,,,,,,,,,,,,,,,,,,,,,,,,
PACT DEVELOPMENTS DIRECTORY as of 01/01/2025,MANHATTAN,116,147,2/17/2022,15,,,,,,,,,,,M,,,,,,,,,,,,,,,,,,,,,,,,,,,,,,,,,,,,,,,13,,71,10,,,,,,,,,,,,,,,,,,,,,,,,,,,,,,1020160060,6,187 WEST 152ND STREET,10039,30,09,1084141,,,,,,,,,,,,,,,,,,,,,,,,,,,,,,,,,,,,,,,,,,,,,,,,
PACT DEVELOPMENTS DIRECTORY as of 01/01/2025,MANHATTAN,116,147,2/17/2022,15,,,,,,,,,,,M,,,,,,,,,,,,,,,,,,,,,,,,,,,,,,,,,,,,,,,13,,71,10,,,,,,,,,,,,,,,,,,,,,,,,,,,,,,1020160060,6,183 WEST 152ND STREET,10039,30,09,1084141,,,,,,,,,,,,,,,,,,,,,,,,,,,,,,,,,,,,,,,,,,,,,,,,
PACT DEVELOPMENTS DIRECTORY as of 01/01/2025,MANHATTAN,116,147,2/17/2022,15,,,,,,,,,,,M,,,,,,,,,,,,,,,,,,,,,,,,,,,,,,,,,,,,,,,13,,71,10,,,,,,,,,,,,,,,,,,,,,,,,,,,,,,1020160060,6,180 WEST 152ND STREET,10039,30,09,1084141,,,,,,,,,,,,,,,,,,,,,,,,,,,,,,,,,,,,,,,,,,,,,,,,
PACT DEVELOPMENTS DIRECTORY as of 01/01/2025,MANHATTAN,116,147,2/17/2022,15,,,,,,,,,,,M,,,,,,,,,,,,,,,,,,,,,,,,,,,,,,,,,,,,,,,13,,71,10,,,,,,,,,,,,,,,,,,,,,,,,,,,,,,1020160060,6,182 WEST 152ND STREET,10039,30,09,1084141,,,,,,,,,,,,,,,,,,,,,,,,,,,,,,,,,,,,,,,,,,,,,,,,
PACT DEVELOPMENTS DIRECTORY as of 01/01/2025,MANHATTAN,116,147,2/17/2022,15,,,,,,,,,,,M,,,,,,,,,,,,,,,,,,,,,,,,,,,,,,,,,,,,,,,13,,71,10,,,,,,,,,,,,,,,,,,,,,,,,,,,,,,1020160060,6,186 WEST 152ND STREET,10039,30,09,1084141,,,,,,,,,,,,,,,,,,,,,,,,,,,,,,,,,,,,,,,,,,,,,,,,
PACT DEVELOPMENTS DIRECTORY as of 01/01/2025,MANHATTAN,116,147,2/17/2022,15,,,,,,,,,,,M,,,,,,,,,,,,,,,,,,,,,,,,,,,,,,,,,,,,,,,13,,71,10,,,,,,,,,,,,,,,,,,,,,,,,,,,,,,1020160060,7,2637 A C POWELL BOULEVARD,10039,30,09,1060197,,,,,,,,,,,,,,,,,,,,,,,,,,,,,,,,,,,,,,,,,,,,,,,,
PACT DEVELOPMENTS DIRECTORY as of 01/01/2025,MANHATTAN,116,147,2/17/2022,15,,,,,,,,,,,M,,,,,,,,,,,,,,,,,,,,,,,,,,,,,,,,,,,,,,,13,,71,10,,,,,,,,,,,,,,,,,,,,,,,,,,,,,,1020160060,7,190 WEST 152ND STREET,10039,30,09,1084141,,,,,,,,,,,,,,,,,,,,,,,,,,,,,,,,,,,,,,,,,,,,,,,,
PACT DEVELOPMENTS DIRECTORY as of 01/01/2025,MANHATTAN,116,147,2/17/2022,15,,,,,,,,,,,M,,,,,,,,,,,,,,,,,,,,,,,,,,,,,,,,,,,,,,,13,,71,10,,,,,,,,,,,,,,,,,,,,,,,,,,,,,,1020160060,7,191W WEST 151ST STREET,10039,30,09,1084140,,,,,,,,,,,,,,,,,,,,,,,,,,,,,,,,,,,,,,,,,,,,,,,,
PACT DEVELOPMENTS DIRECTORY as of 01/01/2025,MANHATTAN,116,147,2/17/2022,15,,,,,,,,,,,,,,,,,,,,,,,,,,,,,,,,,,,,,,,,,,,,,,,,,,13,,71,10,,,,,,,,,,,,,,,,,,,,,,,,,,,,,,1020160060,7,2633 A C POWELL BOULEVARD,10039,30,09,1060197,,,,,,,,,,,,,,,,,,,,,,,,,,,,,,,,,,,,,,,,,,,,,,,,
PACT DEVELOPMENTS DIRECTORY as of 01/01/2025,MANHATTAN,116,147,2/17/2022,15,,,,,,,,,,,,,,,,,,,,,,,,,,,,,,,,,,,,,,,,,,,,,,,,,,13,,71,10,,,,,,,,,,,,,,,,,,,,,,,,,,,,,,1020160060,7,2627 A C POWELL BOULEVARD,10039,30,09,1060197,,,,,,,,,,,,,,,,,,,,,,,,,,,,,,,,,,,,,,,,,,,,,,,,
PACT DEVELOPMENTS DIRECTORY as of 01/01/2025,MANHATTAN,116,147,2/17/2022,15,,,,,,,,,,,,,,,,,,,,,,,,,,,,,,,,,,,,,,,,,,,,,,,,,,13,,71,10,,,,,,,,,,,,,,,,,,,,,,,,,,,,,,1020160060,7,2621 A C POWELL BOULEVARD,10039,30,09,1060197,,,,,,,,,,,,,,,,,,,,,,,,,,,,,,,,,,,,,,,,,,,,,,,,
PACT DEVELOPMENTS DIRECTORY as of 01/01/2025,MANHATTAN,116,147,2/17/2022,15,,,,,,,,,,,M,,,,,,,,,,,,,,,,,,,,,,,,,,,,,,,,,,,,,,,13,,71,10,,,,,,,,,,,,,,,,,,,,,,,,,,,,,,1020160060,7,191V WEST 151ST STREET,10039,30,09,1084140,,,,,,,,,,,,,,,,,,,,,,,,,,,,,,,,,,,,,,,,,,,,,,,,
PACT DEVELOPMENTS DIRECTORY as of 01/01/2025,MANHATTAN,116,147,2/17/2022,15,,,,,,,,,,,M,,,,,,,,,,,,,,,,,,,,,,,,,,,,,,,,,,,,,,,13,,71,10,,,,,,,,,,,,,,,,,,,,,,,,,,,,,,1020160060,7,191U WEST 151ST STREET,10039,30,09,1084140,,,,,,,,,,,,,,,,,,,,,,,,,,,,,,,,,,,,,,,,,,,,,,,,
PACT DEVELOPMENTS DIRECTORY as of 01/01/2025,MANHATTAN,116,147,2/17/2022,15,,,,,,,,,,,M,,,,,,,,,,,,,,,,,,,,,,,,,,,,,,,,,,,,,,,13,,71,10,,,,,,,,,,,,,,,,,,,,,,,,,,,,,,1020160060,7,181 WEST 151ST STREET,10039,30,09,1084140,,,,,,,,,,,,,,,,,,,,,,,,,,,,,,,,,,,,,,,,,,,,,,,,
PACT DEVELOPMENTS DIRECTORY as of 01/01/2025,MANHATTAN,116,147,2/17/2022,15,,,,,,,,,,,M,,,,,,,,,,,,,,,,,,,,,,,,,,,,,,,,,,,,,,,13,,71,10,,,,,,,,,,,,,,,,,,,,,,,,,,,,,,1020160060,7,177 WEST 151ST STREET,10039,30,09,1084140,,,,,,,,,,,,,,,,,,,,,,,,,,,,,,,,,,,,,,,,,,,,,,,,
PACT DEVELOPMENTS DIRECTORY as of 01/01/2025,MANHATTAN,116,147,2/17/2022,15,,,,,,,,,,,M,,,,,,,,,,,,,,,,,,,,,,,,,,,,,,,,,,,,,,,13,,71,10,,,,,,,,,,,,,,,,,,,,,,,,,,,,,,1020160060,7,173 WEST 151ST STREET,10039,30,09,1084140,,,,,,,,,,,,,,,,,,,,,,,,,,,,,,,,,,,,,,,,,,,,,,,,
PACT DEVELOPMENTS DIRECTORY as of 01/01/2025,MANHATTAN,116,147,2/17/2022,15,1020370001,8,2850 FREDERICK DOUGLASS BOULEVARD,10039,10,13,30,71,09,1060604,M,,,,,,,,,,,,,,,,,,,,,,,,,,,,,,,,,,,,,,,,,,,,,,,,,,,,,,,,,,,,,,,,,,,,,,,,,,,,,,,,,,,,,,,,,,,,,,,,,,,,,,,,,,,,,,,,,,,,,,,,,,,,,,
PACT DEVELOPMENTS DIRECTORY as of 01/01/2025,MANHATTAN,116,147,2/17/2022,15,1020370001,8,295 WEST 151ST STREET,10039,10,13,30,71,09,1060604,,,,,,,,,,,,,,,,,,,,,,,,,,,,,,,,,,,,,,,,,,,,,,,,,,,,,,,,,,,,,,,,,,,,,,,,,,,,,,,,,,,,,,,,,,,,,,,,,,,,,,,,,,,,,,,,,,,,,,,,,,,,,,,
PACT DEVELOPMENTS DIRECTORY as of 01/01/2025,MANHATTAN,116,147,2/17/2022,15,1020370001,8,291 WEST 151ST STREET,10039,10,13,30,71,09,1060605,,,,,,,,,,,,,,,,,,,,,,,,,,,,,,,,,,,,,,,,,,,,,,,,,,,,,,,,,,,,,,,,,,,,,,,,,,,,,,,,,,,,,,,,,,,,,,,,,,,,,,,,,,,,,,,,,,,,,,,,,,,,,,,
PACT DEVELOPMENTS DIRECTORY as of 01/01/2025,MANHATTAN,116,147,2/17/2022,15,1020370001,8,293 WEST 151ST STREET,10039,10,13,30,71,09,1060605,,,,,,,,,,,,,,,,,,,,,,,,,,,,,,,,,,,,,,,,,,,,,,,,,,,,,,,,,,,,,,,,,,,,,,,,,,,,,,,,,,,,,,,,,,,,,,,,,,,,,,,,,,,,,,,,,,,,,,,,,,,,,,,
PACT DEVELOPMENTS DIRECTORY as of 01/01/2025,MANHATTAN,116,147,2/17/2022,15,2025090018,1,1085 ANDERSON AVENUE,10452,4,15,29,77,16,2003149,M,,,,,,,,,,,,,,,,,,,,,,,,,,,,,,,,,,,,,,,,,,,,,,,,,,,,,,,,,,,,,,,,,,,,,,,,,,,,,,,,,,,,,,,,,,,,,,,,,,,,,,,,,,,,,,,,,,,,,,,,,,,,,,
PACT DEVELOPMENTS DIRECTORY as of 01/01/2025,MANHATTAN,116,147,2/17/2022,15,2025140020,2,130 WEST 166TH STREET,10452,4,15,29,77,16,2003258,M,,,,,,,,,,,,,,,,,,,,,,,,,,,,,,,,,,,,,,,,,,,,,,,,,,,,,,,,,,,,,,,,,,,,,,,,,,,,,,,,,,,,,,,,,,,,,,,,,,,,,,,,,,,,,,,,,,,,,,,,,,,,,,
PACT DEVELOPMENTS DIRECTORY as of 01/01/2025,MANHATTAN,116,147,2/17/2022,15,2025140015,3,134 WEST 166TH STREET,10452,4,15,29,77,16,2003257,M,,,,,,,,,,,,,,,,,,,,,,,,,,,,,,,,,,,,,,,,,,,,,,,,,,,,,,,,,,,,,,,,,,,,,,,,,,,,,,,,,,,,,,,,,,,,,,,,,,,,,,,,,,,,,,,,,,,,,,,,,,,,,,
PACT DEVELOPMENTS DIRECTORY as of 01/01/2025,MANHATTAN,116,147,2/17/2022,15,2025140077,4,125 WEST 166TH STREET,10452,4,15,29,77,16,2003279,M,,,,,,,,,,,,,,,,,,,,,,,,,,,,,,,,,,,,,,,,,,,,,,,,,,,,,,,,,,,,,,,,,,,,,,,,,,,,,,,,,,,,,,,,,,,,,,,,,,,,,,,,,,,,,,,,,,,,,,,,,,,,,,
PACT DEVELOPMENTS DIRECTORY as of 01/01/2025,MANHATTAN,116,147,2/17/2022,15,2025140073,,1125 NELSON AVENUE,10452,4,15,29,77,16,2000000,,,,,,,,,,,,,,,,,,,,,,,,,,,,,,,,,,,,,,,,,,,,,,,,,,,,,,,,,,,,,,,,,,,,,,,,,,,,,,,,,,,,,,,,,,,,,,,,,,,,,,,,,,,,,,,,,,,,,,,,,,,,,,,
PACT DEVELOPMENTS DIRECTORY as of 01/01/2025,MANHATTAN,116,147,2/17/2022,15,2025140072,,1127 NELSON AVENUE,10452,4,15,29,77,16,2000000,,,,,,,,,,,,,,,,,,,,,,,,,,,,,,,,,,,,,,,,,,,,,,,,,,,,,,,,,,,,,,,,,,,,,,,,,,,,,,,,,,,,,,,,,,,,,,,,,,,,,,,,,,,,,,,,,,,,,,,,,,,,,,,
PACT DEVELOPMENTS DIRECTORY as of 01/01/2025,MANHATTAN,116,147,2/17/2022,15,2025140070,,1135 NELSON AVENUE,10452,4,15,29,77,16,2000000,,,,,,,,,,,,,,,,,,,,,,,,,,,,,,,,,,,,,,,,,,,,,,,,,,,,,,,,,,,,,,,,,,,,,,,,,,,,,,,,,,,,,,,,,,,,,,,,,,,,,,,,,,,,,,,,,,,,,,,,,,,,,,,
PACT DEVELOPMENTS DIRECTORY as of 01/01/2025,MANHATTAN,116,147,2/17/2022,15,2025150006,1,1182 NELSON AVENUE,10452,4,15,29,77,16,2003283,,,,,,,,,,,,,,,,,,,,,,,,,,,,,,,,,,,,,,,,,,,,,,,,,,,,,,,,,,,,,,,,,,,,,,,,,,,,,,,,,,,,,,,,,,,,,,,,,,,,,,,,,,,,,,,,,,,,,,,,,,,,,,,
PACT DEVELOPMENTS DIRECTORY as of 01/01/2025,MANHATTAN,116,147,2/17/2022,15,2025150006,1,1184 NELSON AVENUE,10452,4,15,29,77,16,2003283,M,,,,,,,,,,,,,,,,,,,,,,,,,,,,,,,,,,,,,,,,,,,,,,,,,,,,,,,,,,,,,,,,,,,,,,,,,,,,,,,,,,,,,,,,,,,,,,,,,,,,,,,,,,,,,,,,,,,,,,,,,,,,,,
PACT DEVELOPMENTS DIRECTORY as of 01/01/2025,MANHATTAN,116,147,2/17/2022,15,2025130050,2,1144 NELSON AVENUE,10452,4,15,29,77,16,2003251,M,,,,,,,,,,,,,,,,,,,,,,,,,,,,,,,,,,,,,,,,,,,,,,,,,,,,,,,,,,,,,,,,,,,,,,,,,,,,,,,,,,,,,,,,,,,,,,,,,,,,,,,,,,,,,,,,,,,,,,,,,,,,,,
PACT DEVELOPMENTS DIRECTORY as of 01/01/2025,MANHATTAN,116,147,2/17/2022,15,2025140067,3,1139 NELSON AVENUE,10452,4,15,29,77,16,2003274,M,,,,,,,,,,,,,,,,,,,,,,,,,,,,,,,,,,,,,,,,,,,,,,,,,,,,,,,,,,,,,,,,,,,,,,,,,,,,,,,,,,,,,,,,,,,,,,,,,,,,,,,,,,,,,,,,,,,,,,,,,,,,,,
PACT DEVELOPMENTS DIRECTORY as of 01/01/2025,MANHATTAN,116,147,2/17/2022,15,3033150001,1,331 CENTRAL AVENUE,11221,4,07,18,53,37,3075906,,,,,,,,,,,,,,,,,,,,,,,,,,,,,,,,,,,,,,,,,,,,,,,,,,,,,,,,,,,,,,,,,,,,,,,,,,,,,,,,,,,,,,,,,,,,,,,,,,,,,,,,,,,,,,,,,,,,,,,,,,,,,,,
PACT DEVELOPMENTS DIRECTORY as of 01/01/2025,MANHATTAN,116,147,2/17/2022,15,3033150001,1,120 MENAHAN STREET,11221,4,07,18,53,37,3075906,M,,,,,,,,,,,,,,,,,,,,,,,,,,,,,,,,,,,,,,,,,,,,,,,,,,,,,,,,,,,,,,,,,,,,,,,,,,,,,,,,,,,,,,,,,,,,,,,,,,,,,,,,,,,,,,,,,,,,,,,,,,,,,,
PACT DEVELOPMENTS DIRECTORY as of 01/01/2025,BROOKLYN,150,339,11/28/2023,16,,,,,,,,,,,M,,,,,,,,,,,,,,,,,,,07,18,,,,,,,,,,,,,,,,,,,,,,,,,,,,,,,,,,,,11221,4,,37,,,,53,,,,,,,,,,,,,,,,3033150001,3,160 MENAHAN STREET,3342263,,,,,,,,,,,,,,,,,,,,,,,,,,,,,,,,,,,,,,,,,,,,
PACT DEVELOPMENTS DIRECTORY as of 01/01/2025,BROOKLYN,150,339,11/28/2023,16,,,,,,,,,,,,,,,,,,,,,,,,,,,,,,07,18,,,,,,,,,,,,,,,,,,,,,,,,,,,,,,,,,,,,11237,4,,37,,,,53,,,,,,,,,,,,,,,,3033150001,3,314 WILSON AVENUE,3342263,,,,,,,,,,,,,,,,,,,,,,,,,,,,,,,,,,,,,,,,,,,,
PACT DEVELOPMENTS DIRECTORY as of 01/01/2025,BROOKLYN,150,339,11/28/2023,16,,,,,,,,,,,M,,,,,,,,,,,,,,,,,,,07,18,,,,,,,,,,,,,,,,,,,,,,,,,,,,,,,,,,,,11221,4,,37,,,,53,,,,,,,,,,,,,,,,3033240019,4,330 WILSON AVENUE,3076116,,,,,,,,,,,,,,,,,,,,,,,,,,,,,,,,,,,,,,,,,,,,
PACT DEVELOPMENTS DIRECTORY as of 01/01/2025,BROOKLYN,150,339,11/28/2023,16,,,,,,,,,,,,,,,,,,,,,,,,,,,,,,07,18,,,,,,,,,,,,,,,,,,,,,,,,,,,,,,,,,,,,11221,4,,37,,,,53,,,,,,,,,,,,,,,,3033240019,4,195 LINDEN STREET,3076116,,,,,,,,,,,,,,,,,,,,,,,,,,,,,,,,,,,,,,,,,,,,
PACT DEVELOPMENTS DIRECTORY as of 01/01/2025,BROOKLYN,150,339,11/28/2023,16,,,,,,,,,,,,,,,,,,,,,,,,,,,,,,,,,,,,,,,,,,,,,,,,,,,,,,,,,,,,,,,,,,,11237,4,,,,,,,,,,,,,,,,,,,,,,3033240019,5,ADDRESS IS NOT AVAILABLE,,,,,,,,,,,,,,,,,,,,,,,,,,,,,,,,,,,,,,,,,,,,,
PACT DEVELOPMENTS DIRECTORY as of 01/01/2025,BROOKLYN,150,339,11/28/2023,16,3035110013,,43 TAPSCOTT STREET,11212,16,09,25,55,41,3000000,,,,,,,,,,,,,,,,,,,,,,,,,,,,,,,,,,,,,,,,,,,,,,,,,,,,,,,,,,,,,,,,,,,,,,,,,,,,,,,,,,,,,,,,,,,,,,,,,,,,,,,,,,,,,,,,,,,,,,,,,,,,,,,
PACT DEVELOPMENTS DIRECTORY as of 01/01/2025,BROOKLYN,150,339,11/28/2023,16,3035120051,1,32 GRAFTON STREET,11212,16,08,25,55,41,3080900,M,,,,,,,,,,,,,,,,,,,,,,,,,,,,,,,,,,,,,,,,,,,,,,,,,,,,,,,,,,,,,,,,,,,,,,,,,,,,,,,,,,,,,,,,,,,,,,,,,,,,,,,,,,,,,,,,,,,,,,,,,,,,,,
PACT DEVELOPMENTS DIRECTORY as of 01/01/2025,BROOKLYN,150,339,11/28/2023,16,3035120051,1,36 GRAFTON STREET,11212,16,08,25,55,41,3080900,M,,,,,,,,,,,,,,,,,,,,,,,,,,,,,,,,,,,,,,,,,,,,,,,,,,,,,,,,,,,,,,,,,,,,,,,,,,,,,,,,,,,,,,,,,,,,,,,,,,,,,,,,,,,,,,,,,,,,,,,,,,,,,,
PACT DEVELOPMENTS DIRECTORY as of 01/01/2025,BROOKLYN,150,339,11/28/2023,16,3035120051,1,40 GRAFTON STREET,11212,16,08,25,55,41,3080900,M,,,,,,,,,,,,,,,,,,,,,,,,,,,,,,,,,,,,,,,,,,,,,,,,,,,,,,,,,,,,,,,,,,,,,,,,,,,,,,,,,,,,,,,,,,,,,,,,,,,,,,,,,,,,,,,,,,,,,,,,,,,,,,
PACT DEVELOPMENTS DIRECTORY as of 01/01/2025,BROOKLYN,150,339,11/28/2023,16,3035120051,1,44 GRAFTON STREET,11212,16,08,25,55,41,3080900,M,,,,,,,,,,,,,,,,,,,,,,,,,,,,,,,,,,,,,,,,,,,,,,,,,,,,,,,,,,,,,,,,,,,,,,,,,,,,,,,,,,,,,,,,,,,,,,,,,,,,,,,,,,,,,,,,,,,,,,,,,,,,,,
PACT DEVELOPMENTS DIRECTORY as of 01/01/2025,BROOKLYN,150,339,11/28/2023,16,3035120051,1,48 GRAFTON STREET,11212,16,08,25,55,41,3080900,M,,,,,,,,,,,,,,,,,,,,,,,,,,,,,,,,,,,,,,,,,,,,,,,,,,,,,,,,,,,,,,,,,,,,,,,,,,,,,,,,,,,,,,,,,,,,,,,,,,,,,,,,,,,,,,,,,,,,,,,,,,,,,,
PACT DEVELOPMENTS DIRECTORY as of 01/01/2025,BROOKLYN,150,339,11/28/2023,16,3035120021,2,583 HOWARD AVENUE,11212,16,08,25,55,41,3326464,M,,,,,,,,,,,,,,,,,,,,,,,,,,,,,,,,,,,,,,,,,,,,,,,,,,,,,,,,,,,,,,,,,,,,,,,,,,,,,,,,,,,,,,,,,,,,,,,,,,,,,,,,,,,,,,,,,,,,,,,,,,,,,,
PACT DEVELOPMENTS DIRECTORY as of 01/01/2025,BROOKLYN,150,339,11/28/2023,16,3035120021,2,575 HOWARD AVENUE,11212,16,08,25,55,41,3326464,,,,,,,,,,,,,,,,,,,,,,,,,,,,,,,,,,,,,,,,,,,,,,,,,,,,,,,,,,,,,,,,,,,,,,,,,,,,,,,,,,,,,,,,,,,,,,,,,,,,,,,,,,,,,,,,,,,,,,,,,,,,,,,
PACT DEVELOPMENTS DIRECTORY as of 01/01/2025,BROOKLYN,150,339,11/28/2023,16,3035120021,2,571 HOWARD AVENUE,11212,16,08,25,55,41,3326464,,,,,,,,,,,,,,,,,,,,,,,,,,,,,,,,,,,,,,,,,,,,,,,,,,,,,,,,,,,,,,,,,,,,,,,,,,,,,,,,,,,,,,,,,,,,,,,,,,,,,,,,,,,,,,,,,,,,,,,,,,,,,,,
PACT DEVELOPMENTS DIRECTORY as of 01/01/2025,BROOKLYN,150,339,11/28/2023,16,3035120021,2,579 HOWARD AVENUE,11212,16,08,25,55,41,3326464,,,,,,,,,,,,,,,,,,,,,,,,,,,,,,,,,,,,,,,,,,,,,,,,,,,,,,,,,,,,,,,,,,,,,,,,,,,,,,,,,,,,,,,,,,,,,,,,,,,,,,,,,,,,,,,,,,,,,,,,,,,,,,,
PACT DEVELOPMENTS DIRECTORY as of 01/01/2025,BROOKLYN,150,339,11/28/2023,16,3035120021,2,587 HOWARD AVENUE,11212,16,08,25,55,41,3326464,M,,,,,,,,,,,,,,,,,,,,,,,,,,,,,,,,,,,,,,,,,,,,,,,,,,,,,,,,,,,,,,,,,,,,,,,,,,,,,,,,,,,,,,,,,,,,,,,,,,,,,,,,,,,,,,,,,,,,,,,,,,,,,,
PACT DEVELOPMENTS DIRECTORY as of 01/01/2025,BROOKLYN,150,339,11/28/2023,16,3035120021,2,591 HOWARD AVENUE,11212,16,08,25,55,41,3326464,M,,,,,,,,,,,,,,,,,,,,,,,,,,,,,,,,,,,,,,,,,,,,,,,,,,,,,,,,,,,,,,,,,,,,,,,,,,,,,,,,,,,,,,,,,,,,,,,,,,,,,,,,,,,,,,,,,,,,,,,,,,,,,,
PACT DEVELOPMENTS DIRECTORY as of 01/01/2025,BROOKLYN,150,339,11/28/2023,16,3035120021,2,595 HOWARD AVENUE,11212,16,08,25,55,41,3326464,M,,,,,,,,,,,,,,,,,,,,,,,,,,,,,,,,,,,,,,,,,,,,,,,,,,,,,,,,,,,,,,,,,,,,,,,,,,,,,,,,,,,,,,,,,,,,,,,,,,,,,,,,,,,,,,,,,,,,,,,,,,,,,,
PACT DEVELOPMENTS DIRECTORY as of 01/01/2025,BROOKLYN,150,339,11/28/2023,16,3035120021,2,599 HOWARD AVENUE,11212,16,08,25,55,41,3326464,M,,,,,,,,,,,,,,,,,,,,,,,,,,,,,,,,,,,,,,,,,,,,,,,,,,,,,,,,,,,,,,,,,,,,,,,,,,,,,,,,,,,,,,,,,,,,,,,,,,,,,,,,,,,,,,,,,,,,,,,,,,,,,,
PACT DEVELOPMENTS DIRECTORY as of 01/01/2025,BROOKLYN,150,339,11/28/2023,16,3035120021,2,603 HOWARD AVENUE,11212,16,08,25,55,41,3326464,M,,,,,,,,,,,,,,,,,,,,,,,,,,,,,,,,,,,,,,,,,,,,,,,,,,,,,,,,,,,,,,,,,,,,,,,,,,,,,,,,,,,,,,,,,,,,,,,,,,,,,,,,,,,,,,,,,,,,,,,,,,,,,,
PACT DEVELOPMENTS DIRECTORY as of 01/01/2025,BROOKLYN,150,339,11/28/2023,16,3035120021,2,607 HOWARD AVENUE,11212,16,08,25,55,41,3326464,M,,,,,,,,,,,,,,,,,,,,,,,,,,,,,,,,,,,,,,,,,,,,,,,,,,,,,,,,,,,,,,,,,,,,,,,,,,,,,,,,,,,,,,,,,,,,,,,,,,,,,,,,,,,,,,,,,,,,,,,,,,,,,,
PACT DEVELOPMENTS DIRECTORY as of 01/01/2025,BROOKLYN,150,339,11/28/2023,16,3035120021,2,611 HOWARD AVENUE,11212,16,08,25,55,41,3326464,M,,,,,,,,,,,,,,,,,,,,,,,,,,,,,,,,,,,,,,,,,,,,,,,,,,,,,,,,,,,,,,,,,,,,,,,,,,,,,,,,,,,,,,,,,,,,,,,,,,,,,,,,,,,,,,,,,,,,,,,,,,,,,,
PACT DEVELOPMENTS DIRECTORY as of 01/01/2025,BROOKLYN,150,339,11/28/2023,16,3035110022,3,574 HOWARD AVENUE,11212,16,09,25,55,41,3326462,M,,,,,,,,,,,,,,,,,,,,,,,,,,,,,,,,,,,,,,,,,,,,,,,,,,,,,,,,,,,,,,,,,,,,,,,,,,,,,,,,,,,,,,,,,,,,,,,,,,,,,,,,,,,,,,,,,,,,,,,,,,,,,,
PACT DEVELOPMENTS DIRECTORY as of 01/01/2025,BROOKLYN,150,339,11/28/2023,16,3035110022,3,578 HOWARD AVENUE,11212,16,09,25,55,41,3326462,M,,,,,,,,,,,,,,,,,,,,,,,,,,,,,,,,,,,,,,,,,,,,,,,,,,,,,,,,,,,,,,,,,,,,,,,,,,,,,,,,,,,,,,,,,,,,,,,,,,,,,,,,,,,,,,,,,,,,,,,,,,,,,,
PACT DEVELOPMENTS DIRECTORY as of 01/01/2025,BROOKLYN,150,339,11/28/2023,16,3035110022,3,582 HOWARD AVENUE,11212,16,09,25,55,41,3326462,M,,,,,,,,,,,,,,,,,,,,,,,,,,,,,,,,,,,,,,,,,,,,,,,,,,,,,,,,,,,,,,,,,,,,,,,,,,,,,,,,,,,,,,,,,,,,,,,,,,,,,,,,,,,,,,,,,,,,,,,,,,,,,,
PACT DEVELOPMENTS DIRECTORY as of 01/01/2025,BROOKLYN,150,339,11/28/2023,16,3035110046,4,602 HOWARD AVENUE,11212,16,09,25,55,41,3255190,M,,,,,,,,,,,,,,,,,,,,,,,,,,,,,,,,,,,,,,,,,,,,,,,,,,,,,,,,,,,,,,,,,,,,,,,,,,,,,,,,,,,,,,,,,,,,,,,,,,,,,,,,,,,,,,,,,,,,,,,,,,,,,,
PACT DEVELOPMENTS DIRECTORY as of 01/01/2025,BROOKLYN,150,339,11/28/2023,16,3035110046,4,606 HOWARD AVENUE,11212,16,09,25,55,41,3255190,M,,,,,,,,,,,,,,,,,,,,,,,,,,,,,,,,,,,,,,,,,,,,,,,,,,,,,,,,,,,,,,,,,,,,,,,,,,,,,,,,,,,,,,,,,,,,,,,,,,,,,,,,,,,,,,,,,,,,,,,,,,,,,,
PACT DEVELOPMENTS DIRECTORY as of 01/01/2025,BROOKLYN,150,339,11/28/2023,16,3035110046,4,610 HOWARD AVENUE,11212,16,09,25,55,41,3255190,M,,,,,,,,,,,,,,,,,,,,,,,,,,,,,,,,,,,,,,,,,,,,,,,,,,,,,,,,,,,,,,,,,,,,,,,,,,,,,,,,,,,,,,,,,,,,,,,,,,,,,,,,,,,,,,,,,,,,,,,,,,,,,,
PACT DEVELOPMENTS DIRECTORY as of 01/01/2025,BROOKLYN,150,339,11/28/2023,16,3035110046,4,614 HOWARD AVENUE,11212,16,09,25,55,41,3255190,M,,,,,,,,,,,,,,,,,,,,,,,,,,,,,,,,,,,,,,,,,,,,,,,,,,,,,,,,,,,,,,,,,,,,,,,,,,,,,,,,,,,,,,,,,,,,,,,,,,,,,,,,,,,,,,,,,,,,,,,,,,,,,,
PACT DEVELOPMENTS DIRECTORY as of 01/01/2025,BROOKLYN,150,339,11/28/2023,16,3035110022,5,1 TAPSCOTT STREET,11212,16,09,25,55,41,3326463,M,,,,,,,,,,,,,,,,,,,,,,,,,,,,,,,,,,,,,,,,,,,,,,,,,,,,,,,,,,,,,,,,,,,,,,,,,,,,,,,,,,,,,,,,,,,,,,,,,,,,,,,,,,,,,,,,,,,,,,,,,,,,,,
PACT DEVELOPMENTS DIRECTORY as of 01/01/2025,BROOKLYN,150,339,11/28/2023,16,3035110022,5,5 TAPSCOTT STREET,11212,16,09,25,55,41,3326463,M,,,,,,,,,,,,,,,,,,,,,,,,,,,,,,,,,,,,,,,,,,,,,,,,,,,,,,,,,,,,,,,,,,,,,,,,,,,,,,,,,,,,,,,,,,,,,,,,,,,,,,,,,,,,,,,,,,,,,,,,,,,,,,
PACT DEVELOPMENTS DIRECTORY as of 01/01/2025,BROOKLYN,150,339,11/28/2023,16,3035110022,5,9 TAPSCOTT STREET,11212,16,09,25,55,41,3326463,M,,,,,,,,,,,,,,,,,,,,,,,,,,,,,,,,,,,,,,,,,,,,,,,,,,,,,,,,,,,,,,,,,,,,,,,,,,,,,,,,,,,,,,,,,,,,,,,,,,,,,,,,,,,,,,,,,,,,,,,,,,,,,,
PACT DEVELOPMENTS DIRECTORY as of 01/01/2025,BROOKLYN,150,339,11/28/2023,16,3035110022,5,13 TAPSCOTT STREET,11212,16,09,25,55,41,3326463,M,,,,,,,,,,,,,,,,,,,,,,,,,,,,,,,,,,,,,,,,,,,,,,,,,,,,,,,,,,,,,,,,,,,,,,,,,,,,,,,,,,,,,,,,,,,,,,,,,,,,,,,,,,,,,,,,,,,,,,,,,,,,,,
PACT DEVELOPMENTS DIRECTORY as of 01/01/2025,BROOKLYN,150,339,11/28/2023,16,3035110022,5,17 TAPSCOTT STREET,11212,16,09,25,55,41,3326463,M,,,,,,,,,,,,,,,,,,,,,,,,,,,,,,,,,,,,,,,,,,,,,,,,,,,,,,,,,,,,,,,,,,,,,,,,,,,,,,,,,,,,,,,,,,,,,,,,,,,,,,,,,,,,,,,,,,,,,,,,,,,,,,
PACT DEVELOPMENTS DIRECTORY as of 01/01/2025,BROOKLYN,150,339,11/28/2023,16,3035120051,6,48REAR GRAFTON STREET,11212,,08,25,55,41,3406850,,,,,,,,,,,,,,,,,,,,,,,,,,,,,,,,,,,,,,,,,,,,,,,,,,,,,,,,,,,,,,,,,,,,,,,,,,,,,,,,,,,,,,,,,,,,,,,,,,,,,,,,,,,,,,,,,,,,,,,,,,,,,,,
PACT DEVELOPMENTS DIRECTORY as of 01/01/2025,BROOKLYN,150,339,11/28/2023,16,3014700148,,,,16,,,,,,,,,,,,,,,,,,,,,,,,,,,,,,,,,,,,,,,,,,,,,,,,,,,,,,,,,,,,,,,,,,,,,,,,,,,,,,,,,,,,,,,,,,,,,,,,,,,,,,,,,,,,,,,,,,,,,,,,,,,,,,,,,,,,
PACT DEVELOPMENTS DIRECTORY as of 01/01/2025,BROOKLYN,150,339,11/28/2023,16,3014710055,,1481 EASTERN PARKWAY,11233,16,09,25,55,41,3039465,,,,,,,,,,,,,,,,,,,,,,,,,,,,,,,,,,,,,,,,,,,,,,,,,,,,,,,,,,,,,,,,,,,,,,,,,,,,,,,,,,,,,,,,,,,,,,,,,,,,,,,,,,,,,,,,,,,,,,,,,,,,,,,
PACT DEVELOPMENTS DIRECTORY as of 01/01/2025,BROOKLYN,150,339,11/28/2023,16,3014710053,,1483 EASTERN PARKWAY,11233,16,09,25,55,41,3039464,,,,,,,,,,,,,,,,,,,,,,,,,,,,,,,,,,,,,,,,,,,,,,,,,,,,,,,,,,,,,,,,,,,,,,,,,,,,,,,,,,,,,,,,,,,,,,,,,,,,,,,,,,,,,,,,,,,,,,,,,,,,,,,
PACT DEVELOPMENTS DIRECTORY as of 01/01/2025,BROOKLYN,150,339,11/28/2023,16,3014710053,,1485 EASTERN PARKWAY,11233,16,09,25,55,41,3039464,,,,,,,,,,,,,,,,,,,,,,,,,,,,,,,,,,,,,,,,,,,,,,,,,,,,,,,,,,,,,,,,,,,,,,,,,,,,,,,,,,,,,,,,,,,,,,,,,,,,,,,,,,,,,,,,,,,,,,,,,,,,,,,
PACT DEVELOPMENTS DIRECTORY as of 01/01/2025,BROOKLYN,150,339,11/28/2023,16,3014700051,,1695 SAINT JOHNS PLACE,11233,16,09,25,55,41,3406673,,,,,,,,,,,,,,,,,,,,,,,,,,,,,,,,,,,,,,,,,,,,,,,,,,,,,,,,,,,,,,,,,,,,,,,,,,,,,,,,,,,,,,,,,,,,,,,,,,,,,,,,,,,,,,,,,,,,,,,,,,,,,,,
PACT DEVELOPMENTS DIRECTORY as of 01/01/2025,BROOKLYN,150,339,11/28/2023,16,3014700050,,1697 SAINT JOHNS PLACE,11233,16,09,25,55,41,3039443,,,,,,,,,,,,,,,,,,,,,,,,,,,,,,,,,,,,,,,,,,,,,,,,,,,,,,,,,,,,,,,,,,,,,,,,,,,,,,,,,,,,,,,,,,,,,,,,,,,,,,,,,,,,,,,,,,,,,,,,,,,,,,,
PACT DEVELOPMENTS DIRECTORY as of 01/01/2025,BROOKLYN,150,339,11/28/2023,16,3014700049,,1701 SAINT JOHNS PLACE,11233,16,09,25,55,41,3000000,,,,,,,,,,,,,,,,,,,,,,,,,,,,,,,,,,,,,,,,,,,,,,,,,,,,,,,,,,,,,,,,,,,,,,,,,,,,,,,,,,,,,,,,,,,,,,,,,,,,,,,,,,,,,,,,,,,,,,,,,,,,,,,
PACT DEVELOPMENTS DIRECTORY as of 01/01/2025,BROOKLYN,150,339,11/28/2023,16,3014700048,,1703 SAINT JOHNS PLACE,11233,16,09,25,55,41,3000000,,,,,,,,,,,,,,,,,,,,,,,,,,,,,,,,,,,,,,,,,,,,,,,,,,,,,,,,,,,,,,,,,,,,,,,,,,,,,,,,,,,,,,,,,,,,,,,,,,,,,,,,,,,,,,,,,,,,,,,,,,,,,,,
PACT DEVELOPMENTS DIRECTORY as of 01/01/2025,BROOKLYN,150,339,11/28/2023,16,3014700024,,1738 STERLING PLACE,11233,16,09,25,55,41,3000000,,,,,,,,,,,,,,,,,,,,,,,,,,,,,,,,,,,,,,,,,,,,,,,,,,,,,,,,,,,,,,,,,,,,,,,,,,,,,,,,,,,,,,,,,,,,,,,,,,,,,,,,,,,,,,,,,,,,,,,,,,,,,,,
PACT DEVELOPMENTS DIRECTORY as of 01/01/2025,BROOKLYN,150,339,11/28/2023,16,3014700025,,1740 STERLING PLACE,11233,16,09,25,55,41,3039431,,,,,,,,,,,,,,,,,,,,,,,,,,,,,,,,,,,,,,,,,,,,,,,,,,,,,,,,,,,,,,,,,,,,,,,,,,,,,,,,,,,,,,,,,,,,,,,,,,,,,,,,,,,,,,,,,,,,,,,,,,,,,,,
PACT DEVELOPMENTS DIRECTORY as of 01/01/2025,,,,,17,,,,,,,,,,,,,,,,,,25,,,,,,,,,,,,,,,,3348347,,,,,,,,,,,,,,,,,,,,,,,,,,,,,,,,,,,,,,,,,,,,,,16,,,,,,,,09,,,,,,3014710059,1749 SAINT JOHNS PLACE,11233,55,41,,,,,,,,,,,,,,,,,,,,,,,,,,,,,,,,,,,,,,,
PACT DEVELOPMENTS DIRECTORY as of 01/01/2025,,,,,17,,,,,,,,,,,,,,,,,,25,,,,,,,,,,,,,,,,3348347,,,,,,,,,,,,,,,,,,,,,,,,,,,,,,,,,,,,,,,,,,,,,,16,,,,,,,,09,,,,,,3014710059,1751 SAINT JOHNS PLACE,11233,55,41,,,,,,,,,,,,,,,,,,,,,,,,,,,,,,,,,,,,,,,
PACT DEVELOPMENTS DIRECTORY as of 01/01/2025,,,,,17,,,,,,,,,,,,,,,,,,25,,,,,,,,,,,,,,,,3348347,,,,,,,,,,,,,,,,,,,,,,,,,,,,,,,,,,,,,,,,,,,,,,16,,,,,,,,09,,,,,,3014710059,1753 SAINT JOHNS PLACE,11233,55,41,,,,,,,,,,,,,,,,,,,,,,,,,,,,,,,,,,,,,,,
PACT DEVELOPMENTS DIRECTORY as of 01/01/2025,,,,,17,,,,,,,,,,,,,,,,,,25,,,,,,,,,,,,,,,,3348348,,,,,,,,,,,,,,,,,,,,,,,,,,,,,,,,,,,,,,,,,,,,,,16,,,,,,,,09,,,,,,3014710057,1755 SAINT JOHNS PLACE,11233,55,41,,,,,,,,,,,,,,,,,,,,,,,,,,,,,,,,,,,,,,,
PACT DEVELOPMENTS DIRECTORY as of 01/01/2025,,,,,17,,,,,,,,,,,,,,,,,,25,,,,,,,,,,,,,,,,3348348,,,,,,,,,,,,,,,,,,,,,,,,,,,,,,,,,,,,,,,,,,,,,,16,,,,,,,,09,,,,,,3014710057,1757 SAINT JOHNS PLACE,11233,55,41,,,,,,,,,,,,,,,,,,,,,,,,,,,,,,,,,,,,,,,
PACT DEVELOPMENTS DIRECTORY as of 01/01/2025,,,,,17,,,,,,,,,,,,,,,,,,25,,,,,,,,,,,,,,,,3039435,,,,,,,,,,,,,,,,,,,,,,,,,,,,,,,,,,,,,,,,,,,,,,16,,,,,,,,09,,,,,,3014700033,1758 STERLING PLACE,11233,55,41,,,,,,,,,,,,,,,,,,,,,,,,,,,,,,,,,,,,,,,
PACT DEVELOPMENTS DIRECTORY as of 01/01/2025,,,,,17,,,,,,,,,,,,,,,,,,25,,,,,,,,,,,,,,,,3000000,,,,,,,,,,,,,,,,,,,,,,,,,,,,,,,,,,,,,,,,,,,,,,16,,,,,,,,09,,,,,,3014660042,486 HOWARD AVENUE,11233,55,41,,,,,,,,,,,,,,,,,,,,,,,,,,,,,,,,,,,,,,,
PACT DEVELOPMENTS DIRECTORY as of 01/01/2025,,,,,17,,,,,,,,,,,,,,,,,,25,,,,,,,,,,,,,,,,3000000,,,,,,,,,,,,,,,,,,,,,,,,,,,,,,,,,,,,,,,,,,,,,,16,,,,,,,,09,,,,,,3014660043,488 HOWARD AVENUE,11233,55,41,,,,,,,,,,,,,,,,,,,,,,,,,,,,,,,,,,,,,,,
PACT DEVELOPMENTS DIRECTORY as of 01/01/2025,,,,,17,,,,,,,,,,,,,,,,,,25,,,,,,,,,,,,,,,,3332073,,,,,,,,,,,,,,,,,,,,,,,,,,,,,,,,,,,,,,,,,,,,,,16,,,,,,,,09,,,,,,3014660044,490 HOWARD AVENUE,11233,55,41,,,,,,,,,,,,,,,,,,,,,,,,,,,,,,,,,,,,,,,
PACT DEVELOPMENTS DIRECTORY as of 01/01/2025,,,,,17,,,,,,,,,,,,,,,,,,25,,,,,,,,,,,,,,,,3332074,,,,,,,,,,,,,,,,,,,,,,,,,,,,,,,,,,,,,,,,,,,,,,16,,,,,,,,09,,,,,,3014660045,492 HOWARD AVENUE,11233,55,41,,,,,,,,,,,,,,,,,,,,,,,,,,,,,,,,,,,,,,,
PACT DEVELOPMENTS DIRECTORY as of 01/01/2025,,,,,17,,,,,,,,,,,,,,,,,,25,,,,,,,,,,,,,,,,3000000,,,,,,,,,,,,,,,,,,,,,,,,,,,,,,,,,,,,,,,,,,,,,,16,,,,,,,,09,,,,,,3014700037,500 HOWARD AVENUE,11233,55,41,,,,,,,,,,,,,,,,,,,,,,,,,,,,,,,,,,,,,,,
PACT DEVELOPMENTS DIRECTORY as of 01/01/2025,,,,,17,,,,,,,,,,,,,,,,,,25,,,,,,,,,,,,,,,,3000000,,,,,,,,,,,,,,,,,,,,,,,,,,,,,,,,,,,,,,,,,,,,,,16,,,,,,,,09,,,,,,3014700038,502 HOWARD AVENUE,11233,55,41,,,,,,,,,,,,,,,,,,,,,,,,,,,,,,,,,,,,,,,
PACT DEVELOPMENTS DIRECTORY as of 01/01/2025,,,,,17,,,,,,,,,,,,,,,,,,25,,,,,,,,,,,,,,,,,,,,,,,,,,,,,,,,,,,,,,,,,,,,,,,,,,,,,,,,,,,,,,16,,,,,,,,09,,,,,,3014700041,514 HOWARD AVENUE,11233,55,41,,,,,,,,,,,,,,,,,,,,,,,,,,,,,,,,,,,,,,,
PACT DEVELOPMENTS DIRECTORY as of 01/01/2025,,,,,17,,,,,,,,,,,,,,,,,,25,,,,,,,,,,,,,,,,3039386,,,,,,,,,,,,,,,,,,,,,,,,,,,,,,,,,,,,,,,,,,,,,,16,,,,,,,,09,,,,,,3014660049,1761 STERLING PLACE,11233,55,41,,,,,,,,,,,,,,,,,,,,,,,,,,,,,,,,,,,,,,,
PACT DEVELOPMENTS DIRECTORY as of 01/01/2025,,,,,17,,,,,,,,,,,,,,,,,,25,,,,,,,,,,,,,,,,3039386,,,,,,,,,,,,,,,,,,,,,,,,,,,,,,,,,,,,,,,,,,,,,,16,,,,,,,,09,,,,,,3014660049,1761A STERLING PLACE,11233,55,41,,,,,,,,,,,,,,,,,,,,,,,,,,,,,,,,,,,,,,,
PACT DEVELOPMENTS DIRECTORY as of 01/01/2025,,,,,17,,,,,,,,,,,,,,,,,,25,,,,,,,,,,,,,,,,3039386,,,,,,,,,,,,,,,,,,,,,,,,,,,,,,,,,,,,,,,,,,,,,,16,,,,,,,,09,,,,,,3014660049,1761B STERLING PLACE,11233,55,41,,,,,,,,,,,,,,,,,,,,,,,,,,,,,,,,,,,,,,,
PACT DEVELOPMENTS DIRECTORY as of 01/01/2025,,,,,17,,,,,,,,,,,,,,,,,,25,,,,,,,,,,,,,,,,3039386,,,,,,,,,,,,,,,,,,,,,,,,,,,,,,,,,,,,,,,,,,,,,,16,,,,,,,,09,,,,,,3014660049,1763 STERLING PLACE,11233,55,41,,,,,,,,,,,,,,,,,,,,,,,,,,,,,,,,,,,,,,,
PACT DEVELOPMENTS DIRECTORY as of 01/01/2025,,,,,17,,,,,,,,,,,,,,,,,,25,,,,,,,,,,,,,,,,3039386,,,,,,,,,,,,,,,,,,,,,,,,,,,,,,,,,,,,,,,,,,,,,,16,,,,,,,,09,,,,,,3014660049,1763A STERLING PLACE,11233,55,41,,,,,,,,,,,,,,,,,,,,,,,,,,,,,,,,,,,,,,,
PACT DEVELOPMENTS DIRECTORY as of 01/01/2025,,,,,17,,,,,,,,,,,,,,,,,,25,,,,,,,,,,,,,,,,3039386,,,,,,,,,,,,,,,,,,,,,,,,,,,,,,,,,,,,,,,,,,,,,,16,,,,,,,,09,,,,,,3014660049,1763B STERLING PLACE,11233,55,41,,,,,,,,,,,,,,,,,,,,,,,,,,,,,,,,,,,,,,,
PACT DEVELOPMENTS DIRECTORY as of 01/01/2025,,,,,17,,,,,,,,,,,,,,,,,,25,,,,,,,,,,,,,,,,3039386,,,,,,,,,,,,,,,,,,,,,,,,,,,,,,,,,,,,,,,,,,,,,,16,,,,,,,,09,,,,,,3014660047,1765 STERLING PLACE,11233,55,41,,,,,,,,,,,,,,,,,,,,,,,,,,,,,,,,,,,,,,,
PACT DEVELOPMENTS DIRECTORY as of 01/01/2025,,,,,17,,,,,,,,,,,,,,,,,,25,,,,,,,,,,,,,,,,3039386,,,,,,,,,,,,,,,,,,,,,,,,,,,,,,,,,,,,,,,,,,,,,,16,,,,,,,,09,,,,,,3014660047,1765A STERLING PLACE,11233,55,41,,,,,,,,,,,,,,,,,,,,,,,,,,,,,,,,,,,,,,,
PACT DEVELOPMENTS DIRECTORY as of 01/01/2025,,,,,17,,,,,,,,,,,,,,,,,,25,,,,,,,,,,,,,,,,3039386,,,,,,,,,,,,,,,,,,,,,,,,,,,,,,,,,,,,,,,,,,,,,,16,,,,,,,,09,,,,,,3014660047,1765B STERLING PLACE,11233,55,41,,,,,,,,,,,,,,,,,,,,,,,,,,,,,,,,,,,,,,,
PACT DEVELOPMENTS DIRECTORY as of 01/01/2025,,,,,17,,,,,,,,,,,,,,,,,,25,,,,,,,,,,,,,,,,3039386,,,,,,,,,,,,,,,,,,,,,,,,,,,,,,,,,,,,,,,,,,,,,,16,,,,,,,,09,,,,,,3014660047,1767 STERLING PLACE,11233,55,41,,,,,,,,,,,,,,,,,,,,,,,,,,,,,,,,,,,,,,,
PACT DEVELOPMENTS DIRECTORY as of 01/01/2025,,,,,17,,,,,,,,,,,,,,,,,,25,,,,,,,,,,,,,,,,3039386,,,,,,,,,,,,,,,,,,,,,,,,,,,,,,,,,,,,,,,,,,,,,,16,,,,,,,,09,,,,,,3014660047,1767A STERLING PLACE,11233,55,41,,,,,,,,,,,,,,,,,,,,,,,,,,,,,,,,,,,,,,,
PACT DEVELOPMENTS DIRECTORY as of 01/01/2025,,,,,17,,,,,,,,,,,,,,,,,,25,,,,,,,,,,,,,,,,3039386,,,,,,,,,,,,,,,,,,,,,,,,,,,,,,,,,,,,,,,,,,,,,,16,,,,,,,,09,,,,,,3014660047,1767B STERLING PLACE,11233,55,41,,,,,,,,,,,,,,,,,,,,,,,,,,,,,,,,,,,,,,,
PACT DEVELOPMENTS DIRECTORY as of 01/01/2025,,,,,17,,,,,,,,,,,,,,,,,,25,,,,,,,,,,,,,,,,3039386,,,,,,,,,,,,,,,,,,,,,,,,,,,,,,,,,,,,,,,,,,,,,,16,,,,,,,,09,,,,,,3014660047,494 HOWARD AVENUE,11233,55,41,,,,,,,,,,,,,,,,,,,,,,,,,,,,,,,,,,,,,,,
PACT DEVELOPMENTS DIRECTORY as of 01/01/2025,,,,,17,,,,,,,,,,,,,,,,,,25,,,,,,,,,,,,,,,,3039386,,,,,,,,,,,,,,,,,,,,,,,,,,,,,,,,,,,,,,,,,,,,,,16,,,,,,,,09,,,,,,3014660047,496 HOWARD AVENUE,11233,55,41,,,,,,,,,,,,,,,,,,,,,,,,,,,,,,,,,,,,,,,
PACT DEVELOPMENTS DIRECTORY as of 01/01/2025,,,,,17,,,,,,,,,,,,,,,,,,25,,,,,,,,,,,,,,,,3348331,,,,,,,,,,,,,,,,,,,,,,,,,,,,,,,,,,,,,,,,,,,,,,16,,,,,,,,09,,,,,,3014700035,1764 STERLING PLACE,11233,55,41,,,,,,,,,,,,,,,,,,,,,,,,,,,,,,,,,,,,,,,
PACT DEVELOPMENTS DIRECTORY as of 01/01/2025,,,,,17,,,,,,,,,,,,,,,,,,25,,,,,,,,,,,,,,,,3348331,,,,,,,,,,,,,,,,,,,,,,,,,,,,,,,,,,,,,,,,,,,,,,16,,,,,,,,09,,,,,,3014700035,1766 STERLING PLACE,11233,55,41,,,,,,,,,,,,,,,,,,,,,,,,,,,,,,,,,,,,,,,
PACT DEVELOPMENTS DIRECTORY as of 01/01/2025,,,,,17,,,,,,,,,,,,,,,,,,25,,,,,,,,,,,,,,,,3348335,,,,,,,,,,,,,,,,,,,,,,,,,,,,,,,,,,,,,,,,,,,,,,16,,,,,,,,09,,,,,,3014700035,1766A STERLING PLACE,11233,55,41,,,,,,,,,,,,,,,,,,,,,,,,,,,,,,,,,,,,,,,
PACT DEVELOPMENTS DIRECTORY as of 01/01/2025,,,,,17,,,,,,,,,,,,,,,,,,25,,,,,,,,,,,,,,,,3348335,,,,,,,,,,,,,,,,,,,,,,,,,,,,,,,,,,,,,,,,,,,,,,16,,,,,,,,09,,,,,,3014700035,1766B STERLING PLACE,11233,55,41,,,,,,,,,,,,,,,,,,,,,,,,,,,,,,,,,,,,,,,
PACT DEVELOPMENTS DIRECTORY as of 01/01/2025,,,,,17,,,,,,,,,,,,,,,,,,25,,,,,,,,,,,,,,,,3348334,,,,,,,,,,,,,,,,,,,,,,,,,,,,,,,,,,,,,,,,,,,,,,16,,,,,,,,09,,,,,,3014700035,1768 STERLING PLACE,11233,55,41,,,,,,,,,,,,,,,,,,,,,,,,,,,,,,,,,,,,,,,
PACT DEVELOPMENTS DIRECTORY as of 01/01/2025,,,,,17,,,,,,,,,,,,,,,,,,25,,,,,,,,,,,,,,,,3348333,,,,,,,,,,,,,,,,,,,,,,,,,,,,,,,,,,,,,,,,,,,,,,16,,,,,,,,09,,,,,,3014700035,1768A STERLING PLACE,11233,55,41,,,,,,,,,,,,,,,,,,,,,,,,,,,,,,,,,,,,,,,
PACT DEVELOPMENTS DIRECTORY as of 01/01/2025,,,,,17,,,,,,,,,,,,,,,,,,25,,,,,,,,,,,,,,,,3348333,,,,,,,,,,,,,,,,,,,,,,,,,,,,,,,,,,,,,,,,,,,,,,16,,,,,,,,09,,,,,,3014700035,1768B STERLING PLACE,11233,55,41,,,,,,,,,,,,,,,,,,,,,,,,,,,,,,,,,,,,,,,
PACT DEVELOPMENTS DIRECTORY as of 01/01/2025,,,,,17,,,,,,,,,,,,,,,,,,25,,,,,,,,,,,,,,,,3348336,,,,,,,,,,,,,,,,,,,,,,,,,,,,,,,,,,,,,,,,,,,,,,16,,,,,,,,09,,,,,,3014700037,1770 STERLING PLACE,11233,55,41,,,,,,,,,,,,,,,,,,,,,,,,,,,,,,,,,,,,,,,
PACT DEVELOPMENTS DIRECTORY as of 01/01/2025,,,,,17,,,,,,,,,,,,,,,,,,25,,,,,,,,,,,,,,,,3348340,,,,,,,,,,,,,,,,,,,,,,,,,,,,,,,,,,,,,,,,,,,,,,16,,,,,,,,09,,,,,,3014700037,1770A STERLING PLACE,11233,55,41,,,,,,,,,,,,,,,,,,,,,,,,,,,,,,,,,,,,,,,
PACT DEVELOPMENTS DIRECTORY as of 01/01/2025,,,,,17,,,,,,,,,,,,,,,,,,25,,,,,,,,,,,,,,,,3348340,,,,,,,,,,,,,,,,,,,,,,,,,,,,,,,,,,,,,,,,,,,,,,16,,,,,,,,09,,,,,,3014700037,1770B STERLING PLACE,11233,55,41,,,,,,,,,,,,,,,,,,,,,,,,,,,,,,,,,,,,,,,
PACT DEVELOPMENTS DIRECTORY as of 01/01/2025,,,,,17,,,,,,,,,,,,,,,,,,25,,,,,,,,,,,,,,,,3348338,,,,,,,,,,,,,,,,,,,,,,,,,,,,,,,,,,,,,,,,,,,,,,16,,,,,,,,09,,,,,,3014700037,1772 STERLING PLACE,11233,55,41,,,,,,,,,,,,,,,,,,,,,,,,,,,,,,,,,,,,,,,
PACT DEVELOPMENTS DIRECTORY as of 01/01/2025,,,,,17,,,,,,,,,,,,,,,,,,25,,,,,,,,,,,,,,,,3348340,,,,,,,,,,,,,,,,,,,,,,,,,,,,,,,,,,,,,,,,,,,,,,16,,,,,,,,09,,,,,,3014700037,1772A STERLING PLACE,11233,55,41,,,,,,,,,,,,,,,,,,,,,,,,,,,,,,,,,,,,,,,
PACT DEVELOPMENTS DIRECTORY as of 01/01/2025,,,,,17,,,,,,,,,,,,,,,,,,25,,,,,,,,,,,,,,,,3348340,,,,,,,,,,,,,,,,,,,,,,,,,,,,,,,,,,,,,,,,,,,,,,16,,,,,,,,09,,,,,,3014700037,1772B STERLING PLACE,11233,55,41,,,,,,,,,,,,,,,,,,,,,,,,,,,,,,,,,,,,,,,
PACT DEVELOPMENTS DIRECTORY as of 01/01/2025,,,,,17,,,,,,,,,,,,,,,,,,25,,,,,,,,,,,,,,,,3348340,,,,,,,,,,,,,,,,,,,,,,,,,,,,,,,,,,,,,,,,,,,,,,16,,,,,,,,09,,,,,,3014700037,1774 STERLING PLACE,11233,55,41,,,,,,,,,,,,,,,,,,,,,,,,,,,,,,,,,,,,,,,
PACT DEVELOPMENTS DIRECTORY as of 01/01/2025,,,,,17,,,,,,,,,,,,,,,,,,25,,,,,,,,,,,,,,,,3348340,,,,,,,,,,,,,,,,,,,,,,,,,,,,,,,,,,,,,,,,,,,,,,16,,,,,,,,09,,,,,,3014700037,1774A STERLING PLACE,11233,55,41,,,,,,,,,,,,,,,,,,,,,,,,,,,,,,,,,,,,,,,
PACT DEVELOPMENTS DIRECTORY as of 01/01/2025,,,,,17,,,,,,,,,,,,,,,,,,25,,,,,,,,,,,,,,,,3348340,,,,,,,,,,,,,,,,,,,,,,,,,,,,,,,,,,,,,,,,,,,,,,16,,,,,,,,09,,,,,,3014700037,1774B STERLING PLACE,11233,55,41,,,,,,,,,,,,,,,,,,,,,,,,,,,,,,,,,,,,,,,
PACT DEVELOPMENTS DIRECTORY as of 01/01/2025,,,,,17,,,,,,,,,,,,,,,,,,25,,,,,,,,,,,,,,,,3000000,,,,,,,,,,,,,,,,,,,,,,,,,,,,,,,,,,,,,,,,,,,,,,16,,,,,,,,09,,,,,,3014700036,498 HOWARD AVENUE,11233,55,41,,,,,,,,,,,,,,,,,,,,,,,,,,,,,,,,,,,,,,,
PACT DEVELOPMENTS DIRECTORY as of 01/01/2025,,,,,17,,,,,,,,,,,,,,,,,,25,,,,,,,,,,,,,,,,3348340,,,,,,,,,,,,,,,,,,,,,,,,,,,,,,,,,,,,,,,,,,,,,,16,,,,,,,,09,,,,,,3014700037,1776 STERLING PLACE,11233,55,41,,,,,,,,,,,,,,,,,,,,,,,,,,,,,,,,,,,,,,,
PACT DEVELOPMENTS DIRECTORY as of 01/01/2025,,,,,17,,,,,,,,,,,,,,,,,,25,,,,,,,,,,,,,,,,3393514,,,,,,,,,,,,,,,,,,,,,,,,,,,,,,,,,,,,,,,,,,,,,,16,,,,,,,,09,,,,,,3014700073,504 HOWARD AVENUE,11233,55,41,,,,,,,,,,,,,,,,,,,,,,,,,,,,,,,,,,,,,,,
PACT DEVELOPMENTS DIRECTORY as of 01/01/2025,,,,,17,,,,,,,,,,,,,,,,,,25,,,,,,,,,,,,,,,,3393514,,,,,,,,,,,,,,,,,,,,,,,,,,,,,,,,,,,,,,,,,,,,,,16,,,,,,,,09,,,,,,3014700073,504A HOWARD AVENUE,11233,55,41,,,,,,,,,,,,,,,,,,,,,,,,,,,,,,,,,,,,,,,
PACT DEVELOPMENTS DIRECTORY as of 01/01/2025,,,,,17,,,,,,,,,,,,,,,,,,25,,,,,,,,,,,,,,,,3393514,,,,,,,,,,,,,,,,,,,,,,,,,,,,,,,,,,,,,,,,,,,,,,16,,,,,,,,09,,,,,,3014700073,504B HOWARD AVENUE,11233,55,41,,,,,,,,,,,,,,,,,,,,,,,,,,,,,,,,,,,,,,,
PACT DEVELOPMENTS DIRECTORY as of 01/01/2025,,,,,17,,,,,,,,,,,,,,,,,,25,,,,,,,,,,,,,,,,3346604,,,,,,,,,,,,,,,,,,,,,,,,,,,,,,,,,,,,,,,,,,,,,,16,,,,,,,,09,,,,,,3014700039,506 HOWARD AVENUE,11233,55,41,,,,,,,,,,,,,,,,,,,,,,,,,,,,,,,,,,,,,,,
PACT DEVELOPMENTS DIRECTORY as of 01/01/2025,,,,,17,,,,,,,,,,,,,,,,,,25,,,,,,,,,,,,,,,,3346604,,,,,,,,,,,,,,,,,,,,,,,,,,,,,,,,,,,,,,,,,,,,,,16,,,,,,,,09,,,,,,3014700039,506A HOWARD AVENUE,11233,55,41,,,,,,,,,,,,,,,,,,,,,,,,,,,,,,,,,,,,,,,
PACT DEVELOPMENTS DIRECTORY as of 01/01/2025,,,,,17,,,,,,,,,,,,,,,,,,25,,,,,,,,,,,,,,,,3346604,,,,,,,,,,,,,,,,,,,,,,,,,,,,,,,,,,,,,,,,,,,,,,16,,,,,,,,09,,,,,,3014700039,506B HOWARD AVENUE,11233,55,41,,,,,,,,,,,,,,,,,,,,,,,,,,,,,,,,,,,,,,,
PACT DEVELOPMENTS DIRECTORY as of 01/01/2025,,,,,17,,,,,,,,,,,,,,,,,,25,,,,,,,,,,,,,,,,3346605,,,,,,,,,,,,,,,,,,,,,,,,,,,,,,,,,,,,,,,,,,,,,,16,,,,,,,,09,,,,,,3014700039,508 HOWARD AVENUE,11233,55,41,,,,,,,,,,,,,,,,,,,,,,,,,,,,,,,,,,,,,,,
PACT DEVELOPMENTS DIRECTORY as of 01/01/2025,,,,,17,,,,,,,,,,,,,,,,,,25,,,,,,,,,,,,,,,,3346605,,,,,,,,,,,,,,,,,,,,,,,,,,,,,,,,,,,,,,,,,,,,,,16,,,,,,,,09,,,,,,3014700039,508A HOWARD AVENUE,11233,55,41,,,,,,,,,,,,,,,,,,,,,,,,,,,,,,,,,,,,,,,
PACT DEVELOPMENTS DIRECTORY as of 01/01/2025,,,,,17,,,,,,,,,,,,,,,,,,25,,,,,,,,,,,,,,,,3346605,,,,,,,,,,,,,,,,,,,,,,,,,,,,,,,,,,,,,,,,,,,,,,16,,,,,,,,09,,,,,,3014700039,508B HOWARD AVENUE,11233,55,41,,,,,,,,,,,,,,,,,,,,,,,,,,,,,,,,,,,,,,,
PACT DEVELOPMENTS DIRECTORY as of 01/01/2025,,,,,17,,,,,,,,,,,,,,,,,,25,,,,,,,,,,,,,,,,3346605,,,,,,,,,,,,,,,,,,,,,,,,,,,,,,,,,,,,,,,,,,,,,,16,,,,,,,,09,,,,,,3014700039,510 HOWARD AVENUE,11233,55,41,,,,,,,,,,,,,,,,,,,,,,,,,,,,,,,,,,,,,,,
PACT DEVELOPMENTS DIRECTORY as of 01/01/2025,,,,,18,,,,,,,,,,,M,,,,,,,25,,,,,,,,,,,,,,,,,,,,,,,,,,,,,,,,,,,,,,,,,,,,,,,,,,4,,,,,,,,,,,,16,,,,,,,,09,,,,,,,,11233,55,41,3014700160,1679A SAINT JOHNS PLACE,3392746,,,,,,,,,,,,,,,,,,,,,,,,,,,,,,,,,,,,
PACT DEVELOPMENTS DIRECTORY as of 01/01/2025,,,,,18,,,,,,,,,,,M,,,,,,,25,,,,,,,,,,,,,,,,,,,,,,,,,,,,,,,,,,,,,,,,,,,,,,,,,,4,,,,,,,,,,,,16,,,,,,,,09,,,,,,,,11233,55,41,3014700160,1679B SAINT JOHNS PLACE,3392746,,,,,,,,,,,,,,,,,,,,,,,,,,,,,,,,,,,,
PACT DEVELOPMENTS DIRECTORY as of 01/01/2025,,,,,18,,,,,,,,,,,M,,,,,,,25,,,,,,,,,,,,,,,,,,,,,,,,,,,,,,,,,,,,,,,,,,,,,,,,,,4,,,,,,,,,,,,16,,,,,,,,09,,,,,,,,11233,55,41,3014700059,1681 SAINT JOHNS PLACE,3393513,,,,,,,,,,,,,,,,,,,,,,,,,,,,,,,,,,,,
PACT DEVELOPMENTS DIRECTORY as of 01/01/2025,,,,,18,,,,,,,,,,,M,,,,,,,25,,,,,,,,,,,,,,,,,,,,,,,,,,,,,,,,,,,,,,,,,,,,,,,,,,4,,,,,,,,,,,,16,,,,,,,,09,,,,,,,,11233,55,41,3014700059,1681A SAINT JOHNS PLACE,3393513,,,,,,,,,,,,,,,,,,,,,,,,,,,,,,,,,,,,
PACT DEVELOPMENTS DIRECTORY as of 01/01/2025,,,,,18,,,,,,,,,,,M,,,,,,,25,,,,,,,,,,,,,,,,,,,,,,,,,,,,,,,,,,,,,,,,,,,,,,,,,,4,,,,,,,,,,,,16,,,,,,,,09,,,,,,,,11233,55,41,3014700059,1681B SAINT JOHNS PLACE,3393513,,,,,,,,,,,,,,,,,,,,,,,,,,,,,,,,,,,,
PACT DEVELOPMENTS DIRECTORY as of 01/01/2025,,,,,18,,,,,,,,,,,M,,,,,,,25,,,,,,,,,,,,,,,,,,,,,,,,,,,,,,,,,,,,,,,,,,,,,,,,,,4,,,,,,,,,,,,16,,,,,,,,09,,,,,,,,11233,55,41,3014700059,1683 SAINT JOHNS PLACE,3393513,,,,,,,,,,,,,,,,,,,,,,,,,,,,,,,,,,,,
PACT DEVELOPMENTS DIRECTORY as of 01/01/2025,,,,,18,,,,,,,,,,,M,,,,,,,25,,,,,,,,,,,,,,,,,,,,,,,,,,,,,,,,,,,,,,,,,,,,,,,,,,4,,,,,,,,,,,,16,,,,,,,,09,,,,,,,,11233,55,41,3014700059,1683A SAINT JOHNS PLACE,3393513,,,,,,,,,,,,,,,,,,,,,,,,,,,,,,,,,,,,
PACT DEVELOPMENTS DIRECTORY as of 01/01/2025,,,,,18,,,,,,,,,,,M,,,,,,,25,,,,,,,,,,,,,,,,,,,,,,,,,,,,,,,,,,,,,,,,,,,,,,,,,,4,,,,,,,,,,,,16,,,,,,,,09,,,,,,,,11233,55,41,3014700059,1683B SAINT JOHNS PLACE,3393513,,,,,,,,,,,,,,,,,,,,,,,,,,,,,,,,,,,,
PACT DEVELOPMENTS DIRECTORY as of 01/01/2025,,,,,18,,,,,,,,,,,M,,,,,,,25,,,,,,,,,,,,,,,,,,,,,,,,,,,,,,,,,,,,,,,,,,,,,,,,,,4,,,,,,,,,,,,16,,,,,,,,09,,,,,,,,11233,55,41,3014700059,1685 SAINT JOHNS PLACE,3393513,,,,,,,,,,,,,,,,,,,,,,,,,,,,,,,,,,,,
PACT DEVELOPMENTS DIRECTORY as of 01/01/2025,,,,,18,,,,,,,,,,,M,,,,,,,25,,,,,,,,,,,,,,,,,,,,,,,,,,,,,,,,,,,,,,,,,,,,,,,,,,4,,,,,,,,,,,,16,,,,,,,,09,,,,,,,,11233,55,41,3014700059,1685A SAINT JOHNS PLACE,3393513,,,,,,,,,,,,,,,,,,,,,,,,,,,,,,,,,,,,
PACT DEVELOPMENTS DIRECTORY as of 01/01/2025,,,,,18,,,,,,,,,,,M,,,,,,,25,,,,,,,,,,,,,,,,,,,,,,,,,,,,,,,,,,,,,,,,,,,,,,,,,,4,,,,,,,,,,,,16,,,,,,,,09,,,,,,,,11233,55,41,3014700059,1685B SAINT JOHNS PLACE,3393513,,,,,,,,,,,,,,,,,,,,,,,,,,,,,,,,,,,,
PACT DEVELOPMENTS DIRECTORY as of 01/01/2025,,,,,18,,,,,,,,,,,M,,,,,,,25,,,,,,,,,,,,,,,,,,,,,,,,,,,,,,,,,,,,,,,,,,,,,,,,,,4,,,,,,,,,,,,16,,,,,,,,09,,,,,,,,11233,55,41,3014700058,1687 SAINT JOHNS PLACE,3393512,,,,,,,,,,,,,,,,,,,,,,,,,,,,,,,,,,,,
PACT DEVELOPMENTS DIRECTORY as of 01/01/2025,,,,,18,,,,,,,,,,,M,,,,,,,25,,,,,,,,,,,,,,,,,,,,,,,,,,,,,,,,,,,,,,,,,,,,,,,,,,4,,,,,,,,,,,,16,,,,,,,,09,,,,,,,,11233,55,41,3014700058,1687A SAINT JOHNS PLACE,3393512,,,,,,,,,,,,,,,,,,,,,,,,,,,,,,,,,,,,
PACT DEVELOPMENTS DIRECTORY as of 01/01/2025,,,,,18,,,,,,,,,,,M,,,,,,,25,,,,,,,,,,,,,,,,,,,,,,,,,,,,,,,,,,,,,,,,,,,,,,,,,,4,,,,,,,,,,,,16,,,,,,,,09,,,,,,,,11233,55,41,3014700058,1687B SAINT JOHNS PLACE,3393512,,,,,,,,,,,,,,,,,,,,,,,,,,,,,,,,,,,,
PACT DEVELOPMENTS DIRECTORY as of 01/01/2025,,,,,18,,,,,,,,,,,M,,,,,,,25,,,,,,,,,,,,,,,,,,,,,,,,,,,,,,,,,,,,,,,,,,,,,,,,,,4,,,,,,,,,,,,16,,,,,,,,09,,,,,,,,11233,55,41,3014700055,1689 SAINT JOHNS PLACE,3392460,,,,,,,,,,,,,,,,,,,,,,,,,,,,,,,,,,,,
PACT DEVELOPMENTS DIRECTORY as of 01/01/2025,,,,,18,,,,,,,,,,,M,,,,,,,25,,,,,,,,,,,,,,,,,,,,,,,,,,,,,,,,,,,,,,,,,,,,,,,,,,4,,,,,,,,,,,,16,,,,,,,,09,,,,,,,,11233,55,41,3014700055,1689A SAINT JOHNS PLACE,3392460,,,,,,,,,,,,,,,,,,,,,,,,,,,,,,,,,,,,
PACT DEVELOPMENTS DIRECTORY as of 01/01/2025,,,,,18,,,,,,,,,,,M,,,,,,,25,,,,,,,,,,,,,,,,,,,,,,,,,,,,,,,,,,,,,,,,,,,,,,,,,,4,,,,,,,,,,,,16,,,,,,,,09,,,,,,,,11233,55,41,3014700055,1689B SAINT JOHNS PLACE,3392460,,,,,,,,,,,,,,,,,,,,,,,,,,,,,,,,,,,,
PACT DEVELOPMENTS DIRECTORY as of 01/01/2025,,,,,18,,,,,,,,,,,M,,,,,,,25,,,,,,,,,,,,,,,,,,,,,,,,,,,,,,,,,,,,,,,,,,,,,,,,,,4,,,,,,,,,,,,16,,,,,,,,09,,,,,,,,11233,55,41,3014700053,1691 SAINT JOHNS PLACE,3392450,,,,,,,,,,,,,,,,,,,,,,,,,,,,,,,,,,,,
PACT DEVELOPMENTS DIRECTORY as of 01/01/2025,,,,,18,,,,,,,,,,,M,,,,,,,25,,,,,,,,,,,,,,,,,,,,,,,,,,,,,,,,,,,,,,,,,,,,,,,,,,4,,,,,,,,,,,,16,,,,,,,,09,,,,,,,,11233,55,41,3014700053,1691A SAINT JOHNS PLACE,3392450,,,,,,,,,,,,,,,,,,,,,,,,,,,,,,,,,,,,
PACT DEVELOPMENTS DIRECTORY as of 01/01/2025,,,,,18,,,,,,,,,,,M,,,,,,,25,,,,,,,,,,,,,,,,,,,,,,,,,,,,,,,,,,,,,,,,,,,,,,,,,,4,,,,,,,,,,,,16,,,,,,,,09,,,,,,,,11233,55,41,3014700053,1691B SAINT JOHNS PLACE,3392450,,,,,,,,,,,,,,,,,,,,,,,,,,,,,,,,,,,,
PACT DEVELOPMENTS DIRECTORY as of 01/01/2025,,,,,18,,,,,,,,,,,M,,,,,,,25,,,,,,,,,,,,,,,,,,,,,,,,,,,,,,,,,,,,,,,,,,,,,,,,,,4,,,,,,,,,,,,16,,,,,,,,09,,,,,,,,11233,55,41,3014700052,1693 SAINT JOHNS PLACE,3394408,,,,,,,,,,,,,,,,,,,,,,,,,,,,,,,,,,,,
PACT DEVELOPMENTS DIRECTORY as of 01/01/2025,,,,,18,,,,,,,,,,,M,,,,,,,25,,,,,,,,,,,,,,,,,,,,,,,,,,,,,,,,,,,,,,,,,,,,,,,,,,4,,,,,,,,,,,,16,,,,,,,,09,,,,,,,,11233,55,41,3014700052,1693A SAINT JOHNS PLACE,3394408,,,,,,,,,,,,,,,,,,,,,,,,,,,,,,,,,,,,
PACT DEVELOPMENTS DIRECTORY as of 01/01/2025,,,,,18,,,,,,,,,,,M,,,,,,,25,,,,,,,,,,,,,,,,,,,,,,,,,,,,,,,,,,,,,,,,,,,,,,,,,,4,,,,,,,,,,,,16,,,,,,,,09,,,,,,,,11233,55,41,3014700052,1693B SAINT JOHNS PLACE,3394408,,,,,,,,,,,,,,,,,,,,,,,,,,,,,,,,,,,,
PACT DEVELOPMENTS DIRECTORY as of 01/01/2025,,,,,18,,,,,,,,,,,M,,,,,,,25,,,,,,,,,,,,,,,,,,,,,,,,,,,,,,,,,,,,,,,,,,,,,,,,,,5,,,,,,,,,,,,16,,,,,,,,09,,,,,,,,11233,55,41,3014700011,537 RALPH AVENUE,3406671,,,,,,,,,,,,,,,,,,,,,,,,,,,,,,,,,,,,
PACT DEVELOPMENTS DIRECTORY as of 01/01/2025,,,,,18,,,,,,,,,,,M,,,,,,,25,,,,,,,,,,,,,,,,,,,,,,,,,,,,,,,,,,,,,,,,,,,,,,,,,,5,,,,,,,,,,,,16,,,,,,,,09,,,,,,,,11233,55,41,3014700011,537A RALPH AVENUE,3406671,,,,,,,,,,,,,,,,,,,,,,,,,,,,,,,,,,,,
PACT DEVELOPMENTS DIRECTORY as of 01/01/2025,,,,,18,,,,,,,,,,,M,,,,,,,25,,,,,,,,,,,,,,,,,,,,,,,,,,,,,,,,,,,,,,,,,,,,,,,,,,5,,,,,,,,,,,,16,,,,,,,,09,,,,,,,,11233,55,41,3014700011,537B RALPH AVENUE,3406671,,,,,,,,,,,,,,,,,,,,,,,,,,,,,,,,,,,,
PACT DEVELOPMENTS DIRECTORY as of 01/01/2025,,,,,18,,,,,,,,,,,M,,,,,,,25,,,,,,,,,,,,,,,,,,,,,,,,,,,,,,,,,,,,,,,,,,,,,,,,,,5,,,,,,,,,,,,16,,,,,,,,09,,,,,,,,11233,55,41,3014700011,539 RALPH AVENUE,3426866,,,,,,,,,,,,,,,,,,,,,,,,,,,,,,,,,,,,
PACT DEVELOPMENTS DIRECTORY as of 01/01/2025,,,,,18,,,,,,,,,,,M,,,,,,,25,,,,,,,,,,,,,,,,,,,,,,,,,,,,,,,,,,,,,,,,,,,,,,,,,,5,,,,,,,,,,,,16,,,,,,,,09,,,,,,,,11233,55,41,3014700011,539A RALPH AVENUE,3426866,,,,,,,,,,,,,,,,,,,,,,,,,,,,,,,,,,,,
PACT DEVELOPMENTS DIRECTORY as of 01/01/2025,,,,,18,,,,,,,,,,,M,,,,,,,25,,,,,,,,,,,,,,,,,,,,,,,,,,,,,,,,,,,,,,,,,,,,,,,,,,5,,,,,,,,,,,,16,,,,,,,,09,,,,,,,,11233,55,41,3014700011,539B RALPH AVENUE,3426866,,,,,,,,,,,,,,,,,,,,,,,,,,,,,,,,,,,,
PACT DEVELOPMENTS DIRECTORY as of 01/01/2025,,,,,18,,,,,,,,,,,M,,,,,,,25,,,,,,,,,,,,,,,,,,,,,,,,,,,,,,,,,,,,,,,,,,,,,,,,,,5,,,,,,,,,,,,16,,,,,,,,09,,,,,,,,11233,55,41,3014700010,541 RALPH AVENUE,3393506,,,,,,,,,,,,,,,,,,,,,,,,,,,,,,,,,,,,
PACT DEVELOPMENTS DIRECTORY as of 01/01/2025,,,,,18,,,,,,,,,,,,,,,,,,25,,,,,,,,,,,,,,,,,,,,,,,,,,,,,,,,,,,,,,,,,,,,,,,,,,5,,,,,,,,,,,,16,,,,,,,,09,,,,,,,,11233,55,41,3014700011,1716 STERLING PLACE,3348327,,,,,,,,,,,,,,,,,,,,,,,,,,,,,,,,,,,,
PACT DEVELOPMENTS DIRECTORY as of 01/01/2025,,,,,18,,,,,,,,,,,,,,,,,,25,,,,,,,,,,,,,,,,,,,,,,,,,,,,,,,,,,,,,,,,,,,,,,,,,,5,,,,,,,,,,,,16,,,,,,,,09,,,,,,,,11233,55,41,3014700011,1702 STERLING PLACE,3348327,,,,,,,,,,,,,,,,,,,,,,,,,,,,,,,,,,,,
PACT DEVELOPMENTS DIRECTORY as of 01/01/2025,,,,,18,,,,,,,,,,,M,,,,,,,25,,,,,,,,,,,,,,,,,,,,,,,,,,,,,,,,,,,,,,,,,,,,,,,,,,5,,,,,,,,,,,,16,,,,,,,,09,,,,,,,,11233,55,41,3014700010,541A RALPH AVENUE,3393506,,,,,,,,,,,,,,,,,,,,,,,,,,,,,,,,,,,,
PACT DEVELOPMENTS DIRECTORY as of 01/01/2025,,,,,18,,,,,,,,,,,M,,,,,,,25,,,,,,,,,,,,,,,,,,,,,,,,,,,,,,,,,,,,,,,,,,,,,,,,,,5,,,,,,,,,,,,16,,,,,,,,09,,,,,,,,11233,55,41,3014700010,541B RALPH AVENUE,3393506,,,,,,,,,,,,,,,,,,,,,,,,,,,,,,,,,,,,
PACT DEVELOPMENTS DIRECTORY as of 01/01/2025,,,,,18,,,,,,,,,,,M,,,,,,,25,,,,,,,,,,,,,,,,,,,,,,,,,,,,,,,,,,,,,,,,,,,,,,,,,,5,,,,,,,,,,,,16,,,,,,,,09,,,,,,,,11233,55,41,3014700009,543 RALPH AVENUE,3393284,,,,,,,,,,,,,,,,,,,,,,,,,,,,,,,,,,,,
PACT DEVELOPMENTS DIRECTORY as of 01/01/2025,,,,,18,,,,,,,,,,,M,,,,,,,25,,,,,,,,,,,,,,,,,,,,,,,,,,,,,,,,,,,,,,,,,,,,,,,,,,5,,,,,,,,,,,,16,,,,,,,,09,,,,,,,,11233,55,41,3014700009,543A RALPH AVENUE,3393284,,,,,,,,,,,,,,,,,,,,,,,,,,,,,,,,,,,,
PACT DEVELOPMENTS DIRECTORY as of 01/01/2025,,,,,18,,,,,,,,,,,M,,,,,,,25,,,,,,,,,,,,,,,,,,,,,,,,,,,,,,,,,,,,,,,,,,,,,,,,,,5,,,,,,,,,,,,16,,,,,,,,09,,,,,,,,11233,55,41,3014700009,543B RALPH AVENUE,3393284,,,,,,,,,,,,,,,,,,,,,,,,,,,,,,,,,,,,
PACT DEVELOPMENTS DIRECTORY as of 01/01/2025,,,,,18,,,,,,,,,,,M,,,,,,,25,,,,,,,,,,,,,,,,,,,,,,,,,,,,,,,,,,,,,,,,,,,,,,,,,,5,,,,,,,,,,,,16,,,,,,,,09,,,,,,,,11233,55,41,3014700008,545 RALPH AVENUE,3393283,,,,,,,,,,,,,,,,,,,,,,,,,,,,,,,,,,,,
PACT DEVELOPMENTS DIRECTORY as of 01/01/2025,,,,,18,,,,,,,,,,,M,,,,,,,25,,,,,,,,,,,,,,,,,,,,,,,,,,,,,,,,,,,,,,,,,,,,,,,,,,5,,,,,,,,,,,,16,,,,,,,,09,,,,,,,,11233,55,41,3014700008,545A RALPH AVENUE,3393283,,,,,,,,,,,,,,,,,,,,,,,,,,,,,,,,,,,,
PACT DEVELOPMENTS DIRECTORY as of 01/01/2025,,,,,18,,,,,,,,,,,M,,,,,,,25,,,,,,,,,,,,,,,,,,,,,,,,,,,,,,,,,,,,,,,,,,,,,,,,,,5,,,,,,,,,,,,16,,,,,,,,09,,,,,,,,11233,55,41,3014700008,545B RALPH AVENUE,3393283,,,,,,,,,,,,,,,,,,,,,,,,,,,,,,,,,,,,
PACT DEVELOPMENTS DIRECTORY as of 01/01/2025,,,,,18,,,,,,,,,,,M,,,,,,,25,,,,,,,,,,,,,,,,,,,,,,,,,,,,,,,,,,,,,,,,,,,,,,,,,,5,,,,,,,,,,,,16,,,,,,,,09,,,,,,,,11233,55,41,3014700003,547 RALPH AVENUE,3426868,,,,,,,,,,,,,,,,,,,,,,,,,,,,,,,,,,,,
PACT DEVELOPMENTS DIRECTORY as of 01/01/2025,,,,,18,,,,,,,,,,,M,,,,,,,25,,,,,,,,,,,,,,,,,,,,,,,,,,,,,,,,,,,,,,,,,,,,,,,,,,5,,,,,,,,,,,,16,,,,,,,,09,,,,,,,,11233,55,41,3014700003,547A RALPH AVENUE,3426868,,,,,,,,,,,,,,,,,,,,,,,,,,,,,,,,,,,,
PACT DEVELOPMENTS DIRECTORY as of 01/01/2025,,,,,18,,,,,,,,,,,M,,,,,,,25,,,,,,,,,,,,,,,,,,,,,,,,,,,,,,,,,,,,,,,,,,,,,,,,,,5,,,,,,,,,,,,16,,,,,,,,09,,,,,,,,11233,55,41,3014700003,547B RALPH AVENUE,3426868,,,,,,,,,,,,,,,,,,,,,,,,,,,,,,,,,,,,
PACT DEVELOPMENTS DIRECTORY as of 01/01/2025,,,,,18,,,,,,,,,,,M,,,,,,,25,,,,,,,,,,,,,,,,,,,,,,,,,,,,,,,,,,,,,,,,,,,,,,,,,,5,,,,,,,,,,,,16,,,,,,,,09,,,,,,,,11233,55,41,3014700003,549 RALPH AVENUE,3426867,,,,,,,,,,,,,,,,,,,,,,,,,,,,,,,,,,,,
PACT DEVELOPMENTS DIRECTORY as of 01/01/2025,,,,,18,,,,,,,,,,,M,,,,,,,25,,,,,,,,,,,,,,,,,,,,,,,,,,,,,,,,,,,,,,,,,,,,,,,,,,5,,,,,,,,,,,,16,,,,,,,,09,,,,,,,,11233,55,41,3014700003,549A RALPH AVENUE,3426867,,,,,,,,,,,,,,,,,,,,,,,,,,,,,,,,,,,,
PACT DEVELOPMENTS DIRECTORY as of 01/01/2025,,,,,18,,,,,,,,,,,M,,,,,,,25,,,,,,,,,,,,,,,,,,,,,,,,,,,,,,,,,,,,,,,,,,,,,,,,,,5,,,,,,,,,,,,16,,,,,,,,09,,,,,,,,11233,55,41,3014700003,549B RALPH AVENUE,3426867,,,,,,,,,,,,,,,,,,,,,,,,,,,,,,,,,,,,
PACT DEVELOPMENTS DIRECTORY as of 01/01/2025,,,,,18,,,,,,,,,,,M,,,,,,,25,,,,,,,,,,,,,,,,,,,,,,,,,,,,,,,,,,,,,,,,,,,,,,,,,,5,,,,,,,,,,,,16,,,,,,,,09,,,,,,,,11233,55,41,3014700003,551 RALPH AVENUE,3348345,,,,,,,,,,,,,,,,,,,,,,,,,,,,,,,,,,,,
PACT DEVELOPMENTS DIRECTORY as of 01/01/2025,,,,,18,,,,,,,,,,,M,,,,,,,25,,,,,,,,,,,,,,,,,,,,,,,,,,,,,,,,,,,,,,,,,,,,,,,,,,5,,,,,,,,,,,,16,,,,,,,,09,,,,,,,,11233,55,41,3014700003,551A RALPH AVENUE,3348345,,,,,,,,,,,,,,,,,,,,,,,,,,,,,,,,,,,,
PACT DEVELOPMENTS DIRECTORY as of 01/01/2025,,,,,18,,,,,,,,,,,,,,,,,,25,,,,,,,,,,,,,,,,,,,,,,,,,,,,,,,,,,,,,,,,,,,,,,,,,,5,,,,,,,,,,,,16,,,,,,,,09,,,,,,,,11233,55,41,3014700003,1659 SAINT JOHNS PLACE,3348345,,,,,,,,,,,,,,,,,,,,,,,,,,,,,,,,,,,,
PACT DEVELOPMENTS DIRECTORY as of 01/01/2025,,,,,18,,,,,,,,,,,,,,,,,,25,,,,,,,,,,,,,,,,,,,,,,,,,,,,,,,,,,,,,,,,,,,,,,,,,,5,,,,,,,,,,,,16,,,,,,,,09,,,,,,,,11233,55,41,3014700003,1651 SAINT JOHNS PLACE,3348345,,,,,,,,,,,,,,,,,,,,,,,,,,,,,,,,,,,,
PACT DEVELOPMENTS DIRECTORY as of 01/01/2025,,,,,18,,,,,,,,,,,,,,,,,,25,,,,,,,,,,,,,,,,,,,,,,,,,,,,,,,,,,,,,,,,,,,,,,,,,,5,,,,,,,,,,,,16,,,,,,,,09,,,,,,,,11233,55,41,3014700003,553 RALPH AVENUE,,,,,,,,,,,,,,,,,,,,,,,,,,,,,,,,,,,,,
PACT DEVELOPMENTS DIRECTORY as of 01/01/2025,,,,,18,,,,,,,,,,,,,,,,,,25,,,,,,,,,,,,,,,,,,,,,,,,,,,,,,,,,,,,,,,,,,,,,,,,,,5,,,,,,,,,,,,16,,,,,,,,09,,,,,,,,11233,55,41,3014700001,1649 SAINT JOHNS PLACE,3348345,,,,,,,,,,,,,,,,,,,,,,,,,,,,,,,,,,,,
PACT DEVELOPMENTS DIRECTORY as of 01/01/2025,,,,,18,,,,,,,,,,,M,,,,,,,25,,,,,,,,,,,,,,,,,,,,,,,,,,,,,,,,,,,,,,,,,,,,,,,,,,5,,,,,,,,,,,,16,,,,,,,,09,,,,,,,,11233,55,41,3014700003,551B RALPH AVENUE,3348345,,,,,,,,,,,,,,,,,,,,,,,,,,,,,,,,,,,,
PACT DEVELOPMENTS DIRECTORY as of 01/01/2025,,,,,18,,,,,,,,,,,,,,,,,,25,,,,,,,,,,,,,,,,,,,,,,,,,,,,,,,,,,,,,,,,,,,,,,,,,,5,,,,,,,,,,,,16,,,,,,,,09,,,,,,,,11233,55,41,3014700001,555 RALPH AVENUE,,,,,,,,,,,,,,,,,,,,,,,,,,,,,,,,,,,,,
PACT DEVELOPMENTS DIRECTORY as of 01/01/2025,,,,,18,,,,,,,,,,,M,,,,,,,25,,,,,,,,,,,,,,,,,,,,,,,,,,,,,,,,,,,,,,,,,,,,,,,,,,6,,,,,,,,,,,,16,,,,,,,,09,,,,,,,,11233,55,41,3014700015,1720 STERLING PLACE,3348327,,,,,,,,,,,,,,,,,,,,,,,,,,,,,,,,,,,,
PACT DEVELOPMENTS DIRECTORY as of 01/01/2025,,,,,19,,,,,,,,,,,M,,,,,,,25,,,,,,,,,,,,,,,,,,,,,,,,,,,,,,,,,,,,,,,,,,,,,,,,,,,,,,,,,,,,,,16,,,,6,,,,09,,,,,,,,11233,55,41,,,,3014700015,1720B STERLING PLACE,3348327,,,,,,,,,,,,,,,,,,,,,,,,,,,,,,,,,
PACT DEVELOPMENTS DIRECTORY as of 01/01/2025,,,,,19,,,,,,,,,,,M,,,,,,,25,,,,,,,,,,,,,,,,,,,,,,,,,,,,,,,,,,,,,,,,,,,,,,,,,,,,,,,,,,,,,,16,,,,6,,,,09,,,,,,,,11233,55,41,,,,3014700015,1722 STERLING PLACE,3426869,,,,,,,,,,,,,,,,,,,,,,,,,,,,,,,,,
PACT DEVELOPMENTS DIRECTORY as of 01/01/2025,,,,,19,,,,,,,,,,,M,,,,,,,25,,,,,,,,,,,,,,,,,,,,,,,,,,,,,,,,,,,,,,,,,,,,,,,,,,,,,,,,,,,,,,16,,,,6,,,,09,,,,,,,,11233,55,41,,,,3014700015,1722A STERLING PLACE,3426869,,,,,,,,,,,,,,,,,,,,,,,,,,,,,,,,,
PACT DEVELOPMENTS DIRECTORY as of 01/01/2025,,,,,19,,,,,,,,,,,M,,,,,,,25,,,,,,,,,,,,,,,,,,,,,,,,,,,,,,,,,,,,,,,,,,,,,,,,,,,,,,,,,,,,,,16,,,,6,,,,09,,,,,,,,11233,55,41,,,,3014700015,1722B STERLING PLACE,3426869,,,,,,,,,,,,,,,,,,,,,,,,,,,,,,,,,
PACT DEVELOPMENTS DIRECTORY as of 01/01/2025,,,,,19,,,,,,,,,,,M,,,,,,,25,,,,,,,,,,,,,,,,,,,,,,,,,,,,,,,,,,,,,,,,,,,,,,,,,,,,,,,,,,,,,,16,,,,6,,,,09,,,,,,,,11233,55,41,,,,3014700017,1724 STERLING PLACE,3393508,,,,,,,,,,,,,,,,,,,,,,,,,,,,,,,,,
PACT DEVELOPMENTS DIRECTORY as of 01/01/2025,,,,,19,,,,,,,,,,,M,,,,,,,25,,,,,,,,,,,,,,,,,,,,,,,,,,,,,,,,,,,,,,,,,,,,,,,,,,,,,,,,,,,,,,16,,,,6,,,,09,,,,,,,,11233,55,41,,,,3014700017,1724A STERLING PLACE,3393508,,,,,,,,,,,,,,,,,,,,,,,,,,,,,,,,,
PACT DEVELOPMENTS DIRECTORY as of 01/01/2025,,,,,19,,,,,,,,,,,M,,,,,,,25,,,,,,,,,,,,,,,,,,,,,,,,,,,,,,,,,,,,,,,,,,,,,,,,,,,,,,,,,,,,,,16,,,,6,,,,09,,,,,,,,11233,55,41,,,,3014700017,1724B STERLING PLACE,3393508,,,,,,,,,,,,,,,,,,,,,,,,,,,,,,,,,
PACT DEVELOPMENTS DIRECTORY as of 01/01/2025,,,,,19,,,,,,,,,,,M,,,,,,,25,,,,,,,,,,,,,,,,,,,,,,,,,,,,,,,,,,,,,,,,,,,,,,,,,,,,,,,,,,,,,,16,,,,6,,,,09,,,,,,,,11233,55,41,,,,3014700018,1726 STERLING PLACE,3393509,,,,,,,,,,,,,,,,,,,,,,,,,,,,,,,,,
PACT DEVELOPMENTS DIRECTORY as of 01/01/2025,,,,,19,,,,,,,,,,,M,,,,,,,25,,,,,,,,,,,,,,,,,,,,,,,,,,,,,,,,,,,,,,,,,,,,,,,,,,,,,,,,,,,,,,16,,,,6,,,,09,,,,,,,,11233,55,41,,,,3014700018,1726A STERLING PLACE,3393509,,,,,,,,,,,,,,,,,,,,,,,,,,,,,,,,,
PACT DEVELOPMENTS DIRECTORY as of 01/01/2025,,,,,19,,,,,,,,,,,M,,,,,,,25,,,,,,,,,,,,,,,,,,,,,,,,,,,,,,,,,,,,,,,,,,,,,,,,,,,,,,,,,,,,,,16,,,,6,,,,09,,,,,,,,11233,55,41,,,,3014700018,1726B STERLING PLACE,3393509,,,,,,,,,,,,,,,,,,,,,,,,,,,,,,,,,
PACT DEVELOPMENTS DIRECTORY as of 01/01/2025,,,,,19,,,,,,,,,,,M,,,,,,,25,,,,,,,,,,,,,,,,,,,,,,,,,,,,,,,,,,,,,,,,,,,,,,,,,,,,,,,,,,,,,,16,,,,6,,,,09,,,,,,,,11233,55,41,,,,3014700019,1728 STERLING PLACE,3393510,,,,,,,,,,,,,,,,,,,,,,,,,,,,,,,,,
PACT DEVELOPMENTS DIRECTORY as of 01/01/2025,,,,,19,,,,,,,,,,,M,,,,,,,25,,,,,,,,,,,,,,,,,,,,,,,,,,,,,,,,,,,,,,,,,,,,,,,,,,,,,,,,,,,,,,16,,,,6,,,,09,,,,,,,,11233,55,41,,,,3014700019,1728A STERLING PLACE,3393510,,,,,,,,,,,,,,,,,,,,,,,,,,,,,,,,,
PACT DEVELOPMENTS DIRECTORY as of 01/01/2025,,,,,19,,,,,,,,,,,M,,,,,,,25,,,,,,,,,,,,,,,,,,,,,,,,,,,,,,,,,,,,,,,,,,,,,,,,,,,,,,,,,,,,,,16,,,,6,,,,09,,,,,,,,11233,55,41,,,,3014700019,1728B STERLING PLACE,3393510,,,,,,,,,,,,,,,,,,,,,,,,,,,,,,,,,
PACT DEVELOPMENTS DIRECTORY as of 01/01/2025,,,,,19,,,,,,,,,,,M,,,,,,,25,,,,,,,,,,,,,,,,,,,,,,,,,,,,,,,,,,,,,,,,,,,,,,,,,,,,,,,,,,,,,,16,,,,6,,,,09,,,,,,,,11233,55,41,,,,3014700020,1730 STERLING PLACE,3392444,,,,,,,,,,,,,,,,,,,,,,,,,,,,,,,,,
PACT DEVELOPMENTS DIRECTORY as of 01/01/2025,,,,,19,,,,,,,,,,,M,,,,,,,25,,,,,,,,,,,,,,,,,,,,,,,,,,,,,,,,,,,,,,,,,,,,,,,,,,,,,,,,,,,,,,16,,,,6,,,,09,,,,,,,,11233,55,41,,,,3014700020,1730A STERLING PLACE,3392444,,,,,,,,,,,,,,,,,,,,,,,,,,,,,,,,,
PACT DEVELOPMENTS DIRECTORY as of 01/01/2025,,,,,19,,,,,,,,,,,M,,,,,,,25,,,,,,,,,,,,,,,,,,,,,,,,,,,,,,,,,,,,,,,,,,,,,,,,,,,,,,,,,,,,,,16,,,,6,,,,09,,,,,,,,11233,55,41,,,,3014700020,1730B STERLING PLACE,3392444,,,,,,,,,,,,,,,,,,,,,,,,,,,,,,,,,
PACT DEVELOPMENTS DIRECTORY as of 01/01/2025,,,,,19,,,,,,,,,,,M,,,,,,,25,,,,,,,,,,,,,,,,,,,,,,,,,,,,,,,,,,,,,,,,,,,,,,,,,,,,,,,,,,,,,,16,,,,6,,,,09,,,,,,,,11233,55,41,,,,3014700020,1732 STERLING PLACE,3251210,,,,,,,,,,,,,,,,,,,,,,,,,,,,,,,,,
PACT DEVELOPMENTS DIRECTORY as of 01/01/2025,,,,,19,,,,,,,,,,,M,,,,,,,25,,,,,,,,,,,,,,,,,,,,,,,,,,,,,,,,,,,,,,,,,,,,,,,,,,,,,,,,,,,,,,16,,,,6,,,,09,,,,,,,,11233,55,41,,,,3014700020,1732A STERLING PLACE,3251210,,,,,,,,,,,,,,,,,,,,,,,,,,,,,,,,,
PACT DEVELOPMENTS DIRECTORY as of 01/01/2025,,,,,19,,,,,,,,,,,M,,,,,,,25,,,,,,,,,,,,,,,,,,,,,,,,,,,,,,,,,,,,,,,,,,,,,,,,,,,,,,,,,,,,,,16,,,,6,,,,09,,,,,,,,11233,55,41,,,,3014700020,1732B STERLING PLACE,3251210,,,,,,,,,,,,,,,,,,,,,,,,,,,,,,,,,
PACT DEVELOPMENTS DIRECTORY as of 01/01/2025,,,,,19,,,,,,,,,,,M,,,,,,,25,,,,,,,,,,,,,,,,,,,,,,,,,,,,,,,,,,,,,,,,,,,,,,,,,,,,,,,,,,,,,,16,,,,6,,,,09,,,,,,,,11233,55,41,,,,3014700022,1734 STERLING PLACE,3392455,,,,,,,,,,,,,,,,,,,,,,,,,,,,,,,,,
PACT DEVELOPMENTS DIRECTORY as of 01/01/2025,,,,,19,,,,,,,,,,,M,,,,,,,25,,,,,,,,,,,,,,,,,,,,,,,,,,,,,,,,,,,,,,,,,,,,,,,,,,,,,,,,,,,,,,16,,,,6,,,,09,,,,,,,,11233,55,41,,,,3014700022,1734A STERLING PLACE,3392455,,,,,,,,,,,,,,,,,,,,,,,,,,,,,,,,,
PACT DEVELOPMENTS DIRECTORY as of 01/01/2025,,,,,19,,,,,,,,,,,M,,,,,,,25,,,,,,,,,,,,,,,,,,,,,,,,,,,,,,,,,,,,,,,,,,,,,,,,,,,,,,,,,,,,,,16,,,,6,,,,09,,,,,,,,11233,55,41,,,,3014700022,1734B STERLING PLACE,3392455,,,,,,,,,,,,,,,,,,,,,,,,,,,,,,,,,
PACT DEVELOPMENTS DIRECTORY as of 01/01/2025,,,,,19,,,,,,,,,,,M,,,,,,,25,,,,,,,,,,,,,,,,,,,,,,,,,,,,,,,,,,,,,,,,,,,,,,,,,,,,,,,,,,,,,,16,,,,6,,,,09,,,,,,,,11233,55,41,,,,3014700023,1736 STERLING PLACE,3392466,,,,,,,,,,,,,,,,,,,,,,,,,,,,,,,,,
PACT DEVELOPMENTS DIRECTORY as of 01/01/2025,,,,,19,,,,,,,,,,,M,,,,,,,25,,,,,,,,,,,,,,,,,,,,,,,,,,,,,,,,,,,,,,,,,,,,,,,,,,,,,,,,,,,,,,16,,,,6,,,,09,,,,,,,,11233,55,41,,,,3014700023,1736A STERLING PLACE,3392466,,,,,,,,,,,,,,,,,,,,,,,,,,,,,,,,,
PACT DEVELOPMENTS DIRECTORY as of 01/01/2025,,,,,19,,,,,,,,,,,M,,,,,,,25,,,,,,,,,,,,,,,,,,,,,,,,,,,,,,,,,,,,,,,,,,,,,,,,,,,,,,,,,,,,,,16,,,,6,,,,09,,,,,,,,11233,55,41,,,,3014700023,1736B STERLING PLACE,3392466,,,,,,,,,,,,,,,,,,,,,,,,,,,,,,,,,
PACT DEVELOPMENTS DIRECTORY as of 01/01/2025,,,,,19,,,,,,,,,,,M,,,,,,,25,,,,,,,,,,,,,,,,,,,,,,,,,,,,,,,,,,,,,,,,,,,,,,,,,,,,,,,,,,,,,,16,,,,7,,,,09,,,,,,,,11233,55,41,,,,3014710011,497 HOWARD AVENUE,3392621,,,,,,,,,,,,,,,,,,,,,,,,,,,,,,,,,
PACT DEVELOPMENTS DIRECTORY as of 01/01/2025,,,,,19,,,,,,,,,,,M,,,,,,,25,,,,,,,,,,,,,,,,,,,,,,,,,,,,,,,,,,,,,,,,,,,,,,,,,,,,,,,,,,,,,,16,,,,7,,,,09,,,,,,,,11233,55,41,,,,3014710011,497A HOWARD AVENUE,3392621,,,,,,,,,,,,,,,,,,,,,,,,,,,,,,,,,
PACT DEVELOPMENTS DIRECTORY as of 01/01/2025,,,,,19,,,,,,,,,,,M,,,,,,,25,,,,,,,,,,,,,,,,,,,,,,,,,,,,,,,,,,,,,,,,,,,,,,,,,,,,,,,,,,,,,,16,,,,7,,,,09,,,,,,,,11233,55,41,,,,3014710011,497B HOWARD AVENUE,3392621,,,,,,,,,,,,,,,,,,,,,,,,,,,,,,,,,
PACT DEVELOPMENTS DIRECTORY as of 01/01/2025,,,,,19,,,,,,,,,,,M,,,,,,,25,,,,,,,,,,,,,,,,,,,,,,,,,,,,,,,,,,,,,,,,,,,,,,,,,,,,,,,,,,,,,,16,,,,7,,,,09,,,,,,,,11233,55,41,,,,3014710011,499 HOWARD AVENUE,3392621,,,,,,,,,,,,,,,,,,,,,,,,,,,,,,,,,
PACT DEVELOPMENTS DIRECTORY as of 01/01/2025,,,,,19,,,,,,,,,,,M,,,,,,,25,,,,,,,,,,,,,,,,,,,,,,,,,,,,,,,,,,,,,,,,,,,,,,,,,,,,,,,,,,,,,,16,,,,7,,,,09,,,,,,,,11233,55,41,,,,3014710011,499A HOWARD AVENUE,3392621,,,,,,,,,,,,,,,,,,,,,,,,,,,,,,,,,
PACT DEVELOPMENTS DIRECTORY as of 01/01/2025,,,,,19,,,,,,,,,,,M,,,,,,,25,,,,,,,,,,,,,,,,,,,,,,,,,,,,,,,,,,,,,,,,,,,,,,,,,,,,,,,,,,,,,,16,,,,7,,,,09,,,,,,,,11233,55,41,,,,3014710011,499B HOWARD AVENUE,3392621,,,,,,,,,,,,,,,,,,,,,,,,,,,,,,,,,
PACT DEVELOPMENTS DIRECTORY as of 01/01/2025,,,,,19,,,,,,,,,,,M,,,,,,,25,,,,,,,,,,,,,,,,,,,,,,,,,,,,,,,,,,,,,,,,,,,,,,,,,,,,,,,,,,,,,,16,,,,7,,,,09,,,,,,,,11233,55,41,,,,3014710010,501 HOWARD AVENUE,3392551,,,,,,,,,,,,,,,,,,,,,,,,,,,,,,,,,
PACT DEVELOPMENTS DIRECTORY as of 01/01/2025,,,,,19,,,,,,,,,,,M,,,,,,,25,,,,,,,,,,,,,,,,,,,,,,,,,,,,,,,,,,,,,,,,,,,,,,,,,,,,,,,,,,,,,,16,,,,7,,,,09,,,,,,,,11233,55,41,,,,3014710010,501A HOWARD AVENUE,3392551,,,,,,,,,,,,,,,,,,,,,,,,,,,,,,,,,
PACT DEVELOPMENTS DIRECTORY as of 01/01/2025,,,,,19,,,,,,,,,,,M,,,,,,,25,,,,,,,,,,,,,,,,,,,,,,,,,,,,,,,,,,,,,,,,,,,,,,,,,,,,,,,,,,,,,,16,,,,7,,,,09,,,,,,,,11233,55,41,,,,3014710010,501B HOWARD AVENUE,3392551,,,,,,,,,,,,,,,,,,,,,,,,,,,,,,,,,
PACT DEVELOPMENTS DIRECTORY as of 01/01/2025,,,,,19,,,,,,,,,,,M,,,,,,,25,,,,,,,,,,,,,,,,,,,,,,,,,,,,,,,,,,,,,,,,,,,,,,,,,,,,,,,,,,,,,,16,,,,7,,,,09,,,,,,,,11233,55,41,,,,3014710009,503 HOWARD AVENUE,3393522,,,,,,,,,,,,,,,,,,,,,,,,,,,,,,,,,
PACT DEVELOPMENTS DIRECTORY as of 01/01/2025,,,,,19,,,,,,,,,,,M,,,,,,,25,,,,,,,,,,,,,,,,,,,,,,,,,,,,,,,,,,,,,,,,,,,,,,,,,,,,,,,,,,,,,,16,,,,7,,,,09,,,,,,,,11233,55,41,,,,3014710009,503A HOWARD AVENUE,3393522,,,,,,,,,,,,,,,,,,,,,,,,,,,,,,,,,
PACT DEVELOPMENTS DIRECTORY as of 01/01/2025,,,,,19,,,,,,,,,,,M,,,,,,,25,,,,,,,,,,,,,,,,,,,,,,,,,,,,,,,,,,,,,,,,,,,,,,,,,,,,,,,,,,,,,,16,,,,7,,,,09,,,,,,,,11233,55,41,,,,3014710009,503B HOWARD AVENUE,3393522,,,,,,,,,,,,,,,,,,,,,,,,,,,,,,,,,
PACT DEVELOPMENTS DIRECTORY as of 01/01/2025,,,,,19,,,,,,,,,,,M,,,,,,,25,,,,,,,,,,,,,,,,,,,,,,,,,,,,,,,,,,,,,,,,,,,,,,,,,,,,,,,,,,,,,,16,,,,7,,,,09,,,,,,,,11233,55,41,,,,3014710008,505 HOWARD AVENUE,3393520,,,,,,,,,,,,,,,,,,,,,,,,,,,,,,,,,
PACT DEVELOPMENTS DIRECTORY as of 01/01/2025,,,,,19,,,,,,,,,,,M,,,,,,,25,,,,,,,,,,,,,,,,,,,,,,,,,,,,,,,,,,,,,,,,,,,,,,,,,,,,,,,,,,,,,,16,,,,7,,,,09,,,,,,,,11233,55,41,,,,3014710008,505A HOWARD AVENUE,3393520,,,,,,,,,,,,,,,,,,,,,,,,,,,,,,,,,
PACT DEVELOPMENTS DIRECTORY as of 01/01/2025,,,,,19,,,,,,,,,,,M,,,,,,,25,,,,,,,,,,,,,,,,,,,,,,,,,,,,,,,,,,,,,,,,,,,,,,,,,,,,,,,,,,,,,,16,,,,7,,,,09,,,,,,,,11233,55,41,,,,3014710008,505B HOWARD AVENUE,3393520,,,,,,,,,,,,,,,,,,,,,,,,,,,,,,,,,
PACT DEVELOPMENTS DIRECTORY as of 01/01/2025,,,,,19,,,,,,,,,,,M,,,,,,,25,,,,,,,,,,,,,,,,,,,,,,,,,,,,,,,,,,,,,,,,,,,,,,,,,,,,,,,,,,,,,,16,,,,7,,,,09,,,,,,,,11233,55,41,,,,3014710007,507 HOWARD AVENUE,3393519,,,,,,,,,,,,,,,,,,,,,,,,,,,,,,,,,
PACT DEVELOPMENTS DIRECTORY as of 01/01/2025,,,,,19,,,,,,,,,,,M,,,,,,,25,,,,,,,,,,,,,,,,,,,,,,,,,,,,,,,,,,,,,,,,,,,,,,,,,,,,,,,,,,,,,,16,,,,7,,,,09,,,,,,,,11233,55,41,,,,3014710007,507A HOWARD AVENUE,3393519,,,,,,,,,,,,,,,,,,,,,,,,,,,,,,,,,
PACT DEVELOPMENTS DIRECTORY as of 01/01/2025,,,,,19,,,,,,,,,,,M,,,,,,,25,,,,,,,,,,,,,,,,,,,,,,,,,,,,,,,,,,,,,,,,,,,,,,,,,,,,,,,,,,,,,,16,,,,7,,,,09,,,,,,,,11233,55,41,,,,3014710007,507B HOWARD AVENUE,3393519,,,,,,,,,,,,,,,,,,,,,,,,,,,,,,,,,
PACT DEVELOPMENTS DIRECTORY as of 01/01/2025,,,,,19,,,,,,,,,,,M,,,,,,,25,,,,,,,,,,,,,,,,,,,,,,,,,,,,,,,,,,,,,,,,,,,,,,,,,,,,,,,,,,,,,,16,,,,7,,,,09,,,,,,,,11233,55,41,,,,3014710006,509 HOWARD AVENUE,3393518,,,,,,,,,,,,,,,,,,,,,,,,,,,,,,,,,
PACT DEVELOPMENTS DIRECTORY as of 01/01/2025,,,,,19,,,,,,,,,,,M,,,,,,,25,,,,,,,,,,,,,,,,,,,,,,,,,,,,,,,,,,,,,,,,,,,,,,,,,,,,,,,,,,,,,,16,,,,7,,,,09,,,,,,,,11233,55,41,,,,3014710006,509A HOWARD AVENUE,3393518,,,,,,,,,,,,,,,,,,,,,,,,,,,,,,,,,
PACT DEVELOPMENTS DIRECTORY as of 01/01/2025,,,,,19,,,,,,,,,,,M,,,,,,,25,,,,,,,,,,,,,,,,,,,,,,,,,,,,,,,,,,,,,,,,,,,,,,,,,,,,,,,,,,,,,,16,,,,7,,,,09,,,,,,,,11233,55,41,,,,3014710006,509B HOWARD AVENUE,3393518,,,,,,,,,,,,,,,,,,,,,,,,,,,,,,,,,
PACT DEVELOPMENTS DIRECTORY as of 01/01/2025,,,,,19,,,,,,,,,,,M,,,,,,,25,,,,,,,,,,,,,,,,,,,,,,,,,,,,,,,,,,,,,,,,,,,,,,,,,,,,,,,,,,,,,,16,,,,7,,,,09,,,,,,,,11233,55,41,,,,3014710005,511 HOWARD AVENUE,3039448,,,,,,,,,,,,,,,,,,,,,,,,,,,,,,,,,
PACT DEVELOPMENTS DIRECTORY as of 01/01/2025,,,,,19,,,,,,,,,,,M,,,,,,,25,,,,,,,,,,,,,,,,,,,,,,,,,,,,,,,,,,,,,,,,,,,,,,,,,,,,,,,,,,,,,,16,,,,7,,,,09,,,,,,,,11233,55,41,,,,3014710005,511A HOWARD AVENUE,3039448,,,,,,,,,,,,,,,,,,,,,,,,,,,,,,,,,
PACT DEVELOPMENTS DIRECTORY as of 01/01/2025,,,,,19,,,,,,,,,,,,,,,,,,25,,,,,,,,,,,,,,,,,,,,,,,,,,,,,,,,,,,,,,,,,,,,,,,,,,,,,,,,,,,,,,16,,,,7,,,,09,,,,,,,,11233,55,41,,,,3014710001,1737 SAINT JOHNS PLACE,3348346,,,,,,,,,,,,,,,,,,,,,,,,,,,,,,,,,
PACT DEVELOPMENTS DIRECTORY as of 01/01/2025,,,,,19,,,,,,,,,,,M,,,,,,,25,,,,,,,,,,,,,,,,,,,,,,,,,,,,,,,,,,,,,,,,,,,,,,,,,,,,,,,,,,,,,,16,,,,7,,,,09,,,,,,,,11233,55,41,,,,3014710005,511B HOWARD AVENUE,3039448,,,,,,,,,,,,,,,,,,,,,,,,,,,,,,,,,
PACT DEVELOPMENTS DIRECTORY as of 01/01/2025,,,,,19,,,,,,,,,,,,,,,,,,25,,,,,,,,,,,,,,,,,,,,,,,,,,,,,,,,,,,,,,,,,,,,,,,,,,,,,,,,,,,,,,16,,,,7,,,,09,,,,,,,,11233,55,41,,,,3014710001,515 HOWARD AVENUE,3348346,,,,,,,,,,,,,,,,,,,,,,,,,,,,,,,,,
PACT DEVELOPMENTS DIRECTORY as of 01/01/2025,,,,,19,,,,,,,,,,,,,,,,,,25,,,,,,,,,,,,,,,,,,,,,,,,,,,,,,,,,,,,,,,,,,,,,,,,,,,,,,,,,,,,,,16,,,,7,,,,09,,,,,,,,11233,55,41,,,,3014710004,513 HOWARD AVENUE,3039447,,,,,,,,,,,,,,,,,,,,,,,,,,,,,,,,,
PACT DEVELOPMENTS DIRECTORY as of 01/01/2025,,,,,19,,,,,,,,,,,,,,,,,,25,,,,,,,,,,,,,,,,,,,,,,,,,,,,,,,,,,,,,,,,,,,,,,,,,,,,,,,,,,,,,,16,,,,7,,,,09,,,,,,,,11233,55,41,,,,3014710001,1745 SAINT JOHNS PLACE,3348346,,,,,,,,,,,,,,,,,,,,,,,,,,,,,,,,,
PACT DEVELOPMENTS DIRECTORY as of 01/01/2025,,,,,19,,,,,,,,,,,M,,,,,,,25,,,,,,,,,,,,,,,,,,,,,,,,,,,,,,,,,,,,,,,,,,,,,,,,,,,,,,,,,,,,,,16,,,,8,,,,09,,,,,,,,11233,55,41,,,,3014710014,1790 STERLING PLACE,3393524,,,,,,,,,,,,,,,,,,,,,,,,,,,,,,,,,
PACT DEVELOPMENTS DIRECTORY as of 01/01/2025,,,,,19,,,,,,,,,,,M,,,,,,,25,,,,,,,,,,,,,,,,,,,,,,,,,,,,,,,,,,,,,,,,,,,,,,,,,,,,,,,,,,,,,,16,,,,8,,,,09,,,,,,,,11233,55,41,,,,3014710014,1790A STERLING PLACE,3393524,,,,,,,,,,,,,,,,,,,,,,,,,,,,,,,,,
PACT DEVELOPMENTS DIRECTORY as of 01/01/2025,BROOKLYN,744,140,2/12/2020,20,,,,,,,,,,,M,,,,,,,25,,,,,,,,,,,,,,,,,,8,,,,,,,,,,,,,,,,,,,,,,,,,,,,,,,,,,,,,,,,,,,,16,,,,,,,,09,,,,,,,,11233,55,41,,,,,,,3014710015,1792 STERLING PLACE,3393525,,,,,,,,,,,,,,,,,,,,,,,,,,,,,,
PACT DEVELOPMENTS DIRECTORY as of 01/01/2025,BROOKLYN,744,140,2/12/2020,20,,,,,,,,,,,M,,,,,,,25,,,,,,,,,,,,,,,,,,8,,,,,,,,,,,,,,,,,,,,,,,,,,,,,,,,,,,,,,,,,,,,16,,,,,,,,09,,,,,,,,11233,55,41,,,,,,,3014710015,1792A STERLING PLACE,3393525,,,,,,,,,,,,,,,,,,,,,,,,,,,,,,
PACT DEVELOPMENTS DIRECTORY as of 01/01/2025,BROOKLYN,744,140,2/12/2020,20,,,,,,,,,,,M,,,,,,,25,,,,,,,,,,,,,,,,,,8,,,,,,,,,,,,,,,,,,,,,,,,,,,,,,,,,,,,,,,,,,,,16,,,,,,,,09,,,,,,,,11233,55,41,,,,,,,3014710015,1792B STERLING PLACE,3393525,,,,,,,,,,,,,,,,,,,,,,,,,,,,,,
PACT DEVELOPMENTS DIRECTORY as of 01/01/2025,BROOKLYN,744,140,2/12/2020,20,,,,,,,,,,,M,,,,,,,25,,,,,,,,,,,,,,,,,,8,,,,,,,,,,,,,,,,,,,,,,,,,,,,,,,,,,,,,,,,,,,,16,,,,,,,,09,,,,,,,,11233,55,41,,,,,,,3014710016,1794 STERLING PLACE,3039449,,,,,,,,,,,,,,,,,,,,,,,,,,,,,,
PACT DEVELOPMENTS DIRECTORY as of 01/01/2025,BROOKLYN,744,140,2/12/2020,20,,,,,,,,,,,M,,,,,,,25,,,,,,,,,,,,,,,,,,8,,,,,,,,,,,,,,,,,,,,,,,,,,,,,,,,,,,,,,,,,,,,16,,,,,,,,09,,,,,,,,11233,55,41,,,,,,,3014710016,1794A STERLING PLACE,3039449,,,,,,,,,,,,,,,,,,,,,,,,,,,,,,
PACT DEVELOPMENTS DIRECTORY as of 01/01/2025,BROOKLYN,744,140,2/12/2020,20,,,,,,,,,,,M,,,,,,,25,,,,,,,,,,,,,,,,,,8,,,,,,,,,,,,,,,,,,,,,,,,,,,,,,,,,,,,,,,,,,,,16,,,,,,,,09,,,,,,,,11233,55,41,,,,,,,3014710016,1794B STERLING PLACE,3039449,,,,,,,,,,,,,,,,,,,,,,,,,,,,,,
PACT DEVELOPMENTS DIRECTORY as of 01/01/2025,BROOKLYN,744,140,2/12/2020,20,,,,,,,,,,,M,,,,,,,25,,,,,,,,,,,,,,,,,,8,,,,,,,,,,,,,,,,,,,,,,,,,,,,,,,,,,,,,,,,,,,,16,,,,,,,,09,,,,,,,,11233,55,41,,,,,,,3014710017,1796 STERLING PLACE,3393526,,,,,,,,,,,,,,,,,,,,,,,,,,,,,,
PACT DEVELOPMENTS DIRECTORY as of 01/01/2025,BROOKLYN,744,140,2/12/2020,20,,,,,,,,,,,M,,,,,,,25,,,,,,,,,,,,,,,,,,8,,,,,,,,,,,,,,,,,,,,,,,,,,,,,,,,,,,,,,,,,,,,16,,,,,,,,09,,,,,,,,11233,55,41,,,,,,,3014710017,1796A STERLING PLACE,3393526,,,,,,,,,,,,,,,,,,,,,,,,,,,,,,
PACT DEVELOPMENTS DIRECTORY as of 01/01/2025,BROOKLYN,744,140,2/12/2020,20,,,,,,,,,,,M,,,,,,,25,,,,,,,,,,,,,,,,,,8,,,,,,,,,,,,,,,,,,,,,,,,,,,,,,,,,,,,,,,,,,,,16,,,,,,,,09,,,,,,,,11233,55,41,,,,,,,3014710017,1796B STERLING PLACE,3393526,,,,,,,,,,,,,,,,,,,,,,,,,,,,,,
PACT DEVELOPMENTS DIRECTORY as of 01/01/2025,BROOKLYN,744,140,2/12/2020,20,,,,,,,,,,,M,,,,,,,25,,,,,,,,,,,,,,,,,,8,,,,,,,,,,,,,,,,,,,,,,,,,,,,,,,,,,,,,,,,,,,,16,,,,,,,,09,,,,,,,,11233,55,41,,,,,,,3014710017,1798 STERLING PLACE,3039450,,,,,,,,,,,,,,,,,,,,,,,,,,,,,,
PACT DEVELOPMENTS DIRECTORY as of 01/01/2025,BROOKLYN,744,140,2/12/2020,20,,,,,,,,,,,M,,,,,,,25,,,,,,,,,,,,,,,,,,8,,,,,,,,,,,,,,,,,,,,,,,,,,,,,,,,,,,,,,,,,,,,16,,,,,,,,09,,,,,,,,11233,55,41,,,,,,,3014710017,1798A STERLING PLACE,3039450,,,,,,,,,,,,,,,,,,,,,,,,,,,,,,
PACT DEVELOPMENTS DIRECTORY as of 01/01/2025,BROOKLYN,744,140,2/12/2020,20,,,,,,,,,,,M,,,,,,,25,,,,,,,,,,,,,,,,,,8,,,,,,,,,,,,,,,,,,,,,,,,,,,,,,,,,,,,,,,,,,,,16,,,,,,,,09,,,,,,,,11233,55,41,,,,,,,3014710017,1798B STERLING PLACE,3039450,,,,,,,,,,,,,,,,,,,,,,,,,,,,,,
PACT DEVELOPMENTS DIRECTORY as of 01/01/2025,BROOKLYN,744,140,2/12/2020,20,,,,,,,,,,,M,,,,,,,25,,,,,,,,,,,,,,,,,,8,,,,,,,,,,,,,,,,,,,,,,,,,,,,,,,,,,,,,,,,,,,,16,,,,,,,,09,,,,,,,,11233,55,41,,,,,,,3014710018,1800 STERLING PLACE,3039451,,,,,,,,,,,,,,,,,,,,,,,,,,,,,,
PACT DEVELOPMENTS DIRECTORY as of 01/01/2025,BROOKLYN,744,140,2/12/2020,20,,,,,,,,,,,M,,,,,,,25,,,,,,,,,,,,,,,,,,8,,,,,,,,,,,,,,,,,,,,,,,,,,,,,,,,,,,,,,,,,,,,16,,,,,,,,09,,,,,,,,11233,55,41,,,,,,,3014710018,1800A STERLING PLACE,3039451,,,,,,,,,,,,,,,,,,,,,,,,,,,,,,
PACT DEVELOPMENTS DIRECTORY as of 01/01/2025,BROOKLYN,744,140,2/12/2020,20,,,,,,,,,,,M,,,,,,,25,,,,,,,,,,,,,,,,,,8,,,,,,,,,,,,,,,,,,,,,,,,,,,,,,,,,,,,,,,,,,,,16,,,,,,,,09,,,,,,,,11233,55,41,,,,,,,3014710018,1800B STERLING PLACE,3039451,,,,,,,,,,,,,,,,,,,,,,,,,,,,,,
PACT DEVELOPMENTS DIRECTORY as of 01/01/2025,BROOKLYN,744,140,2/12/2020,20,,,,,,,,,,,M,,,,,,,25,,,,,,,,,,,,,,,,,,8,,,,,,,,,,,,,,,,,,,,,,,,,,,,,,,,,,,,,,,,,,,,16,,,,,,,,09,,,,,,,,11233,55,41,,,,,,,3014710019,1802 STERLING PLACE,3039452,,,,,,,,,,,,,,,,,,,,,,,,,,,,,,
PACT DEVELOPMENTS DIRECTORY as of 01/01/2025,BROOKLYN,744,140,2/12/2020,20,,,,,,,,,,,M,,,,,,,25,,,,,,,,,,,,,,,,,,8,,,,,,,,,,,,,,,,,,,,,,,,,,,,,,,,,,,,,,,,,,,,16,,,,,,,,09,,,,,,,,11233,55,41,,,,,,,3014710019,1802A STERLING PLACE,3039452,,,,,,,,,,,,,,,,,,,,,,,,,,,,,,
PACT DEVELOPMENTS DIRECTORY as of 01/01/2025,BROOKLYN,744,140,2/12/2020,20,,,,,,,,,,,M,,,,,,,25,,,,,,,,,,,,,,,,,,8,,,,,,,,,,,,,,,,,,,,,,,,,,,,,,,,,,,,,,,,,,,,16,,,,,,,,09,,,,,,,,11233,55,41,,,,,,,3014710019,1802B STERLING PLACE,3039452,,,,,,,,,,,,,,,,,,,,,,,,,,,,,,
PACT DEVELOPMENTS DIRECTORY as of 01/01/2025,BROOKLYN,744,140,2/12/2020,20,,,,,,,,,,,M,,,,,,,25,,,,,,,,,,,,,,,,,,8,,,,,,,,,,,,,,,,,,,,,,,,,,,,,,,,,,,,,,,,,,,,16,,,,,,,,09,,,,,,,,11233,55,41,,,,,,,3014710020,1804 STERLING PLACE,3406675,,,,,,,,,,,,,,,,,,,,,,,,,,,,,,
PACT DEVELOPMENTS DIRECTORY as of 01/01/2025,BROOKLYN,744,140,2/12/2020,20,,,,,,,,,,,M,,,,,,,25,,,,,,,,,,,,,,,,,,8,,,,,,,,,,,,,,,,,,,,,,,,,,,,,,,,,,,,,,,,,,,,16,,,,,,,,09,,,,,,,,11233,55,41,,,,,,,3014710020,1804A STERLING PLACE,3406675,,,,,,,,,,,,,,,,,,,,,,,,,,,,,,
PACT DEVELOPMENTS DIRECTORY as of 01/01/2025,BROOKLYN,744,140,2/12/2020,20,,,,,,,,,,,M,,,,,,,25,,,,,,,,,,,,,,,,,,8,,,,,,,,,,,,,,,,,,,,,,,,,,,,,,,,,,,,,,,,,,,,16,,,,,,,,09,,,,,,,,11233,55,41,,,,,,,3014710020,1804B STERLING PLACE,3406675,,,,,,,,,,,,,,,,,,,,,,,,,,,,,,
PACT DEVELOPMENTS DIRECTORY as of 01/01/2025,BROOKLYN,744,140,2/12/2020,20,,,,,,,,,,,,,,,,,,25,,,,,,,,,,,,,,,,,,8,,,,,,,,,,,,,,,,,,,,,,,,,,,,,,,,,,,,,,,,,,,,16,,,,,,,,09,,,,,,,,11233,55,41,,,,,,,3014710023,1812 STERLING PLACE,3406675,,,,,,,,,,,,,,,,,,,,,,,,,,,,,,
PACT DEVELOPMENTS DIRECTORY as of 01/01/2025,BROOKLYN,744,140,2/12/2020,20,,,,,,,,,,,,,,,,,,25,,,,,,,,,,,,,,,,,,8,,,,,,,,,,,,,,,,,,,,,,,,,,,,,,,,,,,,,,,,,,,,16,,,,,,,,09,,,,,,,,11233,55,41,,,,,,,3014710021,1806 STERLING PLACE,3000000,,,,,,,,,,,,,,,,,,,,,,,,,,,,,,
PACT DEVELOPMENTS DIRECTORY as of 01/01/2025,BROOKLYN,744,140,2/12/2020,20,,,,,,,,,,,,,,,,,,25,,,,,,,,,,,,,,,,,,8,,,,,,,,,,,,,,,,,,,,,,,,,,,,,,,,,,,,,,,,,,,,16,,,,,,,,09,,,,,,,,11233,55,41,,,,,,,3014710022,1810 STERLING PLACE,,,,,,,,,,,,,,,,,,,,,,,,,,,,,,,
PACT DEVELOPMENTS DIRECTORY as of 01/01/2025,BROOKLYN,744,140,2/12/2020,20,,,,,,,,,,,,,,,,,,25,,,,,,,,,,,,,,,,,,8,,,,,,,,,,,,,,,,,,,,,,,,,,,,,,,,,,,,,,,,,,,,16,,,,,,,,09,,,,,,,,11233,55,41,,,,,,,3014710024,1814 STERLING PLACE,3000000,,,,,,,,,,,,,,,,,,,,,,,,,,,,,,
PACT DEVELOPMENTS DIRECTORY as of 01/01/2025,BROOKLYN,744,140,2/12/2020,20,3021720001,1,85 TAYLOR STREET,11249,1,07,18,50,34,3334990,M,,,,,,,,,,,,,,,,,,,,,,,,,,,,,,,,,,,,,,,,,,,,,,,,,,,,,,,,,,,,,,,,,,,,,,,,,,,,,,,,,,,,,,,,,,,,,,,,,,,,,,,,,,,,,,,,,,,,,,,,,,,,,,
PACT DEVELOPMENTS DIRECTORY as of 01/01/2025,BROOKLYN,744,140,2/12/2020,20,3021720001,1,83 TAYLOR STREET,11249,1,07,18,50,34,3334990,,,,,,,,,,,,,,,,,,,,,,,,,,,,,,,,,,,,,,,,,,,,,,,,,,,,,,,,,,,,,,,,,,,,,,,,,,,,,,,,,,,,,,,,,,,,,,,,,,,,,,,,,,,,,,,,,,,,,,,,,,,,,,,
PACT DEVELOPMENTS DIRECTORY as of 01/01/2025,BROOKLYN,744,140,2/12/2020,20,3021720001,2,128 CLYMER STREET,11249,1,07,18,50,34,3334991,,,,,,,,,,,,,,,,,,,,,,,,,,,,,,,,,,,,,,,,,,,,,,,,,,,,,,,,,,,,,,,,,,,,,,,,,,,,,,,,,,,,,,,,,,,,,,,,,,,,,,,,,,,,,,,,,,,,,,,,,,,,,,,
PACT DEVELOPMENTS DIRECTORY as of 01/01/2025,BROOKLYN,744,140,2/12/2020,20,3021720001,2,130 CLYMER STREET,11249,1,07,18,50,34,3334991,M,,,,,,,,,,,,,,,,,,,,,,,,,,,,,,,,,,,,,,,,,,,,,,,,,,,,,,,,,,,,,,,,,,,,,,,,,,,,,,,,,,,,,,,,,,,,,,,,,,,,,,,,,,,,,,,,,,,,,,,,,,,,,,
PACT DEVELOPMENTS DIRECTORY as of 01/01/2025,BROOKLYN,744,140,2/12/2020,20,3021720001,3,140 CLYMER STREET,11249,1,07,18,50,34,3334989,,,,,,,,,,,,,,,,,,,,,,,,,,,,,,,,,,,,,,,,,,,,,,,,,,,,,,,,,,,,,,,,,,,,,,,,,,,,,,,,,,,,,,,,,,,,,,,,,,,,,,,,,,,,,,,,,,,,,,,,,,,,,,,
PACT DEVELOPMENTS DIRECTORY as of 01/01/2025,BROOKLYN,744,140,2/12/2020,20,3021720001,3,123 TAYLOR STREET,11249,1,07,18,50,34,3334989,,,,,,,,,,,,,,,,,,,,,,,,,,,,,,,,,,,,,,,,,,,,,,,,,,,,,,,,,,,,,,,,,,,,,,,,,,,,,,,,,,,,,,,,,,,,,,,,,,,,,,,,,,,,,,,,,,,,,,,,,,,,,,,
PACT DEVELOPMENTS DIRECTORY as of 01/01/2025,BROOKLYN,744,140,2/12/2020,20,3021720001,3,125 TAYLOR STREET,11249,1,07,18,50,34,3334989,M,,,,,,,,,,,,,,,,,,,,,,,,,,,,,,,,,,,,,,,,,,,,,,,,,,,,,,,,,,,,,,,,,,,,,,,,,,,,,,,,,,,,,,,,,,,,,,,,,,,,,,,,,,,,,,,,,,,,,,,,,,,,,,
PACT DEVELOPMENTS DIRECTORY as of 01/01/2025,BROOKLYN,744,140,2/12/2020,20,3021720001,3,119 TAYLOR STREET,11249,1,07,18,50,34,3334989,,,,,,,,,,,,,,,,,,,,,,,,,,,,,,,,,,,,,,,,,,,,,,,,,,,,,,,,,,,,,,,,,,,,,,,,,,,,,,,,,,,,,,,,,,,,,,,,,,,,,,,,,,,,,,,,,,,,,,,,,,,,,,,
PACT DEVELOPMENTS DIRECTORY as of 01/01/2025,BROOKLYN,744,140,2/12/2020,20,3021760001,4,119 WILSON STREET,11249,1,07,18,50,34,3059905,,,,,,,,,,,,,,,,,,,,,,,,,,,,,,,,,,,,,,,,,,,,,,,,,,,,,,,,,,,,,,,,,,,,,,,,,,,,,,,,,,,,,,,,,,,,,,,,,,,,,,,,,,,,,,,,,,,,,,,,,,,,,,,
PACT DEVELOPMENTS DIRECTORY as of 01/01/2025,BROOKLYN,744,140,2/12/2020,20,3021760001,4,114 TAYLOR STREET,11249,1,07,18,50,34,3059905,,,,,,,,,,,,,,,,,,,,,,,,,,,,,,,,,,,,,,,,,,,,,,,,,,,,,,,,,,,,,,,,,,,,,,,,,,,,,,,,,,,,,,,,,,,,,,,,,,,,,,,,,,,,,,,,,,,,,,,,,,,,,,,
PACT DEVELOPMENTS DIRECTORY as of 01/01/2025,BROOKLYN,744,140,2/12/2020,20,3021760001,4,121 WILSON STREET,11249,1,07,18,50,34,3059905,M,,,,,,,,,,,,,,,,,,,,,,,,,,,,,,,,,,,,,,,,,,,,,,,,,,,,,,,,,,,,,,,,,,,,,,,,,,,,,,,,,,,,,,,,,,,,,,,,,,,,,,,,,,,,,,,,,,,,,,,,,,,,,,
PACT DEVELOPMENTS DIRECTORY as of 01/01/2025,BROOKLYN,744,140,2/12/2020,20,3021760001,5,97 WILSON STREET,11249,1,07,18,50,34,3341986,,,,,,,,,,,,,,,,,,,,,,,,,,,,,,,,,,,,,,,,,,,,,,,,,,,,,,,,,,,,,,,,,,,,,,,,,,,,,,,,,,,,,,,,,,,,,,,,,,,,,,,,,,,,,,,,,,,,,,,,,,,,,,,
PACT DEVELOPMENTS DIRECTORY as of 01/01/2025,BROOKLYN,744,140,2/12/2020,20,3021760001,5,110 TAYLOR STREET,11249,1,07,18,50,34,3341989,,,,,,,,,,,,,,,,,,,,,,,,,,,,,,,,,,,,,,,,,,,,,,,,,,,,,,,,,,,,,,,,,,,,,,,,,,,,,,,,,,,,,,,,,,,,,,,,,,,,,,,,,,,,,,,,,,,,,,,,,,,,,,,
PACT DEVELOPMENTS DIRECTORY as of 01/01/2025,BROOKLYN,744,140,2/12/2020,20,3021760001,5,95 WILSON STREET,11249,1,07,18,50,34,3341986,,,,,,,,,,,,,,,,,,,,,,,,,,,,,,,,,,,,,,,,,,,,,,,,,,,,,,,,,,,,,,,,,,,,,,,,,,,,,,,,,,,,,,,,,,,,,,,,,,,,,,,,,,,,,,,,,,,,,,,,,,,,,,,
PACT DEVELOPMENTS DIRECTORY as of 01/01/2025,BROOKLYN,744,140,2/12/2020,20,3021760001,5,99 WILSON STREET,11249,1,07,18,50,34,3341986,M,,,,,,,,,,,,,,,,,,,,,,,,,,,,,,,,,,,,,,,,,,,,,,,,,,,,,,,,,,,,,,,,,,,,,,,,,,,,,,,,,,,,,,,,,,,,,,,,,,,,,,,,,,,,,,,,,,,,,,,,,,,,,,
PACT DEVELOPMENTS DIRECTORY as of 01/01/2025,BROOKLYN,744,140,2/12/2020,20,3021760001,6,75 WILSON STREET,11249,1,07,18,50,34,3341987,M,,,,,,,,,,,,,,,,,,,,,,,,,,,,,,,,,,,,,,,,,,,,,,,,,,,,,,,,,,,,,,,,,,,,,,,,,,,,,,,,,,,,,,,,,,,,,,,,,,,,,,,,,,,,,,,,,,,,,,,,,,,,,,
PACT DEVELOPMENTS DIRECTORY as of 01/01/2025,BROOKLYN,744,140,2/12/2020,20,3021760001,6,73 WILSON STREET,11249,1,07,18,50,34,3341987,,,,,,,,,,,,,,,,,,,,,,,,,,,,,,,,,,,,,,,,,,,,,,,,,,,,,,,,,,,,,,,,,,,,,,,,,,,,,,,,,,,,,,,,,,,,,,,,,,,,,,,,,,,,,,,,,,,,,,,,,,,,,,,
PACT DEVELOPMENTS DIRECTORY as of 01/01/2025,BROOKLYN,744,140,2/12/2020,20,3046710007,1,1142 LENOX ROAD,11212,17,09,19,58,41,3101906,M,,,,,,,,,,,,,,,,,,,,,,,,,,,,,,,,,,,,,,,,,,,,,,,,,,,,,,,,,,,,,,,,,,,,,,,,,,,,,,,,,,,,,,,,,,,,,,,,,,,,,,,,,,,,,,,,,,,,,,,,,,,,,,
PACT DEVELOPMENTS DIRECTORY as of 01/01/2025,BROOKLYN,744,140,2/12/2020,20,3046720001,2,1144 LENOX ROAD,11212,17,09,19,55,41,3101952,M,,,,,,,,,,,,,,,,,,,,,,,,,,,,,,,,,,,,,,,,,,,,,,,,,,,,,,,,,,,,,,,,,,,,,,,,,,,,,,,,,,,,,,,,,,,,,,,,,,,,,,,,,,,,,,,,,,,,,,,,,,,,,,
PACT DEVELOPMENTS DIRECTORY as of 01/01/2025,BROOKLYN,744,140,2/12/2020,20,3046520045,3,1145 LENOX ROAD,11212,17,09,19,55,41,3101290,M,,,,,,,,,,,,,,,,,,,,,,,,,,,,,,,,,,,,,,,,,,,,,,,,,,,,,,,,,,,,,,,,,,,,,,,,,,,,,,,,,,,,,,,,,,,,,,,,,,,,,,,,,,,,,,,,,,,,,,,,,,,,,,
PACT DEVELOPMENTS DIRECTORY as of 01/01/2025,BROOKLYN,1,095,12/28/2021,21,3043710001,1,570 STANLEY AVENUE,11207,5,08,19,60,42,3324019,M,,,,,,,,,,,,,,,,,,,,,,,,,,,,,,,,,,,,,,,,,,,,,,,,,,,,,,,,,,,,,,,,,,,,,,,,,,,,,,,,,,,,,,,,,,,,,,,,,,,,,,,,,,,,,,,,,,,,,,,,,,,,,,
PACT DEVELOPMENTS DIRECTORY as of 01/01/2025,BROOKLYN,1,095,12/28/2021,21,3043930001,10,190 WORTMAN AVENUE,11207,5,08,19,60,42,3337067,M,,,,,,,,,,,,,,,,,,,,,,,,,,,,,,,,,,,,,,,,,,,,,,,,,,,,,,,,,,,,,,,,,,,,,,,,,,,,,,,,,,,,,,,,,,,,,,,,,,,,,,,,,,,,,,,,,,,,,,,,,,,,,,
PACT DEVELOPMENTS DIRECTORY as of 01/01/2025,BROOKLYN,1,095,12/28/2021,21,3043930001,11,240 WORTMAN AVENUE,11207,5,08,19,60,42,3337068,M,,,,,,,,,,,,,,,,,,,,,,,,,,,,,,,,,,,,,,,,,,,,,,,,,,,,,,,,,,,,,,,,,,,,,,,,,,,,,,,,,,,,,,,,,,,,,,,,,,,,,,,,,,,,,,,,,,,,,,,,,,,,,,
PACT DEVELOPMENTS DIRECTORY as of 01/01/2025,BROOKLYN,1,095,12/28/2021,21,3043930001,12,250 WORTMAN AVENUE,11207,5,08,19,60,42,3337069,M,,,,,,,,,,,,,,,,,,,,,,,,,,,,,,,,,,,,,,,,,,,,,,,,,,,,,,,,,,,,,,,,,,,,,,,,,,,,,,,,,,,,,,,,,,,,,,,,,,,,,,,,,,,,,,,,,,,,,,,,,,,,,,
PACT DEVELOPMENTS DIRECTORY as of 01/01/2025,BROOKLYN,1,095,12/28/2021,21,3043930001,13,245 COZINE AVENUE,11207,5,08,19,60,42,3337065,M,,,,,,,,,,,,,,,,,,,,,,,,,,,,,,,,,,,,,,,,,,,,,,,,,,,,,,,,,,,,,,,,,,,,,,,,,,,,,,,,,,,,,,,,,,,,,,,,,,,,,,,,,,,,,,,,,,,,,,,,,,,,,,
PACT DEVELOPMENTS DIRECTORY as of 01/01/2025,BROOKLYN,1,095,12/28/2021,21,3043930001,14,217 COZINE AVENUE,11207,5,08,19,60,42,3337062,,,,,,,,,,,,,,,,,,,,,,,,,,,,,,,,,,,,,,,,,,,,,,,,,,,,,,,,,,,,,,,,,,,,,,,,,,,,,,,,,,,,,,,,,,,,,,,,,,,,,,,,,,,,,,,,,,,,,,,,,,,,,,,
PACT DEVELOPMENTS DIRECTORY as of 01/01/2025,BROOKLYN,1,095,12/28/2021,21,3043930001,14,215 COZINE AVENUE,11207,5,08,19,60,42,3337062,M,,,,,,,,,,,,,,,,,,,,,,,,,,,,,,,,,,,,,,,,,,,,,,,,,,,,,,,,,,,,,,,,,,,,,,,,,,,,,,,,,,,,,,,,,,,,,,,,,,,,,,,,,,,,,,,,,,,,,,,,,,,,,,
PACT DEVELOPMENTS DIRECTORY as of 01/01/2025,BROOKLYN,1,095,12/28/2021,21,3043930001,14,213 COZINE AVENUE,11207,5,08,19,60,42,3337062,,,,,,,,,,,,,,,,,,,,,,,,,,,,,,,,,,,,,,,,,,,,,,,,,,,,,,,,,,,,,,,,,,,,,,,,,,,,,,,,,,,,,,,,,,,,,,,,,,,,,,,,,,,,,,,,,,,,,,,,,,,,,,,
PACT DEVELOPMENTS DIRECTORY as of 01/01/2025,BROOKLYN,1,095,12/28/2021,21,3043930001,15,195 COZINE AVENUE,11207,5,08,19,60,42,3337061,M,,,,,,,,,,,,,,,,,,,,,,,,,,,,,,,,,,,,,,,,,,,,,,,,,,,,,,,,,,,,,,,,,,,,,,,,,,,,,,,,,,,,,,,,,,,,,,,,,,,,,,,,,,,,,,,,,,,,,,,,,,,,,,
PACT DEVELOPMENTS DIRECTORY as of 01/01/2025,BROOKLYN,1,095,12/28/2021,21,3043970001,16,270 WORTMAN AVENUE,11207,5,08,19,60,42,3324281,M,,,,,,,,,,,,,,,,,,,,,,,,,,,,,,,,,,,,,,,,,,,,,,,,,,,,,,,,,,,,,,,,,,,,,,,,,,,,,,,,,,,,,,,,,,,,,,,,,,,,,,,,,,,,,,,,,,,,,,,,,,,,,,
PACT DEVELOPMENTS DIRECTORY as of 01/01/2025,BROOKLYN,1,095,12/28/2021,21,3043970001,17,300 WORTMAN AVENUE,11207,5,08,19,60,42,3324284,M,,,,,,,,,,,,,,,,,,,,,,,,,,,,,,,,,,,,,,,,,,,,,,,,,,,,,,,,,,,,,,,,,,,,,,,,,,,,,,,,,,,,,,,,,,,,,,,,,,,,,,,,,,,,,,,,,,,,,,,,,,,,,,
PACT DEVELOPMENTS DIRECTORY as of 01/01/2025,BROOKLYN,1,095,12/28/2021,21,3043970001,18,295 COZINE AVENUE,11207,5,08,19,60,42,3324283,M,,,,,,,,,,,,,,,,,,,,,,,,,,,,,,,,,,,,,,,,,,,,,,,,,,,,,,,,,,,,,,,,,,,,,,,,,,,,,,,,,,,,,,,,,,,,,,,,,,,,,,,,,,,,,,,,,,,,,,,,,,,,,,
PACT DEVELOPMENTS DIRECTORY as of 01/01/2025,BROOKLYN,1,095,12/28/2021,21,3043970001,19,285 COZINE AVENUE,11207,5,08,19,60,42,3324282,M,,,,,,,,,,,,,,,,,,,,,,,,,,,,,,,,,,,,,,,,,,,,,,,,,,,,,,,,,,,,,,,,,,,,,,,,,,,,,,,,,,,,,,,,,,,,,,,,,,,,,,,,,,,,,,,,,,,,,,,,,,,,,,
PACT DEVELOPMENTS DIRECTORY as of 01/01/2025,BROOKLYN,1,095,12/28/2021,21,3043710001,2,580 STANLEY AVENUE,11207,5,08,19,60,42,3324020,M,,,,,,,,,,,,,,,,,,,,,,,,,,,,,,,,,,,,,,,,,,,,,,,,,,,,,,,,,,,,,,,,,,,,,,,,,,,,,,,,,,,,,,,,,,,,,,,,,,,,,,,,,,,,,,,,,,,,,,,,,,,,,,
PACT DEVELOPMENTS DIRECTORY as of 01/01/2025,BROOKLYN,1,095,12/28/2021,21,3043750050,20,696 STANLEY AVENUE,11207,5,08,19,60,42,3396477,,,,,,,,,,,,,,,,,,,,,,,,,,,,,,,,,,,,,,,,,,,,,,,,,,,,,,,,,,,,,,,,,,,,,,,,,,,,,,,,,,,,,,,,,,,,,,,,,,,,,,,,,,,,,,,,,,,,,,,,,,,,,,,
PACT DEVELOPMENTS DIRECTORY as of 01/01/2025,BROOKLYN,1,095,12/28/2021,21,3043750050,21,670 STANLEY AVENUE,11207,5,08,19,60,42,3412949,,,,,,,,,,,,,,,,,,,,,,,,,,,,,,,,,,,,,,,,,,,,,,,,,,,,,,,,,,,,,,,,,,,,,,,,,,,,,,,,,,,,,,,,,,,,,,,,,,,,,,,,,,,,,,,,,,,,,,,,,,,,,,,
PACT DEVELOPMENTS DIRECTORY as of 01/01/2025,BROOKLYN,1,095,12/28/2021,21,3043710001,3,630 STANLEY AVENUE,11207,5,08,19,60,42,3324015,M,,,,,,,,,,,,,,,,,,,,,,,,,,,,,,,,,,,,,,,,,,,,,,,,,,,,,,,,,,,,,,,,,,,,,,,,,,,,,,,,,,,,,,,,,,,,,,,,,,,,,,,,,,,,,,,,,,,,,,,,,,,,,,
PACT DEVELOPMENTS DIRECTORY as of 01/01/2025,BROOKLYN,1,095,12/28/2021,21,3043710001,4,640 STANLEY AVENUE,11207,5,08,19,60,42,3324018,M,,,,,,,,,,,,,,,,,,,,,,,,,,,,,,,,,,,,,,,,,,,,,,,,,,,,,,,,,,,,,,,,,,,,,,,,,,,,,,,,,,,,,,,,,,,,,,,,,,,,,,,,,,,,,,,,,,,,,,,,,,,,,,
PACT DEVELOPMENTS DIRECTORY as of 01/01/2025,BROOKLYN,1,095,12/28/2021,21,3043710001,5,243 WORTMAN AVENUE,11207,5,08,19,60,42,3324016,,,,,,,,,,,,,,,,,,,,,,,,,,,,,,,,,,,,,,,,,,,,,,,,,,,,,,,,,,,,,,,,,,,,,,,,,,,,,,,,,,,,,,,,,,,,,,,,,,,,,,,,,,,,,,,,,,,,,,,,,,,,,,,
PACT DEVELOPMENTS DIRECTORY as of 01/01/2025,BROOKLYN,1,095,12/28/2021,21,3043710001,5,245 WORTMAN AVENUE,11207,5,08,19,60,42,3324016,M,,,,,,,,,,,,,,,,,,,,,,,,,,,,,,,,,,,,,,,,,,,,,,,,,,,,,,,,,,,,,,,,,,,,,,,,,,,,,,,,,,,,,,,,,,,,,,,,,,,,,,,,,,,,,,,,,,,,,,,,,,,,,,
PACT DEVELOPMENTS DIRECTORY as of 01/01/2025,BROOKLYN,1,095,12/28/2021,21,3043710001,5,914 VAN SICLEN AVENUE,11207,5,08,19,60,42,3324016,,,,,,,,,,,,,,,,,,,,,,,,,,,,,,,,,,,,,,,,,,,,,,,,,,,,,,,,,,,,,,,,,,,,,,,,,,,,,,,,,,,,,,,,,,,,,,,,,,,,,,,,,,,,,,,,,,,,,,,,,,,,,,,
PACT DEVELOPMENTS DIRECTORY as of 01/01/2025,BROOKLYN,1,095,12/28/2021,21,3043710001,5,912 VAN SICLEN AVENUE,11207,5,08,19,60,42,3324016,,,,,,,,,,,,,,,,,,,,,,,,,,,,,,,,,,,,,,,,,,,,,,,,,,,,,,,,,,,,,,,,,,,,,,,,,,,,,,,,,,,,,,,,,,,,,,,,,,,,,,,,,,,,,,,,,,,,,,,,,,,,,,,
PACT DEVELOPMENTS DIRECTORY as of 01/01/2025,BROOKLYN,1,095,12/28/2021,21,3043710001,5,247 WORTMAN AVENUE,11207,5,08,19,60,42,3324016,,,,,,,,,,,,,,,,,,,,,,,,,,,,,,,,,,,,,,,,,,,,,,,,,,,,,,,,,,,,,,,,,,,,,,,,,,,,,,,,,,,,,,,,,,,,,,,,,,,,,,,,,,,,,,,,,,,,,,,,,,,,,,,
PACT DEVELOPMENTS DIRECTORY as of 01/01/2025,BROOKLYN,1,095,12/28/2021,21,3043710001,6,225 WORTMAN AVENUE,11207,5,08,19,60,42,3324017,M,,,,,,,,,,,,,,,,,,,,,,,,,,,,,,,,,,,,,,,,,,,,,,,,,,,,,,,,,,,,,,,,,,,,,,,,,,,,,,,,,,,,,,,,,,,,,,,,,,,,,,,,,,,,,,,,,,,,,,,,,,,,,,
PACT DEVELOPMENTS DIRECTORY as of 01/01/2025,BROOKLYN,1,095,12/28/2021,21,3043710001,7,215 WORTMAN AVENUE,11207,5,08,19,60,42,3324022,M,,,,,,,,,,,,,,,,,,,,,,,,,,,,,,,,,,,,,,,,,,,,,,,,,,,,,,,,,,,,,,,,,,,,,,,,,,,,,,,,,,,,,,,,,,,,,,,,,,,,,,,,,,,,,,,,,,,,,,,,,,,,,,
PACT DEVELOPMENTS DIRECTORY as of 01/01/2025,BROOKLYN,1,095,12/28/2021,21,3043710001,8,185 WORTMAN AVENUE,11207,5,08,19,60,42,3324021,M,,,,,,,,,,,,,,,,,,,,,,,,,,,,,,,,,,,,,,,,,,,,,,,,,,,,,,,,,,,,,,,,,,,,,,,,,,,,,,,,,,,,,,,,,,,,,,,,,,,,,,,,,,,,,,,,,,,,,,,,,,,,,,
PACT DEVELOPMENTS DIRECTORY as of 01/01/2025,BROOKLYN,1,095,12/28/2021,21,3043710001,8,183 WORTMAN AVENUE,11207,5,08,19,60,42,3324021,,,,,,,,,,,,,,,,,,,,,,,,,,,,,,,,,,,,,,,,,,,,,,,,,,,,,,,,,,,,,,,,,,,,,,,,,,,,,,,,,,,,,,,,,,,,,,,,,,,,,,,,,,,,,,,,,,,,,,,,,,,,,,,
PACT DEVELOPMENTS DIRECTORY as of 01/01/2025,BROOKLYN,1,095,12/28/2021,21,3043710001,8,187 WORTMAN AVENUE,11207,5,08,19,60,42,3324021,,,,,,,,,,,,,,,,,,,,,,,,,,,,,,,,,,,,,,,,,,,,,,,,,,,,,,,,,,,,,,,,,,,,,,,,,,,,,,,,,,,,,,,,,,,,,,,,,,,,,,,,,,,,,,,,,,,,,,,,,,,,,,,
PACT DEVELOPMENTS DIRECTORY as of 01/01/2025,BROOKLYN,1,095,12/28/2021,21,3043930001,9,180 WORTMAN AVENUE,11207,5,08,19,60,42,3337066,M,,,,,,,,,,,,,,,,,,,,,,,,,,,,,,,,,,,,,,,,,,,,,,,,,,,,,,,,,,,,,,,,,,,,,,,,,,,,,,,,,,,,,,,,,,,,,,,,,,,,,,,,,,,,,,,,,,,,,,,,,,,,,,
PACT DEVELOPMENTS DIRECTORY as of 01/01/2025,BROOKLYN,1,095,12/28/2021,21,1019840001,1,555 WEST 126TH STREET,10027,9,13,30,70,07,1084125,,,,,,,,,,,,,,,,,,,,,,,,,,,,,,,,,,,,,,,,,,,,,,,,,,,,,,,,,,,,,,,,,,,,,,,,,,,,,,,,,,,,,,,,,,,,,,,,,,,,,,,,,,,,,,,,,,,,,,,,,,,,,,,
PACT DEVELOPMENTS DIRECTORY as of 01/01/2025,BROOKLYN,1,095,12/28/2021,21,1019840001,1,545 WEST 126TH STREET,10027,9,13,30,70,07,1084125,M,,,,,,,,,,,,,,,,,,,,,,,,,,,,,,,,,,,,,,,,,,,,,,,,,,,,,,,,,,,,,,,,,,,,,,,,,,,,,,,,,,,,,,,,,,,,,,,,,,,,,,,,,,,,,,,,,,,,,,,,,,,,,,
PACT DEVELOPMENTS DIRECTORY as of 01/01/2025,BROOKLYN,1,095,12/28/2021,21,1019840001,1,549 WEST 126TH STREET,10027,9,13,30,70,07,1084125,,,,,,,,,,,,,,,,,,,,,,,,,,,,,,,,,,,,,,,,,,,,,,,,,,,,,,,,,,,,,,,,,,,,,,,,,,,,,,,,,,,,,,,,,,,,,,,,,,,,,,,,,,,,,,,,,,,,,,,,,,,,,,,
PACT DEVELOPMENTS DIRECTORY as of 01/01/2025,BROOKLYN,1,095,12/28/2021,21,1019840001,2,3240 BROADWAY,10027,9,13,30,70,07,1084124,,,,,,,,,,,,,,,,,,,,,,,,,,,,,,,,,,,,,,,,,,,,,,,,,,,,,,,,,,,,,,,,,,,,,,,,,,,,,,,,,,,,,,,,,,,,,,,,,,,,,,,,,,,,,,,,,,,,,,,,,,,,,,,
PACT DEVELOPMENTS DIRECTORY as of 01/01/2025,BROOKLYN,1,095,12/28/2021,21,1019840001,2,3250 BROADWAY,10027,9,13,30,70,07,1084124,M,,,,,,,,,,,,,,,,,,,,,,,,,,,,,,,,,,,,,,,,,,,,,,,,,,,,,,,,,,,,,,,,,,,,,,,,,,,,,,,,,,,,,,,,,,,,,,,,,,,,,,,,,,,,,,,,,,,,,,,,,,,,,,
PACT DEVELOPMENTS DIRECTORY as of 01/01/2025,BROOKLYN,1,095,12/28/2021,21,1019840001,3,1420 AMSTERDAM AVENUE,10027,9,13,30,70,07,1084127,M,,,,,,,,,,,,,,,,,,,,,,,,,,,,,,,,,,,,,,,,,,,,,,,,,,,,,,,,,,,,,,,,,,,,,,,,,,,,,,,,,,,,,,,,,,,,,,,,,,,,,,,,,,,,,,,,,,,,,,,,,,,,,,
PACT DEVELOPMENTS DIRECTORY as of 01/01/2025,BROOKLYN,1,095,12/28/2021,21,1019840033,3,1414 AMSTERDAM AVENUE,10027,9,13,30,70,07,1084127,,,,,,,,,,,,,,,,,,,,,,,,,,,,,,,,,,,,,,,,,,,,,,,,,,,,,,,,,,,,,,,,,,,,,,,,,,,,,,,,,,,,,,,,,,,,,,,,,,,,,,,,,,,,,,,,,,,,,,,,,,,,,,,
PACT DEVELOPMENTS DIRECTORY as of 01/01/2025,BROOKLYN,1,095,12/28/2021,21,1019840001,4,1430 AMSTERDAM AVENUE,10027,9,13,30,70,07,1084128,M,,,,,,,,,,,,,,,,,,,,,,,,,,,,,,,,,,,,,,,,,,,,,,,,,,,,,,,,,,,,,,,,,,,,,,,,,,,,,,,,,,,,,,,,,,,,,,,,,,,,,,,,,,,,,,,,,,,,,,,,,,,,,,
PACT DEVELOPMENTS DIRECTORY as of 01/01/2025,BROOKLYN,1,095,12/28/2021,21,1019840001,5,1470 AMSTERDAM AVENUE,10027,9,13,30,70,07,1084129,M,,,,,,,,,,,,,,,,,,,,,,,,,,,,,,,,,,,,,,,,,,,,,,,,,,,,,,,,,,,,,,,,,,,,,,,,,,,,,,,,,,,,,,,,,,,,,,,,,,,,,,,,,,,,,,,,,,,,,,,,,,,,,,
PACT DEVELOPMENTS DIRECTORY as of 01/01/2025,BROOKLYN,1,095,12/28/2021,21,1019840001,6,530 WEST 133RD STREET,10027,9,13,30,70,07,1084130,,,,,,,,,,,,,,,,,,,,,,,,,,,,,,,,,,,,,,,,,,,,,,,,,,,,,,,,,,,,,,,,,,,,,,,,,,,,,,,,,,,,,,,,,,,,,,,,,,,,,,,,,,,,,,,,,,,,,,,,,,,,,,,
PACT DEVELOPMENTS DIRECTORY as of 01/01/2025,BROOKLYN,1,095,12/28/2021,21,1019840001,6,95 OLD BROADWAY,10027,9,13,30,70,07,1084130,M,,,,,,,,,,,,,,,,,,,,,,,,,,,,,,,,,,,,,,,,,,,,,,,,,,,,,,,,,,,,,,,,,,,,,,,,,,,,,,,,,,,,,,,,,,,,,,,,,,,,,,,,,,,,,,,,,,,,,,,,,,,,,,
PACT DEVELOPMENTS DIRECTORY as of 01/01/2025,BROOKLYN,1,095,12/28/2021,21,1019880020,1,515 WEST 134TH STREET,10031,9,13,30,70,07,1059758,M,,,,,,,,,,,,,,,,,,,,,,,,,,,,,,,,,,,,,,,,,,,,,,,,,,,,,,,,,,,,,,,,,,,,,,,,,,,,,,,,,,,,,,,,,,,,,,,,,,,,,,,,,,,,,,,,,,,,,,,,,,,,,,
PACT DEVELOPMENTS DIRECTORY as of 01/01/2025,BROOKLYN,1,095,12/28/2021,21,1019880022,2,511 WEST 134TH STREET,10031,9,13,30,70,07,1059760,M,,,,,,,,,,,,,,,,,,,,,,,,,,,,,,,,,,,,,,,,,,,,,,,,,,,,,,,,,,,,,,,,,,,,,,,,,,,,,,,,,,,,,,,,,,,,,,,,,,,,,,,,,,,,,,,,,,,,,,,,,,,,,,
PACT DEVELOPMENTS DIRECTORY as of 01/01/2025,MANHATTAN,51,297,11/30/2020,22,1019870017,1,529 WEST 133RD STREET,10027,9,13,30,70,07,1079738,M,,,,,,,,,,,,,,,,,,,,,,,,,,,,,,,,,,,,,,,,,,,,,,,,,,,,,,,,,,,,,,,,,,,,,,,,,,,,,,,,,,,,,,,,,,,,,,,,,,,,,,,,,,,,,,,,,,,,,,,,,,,,,,
PACT DEVELOPMENTS DIRECTORY as of 01/01/2025,MANHATTAN,51,297,11/30/2020,22,1019870017,2,514 WEST 134TH STREET,10031,9,13,30,70,07,1079741,M,,,,,,,,,,,,,,,,,,,,,,,,,,,,,,,,,,,,,,,,,,,,,,,,,,,,,,,,,,,,,,,,,,,,,,,,,,,,,,,,,,,,,,,,,,,,,,,,,,,,,,,,,,,,,,,,,,,,,,,,,,,,,,
PACT DEVELOPMENTS DIRECTORY as of 01/01/2025,MANHATTAN,51,297,11/30/2020,22,3017980020,1,534 GREENE AVENUE,11216,3,08,25,56,36,3392441,M,,,,,,,,,,,,,,,,,,,,,,,,,,,,,,,,,,,,,,,,,,,,,,,,,,,,,,,,,,,,,,,,,,,,,,,,,,,,,,,,,,,,,,,,,,,,,,,,,,,,,,,,,,,,,,,,,,,,,,,,,,,,,,
PACT DEVELOPMENTS DIRECTORY as of 01/01/2025,MANHATTAN,51,297,11/30/2020,22,3017980020,1,528 GREENE AVENUE,11216,3,08,25,56,36,3392441,M,,,,,,,,,,,,,,,,,,,,,,,,,,,,,,,,,,,,,,,,,,,,,,,,,,,,,,,,,,,,,,,,,,,,,,,,,,,,,,,,,,,,,,,,,,,,,,,,,,,,,,,,,,,,,,,,,,,,,,,,,,,,,,
PACT DEVELOPMENTS DIRECTORY as of 01/01/2025,MANHATTAN,51,297,11/30/2020,22,3017980020,1,524 GREENE AVENUE,11216,3,08,25,56,36,3392441,M,,,,,,,,,,,,,,,,,,,,,,,,,,,,,,,,,,,,,,,,,,,,,,,,,,,,,,,,,,,,,,,,,,,,,,,,,,,,,,,,,,,,,,,,,,,,,,,,,,,,,,,,,,,,,,,,,,,,,,,,,,,,,,
PACT DEVELOPMENTS DIRECTORY as of 01/01/2025,MANHATTAN,51,297,11/30/2020,22,3017980020,1,518 GREENE AVENUE,11216,3,08,25,56,36,3392441,M,,,,,,,,,,,,,,,,,,,,,,,,,,,,,,,,,,,,,,,,,,,,,,,,,,,,,,,,,,,,,,,,,,,,,,,,,,,,,,,,,,,,,,,,,,,,,,,,,,,,,,,,,,,,,,,,,,,,,,,,,,,,,,
PACT DEVELOPMENTS DIRECTORY as of 01/01/2025,MANHATTAN,51,297,11/30/2020,22,3017980020,2,323 LEXINGTON AVENUE,11216,3,08,25,56,36,3846624,M,,,,,,,,,,,,,,,,,,,,,,,,,,,,,,,,,,,,,,,,,,,,,,,,,,,,,,,,,,,,,,,,,,,,,,,,,,,,,,,,,,,,,,,,,,,,,,,,,,,,,,,,,,,,,,,,,,,,,,,,,,,,,,
PACT DEVELOPMENTS DIRECTORY as of 01/01/2025,MANHATTAN,51,297,11/30/2020,22,3017980020,2,327 LEXINGTON AVENUE,11216,3,08,25,56,36,3846624,,,,,,,,,,,,,,,,,,,,,,,,,,,,,,,,,,,,,,,,,,,,,,,,,,,,,,,,,,,,,,,,,,,,,,,,,,,,,,,,,,,,,,,,,,,,,,,,,,,,,,,,,,,,,,,,,,,,,,,,,,,,,,,
PACT DEVELOPMENTS DIRECTORY as of 01/01/2025,MANHATTAN,51,297,11/30/2020,22,3017980020,2,325 LEXINGTON AVENUE,11216,3,08,25,56,36,3846624,,,,,,,,,,,,,,,,,,,,,,,,,,,,,,,,,,,,,,,,,,,,,,,,,,,,,,,,,,,,,,,,,,,,,,,,,,,,,,,,,,,,,,,,,,,,,,,,,,,,,,,,,,,,,,,,,,,,,,,,,,,,,,,
PACT DEVELOPMENTS DIRECTORY as of 01/01/2025,MANHATTAN,51,297,11/30/2020,22,3017980020,2,329 LEXINGTON AVENUE,11216,3,08,25,56,36,3846624,M,,,,,,,,,,,,,,,,,,,,,,,,,,,,,,,,,,,,,,,,,,,,,,,,,,,,,,,,,,,,,,,,,,,,,,,,,,,,,,,,,,,,,,,,,,,,,,,,,,,,,,,,,,,,,,,,,,,,,,,,,,,,,,
PACT DEVELOPMENTS DIRECTORY as of 01/01/2025,MANHATTAN,51,297,11/30/2020,22,3017980020,2,331 LEXINGTON AVENUE,11216,3,08,25,56,36,3846624,M,,,,,,,,,,,,,,,,,,,,,,,,,,,,,,,,,,,,,,,,,,,,,,,,,,,,,,,,,,,,,,,,,,,,,,,,,,,,,,,,,,,,,,,,,,,,,,,,,,,,,,,,,,,,,,,,,,,,,,,,,,,,,,
PACT DEVELOPMENTS DIRECTORY as of 01/01/2025,MANHATTAN,51,297,11/30/2020,22,3017980005,,303 NOSTRAND AVENUE,11216,3,08,25,56,36,3000000,,,,,,,,,,,,,,,,,,,,,,,,,,,,,,,,,,,,,,,,,,,,,,,,,,,,,,,,,,,,,,,,,,,,,,,,,,,,,,,,,,,,,,,,,,,,,,,,,,,,,,,,,,,,,,,,,,,,,,,,,,,,,,,
PACT DEVELOPMENTS DIRECTORY as of 01/01/2025,MANHATTAN,51,297,11/30/2020,22,3017980077,,305 LEXINGTON AVENUE,11216,3,08,25,56,36,3343342,,,,,,,,,,,,,,,,,,,,,,,,,,,,,,,,,,,,,,,,,,,,,,,,,,,,,,,,,,,,,,,,,,,,,,,,,,,,,,,,,,,,,,,,,,,,,,,,,,,,,,,,,,,,,,,,,,,,,,,,,,,,,,,
PACT DEVELOPMENTS DIRECTORY as of 01/01/2025,MANHATTAN,51,297,11/30/2020,22,3017980004,,305 NOSTRAND AVENUE,11216,3,08,25,56,36,3000000,,,,,,,,,,,,,,,,,,,,,,,,,,,,,,,,,,,,,,,,,,,,,,,,,,,,,,,,,,,,,,,,,,,,,,,,,,,,,,,,,,,,,,,,,,,,,,,,,,,,,,,,,,,,,,,,,,,,,,,,,,,,,,,
PACT DEVELOPMENTS DIRECTORY as of 01/01/2025,MANHATTAN,51,297,11/30/2020,22,3017980003,,307 NOSTRAND AVENUE,11216,3,08,25,56,36,3000000,,,,,,,,,,,,,,,,,,,,,,,,,,,,,,,,,,,,,,,,,,,,,,,,,,,,,,,,,,,,,,,,,,,,,,,,,,,,,,,,,,,,,,,,,,,,,,,,,,,,,,,,,,,,,,,,,,,,,,,,,,,,,,,
PACT DEVELOPMENTS DIRECTORY as of 01/01/2025,MANHATTAN,51,297,11/30/2020,22,3017980002,,309 NOSTRAND AVENUE,11216,3,08,25,56,36,3000000,,,,,,,,,,,,,,,,,,,,,,,,,,,,,,,,,,,,,,,,,,,,,,,,,,,,,,,,,,,,,,,,,,,,,,,,,,,,,,,,,,,,,,,,,,,,,,,,,,,,,,,,,,,,,,,,,,,,,,,,,,,,,,,
PACT DEVELOPMENTS DIRECTORY as of 01/01/2025,MANHATTAN,51,297,11/30/2020,22,3017980007,,492 GREENE AVENUE,11216,3,08,25,56,36,3000000,,,,,,,,,,,,,,,,,,,,,,,,,,,,,,,,,,,,,,,,,,,,,,,,,,,,,,,,,,,,,,,,,,,,,,,,,,,,,,,,,,,,,,,,,,,,,,,,,,,,,,,,,,,,,,,,,,,,,,,,,,,,,,,
PACT DEVELOPMENTS DIRECTORY as of 01/01/2025,MANHATTAN,51,297,11/30/2020,22,3017980008,,494 GREENE AVENUE,11216,3,08,25,56,36,3000000,,,,,,,,,,,,,,,,,,,,,,,,,,,,,,,,,,,,,,,,,,,,,,,,,,,,,,,,,,,,,,,,,,,,,,,,,,,,,,,,,,,,,,,,,,,,,,,,,,,,,,,,,,,,,,,,,,,,,,,,,,,,,,,
PACT DEVELOPMENTS DIRECTORY as of 01/01/2025,MANHATTAN,51,297,11/30/2020,22,3017980009,,496 GREENE AVENUE,11216,3,08,25,56,36,3000000,,,,,,,,,,,,,,,,,,,,,,,,,,,,,,,,,,,,,,,,,,,,,,,,,,,,,,,,,,,,,,,,,,,,,,,,,,,,,,,,,,,,,,,,,,,,,,,,,,,,,,,,,,,,,,,,,,,,,,,,,,,,,,,
PACT DEVELOPMENTS DIRECTORY as of 01/01/2025,MANHATTAN,51,297,11/30/2020,22,3017980077,3,311 LEXINGTON AVENUE,11216,3,08,25,56,36,3343342,M,,,,,,,,,,,,,,,,,,,,,,,,,,,,,,,,,,,,,,,,,,,,,,,,,,,,,,,,,,,,,,,,,,,,,,,,,,,,,,,,,,,,,,,,,,,,,,,,,,,,,,,,,,,,,,,,,,,,,,,,,,,,,,
PACT DEVELOPMENTS DIRECTORY as of 01/01/2025,MANHATTAN,51,297,11/30/2020,22,3017980077,3,313 LEXINGTON AVENUE,11216,3,08,25,56,36,3343342,M,,,,,,,,,,,,,,,,,,,,,,,,,,,,,,,,,,,,,,,,,,,,,,,,,,,,,,,,,,,,,,,,,,,,,,,,,,,,,,,,,,,,,,,,,,,,,,,,,,,,,,,,,,,,,,,,,,,,,,,,,,,,,,
PACT DEVELOPMENTS DIRECTORY as of 01/01/2025,MANHATTAN,51,297,11/30/2020,22,3017980077,3,315 LEXINGTON AVENUE,11216,3,08,25,56,36,3343342,M,,,,,,,,,,,,,,,,,,,,,,,,,,,,,,,,,,,,,,,,,,,,,,,,,,,,,,,,,,,,,,,,,,,,,,,,,,,,,,,,,,,,,,,,,,,,,,,,,,,,,,,,,,,,,,,,,,,,,,,,,,,,,,
PACT DEVELOPMENTS DIRECTORY as of 01/01/2025,MANHATTAN,51,297,11/30/2020,22,3017980077,3,317 LEXINGTON AVENUE,11216,3,08,25,56,36,3343342,M,,,,,,,,,,,,,,,,,,,,,,,,,,,,,,,,,,,,,,,,,,,,,,,,,,,,,,,,,,,,,,,,,,,,,,,,,,,,,,,,,,,,,,,,,,,,,,,,,,,,,,,,,,,,,,,,,,,,,,,,,,,,,,
PACT DEVELOPMENTS DIRECTORY as of 01/01/2025,MANHATTAN,51,297,11/30/2020,22,3017980077,3,319 LEXINGTON AVENUE,11216,3,08,25,56,36,3343342,M,,,,,,,,,,,,,,,,,,,,,,,,,,,,,,,,,,,,,,,,,,,,,,,,,,,,,,,,,,,,,,,,,,,,,,,,,,,,,,,,,,,,,,,,,,,,,,,,,,,,,,,,,,,,,,,,,,,,,,,,,,,,,,
PACT DEVELOPMENTS DIRECTORY as of 01/01/2025,MANHATTAN,51,297,11/30/2020,22,1021160033,1,1970 AMSTERDAM AVENUE,10032,12,13,31,71,10,1076742,M,,,,,,,,,,,,,,,,,,,,,,,,,,,,,,,,,,,,,,,,,,,,,,,,,,,,,,,,,,,,,,,,,,,,,,,,,,,,,,,,,,,,,,,,,,,,,,,,,,,,,,,,,,,,,,,,,,,,,,,,,,,,,,
PACT DEVELOPMENTS DIRECTORY as of 01/01/2025,MANHATTAN,51,297,11/30/2020,22,1021160033,1,1968 AMSTERDAM AVENUE,10032,12,13,31,71,10,1076742,,,,,,,,,,,,,,,,,,,,,,,,,,,,,,,,,,,,,,,,,,,,,,,,,,,,,,,,,,,,,,,,,,,,,,,,,,,,,,,,,,,,,,,,,,,,,,,,,,,,,,,,,,,,,,,,,,,,,,,,,,,,,,,
PACT DEVELOPMENTS DIRECTORY as of 01/01/2025,MANHATTAN,51,297,11/30/2020,22,2041710024,1,3033 MIDDLETOWN ROAD,10461,10,14,34,82,13,2046141,M,,,,,,,,,,,,,,,,,,,,,,,,,,,,,,,,,,,,,,,,,,,,,,,,,,,,,,,,,,,,,,,,,,,,,,,,,,,,,,,,,,,,,,,,,,,,,,,,,,,,,,,,,,,,,,,,,,,,,,,,,,,,,,
PACT DEVELOPMENTS DIRECTORY as of 01/01/2025,MANHATTAN,51,297,11/30/2020,22,2041710024,1,3035 MIDDLETOWN ROAD,10461,10,14,34,82,13,2046141,,,,,,,,,,,,,,,,,,,,,,,,,,,,,,,,,,,,,,,,,,,,,,,,,,,,,,,,,,,,,,,,,,,,,,,,,,,,,,,,,,,,,,,,,,,,,,,,,,,,,,,,,,,,,,,,,,,,,,,,,,,,,,,
PACT DEVELOPMENTS DIRECTORY as of 01/01/2025,MANHATTAN,51,297,11/30/2020,22,2041710024,1,3031 MIDDLETOWN ROAD,10461,10,14,34,82,13,2046141,,,,,,,,,,,,,,,,,,,,,,,,,,,,,,,,,,,,,,,,,,,,,,,,,,,,,,,,,,,,,,,,,,,,,,,,,,,,,,,,,,,,,,,,,,,,,,,,,,,,,,,,,,,,,,,,,,,,,,,,,,,,,,,
PACT DEVELOPMENTS DIRECTORY as of 01/01/2025,BRONX,281,133,12/27/2018,23,2029440001,1,1807 CROTONA AVENUE,10457,6,15,32,79,15,2092142,,,,,,,,,,,,,,,,,,,,,,,,,,,,,,,,,,,,,,,,,,,,,,,,,,,,,,,,,,,,,,,,,,,,,,,,,,,,,,,,,,,,,,,,,,,,,,,,,,,,,,,,,,,,,,,,,,,,,,,,,,,,,,,
PACT DEVELOPMENTS DIRECTORY as of 01/01/2025,BRONX,281,133,12/27/2018,23,2029440001,1,1805 CROTONA AVENUE,10457,6,15,32,79,15,2092142,M,,,,,,,,,,,,,,,,,,,,,,,,,,,,,,,,,,,,,,,,,,,,,,,,,,,,,,,,,,,,,,,,,,,,,,,,,,,,,,,,,,,,,,,,,,,,,,,,,,,,,,,,,,,,,,,,,,,,,,,,,,,,,,
PACT DEVELOPMENTS DIRECTORY as of 01/01/2025,BRONX,281,133,12/27/2018,23,2029440001,2,1811 CROTONA AVENUE,10457,6,15,32,79,15,2092141,,,,,,,,,,,,,,,,,,,,,,,,,,,,,,,,,,,,,,,,,,,,,,,,,,,,,,,,,,,,,,,,,,,,,,,,,,,,,,,,,,,,,,,,,,,,,,,,,,,,,,,,,,,,,,,,,,,,,,,,,,,,,,,
PACT DEVELOPMENTS DIRECTORY as of 01/01/2025,BRONX,281,133,12/27/2018,23,2029440001,2,601 CROTONA PARK NORTH,10457,6,15,32,79,15,2092141,,,,,,,,,,,,,,,,,,,,,,,,,,,,,,,,,,,,,,,,,,,,,,,,,,,,,,,,,,,,,,,,,,,,,,,,,,,,,,,,,,,,,,,,,,,,,,,,,,,,,,,,,,,,,,,,,,,,,,,,,,,,,,,
PACT DEVELOPMENTS DIRECTORY as of 01/01/2025,BRONX,281,133,12/27/2018,23,2029440001,2,611 CROTONA PARK NORTH,10457,6,15,32,79,15,2092141,M,,,,,,,,,,,,,,,,,,,,,,,,,,,,,,,,,,,,,,,,,,,,,,,,,,,,,,,,,,,,,,,,,,,,,,,,,,,,,,,,,,,,,,,,,,,,,,,,,,,,,,,,,,,,,,,,,,,,,,,,,,,,,,
PACT DEVELOPMENTS DIRECTORY as of 01/01/2025,BRONX,281,133,12/27/2018,23,2029440001,2,615 CROTONA PARK NORTH,10457,6,15,32,79,15,2092141,,,,,,,,,,,,,,,,,,,,,,,,,,,,,,,,,,,,,,,,,,,,,,,,,,,,,,,,,,,,,,,,,,,,,,,,,,,,,,,,,,,,,,,,,,,,,,,,,,,,,,,,,,,,,,,,,,,,,,,,,,,,,,,
PACT DEVELOPMENTS DIRECTORY as of 01/01/2025,BRONX,281,133,12/27/2018,23,4160020001,1,54-81 ALMEDA AVENUE,11692,14,05,10,31,31,4436447,M,,,,,,,,,,,,,,,,,,,,,,,,,,,,,,,,,,,,,,,,,,,,,,,,,,,,,,,,,,,,,,,,,,,,,,,,,,,,,,,,,,,,,,,,,,,,,,,,,,,,,,,,,,,,,,,,,,,,,,,,,,,,,,
PACT DEVELOPMENTS DIRECTORY as of 01/01/2025,BRONX,281,133,12/27/2018,23,4160010002,10,51-11 ALMEDA AVENUE,11691,14,05,10,31,31,4436442,M,,,,,,,,,,,,,,,,,,,,,,,,,,,,,,,,,,,,,,,,,,,,,,,,,,,,,,,,,,,,,,,,,,,,,,,,,,,,,,,,,,,,,,,,,,,,,,,,,,,,,,,,,,,,,,,,,,,,,,,,,,,,,,
PACT DEVELOPMENTS DIRECTORY as of 01/01/2025,BRONX,281,133,12/27/2018,23,4160010002,11,409 BEACH 51ST STREET,11691,14,05,10,31,31,4436436,M,,,,,,,,,,,,,,,,,,,,,,,,,,,,,,,,,,,,,,,,,,,,,,,,,,,,,,,,,,,,,,,,,,,,,,,,,,,,,,,,,,,,,,,,,,,,,,,,,,,,,,,,,,,,,,,,,,,,,,,,,,,,,,
PACT DEVELOPMENTS DIRECTORY as of 01/01/2025,BRONX,281,133,12/27/2018,23,4160010002,12,51-24 BEACH CHANNEL DRIVE,11691,14,05,10,31,31,4436440,M,,,,,,,,,,,,,,,,,,,,,,,,,,,,,,,,,,,,,,,,,,,,,,,,,,,,,,,,,,,,,,,,,,,,,,,,,,,,,,,,,,,,,,,,,,,,,,,,,,,,,,,,,,,,,,,,,,,,,,,,,,,,,,
PACT DEVELOPMENTS DIRECTORY as of 01/01/2025,BRONX,281,133,12/27/2018,23,4160010002,13,51-32 BEACH CHANNEL DRIVE,11691,14,05,10,31,31,4436441,M,,,,,,,,,,,,,,,,,,,,,,,,,,,,,,,,,,,,,,,,,,,,,,,,,,,,,,,,,,,,,,,,,,,,,,,,,,,,,,,,,,,,,,,,,,,,,,,,,,,,,,,,,,,,,,,,,,,,,,,,,,,,,,
PACT DEVELOPMENTS DIRECTORY as of 01/01/2025,BRONX,281,133,12/27/2018,23,4160010002,14,410 BEACH 54TH STREET,11692,14,05,10,31,31,4436438,M,,,,,,,,,,,,,,,,,,,,,,,,,,,,,,,,,,,,,,,,,,,,,,,,,,,,,,,,,,,,,,,,,,,,,,,,,,,,,,,,,,,,,,,,,,,,,,,,,,,,,,,,,,,,,,,,,,,,,,,,,,,,,,
PACT DEVELOPMENTS DIRECTORY as of 01/01/2025,BRONX,281,133,12/27/2018,23,4160020001,15,411 BEACH 54TH STREET,11692,14,05,10,31,31,4440393,M,,,,,,,,,,,,,,,,,,,,,,,,,,,,,,,,,,,,,,,,,,,,,,,,,,,,,,,,,,,,,,,,,,,,,,,,,,,,,,,,,,,,,,,,,,,,,,,,,,,,,,,,,,,,,,,,,,,,,,,,,,,,,,
PACT DEVELOPMENTS DIRECTORY as of 01/01/2025,BRONX,281,133,12/27/2018,23,4160020001,16,54-22 BEACH CHANNEL DRIVE,11692,14,05,10,31,31,4436451,M,,,,,,,,,,,,,,,,,,,,,,,,,,,,,,,,,,,,,,,,,,,,,,,,,,,,,,,,,,,,,,,,,,,,,,,,,,,,,,,,,,,,,,,,,,,,,,,,,,,,,,,,,,,,,,,,,,,,,,,,,,,,,,
PACT DEVELOPMENTS DIRECTORY as of 01/01/2025,BRONX,281,133,12/27/2018,23,4160020001,17,54-30 BEACH CHANNEL DRIVE,11692,14,05,10,31,31,4436452,M,,,,,,,,,,,,,,,,,,,,,,,,,,,,,,,,,,,,,,,,,,,,,,,,,,,,,,,,,,,,,,,,,,,,,,,,,,,,,,,,,,,,,,,,,,,,,,,,,,,,,,,,,,,,,,,,,,,,,,,,,,,,,,
PACT DEVELOPMENTS DIRECTORY as of 01/01/2025,BRONX,281,133,12/27/2018,23,4160020001,18,56-10 BEACH CHANNEL DRIVE,11692,14,05,10,31,31,4436453,M,,,,,,,,,,,,,,,,,,,,,,,,,,,,,,,,,,,,,,,,,,,,,,,,,,,,,,,,,,,,,,,,,,,,,,,,,,,,,,,,,,,,,,,,,,,,,,,,,,,,,,,,,,,,,,,,,,,,,,,,,,,,,,
PACT DEVELOPMENTS DIRECTORY as of 01/01/2025,BRONX,281,133,12/27/2018,23,4160020001,19,56-16 BEACH CHANNEL DRIVE,11692,14,05,10,31,31,4436454,M,,,,,,,,,,,,,,,,,,,,,,,,,,,,,,,,,,,,,,,,,,,,,,,,,,,,,,,,,,,,,,,,,,,,,,,,,,,,,,,,,,,,,,,,,,,,,,,,,,,,,,,,,,,,,,,,,,,,,,,,,,,,,,
PACT DEVELOPMENTS DIRECTORY as of 01/01/2025,BRONX,281,133,12/27/2018,23,4160020001,2,54-75 ALMEDA AVENUE,11692,14,05,10,31,31,4436446,M,,,,,,,,,,,,,,,,,,,,,,,,,,,,,,,,,,,,,,,,,,,,,,,,,,,,,,,,,,,,,,,,,,,,,,,,,,,,,,,,,,,,,,,,,,,,,,,,,,,,,,,,,,,,,,,,,,,,,,,,,,,,,,
PACT DEVELOPMENTS DIRECTORY as of 01/01/2025,BRONX,281,133,12/27/2018,23,4160020001,20,414 BEACH 58TH STREET,11692,14,05,10,31,31,4436449,M,,,,,,,,,,,,,,,,,,,,,,,,,,,,,,,,,,,,,,,,,,,,,,,,,,,,,,,,,,,,,,,,,,,,,,,,,,,,,,,,,,,,,,,,,,,,,,,,,,,,,,,,,,,,,,,,,,,,,,,,,,,,,,
PACT DEVELOPMENTS DIRECTORY as of 01/01/2025,BRONX,281,133,12/27/2018,23,4160020001,20,57-10 BEACH CHANNEL DRIVE,11692,14,05,10,31,31,4436449,,,,,,,,,,,,,,,,,,,,,,,,,,,,,,,,,,,,,,,,,,,,,,,,,,,,,,,,,,,,,,,,,,,,,,,,,,,,,,,,,,,,,,,,,,,,,,,,,,,,,,,,,,,,,,,,,,,,,,,,,,,,,,,
PACT DEVELOPMENTS DIRECTORY as of 01/01/2025,BRONX,281,133,12/27/2018,23,4160010002,21,441 BEACH 51ST STREET,11691,14,05,10,31,31,4436437,M,,,,,,,,,,,,,,,,,,,,,,,,,,,,,,,,,,,,,,,,,,,,,,,,,,,,,,,,,,,,,,,,,,,,,,,,,,,,,,,,,,,,,,,,,,,,,,,,,,,,,,,,,,,,,,,,,,,,,,,,,,,,,,
PACT DEVELOPMENTS DIRECTORY as of 01/01/2025,BRONX,281,133,12/27/2018,23,4160010002,21,445 BEACH 51ST STREET,11691,14,05,10,31,31,4436437,M,,,,,,,,,,,,,,,,,,,,,,,,,,,,,,,,,,,,,,,,,,,,,,,,,,,,,,,,,,,,,,,,,,,,,,,,,,,,,,,,,,,,,,,,,,,,,,,,,,,,,,,,,,,,,,,,,,,,,,,,,,,,,,
PACT DEVELOPMENTS DIRECTORY as of 01/01/2025,BRONX,281,133,12/27/2018,23,4160010002,22,430 BEACH 54TH STREET,11692,14,05,10,31,31,4436439,,,,,,,,,,,,,,,,,,,,,,,,,,,,,,,,,,,,,,,,,,,,,,,,,,,,,,,,,,,,,,,,,,,,,,,,,,,,,,,,,,,,,,,,,,,,,,,,,,,,,,,,,,,,,,,,,,,,,,,,,,,,,,,
PACT DEVELOPMENTS DIRECTORY as of 01/01/2025,BRONX,281,133,12/27/2018,23,4160010002,22,434 BEACH 54TH STREET,11692,14,05,10,31,31,4436439,,,,,,,,,,,,,,,,,,,,,,,,,,,,,,,,,,,,,,,,,,,,,,,,,,,,,,,,,,,,,,,,,,,,,,,,,,,,,,,,,,,,,,,,,,,,,,,,,,,,,,,,,,,,,,,,,,,,,,,,,,,,,,,
PACT DEVELOPMENTS DIRECTORY as of 01/01/2025,BRONX,281,133,12/27/2018,23,4160010002,22,440 BEACH 54TH STREET,11692,14,05,10,31,31,4436439,M,,,,,,,,,,,,,,,,,,,,,,,,,,,,,,,,,,,,,,,,,,,,,,,,,,,,,,,,,,,,,,,,,,,,,,,,,,,,,,,,,,,,,,,,,,,,,,,,,,,,,,,,,,,,,,,,,,,,,,,,,,,,,,
PACT DEVELOPMENTS DIRECTORY as of 01/01/2025,BRONX,281,133,12/27/2018,23,4160010002,22,444 BEACH 54TH STREET,11692,14,05,10,31,31,4436439,M,,,,,,,,,,,,,,,,,,,,,,,,,,,,,,,,,,,,,,,,,,,,,,,,,,,,,,,,,,,,,,,,,,,,,,,,,,,,,,,,,,,,,,,,,,,,,,,,,,,,,,,,,,,,,,,,,,,,,,,,,,,,,,
PACT DEVELOPMENTS DIRECTORY as of 01/01/2025,BRONX,281,133,12/27/2018,23,4160020001,23,439 BEACH 54TH STREET,11692,14,05,10,31,31,4436448,M,,,,,,,,,,,,,,,,,,,,,,,,,,,,,,,,,,,,,,,,,,,,,,,,,,,,,,,,,,,,,,,,,,,,,,,,,,,,,,,,,,,,,,,,,,,,,,,,,,,,,,,,,,,,,,,,,,,,,,,,,,,,,,
PACT DEVELOPMENTS DIRECTORY as of 01/01/2025,BRONX,281,133,12/27/2018,23,4160020001,23,447 BEACH 54TH STREET,11692,14,05,10,31,31,4436448,,,,,,,,,,,,,,,,,,,,,,,,,,,,,,,,,,,,,,,,,,,,,,,,,,,,,,,,,,,,,,,,,,,,,,,,,,,,,,,,,,,,,,,,,,,,,,,,,,,,,,,,,,,,,,,,,,,,,,,,,,,,,,,
PACT DEVELOPMENTS DIRECTORY as of 01/01/2025,BRONX,281,133,12/27/2018,23,4160020001,23,443 BEACH 54TH STREET,11692,14,05,10,31,31,4436448,M,,,,,,,,,,,,,,,,,,,,,,,,,,,,,,,,,,,,,,,,,,,,,,,,,,,,,,,,,,,,,,,,,,,,,,,,,,,,,,,,,,,,,,,,,,,,,,,,,,,,,,,,,,,,,,,,,,,,,,,,,,,,,,
PACT DEVELOPMENTS DIRECTORY as of 01/01/2025,BRONX,281,133,12/27/2018,23,4160020001,24,434 BEACH 58TH STREET,11692,14,05,10,31,31,4436450,M,,,,,,,,,,,,,,,,,,,,,,,,,,,,,,,,,,,,,,,,,,,,,,,,,,,,,,,,,,,,,,,,,,,,,,,,,,,,,,,,,,,,,,,,,,,,,,,,,,,,,,,,,,,,,,,,,,,,,,,,,,,,,,
PACT DEVELOPMENTS DIRECTORY as of 01/01/2025,BRONX,281,133,12/27/2018,23,4160020001,24,440 BEACH 58TH STREET,11692,14,05,10,31,31,4436450,M,,,,,,,,,,,,,,,,,,,,,,,,,,,,,,,,,,,,,,,,,,,,,,,,,,,,,,,,,,,,,,,,,,,,,,,,,,,,,,,,,,,,,,,,,,,,,,,,,,,,,,,,,,,,,,,,,,,,,,,,,,,,,,
PACT DEVELOPMENTS DIRECTORY as of 01/01/2025,BRONX,281,133,12/27/2018,23,4160020001,3,54-49 ALMEDA AVENUE,11692,14,05,10,31,31,4436445,M,,,,,,,,,,,,,,,,,,,,,,,,,,,,,,,,,,,,,,,,,,,,,,,,,,,,,,,,,,,,,,,,,,,,,,,,,,,,,,,,,,,,,,,,,,,,,,,,,,,,,,,,,,,,,,,,,,,,,,,,,,,,,,
PACT DEVELOPMENTS DIRECTORY as of 01/01/2025,BRONX,281,133,12/27/2018,23,4160020001,4,54-41 ALMEDA AVENUE,11692,14,05,10,31,31,4436444,M,,,,,,,,,,,,,,,,,,,,,,,,,,,,,,,,,,,,,,,,,,,,,,,,,,,,,,,,,,,,,,,,,,,,,,,,,,,,,,,,,,,,,,,,,,,,,,,,,,,,,,,,,,,,,,,,,,,,,,,,,,,,,,
PACT DEVELOPMENTS DIRECTORY as of 01/01/2025,BRONX,281,133,12/27/2018,23,4160020001,5,54-15 ALMEDA AVENUE,11692,14,05,10,31,31,4436443,M,,,,,,,,,,,,,,,,,,,,,,,,,,,,,,,,,,,,,,,,,,,,,,,,,,,,,,,,,,,,,,,,,,,,,,,,,,,,,,,,,,,,,,,,,,,,,,,,,,,,,,,,,,,,,,,,,,,,,,,,,,,,,,
PACT DEVELOPMENTS DIRECTORY as of 01/01/2025,BRONX,281,133,12/27/2018,23,4160020001,6,54-09 ALMEDA AVENUE,11692,14,05,10,31,31,4436456,M,,,,,,,,,,,,,,,,,,,,,,,,,,,,,,,,,,,,,,,,,,,,,,,,,,,,,,,,,,,,,,,,,,,,,,,,,,,,,,,,,,,,,,,,,,,,,,,,,,,,,,,,,,,,,,,,,,,,,,,,,,,,,,
PACT DEVELOPMENTS DIRECTORY as of 01/01/2025,BRONX,281,133,12/27/2018,23,4160010002,7,51-49 ALMEDA AVENUE,11691,14,05,10,31,31,4436435,M,,,,,,,,,,,,,,,,,,,,,,,,,,,,,,,,,,,,,,,,,,,,,,,,,,,,,,,,,,,,,,,,,,,,,,,,,,,,,,,,,,,,,,,,,,,,,,,,,,,,,,,,,,,,,,,,,,,,,,,,,,,,,,
PACT DEVELOPMENTS DIRECTORY as of 01/01/2025,BRONX,281,133,12/27/2018,23,4160010002,8,51-45 ALMEDA AVENUE,11691,14,05,10,31,31,4436434,M,,,,,,,,,,,,,,,,,,,,,,,,,,,,,,,,,,,,,,,,,,,,,,,,,,,,,,,,,,,,,,,,,,,,,,,,,,,,,,,,,,,,,,,,,,,,,,,,,,,,,,,,,,,,,,,,,,,,,,,,,,,,,,
PACT DEVELOPMENTS DIRECTORY as of 01/01/2025,BRONX,281,133,12/27/2018,23,4160010002,9,51-15 ALMEDA AVENUE,11691,14,05,10,31,31,4436433,M,,,,,,,,,,,,,,,,,,,,,,,,,,,,,,,,,,,,,,,,,,,,,,,,,,,,,,,,,,,,,,,,,,,,,,,,,,,,,,,,,,,,,,,,,,,,,,,,,,,,,,,,,,,,,,,,,,,,,,,,,,,,,,
PACT DEVELOPMENTS DIRECTORY as of 01/01/2025,BRONX,281,133,12/27/2018,23,3014310037,1,2041 PACIFIC STREET,11233,16,08,25,55,41,3038518,M,,,,,,,,,,,,,,,,,,,,,,,,,,,,,,,,,,,,,,,,,,,,,,,,,,,,,,,,,,,,,,,,,,,,,,,,,,,,,,,,,,,,,,,,,,,,,,,,,,,,,,,,,,,,,,,,,,,,,,,,,,,,,,
PACT DEVELOPMENTS DIRECTORY as of 01/01/2025,BRONX,281,133,12/27/2018,23,3014310043,2,336 HOWARD AVENUE,11233,16,08,25,55,41,3038520,,,,,,,,,,,,,,,,,,,,,,,,,,,,,,,,,,,,,,,,,,,,,,,,,,,,,,,,,,,,,,,,,,,,,,,,,,,,,,,,,,,,,,,,,,,,,,,,,,,,,,,,,,,,,,,,,,,,,,,,,,,,,,,
PACT DEVELOPMENTS DIRECTORY as of 01/01/2025,BRONX,281,133,12/27/2018,23,3014310043,2,334 HOWARD AVENUE,11233,16,08,25,55,41,3038520,M,,,,,,,,,,,,,,,,,,,,,,,,,,,,,,,,,,,,,,,,,,,,,,,,,,,,,,,,,,,,,,,,,,,,,,,,,,,,,,,,,,,,,,,,,,,,,,,,,,,,,,,,,,,,,,,,,,,,,,,,,,,,,,
PACT DEVELOPMENTS DIRECTORY as of 01/01/2025,BRONX,281,133,12/27/2018,23,3014310039,3,324 HOWARD AVENUE,11233,16,08,25,55,41,3038519,M,,,,,,,,,,,,,,,,,,,,,,,,,,,,,,,,,,,,,,,,,,,,,,,,,,,,,,,,,,,,,,,,,,,,,,,,,,,,,,,,,,,,,,,,,,,,,,,,,,,,,,,,,,,,,,,,,,,,,,,,,,,,,,
PACT DEVELOPMENTS DIRECTORY as of 01/01/2025,BROOKLYN,115,195,7/18/2019,24,,,,,,,,,,,M,,,,,,08,25,,,,,,,,,,,,,,,,,,,,,,,,,,,,,,,,,,,,,,,,,,,,,,,,,,5,,,,,,,,,,,,16,,,,,,,,,,,,,,,,11233,55,41,,,,,,,,,,3014390001,2065 DEAN STREET,3038671,,,,,,,,,,,,,,,,,,,,,,,,,,,
PACT DEVELOPMENTS DIRECTORY as of 01/01/2025,BROOKLYN,115,195,7/18/2019,24,3033400020,1,85 PALMETTO STREET,11221,4,07,18,54,37,3076429,M,,,,,,,,,,,,,,,,,,,,,,,,,,,,,,,,,,,,,,,,,,,,,,,,,,,,,,,,,,,,,,,,,,,,,,,,,,,,,,,,,,,,,,,,,,,,,,,,,,,,,,,,,,,,,,,,,,,,,,,,,,,,,,
PACT DEVELOPMENTS DIRECTORY as of 01/01/2025,BROOKLYN,115,195,7/18/2019,24,1017710059,1,120 EAST 123RD STREET,10035,11,13,30,68,09,1054420,M,,,,,,,,,,,,,,,,,,,,,,,,,,,,,,,,,,,,,,,,,,,,,,,,,,,,,,,,,,,,,,,,,,,,,,,,,,,,,,,,,,,,,,,,,,,,,,,,,,,,,,,,,,,,,,,,,,,,,,,,,,,,,,
PACT DEVELOPMENTS DIRECTORY as of 01/01/2025,BROOKLYN,115,195,7/18/2019,24,1017710010,2,115 EAST 122ND STREET,10035,11,13,30,68,09,1054411,M,,,,,,,,,,,,,,,,,,,,,,,,,,,,,,,,,,,,,,,,,,,,,,,,,,,,,,,,,,,,,,,,,,,,,,,,,,,,,,,,,,,,,,,,,,,,,,,,,,,,,,,,,,,,,,,,,,,,,,,,,,,,,,
PACT DEVELOPMENTS DIRECTORY as of 01/01/2025,BROOKLYN,115,195,7/18/2019,24,1017710065,3,114 EAST 123RD STREET,10035,11,13,30,68,09,1087851,,,,,,,,,,,,,,,,,,,,,,,,,,,,,,,,,,,,,,,,,,,,,,,,,,,,,,,,,,,,,,,,,,,,,,,,,,,,,,,,,,,,,,,,,,,,,,,,,,,,,,,,,,,,,,,,,,,,,,,,,,,,,,,
PACT DEVELOPMENTS DIRECTORY as of 01/01/2025,BROOKLYN,115,195,7/18/2019,24,1017710065,3,116 EAST 123RD STREET,10035,11,13,30,68,09,1087851,,,,,,,,,,,,,,,,,,,,,,,,,,,,,,,,,,,,,,,,,,,,,,,,,,,,,,,,,,,,,,,,,,,,,,,,,,,,,,,,,,,,,,,,,,,,,,,,,,,,,,,,,,,,,,,,,,,,,,,,,,,,,,,
PACT DEVELOPMENTS DIRECTORY as of 01/01/2025,BROOKLYN,115,195,7/18/2019,24,3013730034,1,1468 PARK PLACE,11213,8,09,20,55,36,3036563,M,,,,,,,,,,,,,,,,,,,,,,,,,,,,,,,,,,,,,,,,,,,,,,,,,,,,,,,,,,,,,,,,,,,,,,,,,,,,,,,,,,,,,,,,,,,,,,,,,,,,,,,,,,,,,,,,,,,,,,,,,,,,,,
PACT DEVELOPMENTS DIRECTORY as of 01/01/2025,BROOKLYN,115,195,7/18/2019,24,3013730037,2,1474 PARK PLACE,11213,8,09,20,55,36,3036564,M,,,,,,,,,,,,,,,,,,,,,,,,,,,,,,,,,,,,,,,,,,,,,,,,,,,,,,,,,,,,,,,,,,,,,,,,,,,,,,,,,,,,,,,,,,,,,,,,,,,,,,,,,,,,,,,,,,,,,,,,,,,,,,
PACT DEVELOPMENTS DIRECTORY as of 01/01/2025,BROOKLYN,115,195,7/18/2019,24,3013730040,3,1480 PARK PLACE,11213,8,09,20,55,36,3036565,M,,,,,,,,,,,,,,,,,,,,,,,,,,,,,,,,,,,,,,,,,,,,,,,,,,,,,,,,,,,,,,,,,,,,,,,,,,,,,,,,,,,,,,,,,,,,,,,,,,,,,,,,,,,,,,,,,,,,,,,,,,,,,,
PACT DEVELOPMENTS DIRECTORY as of 01/01/2025,BROOKLYN,115,195,7/18/2019,24,3013730040,3,1484 PARK PLACE,11213,8,09,20,55,36,3036565,,,,,,,,,,,,,,,,,,,,,,,,,,,,,,,,,,,,,,,,,,,,,,,,,,,,,,,,,,,,,,,,,,,,,,,,,,,,,,,,,,,,,,,,,,,,,,,,,,,,,,,,,,,,,,,,,,,,,,,,,,,,,,,
PACT DEVELOPMENTS DIRECTORY as of 01/01/2025,BROOKLYN,115,195,7/18/2019,24,3013730043,4,208 ROCHESTER AVENUE,11213,8,09,20,55,36,3036566,M,,,,,,,,,,,,,,,,,,,,,,,,,,,,,,,,,,,,,,,,,,,,,,,,,,,,,,,,,,,,,,,,,,,,,,,,,,,,,,,,,,,,,,,,,,,,,,,,,,,,,,,,,,,,,,,,,,,,,,,,,,,,,,
PACT DEVELOPMENTS DIRECTORY as of 01/01/2025,BROOKLYN,115,195,7/18/2019,24,3013730046,5,218 ROCHESTER AVENUE,11213,8,09,20,55,36,3036567,M,,,,,,,,,,,,,,,,,,,,,,,,,,,,,,,,,,,,,,,,,,,,,,,,,,,,,,,,,,,,,,,,,,,,,,,,,,,,,,,,,,,,,,,,,,,,,,,,,,,,,,,,,,,,,,,,,,,,,,,,,,,,,,
PACT DEVELOPMENTS DIRECTORY as of 01/01/2025,BROOKLYN,115,195,7/18/2019,24,3013730049,6,1521 STERLING PLACE,11213,8,09,20,55,36,3036568,M,,,,,,,,,,,,,,,,,,,,,,,,,,,,,,,,,,,,,,,,,,,,,,,,,,,,,,,,,,,,,,,,,,,,,,,,,,,,,,,,,,,,,,,,,,,,,,,,,,,,,,,,,,,,,,,,,,,,,,,,,,,,,,
PACT DEVELOPMENTS DIRECTORY as of 01/01/2025,BROOKLYN,115,195,7/18/2019,24,3013790039,7,1522 STERLING PLACE,11213,8,09,20,55,36,3036863,M,,,,,,,,,,,,,,,,,,,,,,,,,,,,,,,,,,,,,,,,,,,,,,,,,,,,,,,,,,,,,,,,,,,,,,,,,,,,,,,,,,,,,,,,,,,,,,,,,,,,,,,,,,,,,,,,,,,,,,,,,,,,,,
PACT DEVELOPMENTS DIRECTORY as of 01/01/2025,BROOKLYN,115,195,7/18/2019,24,3013790039,7,230 ROCHESTER AVENUE,11213,8,09,20,55,36,3036863,,,,,,,,,,,,,,,,,,,,,,,,,,,,,,,,,,,,,,,,,,,,,,,,,,,,,,,,,,,,,,,,,,,,,,,,,,,,,,,,,,,,,,,,,,,,,,,,,,,,,,,,,,,,,,,,,,,,,,,,,,,,,,,
PACT DEVELOPMENTS DIRECTORY as of 01/01/2025,BROOKLYN,115,195,7/18/2019,24,3013790041,8,232 ROCHESTER AVENUE,11213,8,09,20,55,36,3036864,M,,,,,,,,,,,,,,,,,,,,,,,,,,,,,,,,,,,,,,,,,,,,,,,,,,,,,,,,,,,,,,,,,,,,,,,,,,,,,,,,,,,,,,,,,,,,,,,,,,,,,,,,,,,,,,,,,,,,,,,,,,,,,,
PACT DEVELOPMENTS DIRECTORY as of 01/01/2025,BROOKLYN,115,195,7/18/2019,24,3013790043,9,234 ROCHESTER AVENUE,11213,8,09,20,55,36,3036865,M,,,,,,,,,,,,,,,,,,,,,,,,,,,,,,,,,,,,,,,,,,,,,,,,,,,,,,,,,,,,,,,,,,,,,,,,,,,,,,,,,,,,,,,,,,,,,,,,,,,,,,,,,,,,,,,,,,,,,,,,,,,,,,
PACT DEVELOPMENTS DIRECTORY as of 01/01/2025,BROOKLYN,115,195,7/18/2019,24,3043690001,1,875 PENNSYLVANIA AVENUE,11207,5,08,19,60,42,3324011,M,,,,,,,,,,,,,,,,,,,,,,,,,,,,,,,,,,,,,,,,,,,,,,,,,,,,,,,,,,,,,,,,,,,,,,,,,,,,,,,,,,,,,,,,,,,,,,,,,,,,,,,,,,,,,,,,,,,,,,,,,,,,,,
PACT DEVELOPMENTS DIRECTORY as of 01/01/2025,BROOKLYN,115,195,7/18/2019,24,3043690001,1,881 PENNSYLVANIA AVENUE,11207,5,08,19,60,42,3324011,,,,,,,,,,,,,,,,,,,,,,,,,,,,,,,,,,,,,,,,,,,,,,,,,,,,,,,,,,,,,,,,,,,,,,,,,,,,,,,,,,,,,,,,,,,,,,,,,,,,,,,,,,,,,,,,,,,,,,,,,,,,,,,
PACT DEVELOPMENTS DIRECTORY as of 01/01/2025,BROOKLYN,115,195,7/18/2019,24,3043690001,1,879 PENNSYLVANIA AVENUE,11207,5,08,19,60,42,3324011,,,,,,,,,,,,,,,,,,,,,,,,,,,,,,,,,,,,,,,,,,,,,,,,,,,,,,,,,,,,,,,,,,,,,,,,,,,,,,,,,,,,,,,,,,,,,,,,,,,,,,,,,,,,,,,,,,,,,,,,,,,,,,,
PACT DEVELOPMENTS DIRECTORY as of 01/01/2025,BROOKLYN,115,195,7/18/2019,24,3043690001,1,877 PENNSYLVANIA AVENUE,11207,5,08,19,60,42,3324011,,,,,,,,,,,,,,,,,,,,,,,,,,,,,,,,,,,,,,,,,,,,,,,,,,,,,,,,,,,,,,,,,,,,,,,,,,,,,,,,,,,,,,,,,,,,,,,,,,,,,,,,,,,,,,,,,,,,,,,,,,,,,,,
PACT DEVELOPMENTS DIRECTORY as of 01/01/2025,BROOKLYN,115,195,7/18/2019,24,3043690001,1,895 PENNSYLVANIA AVENUE,11207,5,08,19,60,42,3324011,,,,,,,,,,,,,,,,,,,,,,,,,,,,,,,,,,,,,,,,,,,,,,,,,,,,,,,,,,,,,,,,,,,,,,,,,,,,,,,,,,,,,,,,,,,,,,,,,,,,,,,,,,,,,,,,,,,,,,,,,,,,,,,
PACT DEVELOPMENTS DIRECTORY as of 01/01/2025,BROOKLYN,115,195,7/18/2019,24,3043690001,2,155 WORTMAN AVENUE,11207,5,08,19,60,42,3324014,M,,,,,,,,,,,,,,,,,,,,,,,,,,,,,,,,,,,,,,,,,,,,,,,,,,,,,,,,,,,,,,,,,,,,,,,,,,,,,,,,,,,,,,,,,,,,,,,,,,,,,,,,,,,,,,,,,,,,,,,,,,,,,,
PACT DEVELOPMENTS DIRECTORY as of 01/01/2025,BROOKLYN,115,195,7/18/2019,24,3043690001,3,920 VERMONT STREET,11207,5,08,19,60,42,3324013,M,,,,,,,,,,,,,,,,,,,,,,,,,,,,,,,,,,,,,,,,,,,,,,,,,,,,,,,,,,,,,,,,,,,,,,,,,,,,,,,,,,,,,,,,,,,,,,,,,,,,,,,,,,,,,,,,,,,,,,,,,,,,,,
PACT DEVELOPMENTS DIRECTORY as of 01/01/2025,BROOKLYN,115,195,7/18/2019,24,3043690001,4,520 STANLEY AVENUE,11207,5,08,19,60,42,3324010,,,,,,,,,,,,,,,,,,,,,,,,,,,,,,,,,,,,,,,,,,,,,,,,,,,,,,,,,,,,,,,,,,,,,,,,,,,,,,,,,,,,,,,,,,,,,,,,,,,,,,,,,,,,,,,,,,,,,,,,,,,,,,,
PACT DEVELOPMENTS DIRECTORY as of 01/01/2025,BROOKLYN,115,195,7/18/2019,24,3043690001,4,530 STANLEY AVENUE,11207,5,08,19,60,42,3324010,,,,,,,,,,,,,,,,,,,,,,,,,,,,,,,,,,,,,,,,,,,,,,,,,,,,,,,,,,,,,,,,,,,,,,,,,,,,,,,,,,,,,,,,,,,,,,,,,,,,,,,,,,,,,,,,,,,,,,,,,,,,,,,
PACT DEVELOPMENTS DIRECTORY as of 01/01/2025,BROOKLYN,115,195,7/18/2019,24,1020080013,1,120 WEST 140TH STREET,10030,10,13,30,70,09,1060054,M,,,,,,,,,,,,,,,,,,,,,,,,,,,,,,,,,,,,,,,,,,,,,,,,,,,,,,,,,,,,,,,,,,,,,,,,,,,,,,,,,,,,,,,,,,,,,,,,,,,,,,,,,,,,,,,,,,,,,,,,,,,,,,
PACT DEVELOPMENTS DIRECTORY as of 01/01/2025,BROOKLYN,115,195,7/18/2019,24,1020080013,1,120 WEST 140TH STREET,10030,10,13,30,70,09,1060054,M,,,,,,,,,,,,,,,,,,,,,,,,,,,,,,,,,,,,,,,,,,,,,,,,,,,,,,,,,,,,,,,,,,,,,,,,,,,,,,,,,,,,,,,,,,,,,,,,,,,,,,,,,,,,,,,,,,,,,,,,,,,,,,
PACT DEVELOPMENTS DIRECTORY as of 01/01/2025,BROOKLYN,118,352,11/28/2023,25,3035080034,,1180 EAST NEW YORK AVENUE,11212,16,09,25,55,41,3000000,,,,,,,,,,,,,,,,,,,,,,,,,,,,,,,,,,,,,,,,,,,,,,,,,,,,,,,,,,,,,,,,,,,,,,,,,,,,,,,,,,,,,,,,,,,,,,,,,,,,,,,,,,,,,,,,,,,,,,,,,,,,,,,
PACT DEVELOPMENTS DIRECTORY as of 01/01/2025,BROOKLYN,118,352,11/28/2023,25,3035080036,,1186 EAST NEW YORK AVENUE,11212,16,09,25,55,41,3000000,,,,,,,,,,,,,,,,,,,,,,,,,,,,,,,,,,,,,,,,,,,,,,,,,,,,,,,,,,,,,,,,,,,,,,,,,,,,,,,,,,,,,,,,,,,,,,,,,,,,,,,,,,,,,,,,,,,,,,,,,,,,,,,
PACT DEVELOPMENTS DIRECTORY as of 01/01/2025,BROOKLYN,118,352,11/28/2023,25,3035080041,,662 RALPH AVENUE,11212,16,09,25,55,41,3080788,,,,,,,,,,,,,,,,,,,,,,,,,,,,,,,,,,,,,,,,,,,,,,,,,,,,,,,,,,,,,,,,,,,,,,,,,,,,,,,,,,,,,,,,,,,,,,,,,,,,,,,,,,,,,,,,,,,,,,,,,,,,,,,
PACT DEVELOPMENTS DIRECTORY as of 01/01/2025,BROOKLYN,118,352,11/28/2023,25,3035080038,1,1196 EAST NEW YORK AVENUE,11212,16,09,25,55,41,3080787,M,,,,,,,,,,,,,,,,,,,,,,,,,,,,,,,,,,,,,,,,,,,,,,,,,,,,,,,,,,,,,,,,,,,,,,,,,,,,,,,,,,,,,,,,,,,,,,,,,,,,,,,,,,,,,,,,,,,,,,,,,,,,,,
PACT DEVELOPMENTS DIRECTORY as of 01/01/2025,BROOKLYN,118,352,11/28/2023,25,3035080042,2,672 RALPH AVENUE,11212,16,09,25,55,41,3080789,M,,,,,,,,,,,,,,,,,,,,,,,,,,,,,,,,,,,,,,,,,,,,,,,,,,,,,,,,,,,,,,,,,,,,,,,,,,,,,,,,,,,,,,,,,,,,,,,,,,,,,,,,,,,,,,,,,,,,,,,,,,,,,,
PACT DEVELOPMENTS DIRECTORY as of 01/01/2025,BROOKLYN,118,352,11/28/2023,25,3035080046,3,682 RALPH AVENUE,11212,16,09,25,55,41,3080790,M,,,,,,,,,,,,,,,,,,,,,,,,,,,,,,,,,,,,,,,,,,,,,,,,,,,,,,,,,,,,,,,,,,,,,,,,,,,,,,,,,,,,,,,,,,,,,,,,,,,,,,,,,,,,,,,,,,,,,,,,,,,,,,
PACT DEVELOPMENTS DIRECTORY as of 01/01/2025,BROOKLYN,118,352,11/28/2023,25,3035080050,4,692 RALPH AVENUE,11212,16,09,25,55,41,3080791,M,,,,,,,,,,,,,,,,,,,,,,,,,,,,,,,,,,,,,,,,,,,,,,,,,,,,,,,,,,,,,,,,,,,,,,,,,,,,,,,,,,,,,,,,,,,,,,,,,,,,,,,,,,,,,,,,,,,,,,,,,,,,,,
PACT DEVELOPMENTS DIRECTORY as of 01/01/2025,BROOKLYN,118,352,11/28/2023,25,3035080054,5,698 RALPH AVENUE,11212,16,09,25,55,41,3080792,M,,,,,,,,,,,,,,,,,,,,,,,,,,,,,,,,,,,,,,,,,,,,,,,,,,,,,,,,,,,,,,,,,,,,,,,,,,,,,,,,,,,,,,,,,,,,,,,,,,,,,,,,,,,,,,,,,,,,,,,,,,,,,,
PACT DEVELOPMENTS DIRECTORY as of 01/01/2025,BROOKLYN,118,352,11/28/2023,25,3047950016,1,728 EAST NEW YORK AVENUE,11203,9,09,20,43,40,3106612,M,,,,,,,,,,,,,,,,,,,,,,,,,,,,,,,,,,,,,,,,,,,,,,,,,,,,,,,,,,,,,,,,,,,,,,,,,,,,,,,,,,,,,,,,,,,,,,,,,,,,,,,,,,,,,,,,,,,,,,,,,,,,,,
PACT DEVELOPMENTS DIRECTORY as of 01/01/2025,BROOKLYN,118,352,11/28/2023,25,3047950016,1,726 EAST NEW YORK AVENUE,11203,9,09,20,43,40,3106612,,,,,,,,,,,,,,,,,,,,,,,,,,,,,,,,,,,,,,,,,,,,,,,,,,,,,,,,,,,,,,,,,,,,,,,,,,,,,,,,,,,,,,,,,,,,,,,,,,,,,,,,,,,,,,,,,,,,,,,,,,,,,,,
PACT DEVELOPMENTS DIRECTORY as of 01/01/2025,BROOKLYN,118,352,11/28/2023,25,3047950016,1,681 MAPLE STREET,11203,9,09,20,43,40,3106612,,,,,,,,,,,,,,,,,,,,,,,,,,,,,,,,,,,,,,,,,,,,,,,,,,,,,,,,,,,,,,,,,,,,,,,,,,,,,,,,,,,,,,,,,,,,,,,,,,,,,,,,,,,,,,,,,,,,,,,,,,,,,,,
PACT DEVELOPMENTS DIRECTORY as of 01/01/2025,BROOKLYN,118,352,11/28/2023,25,3047950016,1,720 EAST NEW YORK AVENUE,11203,9,09,20,43,40,3106612,,,,,,,,,,,,,,,,,,,,,,,,,,,,,,,,,,,,,,,,,,,,,,,,,,,,,,,,,,,,,,,,,,,,,,,,,,,,,,,,,,,,,,,,,,,,,,,,,,,,,,,,,,,,,,,,,,,,,,,,,,,,,,,
PACT DEVELOPMENTS DIRECTORY as of 01/01/2025,BROOKLYN,118,352,11/28/2023,25,3047950016,1,730 EAST NEW YORK AVENUE,11203,9,09,20,43,40,3106612,,,,,,,,,,,,,,,,,,,,,,,,,,,,,,,,,,,,,,,,,,,,,,,,,,,,,,,,,,,,,,,,,,,,,,,,,,,,,,,,,,,,,,,,,,,,,,,,,,,,,,,,,,,,,,,,,,,,,,,,,,,,,,,
PACT DEVELOPMENTS DIRECTORY as of 01/01/2025,BROOKLYN,118,352,11/28/2023,25,3047950016,1,722 EAST NEW YORK AVENUE,11203,9,09,20,43,40,3106612,,,,,,,,,,,,,,,,,,,,,,,,,,,,,,,,,,,,,,,,,,,,,,,,,,,,,,,,,,,,,,,,,,,,,,,,,,,,,,,,,,,,,,,,,,,,,,,,,,,,,,,,,,,,,,,,,,,,,,,,,,,,,,,
PACT DEVELOPMENTS DIRECTORY as of 01/01/2025,BROOKLYN,118,352,11/28/2023,25,3045940064,1,955 RUTLAND ROAD,11212,17,09,19,58,41,3099358,M,,,,,,,,,,,,,,,,,,,,,,,,,,,,,,,,,,,,,,,,,,,,,,,,,,,,,,,,,,,,,,,,,,,,,,,,,,,,,,,,,,,,,,,,,,,,,,,,,,,,,,,,,,,,,,,,,,,,,,,,,,,,,,
PACT DEVELOPMENTS DIRECTORY as of 01/01/2025,BROOKLYN,118,352,11/28/2023,25,2035930001,1,1710 LAFAYETTE AVENUE,10473,9,14,34,85,18,2092700,M,,,,,,,,,,,,,,,,,,,,,,,,,,,,,,,,,,,,,,,,,,,,,,,,,,,,,,,,,,,,,,,,,,,,,,,,,,,,,,,,,,,,,,,,,,,,,,,,,,,,,,,,,,,,,,,,,,,,,,,,,,,,,,
PACT DEVELOPMENTS DIRECTORY as of 01/01/2025,BROOKLYN,118,352,11/28/2023,25,2035930001,2,750 CROES AVENUE,10473,9,14,34,85,18,2092699,M,,,,,,,,,,,,,,,,,,,,,,,,,,,,,,,,,,,,,,,,,,,,,,,,,,,,,,,,,,,,,,,,,,,,,,,,,,,,,,,,,,,,,,,,,,,,,,,,,,,,,,,,,,,,,,,,,,,,,,,,,,,,,,
PACT DEVELOPMENTS DIRECTORY as of 01/01/2025,BROOKLYN,118,352,11/28/2023,25,2035930001,3,710 CROES AVENUE,10473,9,14,34,85,18,2092698,M,,,,,,,,,,,,,,,,,,,,,,,,,,,,,,,,,,,,,,,,,,,,,,,,,,,,,,,,,,,,,,,,,,,,,,,,,,,,,,,,,,,,,,,,,,,,,,,,,,,,,,,,,,,,,,,,,,,,,,,,,,,,,,
PACT DEVELOPMENTS DIRECTORY as of 01/01/2025,BROOKLYN,118,352,11/28/2023,25,2035930001,4,715 NOBLE AVENUE,10473,9,14,34,85,18,2092701,M,,,,,,,,,,,,,,,,,,,,,,,,,,,,,,,,,,,,,,,,,,,,,,,,,,,,,,,,,,,,,,,,,,,,,,,,,,,,,,,,,,,,,,,,,,,,,,,,,,,,,,,,,,,,,,,,,,,,,,,,,,,,,,
PACT DEVELOPMENTS DIRECTORY as of 01/01/2025,BROOKLYN,118,352,11/28/2023,25,2035940001,5,712 NOBLE AVENUE,10473,9,14,34,85,18,2021985,,,,,,,,,,,,,,,,,,,,,,,,,,,,,,,,,,,,,,,,,,,,,,,,,,,,,,,,,,,,,,,,,,,,,,,,,,,,,,,,,,,,,,,,,,,,,,,,,,,,,,,,,,,,,,,,,,,,,,,,,,,,,,,
PACT DEVELOPMENTS DIRECTORY as of 01/01/2025,BROOKLYN,118,352,11/28/2023,25,2035940001,5,710 NOBLE AVENUE,10473,9,14,34,85,18,2021985,M,,,,,,,,,,,,,,,,,,,,,,,,,,,,,,,,,,,,,,,,,,,,,,,,,,,,,,,,,,,,,,,,,,,,,,,,,,,,,,,,,,,,,,,,,,,,,,,,,,,,,,,,,,,,,,,,,,,,,,,,,,,,,,
PACT DEVELOPMENTS DIRECTORY as of 01/01/2025,BROOKLYN,118,352,11/28/2023,25,2035980017,6,740 BEACH AVENUE,10473,9,14,34,85,18,2092707,M,,,,,,,,,,,,,,,,,,,,,,,,,,,,,,,,,,,,,,,,,,,,,,,,,,,,,,,,,,,,,,,,,,,,,,,,,,,,,,,,,,,,,,,,,,,,,,,,,,,,,,,,,,,,,,,,,,,,,,,,,,,,,,
PACT DEVELOPMENTS DIRECTORY as of 01/01/2025,BROOKLYN,118,352,11/28/2023,25,2035980017,7,1810 LAFAYETTE AVENUE,10473,9,14,34,85,18,2092706,M,,,,,,,,,,,,,,,,,,,,,,,,,,,,,,,,,,,,,,,,,,,,,,,,,,,,,,,,,,,,,,,,,,,,,,,,,,,,,,,,,,,,,,,,,,,,,,,,,,,,,,,,,,,,,,,,,,,,,,,,,,,,,,
PACT DEVELOPMENTS DIRECTORY as of 01/01/2025,BROOKLYN,118,352,11/28/2023,25,2035930001,8,717GAR NOBLE AVENUE,10473,9,14,34,85,18,2112991,,,,,,,,,,,,,,,,,,,,,,,,,,,,,,,,,,,,,,,,,,,,,,,,,,,,,,,,,,,,,,,,,,,,,,,,,,,,,,,,,,,,,,,,,,,,,,,,,,,,,,,,,,,,,,,,,,,,,,,,,,,,,,,
PACT DEVELOPMENTS DIRECTORY as of 01/01/2025,BROOKLYN,118,352,11/28/2023,25,1020120023,,111 WEST 143RD STREET,10030,10,13,30,71,09,1000000,,,,,,,,,,,,,,,,,,,,,,,,,,,,,,,,,,,,,,,,,,,,,,,,,,,,,,,,,,,,,,,,,,,,,,,,,,,,,,,,,,,,,,,,,,,,,,,,,,,,,,,,,,,,,,,,,,,,,,,,,,,,,,,
PACT DEVELOPMENTS DIRECTORY as of 01/01/2025,BROOKLYN,118,352,11/28/2023,25,1020120023,,113 WEST 143RD STREET,10030,10,13,30,71,09,1000000,,,,,,,,,,,,,,,,,,,,,,,,,,,,,,,,,,,,,,,,,,,,,,,,,,,,,,,,,,,,,,,,,,,,,,,,,,,,,,,,,,,,,,,,,,,,,,,,,,,,,,,,,,,,,,,,,,,,,,,,,,,,,,,
PACT DEVELOPMENTS DIRECTORY as of 01/01/2025,BROOKLYN,118,352,11/28/2023,25,1020070044,,114 WEST 139TH STREET,10030,10,13,30,70,09,1000000,,,,,,,,,,,,,,,,,,,,,,,,,,,,,,,,,,,,,,,,,,,,,,,,,,,,,,,,,,,,,,,,,,,,,,,,,,,,,,,,,,,,,,,,,,,,,,,,,,,,,,,,,,,,,,,,,,,,,,,,,,,,,,,
PACT DEVELOPMENTS DIRECTORY as of 01/01/2025,BROOKLYN,118,352,11/28/2023,25,1020110008,,155 WEST 142ND STREET,10030,10,13,30,71,09,1000000,,,,,,,,,,,,,,,,,,,,,,,,,,,,,,,,,,,,,,,,,,,,,,,,,,,,,,,,,,,,,,,,,,,,,,,,,,,,,,,,,,,,,,,,,,,,,,,,,,,,,,,,,,,,,,,,,,,,,,,,,,,,,,,
PACT DEVELOPMENTS DIRECTORY as of 01/01/2025,BROOKLYN,118,352,11/28/2023,25,1020120009,,155 WEST 143RD STREET,10030,10,13,30,71,09,1000000,,,,,,,,,,,,,,,,,,,,,,,,,,,,,,,,,,,,,,,,,,,,,,,,,,,,,,,,,,,,,,,,,,,,,,,,,,,,,,,,,,,,,,,,,,,,,,,,,,,,,,,,,,,,,,,,,,,,,,,,,,,,,,,
PACT DEVELOPMENTS DIRECTORY as of 01/01/2025,BROOKLYN,118,352,11/28/2023,25,1020110007,,157 WEST 142ND STREET,10030,10,13,30,71,09,1000000,,,,,,,,,,,,,,,,,,,,,,,,,,,,,,,,,,,,,,,,,,,,,,,,,,,,,,,,,,,,,,,,,,,,,,,,,,,,,,,,,,,,,,,,,,,,,,,,,,,,,,,,,,,,,,,,,,,,,,,,,,,,,,,
PACT DEVELOPMENTS DIRECTORY as of 01/01/2025,BROOKLYN,118,352,11/28/2023,25,1020120009,,157 WEST 143RD STREET,10030,10,13,30,71,09,1000000,,,,,,,,,,,,,,,,,,,,,,,,,,,,,,,,,,,,,,,,,,,,,,,,,,,,,,,,,,,,,,,,,,,,,,,,,,,,,,,,,,,,,,,,,,,,,,,,,,,,,,,,,,,,,,,,,,,,,,,,,,,,,,,
PACT DEVELOPMENTS DIRECTORY as of 01/01/2025,BROOKLYN,118,352,11/28/2023,25,1020130026,1,109 WEST 144TH STREET,10030,10,13,30,71,09,1060169,M,,,,,,,,,,,,,,,,,,,,,,,,,,,,,,,,,,,,,,,,,,,,,,,,,,,,,,,,,,,,,,,,,,,,,,,,,,,,,,,,,,,,,,,,,,,,,,,,,,,,,,,,,,,,,,,,,,,,,,,,,,,,,,
PACT DEVELOPMENTS DIRECTORY as of 01/01/2025,MANHATTAN,53,389,11/30/2020,26,,,,,,,,,,,,,,,,,,,,,,,,,,,,,,,,,,,,,,,,,,,,,,,,,,13,,71,10,,,,,,,,,,,,,,,,,,,,,,,,,,,,,,,,,10039,30,09,,,,,,,,,,,,,,,,,,,,,,,1020150005,2537 A C POWELL BOULEVARD,1079768,,,,,,,,,,,,,,,,,,,,,,,,
PACT DEVELOPMENTS DIRECTORY as of 01/01/2025,MANHATTAN,53,389,11/30/2020,26,,,,,,,,,,,M,,,,,,,,,,,,,,,,,,,,,,,,,,,,,,,,,,,,,,,13,,71,10,,,,,,,,,,,,,,,,,,,,,,,,,,,,,,,,,10039,30,09,,,,,,,,,,,,,,,,,,,,,,,1020150005,2533 A C POWELL BOULEVARD,1079767,,,,,,,,,,,,,,,,,,,,,,,,
PACT DEVELOPMENTS DIRECTORY as of 01/01/2025,MANHATTAN,53,389,11/30/2020,26,,,,,,,,,,,M,,,,,,,,,,,,,,,,,,,,,,,,,,,,,,,,,,,,,,,13,,71,10,,,,,,,,,,,,,,,,,,,,,,,,,,,,,,,,,10039,30,09,,,,,,,,,,,,,,,,,,,,,,,1020150005,2529 A C POWELL BOULEVARD,1079766,,,,,,,,,,,,,,,,,,,,,,,,
PACT DEVELOPMENTS DIRECTORY as of 01/01/2025,MANHATTAN,53,389,11/30/2020,26,,,,,,,,,,,M,,,,,,,,,,,,,,,,,,,,,,,,,,,,,,,,,,,,,,,13,,71,10,,,,,,,,,,,,,,,,,,,,,,,,,,,,,,,,,10039,30,09,,,,,,,,,,,,,,,,,,,,,,,1020150005,2525 A C POWELL BOULEVARD,1079765,,,,,,,,,,,,,,,,,,,,,,,,
PACT DEVELOPMENTS DIRECTORY as of 01/01/2025,MANHATTAN,53,389,11/30/2020,26,,,,,,,,,,,,,,,,,,,,,,,,,,,,,,,,,,,,,,,,,,,,,,,,,,13,,71,10,,,,,,,,,,,,,,,,,,,,,,,,,,,,,,,,,10030,30,09,,,,,,,,,,,,,,,,,,,,,,,1020120061,2477 A C POWELL BOULEVARD,1060155,,,,,,,,,,,,,,,,,,,,,,,,
PACT DEVELOPMENTS DIRECTORY as of 01/01/2025,MANHATTAN,53,389,11/30/2020,26,,,,,,,,,,,M,,,,,,,,,,,,,,,,,,,,,,,,,,,,,,,,,,,,,,,13,,71,10,,,,,,,,,,,,,,,,,,,,,,,,,,,,,,,,,10030,30,09,,,,,,,,,,,,,,,,,,,,,,,1020120061,164 WEST 144TH STREET,1060155,,,,,,,,,,,,,,,,,,,,,,,,
PACT DEVELOPMENTS DIRECTORY as of 01/01/2025,MANHATTAN,53,389,11/30/2020,26,,,,,,,,,,,M,,,,,,,,,,,,,,,,,,,,,,,,,,,,,,,,,,,,,,,13,,71,10,,,,,,,,,,,,,,,,,,,,,,,,,,,,,,,,,10030,30,09,,,,,,,,,,,,,,,,,,,,,,,1020120063,2473 A C POWELL BOULEVARD,1060156,,,,,,,,,,,,,,,,,,,,,,,,
PACT DEVELOPMENTS DIRECTORY as of 01/01/2025,MANHATTAN,53,389,11/30/2020,26,,,,,,,,,,,M,,,,,,,,,,,,,,,,,,,,,,,,,,,,,,,,,,,,,,,13,,71,10,,,,,,,,,,,,,,,,,,,,,,,,,,,,,,,,,10030,30,09,,,,,,,,,,,,,,,,,,,,,,,1020120064,2469 A C POWELL BOULEVARD,1060157,,,,,,,,,,,,,,,,,,,,,,,,
PACT DEVELOPMENTS DIRECTORY as of 01/01/2025,MANHATTAN,53,389,11/30/2020,26,,,,,,,,,,,M,,,,,,,,,,,,,,,,,,,,,,,,,,,,,,,,,,,,,,,13,,71,10,,,,,,,,,,,,,,,,,,,,,,,,,,,,,,,,,10030,30,09,,,,,,,,,,,,,,,,,,,,,,,1020120003,2465 A C POWELL BOULEVARD,1060129,,,,,,,,,,,,,,,,,,,,,,,,
PACT DEVELOPMENTS DIRECTORY as of 01/01/2025,MANHATTAN,53,389,11/30/2020,26,,,,,,,,,,,,,,,,,,,,,,,,,,,,,,,,,,,,,,,,,,,,,,,,,,13,,71,10,,,,,,,,,,,,,,,,,,,,,,,,,,,,,,,,,10030,30,09,,,,,,,,,,,,,,,,,,,,,,,1020120001,2461 A C POWELL BOULEVARD,1060128,,,,,,,,,,,,,,,,,,,,,,,,
PACT DEVELOPMENTS DIRECTORY as of 01/01/2025,MANHATTAN,53,389,11/30/2020,26,,,,,,,,,,,M,,,,,,,,,,,,,,,,,,,,,,,,,,,,,,,,,,,,,,,13,,71,10,,,,,,,,,,,,,,,,,,,,,,,,,,,,,,,,,10030,30,09,,,,,,,,,,,,,,,,,,,,,,,1020120001,167 WEST 143RD STREET,1060128,,,,,,,,,,,,,,,,,,,,,,,,
PACT DEVELOPMENTS DIRECTORY as of 01/01/2025,MANHATTAN,53,389,11/30/2020,26,,,,,,,,,,,M,,,,,,,,,,,,,,,,,,,,,,,,,,,,,,,,,,,,,,,13,,71,10,,,,,,,,,,,,,,,,,,,,,,,,,,,,,,,,,10030,30,09,,,,,,,,,,,,,,,,,,,,,,,1020120006,163 WEST 143RD STREET,1060130,,,,,,,,,,,,,,,,,,,,,,,,
PACT DEVELOPMENTS DIRECTORY as of 01/01/2025,MANHATTAN,53,389,11/30/2020,26,,,,,,,,,,,M,,,,,,,,,,,,,,,,,,,,,,,,,,,,,,,,,,,,,,,13,,71,10,,,,,,,,,,,,,,,,,,,,,,,,,,,,,,,,,10030,30,09,,,,,,,,,,,,,,,,,,,,,,,1020130024,113 WEST 144TH STREET,1060168,,,,,,,,,,,,,,,,,,,,,,,,
PACT DEVELOPMENTS DIRECTORY as of 01/01/2025,MANHATTAN,53,389,11/30/2020,26,,,,,,,,,,,M,,,,,,,,,,,,,,,,,,,,,,,,,,,,,,,,,,,,,,,13,,71,10,,,,,,,,,,,,,,,,,,,,,,,,,,,,,,,,,10030,30,09,,,,,,,,,,,,,,,,,,,,,,,1020120008,159 WEST 143RD STREET,1060131,,,,,,,,,,,,,,,,,,,,,,,,
PACT DEVELOPMENTS DIRECTORY as of 01/01/2025,MANHATTAN,53,389,11/30/2020,26,,,,,,,,,,,M,,,,,,,,,,,,,,,,,,,,,,,,,,,,,,,,,,,,,,,13,,71,10,,,,,,,,,,,,,,,,,,,,,,,,,,,,,,,,,10030,30,09,,,,,,,,,,,,,,,,,,,,,,,1020120011,151 WEST 143RD STREET,1060132,,,,,,,,,,,,,,,,,,,,,,,,
PACT DEVELOPMENTS DIRECTORY as of 01/01/2025,MANHATTAN,53,389,11/30/2020,26,,,,,,,,,,,M,,,,,,,,,,,,,,,,,,,,,,,,,,,,,,,,,,,,,,,13,,71,10,,,,,,,,,,,,,,,,,,,,,,,,,,,,,,,,,10030,30,09,,,,,,,,,,,,,,,,,,,,,,,1020120014,145 WEST 143RD STREET,1060133,,,,,,,,,,,,,,,,,,,,,,,,
PACT DEVELOPMENTS DIRECTORY as of 01/01/2025,MANHATTAN,53,389,11/30/2020,26,,,,,,,,,,,M,,,,,,,,,,,,,,,,,,,,,,,,,,,,,,,,,,,,,,,13,,71,10,,,,,,,,,,,,,,,,,,,,,,,,,,,,,,,,,10030,30,09,,,,,,,,,,,,,,,,,,,,,,,1020120015,143 WEST 143RD STREET,1060134,,,,,,,,,,,,,,,,,,,,,,,,
PACT DEVELOPMENTS DIRECTORY as of 01/01/2025,MANHATTAN,53,389,11/30/2020,26,,,,,,,,,,,M,,,,,,,,,,,,,,,,,,,,,,,,,,,,,,,,,,,,,,,13,,71,10,,,,,,,,,,,,,,,,,,,,,,,,,,,,,,,,,10030,30,09,,,,,,,,,,,,,,,,,,,,,,,1020120018,135 WEST 143RD STREET,1060136,,,,,,,,,,,,,,,,,,,,,,,,
PACT DEVELOPMENTS DIRECTORY as of 01/01/2025,MANHATTAN,53,389,11/30/2020,26,,,,,,,,,,,M,,,,,,,,,,,,,,,,,,,,,,,,,,,,,,,,,,,,,,,13,,71,10,,,,,,,,,,,,,,,,,,,,,,,,,,,,,,,,,10030,30,09,,,,,,,,,,,,,,,,,,,,,,,1020120020,131 WEST 143RD STREET,1060137,,,,,,,,,,,,,,,,,,,,,,,,
PACT DEVELOPMENTS DIRECTORY as of 01/01/2025,MANHATTAN,53,389,11/30/2020,26,,,,,,,,,,,M,,,,,,,,,,,,,,,,,,,,,,,,,,,,,,,,,,,,,,,13,,71,10,,,,,,,,,,,,,,,,,,,,,,,,,,,,,,,,,10037,30,09,,,,,,,,,,,,,,,,,,,,,,,1020110033,649 MALCOLM X BOULEVARD,1060117,,,,,,,,,,,,,,,,,,,,,,,,
PACT DEVELOPMENTS DIRECTORY as of 01/01/2025,MANHATTAN,53,389,11/30/2020,26,,,,,,,,,,,M,,,,,,,,,,,,,,,,,,,,,,,,,,,,,,,,,,,,,,,13,,71,10,,,,,,,,,,,,,,,,,,,,,,,,,,,,,,,,,10037,30,09,,,,,,,,,,,,,,,,,,,,,,,1020110031,645 MALCOLM X BOULEVARD,1060116,,,,,,,,,,,,,,,,,,,,,,,,
PACT DEVELOPMENTS DIRECTORY as of 01/01/2025,MANHATTAN,53,389,11/30/2020,26,,,,,,,,,,,M,,,,,,,,,,,,,,,,,,,,,,,,,,,,,,,,,,,,,,,13,,71,10,,,,,,,,,,,,,,,,,,,,,,,,,,,,,,,,,10030,30,09,,,,,,,,,,,,,,,,,,,,,,,1020110022,129 WEST 142ND STREET,1060111,,,,,,,,,,,,,,,,,,,,,,,,
PACT DEVELOPMENTS DIRECTORY as of 01/01/2025,MANHATTAN,53,389,11/30/2020,26,,,,,,,,,,,M,,,,,,,,,,,,,,,,,,,,,,,,,,,,,,,,,,,,,,,13,,71,10,,,,,,,,,,,,,,,,,,,,,,,,,,,,,,,,,10030,30,09,,,,,,,,,,,,,,,,,,,,,,,1020110015,141 WEST 142ND STREET,1060107,,,,,,,,,,,,,,,,,,,,,,,,
PACT DEVELOPMENTS DIRECTORY as of 01/01/2025,MANHATTAN,53,389,11/30/2020,26,,,,,,,,,,,M,,,,,,,,,,,,,,,,,,,,,,,,,,,,,,,,,,,,,,,13,,71,10,,,,,,,,,,,,,,,,,,,,,,,,,,,,,,,,,10030,30,09,,,,,,,,,,,,,,,,,,,,,,,1020130022,117 WEST 144TH STREET,1060167,,,,,,,,,,,,,,,,,,,,,,,,
PACT DEVELOPMENTS DIRECTORY as of 01/01/2025,MANHATTAN,53,389,11/30/2020,26,,,,,,,,,,,M,,,,,,,,,,,,,,,,,,,,,,,,,,,,,,,,,,,,,,,13,,71,10,,,,,,,,,,,,,,,,,,,,,,,,,,,,,,,,,10030,30,09,,,,,,,,,,,,,,,,,,,,,,,1020110014,143 WEST 142ND STREET,1060106,,,,,,,,,,,,,,,,,,,,,,,,
PACT DEVELOPMENTS DIRECTORY as of 01/01/2025,MANHATTAN,53,389,11/30/2020,26,,,,,,,,,,,M,,,,,,,,,,,,,,,,,,,,,,,,,,,,,,,,,,,,,,,13,,71,10,,,,,,,,,,,,,,,,,,,,,,,,,,,,,,,,,10030,30,09,,,,,,,,,,,,,,,,,,,,,,,1020110013,145 WEST 142ND STREET,1060105,,,,,,,,,,,,,,,,,,,,,,,,
PACT DEVELOPMENTS DIRECTORY as of 01/01/2025,MANHATTAN,53,389,11/30/2020,26,,,,,,,,,,,M,,,,,,,,,,,,,,,,,,,,,,,,,,,,,,,,,,,,,,,13,,71,10,,,,,,,,,,,,,,,,,,,,,,,,,,,,,,,,,10030,30,09,,,,,,,,,,,,,,,,,,,,,,,1020110011,149 WEST 142ND STREET,1060103,,,,,,,,,,,,,,,,,,,,,,,,
PACT DEVELOPMENTS DIRECTORY as of 01/01/2025,MANHATTAN,53,389,11/30/2020,26,,,,,,,,,,,M,,,,,,,,,,,,,,,,,,,,,,,,,,,,,,,,,,,,,,,13,,71,10,,,,,,,,,,,,,,,,,,,,,,,,,,,,,,,,,10030,30,09,,,,,,,,,,,,,,,,,,,,,,,1020110061,2453 A C POWELL BOULEVARD,1060126,,,,,,,,,,,,,,,,,,,,,,,,
PACT DEVELOPMENTS DIRECTORY as of 01/01/2025,MANHATTAN,53,389,11/30/2020,26,,,,,,,,,,,M,,,,,,,,,,,,,,,,,,,,,,,,,,,,,,,,,,,,,,,13,,71,10,,,,,,,,,,,,,,,,,,,,,,,,,,,,,,,,,10030,30,09,,,,,,,,,,,,,,,,,,,,,,,1020110063,2449 A C POWELL BOULEVARD,1060127,,,,,,,,,,,,,,,,,,,,,,,,
PACT DEVELOPMENTS DIRECTORY as of 01/01/2025,MANHATTAN,53,389,11/30/2020,26,,,,,,,,,,,M,,,,,,,,,,,,,,,,,,,,,,,,,,,,,,,,,,,,,,,13,,71,10,,,,,,,,,,,,,,,,,,,,,,,,,,,,,,,,,10030,30,09,,,,,,,,,,,,,,,,,,,,,,,1020110001,2441 A C POWELL BOULEVARD,1060101,,,,,,,,,,,,,,,,,,,,,,,,
PACT DEVELOPMENTS DIRECTORY as of 01/01/2025,MANHATTAN,53,389,11/30/2020,26,,,,,,,,,,,M,,,,,,,,,,,,,,,,,,,,,,,,,,,,,,,,,,,,,,,13,,70,10,,,,,,,,,,,,,,,,,,,,,,,,,,,,,,,,,10030,30,09,,,,,,,,,,,,,,,,,,,,,,,1020090044,144 WEST 141ST STREET,1060069,,,,,,,,,,,,,,,,,,,,,,,,
PACT DEVELOPMENTS DIRECTORY as of 01/01/2025,MANHATTAN,53,389,11/30/2020,26,,,,,,,,,,,M,,,,,,,,,,,,,,,,,,,,,,,,,,,,,,,,,,,,,,,13,,70,10,,,,,,,,,,,,,,,,,,,,,,,,,,,,,,,,,10030,30,09,,,,,,,,,,,,,,,,,,,,,,,1020090063,2409 A C POWELL BOULEVARD,1060081,,,,,,,,,,,,,,,,,,,,,,,,
PACT DEVELOPMENTS DIRECTORY as of 01/01/2025,MANHATTAN,53,389,11/30/2020,26,,,,,,,,,,,M,,,,,,,,,,,,,,,,,,,,,,,,,,,,,,,,,,,,,,,13,,70,10,,,,,,,,,,,,,,,,,,,,,,,,,,,,,,,,,10030,30,09,,,,,,,,,,,,,,,,,,,,,,,1020090064,2407 A C POWELL BOULEVARD,1060082,,,,,,,,,,,,,,,,,,,,,,,,
PACT DEVELOPMENTS DIRECTORY as of 01/01/2025,MANHATTAN,53,389,11/30/2020,26,,,,,,,,,,,M,,,,,,,,,,,,,,,,,,,,,,,,,,,,,,,,,,,,,,,13,,71,10,,,,,,,,,,,,,,,,,,,,,,,,,,,,,,,,,10030,30,09,,,,,,,,,,,,,,,,,,,,,,,1020130018,125 WEST 144TH STREET,1060165,,,,,,,,,,,,,,,,,,,,,,,,
PACT DEVELOPMENTS DIRECTORY as of 01/01/2025,MANHATTAN,53,389,11/30/2020,26,,,,,,,,,,,M,,,,,,,,,,,,,,,,,,,,,,,,,,,,,,,,,,,,,,,13,,70,10,,,,,,,,,,,,,,,,,,,,,,,,,,,,,,,,,10030,30,09,,,,,,,,,,,,,,,,,,,,,,,1020070045,116 WEST 139TH STREET,1060039,,,,,,,,,,,,,,,,,,,,,,,,
PACT DEVELOPMENTS DIRECTORY as of 01/01/2025,MANHATTAN,53,389,11/30/2020,26,,,,,,,,,,,M,,,,,,,,,,,,,,,,,,,,,,,,,,,,,,,,,,,,,,,13,,70,10,,,,,,,,,,,,,,,,,,,,,,,,,,,,,,,,,10030,30,09,,,,,,,,,,,,,,,,,,,,,,,1020070043,112 WEST 139TH STREET,1060038,,,,,,,,,,,,,,,,,,,,,,,,
PACT DEVELOPMENTS DIRECTORY as of 01/01/2025,MANHATTAN,53,389,11/30/2020,26,,,,,,,,,,,,,,,,,,,,,,,,,,,,,,,,,,,,,,,,,,,,,,,,,,13,,71,10,,,,,,,,,,,,,,,,,,,,,,,,,,,,,,,,,10037,30,09,,,,,,,,,,,,,,,,,,,,,,,1020120025,669 LENOX AVENUE,1085366,,,,,,,,,,,,,,,,,,,,,,,,
PACT DEVELOPMENTS DIRECTORY as of 01/01/2025,MANHATTAN,53,389,11/30/2020,26,,,,,,,,,,,,,,,,,,,,,,,,,,,,,,,,,,,,,,,,,,,,,,,,,,13,,71,10,,,,,,,,,,,,,,,,,,,,,,,,,,,,,,,,,10030,30,09,,,,,,,,,,,,,,,,,,,,,,,1020120025,103 WEST 143RD STREET,1085367,,,,,,,,,,,,,,,,,,,,,,,,
PACT DEVELOPMENTS DIRECTORY as of 01/01/2025,MANHATTAN,53,389,11/30/2020,26,,,,,,,,,,,,,,,,,,,,,,,,,,,,,,,,,,,,,,,,,,,,,,,,,,13,,71,10,,,,,,,,,,,,,,,,,,,,,,,,,,,,,,,,,10030,30,09,,,,,,,,,,,,,,,,,,,,,,,1020120025,105 WEST 143RD STREET,1085367,,,,,,,,,,,,,,,,,,,,,,,,
PACT DEVELOPMENTS DIRECTORY as of 01/01/2025,MANHATTAN,53,389,11/30/2020,26,,,,,,,,,,,M,,,,,,,,,,,,,,,,,,,,,,,,,,,,,,,,,,,,,,,13,,71,10,,,,,,,,,,,,,,,,,,,,,,,,,,,,,,,,,10030,30,09,,,,,,,,,,,,,,,,,,,,,,,1020130016,129 WEST 144TH STREET,1060164,,,,,,,,,,,,,,,,,,,,,,,,
PACT DEVELOPMENTS DIRECTORY as of 01/01/2025,MANHATTAN,53,389,11/30/2020,26,,,,,,,,,,,M,,,,,,,,,,,,,,,,,,,,,,,,,,,,,,,,,,,,,,,13,,71,10,,,,,,,,,,,,,,,,,,,,,,,,,,,,,,,,,10030,30,09,,,,,,,,,,,,,,,,,,,,,,,1020130014,133 WEST 144TH STREET,1060163,,,,,,,,,,,,,,,,,,,,,,,,
PACT DEVELOPMENTS DIRECTORY as of 01/01/2025,MANHATTAN,53,389,11/30/2020,26,,,,,,,,,,,M,,,,,,,,,,,,,,,,,,,,,,,,,,,,,,,,,,,,,,,13,,71,10,,,,,,,,,,,,,,,,,,,,,,,,,,,,,,,,,10030,30,09,,,,,,,,,,,,,,,,,,,,,,,1020120052,148 WEST 144TH STREET,1060150,,,,,,,,,,,,,,,,,,,,,,,,
PACT DEVELOPMENTS DIRECTORY as of 01/01/2025,MANHATTAN,53,389,11/30/2020,26,,,,,,,,,,,M,,,,,,,,,,,,,,,,,,,,,,,,,,,,,,,,,,,,,,,13,,71,10,,,,,,,,,,,,,,,,,,,,,,,,,,,,,,,,,10030,30,09,,,,,,,,,,,,,,,,,,,,,,,1020120056,158 WEST 144TH STREET,1060152,,,,,,,,,,,,,,,,,,,,,,,,
PACT DEVELOPMENTS DIRECTORY as of 01/01/2025,MANHATTAN,53,389,11/30/2020,26,,,,,,,,,,,M,,,,,,,,,,,,,,,,,,,,,,,,,,,,,,,,,,,,,,,13,,71,10,,,,,,,,,,,,,,,,,,,,,,,,,,,,,,,,,10030,30,09,,,,,,,,,,,,,,,,,,,,,,,1020120058,162 WEST 144TH STREET,1060154,,,,,,,,,,,,,,,,,,,,,,,,
PACT DEVELOPMENTS DIRECTORY as of 01/01/2025,MANHATTAN,53,389,11/30/2020,26,1020090004,39,2405 A C POWELL BOULEVARD,10030,10,13,30,70,09,1060060,M,,,,,,,,,,,,,,,,,,,,,,,,,,,,,,,,,,,,,,,,,,,,,,,,,,,,,,,,,,,,,,,,,,,,,,,,,,,,,,,,,,,,,,,,,,,,,,,,,,,,,,,,,,,,,,,,,,,,,,,,,,,,,,
PACT DEVELOPMENTS DIRECTORY as of 01/01/2025,MANHATTAN,53,389,11/30/2020,26,1020090003,40,2403 A C POWELL BOULEVARD,10030,10,13,30,70,09,1060059,M,,,,,,,,,,,,,,,,,,,,,,,,,,,,,,,,,,,,,,,,,,,,,,,,,,,,,,,,,,,,,,,,,,,,,,,,,,,,,,,,,,,,,,,,,,,,,,,,,,,,,,,,,,,,,,,,,,,,,,,,,,,,,,
PACT DEVELOPMENTS DIRECTORY as of 01/01/2025,MANHATTAN,53,389,11/30/2020,26,1020090001,41,173 WEST 140TH STREET,10030,10,13,30,70,09,1060058,M,,,,,,,,,,,,,,,,,,,,,,,,,,,,,,,,,,,,,,,,,,,,,,,,,,,,,,,,,,,,,,,,,,,,,,,,,,,,,,,,,,,,,,,,,,,,,,,,,,,,,,,,,,,,,,,,,,,,,,,,,,,,,,
PACT DEVELOPMENTS DIRECTORY as of 01/01/2025,MANHATTAN,53,389,11/30/2020,26,1020090001,41,2401 A C POWELL BOULEVARD,10030,10,13,30,70,09,1060058,,,,,,,,,,,,,,,,,,,,,,,,,,,,,,,,,,,,,,,,,,,,,,,,,,,,,,,,,,,,,,,,,,,,,,,,,,,,,,,,,,,,,,,,,,,,,,,,,,,,,,,,,,,,,,,,,,,,,,,,,,,,,,,
PACT DEVELOPMENTS DIRECTORY as of 01/01/2025,MANHATTAN,53,389,11/30/2020,26,1020070057,42,138 WEST 139TH STREET,10030,10,13,30,70,09,1060048,M,,,,,,,,,,,,,,,,,,,,,,,,,,,,,,,,,,,,,,,,,,,,,,,,,,,,,,,,,,,,,,,,,,,,,,,,,,,,,,,,,,,,,,,,,,,,,,,,,,,,,,,,,,,,,,,,,,,,,,,,,,,,,,
PACT DEVELOPMENTS DIRECTORY as of 01/01/2025,MANHATTAN,53,389,11/30/2020,26,1020070056,43,136 WEST 139TH STREET,10030,10,13,30,70,09,1060047,M,,,,,,,,,,,,,,,,,,,,,,,,,,,,,,,,,,,,,,,,,,,,,,,,,,,,,,,,,,,,,,,,,,,,,,,,,,,,,,,,,,,,,,,,,,,,,,,,,,,,,,,,,,,,,,,,,,,,,,,,,,,,,,
PACT DEVELOPMENTS DIRECTORY as of 01/01/2025,MANHATTAN,10,398,11/30/2020,27,1020070042,46,110 WEST 139TH STREET,10030,10,13,30,70,09,1060037,M,,,,,,,,,,,,,,,,,,,,,,,,,,,,,,,,,,,,,,,,,,,,,,,,,,,,,,,,,,,,,,,,,,,,,,,,,,,,,,,,,,,,,,,,,,,,,,,,,,,,,,,,,,,,,,,,,,,,,,,,,,,,,,
PACT DEVELOPMENTS DIRECTORY as of 01/01/2025,MANHATTAN,10,398,11/30/2020,27,1020110009,47,153 WEST 142ND STREET,10030,10,13,30,71,09,1076698,,,,,,,,,,,,,,,,,,,,,,,,,,,,,,,,,,,,,,,,,,,,,,,,,,,,,,,,,,,,,,,,,,,,,,,,,,,,,,,,,,,,,,,,,,,,,,,,,,,,,,,,,,,,,,,,,,,,,,,,,,,,,,,
PACT DEVELOPMENTS DIRECTORY as of 01/01/2025,MANHATTAN,10,398,11/30/2020,27,1020110009,47,151 WEST 142ND STREET,10030,10,13,30,71,09,1076698,M,,,,,,,,,,,,,,,,,,,,,,,,,,,,,,,,,,,,,,,,,,,,,,,,,,,,,,,,,,,,,,,,,,,,,,,,,,,,,,,,,,,,,,,,,,,,,,,,,,,,,,,,,,,,,,,,,,,,,,,,,,,,,,
PACT DEVELOPMENTS DIRECTORY as of 01/01/2025,MANHATTAN,10,398,11/30/2020,27,2026260001,1,845 CAULDWELL AVENUE,10456,1,15,32,79,17,2091326,M,,,,,,,,,,,,,,,,,,,,,,,,,,,,,,,,,,,,,,,,,,,,,,,,,,,,,,,,,,,,,,,,,,,,,,,,,,,,,,,,,,,,,,,,,,,,,,,,,,,,,,,,,,,,,,,,,,,,,,,,,,,,,,
PACT DEVELOPMENTS DIRECTORY as of 01/01/2025,MANHATTAN,10,398,11/30/2020,27,2026260001,1,851 CAULDWELL AVENUE,10456,1,15,32,79,17,2091326,M,,,,,,,,,,,,,,,,,,,,,,,,,,,,,,,,,,,,,,,,,,,,,,,,,,,,,,,,,,,,,,,,,,,,,,,,,,,,,,,,,,,,,,,,,,,,,,,,,,,,,,,,,,,,,,,,,,,,,,,,,,,,,,
PACT DEVELOPMENTS DIRECTORY as of 01/01/2025,MANHATTAN,10,398,11/30/2020,27,2026260001,1,855 CAULDWELL AVENUE,10456,1,15,32,79,17,2091326,M,,,,,,,,,,,,,,,,,,,,,,,,,,,,,,,,,,,,,,,,,,,,,,,,,,,,,,,,,,,,,,,,,,,,,,,,,,,,,,,,,,,,,,,,,,,,,,,,,,,,,,,,,,,,,,,,,,,,,,,,,,,,,,
PACT DEVELOPMENTS DIRECTORY as of 01/01/2025,MANHATTAN,10,398,11/30/2020,27,2026260001,1,861 CAULDWELL AVENUE,10456,1,15,32,79,17,2091326,M,,,,,,,,,,,,,,,,,,,,,,,,,,,,,,,,,,,,,,,,,,,,,,,,,,,,,,,,,,,,,,,,,,,,,,,,,,,,,,,,,,,,,,,,,,,,,,,,,,,,,,,,,,,,,,,,,,,,,,,,,,,,,,
PACT DEVELOPMENTS DIRECTORY as of 01/01/2025,MANHATTAN,10,398,11/30/2020,27,2026260001,1,865 CAULDWELL AVENUE,10456,1,15,32,79,17,2091326,M,,,,,,,,,,,,,,,,,,,,,,,,,,,,,,,,,,,,,,,,,,,,,,,,,,,,,,,,,,,,,,,,,,,,,,,,,,,,,,,,,,,,,,,,,,,,,,,,,,,,,,,,,,,,,,,,,,,,,,,,,,,,,,
PACT DEVELOPMENTS DIRECTORY as of 01/01/2025,MANHATTAN,10,398,11/30/2020,27,2026260001,2,821 CAULDWELL AVENUE,10456,1,15,32,79,17,2091325,M,,,,,,,,,,,,,,,,,,,,,,,,,,,,,,,,,,,,,,,,,,,,,,,,,,,,,,,,,,,,,,,,,,,,,,,,,,,,,,,,,,,,,,,,,,,,,,,,,,,,,,,,,,,,,,,,,,,,,,,,,,,,,,
PACT DEVELOPMENTS DIRECTORY as of 01/01/2025,MANHATTAN,10,398,11/30/2020,27,2026260001,2,825 CAULDWELL AVENUE,10456,1,15,32,79,17,2091325,M,,,,,,,,,,,,,,,,,,,,,,,,,,,,,,,,,,,,,,,,,,,,,,,,,,,,,,,,,,,,,,,,,,,,,,,,,,,,,,,,,,,,,,,,,,,,,,,,,,,,,,,,,,,,,,,,,,,,,,,,,,,,,,
PACT DEVELOPMENTS DIRECTORY as of 01/01/2025,MANHATTAN,10,398,11/30/2020,27,2026260001,2,829 CAULDWELL AVENUE,10456,1,15,32,79,17,2091325,M,,,,,,,,,,,,,,,,,,,,,,,,,,,,,,,,,,,,,,,,,,,,,,,,,,,,,,,,,,,,,,,,,,,,,,,,,,,,,,,,,,,,,,,,,,,,,,,,,,,,,,,,,,,,,,,,,,,,,,,,,,,,,,
PACT DEVELOPMENTS DIRECTORY as of 01/01/2025,MANHATTAN,10,398,11/30/2020,27,2026260001,3,611 EAST 158TH STREET,10456,1,15,32,79,17,2091328,M,,,,,,,,,,,,,,,,,,,,,,,,,,,,,,,,,,,,,,,,,,,,,,,,,,,,,,,,,,,,,,,,,,,,,,,,,,,,,,,,,,,,,,,,,,,,,,,,,,,,,,,,,,,,,,,,,,,,,,,,,,,,,,
PACT DEVELOPMENTS DIRECTORY as of 01/01/2025,MANHATTAN,10,398,11/30/2020,27,2026260001,3,615 EAST 158TH STREET,10456,1,15,32,79,17,2091328,M,,,,,,,,,,,,,,,,,,,,,,,,,,,,,,,,,,,,,,,,,,,,,,,,,,,,,,,,,,,,,,,,,,,,,,,,,,,,,,,,,,,,,,,,,,,,,,,,,,,,,,,,,,,,,,,,,,,,,,,,,,,,,,
PACT DEVELOPMENTS DIRECTORY as of 01/01/2025,MANHATTAN,10,398,11/30/2020,27,2026260001,3,625 EAST 158TH STREET,10456,1,15,32,79,17,2091328,M,,,,,,,,,,,,,,,,,,,,,,,,,,,,,,,,,,,,,,,,,,,,,,,,,,,,,,,,,,,,,,,,,,,,,,,,,,,,,,,,,,,,,,,,,,,,,,,,,,,,,,,,,,,,,,,,,,,,,,,,,,,,,,
PACT DEVELOPMENTS DIRECTORY as of 01/01/2025,MANHATTAN,10,398,11/30/2020,27,2026260001,3,635 EAST 158TH STREET,10456,1,15,32,79,17,2091328,M,,,,,,,,,,,,,,,,,,,,,,,,,,,,,,,,,,,,,,,,,,,,,,,,,,,,,,,,,,,,,,,,,,,,,,,,,,,,,,,,,,,,,,,,,,,,,,,,,,,,,,,,,,,,,,,,,,,,,,,,,,,,,,
PACT DEVELOPMENTS DIRECTORY as of 01/01/2025,MANHATTAN,10,398,11/30/2020,27,2026260001,3,645 EAST 158TH STREET,10456,1,15,32,79,17,2091328,M,,,,,,,,,,,,,,,,,,,,,,,,,,,,,,,,,,,,,,,,,,,,,,,,,,,,,,,,,,,,,,,,,,,,,,,,,,,,,,,,,,,,,,,,,,,,,,,,,,,,,,,,,,,,,,,,,,,,,,,,,,,,,,
PACT DEVELOPMENTS DIRECTORY as of 01/01/2025,MANHATTAN,10,398,11/30/2020,27,2026260001,4,854 EAGLE AVENUE,10456,1,15,32,79,17,2091327,M,,,,,,,,,,,,,,,,,,,,,,,,,,,,,,,,,,,,,,,,,,,,,,,,,,,,,,,,,,,,,,,,,,,,,,,,,,,,,,,,,,,,,,,,,,,,,,,,,,,,,,,,,,,,,,,,,,,,,,,,,,,,,,
PACT DEVELOPMENTS DIRECTORY as of 01/01/2025,MANHATTAN,10,398,11/30/2020,27,2026260001,4,850 EAGLE AVENUE,10456,1,15,32,79,17,2091327,M,,,,,,,,,,,,,,,,,,,,,,,,,,,,,,,,,,,,,,,,,,,,,,,,,,,,,,,,,,,,,,,,,,,,,,,,,,,,,,,,,,,,,,,,,,,,,,,,,,,,,,,,,,,,,,,,,,,,,,,,,,,,,,
PACT DEVELOPMENTS DIRECTORY as of 01/01/2025,MANHATTAN,10,398,11/30/2020,27,2026260001,4,844 EAGLE AVENUE,10456,1,15,32,79,17,2091327,M,,,,,,,,,,,,,,,,,,,,,,,,,,,,,,,,,,,,,,,,,,,,,,,,,,,,,,,,,,,,,,,,,,,,,,,,,,,,,,,,,,,,,,,,,,,,,,,,,,,,,,,,,,,,,,,,,,,,,,,,,,,,,,
PACT DEVELOPMENTS DIRECTORY as of 01/01/2025,MANHATTAN,10,398,11/30/2020,27,2026260001,4,840 EAGLE AVENUE,10456,1,15,32,79,17,2091327,M,,,,,,,,,,,,,,,,,,,,,,,,,,,,,,,,,,,,,,,,,,,,,,,,,,,,,,,,,,,,,,,,,,,,,,,,,,,,,,,,,,,,,,,,,,,,,,,,,,,,,,,,,,,,,,,,,,,,,,,,,,,,,,
PACT DEVELOPMENTS DIRECTORY as of 01/01/2025,MANHATTAN,10,398,11/30/2020,27,2026260001,4,834 EAGLE AVENUE,10456,1,15,32,79,17,2091327,M,,,,,,,,,,,,,,,,,,,,,,,,,,,,,,,,,,,,,,,,,,,,,,,,,,,,,,,,,,,,,,,,,,,,,,,,,,,,,,,,,,,,,,,,,,,,,,,,,,,,,,,,,,,,,,,,,,,,,,,,,,,,,,
PACT DEVELOPMENTS DIRECTORY as of 01/01/2025,MANHATTAN,10,398,11/30/2020,27,2026260001,4,830 EAGLE AVENUE,10456,1,15,32,79,17,2091327,M,,,,,,,,,,,,,,,,,,,,,,,,,,,,,,,,,,,,,,,,,,,,,,,,,,,,,,,,,,,,,,,,,,,,,,,,,,,,,,,,,,,,,,,,,,,,,,,,,,,,,,,,,,,,,,,,,,,,,,,,,,,,,,
PACT DEVELOPMENTS DIRECTORY as of 01/01/2025,MANHATTAN,10,398,11/30/2020,27,2026960005,1,839 REV JAMES A POLITE AVENUE,10459,2,14,32,85,17,2092000,M,,,,,,,,,,,,,,,,,,,,,,,,,,,,,,,,,,,,,,,,,,,,,,,,,,,,,,,,,,,,,,,,,,,,,,,,,,,,,,,,,,,,,,,,,,,,,,,,,,,,,,,,,,,,,,,,,,,,,,,,,,,,,,
PACT DEVELOPMENTS DIRECTORY as of 01/01/2025,MANHATTAN,10,398,11/30/2020,27,2026960005,1,845 REV JAMES A POLITE AVENUE,10459,2,14,32,85,17,2092000,M,,,,,,,,,,,,,,,,,,,,,,,,,,,,,,,,,,,,,,,,,,,,,,,,,,,,,,,,,,,,,,,,,,,,,,,,,,,,,,,,,,,,,,,,,,,,,,,,,,,,,,,,,,,,,,,,,,,,,,,,,,,,,,
PACT DEVELOPMENTS DIRECTORY as of 01/01/2025,MANHATTAN,10,398,11/30/2020,27,2026960005,1,851 REV JAMES A POLITE AVENUE,10459,2,14,32,85,17,2092000,M,,,,,,,,,,,,,,,,,,,,,,,,,,,,,,,,,,,,,,,,,,,,,,,,,,,,,,,,,,,,,,,,,,,,,,,,,,,,,,,,,,,,,,,,,,,,,,,,,,,,,,,,,,,,,,,,,,,,,,,,,,,,,,
PACT DEVELOPMENTS DIRECTORY as of 01/01/2025,MANHATTAN,10,398,11/30/2020,27,2026960005,1,857 REV JAMES A POLITE AVENUE,10459,2,14,32,85,17,2092000,M,,,,,,,,,,,,,,,,,,,,,,,,,,,,,,,,,,,,,,,,,,,,,,,,,,,,,,,,,,,,,,,,,,,,,,,,,,,,,,,,,,,,,,,,,,,,,,,,,,,,,,,,,,,,,,,,,,,,,,,,,,,,,,
PACT DEVELOPMENTS DIRECTORY as of 01/01/2025,MANHATTAN,10,398,11/30/2020,27,2026960005,1,863 REV JAMES A POLITE AVENUE,10459,2,14,32,85,17,2092000,M,,,,,,,,,,,,,,,,,,,,,,,,,,,,,,,,,,,,,,,,,,,,,,,,,,,,,,,,,,,,,,,,,,,,,,,,,,,,,,,,,,,,,,,,,,,,,,,,,,,,,,,,,,,,,,,,,,,,,,,,,,,,,,
PACT DEVELOPMENTS DIRECTORY as of 01/01/2025,MANHATTAN,10,398,11/30/2020,27,2026960005,1,869 REV JAMES A POLITE AVENUE,10459,2,14,32,85,17,2092000,M,,,,,,,,,,,,,,,,,,,,,,,,,,,,,,,,,,,,,,,,,,,,,,,,,,,,,,,,,,,,,,,,,,,,,,,,,,,,,,,,,,,,,,,,,,,,,,,,,,,,,,,,,,,,,,,,,,,,,,,,,,,,,,
PACT DEVELOPMENTS DIRECTORY as of 01/01/2025,MANHATTAN,10,398,11/30/2020,27,2026960005,1,875 REV JAMES A POLITE AVENUE,10459,2,14,32,85,17,2092000,M,,,,,,,,,,,,,,,,,,,,,,,,,,,,,,,,,,,,,,,,,,,,,,,,,,,,,,,,,,,,,,,,,,,,,,,,,,,,,,,,,,,,,,,,,,,,,,,,,,,,,,,,,,,,,,,,,,,,,,,,,,,,,,
PACT DEVELOPMENTS DIRECTORY as of 01/01/2025,MANHATTAN,10,398,11/30/2020,27,2026960005,1,881 REV JAMES A POLITE AVENUE,10459,2,14,32,85,17,2092000,M,,,,,,,,,,,,,,,,,,,,,,,,,,,,,,,,,,,,,,,,,,,,,,,,,,,,,,,,,,,,,,,,,,,,,,,,,,,,,,,,,,,,,,,,,,,,,,,,,,,,,,,,,,,,,,,,,,,,,,,,,,,,,,
PACT DEVELOPMENTS DIRECTORY as of 01/01/2025,MANHATTAN,10,398,11/30/2020,27,2026960005,2,820 HEWITT PLACE,10459,2,14,32,85,17,2092001,M,,,,,,,,,,,,,,,,,,,,,,,,,,,,,,,,,,,,,,,,,,,,,,,,,,,,,,,,,,,,,,,,,,,,,,,,,,,,,,,,,,,,,,,,,,,,,,,,,,,,,,,,,,,,,,,,,,,,,,,,,,,,,,
PACT DEVELOPMENTS DIRECTORY as of 01/01/2025,MANHATTAN,10,398,11/30/2020,27,2026960005,2,826 HEWITT PLACE,10459,2,14,32,85,17,2092001,M,,,,,,,,,,,,,,,,,,,,,,,,,,,,,,,,,,,,,,,,,,,,,,,,,,,,,,,,,,,,,,,,,,,,,,,,,,,,,,,,,,,,,,,,,,,,,,,,,,,,,,,,,,,,,,,,,,,,,,,,,,,,,,
PACT DEVELOPMENTS DIRECTORY as of 01/01/2025,MANHATTAN,10,398,11/30/2020,27,2026960005,2,832 HEWITT PLACE,10459,2,14,32,85,17,2092001,M,,,,,,,,,,,,,,,,,,,,,,,,,,,,,,,,,,,,,,,,,,,,,,,,,,,,,,,,,,,,,,,,,,,,,,,,,,,,,,,,,,,,,,,,,,,,,,,,,,,,,,,,,,,,,,,,,,,,,,,,,,,,,,
PACT DEVELOPMENTS DIRECTORY as of 01/01/2025,MANHATTAN,10,398,11/30/2020,27,2026960005,2,840 HEWITT PLACE,10459,2,14,32,85,17,2092001,M,,,,,,,,,,,,,,,,,,,,,,,,,,,,,,,,,,,,,,,,,,,,,,,,,,,,,,,,,,,,,,,,,,,,,,,,,,,,,,,,,,,,,,,,,,,,,,,,,,,,,,,,,,,,,,,,,,,,,,,,,,,,,,
PACT DEVELOPMENTS DIRECTORY as of 01/01/2025,MANHATTAN,10,398,11/30/2020,27,2026960005,2,846 HEWITT PLACE,10459,2,14,32,85,17,2092001,M,,,,,,,,,,,,,,,,,,,,,,,,,,,,,,,,,,,,,,,,,,,,,,,,,,,,,,,,,,,,,,,,,,,,,,,,,,,,,,,,,,,,,,,,,,,,,,,,,,,,,,,,,,,,,,,,,,,,,,,,,,,,,,
PACT DEVELOPMENTS DIRECTORY as of 01/01/2025,MANHATTAN,10,398,11/30/2020,27,2026960005,2,852 HEWITT PLACE,10459,2,14,32,85,17,2092001,M,,,,,,,,,,,,,,,,,,,,,,,,,,,,,,,,,,,,,,,,,,,,,,,,,,,,,,,,,,,,,,,,,,,,,,,,,,,,,,,,,,,,,,,,,,,,,,,,,,,,,,,,,,,,,,,,,,,,,,,,,,,,,,
PACT DEVELOPMENTS DIRECTORY as of 01/01/2025,BROOKLYN,83,366,11/28/2023,28,3013790059,,1487 SAINT JOHNS PLACE,11213,8,09,20,55,36,3036873,,,,,,,,,,,,,,,,,,,,,,,,,,,,,,,,,,,,,,,,,,,,,,,,,,,,,,,,,,,,,,,,,,,,,,,,,,,,,,,,,,,,,,,,,,,,,,,,,,,,,,,,,,,,,,,,,,,,,,,,,,,,,,,
PACT DEVELOPMENTS DIRECTORY as of 01/01/2025,BROOKLYN,83,366,11/28/2023,28,3013790063,1,1483 SAINT JOHNS PLACE,11213,8,09,20,55,36,3036877,M,,,,,,,,,,,,,,,,,,,,,,,,,,,,,,,,,,,,,,,,,,,,,,,,,,,,,,,,,,,,,,,,,,,,,,,,,,,,,,,,,,,,,,,,,,,,,,,,,,,,,,,,,,,,,,,,,,,,,,,,,,,,,,
PACT DEVELOPMENTS DIRECTORY as of 01/01/2025,BROOKLYN,83,366,11/28/2023,28,3013790055,2,1491 SAINT JOHNS PLACE,11213,8,09,20,55,36,3036875,M,,,,,,,,,,,,,,,,,,,,,,,,,,,,,,,,,,,,,,,,,,,,,,,,,,,,,,,,,,,,,,,,,,,,,,,,,,,,,,,,,,,,,,,,,,,,,,,,,,,,,,,,,,,,,,,,,,,,,,,,,,,,,,
PACT DEVELOPMENTS DIRECTORY as of 01/01/2025,BROOKLYN,83,366,11/28/2023,28,3013790031,3,1506 STERLING PLACE,11213,8,09,20,55,36,3036861,M,,,,,,,,,,,,,,,,,,,,,,,,,,,,,,,,,,,,,,,,,,,,,,,,,,,,,,,,,,,,,,,,,,,,,,,,,,,,,,,,,,,,,,,,,,,,,,,,,,,,,,,,,,,,,,,,,,,,,,,,,,,,,,
PACT DEVELOPMENTS DIRECTORY as of 01/01/2025,BROOKLYN,83,366,11/28/2023,28,3013730054,4,1511 STERLING PLACE,11213,8,09,20,55,36,3036569,M,,,,,,,,,,,,,,,,,,,,,,,,,,,,,,,,,,,,,,,,,,,,,,,,,,,,,,,,,,,,,,,,,,,,,,,,,,,,,,,,,,,,,,,,,,,,,,,,,,,,,,,,,,,,,,,,,,,,,,,,,,,,,,
PACT DEVELOPMENTS DIRECTORY as of 01/01/2025,BROOKLYN,83,366,11/28/2023,28,3013810018,5,1640 STERLING PLACE,11233,8,09,20,55,41,3036911,M,,,,,,,,,,,,,,,,,,,,,,,,,,,,,,,,,,,,,,,,,,,,,,,,,,,,,,,,,,,,,,,,,,,,,,,,,,,,,,,,,,,,,,,,,,,,,,,,,,,,,,,,,,,,,,,,,,,,,,,,,,,,,,
PACT DEVELOPMENTS DIRECTORY as of 01/01/2025,BROOKLYN,83,366,11/28/2023,28,3013790008,1,1448 STERLING PLACE,11213,8,09,20,55,36,3036855,M,,,,,,,,,,,,,,,,,,,,,,,,,,,,,,,,,,,,,,,,,,,,,,,,,,,,,,,,,,,,,,,,,,,,,,,,,,,,,,,,,,,,,,,,,,,,,,,,,,,,,,,,,,,,,,,,,,,,,,,,,,,,,,
PACT DEVELOPMENTS DIRECTORY as of 01/01/2025,BROOKLYN,83,366,11/28/2023,28,3013790011,2,1452 STERLING PLACE,11213,8,09,20,55,36,3036856,M,,,,,,,,,,,,,,,,,,,,,,,,,,,,,,,,,,,,,,,,,,,,,,,,,,,,,,,,,,,,,,,,,,,,,,,,,,,,,,,,,,,,,,,,,,,,,,,,,,,,,,,,,,,,,,,,,,,,,,,,,,,,,,
PACT DEVELOPMENTS DIRECTORY as of 01/01/2025,BROOKLYN,83,366,11/28/2023,28,3013800025,3,1568 STERLING PLACE,11213,8,09,20,55,36,3036888,M,,,,,,,,,,,,,,,,,,,,,,,,,,,,,,,,,,,,,,,,,,,,,,,,,,,,,,,,,,,,,,,,,,,,,,,,,,,,,,,,,,,,,,,,,,,,,,,,,,,,,,,,,,,,,,,,,,,,,,,,,,,,,,
PACT DEVELOPMENTS DIRECTORY as of 01/01/2025,BROOKLYN,83,366,11/28/2023,28,3013800028,4,1578 STERLING PLACE,11213,8,09,20,55,36,3036889,M,,,,,,,,,,,,,,,,,,,,,,,,,,,,,,,,,,,,,,,,,,,,,,,,,,,,,,,,,,,,,,,,,,,,,,,,,,,,,,,,,,,,,,,,,,,,,,,,,,,,,,,,,,,,,,,,,,,,,,,,,,,,,,
PACT DEVELOPMENTS DIRECTORY as of 01/01/2025,BROOKLYN,83,366,11/28/2023,28,3013800031,5,1588 STERLING PLACE,11213,8,09,20,55,36,3036890,M,,,,,,,,,,,,,,,,,,,,,,,,,,,,,,,,,,,,,,,,,,,,,,,,,,,,,,,,,,,,,,,,,,,,,,,,,,,,,,,,,,,,,,,,,,,,,,,,,,,,,,,,,,,,,,,,,,,,,,,,,,,,,,
PACT DEVELOPMENTS DIRECTORY as of 01/01/2025,BROOKLYN,83,366,11/28/2023,28,3013800034,6,1598 STERLING PLACE,11213,8,09,20,55,36,3036891,M,,,,,,,,,,,,,,,,,,,,,,,,,,,,,,,,,,,,,,,,,,,,,,,,,,,,,,,,,,,,,,,,,,,,,,,,,,,,,,,,,,,,,,,,,,,,,,,,,,,,,,,,,,,,,,,,,,,,,,,,,,,,,,
PACT DEVELOPMENTS DIRECTORY as of 01/01/2025,BROOKLYN,83,366,11/28/2023,28,3013750002,7,225 BUFFALO AVENUE,11213,8,09,20,55,41,3036630,M,,,,,,,,,,,,,,,,,,,,,,,,,,,,,,,,,,,,,,,,,,,,,,,,,,,,,,,,,,,,,,,,,,,,,,,,,,,,,,,,,,,,,,,,,,,,,,,,,,,,,,,,,,,,,,,,,,,,,,,,,,,,,,
PACT DEVELOPMENTS DIRECTORY as of 01/01/2025,BROOKLYN,83,366,11/28/2023,28,3035100016,,2041 UNION STREET,11212,16,09,25,55,41,3000000,,,,,,,,,,,,,,,,,,,,,,,,,,,,,,,,,,,,,,,,,,,,,,,,,,,,,,,,,,,,,,,,,,,,,,,,,,,,,,,,,,,,,,,,,,,,,,,,,,,,,,,,,,,,,,,,,,,,,,,,,,,,,,,
PACT DEVELOPMENTS DIRECTORY as of 01/01/2025,BROOKLYN,83,366,11/28/2023,28,3035100007,,2063 UNION STREET,11212,16,09,25,55,41,3000000,,,,,,,,,,,,,,,,,,,,,,,,,,,,,,,,,,,,,,,,,,,,,,,,,,,,,,,,,,,,,,,,,,,,,,,,,,,,,,,,,,,,,,,,,,,,,,,,,,,,,,,,,,,,,,,,,,,,,,,,,,,,,,,
PACT DEVELOPMENTS DIRECTORY as of 01/01/2025,BROOKLYN,83,366,11/28/2023,28,3035100006,,2067 UNION STREET,11212,16,09,25,55,41,3000000,,,,,,,,,,,,,,,,,,,,,,,,,,,,,,,,,,,,,,,,,,,,,,,,,,,,,,,,,,,,,,,,,,,,,,,,,,,,,,,,,,,,,,,,,,,,,,,,,,,,,,,,,,,,,,,,,,,,,,,,,,,,,,,
PACT DEVELOPMENTS DIRECTORY as of 01/01/2025,BROOKLYN,83,366,11/28/2023,28,3035100001,1,2069 UNION STREET,11212,16,09,25,55,41,3080820,M,,,,,,,,,,,,,,,,,,,,,,,,,,,,,,,,,,,,,,,,,,,,,,,,,,,,,,,,,,,,,,,,,,,,,,,,,,,,,,,,,,,,,,,,,,,,,,,,,,,,,,,,,,,,,,,,,,,,,,,,,,,,,,
PACT DEVELOPMENTS DIRECTORY as of 01/01/2025,BROOKLYN,83,366,11/28/2023,28,3035100001,1,2079 UNION STREET,11212,16,09,25,55,41,3080820,,,,,,,,,,,,,,,,,,,,,,,,,,,,,,,,,,,,,,,,,,,,,,,,,,,,,,,,,,,,,,,,,,,,,,,,,,,,,,,,,,,,,,,,,,,,,,,,,,,,,,,,,,,,,,,,,,,,,,,,,,,,,,,
PACT DEVELOPMENTS DIRECTORY as of 01/01/2025,BROOKLYN,83,366,11/28/2023,28,3035100011,2,2045 UNION STREET,11212,16,09,25,55,41,3080825,M,,,,,,,,,,,,,,,,,,,,,,,,,,,,,,,,,,,,,,,,,,,,,,,,,,,,,,,,,,,,,,,,,,,,,,,,,,,,,,,,,,,,,,,,,,,,,,,,,,,,,,,,,,,,,,,,,,,,,,,,,,,,,,
PACT DEVELOPMENTS DIRECTORY as of 01/01/2025,BROOKLYN,83,366,11/28/2023,28,3035100011,2,2055 UNION STREET,11212,16,09,25,55,41,3080825,,,,,,,,,,,,,,,,,,,,,,,,,,,,,,,,,,,,,,,,,,,,,,,,,,,,,,,,,,,,,,,,,,,,,,,,,,,,,,,,,,,,,,,,,,,,,,,,,,,,,,,,,,,,,,,,,,,,,,,,,,,,,,,
PACT DEVELOPMENTS DIRECTORY as of 01/01/2025,BROOKLYN,83,366,11/28/2023,28,3035090059,3,2068 UNION STREET,11212,16,09,25,55,41,3080818,,,,,,,,,,,,,,,,,,,,,,,,,,,,,,,,,,,,,,,,,,,,,,,,,,,,,,,,,,,,,,,,,,,,,,,,,,,,,,,,,,,,,,,,,,,,,,,,,,,,,,,,,,,,,,,,,,,,,,,,,,,,,,,
PACT DEVELOPMENTS DIRECTORY as of 01/01/2025,BROOKLYN,83,366,11/28/2023,28,3035090059,3,2058 UNION STREET,11212,16,09,25,55,41,3080818,M,,,,,,,,,,,,,,,,,,,,,,,,,,,,,,,,,,,,,,,,,,,,,,,,,,,,,,,,,,,,,,,,,,,,,,,,,,,,,,,,,,,,,,,,,,,,,,,,,,,,,,,,,,,,,,,,,,,,,,,,,,,,,,
PACT DEVELOPMENTS DIRECTORY as of 01/01/2025,BROOKLYN,83,366,11/28/2023,28,3035490041,,182 TAPSCOTT STREET,11212,16,09,19,55,41,3423994,,,,,,,,,,,,,,,,,,,,,,,,,,,,,,,,,,,,,,,,,,,,,,,,,,,,,,,,,,,,,,,,,,,,,,,,,,,,,,,,,,,,,,,,,,,,,,,,,,,,,,,,,,,,,,,,,,,,,,,,,,,,,,,
PACT DEVELOPMENTS DIRECTORY as of 01/01/2025,BROOKLYN,83,366,11/28/2023,28,3035490043,,188 TAPSCOTT STREET,11212,16,09,19,55,41,,,,,,,,,,,,,,,,,,,,,,,,,,,,,,,,,,,,,,,,,,,,,,,,,,,,,,,,,,,,,,,,,,,,,,,,,,,,,,,,,,,,,,,,,,,,,,,,,,,,,,,,,,,,,,,,,,,,,,,,,,,,,,,,
PACT DEVELOPMENTS DIRECTORY as of 01/01/2025,BROOKLYN,83,366,11/28/2023,28,3035490044,,190 TAPSCOTT STREET,11212,16,09,19,55,41,3081472,,,,,,,,,,,,,,,,,,,,,,,,,,,,,,,,,,,,,,,,,,,,,,,,,,,,,,,,,,,,,,,,,,,,,,,,,,,,,,,,,,,,,,,,,,,,,,,,,,,,,,,,,,,,,,,,,,,,,,,,,,,,,,,
PACT DEVELOPMENTS DIRECTORY as of 01/01/2025,BROOKLYN,83,366,11/28/2023,28,3035490041,,194 TAPSCOTT STREET,11212,16,09,19,55,41,3081472,,,,,,,,,,,,,,,,,,,,,,,,,,,,,,,,,,,,,,,,,,,,,,,,,,,,,,,,,,,,,,,,,,,,,,,,,,,,,,,,,,,,,,,,,,,,,,,,,,,,,,,,,,,,,,,,,,,,,,,,,,,,,,,
PACT DEVELOPMENTS DIRECTORY as of 01/01/2025,BROOKLYN,83,366,11/28/2023,28,3035340001,1,725 HOWARD AVENUE,11212,16,08,25,55,41,3081227,M,,,,,,,,,,,,,,,,,,,,,,,,,,,,,,,,,,,,,,,,,,,,,,,,,,,,,,,,,,,,,,,,,,,,,,,,,,,,,,,,,,,,,,,,,,,,,,,,,,,,,,,,,,,,,,,,,,,,,,,,,,,,,,
PACT DEVELOPMENTS DIRECTORY as of 01/01/2025,BROOKLYN,83,366,11/28/2023,28,3035500034,2,738 HOWARD AVENUE,11212,16,09,19,55,41,3081484,,,,,,,,,,,,,,,,,,,,,,,,,,,,,,,,,,,,,,,,,,,,,,,,,,,,,,,,,,,,,,,,,,,,,,,,,,,,,,,,,,,,,,,,,,,,,,,,,,,,,,,,,,,,,,,,,,,,,,,,,,,,,,,
PACT DEVELOPMENTS DIRECTORY as of 01/01/2025,BROOKLYN,83,366,11/28/2023,28,3035500034,2,728 HOWARD AVENUE,11212,16,09,19,55,41,3081484,M,,,,,,,,,,,,,,,,,,,,,,,,,,,,,,,,,,,,,,,,,,,,,,,,,,,,,,,,,,,,,,,,,,,,,,,,,,,,,,,,,,,,,,,,,,,,,,,,,,,,,,,,,,,,,,,,,,,,,,,,,,,,,,
PACT DEVELOPMENTS DIRECTORY as of 01/01/2025,BROOKLYN,83,366,11/28/2023,28,3035490036,3,170 TAPSCOTT STREET,11212,16,09,19,55,41,3081471,M,,,,,,,,,,,,,,,,,,,,,,,,,,,,,,,,,,,,,,,,,,,,,,,,,,,,,,,,,,,,,,,,,,,,,,,,,,,,,,,,,,,,,,,,,,,,,,,,,,,,,,,,,,,,,,,,,,,,,,,,,,,,,,
PACT DEVELOPMENTS DIRECTORY as of 01/01/2025,BROOKLYN,83,366,11/28/2023,28,3035500016,4,175 TAPSCOTT STREET,11212,16,09,19,55,41,3081483,M,,,,,,,,,,,,,,,,,,,,,,,,,,,,,,,,,,,,,,,,,,,,,,,,,,,,,,,,,,,,,,,,,,,,,,,,,,,,,,,,,,,,,,,,,,,,,,,,,,,,,,,,,,,,,,,,,,,,,,,,,,,,,,
PACT DEVELOPMENTS DIRECTORY as of 01/01/2025,BROOKLYN,83,366,11/28/2023,28,3035500016,4,185 TAPSCOTT STREET,11212,16,09,19,55,41,3081483,,,,,,,,,,,,,,,,,,,,,,,,,,,,,,,,,,,,,,,,,,,,,,,,,,,,,,,,,,,,,,,,,,,,,,,,,,,,,,,,,,,,,,,,,,,,,,,,,,,,,,,,,,,,,,,,,,,,,,,,,,,,,,,
PACT DEVELOPMENTS DIRECTORY as of 01/01/2025,BROOKLYN,83,366,11/28/2023,28,3035490041,5,184 TAPSCOTT STREET,11212,16,09,19,55,41,3423994,M,,,,,,,,,,,,,,,,,,,,,,,,,,,,,,,,,,,,,,,,,,,,,,,,,,,,,,,,,,,,,,,,,,,,,,,,,,,,,,,,,,,,,,,,,,,,,,,,,,,,,,,,,,,,,,,,,,,,,,,,,,,,,,
PACT DEVELOPMENTS DIRECTORY as of 01/01/2025,BROOKLYN,83,366,11/28/2023,28,3035500011,6,187 TAPSCOTT STREET,11212,16,09,19,55,41,3081482,M,,,,,,,,,,,,,,,,,,,,,,,,,,,,,,,,,,,,,,,,,,,,,,,,,,,,,,,,,,,,,,,,,,,,,,,,,,,,,,,,,,,,,,,,,,,,,,,,,,,,,,,,,,,,,,,,,,,,,,,,,,,,,,
PACT DEVELOPMENTS DIRECTORY as of 01/01/2025,BROOKLYN,83,366,11/28/2023,28,3035500011,6,197 TAPSCOTT STREET,11212,16,09,19,55,41,3081482,,,,,,,,,,,,,,,,,,,,,,,,,,,,,,,,,,,,,,,,,,,,,,,,,,,,,,,,,,,,,,,,,,,,,,,,,,,,,,,,,,,,,,,,,,,,,,,,,,,,,,,,,,,,,,,,,,,,,,,,,,,,,,,
PACT DEVELOPMENTS DIRECTORY as of 01/01/2025,BROOKLYN,83,366,11/28/2023,28,3035490039,7,192 TAPSCOTT STREET,11212,16,09,19,55,41,3081472,M,,,,,,,,,,,,,,,,,,,,,,,,,,,,,,,,,,,,,,,,,,,,,,,,,,,,,,,,,,,,,,,,,,,,,,,,,,,,,,,,,,,,,,,,,,,,,,,,,,,,,,,,,,,,,,,,,,,,,,,,,,,,,,
PACT DEVELOPMENTS DIRECTORY as of 01/01/2025,BROOKLYN,83,366,11/28/2023,28,3035500006,8,209 TAPSCOTT STREET,11212,16,09,19,55,41,3081481,,,,,,,,,,,,,,,,,,,,,,,,,,,,,,,,,,,,,,,,,,,,,,,,,,,,,,,,,,,,,,,,,,,,,,,,,,,,,,,,,,,,,,,,,,,,,,,,,,,,,,,,,,,,,,,,,,,,,,,,,,,,,,,
PACT DEVELOPMENTS DIRECTORY as of 01/01/2025,BRONX,312,227,10/31/2018,29,2031430167,,2251 WEBSTER AVENUE,10457,5,15,33,86,15,2000000,,,,,,,,,,,,,,,,,,,,,,,,,,,,,,,,,,,,,,,,,,,,,,,,,,,,,,,,,,,,,,,,,,,,,,,,,,,,,,,,,,,,,,,,,,,,,,,,,,,,,,,,,,,,,,,,,,,,,,,,,,,,,,,
PACT DEVELOPMENTS DIRECTORY as of 01/01/2025,BRONX,312,227,10/31/2018,29,2031430206,,2273 WEBSTER AVENUE,10457,5,15,33,86,15,2000000,,,,,,,,,,,,,,,,,,,,,,,,,,,,,,,,,,,,,,,,,,,,,,,,,,,,,,,,,,,,,,,,,,,,,,,,,,,,,,,,,,,,,,,,,,,,,,,,,,,,,,,,,,,,,,,,,,,,,,,,,,,,,,,
PACT DEVELOPMENTS DIRECTORY as of 01/01/2025,BRONX,312,227,10/31/2018,29,2031430234,,2291 WEBSTER AVENUE,10458,5,15,33,86,15,2000000,,,,,,,,,,,,,,,,,,,,,,,,,,,,,,,,,,,,,,,,,,,,,,,,,,,,,,,,,,,,,,,,,,,,,,,,,,,,,,,,,,,,,,,,,,,,,,,,,,,,,,,,,,,,,,,,,,,,,,,,,,,,,,,
PACT DEVELOPMENTS DIRECTORY as of 01/01/2025,BRONX,312,227,10/31/2018,29,2031430236,,2303 WEBSTER AVENUE,10458,5,15,33,86,15,2000000,,,,,,,,,,,,,,,,,,,,,,,,,,,,,,,,,,,,,,,,,,,,,,,,,,,,,,,,,,,,,,,,,,,,,,,,,,,,,,,,,,,,,,,,,,,,,,,,,,,,,,,,,,,,,,,,,,,,,,,,,,,,,,,
PACT DEVELOPMENTS DIRECTORY as of 01/01/2025,BRONX,312,227,10/31/2018,29,2031430234,,371 EAST 183RD STREET,10458,5,15,33,86,15,2130369,,,,,,,,,,,,,,,,,,,,,,,,,,,,,,,,,,,,,,,,,,,,,,,,,,,,,,,,,,,,,,,,,,,,,,,,,,,,,,,,,,,,,,,,,,,,,,,,,,,,,,,,,,,,,,,,,,,,,,,,,,,,,,,
PACT DEVELOPMENTS DIRECTORY as of 01/01/2025,BRONX,312,227,10/31/2018,29,2031430206,,380 EAST 183RD STREET,10457,5,15,33,86,15,2000000,,,,,,,,,,,,,,,,,,,,,,,,,,,,,,,,,,,,,,,,,,,,,,,,,,,,,,,,,,,,,,,,,,,,,,,,,,,,,,,,,,,,,,,,,,,,,,,,,,,,,,,,,,,,,,,,,,,,,,,,,,,,,,,
PACT DEVELOPMENTS DIRECTORY as of 01/01/2025,BRONX,312,227,10/31/2018,29,2031430167,,386 FORD STREET,10457,5,15,33,86,15,2000000,,,,,,,,,,,,,,,,,,,,,,,,,,,,,,,,,,,,,,,,,,,,,,,,,,,,,,,,,,,,,,,,,,,,,,,,,,,,,,,,,,,,,,,,,,,,,,,,,,,,,,,,,,,,,,,,,,,,,,,,,,,,,,,
PACT DEVELOPMENTS DIRECTORY as of 01/01/2025,BRONX,312,227,10/31/2018,29,2031430240,,390 EAST 184TH STREET,10458,5,15,33,86,15,2000000,,,,,,,,,,,,,,,,,,,,,,,,,,,,,,,,,,,,,,,,,,,,,,,,,,,,,,,,,,,,,,,,,,,,,,,,,,,,,,,,,,,,,,,,,,,,,,,,,,,,,,,,,,,,,,,,,,,,,,,,,,,,,,,
PACT DEVELOPMENTS DIRECTORY as of 01/01/2025,BRONX,312,227,10/31/2018,29,2031430236,,394 EAST 184TH STREET,10458,5,15,33,86,15,2000000,,,,,,,,,,,,,,,,,,,,,,,,,,,,,,,,,,,,,,,,,,,,,,,,,,,,,,,,,,,,,,,,,,,,,,,,,,,,,,,,,,,,,,,,,,,,,,,,,,,,,,,,,,,,,,,,,,,,,,,,,,,,,,,
PACT DEVELOPMENTS DIRECTORY as of 01/01/2025,BRONX,312,227,10/31/2018,29,2031430155,1,"365 FORD STREET, WING D",10457,5,15,33,86,15,2092394,M,,,,,,,,,,,,,,,,,,,,,,,,,,,,,,,,,,,,,,,,,,,,,,,,,,,,,,,,,,,,,,,,,,,,,,,,,,,,,,,,,,,,,,,,,,,,,,,,,,,,,,,,,,,,,,,,,,,,,,,,,,,,,,
PACT DEVELOPMENTS DIRECTORY as of 01/01/2025,BRONX,312,227,10/31/2018,29,2031430155,1,360 FORD STREET,10457,5,15,33,86,15,2092394,,,,,,,,,,,,,,,,,,,,,,,,,,,,,,,,,,,,,,,,,,,,,,,,,,,,,,,,,,,,,,,,,,,,,,,,,,,,,,,,,,,,,,,,,,,,,,,,,,,,,,,,,,,,,,,,,,,,,,,,,,,,,,,
PACT DEVELOPMENTS DIRECTORY as of 01/01/2025,BRONX,312,227,10/31/2018,29,2031430155,1,"365 FORD STREET, WING A",10457,5,15,33,86,15,2092394,M,,,,,,,,,,,,,,,,,,,,,,,,,,,,,,,,,,,,,,,,,,,,,,,,,,,,,,,,,,,,,,,,,,,,,,,,,,,,,,,,,,,,,,,,,,,,,,,,,,,,,,,,,,,,,,,,,,,,,,,,,,,,,,
PACT DEVELOPMENTS DIRECTORY as of 01/01/2025,BRONX,312,227,10/31/2018,29,2031430155,1,"365 FORD STREET, WING B",10457,5,15,33,86,15,2092394,M,,,,,,,,,,,,,,,,,,,,,,,,,,,,,,,,,,,,,,,,,,,,,,,,,,,,,,,,,,,,,,,,,,,,,,,,,,,,,,,,,,,,,,,,,,,,,,,,,,,,,,,,,,,,,,,,,,,,,,,,,,,,,,
PACT DEVELOPMENTS DIRECTORY as of 01/01/2025,BRONX,312,227,10/31/2018,29,2031430155,1,355 FORD STREET,10457,5,15,33,86,15,2092394,,,,,,,,,,,,,,,,,,,,,,,,,,,,,,,,,,,,,,,,,,,,,,,,,,,,,,,,,,,,,,,,,,,,,,,,,,,,,,,,,,,,,,,,,,,,,,,,,,,,,,,,,,,,,,,,,,,,,,,,,,,,,,,
PACT DEVELOPMENTS DIRECTORY as of 01/01/2025,BRONX,312,227,10/31/2018,29,2031430155,1,"365 FORD STREET, WING C",10457,5,15,33,86,15,2092394,M,,,,,,,,,,,,,,,,,,,,,,,,,,,,,,,,,,,,,,,,,,,,,,,,,,,,,,,,,,,,,,,,,,,,,,,,,,,,,,,,,,,,,,,,,,,,,,,,,,,,,,,,,,,,,,,,,,,,,,,,,,,,,,
PACT DEVELOPMENTS DIRECTORY as of 01/01/2025,BRONX,312,227,10/31/2018,29,2031430155,1,353 FORD STREET,10457,5,15,33,86,15,2092394,,,,,,,,,,,,,,,,,,,,,,,,,,,,,,,,,,,,,,,,,,,,,,,,,,,,,,,,,,,,,,,,,,,,,,,,,,,,,,,,,,,,,,,,,,,,,,,,,,,,,,,,,,,,,,,,,,,,,,,,,,,,,,,
PACT DEVELOPMENTS DIRECTORY as of 01/01/2025,BRONX,312,227,10/31/2018,29,2031430155,1,"365 EAST 183RD STREET, WING D",10458,5,15,33,86,15,2092394,M,,,,,,,,,,,,,,,,,,,,,,,,,,,,,,,,,,,,,,,,,,,,,,,,,,,,,,,,,,,,,,,,,,,,,,,,,,,,,,,,,,,,,,,,,,,,,,,,,,,,,,,,,,,,,,,,,,,,,,,,,,,,,,
PACT DEVELOPMENTS DIRECTORY as of 01/01/2025,BRONX,312,227,10/31/2018,29,2031430155,1,365 FORD STREET,10457,5,15,33,86,15,2092394,,,,,,,,,,,,,,,,,,,,,,,,,,,,,,,,,,,,,,,,,,,,,,,,,,,,,,,,,,,,,,,,,,,,,,,,,,,,,,,,,,,,,,,,,,,,,,,,,,,,,,,,,,,,,,,,,,,,,,,,,,,,,,,
PACT DEVELOPMENTS DIRECTORY as of 01/01/2025,BRONX,312,227,10/31/2018,29,2031430155,1,"365 EAST 183RD STREET, WING E",10458,5,15,33,86,15,2092394,M,,,,,,,,,,,,,,,,,,,,,,,,,,,,,,,,,,,,,,,,,,,,,,,,,,,,,,,,,,,,,,,,,,,,,,,,,,,,,,,,,,,,,,,,,,,,,,,,,,,,,,,,,,,,,,,,,,,,,,,,,,,,,,
PACT DEVELOPMENTS DIRECTORY as of 01/01/2025,BRONX,312,227,10/31/2018,29,2031430155,1,355 EAST 183RD STREET,10458,5,15,33,86,15,2092394,,,,,,,,,,,,,,,,,,,,,,,,,,,,,,,,,,,,,,,,,,,,,,,,,,,,,,,,,,,,,,,,,,,,,,,,,,,,,,,,,,,,,,,,,,,,,,,,,,,,,,,,,,,,,,,,,,,,,,,,,,,,,,,
PACT DEVELOPMENTS DIRECTORY as of 01/01/2025,BRONX,312,227,10/31/2018,29,2031430155,1,"365 EAST 183RD STREET, WING F",10458,5,15,33,86,15,2092394,M,,,,,,,,,,,,,,,,,,,,,,,,,,,,,,,,,,,,,,,,,,,,,,,,,,,,,,,,,,,,,,,,,,,,,,,,,,,,,,,,,,,,,,,,,,,,,,,,,,,,,,,,,,,,,,,,,,,,,,,,,,,,,,
PACT DEVELOPMENTS DIRECTORY as of 01/01/2025,BRONX,312,227,10/31/2018,29,2026780001,1,950 UNION AVENUE,10459,3,15,32,79,17,2005015,M,,,,,,,,,,,,,,,,,,,,,,,,,,,,,,,,,,,,,,,,,,,,,,,,,,,,,,,,,,,,,,,,,,,,,,,,,,,,,,,,,,,,,,,,,,,,,,,,,,,,,,,,,,,,,,,,,,,,,,,,,,,,,,
PACT DEVELOPMENTS DIRECTORY as of 01/01/2025,BRONX,312,227,10/31/2018,29,2026800013,1,1135 PROSPECT AVENUE,10459,3,15,32,79,17,2091990,M,,,,,,,,,,,,,,,,,,,,,,,,,,,,,,,,,,,,,,,,,,,,,,,,,,,,,,,,,,,,,,,,,,,,,,,,,,,,,,,,,,,,,,,,,,,,,,,,,,,,,,,,,,,,,,,,,,,,,,,,,,,,,,
PACT DEVELOPMENTS DIRECTORY as of 01/01/2025,BRONX,312,227,10/31/2018,29,2026800013,2,819 EAST 167TH STREET,10459,3,15,32,79,17,2091991,M,,,,,,,,,,,,,,,,,,,,,,,,,,,,,,,,,,,,,,,,,,,,,,,,,,,,,,,,,,,,,,,,,,,,,,,,,,,,,,,,,,,,,,,,,,,,,,,,,,,,,,,,,,,,,,,,,,,,,,,,,,,,,,
PACT DEVELOPMENTS DIRECTORY as of 01/01/2025,BRONX,312,227,10/31/2018,29,2026800013,2,817 EAST 167TH STREET,10459,3,15,32,79,17,2091991,M,,,,,,,,,,,,,,,,,,,,,,,,,,,,,,,,,,,,,,,,,,,,,,,,,,,,,,,,,,,,,,,,,,,,,,,,,,,,,,,,,,,,,,,,,,,,,,,,,,,,,,,,,,,,,,,,,,,,,,,,,,,,,,
PACT DEVELOPMENTS DIRECTORY as of 01/01/2025,BRONX,312,227,10/31/2018,29,2026800013,2,815 EAST 167TH STREET,10459,3,15,32,79,17,2091991,M,,,,,,,,,,,,,,,,,,,,,,,,,,,,,,,,,,,,,,,,,,,,,,,,,,,,,,,,,,,,,,,,,,,,,,,,,,,,,,,,,,,,,,,,,,,,,,,,,,,,,,,,,,,,,,,,,,,,,,,,,,,,,,
PACT DEVELOPMENTS DIRECTORY as of 01/01/2025,BRONX,312,227,10/31/2018,29,2026800013,2,813 EAST 167TH STREET,10459,3,15,32,79,17,2091991,M,,,,,,,,,,,,,,,,,,,,,,,,,,,,,,,,,,,,,,,,,,,,,,,,,,,,,,,,,,,,,,,,,,,,,,,,,,,,,,,,,,,,,,,,,,,,,,,,,,,,,,,,,,,,,,,,,,,,,,,,,,,,,,
PACT DEVELOPMENTS DIRECTORY as of 01/01/2025,BRONX,312,227,10/31/2018,29,2026800013,2,811 EAST 167TH STREET,10459,3,15,32,79,17,2091991,M,,,,,,,,,,,,,,,,,,,,,,,,,,,,,,,,,,,,,,,,,,,,,,,,,,,,,,,,,,,,,,,,,,,,,,,,,,,,,,,,,,,,,,,,,,,,,,,,,,,,,,,,,,,,,,,,,,,,,,,,,,,,,,
PACT DEVELOPMENTS DIRECTORY as of 01/01/2025,BRONX,312,227,10/31/2018,29,2026800001,3,1104 UNION AVENUE,10459,3,15,32,79,17,2091986,M,,,,,,,,,,,,,,,,,,,,,,,,,,,,,,,,,,,,,,,,,,,,,,,,,,,,,,,,,,,,,,,,,,,,,,,,,,,,,,,,,,,,,,,,,,,,,,,,,,,,,,,,,,,,,,,,,,,,,,,,,,,,,,
PACT DEVELOPMENTS DIRECTORY as of 01/01/2025,BRONX,312,227,10/31/2018,29,2026800001,3,1102 UNION AVENUE,10459,3,15,32,79,17,2091986,M,,,,,,,,,,,,,,,,,,,,,,,,,,,,,,,,,,,,,,,,,,,,,,,,,,,,,,,,,,,,,,,,,,,,,,,,,,,,,,,,,,,,,,,,,,,,,,,,,,,,,,,,,,,,,,,,,,,,,,,,,,,,,,
PACT DEVELOPMENTS DIRECTORY as of 01/01/2025,BRONX,312,227,10/31/2018,29,2026800001,3,1100 UNION AVENUE,10459,3,15,32,79,17,2091986,M,,,,,,,,,,,,,,,,,,,,,,,,,,,,,,,,,,,,,,,,,,,,,,,,,,,,,,,,,,,,,,,,,,,,,,,,,,,,,,,,,,,,,,,,,,,,,,,,,,,,,,,,,,,,,,,,,,,,,,,,,,,,,,
PACT DEVELOPMENTS DIRECTORY as of 01/01/2025,BRONX,312,227,10/31/2018,29,2026800001,3,1098 UNION AVENUE,10459,3,15,32,79,17,2091986,M,,,,,,,,,,,,,,,,,,,,,,,,,,,,,,,,,,,,,,,,,,,,,,,,,,,,,,,,,,,,,,,,,,,,,,,,,,,,,,,,,,,,,,,,,,,,,,,,,,,,,,,,,,,,,,,,,,,,,,,,,,,,,,
PACT DEVELOPMENTS DIRECTORY as of 01/01/2025,BRONX,312,227,10/31/2018,29,2026800001,3,1096 UNION AVENUE,10459,3,15,32,79,17,2091986,M,,,,,,,,,,,,,,,,,,,,,,,,,,,,,,,,,,,,,,,,,,,,,,,,,,,,,,,,,,,,,,,,,,,,,,,,,,,,,,,,,,,,,,,,,,,,,,,,,,,,,,,,,,,,,,,,,,,,,,,,,,,,,,
PACT DEVELOPMENTS DIRECTORY as of 01/01/2025,BRONX,312,227,10/31/2018,29,2026800001,4,815 EAST 166TH STREET,10459,3,15,32,79,17,2091985,M,,,,,,,,,,,,,,,,,,,,,,,,,,,,,,,,,,,,,,,,,,,,,,,,,,,,,,,,,,,,,,,,,,,,,,,,,,,,,,,,,,,,,,,,,,,,,,,,,,,,,,,,,,,,,,,,,,,,,,,,,,,,,,
PACT DEVELOPMENTS DIRECTORY as of 01/01/2025,BRONX,312,227,10/31/2018,29,2026800001,4,817 EAST 166TH STREET,10459,3,15,32,79,17,2091985,M,,,,,,,,,,,,,,,,,,,,,,,,,,,,,,,,,,,,,,,,,,,,,,,,,,,,,,,,,,,,,,,,,,,,,,,,,,,,,,,,,,,,,,,,,,,,,,,,,,,,,,,,,,,,,,,,,,,,,,,,,,,,,,
PACT DEVELOPMENTS DIRECTORY as of 01/01/2025,BRONX,312,227,10/31/2018,29,2026800001,4,819 EAST 166TH STREET,10459,3,15,32,79,17,2091985,M,,,,,,,,,,,,,,,,,,,,,,,,,,,,,,,,,,,,,,,,,,,,,,,,,,,,,,,,,,,,,,,,,,,,,,,,,,,,,,,,,,,,,,,,,,,,,,,,,,,,,,,,,,,,,,,,,,,,,,,,,,,,,,
PACT DEVELOPMENTS DIRECTORY as of 01/01/2025,BRONX,312,227,10/31/2018,29,2026800001,5,822 EAST 167TH STREET,10459,3,15,32,79,17,2091983,M,,,,,,,,,,,,,,,,,,,,,,,,,,,,,,,,,,,,,,,,,,,,,,,,,,,,,,,,,,,,,,,,,,,,,,,,,,,,,,,,,,,,,,,,,,,,,,,,,,,,,,,,,,,,,,,,,,,,,,,,,,,,,,
PACT DEVELOPMENTS DIRECTORY as of 01/01/2025,BRONX,312,227,10/31/2018,29,2026800001,5,820 EAST 167TH STREET,10459,3,15,32,79,17,2091983,M,,,,,,,,,,,,,,,,,,,,,,,,,,,,,,,,,,,,,,,,,,,,,,,,,,,,,,,,,,,,,,,,,,,,,,,,,,,,,,,,,,,,,,,,,,,,,,,,,,,,,,,,,,,,,,,,,,,,,,,,,,,,,,
PACT DEVELOPMENTS DIRECTORY as of 01/01/2025,BRONX,312,227,10/31/2018,29,2026800001,5,818 EAST 167TH STREET,10459,3,15,32,79,17,2091983,M,,,,,,,,,,,,,,,,,,,,,,,,,,,,,,,,,,,,,,,,,,,,,,,,,,,,,,,,,,,,,,,,,,,,,,,,,,,,,,,,,,,,,,,,,,,,,,,,,,,,,,,,,,,,,,,,,,,,,,,,,,,,,,
PACT DEVELOPMENTS DIRECTORY as of 01/01/2025,BRONX,312,227,10/31/2018,29,2026800001,6,1111 PROSPECT AVENUE,10459,3,15,32,79,17,2091984,M,,,,,,,,,,,,,,,,,,,,,,,,,,,,,,,,,,,,,,,,,,,,,,,,,,,,,,,,,,,,,,,,,,,,,,,,,,,,,,,,,,,,,,,,,,,,,,,,,,,,,,,,,,,,,,,,,,,,,,,,,,,,,,
PACT DEVELOPMENTS DIRECTORY as of 01/01/2025,MANHATTAN,216,293,11/30/2020,30,,,,,,,,,,,M,,,,,3,,,,,,,,,,,,,,,,,,,,,,,,,,,,,15,,,,,,,,,,,17,,,,,,,,,32,,,,,,,,,,,,,,,,,,,6,,,,,,,,,,,,,,,,,,,,,,,,,,,,,,2026800001,1115 PROSPECT AVENUE,10459,79,2091984,,,,,,,,,,,,,,,,,,,
PACT DEVELOPMENTS DIRECTORY as of 01/01/2025,MANHATTAN,216,293,11/30/2020,30,1021320047,1,2340 AMSTERDAM AVENUE,10033,12,13,31,72,10,1063193,,,,,,,,,,,,,,,,,,,,,,,,,,,,,,,,,,,,,,,,,,,,,,,,,,,,,,,,,,,,,,,,,,,,,,,,,,,,,,,,,,,,,,,,,,,,,,,,,,,,,,,,,,,,,,,,,,,,,,,,,,,,,,,
PACT DEVELOPMENTS DIRECTORY as of 01/01/2025,MANHATTAN,216,293,11/30/2020,30,1021320047,1,501 WEST 176TH STREET,10033,12,13,31,72,10,1063193,M,,,,,,,,,,,,,,,,,,,,,,,,,,,,,,,,,,,,,,,,,,,,,,,,,,,,,,,,,,,,,,,,,,,,,,,,,,,,,,,,,,,,,,,,,,,,,,,,,,,,,,,,,,,,,,,,,,,,,,,,,,,,,,
PACT DEVELOPMENTS DIRECTORY as of 01/01/2025,MANHATTAN,216,293,11/30/2020,30,1021320047,1,2346 AMSTERDAM AVENUE,10033,12,13,31,72,10,1063193,,,,,,,,,,,,,,,,,,,,,,,,,,,,,,,,,,,,,,,,,,,,,,,,,,,,,,,,,,,,,,,,,,,,,,,,,,,,,,,,,,,,,,,,,,,,,,,,,,,,,,,,,,,,,,,,,,,,,,,,,,,,,,,
PACT DEVELOPMENTS DIRECTORY as of 01/01/2025,MANHATTAN,216,293,11/30/2020,30,1021320047,1,500 WEST 177TH STREET,10033,12,13,31,72,10,1063193,M,,,,,,,,,,,,,,,,,,,,,,,,,,,,,,,,,,,,,,,,,,,,,,,,,,,,,,,,,,,,,,,,,,,,,,,,,,,,,,,,,,,,,,,,,,,,,,,,,,,,,,,,,,,,,,,,,,,,,,,,,,,,,,
PACT DEVELOPMENTS DIRECTORY as of 01/01/2025,MANHATTAN,216,293,11/30/2020,30,1021320110,2,503 WEST 177TH STREET,10033,12,13,31,72,10,1063213,M,,,,,,,,,,,,,,,,,,,,,,,,,,,,,,,,,,,,,,,,,,,,,,,,,,,,,,,,,,,,,,,,,,,,,,,,,,,,,,,,,,,,,,,,,,,,,,,,,,,,,,,,,,,,,,,,,,,,,,,,,,,,,,
PACT DEVELOPMENTS DIRECTORY as of 01/01/2025,MANHATTAN,216,293,11/30/2020,30,1021320114,3,511 WEST 177TH STREET,10033,12,13,31,72,10,1063215,M,,,,,,,,,,,,,,,,,,,,,,,,,,,,,,,,,,,,,,,,,,,,,,,,,,,,,,,,,,,,,,,,,,,,,,,,,,,,,,,,,,,,,,,,,,,,,,,,,,,,,,,,,,,,,,,,,,,,,,,,,,,,,,
PACT DEVELOPMENTS DIRECTORY as of 01/01/2025,MANHATTAN,216,293,11/30/2020,30,1021320100,4,514 WEST 177TH STREET,10033,12,13,31,72,10,1063209,,,,,,,,,,,,,,,,,,,,,,,,,,,,,,,,,,,,,,,,,,,,,,,,,,,,,,,,,,,,,,,,,,,,,,,,,,,,,,,,,,,,,,,,,,,,,,,,,,,,,,,,,,,,,,,,,,,,,,,,,,,,,,,
PACT DEVELOPMENTS DIRECTORY as of 01/01/2025,MANHATTAN,216,293,11/30/2020,30,1021320100,4,506 WEST 177TH STREET,10033,12,13,31,72,10,1063209,M,,,,,,,,,,,,,,,,,,,,,,,,,,,,,,,,,,,,,,,,,,,,,,,,,,,,,,,,,,,,,,,,,,,,,,,,,,,,,,,,,,,,,,,,,,,,,,,,,,,,,,,,,,,,,,,,,,,,,,,,,,,,,,
PACT DEVELOPMENTS DIRECTORY as of 01/01/2025,MANHATTAN,216,293,11/30/2020,30,1021320094,5,509 WEST 176TH STREET,10033,12,13,31,72,10,1063207,M,,,,,,,,,,,,,,,,,,,,,,,,,,,,,,,,,,,,,,,,,,,,,,,,,,,,,,,,,,,,,,,,,,,,,,,,,,,,,,,,,,,,,,,,,,,,,,,,,,,,,,,,,,,,,,,,,,,,,,,,,,,,,,
PACT DEVELOPMENTS DIRECTORY as of 01/01/2025,MANHATTAN,216,293,11/30/2020,30,1021100071,2,450 WEST 164TH STREET,10032,12,13,31,72,10,1062623,M,,,,,,,,,,,,,,,,,,,,,,,,,,,,,,,,,,,,,,,,,,,,,,,,,,,,,,,,,,,,,,,,,,,,,,,,,,,,,,,,,,,,,,,,,,,,,,,,,,,,,,,,,,,,,,,,,,,,,,,,,,,,,,
PACT DEVELOPMENTS DIRECTORY as of 01/01/2025,MANHATTAN,216,293,11/30/2020,30,1021110038,3,457 WEST 164TH STREET,10032,12,13,31,72,10,1062639,M,,,,,,,,,,,,,,,,,,,,,,,,,,,,,,,,,,,,,,,,,,,,,,,,,,,,,,,,,,,,,,,,,,,,,,,,,,,,,,,,,,,,,,,,,,,,,,,,,,,,,,,,,,,,,,,,,,,,,,,,,,,,,,
PACT DEVELOPMENTS DIRECTORY as of 01/01/2025,MANHATTAN,216,293,11/30/2020,30,1021110040,4,461 WEST 164TH STREET,10032,12,13,31,72,10,1062640,M,,,,,,,,,,,,,,,,,,,,,,,,,,,,,,,,,,,,,,,,,,,,,,,,,,,,,,,,,,,,,,,,,,,,,,,,,,,,,,,,,,,,,,,,,,,,,,,,,,,,,,,,,,,,,,,,,,,,,,,,,,,,,,
PACT DEVELOPMENTS DIRECTORY as of 01/01/2025,MANHATTAN,216,293,11/30/2020,30,1021110041,5,463 WEST 164TH STREET,10032,12,13,31,72,10,1062641,M,,,,,,,,,,,,,,,,,,,,,,,,,,,,,,,,,,,,,,,,,,,,,,,,,,,,,,,,,,,,,,,,,,,,,,,,,,,,,,,,,,,,,,,,,,,,,,,,,,,,,,,,,,,,,,,,,,,,,,,,,,,,,,
PACT DEVELOPMENTS DIRECTORY as of 01/01/2025,MANHATTAN,216,293,11/30/2020,30,1021110042,6,465 WEST 164TH STREET,10032,12,13,31,72,10,1062642,M,,,,,,,,,,,,,,,,,,,,,,,,,,,,,,,,,,,,,,,,,,,,,,,,,,,,,,,,,,,,,,,,,,,,,,,,,,,,,,,,,,,,,,,,,,,,,,,,,,,,,,,,,,,,,,,,,,,,,,,,,,,,,,
PACT DEVELOPMENTS DIRECTORY as of 01/01/2025,MANHATTAN,216,293,11/30/2020,30,1021210051,7,500 WEST 164TH STREET,10032,12,13,31,72,10,1062903,M,,,,,,,,,,,,,,,,,,,,,,,,,,,,,,,,,,,,,,,,,,,,,,,,,,,,,,,,,,,,,,,,,,,,,,,,,,,,,,,,,,,,,,,,,,,,,,,,,,,,,,,,,,,,,,,,,,,,,,,,,,,,,,
PACT DEVELOPMENTS DIRECTORY as of 01/01/2025,MANHATTAN,216,293,11/30/2020,30,1021110005,8,2109 AMSTERDAM AVENUE,10032,12,13,31,72,10,1062630,M,,,,,,,,,,,,,,,,,,,,,,,,,,,,,,,,,,,,,,,,,,,,,,,,,,,,,,,,,,,,,,,,,,,,,,,,,,,,,,,,,,,,,,,,,,,,,,,,,,,,,,,,,,,,,,,,,,,,,,,,,,,,,,
PACT DEVELOPMENTS DIRECTORY as of 01/01/2025,MANHATTAN,216,293,11/30/2020,30,1021110006,8,2111 AMSTERDAM AVENUE,10032,12,13,31,72,10,1062631,,,,,,,,,,,,,,,,,,,,,,,,,,,,,,,,,,,,,,,,,,,,,,,,,,,,,,,,,,,,,,,,,,,,,,,,,,,,,,,,,,,,,,,,,,,,,,,,,,,,,,,,,,,,,,,,,,,,,,,,,,,,,,,
PACT DEVELOPMENTS DIRECTORY as of 01/01/2025,MANHATTAN,216,293,11/30/2020,30,1021150060,1,545 WEST 156TH STREET,10032,12,13,31,71,10,1062726,M,,,,,,,,,,,,,,,,,,,,,,,,,,,,,,,,,,,,,,,,,,,,,,,,,,,,,,,,,,,,,,,,,,,,,,,,,,,,,,,,,,,,,,,,,,,,,,,,,,,,,,,,,,,,,,,,,,,,,,,,,,,,,,
PACT DEVELOPMENTS DIRECTORY as of 01/01/2025,MANHATTAN,216,293,11/30/2020,30,1021320106,1,502 WEST 177TH STREET,10033,12,13,31,72,10,1063212,M,,,,,,,,,,,,,,,,,,,,,,,,,,,,,,,,,,,,,,,,,,,,,,,,,,,,,,,,,,,,,,,,,,,,,,,,,,,,,,,,,,,,,,,,,,,,,,,,,,,,,,,,,,,,,,,,,,,,,,,,,,,,,,
PACT DEVELOPMENTS DIRECTORY as of 01/01/2025,MANHATTAN,216,293,11/30/2020,30,1021320084,2,506 WEST 176TH STREET,10033,12,13,31,72,10,1063203,M,,,,,,,,,,,,,,,,,,,,,,,,,,,,,,,,,,,,,,,,,,,,,,,,,,,,,,,,,,,,,,,,,,,,,,,,,,,,,,,,,,,,,,,,,,,,,,,,,,,,,,,,,,,,,,,,,,,,,,,,,,,,,,
PACT DEVELOPMENTS DIRECTORY as of 01/01/2025,MANHATTAN,216,293,11/30/2020,30,1021320082,3,510 WEST 176TH STREET,10033,12,13,31,72,10,1063202,M,,,,,,,,,,,,,,,,,,,,,,,,,,,,,,,,,,,,,,,,,,,,,,,,,,,,,,,,,,,,,,,,,,,,,,,,,,,,,,,,,,,,,,,,,,,,,,,,,,,,,,,,,,,,,,,,,,,,,,,,,,,,,,
PACT DEVELOPMENTS DIRECTORY as of 01/01/2025,MANHATTAN,216,293,11/30/2020,30,1021320080,4,514 WEST 176TH STREET,10033,12,13,31,72,10,1063201,M,,,,,,,,,,,,,,,,,,,,,,,,,,,,,,,,,,,,,,,,,,,,,,,,,,,,,,,,,,,,,,,,,,,,,,,,,,,,,,,,,,,,,,,,,,,,,,,,,,,,,,,,,,,,,,,,,,,,,,,,,,,,,,
PACT DEVELOPMENTS DIRECTORY as of 01/01/2025,MANHATTAN,216,293,11/30/2020,30,3013410001,1,1625 DEAN STREET,11213,8,09,20,56,36,3324581,M,,,,,,,,,,,,,,,,,,,,,,,,,,,,,,,,,,,,,,,,,,,,,,,,,,,,,,,,,,,,,,,,,,,,,,,,,,,,,,,,,,,,,,,,,,,,,,,,,,,,,,,,,,,,,,,,,,,,,,,,,,,,,,
PACT DEVELOPMENTS DIRECTORY as of 01/01/2025,MANHATTAN,216,293,11/30/2020,30,3013410001,1,1615 DEAN STREET,11213,8,09,20,56,36,3324581,M,,,,,,,,,,,,,,,,,,,,,,,,,,,,,,,,,,,,,,,,,,,,,,,,,,,,,,,,,,,,,,,,,,,,,,,,,,,,,,,,,,,,,,,,,,,,,,,,,,,,,,,,,,,,,,,,,,,,,,,,,,,,,,
PACT DEVELOPMENTS DIRECTORY as of 01/01/2025,STATEN,490,116,6/26/2024,31,,,,,,,,,,,M,,,,,,,,,36,,,,56,,,,,1,,,,,,,8,,,,,,,,,,,,,,,,,,,,,,,,,,,,,,,,,,,,,,,,,,,,,,,,,,,,09,,,,,,,,,,,,,,,,,,,,,,,,,,,,,,,3013410001,1595 DEAN STREET,11213,20,3324581,,,,,,,,,,,,,,
PACT DEVELOPMENTS DIRECTORY as of 01/01/2025,STATEN,490,116,6/26/2024,31,,,,,,,,,,,M,,,,,,,,,36,,,,56,,,,,1,,,,,,,8,,,,,,,,,,,,,,,,,,,,,,,,,,,,,,,,,,,,,,,,,,,,,,,,,,,,09,,,,,,,,,,,,,,,,,,,,,,,,,,,,,,,3013410001,1585 DEAN STREET,11213,20,3324581,,,,,,,,,,,,,,
PACT DEVELOPMENTS DIRECTORY as of 01/01/2025,STATEN,490,116,6/26/2024,31,,,,,,,,,,,M,,,,,,,,,36,,,,56,,,,,1,,,,,,,8,,,,,,,,,,,,,,,,,,,,,,,,,,,,,,,,,,,,,,,,,,,,,,,,,,,,09,,,,,,,,,,,,,,,,,,,,,,,,,,,,,,,3013410001,1575 DEAN STREET,11213,20,3324581,,,,,,,,,,,,,,
PACT DEVELOPMENTS DIRECTORY as of 01/01/2025,STATEN,490,116,6/26/2024,31,,,,,,,,,,,M,,,,,,,,,36,,,,56,,,,,1,,,,,,,8,,,,,,,,,,,,,,,,,,,,,,,,,,,,,,,,,,,,,,,,,,,,,,,,,,,,09,,,,,,,,,,,,,,,,,,,,,,,,,,,,,,,3013410001,87 TROY AVENUE,11213,20,3324581,,,,,,,,,,,,,,
PACT DEVELOPMENTS DIRECTORY as of 01/01/2025,STATEN,490,116,6/26/2024,31,,,,,,,,,,,M,,,,,,,,,36,,,,56,,,,,2,,,,,,,8,,,,,,,,,,,,,,,,,,,,,,,,,,,,,,,,,,,,,,,,,,,,,,,,,,,,09,,,,,,,,,,,,,,,,,,,,,,,,,,,,,,,3013410012,1620 PACIFIC STREET,11213,20,3035671,,,,,,,,,,,,,,
PACT DEVELOPMENTS DIRECTORY as of 01/01/2025,STATEN,490,116,6/26/2024,31,,,,,,,,,,,M,,,,,,,,,36,,,,56,,,,,2,,,,,,,8,,,,,,,,,,,,,,,,,,,,,,,,,,,,,,,,,,,,,,,,,,,,,,,,,,,,09,,,,,,,,,,,,,,,,,,,,,,,,,,,,,,,3013410012,1630 PACIFIC STREET,11213,20,3341632,,,,,,,,,,,,,,
PACT DEVELOPMENTS DIRECTORY as of 01/01/2025,STATEN,490,116,6/26/2024,31,,,,,,,,,,,M,,,,,,,,,36,,,,56,,,,,2,,,,,,,8,,,,,,,,,,,,,,,,,,,,,,,,,,,,,,,,,,,,,,,,,,,,,,,,,,,,09,,,,,,,,,,,,,,,,,,,,,,,,,,,,,,,3013410012,1642 PACIFIC STREET,11213,20,3341633,,,,,,,,,,,,,,
PACT DEVELOPMENTS DIRECTORY as of 01/01/2025,STATEN,490,116,6/26/2024,31,,,,,,,,,,,,,,,,,,,,36,,,,56,,,,,2,,,,,,,8,,,,,,,,,,,,,,,,,,,,,,,,,,,,,,,,,,,,,,,,,,,,,,,,,,,,09,,,,,,,,,,,,,,,,,,,,,,,,,,,,,,,3013410012,1640 PACIFIC STREET,11213,20,3341633,,,,,,,,,,,,,,
PACT DEVELOPMENTS DIRECTORY as of 01/01/2025,STATEN,490,116,6/26/2024,31,,,,,,,,,,,M,,,,,,,,,36,,,,56,,,,,2,,,,,,,8,,,,,,,,,,,,,,,,,,,,,,,,,,,,,,,,,,,,,,,,,,,,,,,,,,,,09,,,,,,,,,,,,,,,,,,,,,,,,,,,,,,,3013410012,1650 PACIFIC STREET,11213,20,3341634,,,,,,,,,,,,,,
PACT DEVELOPMENTS DIRECTORY as of 01/01/2025,STATEN,490,116,6/26/2024,31,,,,,,,,,,,M,,,,,,,,,36,,,,56,,,,,2,,,,,,,8,,,,,,,,,,,,,,,,,,,,,,,,,,,,,,,,,,,,,,,,,,,,,,,,,,,,09,,,,,,,,,,,,,,,,,,,,,,,,,,,,,,,3013410012,1660 PACIFIC STREET,11213,20,3341635,,,,,,,,,,,,,,
PACT DEVELOPMENTS DIRECTORY as of 01/01/2025,STATEN,490,116,6/26/2024,31,,,,,,,,,,,,,,,,,,,,36,,,,56,,,,,2,,,,,,,8,,,,,,,,,,,,,,,,,,,,,,,,,,,,,,,,,,,,,,,,,,,,,,,,,,,,09,,,,,,,,,,,,,,,,,,,,,,,,,,,,,,,3013410012,1672 PACIFIC STREET,11213,20,3035671,,,,,,,,,,,,,,
PACT DEVELOPMENTS DIRECTORY as of 01/01/2025,STATEN,490,116,6/26/2024,31,,,,,,,,,,,M,,,,,,,,,36,,,,56,,,,,2,,,,,,,8,,,,,,,,,,,,,,,,,,,,,,,,,,,,,,,,,,,,,,,,,,,,,,,,,,,,09,,,,,,,,,,,,,,,,,,,,,,,,,,,,,,,3013410012,1670 PACIFIC STREET,11213,20,3341636,,,,,,,,,,,,,,
PACT DEVELOPMENTS DIRECTORY as of 01/01/2025,STATEN,490,116,6/26/2024,31,,,,,,,,,,,M,,,,,,,,,36,,,,56,,,,,2,,,,,,,8,,,,,,,,,,,,,,,,,,,,,,,,,,,,,,,,,,,,,,,,,,,,,,,,,,,,09,,,,,,,,,,,,,,,,,,,,,,,,,,,,,,,3013410012,80 SCHENECTADY AVENUE,11213,20,3341637,,,,,,,,,,,,,,
PACT DEVELOPMENTS DIRECTORY as of 01/01/2025,STATEN,490,116,6/26/2024,31,5001960001,1,820 HENDERSON AVENUE,10310,1,11,23,61,49,5095813,M,,,,,,,,,,,,,,,,,,,,,,,,,,,,,,,,,,,,,,,,,,,,,,,,,,,,,,,,,,,,,,,,,,,,,,,,,,,,,,,,,,,,,,,,,,,,,,,,,,,,,,,,,,,,,,,,,,,,,,,,,,,,,,
PACT DEVELOPMENTS DIRECTORY as of 01/01/2025,STATEN,490,116,6/26/2024,31,5001960001,17,778GAR HENDERSON AVENUE,10310,1,11,23,61,49,5146063,,,,,,,,,,,,,,,,,,,,,,,,,,,,,,,,,,,,,,,,,,,,,,,,,,,,,,,,,,,,,,,,,,,,,,,,,,,,,,,,,,,,,,,,,,,,,,,,,,,,,,,,,,,,,,,,,,,,,,,,,,,,,,,
PACT DEVELOPMENTS DIRECTORY as of 01/01/2025,STATEN,490,116,6/26/2024,31,5001960001,2,806 HENDERSON AVENUE,10310,1,11,23,61,49,5095814,M,,,,,,,,,,,,,,,,,,,,,,,,,,,,,,,,,,,,,,,,,,,,,,,,,,,,,,,,,,,,,,,,,,,,,,,,,,,,,,,,,,,,,,,,,,,,,,,,,,,,,,,,,,,,,,,,,,,,,,,,,,,,,,
PACT DEVELOPMENTS DIRECTORY as of 01/01/2025,STATEN,490,116,6/26/2024,31,5001960001,3,780 HENDERSON AVENUE,10310,1,11,23,61,49,5095815,M,,,,,,,,,,,,,,,,,,,,,,,,,,,,,,,,,,,,,,,,,,,,,,,,,,,,,,,,,,,,,,,,,,,,,,,,,,,,,,,,,,,,,,,,,,,,,,,,,,,,,,,,,,,,,,,,,,,,,,,,,,,,,,
PACT DEVELOPMENTS DIRECTORY as of 01/01/2025,STATEN,490,116,6/26/2024,31,5001960001,4,210 BROADWAY,10310,1,11,23,61,49,5095816,,,,,,,,,,,,,,,,,,,,,,,,,,,,,,,,,,,,,,,,,,,,,,,,,,,,,,,,,,,,,,,,,,,,,,,,,,,,,,,,,,,,,,,,,,,,,,,,,,,,,,,,,,,,,,,,,,,,,,,,,,,,,,,
PACT DEVELOPMENTS DIRECTORY as of 01/01/2025,STATEN,490,116,6/26/2024,31,5001960001,4,778 HENDERSON AVENUE,10310,1,11,23,61,49,5095816,M,,,,,,,,,,,,,,,,,,,,,,,,,,,,,,,,,,,,,,,,,,,,,,,,,,,,,,,,,,,,,,,,,,,,,,,,,,,,,,,,,,,,,,,,,,,,,,,,,,,,,,,,,,,,,,,,,,,,,,,,,,,,,,
PACT DEVELOPMENTS DIRECTORY as of 01/01/2025,STATEN,490,116,6/26/2024,31,5001960001,4,770 HENDERSON AVENUE,10310,1,11,23,61,49,5095816,,,,,,,,,,,,,,,,,,,,,,,,,,,,,,,,,,,,,,,,,,,,,,,,,,,,,,,,,,,,,,,,,,,,,,,,,,,,,,,,,,,,,,,,,,,,,,,,,,,,,,,,,,,,,,,,,,,,,,,,,,,,,,,
PACT DEVELOPMENTS DIRECTORY as of 01/01/2025,STATEN,490,116,6/26/2024,31,5001960001,5,814 HENDERSON AVENUE,10310,1,11,23,61,49,5095817,,,,,,,,,,,,,,,,,,,,,,,,,,,,,,,,,,,,,,,,,,,,,,,,,,,,,,,,,,,,,,,,,,,,,,,,,,,,,,,,,,,,,,,,,,,,,,,,,,,,,,,,,,,,,,,,,,,,,,,,,,,,,,,
PACT DEVELOPMENTS DIRECTORY as of 01/01/2025,STATEN,490,116,6/26/2024,31,5001960001,5,810 HENDERSON AVENUE,10310,1,11,23,61,49,5095817,M,,,,,,,,,,,,,,,,,,,,,,,,,,,,,,,,,,,,,,,,,,,,,,,,,,,,,,,,,,,,,,,,,,,,,,,,,,,,,,,,,,,,,,,,,,,,,,,,,,,,,,,,,,,,,,,,,,,,,,,,,,,,,,
PACT DEVELOPMENTS DIRECTORY as of 01/01/2025,STATEN,490,116,6/26/2024,31,5001960001,6,240 BROADWAY,10310,1,11,23,61,49,5095818,M,,,,,,,,,,,,,,,,,,,,,,,,,,,,,,,,,,,,,,,,,,,,,,,,,,,,,,,,,,,,,,,,,,,,,,,,,,,,,,,,,,,,,,,,,,,,,,,,,,,,,,,,,,,,,,,,,,,,,,,,,,,,,,
PACT DEVELOPMENTS DIRECTORY as of 01/01/2025,STATEN,490,116,6/26/2024,31,5001960001,6,230 BROADWAY,10310,1,11,23,61,49,5095818,,,,,,,,,,,,,,,,,,,,,,,,,,,,,,,,,,,,,,,,,,,,,,,,,,,,,,,,,,,,,,,,,,,,,,,,,,,,,,,,,,,,,,,,,,,,,,,,,,,,,,,,,,,,,,,,,,,,,,,,,,,,,,,
PACT DEVELOPMENTS DIRECTORY as of 01/01/2025,STATEN,490,116,6/26/2024,31,5001960001,7,1077 CASTLETON AVENUE,10310,1,11,23,61,49,5095819,M,,,,,,,,,,,,,,,,,,,,,,,,,,,,,,,,,,,,,,,,,,,,,,,,,,,,,,,,,,,,,,,,,,,,,,,,,,,,,,,,,,,,,,,,,,,,,,,,,,,,,,,,,,,,,,,,,,,,,,,,,,,,,,
PACT DEVELOPMENTS DIRECTORY as of 01/01/2025,STATEN,490,116,6/26/2024,31,5001960001,8,1075 CASTLETON AVENUE,10310,1,11,23,61,49,5095820,M,,,,,,,,,,,,,,,,,,,,,,,,,,,,,,,,,,,,,,,,,,,,,,,,,,,,,,,,,,,,,,,,,,,,,,,,,,,,,,,,,,,,,,,,,,,,,,,,,,,,,,,,,,,,,,,,,,,,,,,,,,,,,,
PACT DEVELOPMENTS DIRECTORY as of 01/01/2025,STATEN,490,116,6/26/2024,31,5001960001,10,157 ALASKA STREET,10310,1,11,23,61,49,5095822,M,,,,,,,,,,,,,,,,,,,,,,,,,,,,,,,,,,,,,,,,,,,,,,,,,,,,,,,,,,,,,,,,,,,,,,,,,,,,,,,,,,,,,,,,,,,,,,,,,,,,,,,,,,,,,,,,,,,,,,,,,,,,,,
PACT DEVELOPMENTS DIRECTORY as of 01/01/2025,STATEN,490,116,6/26/2024,31,5001960001,11,155 ALASKA STREET,10310,1,11,23,61,49,5136037,M,,,,,,,,,,,,,,,,,,,,,,,,,,,,,,,,,,,,,,,,,,,,,,,,,,,,,,,,,,,,,,,,,,,,,,,,,,,,,,,,,,,,,,,,,,,,,,,,,,,,,,,,,,,,,,,,,,,,,,,,,,,,,,
PACT DEVELOPMENTS DIRECTORY as of 01/01/2025,STATEN,490,116,6/26/2024,31,5001960001,12,1115 CASTLETON AVENUE,10310,1,11,23,61,49,5095824,M,,,,,,,,,,,,,,,,,,,,,,,,,,,,,,,,,,,,,,,,,,,,,,,,,,,,,,,,,,,,,,,,,,,,,,,,,,,,,,,,,,,,,,,,,,,,,,,,,,,,,,,,,,,,,,,,,,,,,,,,,,,,,,
PACT DEVELOPMENTS DIRECTORY as of 01/01/2025,STATEN,490,116,6/26/2024,31,5001960001,13,1083 CASTLETON AVENUE,10310,1,11,23,61,49,5095825,,,,,,,,,,,,,,,,,,,,,,,,,,,,,,,,,,,,,,,,,,,,,,,,,,,,,,,,,,,,,,,,,,,,,,,,,,,,,,,,,,,,,,,,,,,,,,,,,,,,,,,,,,,,,,,,,,,,,,,,,,,,,,,
PACT DEVELOPMENTS DIRECTORY as of 01/01/2025,STATEN,490,116,6/26/2024,31,5001960001,13,1085 CASTLETON AVENUE,10310,1,11,23,61,49,5095825,M,,,,,,,,,,,,,,,,,,,,,,,,,,,,,,,,,,,,,,,,,,,,,,,,,,,,,,,,,,,,,,,,,,,,,,,,,,,,,,,,,,,,,,,,,,,,,,,,,,,,,,,,,,,,,,,,,,,,,,,,,,,,,,
PACT DEVELOPMENTS DIRECTORY as of 01/01/2025,STATEN,490,116,6/26/2024,31,5001960001,14,1065 CASTLETON AVENUE,10310,1,11,23,61,49,5095826,M,,,,,,,,,,,,,,,,,,,,,,,,,,,,,,,,,,,,,,,,,,,,,,,,,,,,,,,,,,,,,,,,,,,,,,,,,,,,,,,,,,,,,,,,,,,,,,,,,,,,,,,,,,,,,,,,,,,,,,,,,,,,,,
PACT DEVELOPMENTS DIRECTORY as of 01/01/2025,STATEN,490,116,6/26/2024,31,5001960001,15,260 BROADWAY,10310,1,11,23,61,49,5095827,M,,,,,,,,,,,,,,,,,,,,,,,,,,,,,,,,,,,,,,,,,,,,,,,,,,,,,,,,,,,,,,,,,,,,,,,,,,,,,,,,,,,,,,,,,,,,,,,,,,,,,,,,,,,,,,,,,,,,,,,,,,,,,,
PACT DEVELOPMENTS DIRECTORY as of 01/01/2025,STATEN,490,116,6/26/2024,31,5001960001,16,244 BROADWAY,10310,1,11,23,61,49,5095828,M,,,,,,,,,,,,,,,,,,,,,,,,,,,,,,,,,,,,,,,,,,,,,,,,,,,,,,,,,,,,,,,,,,,,,,,,,,,,,,,,,,,,,,,,,,,,,,,,,,,,,,,,,,,,,,,,,,,,,,,,,,,,,,
PACT DEVELOPMENTS DIRECTORY as of 01/01/2025,STATEN,490,116,6/26/2024,31,5001960001,9,159 ALASKA STREET,10310,1,11,23,61,49,5095821,M,,,,,,,,,,,,,,,,,,,,,,,,,,,,,,,,,,,,,,,,,,,,,,,,,,,,,,,,,,,,,,,,,,,,,,,,,,,,,,,,,,,,,,,,,,,,,,,,,,,,,,,,,,,,,,,,,,,,,,,,,,,,,,
PACT DEVELOPMENTS DIRECTORY as of 01/01/2025,STATEN,490,116,6/26/2024,31,3021400026,1,323 ROEBLING STREET,11211,1,07,18,50,34,3341975,,,,,,,,,,,,,,,,,,,,,,,,,,,,,,,,,,,,,,,,,,,,,,,,,,,,,,,,,,,,,,,,,,,,,,,,,,,,,,,,,,,,,,,,,,,,,,,,,,,,,,,,,,,,,,,,,,,,,,,,,,,,,,,
PACT DEVELOPMENTS DIRECTORY as of 01/01/2025,STATEN,490,116,6/26/2024,31,3021400026,1,321 ROEBLING STREET,11211,1,07,18,50,34,3341975,,,,,,,,,,,,,,,,,,,,,,,,,,,,,,,,,,,,,,,,,,,,,,,,,,,,,,,,,,,,,,,,,,,,,,,,,,,,,,,,,,,,,,,,,,,,,,,,,,,,,,,,,,,,,,,,,,,,,,,,,,,,,,,
PACT DEVELOPMENTS DIRECTORY as of 01/01/2025,STATEN,490,116,6/26/2024,31,3021400026,1,325 ROEBLING STREET,11211,1,07,18,50,34,3341975,M,,,,,,,,,,,,,,,,,,,,,,,,,,,,,,,,,,,,,,,,,,,,,,,,,,,,,,,,,,,,,,,,,,,,,,,,,,,,,,,,,,,,,,,,,,,,,,,,,,,,,,,,,,,,,,,,,,,,,,,,,,,,,,
PACT DEVELOPMENTS DIRECTORY as of 01/01/2025,STATEN,490,116,6/26/2024,31,3021400026,1,333 ROEBLING STREET,11211,1,07,18,50,34,3341975,,,,,,,,,,,,,,,,,,,,,,,,,,,,,,,,,,,,,,,,,,,,,,,,,,,,,,,,,,,,,,,,,,,,,,,,,,,,,,,,,,,,,,,,,,,,,,,,,,,,,,,,,,,,,,,,,,,,,,,,,,,,,,,
PACT DEVELOPMENTS DIRECTORY as of 01/01/2025,STATEN,490,116,6/26/2024,31,3021400026,1,327 ROEBLING STREET,11211,1,07,18,50,34,3341975,,,,,,,,,,,,,,,,,,,,,,,,,,,,,,,,,,,,,,,,,,,,,,,,,,,,,,,,,,,,,,,,,,,,,,,,,,,,,,,,,,,,,,,,,,,,,,,,,,,,,,,,,,,,,,,,,,,,,,,,,,,,,,,
PACT DEVELOPMENTS DIRECTORY as of 01/01/2025,BROOKLYN,1,002,12/28/2021,32,,,,,,,,,,,,,,,,,,,,,,,,,,,,,1,07,18,50,34,,,,,,,,,,,,,,,,,,,,,,,,,,,,,,,,,,,,,,,,,,,,,,,,,,,,,,,,,,3,,,,,,,,,,,,,,,,,,,,,,,,,,,,,,,,,3021410019,253 HAVEMEYER STREET,11211,3341976,,,,,,,,,,
PACT DEVELOPMENTS DIRECTORY as of 01/01/2025,BROOKLYN,1,002,12/28/2021,32,,,,,,,,,,,M,,,,,,,,,,,,,,,,,,1,07,18,50,34,,,,,,,,,,,,,,,,,,,,,,,,,,,,,,,,,,,,,,,,,,,,,,,,,,,,,,,,,,3,,,,,,,,,,,,,,,,,,,,,,,,,,,,,,,,,3021410019,255 HAVEMEYER STREET,11211,3341976,,,,,,,,,,
PACT DEVELOPMENTS DIRECTORY as of 01/01/2025,BROOKLYN,1,002,12/28/2021,32,,,,,,,,,,,,,,,,,,,,,,,,,,,,,1,07,18,50,34,,,,,,,,,,,,,,,,,,,,,,,,,,,,,,,,,,,,,,,,,,,,,,,,,,,,,,,,,,4,,,,,,,,,,,,,,,,,,,,,,,,,,,,,,,,,3021410019,188 MARCY AVENUE,11211,3341977,,,,,,,,,,
PACT DEVELOPMENTS DIRECTORY as of 01/01/2025,BROOKLYN,1,002,12/28/2021,32,,,,,,,,,,,M,,,,,,,,,,,,,,,,,,1,07,18,50,34,,,,,,,,,,,,,,,,,,,,,,,,,,,,,,,,,,,,,,,,,,,,,,,,,,,,,,,,,,4,,,,,,,,,,,,,,,,,,,,,,,,,,,,,,,,,3021410019,190 MARCY AVENUE,11211,3341977,,,,,,,,,,
PACT DEVELOPMENTS DIRECTORY as of 01/01/2025,BROOKLYN,1,002,12/28/2021,32,,,,,,,,,,,M,,,,,,,,,,,,,,,,,,1,07,18,50,34,,,,,,,,,,,,,,,,,,,,,,,,,,,,,,,,,,,,,,,,,,,,,,,,,,,,,,,,,,5,,,,,,,,,,,,,,,,,,,,,,,,,,,,,,,,,3021410019,225 DIVISION AVENUE,11211,3251682,,,,,,,,,,
PACT DEVELOPMENTS DIRECTORY as of 01/01/2025,BROOKLYN,1,002,12/28/2021,32,,,,,,,,,,,,,,,,,,,,,,,,,,,,,1,07,18,50,34,,,,,,,,,,,,,,,,,,,,,,,,,,,,,,,,,,,,,,,,,,,,,,,,,,,,,,,,,,5,,,,,,,,,,,,,,,,,,,,,,,,,,,,,,,,,3021410019,221 DIVISION AVENUE,11211,3251682,,,,,,,,,,
PACT DEVELOPMENTS DIRECTORY as of 01/01/2025,BROOKLYN,1,002,12/28/2021,32,,,,,,,,,,,,,,,,,,,,,,,,,,,,,1,07,18,50,34,,,,,,,,,,,,,,,,,,,,,,,,,,,,,,,,,,,,,,,,,,,,,,,,,,,,,,,,,,5,,,,,,,,,,,,,,,,,,,,,,,,,,,,,,,,,3021410019,223 DIVISION AVENUE,11211,3251682,,,,,,,,,,
PACT DEVELOPMENTS DIRECTORY as of 01/01/2025,BROOKLYN,1,002,12/28/2021,32,,,,,,,,,,,,,,,,,,,,,,,,,,,,,1,07,18,50,34,,,,,,,,,,,,,,,,,,,,,,,,,,,,,,,,,,,,,,,,,,,,,,,,,,,,,,,,,,5,,,,,,,,,,,,,,,,,,,,,,,,,,,,,,,,,3021410019,227 DIVISION AVENUE,11211,3251682,,,,,,,,,,
PACT DEVELOPMENTS DIRECTORY as of 01/01/2025,BROOKLYN,1,002,12/28/2021,32,3030250070,,139 SCHOLES STREET,11206,1,07,18,53,34,3070826,,,,,,,,,,,,,,,,,,,,,,,,,,,,,,,,,,,,,,,,,,,,,,,,,,,,,,,,,,,,,,,,,,,,,,,,,,,,,,,,,,,,,,,,,,,,,,,,,,,,,,,,,,,,,,,,,,,,,,,,,,,,,,,
PACT DEVELOPMENTS DIRECTORY as of 01/01/2025,BROOKLYN,1,002,12/28/2021,32,3030240001,1,87 TEN EYCK WALK,11206,1,07,18,53,34,3327883,M,,,,,,,,,,,,,,,,,,,,,,,,,,,,,,,,,,,,,,,,,,,,,,,,,,,,,,,,,,,,,,,,,,,,,,,,,,,,,,,,,,,,,,,,,,,,,,,,,,,,,,,,,,,,,,,,,,,,,,,,,,,,,,
PACT DEVELOPMENTS DIRECTORY as of 01/01/2025,BROOKLYN,1,002,12/28/2021,32,3030240001,1,174 LEONARD STREET,11206,1,07,18,53,34,3327883,,,,,,,,,,,,,,,,,,,,,,,,,,,,,,,,,,,,,,,,,,,,,,,,,,,,,,,,,,,,,,,,,,,,,,,,,,,,,,,,,,,,,,,,,,,,,,,,,,,,,,,,,,,,,,,,,,,,,,,,,,,,,,,
PACT DEVELOPMENTS DIRECTORY as of 01/01/2025,BROOKLYN,1,002,12/28/2021,32,3030240001,1,178 LEONARD STREET,11206,1,07,18,53,34,3327883,,,,,,,,,,,,,,,,,,,,,,,,,,,,,,,,,,,,,,,,,,,,,,,,,,,,,,,,,,,,,,,,,,,,,,,,,,,,,,,,,,,,,,,,,,,,,,,,,,,,,,,,,,,,,,,,,,,,,,,,,,,,,,,
PACT DEVELOPMENTS DIRECTORY as of 01/01/2025,BROOKLYN,1,002,12/28/2021,32,3030240001,1,89 TEN EYCK WALK,11206,1,07,18,53,34,3327883,M,,,,,,,,,,,,,,,,,,,,,,,,,,,,,,,,,,,,,,,,,,,,,,,,,,,,,,,,,,,,,,,,,,,,,,,,,,,,,,,,,,,,,,,,,,,,,,,,,,,,,,,,,,,,,,,,,,,,,,,,,,,,,,
PACT DEVELOPMENTS DIRECTORY as of 01/01/2025,BROOKLYN,1,002,12/28/2021,32,3030240001,1,176 LEONARD STREET,11206,1,07,18,53,34,3327883,,,,,,,,,,,,,,,,,,,,,,,,,,,,,,,,,,,,,,,,,,,,,,,,,,,,,,,,,,,,,,,,,,,,,,,,,,,,,,,,,,,,,,,,,,,,,,,,,,,,,,,,,,,,,,,,,,,,,,,,,,,,,,,
PACT DEVELOPMENTS DIRECTORY as of 01/01/2025,BROOKLYN,1,002,12/28/2021,32,3030240001,1,92 MAUJER STREET,11206,1,07,18,53,34,3327883,M,,,,,,,,,,,,,,,,,,,,,,,,,,,,,,,,,,,,,,,,,,,,,,,,,,,,,,,,,,,,,,,,,,,,,,,,,,,,,,,,,,,,,,,,,,,,,,,,,,,,,,,,,,,,,,,,,,,,,,,,,,,,,,
PACT DEVELOPMENTS DIRECTORY as of 01/01/2025,BROOKLYN,1,002,12/28/2021,32,3030240001,1,90 MAUJER STREET,11206,1,07,18,53,34,3327883,M,,,,,,,,,,,,,,,,,,,,,,,,,,,,,,,,,,,,,,,,,,,,,,,,,,,,,,,,,,,,,,,,,,,,,,,,,,,,,,,,,,,,,,,,,,,,,,,,,,,,,,,,,,,,,,,,,,,,,,,,,,,,,,
PACT DEVELOPMENTS DIRECTORY as of 01/01/2025,BROOKLYN,1,002,12/28/2021,32,3030240001,1,94 MAUJER STREET,11206,1,07,18,53,34,3327883,M,,,,,,,,,,,,,,,,,,,,,,,,,,,,,,,,,,,,,,,,,,,,,,,,,,,,,,,,,,,,,,,,,,,,,,,,,,,,,,,,,,,,,,,,,,,,,,,,,,,,,,,,,,,,,,,,,,,,,,,,,,,,,,
PACT DEVELOPMENTS DIRECTORY as of 01/01/2025,BROOKLYN,1,002,12/28/2021,32,3030240001,1,91 TEN EYCK WALK,11206,1,07,18,53,34,3327883,M,,,,,,,,,,,,,,,,,,,,,,,,,,,,,,,,,,,,,,,,,,,,,,,,,,,,,,,,,,,,,,,,,,,,,,,,,,,,,,,,,,,,,,,,,,,,,,,,,,,,,,,,,,,,,,,,,,,,,,,,,,,,,,
PACT DEVELOPMENTS DIRECTORY as of 01/01/2025,BROOKLYN,1,002,12/28/2021,32,3030240001,1,93 TEN EYCK WALK,11206,1,07,18,53,34,3327883,M,,,,,,,,,,,,,,,,,,,,,,,,,,,,,,,,,,,,,,,,,,,,,,,,,,,,,,,,,,,,,,,,,,,,,,,,,,,,,,,,,,,,,,,,,,,,,,,,,,,,,,,,,,,,,,,,,,,,,,,,,,,,,,
PACT DEVELOPMENTS DIRECTORY as of 01/01/2025,BROOKLYN,1,002,12/28/2021,32,3030240001,1,95 TEN EYCK WALK,11206,1,07,18,53,34,3327883,M,,,,,,,,,,,,,,,,,,,,,,,,,,,,,,,,,,,,,,,,,,,,,,,,,,,,,,,,,,,,,,,,,,,,,,,,,,,,,,,,,,,,,,,,,,,,,,,,,,,,,,,,,,,,,,,,,,,,,,,,,,,,,,
PACT DEVELOPMENTS DIRECTORY as of 01/01/2025,BROOKLYN,1,002,12/28/2021,32,3030260001,10,183 TEN EYCK WALK,11206,1,07,18,53,34,3327889,M,,,,,,,,,,,,,,,,,,,,,,,,,,,,,,,,,,,,,,,,,,,,,,,,,,,,,,,,,,,,,,,,,,,,,,,,,,,,,,,,,,,,,,,,,,,,,,,,,,,,,,,,,,,,,,,,,,,,,,,,,,,,,,
PACT DEVELOPMENTS DIRECTORY as of 01/01/2025,BROOKLYN,1,002,12/28/2021,32,3030260001,10,180 MAUJER STREET,11206,1,07,18,53,34,3327889,M,,,,,,,,,,,,,,,,,,,,,,,,,,,,,,,,,,,,,,,,,,,,,,,,,,,,,,,,,,,,,,,,,,,,,,,,,,,,,,,,,,,,,,,,,,,,,,,,,,,,,,,,,,,,,,,,,,,,,,,,,,,,,,
PACT DEVELOPMENTS DIRECTORY as of 01/01/2025,BROOKLYN,1,002,12/28/2021,32,3030260001,10,178 MAUJER STREET,11206,1,07,18,53,34,3327889,M,,,,,,,,,,,,,,,,,,,,,,,,,,,,,,,,,,,,,,,,,,,,,,,,,,,,,,,,,,,,,,,,,,,,,,,,,,,,,,,,,,,,,,,,,,,,,,,,,,,,,,,,,,,,,,,,,,,,,,,,,,,,,,
PACT DEVELOPMENTS DIRECTORY as of 01/01/2025,BROOKLYN,1,002,12/28/2021,32,3030260001,10,176 MAUJER STREET,11206,1,07,18,53,34,3327889,,,,,,,,,,,,,,,,,,,,,,,,,,,,,,,,,,,,,,,,,,,,,,,,,,,,,,,,,,,,,,,,,,,,,,,,,,,,,,,,,,,,,,,,,,,,,,,,,,,,,,,,,,,,,,,,,,,,,,,,,,,,,,,
PACT DEVELOPMENTS DIRECTORY as of 01/01/2025,BROOKLYN,1,002,12/28/2021,32,3030260001,10,182 MAUJER STREET,11206,1,07,18,53,34,3327889,M,,,,,,,,,,,,,,,,,,,,,,,,,,,,,,,,,,,,,,,,,,,,,,,,,,,,,,,,,,,,,,,,,,,,,,,,,,,,,,,,,,,,,,,,,,,,,,,,,,,,,,,,,,,,,,,,,,,,,,,,,,,,,,
PACT DEVELOPMENTS DIRECTORY as of 01/01/2025,BROOKLYN,1,002,12/28/2021,32,3030260001,10,184 MAUJER STREET,11206,1,07,18,53,34,3327889,M,,,,,,,,,,,,,,,,,,,,,,,,,,,,,,,,,,,,,,,,,,,,,,,,,,,,,,,,,,,,,,,,,,,,,,,,,,,,,,,,,,,,,,,,,,,,,,,,,,,,,,,,,,,,,,,,,,,,,,,,,,,,,,
PACT DEVELOPMENTS DIRECTORY as of 01/01/2025,BROOKLYN,1,002,12/28/2021,32,3030260001,10,185 TEN EYCK WALK,11206,1,07,18,53,34,3327889,M,,,,,,,,,,,,,,,,,,,,,,,,,,,,,,,,,,,,,,,,,,,,,,,,,,,,,,,,,,,,,,,,,,,,,,,,,,,,,,,,,,,,,,,,,,,,,,,,,,,,,,,,,,,,,,,,,,,,,,,,,,,,,,
PACT DEVELOPMENTS DIRECTORY as of 01/01/2025,BROOKLYN,1,002,12/28/2021,32,3030260001,10,187 TEN EYCK WALK,11206,1,07,18,53,34,3327889,M,,,,,,,,,,,,,,,,,,,,,,,,,,,,,,,,,,,,,,,,,,,,,,,,,,,,,,,,,,,,,,,,,,,,,,,,,,,,,,,,,,,,,,,,,,,,,,,,,,,,,,,,,,,,,,,,,,,,,,,,,,,,,,
PACT DEVELOPMENTS DIRECTORY as of 01/01/2025,BROOKLYN,1,002,12/28/2021,32,3030260001,11,164 TEN EYCK WALK,11206,1,07,18,53,34,3344971,M,,,,,,,,,,,,,,,,,,,,,,,,,,,,,,,,,,,,,,,,,,,,,,,,,,,,,,,,,,,,,,,,,,,,,,,,,,,,,,,,,,,,,,,,,,,,,,,,,,,,,,,,,,,,,,,,,,,,,,,,,,,,,,
PACT DEVELOPMENTS DIRECTORY as of 01/01/2025,BROOKLYN,1,002,12/28/2021,32,3030260001,11,222 GRAHAM AVENUE,11206,1,07,18,53,34,3344971,,,,,,,,,,,,,,,,,,,,,,,,,,,,,,,,,,,,,,,,,,,,,,,,,,,,,,,,,,,,,,,,,,,,,,,,,,,,,,,,,,,,,,,,,,,,,,,,,,,,,,,,,,,,,,,,,,,,,,,,,,,,,,,
PACT DEVELOPMENTS DIRECTORY as of 01/01/2025,BROOKLYN,1,002,12/28/2021,32,3030260001,11,166 TEN EYCK WALK,11206,1,07,18,53,34,3344971,M,,,,,,,,,,,,,,,,,,,,,,,,,,,,,,,,,,,,,,,,,,,,,,,,,,,,,,,,,,,,,,,,,,,,,,,,,,,,,,,,,,,,,,,,,,,,,,,,,,,,,,,,,,,,,,,,,,,,,,,,,,,,,,
PACT DEVELOPMENTS DIRECTORY as of 01/01/2025,BROOKLYN,1,002,12/28/2021,32,3030260001,11,168 TEN EYCK WALK,11206,1,07,18,53,34,3344971,M,,,,,,,,,,,,,,,,,,,,,,,,,,,,,,,,,,,,,,,,,,,,,,,,,,,,,,,,,,,,,,,,,,,,,,,,,,,,,,,,,,,,,,,,,,,,,,,,,,,,,,,,,,,,,,,,,,,,,,,,,,,,,,
PACT DEVELOPMENTS DIRECTORY as of 01/01/2025,BROOKLYN,1,002,12/28/2021,32,3030260001,11,169 STAGG WALK,11206,1,07,18,53,34,3344971,M,,,,,,,,,,,,,,,,,,,,,,,,,,,,,,,,,,,,,,,,,,,,,,,,,,,,,,,,,,,,,,,,,,,,,,,,,,,,,,,,,,,,,,,,,,,,,,,,,,,,,,,,,,,,,,,,,,,,,,,,,,,,,,
PACT DEVELOPMENTS DIRECTORY as of 01/01/2025,BROOKLYN,1,002,12/28/2021,32,3030260001,11,181 STAGG WALK,11206,1,07,18,53,34,3344971,M,,,,,,,,,,,,,,,,,,,,,,,,,,,,,,,,,,,,,,,,,,,,,,,,,,,,,,,,,,,,,,,,,,,,,,,,,,,,,,,,,,,,,,,,,,,,,,,,,,,,,,,,,,,,,,,,,,,,,,,,,,,,,,
PACT DEVELOPMENTS DIRECTORY as of 01/01/2025,BROOKLYN,1,002,12/28/2021,32,3030260001,12,186 TEN EYCK WALK,11206,1,07,18,53,34,3327888,M,,,,,,,,,,,,,,,,,,,,,,,,,,,,,,,,,,,,,,,,,,,,,,,,,,,,,,,,,,,,,,,,,,,,,,,,,,,,,,,,,,,,,,,,,,,,,,,,,,,,,,,,,,,,,,,,,,,,,,,,,,,,,,
PACT DEVELOPMENTS DIRECTORY as of 01/01/2025,BROOKLYN,1,002,12/28/2021,32,3030260001,12,188 TEN EYCK WALK,11206,1,07,18,53,34,3327888,M,,,,,,,,,,,,,,,,,,,,,,,,,,,,,,,,,,,,,,,,,,,,,,,,,,,,,,,,,,,,,,,,,,,,,,,,,,,,,,,,,,,,,,,,,,,,,,,,,,,,,,,,,,,,,,,,,,,,,,,,,,,,,,
PACT DEVELOPMENTS DIRECTORY as of 01/01/2025,BROOKLYN,1,002,12/28/2021,32,3030260001,12,190 TEN EYCK WALK,11206,1,07,18,53,34,3327888,M,,,,,,,,,,,,,,,,,,,,,,,,,,,,,,,,,,,,,,,,,,,,,,,,,,,,,,,,,,,,,,,,,,,,,,,,,,,,,,,,,,,,,,,,,,,,,,,,,,,,,,,,,,,,,,,,,,,,,,,,,,,,,,
PACT DEVELOPMENTS DIRECTORY as of 01/01/2025,BROOKLYN,1,002,12/28/2021,32,3030260001,12,197 STAGG WALK,11206,1,07,18,53,34,3327888,M,,,,,,,,,,,,,,,,,,,,,,,,,,,,,,,,,,,,,,,,,,,,,,,,,,,,,,,,,,,,,,,,,,,,,,,,,,,,,,,,,,,,,,,,,,,,,,,,,,,,,,,,,,,,,,,,,,,,,,,,,,,,,,
PACT DEVELOPMENTS DIRECTORY as of 01/01/2025,BROOKLYN,1,002,12/28/2021,32,3030260001,12,199 STAGG WALK,11206,1,07,18,53,34,3327888,M,,,,,,,,,,,,,,,,,,,,,,,,,,,,,,,,,,,,,,,,,,,,,,,,,,,,,,,,,,,,,,,,,,,,,,,,,,,,,,,,,,,,,,,,,,,,,,,,,,,,,,,,,,,,,,,,,,,,,,,,,,,,,,
PACT DEVELOPMENTS DIRECTORY as of 01/01/2025,BROOKLYN,1,002,12/28/2021,32,3030260001,13,160 STAGG WALK,11206,1,07,18,53,34,3344974,M,,,,,,,,,,,,,,,,,,,,,,,,,,,,,,,,,,,,,,,,,,,,,,,,,,,,,,,,,,,,,,,,,,,,,,,,,,,,,,,,,,,,,,,,,,,,,,,,,,,,,,,,,,,,,,,,,,,,,,,,,,,,,,
PACT DEVELOPMENTS DIRECTORY as of 01/01/2025,BROOKLYN,1,002,12/28/2021,32,3030260001,13,214 GRAHAM AVENUE,11206,1,07,18,53,34,3344974,,,,,,,,,,,,,,,,,,,,,,,,,,,,,,,,,,,,,,,,,,,,,,,,,,,,,,,,,,,,,,,,,,,,,,,,,,,,,,,,,,,,,,,,,,,,,,,,,,,,,,,,,,,,,,,,,,,,,,,,,,,,,,,
PACT DEVELOPMENTS DIRECTORY as of 01/01/2025,BROOKLYN,1,002,12/28/2021,32,3030260001,13,212 GRAHAM AVENUE,11206,1,07,18,53,34,3344974,,,,,,,,,,,,,,,,,,,,,,,,,,,,,,,,,,,,,,,,,,,,,,,,,,,,,,,,,,,,,,,,,,,,,,,,,,,,,,,,,,,,,,,,,,,,,,,,,,,,,,,,,,,,,,,,,,,,,,,,,,,,,,,
PACT DEVELOPMENTS DIRECTORY as of 01/01/2025,BROOKLYN,1,002,12/28/2021,32,3030260001,13,210 GRAHAM AVENUE,11206,1,07,18,53,34,3344974,,,,,,,,,,,,,,,,,,,,,,,,,,,,,,,,,,,,,,,,,,,,,,,,,,,,,,,,,,,,,,,,,,,,,,,,,,,,,,,,,,,,,,,,,,,,,,,,,,,,,,,,,,,,,,,,,,,,,,,,,,,,,,,
PACT DEVELOPMENTS DIRECTORY as of 01/01/2025,BROOKLYN,1,002,12/28/2021,32,3030260001,13,202 GRAHAM AVENUE,11206,1,07,18,53,34,3344974,,,,,,,,,,,,,,,,,,,,,,,,,,,,,,,,,,,,,,,,,,,,,,,,,,,,,,,,,,,,,,,,,,,,,,,,,,,,,,,,,,,,,,,,,,,,,,,,,,,,,,,,,,,,,,,,,,,,,,,,,,,,,,,
PACT DEVELOPMENTS DIRECTORY as of 01/01/2025,BROOKLYN,1,002,12/28/2021,32,3030260001,13,165 SCHOLES STREET,11206,1,07,18,53,34,3344974,M,,,,,,,,,,,,,,,,,,,,,,,,,,,,,,,,,,,,,,,,,,,,,,,,,,,,,,,,,,,,,,,,,,,,,,,,,,,,,,,,,,,,,,,,,,,,,,,,,,,,,,,,,,,,,,,,,,,,,,,,,,,,,,
PACT DEVELOPMENTS DIRECTORY as of 01/01/2025,BROOKLYN,1,002,12/28/2021,32,3030260001,13,208 GRAHAM AVENUE,11206,1,07,18,53,34,3344974,,,,,,,,,,,,,,,,,,,,,,,,,,,,,,,,,,,,,,,,,,,,,,,,,,,,,,,,,,,,,,,,,,,,,,,,,,,,,,,,,,,,,,,,,,,,,,,,,,,,,,,,,,,,,,,,,,,,,,,,,,,,,,,
PACT DEVELOPMENTS DIRECTORY as of 01/01/2025,BROOKLYN,1,002,12/28/2021,32,3030260001,13,206 GRAHAM AVENUE,11206,1,07,18,53,34,3344974,,,,,,,,,,,,,,,,,,,,,,,,,,,,,,,,,,,,,,,,,,,,,,,,,,,,,,,,,,,,,,,,,,,,,,,,,,,,,,,,,,,,,,,,,,,,,,,,,,,,,,,,,,,,,,,,,,,,,,,,,,,,,,,
PACT DEVELOPMENTS DIRECTORY as of 01/01/2025,BROOKLYN,1,002,12/28/2021,32,3030260001,13,163 SCHOLES STREET,11206,1,07,18,53,34,3344974,M,,,,,,,,,,,,,,,,,,,,,,,,,,,,,,,,,,,,,,,,,,,,,,,,,,,,,,,,,,,,,,,,,,,,,,,,,,,,,,,,,,,,,,,,,,,,,,,,,,,,,,,,,,,,,,,,,,,,,,,,,,,,,,
PACT DEVELOPMENTS DIRECTORY as of 01/01/2025,BROOKLYN,1,002,12/28/2021,32,3030260001,13,204 GRAHAM AVENUE,11206,1,07,18,53,34,3344974,,,,,,,,,,,,,,,,,,,,,,,,,,,,,,,,,,,,,,,,,,,,,,,,,,,,,,,,,,,,,,,,,,,,,,,,,,,,,,,,,,,,,,,,,,,,,,,,,,,,,,,,,,,,,,,,,,,,,,,,,,,,,,,
PACT DEVELOPMENTS DIRECTORY as of 01/01/2025,BROOKLYN,1,002,12/28/2021,32,3030260001,13,159 SCHOLES STREET,11206,1,07,18,53,34,3344974,,,,,,,,,,,,,,,,,,,,,,,,,,,,,,,,,,,,,,,,,,,,,,,,,,,,,,,,,,,,,,,,,,,,,,,,,,,,,,,,,,,,,,,,,,,,,,,,,,,,,,,,,,,,,,,,,,,,,,,,,,,,,,,
PACT DEVELOPMENTS DIRECTORY as of 01/01/2025,,,,,33,,,,,,,,,,,M,,,,,,,,,,,,,,,,,,1,07,18,,34,,,,,,,,,,,,,,,,,13,,,,,,,,,,,,,,,,,,,,,,,,53,,,,,,,,,,,,,,,,,,,,,,,,,,,,,,,,,,,,,,,,,,,,,,,,,,,,,,3030260001,167 SCHOLES STREET,11206,3344974,,,,,,
PACT DEVELOPMENTS DIRECTORY as of 01/01/2025,,,,,33,,,,,,,,,,,M,,,,,,,,,,,,,,,,,,1,07,18,,34,,,,,,,,,,,,,,,,,13,,,,,,,,,,,,,,,,,,,,,,,,53,,,,,,,,,,,,,,,,,,,,,,,,,,,,,,,,,,,,,,,,,,,,,,,,,,,,,,3030260001,169 SCHOLES STREET,11206,3344974,,,,,,
PACT DEVELOPMENTS DIRECTORY as of 01/01/2025,,,,,33,,,,,,,,,,,M,,,,,,,,,,,,,,,,,,1,07,18,,34,,,,,,,,,,,,,,,,,13,,,,,,,,,,,,,,,,,,,,,,,,53,,,,,,,,,,,,,,,,,,,,,,,,,,,,,,,,,,,,,,,,,,,,,,,,,,,,,,3030260001,171 SCHOLES STREET,11206,3344974,,,,,,
PACT DEVELOPMENTS DIRECTORY as of 01/01/2025,,,,,33,,,,,,,,,,,M,,,,,,,,,,,,,,,,,,1,07,18,,34,,,,,,,,,,,,,,,,,14,,,,,,,,,,,,,,,,,,,,,,,,53,,,,,,,,,,,,,,,,,,,,,,,,,,,,,,,,,,,,,,,,,,,,,,,,,,,,,,3030260001,181 SCHOLES STREET,11206,3344948,,,,,,
PACT DEVELOPMENTS DIRECTORY as of 01/01/2025,,,,,33,,,,,,,,,,,M,,,,,,,,,,,,,,,,,,1,07,18,,34,,,,,,,,,,,,,,,,,14,,,,,,,,,,,,,,,,,,,,,,,,53,,,,,,,,,,,,,,,,,,,,,,,,,,,,,,,,,,,,,,,,,,,,,,,,,,,,,,3030260001,182 STAGG WALK,11206,3344948,,,,,,
PACT DEVELOPMENTS DIRECTORY as of 01/01/2025,,,,,33,,,,,,,,,,,M,,,,,,,,,,,,,,,,,,1,07,18,,34,,,,,,,,,,,,,,,,,14,,,,,,,,,,,,,,,,,,,,,,,,53,,,,,,,,,,,,,,,,,,,,,,,,,,,,,,,,,,,,,,,,,,,,,,,,,,,,,,3030260001,180 STAGG WALK,11206,3344948,,,,,,
PACT DEVELOPMENTS DIRECTORY as of 01/01/2025,,,,,33,,,,,,,,,,,M,,,,,,,,,,,,,,,,,,1,07,18,,34,,,,,,,,,,,,,,,,,14,,,,,,,,,,,,,,,,,,,,,,,,53,,,,,,,,,,,,,,,,,,,,,,,,,,,,,,,,,,,,,,,,,,,,,,,,,,,,,,3030260001,178 STAGG WALK,11206,3344948,,,,,,
PACT DEVELOPMENTS DIRECTORY as of 01/01/2025,,,,,33,,,,,,,,,,,M,,,,,,,,,,,,,,,,,,1,07,18,,34,,,,,,,,,,,,,,,,,14,,,,,,,,,,,,,,,,,,,,,,,,53,,,,,,,,,,,,,,,,,,,,,,,,,,,,,,,,,,,,,,,,,,,,,,,,,,,,,,3030260001,186 STAGG WALK,11206,3344948,,,,,,
PACT DEVELOPMENTS DIRECTORY as of 01/01/2025,,,,,33,,,,,,,,,,,M,,,,,,,,,,,,,,,,,,1,07,18,,34,,,,,,,,,,,,,,,,,14,,,,,,,,,,,,,,,,,,,,,,,,53,,,,,,,,,,,,,,,,,,,,,,,,,,,,,,,,,,,,,,,,,,,,,,,,,,,,,,3030260001,184 STAGG WALK,11206,3344948,,,,,,
PACT DEVELOPMENTS DIRECTORY as of 01/01/2025,,,,,33,,,,,,,,,,,M,,,,,,,,,,,,,,,,,,1,07,18,,34,,,,,,,,,,,,,,,,,14,,,,,,,,,,,,,,,,,,,,,,,,53,,,,,,,,,,,,,,,,,,,,,,,,,,,,,,,,,,,,,,,,,,,,,,,,,,,,,,3030260001,183 SCHOLES STREET,11206,3344948,,,,,,
PACT DEVELOPMENTS DIRECTORY as of 01/01/2025,,,,,33,,,,,,,,,,,M,,,,,,,,,,,,,,,,,,1,07,18,,34,,,,,,,,,,,,,,,,,14,,,,,,,,,,,,,,,,,,,,,,,,53,,,,,,,,,,,,,,,,,,,,,,,,,,,,,,,,,,,,,,,,,,,,,,,,,,,,,,3030260001,185 SCHOLES STREET,11206,3344948,,,,,,
PACT DEVELOPMENTS DIRECTORY as of 01/01/2025,,,,,33,,,,,,,,,,,M,,,,,,,,,,,,,,,,,,1,07,18,,34,,,,,,,,,,,,,,,,,15,,,,,,,,,,,,,,,,,,,,,,,,53,,,,,,,,,,,,,,,,,,,,,,,,,,,,,,,,,,,,,,,,,,,,,,,,,,,,,,3030270001,197 TEN EYCK WALK,11206,3338398,,,,,,
PACT DEVELOPMENTS DIRECTORY as of 01/01/2025,,,,,33,,,,,,,,,,,M,,,,,,,,,,,,,,,,,,1,07,18,,34,,,,,,,,,,,,,,,,,15,,,,,,,,,,,,,,,,,,,,,,,,53,,,,,,,,,,,,,,,,,,,,,,,,,,,,,,,,,,,,,,,,,,,,,,,,,,,,,,3030270001,199 TEN EYCK WALK,11206,3338398,,,,,,
PACT DEVELOPMENTS DIRECTORY as of 01/01/2025,,,,,33,,,,,,,,,,,M,,,,,,,,,,,,,,,,,,1,07,18,,34,,,,,,,,,,,,,,,,,15,,,,,,,,,,,,,,,,,,,,,,,,53,,,,,,,,,,,,,,,,,,,,,,,,,,,,,,,,,,,,,,,,,,,,,,,,,,,,,,3030270001,198 MAUJER STREET,11206,3338398,,,,,,
PACT DEVELOPMENTS DIRECTORY as of 01/01/2025,,,,,33,,,,,,,,,,,M,,,,,,,,,,,,,,,,,,1,07,18,,34,,,,,,,,,,,,,,,,,15,,,,,,,,,,,,,,,,,,,,,,,,53,,,,,,,,,,,,,,,,,,,,,,,,,,,,,,,,,,,,,,,,,,,,,,,,,,,,,,3030270001,196 MAUJER STREET,11206,3338398,,,,,,
PACT DEVELOPMENTS DIRECTORY as of 01/01/2025,,,,,33,,,,,,,,,,,M,,,,,,,,,,,,,,,,,,1,07,18,,34,,,,,,,,,,,,,,,,,15,,,,,,,,,,,,,,,,,,,,,,,,53,,,,,,,,,,,,,,,,,,,,,,,,,,,,,,,,,,,,,,,,,,,,,,,,,,,,,,3030270001,200 MAUJER STREET,11206,3338398,,,,,,
PACT DEVELOPMENTS DIRECTORY as of 01/01/2025,,,,,33,,,,,,,,,,,M,,,,,,,,,,,,,,,,,,1,07,18,,34,,,,,,,,,,,,,,,,,15,,,,,,,,,,,,,,,,,,,,,,,,53,,,,,,,,,,,,,,,,,,,,,,,,,,,,,,,,,,,,,,,,,,,,,,,,,,,,,,3030270001,201 TEN EYCK WALK,11206,3338398,,,,,,
PACT DEVELOPMENTS DIRECTORY as of 01/01/2025,,,,,33,,,,,,,,,,,M,,,,,,,,,,,,,,,,,,1,07,18,,34,,,,,,,,,,,,,,,,,15,,,,,,,,,,,,,,,,,,,,,,,,53,,,,,,,,,,,,,,,,,,,,,,,,,,,,,,,,,,,,,,,,,,,,,,,,,,,,,,3030270001,203 TEN EYCK WALK,11206,3338398,,,,,,
PACT DEVELOPMENTS DIRECTORY as of 01/01/2025,,,,,33,,,,,,,,,,,M,,,,,,,,,,,,,,,,,,1,07,18,,34,,,,,,,,,,,,,,,,,15,,,,,,,,,,,,,,,,,,,,,,,,53,,,,,,,,,,,,,,,,,,,,,,,,,,,,,,,,,,,,,,,,,,,,,,,,,,,,,,3030270001,205 TEN EYCK WALK,11206,3338398,,,,,,
PACT DEVELOPMENTS DIRECTORY as of 01/01/2025,,,,,33,,,,,,,,,,,M,,,,,,,,,,,,,,,,,,1,07,18,,34,,,,,,,,,,,,,,,,,16,,,,,,,,,,,,,,,,,,,,,,,,53,,,,,,,,,,,,,,,,,,,,,,,,,,,,,,,,,,,,,,,,,,,,,,,,,,,,,,3030270001,219 TEN EYCK WALK,11206,3344982,,,,,,
PACT DEVELOPMENTS DIRECTORY as of 01/01/2025,,,,,33,,,,,,,,,,,M,,,,,,,,,,,,,,,,,,1,07,18,,34,,,,,,,,,,,,,,,,,16,,,,,,,,,,,,,,,,,,,,,,,,53,,,,,,,,,,,,,,,,,,,,,,,,,,,,,,,,,,,,,,,,,,,,,,,,,,,,,,3030270001,216 MAUJER STREET,11206,3344982,,,,,,
PACT DEVELOPMENTS DIRECTORY as of 01/01/2025,,,,,33,,,,,,,,,,,M,,,,,,,,,,,,,,,,,,1,07,18,,34,,,,,,,,,,,,,,,,,16,,,,,,,,,,,,,,,,,,,,,,,,53,,,,,,,,,,,,,,,,,,,,,,,,,,,,,,,,,,,,,,,,,,,,,,,,,,,,,,3030270001,214 MAUJER STREET,11206,3344982,,,,,,
PACT DEVELOPMENTS DIRECTORY as of 01/01/2025,,,,,33,,,,,,,,,,,,,,,,,,,,,,,,,,,,,1,07,18,,34,,,,,,,,,,,,,,,,,16,,,,,,,,,,,,,,,,,,,,,,,,53,,,,,,,,,,,,,,,,,,,,,,,,,,,,,,,,,,,,,,,,,,,,,,,,,,,,,,3030270001,136 BUSHWICK AVENUE,11206,3344982,,,,,,
PACT DEVELOPMENTS DIRECTORY as of 01/01/2025,,,,,33,,,,,,,,,,,,,,,,,,,,,,,,,,,,,1,07,18,,34,,,,,,,,,,,,,,,,,16,,,,,,,,,,,,,,,,,,,,,,,,53,,,,,,,,,,,,,,,,,,,,,,,,,,,,,,,,,,,,,,,,,,,,,,,,,,,,,,3030270001,138 BUSHWICK AVENUE,11206,3344982,,,,,,
PACT DEVELOPMENTS DIRECTORY as of 01/01/2025,,,,,33,,,,,,,,,,,M,,,,,,,,,,,,,,,,,,1,07,18,,34,,,,,,,,,,,,,,,,,16,,,,,,,,,,,,,,,,,,,,,,,,53,,,,,,,,,,,,,,,,,,,,,,,,,,,,,,,,,,,,,,,,,,,,,,,,,,,,,,3030270001,220 MAUJER STREET,11206,3344982,,,,,,
PACT DEVELOPMENTS DIRECTORY as of 01/01/2025,,,,,33,,,,,,,,,,,M,,,,,,,,,,,,,,,,,,1,07,18,,34,,,,,,,,,,,,,,,,,16,,,,,,,,,,,,,,,,,,,,,,,,53,,,,,,,,,,,,,,,,,,,,,,,,,,,,,,,,,,,,,,,,,,,,,,,,,,,,,,3030270001,218 MAUJER STREET,11206,3344982,,,,,,
PACT DEVELOPMENTS DIRECTORY as of 01/01/2025,,,,,33,,,,,,,,,,,,,,,,,,,,,,,,,,,,,1,07,18,,34,,,,,,,,,,,,,,,,,16,,,,,,,,,,,,,,,,,,,,,,,,53,,,,,,,,,,,,,,,,,,,,,,,,,,,,,,,,,,,,,,,,,,,,,,,,,,,,,,3030270001,134 BUSHWICK AVENUE,11206,3344982,,,,,,
PACT DEVELOPMENTS DIRECTORY as of 01/01/2025,,,,,33,,,,,,,,,,,,,,,,,,,,,,,,,,,,,1,07,18,,34,,,,,,,,,,,,,,,,,16,,,,,,,,,,,,,,,,,,,,,,,,53,,,,,,,,,,,,,,,,,,,,,,,,,,,,,,,,,,,,,,,,,,,,,,,,,,,,,,3030270001,128 BUSHWICK AVENUE,11206,3344982,,,,,,
PACT DEVELOPMENTS DIRECTORY as of 01/01/2025,,,,,33,,,,,,,,,,,,,,,,,,,,,,,,,,,,,1,07,18,,34,,,,,,,,,,,,,,,,,16,,,,,,,,,,,,,,,,,,,,,,,,53,,,,,,,,,,,,,,,,,,,,,,,,,,,,,,,,,,,,,,,,,,,,,,,,,,,,,,3030270001,130 BUSHWICK AVENUE,11206,3344982,,,,,,
PACT DEVELOPMENTS DIRECTORY as of 01/01/2025,,,,,33,,,,,,,,,,,,,,,,,,,,,,,,,,,,,1,07,18,,34,,,,,,,,,,,,,,,,,16,,,,,,,,,,,,,,,,,,,,,,,,53,,,,,,,,,,,,,,,,,,,,,,,,,,,,,,,,,,,,,,,,,,,,,,,,,,,,,,3030270001,132 BUSHWICK AVENUE,11206,3344982,,,,,,
PACT DEVELOPMENTS DIRECTORY as of 01/01/2025,,,,,33,,,,,,,,,,,M,,,,,,,,,,,,,,,,,,1,07,18,,34,,,,,,,,,,,,,,,,,16,,,,,,,,,,,,,,,,,,,,,,,,53,,,,,,,,,,,,,,,,,,,,,,,,,,,,,,,,,,,,,,,,,,,,,,,,,,,,,,3030270001,221 TEN EYCK WALK,11206,3344982,,,,,,
PACT DEVELOPMENTS DIRECTORY as of 01/01/2025,,,,,33,,,,,,,,,,,,,,,,,,,,,,,,,,,,,1,07,18,,34,,,,,,,,,,,,,,,,,16,,,,,,,,,,,,,,,,,,,,,,,,53,,,,,,,,,,,,,,,,,,,,,,,,,,,,,,,,,,,,,,,,,,,,,,,,,,,,,,3030270001,122 BUSHWICK AVENUE,11206,3344982,,,,,,
PACT DEVELOPMENTS DIRECTORY as of 01/01/2025,,,,,33,,,,,,,,,,,,,,,,,,,,,,,,,,,,,1,07,18,,34,,,,,,,,,,,,,,,,,16,,,,,,,,,,,,,,,,,,,,,,,,53,,,,,,,,,,,,,,,,,,,,,,,,,,,,,,,,,,,,,,,,,,,,,,,,,,,,,,3030270001,124 BUSHWICK AVENUE,11206,3344982,,,,,,
PACT DEVELOPMENTS DIRECTORY as of 01/01/2025,,,,,33,,,,,,,,,,,M,,,,,,,,,,,,,,,,,,1,07,18,,34,,,,,,,,,,,,,,,,,16,,,,,,,,,,,,,,,,,,,,,,,,53,,,,,,,,,,,,,,,,,,,,,,,,,,,,,,,,,,,,,,,,,,,,,,,,,,,,,,3030270001,223 TEN EYCK WALK,11206,3344982,,,,,,
PACT DEVELOPMENTS DIRECTORY as of 01/01/2025,,,,,33,,,,,,,,,,,M,,,,,,,,,,,,,,,,,,1,07,18,,34,,,,,,,,,,,,,,,,,17,,,,,,,,,,,,,,,,,,,,,,,,53,,,,,,,,,,,,,,,,,,,,,,,,,,,,,,,,,,,,,,,,,,,,,,,,,,,,,,3030270001,200 TEN EYCK WALK,11206,3344992,,,,,,
PACT DEVELOPMENTS DIRECTORY as of 01/01/2025,,,,,33,,,,,,,,,,,M,,,,,,,,,,,,,,,,,,1,07,18,,34,,,,,,,,,,,,,,,,,17,,,,,,,,,,,,,,,,,,,,,,,,53,,,,,,,,,,,,,,,,,,,,,,,,,,,,,,,,,,,,,,,,,,,,,,,,,,,,,,3030270001,202 TEN EYCK WALK,11206,3344992,,,,,,
PACT DEVELOPMENTS DIRECTORY as of 01/01/2025,,,,,33,,,,,,,,,,,M,,,,,,,,,,,,,,,,,,1,07,18,,34,,,,,,,,,,,,,,,,,17,,,,,,,,,,,,,,,,,,,,,,,,53,,,,,,,,,,,,,,,,,,,,,,,,,,,,,,,,,,,,,,,,,,,,,,,,,,,,,,3030270001,211 STAGG WALK,11206,3344992,,,,,,
PACT DEVELOPMENTS DIRECTORY as of 01/01/2025,,,,,33,,,,,,,,,,,M,,,,,,,,,,,,,,,,,,1,07,18,,34,,,,,,,,,,,,,,,,,17,,,,,,,,,,,,,,,,,,,,,,,,53,,,,,,,,,,,,,,,,,,,,,,,,,,,,,,,,,,,,,,,,,,,,,,,,,,,,,,3030270001,213 STAGG WALK,11206,3344992,,,,,,
PACT DEVELOPMENTS DIRECTORY as of 01/01/2025,,,,,33,,,,,,,,,,,M,,,,,,,,,,,,,,,,,,1,07,18,,34,,,,,,,,,,,,,,,,,17,,,,,,,,,,,,,,,,,,,,,,,,53,,,,,,,,,,,,,,,,,,,,,,,,,,,,,,,,,,,,,,,,,,,,,,,,,,,,,,3030270001,215 STAGG WALK,11206,3344992,,,,,,
PACT DEVELOPMENTS DIRECTORY as of 01/01/2025,,,,,33,,,,,,,,,,,M,,,,,,,,,,,,,,,,,,1,07,18,,34,,,,,,,,,,,,,,,,,18,,,,,,,,,,,,,,,,,,,,,,,,53,,,,,,,,,,,,,,,,,,,,,,,,,,,,,,,,,,,,,,,,,,,,,,,,,,,,,,3030270001,222 TEN EYCK WALK,11206,3338402,,,,,,
PACT DEVELOPMENTS DIRECTORY as of 01/01/2025,,,,,33,,,,,,,,,,,M,,,,,,,,,,,,,,,,,,1,07,18,,34,,,,,,,,,,,,,,,,,18,,,,,,,,,,,,,,,,,,,,,,,,53,,,,,,,,,,,,,,,,,,,,,,,,,,,,,,,,,,,,,,,,,,,,,,,,,,,,,,3030270001,224 TEN EYCK WALK,11206,3338402,,,,,,
PACT DEVELOPMENTS DIRECTORY as of 01/01/2025,,,,,33,,,,,,,,,,,M,,,,,,,,,,,,,,,,,,1,07,18,,34,,,,,,,,,,,,,,,,,18,,,,,,,,,,,,,,,,,,,,,,,,53,,,,,,,,,,,,,,,,,,,,,,,,,,,,,,,,,,,,,,,,,,,,,,,,,,,,,,3030270001,226 TEN EYCK WALK,11206,3338402,,,,,,
PACT DEVELOPMENTS DIRECTORY as of 01/01/2025,,,,,33,,,,,,,,,,,M,,,,,,,,,,,,,,,,,,1,07,18,,34,,,,,,,,,,,,,,,,,18,,,,,,,,,,,,,,,,,,,,,,,,53,,,,,,,,,,,,,,,,,,,,,,,,,,,,,,,,,,,,,,,,,,,,,,,,,,,,,,3030270001,233 STAGG WALK,11206,3338402,,,,,,
PACT DEVELOPMENTS DIRECTORY as of 01/01/2025,,,,,33,,,,,,,,,,,M,,,,,,,,,,,,,,,,,,1,07,18,,34,,,,,,,,,,,,,,,,,18,,,,,,,,,,,,,,,,,,,,,,,,53,,,,,,,,,,,,,,,,,,,,,,,,,,,,,,,,,,,,,,,,,,,,,,,,,,,,,,3030270001,235 STAGG WALK,11206,3338402,,,,,,
PACT DEVELOPMENTS DIRECTORY as of 01/01/2025,,,,,33,,,,,,,,,,,M,,,,,,,,,,,,,,,,,,1,07,18,,34,,,,,,,,,,,,,,,,,19,,,,,,,,,,,,,,,,,,,,,,,,53,,,,,,,,,,,,,,,,,,,,,,,,,,,,,,,,,,,,,,,,,,,,,,,,,,,,,,3030270001,196 STAGG WALK,11206,3345008,,,,,,
PACT DEVELOPMENTS DIRECTORY as of 01/01/2025,,,,,33,,,,,,,,,,,M,,,,,,,,,,,,,,,,,,1,07,18,,34,,,,,,,,,,,,,,,,,19,,,,,,,,,,,,,,,,,,,,,,,,53,,,,,,,,,,,,,,,,,,,,,,,,,,,,,,,,,,,,,,,,,,,,,,,,,,,,,,3030270001,199 SCHOLES STREET,11206,3345008,,,,,,
PACT DEVELOPMENTS DIRECTORY as of 01/01/2025,,,,,33,,,,,,,,,,,M,,,,,,,,,,,,,,,,,,1,07,18,,34,,,,,,,,,,,,,,,,,19,,,,,,,,,,,,,,,,,,,,,,,,53,,,,,,,,,,,,,,,,,,,,,,,,,,,,,,,,,,,,,,,,,,,,,,,,,,,,,,3030270001,197 SCHOLES STREET,11206,3345008,,,,,,
PACT DEVELOPMENTS DIRECTORY as of 01/01/2025,,,,,33,,,,,,,,,,,M,,,,,,,,,,,,,,,,,,1,07,18,,34,,,,,,,,,,,,,,,,,19,,,,,,,,,,,,,,,,,,,,,,,,53,,,,,,,,,,,,,,,,,,,,,,,,,,,,,,,,,,,,,,,,,,,,,,,,,,,,,,3030270001,195 SCHOLES STREET,11206,3345008,,,,,,
PACT DEVELOPMENTS DIRECTORY as of 01/01/2025,,,,,33,,,,,,,,,,,M,,,,,,,,,,,,,,,,,,1,07,18,,34,,,,,,,,,,,,,,,,,19,,,,,,,,,,,,,,,,,,,,,,,,53,,,,,,,,,,,,,,,,,,,,,,,,,,,,,,,,,,,,,,,,,,,,,,,,,,,,,,3030270001,201 SCHOLES STREET,11206,3345008,,,,,,
PACT DEVELOPMENTS DIRECTORY as of 01/01/2025,,,,,33,,,,,,,,,,,M,,,,,,,,,,,,,,,,,,1,07,18,,34,,,,,,,,,,,,,,,,,19,,,,,,,,,,,,,,,,,,,,,,,,53,,,,,,,,,,,,,,,,,,,,,,,,,,,,,,,,,,,,,,,,,,,,,,,,,,,,,,3030270001,203 SCHOLES STREET,11206,3345008,,,,,,
PACT DEVELOPMENTS DIRECTORY as of 01/01/2025,,,,,33,,,,,,,,,,,M,,,,,,,,,,,,,,,,,,1,07,18,,34,,,,,,,,,,,,,,,,,19,,,,,,,,,,,,,,,,,,,,,,,,53,,,,,,,,,,,,,,,,,,,,,,,,,,,,,,,,,,,,,,,,,,,,,,,,,,,,,,3030270001,205 SCHOLES STREET,11206,3345008,,,,,,
PACT DEVELOPMENTS DIRECTORY as of 01/01/2025,,,,,33,,,,,,,,,,,M,,,,,,,,,,,,,,,,,,1,07,18,,34,,,,,,,,,,,,,,,,,2,,,,,,,,,,,,,,,,,,,,,,,,53,,,,,,,,,,,,,,,,,,,,,,,,,,,,,,,,,,,,,,,,,,,,,,,,,,,,,,3030240001,109 TEN EYCK WALK,11206,3327882,,,,,,
PACT DEVELOPMENTS DIRECTORY as of 01/01/2025,,,,,33,,,,,,,,,,,M,,,,,,,,,,,,,,,,,,1,07,18,,34,,,,,,,,,,,,,,,,,2,,,,,,,,,,,,,,,,,,,,,,,,53,,,,,,,,,,,,,,,,,,,,,,,,,,,,,,,,,,,,,,,,,,,,,,,,,,,,,,3030240001,110 MAUJER STREET,11206,3327882,,,,,,
PACT DEVELOPMENTS DIRECTORY as of 01/01/2025,,,,,33,,,,,,,,,,,M,,,,,,,,,,,,,,,,,,1,07,18,,34,,,,,,,,,,,,,,,,,2,,,,,,,,,,,,,,,,,,,,,,,,53,,,,,,,,,,,,,,,,,,,,,,,,,,,,,,,,,,,,,,,,,,,,,,,,,,,,,,3030240001,108 MAUJER STREET,11206,3327882,,,,,,
PACT DEVELOPMENTS DIRECTORY as of 01/01/2025,,,,,33,,,,,,,,,,,M,,,,,,,,,,,,,,,,,,1,07,18,,34,,,,,,,,,,,,,,,,,2,,,,,,,,,,,,,,,,,,,,,,,,53,,,,,,,,,,,,,,,,,,,,,,,,,,,,,,,,,,,,,,,,,,,,,,,,,,,,,,3030240001,114 MAUJER STREET,11206,3327882,,,,,,
PACT DEVELOPMENTS DIRECTORY as of 01/01/2025,,,,,34,,,,,,,,,,,M,,,,,,,,,,,,,,,,,,1,07,18,,34,,,,,,,,,,,,,,,,,,,,,,,,,,,,,,,,,,,,,,,,,53,,,,,,,,,,,,,,,,,2,,,,,,,,,,,,,,,,,,,,,,,,,,,,,,,,,,,,,,,11206,,3030240001,111 TEN EYCK WALK,3327882,,,
PACT DEVELOPMENTS DIRECTORY as of 01/01/2025,,,,,34,,,,,,,,,,,M,,,,,,,,,,,,,,,,,,1,07,18,,34,,,,,,,,,,,,,,,,,,,,,,,,,,,,,,,,,,,,,,,,,53,,,,,,,,,,,,,,,,,2,,,,,,,,,,,,,,,,,,,,,,,,,,,,,,,,,,,,,,,11206,,3030240001,113 TEN EYCK WALK,3327882,,,
PACT DEVELOPMENTS DIRECTORY as of 01/01/2025,,,,,34,,,,,,,,,,,M,,,,,,,,,,,,,,,,,,1,07,18,,34,,,,,,,,,,,,,,,,,,,,,,,,,,,,,,,,,,,,,,,,,53,,,,,,,,,,,,,,,,,20,,,,,,,,,,,,,,,,,,,,,,,,,,,,,,,,,,,,,,,11206,,3030270001,215 SCHOLES STREET,3344998,,,
PACT DEVELOPMENTS DIRECTORY as of 01/01/2025,,,,,34,,,,,,,,,,,M,,,,,,,,,,,,,,,,,,1,07,18,,34,,,,,,,,,,,,,,,,,,,,,,,,,,,,,,,,,,,,,,,,,53,,,,,,,,,,,,,,,,,20,,,,,,,,,,,,,,,,,,,,,,,,,,,,,,,,,,,,,,,11206,,3030270001,218 STAGG WALK,3344998,,,
PACT DEVELOPMENTS DIRECTORY as of 01/01/2025,,,,,34,,,,,,,,,,,M,,,,,,,,,,,,,,,,,,1,07,18,,34,,,,,,,,,,,,,,,,,,,,,,,,,,,,,,,,,,,,,,,,,53,,,,,,,,,,,,,,,,,20,,,,,,,,,,,,,,,,,,,,,,,,,,,,,,,,,,,,,,,11206,,3030270001,216 STAGG WALK,3344998,,,
PACT DEVELOPMENTS DIRECTORY as of 01/01/2025,,,,,34,,,,,,,,,,,M,,,,,,,,,,,,,,,,,,1,07,18,,34,,,,,,,,,,,,,,,,,,,,,,,,,,,,,,,,,,,,,,,,,53,,,,,,,,,,,,,,,,,20,,,,,,,,,,,,,,,,,,,,,,,,,,,,,,,,,,,,,,,11206,,3030270001,214 STAGG WALK,3344998,,,
PACT DEVELOPMENTS DIRECTORY as of 01/01/2025,,,,,34,,,,,,,,,,,M,,,,,,,,,,,,,,,,,,1,07,18,,34,,,,,,,,,,,,,,,,,,,,,,,,,,,,,,,,,,,,,,,,,53,,,,,,,,,,,,,,,,,20,,,,,,,,,,,,,,,,,,,,,,,,,,,,,,,,,,,,,,,11206,,3030270001,222 STAGG WALK,3344998,,,
PACT DEVELOPMENTS DIRECTORY as of 01/01/2025,,,,,34,,,,,,,,,,,,,,,,,,,,,,,,,,,,,1,07,18,,34,,,,,,,,,,,,,,,,,,,,,,,,,,,,,,,,,,,,,,,,,53,,,,,,,,,,,,,,,,,20,,,,,,,,,,,,,,,,,,,,,,,,,,,,,,,,,,,,,,,11206,,3030270001,178 BUSHWICK AVENUE,3344998,,,
PACT DEVELOPMENTS DIRECTORY as of 01/01/2025,,,,,34,,,,,,,,,,,,,,,,,,,,,,,,,,,,,1,07,18,,34,,,,,,,,,,,,,,,,,,,,,,,,,,,,,,,,,,,,,,,,,53,,,,,,,,,,,,,,,,,20,,,,,,,,,,,,,,,,,,,,,,,,,,,,,,,,,,,,,,,11206,,3030270001,176 BUSHWICK AVENUE,3344998,,,
PACT DEVELOPMENTS DIRECTORY as of 01/01/2025,,,,,34,,,,,,,,,,,M,,,,,,,,,,,,,,,,,,1,07,18,,34,,,,,,,,,,,,,,,,,,,,,,,,,,,,,,,,,,,,,,,,,53,,,,,,,,,,,,,,,,,20,,,,,,,,,,,,,,,,,,,,,,,,,,,,,,,,,,,,,,,11206,,3030270001,220 STAGG WALK,3344998,,,
PACT DEVELOPMENTS DIRECTORY as of 01/01/2025,,,,,34,,,,,,,,,,,,,,,,,,,,,,,,,,,,,1,07,18,,34,,,,,,,,,,,,,,,,,,,,,,,,,,,,,,,,,,,,,,,,,53,,,,,,,,,,,,,,,,,20,,,,,,,,,,,,,,,,,,,,,,,,,,,,,,,,,,,,,,,11206,,3030270001,172 BUSHWICK AVENUE,3344998,,,
PACT DEVELOPMENTS DIRECTORY as of 01/01/2025,,,,,34,,,,,,,,,,,M,,,,,,,,,,,,,,,,,,1,07,18,,34,,,,,,,,,,,,,,,,,,,,,,,,,,,,,,,,,,,,,,,,,53,,,,,,,,,,,,,,,,,20,,,,,,,,,,,,,,,,,,,,,,,,,,,,,,,,,,,,,,,11206,,3030270001,217 SCHOLES STREET,3344998,,,
PACT DEVELOPMENTS DIRECTORY as of 01/01/2025,,,,,34,,,,,,,,,,,M,,,,,,,,,,,,,,,,,,1,07,18,,34,,,,,,,,,,,,,,,,,,,,,,,,,,,,,,,,,,,,,,,,,53,,,,,,,,,,,,,,,,,20,,,,,,,,,,,,,,,,,,,,,,,,,,,,,,,,,,,,,,,11206,,3030270001,219 SCHOLES STREET,3344998,,,
PACT DEVELOPMENTS DIRECTORY as of 01/01/2025,,,,,34,,,,,,,,,,,,,,,,,,,,,,,,,,,,,1,07,18,,34,,,,,,,,,,,,,,,,,,,,,,,,,,,,,,,,,,,,,,,,,53,,,,,,,,,,,,,,,,,21,,,,,,,,,,,,,,,,,,,,,,,,,,,,,,,,,,,,,,,11206,,3030250070,195 GRAHAM AVENUE,3070826,,,
PACT DEVELOPMENTS DIRECTORY as of 01/01/2025,,,,,34,,,,,,,,,,,M,,,,,,,,,,,,,,,,,,1,07,18,,34,,,,,,,,,,,,,,,,,,,,,,,,,,,,,,,,,,,,,,,,,53,,,,,,,,,,,,,,,,,3,,,,,,,,,,,,,,,,,,,,,,,,,,,,,,,,,,,,,,,11206,,3030240001,90 TEN EYCK WALK,3327879,,,
PACT DEVELOPMENTS DIRECTORY as of 01/01/2025,,,,,34,,,,,,,,,,,M,,,,,,,,,,,,,,,,,,1,07,18,,34,,,,,,,,,,,,,,,,,,,,,,,,,,,,,,,,,,,,,,,,,53,,,,,,,,,,,,,,,,,3,,,,,,,,,,,,,,,,,,,,,,,,,,,,,,,,,,,,,,,11206,,3030240001,92 TEN EYCK WALK,3327879,,,
PACT DEVELOPMENTS DIRECTORY as of 01/01/2025,,,,,34,,,,,,,,,,,M,,,,,,,,,,,,,,,,,,1,07,18,,34,,,,,,,,,,,,,,,,,,,,,,,,,,,,,,,,,,,,,,,,,53,,,,,,,,,,,,,,,,,3,,,,,,,,,,,,,,,,,,,,,,,,,,,,,,,,,,,,,,,11206,,3030240001,101 STAGG WALK,3327879,,,
PACT DEVELOPMENTS DIRECTORY as of 01/01/2025,,,,,34,,,,,,,,,,,M,,,,,,,,,,,,,,,,,,1,07,18,,34,,,,,,,,,,,,,,,,,,,,,,,,,,,,,,,,,,,,,,,,,53,,,,,,,,,,,,,,,,,3,,,,,,,,,,,,,,,,,,,,,,,,,,,,,,,,,,,,,,,11206,,3030240001,99 STAGG WALK,3327879,,,
PACT DEVELOPMENTS DIRECTORY as of 01/01/2025,,,,,34,,,,,,,,,,,M,,,,,,,,,,,,,,,,,,1,07,18,,34,,,,,,,,,,,,,,,,,,,,,,,,,,,,,,,,,,,,,,,,,53,,,,,,,,,,,,,,,,,3,,,,,,,,,,,,,,,,,,,,,,,,,,,,,,,,,,,,,,,11206,,3030240001,97 STAGG WALK,3327879,,,
PACT DEVELOPMENTS DIRECTORY as of 01/01/2025,,,,,34,,,,,,,,,,,M,,,,,,,,,,,,,,,,,,1,07,18,,34,,,,,,,,,,,,,,,,,,,,,,,,,,,,,,,,,,,,,,,,,53,,,,,,,,,,,,,,,,,4,,,,,,,,,,,,,,,,,,,,,,,,,,,,,,,,,,,,,,,11206,,3030240001,110 TEN EYCK WALK,3327881,,,
PACT DEVELOPMENTS DIRECTORY as of 01/01/2025,,,,,34,,,,,,,,,,,M,,,,,,,,,,,,,,,,,,1,07,18,,34,,,,,,,,,,,,,,,,,,,,,,,,,,,,,,,,,,,,,,,,,53,,,,,,,,,,,,,,,,,4,,,,,,,,,,,,,,,,,,,,,,,,,,,,,,,,,,,,,,,11206,,3030240001,112 TEN EYCK WALK,3327881,,,
PACT DEVELOPMENTS DIRECTORY as of 01/01/2025,,,,,34,,,,,,,,,,,M,,,,,,,,,,,,,,,,,,1,07,18,,34,,,,,,,,,,,,,,,,,,,,,,,,,,,,,,,,,,,,,,,,,53,,,,,,,,,,,,,,,,,4,,,,,,,,,,,,,,,,,,,,,,,,,,,,,,,,,,,,,,,11206,,3030240001,114 TEN EYCK WALK,3327881,,,
PACT DEVELOPMENTS DIRECTORY as of 01/01/2025,,,,,34,,,,,,,,,,,M,,,,,,,,,,,,,,,,,,1,07,18,,34,,,,,,,,,,,,,,,,,,,,,,,,,,,,,,,,,,,,,,,,,53,,,,,,,,,,,,,,,,,4,,,,,,,,,,,,,,,,,,,,,,,,,,,,,,,,,,,,,,,11206,,3030240001,123 STAGG WALK,3327881,,,
PACT DEVELOPMENTS DIRECTORY as of 01/01/2025,,,,,34,,,,,,,,,,,M,,,,,,,,,,,,,,,,,,1,07,18,,34,,,,,,,,,,,,,,,,,,,,,,,,,,,,,,,,,,,,,,,,,53,,,,,,,,,,,,,,,,,4,,,,,,,,,,,,,,,,,,,,,,,,,,,,,,,,,,,,,,,11206,,3030240001,125 STAGG WALK,3327881,,,
PACT DEVELOPMENTS DIRECTORY as of 01/01/2025,,,,,34,,,,,,,,,,,M,,,,,,,,,,,,,,,,,,1,07,18,,34,,,,,,,,,,,,,,,,,,,,,,,,,,,,,,,,,,,,,,,,,53,,,,,,,,,,,,,,,,,5,,,,,,,,,,,,,,,,,,,,,,,,,,,,,,,,,,,,,,,11206,,3030240001,88 STAGG WALK,3327878,,,
PACT DEVELOPMENTS DIRECTORY as of 01/01/2025,,,,,34,,,,,,,,,,,M,,,,,,,,,,,,,,,,,,1,07,18,,34,,,,,,,,,,,,,,,,,,,,,,,,,,,,,,,,,,,,,,,,,53,,,,,,,,,,,,,,,,,5,,,,,,,,,,,,,,,,,,,,,,,,,,,,,,,,,,,,,,,11206,,3030240001,95 SCHOLES STREET,3327878,,,
PACT DEVELOPMENTS DIRECTORY as of 01/01/2025,,,,,34,,,,,,,,,,,M,,,,,,,,,,,,,,,,,,1,07,18,,34,,,,,,,,,,,,,,,,,,,,,,,,,,,,,,,,,,,,,,,,,53,,,,,,,,,,,,,,,,,5,,,,,,,,,,,,,,,,,,,,,,,,,,,,,,,,,,,,,,,11206,,3030240001,93 SCHOLES STREET,3327878,,,
PACT DEVELOPMENTS DIRECTORY as of 01/01/2025,,,,,34,,,,,,,,,,,M,,,,,,,,,,,,,,,,,,1,07,18,,34,,,,,,,,,,,,,,,,,,,,,,,,,,,,,,,,,,,,,,,,,53,,,,,,,,,,,,,,,,,5,,,,,,,,,,,,,,,,,,,,,,,,,,,,,,,,,,,,,,,11206,,3030240001,91 SCHOLES STREET,3327878,,,
PACT DEVELOPMENTS DIRECTORY as of 01/01/2025,,,,,34,,,,,,,,,,,M,,,,,,,,,,,,,,,,,,1,07,18,,34,,,,,,,,,,,,,,,,,,,,,,,,,,,,,,,,,,,,,,,,,53,,,,,,,,,,,,,,,,,5,,,,,,,,,,,,,,,,,,,,,,,,,,,,,,,,,,,,,,,11206,,3030240001,101 SCHOLES STREET,3327878,,,
PACT DEVELOPMENTS DIRECTORY as of 01/01/2025,,,,,34,,,,,,,,,,,M,,,,,,,,,,,,,,,,,,1,07,18,,34,,,,,,,,,,,,,,,,,,,,,,,,,,,,,,,,,,,,,,,,,53,,,,,,,,,,,,,,,,,5,,,,,,,,,,,,,,,,,,,,,,,,,,,,,,,,,,,,,,,11206,,3030240001,99 SCHOLES STREET,3327878,,,
PACT DEVELOPMENTS DIRECTORY as of 01/01/2025,,,,,34,,,,,,,,,,,M,,,,,,,,,,,,,,,,,,1,07,18,,34,,,,,,,,,,,,,,,,,,,,,,,,,,,,,,,,,,,,,,,,,53,,,,,,,,,,,,,,,,,5,,,,,,,,,,,,,,,,,,,,,,,,,,,,,,,,,,,,,,,11206,,3030240001,97 SCHOLES STREET,3327878,,,
PACT DEVELOPMENTS DIRECTORY as of 01/01/2025,,,,,34,,,,,,,,,,,M,,,,,,,,,,,,,,,,,,1,07,18,,34,,,,,,,,,,,,,,,,,,,,,,,,,,,,,,,,,,,,,,,,,53,,,,,,,,,,,,,,,,,6,,,,,,,,,,,,,,,,,,,,,,,,,,,,,,,,,,,,,,,11206,,3030240001,106 STAGG WALK,3344259,,,
PACT DEVELOPMENTS DIRECTORY as of 01/01/2025,,,,,34,,,,,,,,,,,M,,,,,,,,,,,,,,,,,,1,07,18,,34,,,,,,,,,,,,,,,,,,,,,,,,,,,,,,,,,,,,,,,,,53,,,,,,,,,,,,,,,,,6,,,,,,,,,,,,,,,,,,,,,,,,,,,,,,,,,,,,,,,11206,,3030240001,108 STAGG WALK,3344259,,,
PACT DEVELOPMENTS DIRECTORY as of 01/01/2025,,,,,34,,,,,,,,,,,M,,,,,,,,,,,,,,,,,,1,07,18,,34,,,,,,,,,,,,,,,,,,,,,,,,,,,,,,,,,,,,,,,,,53,,,,,,,,,,,,,,,,,6,,,,,,,,,,,,,,,,,,,,,,,,,,,,,,,,,,,,,,,11206,,3030240001,110 STAGG WALK,3344259,,,
PACT DEVELOPMENTS DIRECTORY as of 01/01/2025,,,,,34,,,,,,,,,,,M,,,,,,,,,,,,,,,,,,1,07,18,,34,,,,,,,,,,,,,,,,,,,,,,,,,,,,,,,,,,,,,,,,,53,,,,,,,,,,,,,,,,,6,,,,,,,,,,,,,,,,,,,,,,,,,,,,,,,,,,,,,,,11206,,3030240001,111 SCHOLES STREET,3344259,,,
PACT DEVELOPMENTS DIRECTORY as of 01/01/2025,,,,,34,,,,,,,,,,,M,,,,,,,,,,,,,,,,,,1,07,18,,34,,,,,,,,,,,,,,,,,,,,,,,,,,,,,,,,,,,,,,,,,53,,,,,,,,,,,,,,,,,6,,,,,,,,,,,,,,,,,,,,,,,,,,,,,,,,,,,,,,,11206,,3030240001,115 SCHOLES STREET,3344259,,,
PACT DEVELOPMENTS DIRECTORY as of 01/01/2025,,,,,34,,,,,,,,,,,M,,,,,,,,,,,,,,,,,,1,07,18,,34,,,,,,,,,,,,,,,,,,,,,,,,,,,,,,,,,,,,,,,,,53,,,,,,,,,,,,,,,,,6,,,,,,,,,,,,,,,,,,,,,,,,,,,,,,,,,,,,,,,11206,,3030240001,113 SCHOLES STREET,3344259,,,
PACT DEVELOPMENTS DIRECTORY as of 01/01/2025,,,,,34,,,,,,,,,,,M,,,,,,,,,,,,,,,,,,1,07,18,,34,,,,,,,,,,,,,,,,,,,,,,,,,,,,,,,,,,,,,,,,,53,,,,,,,,,,,,,,,,,6,,,,,,,,,,,,,,,,,,,,,,,,,,,,,,,,,,,,,,,11206,,3030240001,112 STAGG WALK,3344259,,,
PACT DEVELOPMENTS DIRECTORY as of 01/01/2025,,,,,34,,,,,,,,,,,M,,,,,,,,,,,,,,,,,,1,07,18,,34,,,,,,,,,,,,,,,,,,,,,,,,,,,,,,,,,,,,,,,,,53,,,,,,,,,,,,,,,,,6,,,,,,,,,,,,,,,,,,,,,,,,,,,,,,,,,,,,,,,11206,,3030240001,114 STAGG WALK,3344259,,,
PACT DEVELOPMENTS DIRECTORY as of 01/01/2025,,,,,34,,,,,,,,,,,M,,,,,,,,,,,,,,,,,,1,07,18,,34,,,,,,,,,,,,,,,,,,,,,,,,,,,,,,,,,,,,,,,,,53,,,,,,,,,,,,,,,,,7,,,,,,,,,,,,,,,,,,,,,,,,,,,,,,,,,,,,,,,11206,,3030250046,123 TEN EYCK WALK,3344926,,,
PACT DEVELOPMENTS DIRECTORY as of 01/01/2025,,,,,34,,,,,,,,,,,M,,,,,,,,,,,,,,,,,,1,07,18,,34,,,,,,,,,,,,,,,,,,,,,,,,,,,,,,,,,,,,,,,,,53,,,,,,,,,,,,,,,,,7,,,,,,,,,,,,,,,,,,,,,,,,,,,,,,,,,,,,,,,11206,,3030250046,125 TEN EYCK WALK,3344926,,,
PACT DEVELOPMENTS DIRECTORY as of 01/01/2025,,,,,34,,,,,,,,,,,M,,,,,,,,,,,,,,,,,,1,07,18,,34,,,,,,,,,,,,,,,,,,,,,,,,,,,,,,,,,,,,,,,,,53,,,,,,,,,,,,,,,,,7,,,,,,,,,,,,,,,,,,,,,,,,,,,,,,,,,,,,,,,11206,,3030250046,126 MAUJER STREET,3344926,,,
PACT DEVELOPMENTS DIRECTORY as of 01/01/2025,,,,,34,,,,,,,,,,,M,,,,,,,,,,,,,,,,,,1,07,18,,34,,,,,,,,,,,,,,,,,,,,,,,,,,,,,,,,,,,,,,,,,53,,,,,,,,,,,,,,,,,7,,,,,,,,,,,,,,,,,,,,,,,,,,,,,,,,,,,,,,,11206,,3030250046,124 MAUJER STREET,3344926,,,
PACT DEVELOPMENTS DIRECTORY as of 01/01/2025,,,,,34,,,,,,,,,,,M,,,,,,,,,,,,,,,,,,1,07,18,,34,,,,,,,,,,,,,,,,,,,,,,,,,,,,,,,,,,,,,,,,,53,,,,,,,,,,,,,,,,,7,,,,,,,,,,,,,,,,,,,,,,,,,,,,,,,,,,,,,,,11206,,3030250046,128 MAUJER STREET,3344926,,,
PACT DEVELOPMENTS DIRECTORY as of 01/01/2025,,,,,34,,,,,,,,,,,M,,,,,,,,,,,,,,,,,,1,07,18,,34,,,,,,,,,,,,,,,,,,,,,,,,,,,,,,,,,,,,,,,,,53,,,,,,,,,,,,,,,,,7,,,,,,,,,,,,,,,,,,,,,,,,,,,,,,,,,,,,,,,11206,,3030250046,127 TEN EYCK WALK,3344926,,,
PACT DEVELOPMENTS DIRECTORY as of 01/01/2025,,,,,34,,,,,,,,,,,M,,,,,,,,,,,,,,,,,,1,07,18,,34,,,,,,,,,,,,,,,,,,,,,,,,,,,,,,,,,,,,,,,,,53,,,,,,,,,,,,,,,,,7,,,,,,,,,,,,,,,,,,,,,,,,,,,,,,,,,,,,,,,11206,,3030250046,129 TEN EYCK WALK,3344926,,,
PACT DEVELOPMENTS DIRECTORY as of 01/01/2025,,,,,34,,,,,,,,,,,M,,,,,,,,,,,,,,,,,,1,07,18,,34,,,,,,,,,,,,,,,,,,,,,,,,,,,,,,,,,,,,,,,,,53,,,,,,,,,,,,,,,,,7,,,,,,,,,,,,,,,,,,,,,,,,,,,,,,,,,,,,,,,11206,,3030250046,131 TEN EYCK WALK,3344926,,,
PACT DEVELOPMENTS DIRECTORY as of 01/01/2025,,,,,34,,,,,,,,,,,M,,,,,,,,,,,,,,,,,,1,07,18,,34,,,,,,,,,,,,,,,,,,,,,,,,,,,,,,,,,,,,,,,,,53,,,,,,,,,,,,,,,,,8,,,,,,,,,,,,,,,,,,,,,,,,,,,,,,,,,,,,,,,11206,,3030250046,143 TEN EYCK WALK,3327884,,,
PACT DEVELOPMENTS DIRECTORY as of 01/01/2025,,,,,34,,,,,,,,,,,M,,,,,,,,,,,,,,,,,,1,07,18,,34,,,,,,,,,,,,,,,,,,,,,,,,,,,,,,,,,,,,,,,,,53,,,,,,,,,,,,,,,,,8,,,,,,,,,,,,,,,,,,,,,,,,,,,,,,,,,,,,,,,11206,,3030250046,145 TEN EYCK WALK,3327884,,,
PACT DEVELOPMENTS DIRECTORY as of 01/01/2025,,,,,34,,,,,,,,,,,,,,,,,,,,,,,,,,,,,1,07,18,,34,,,,,,,,,,,,,,,,,,,,,,,,,,,,,,,,,,,,,,,,,53,,,,,,,,,,,,,,,,,8,,,,,,,,,,,,,,,,,,,,,,,,,,,,,,,,,,,,,,,11206,,3030250046,237 GRAHAM AVENUE,3327884,,,
PACT DEVELOPMENTS DIRECTORY as of 01/01/2025,,,,,34,,,,,,,,,,,,,,,,,,,,,,,,,,,,,1,07,18,,34,,,,,,,,,,,,,,,,,,,,,,,,,,,,,,,,,,,,,,,,,53,,,,,,,,,,,,,,,,,8,,,,,,,,,,,,,,,,,,,,,,,,,,,,,,,,,,,,,,,11206,,3030250046,239 GRAHAM AVENUE,3327884,,,
PACT DEVELOPMENTS DIRECTORY as of 01/01/2025,,,,,34,,,,,,,,,,,M,,,,,,,,,,,,,,,,,,1,07,18,,34,,,,,,,,,,,,,,,,,,,,,,,,,,,,,,,,,,,,,,,,,53,,,,,,,,,,,,,,,,,8,,,,,,,,,,,,,,,,,,,,,,,,,,,,,,,,,,,,,,,11206,,3030250046,144 MAUJER STREET,3327884,,,
PACT DEVELOPMENTS DIRECTORY as of 01/01/2025,,,,,34,,,,,,,,,,,M,,,,,,,,,,,,,,,,,,1,07,18,,34,,,,,,,,,,,,,,,,,,,,,,,,,,,,,,,,,,,,,,,,,53,,,,,,,,,,,,,,,,,8,,,,,,,,,,,,,,,,,,,,,,,,,,,,,,,,,,,,,,,11206,,3030250046,142 MAUJER STREET,3327884,,,
PACT DEVELOPMENTS DIRECTORY as of 01/01/2025,,,,,34,,,,,,,,,,,,,,,,,,,,,,,,,,,,,1,07,18,,34,,,,,,,,,,,,,,,,,,,,,,,,,,,,,,,,,,,,,,,,,53,,,,,,,,,,,,,,,,,8,,,,,,,,,,,,,,,,,,,,,,,,,,,,,,,,,,,,,,,11206,,3030250046,152 MAUJER STREET,3327884,,,
PACT DEVELOPMENTS DIRECTORY as of 01/01/2025,,,,,34,,,,,,,,,,,,,,,,,,,,,,,,,,,,,1,07,18,,34,,,,,,,,,,,,,,,,,,,,,,,,,,,,,,,,,,,,,,,,,53,,,,,,,,,,,,,,,,,8,,,,,,,,,,,,,,,,,,,,,,,,,,,,,,,,,,,,,,,11206,,3030250046,241 GRAHAM AVENUE,3327884,,,
PACT DEVELOPMENTS DIRECTORY as of 01/01/2025,MANHATTAN,399,127,11/30/2020,35,,,,,,,,,,,,,,,,,,,,,,,,,,,,,1,07,18,,34,,,8,,,,,,,,,,,,,,,,,,,,,,,,,,,,,,,,,,,,,,53,,,,,,,,,,,,,,,,,,,,,,,,,,,,,,,,,,,,,,,,,,,,,,,,,,,,,,,,11206,,,,,3030250046,146 MAUJER STREET,3327884
PACT DEVELOPMENTS DIRECTORY as of 01/01/2025,MANHATTAN,399,127,11/30/2020,35,,,,,,,,,,,,,,,,,,,,,,,,,,,,,1,07,18,,34,,,8,,,,,,,,,,,,,,,,,,,,,,,,,,,,,,,,,,,,,,53,,,,,,,,,,,,,,,,,,,,,,,,,,,,,,,,,,,,,,,,,,,,,,,,,,,,,,,,11206,,,,,3030250046,245 GRAHAM AVENUE,3327884
PACT DEVELOPMENTS DIRECTORY as of 01/01/2025,MANHATTAN,399,127,11/30/2020,35,,,,,,,,,,,,,,,,,,,,,,,,,,,,,1,07,18,,34,,,8,,,,,,,,,,,,,,,,,,,,,,,,,,,,,,,,,,,,,,53,,,,,,,,,,,,,,,,,,,,,,,,,,,,,,,,,,,,,,,,,,,,,,,,,,,,,,,,11206,,,,,3030250046,243 GRAHAM AVENUE,3327884
PACT DEVELOPMENTS DIRECTORY as of 01/01/2025,MANHATTAN,399,127,11/30/2020,35,,,,,,,,,,,,,,,,,,,,,,,,,,,,,1,07,18,,34,,,8,,,,,,,,,,,,,,,,,,,,,,,,,,,,,,,,,,,,,,53,,,,,,,,,,,,,,,,,,,,,,,,,,,,,,,,,,,,,,,,,,,,,,,,,,,,,,,,11206,,,,,3030250046,147 TEN EYCK WALK,3327884
PACT DEVELOPMENTS DIRECTORY as of 01/01/2025,MANHATTAN,399,127,11/30/2020,35,,,,,,,,,,,,,,,,,,,,,,,,,,,,,1,07,18,,34,,,8,,,,,,,,,,,,,,,,,,,,,,,,,,,,,,,,,,,,,,53,,,,,,,,,,,,,,,,,,,,,,,,,,,,,,,,,,,,,,,,,,,,,,,,,,,,,,,,11206,,,,,3030250046,235 GRAHAM AVENUE,3327884
PACT DEVELOPMENTS DIRECTORY as of 01/01/2025,MANHATTAN,399,127,11/30/2020,35,,,,,,,,,,,,,,,,,,,,,,,,,,,,,1,07,18,,34,,,8,,,,,,,,,,,,,,,,,,,,,,,,,,,,,,,,,,,,,,53,,,,,,,,,,,,,,,,,,,,,,,,,,,,,,,,,,,,,,,,,,,,,,,,,,,,,,,,11206,,,,,3030250046,149 TEN EYCK WALK,3327884
PACT DEVELOPMENTS DIRECTORY as of 01/01/2025,MANHATTAN,399,127,11/30/2020,35,,,,,,,,,,,,,,,,,,,,,,,,,,,,,1,07,18,,34,,,8,,,,,,,,,,,,,,,,,,,,,,,,,,,,,,,,,,,,,,53,,,,,,,,,,,,,,,,,,,,,,,,,,,,,,,,,,,,,,,,,,,,,,,,,,,,,,,,11206,,,,,3030250046,233 GRAHAM AVENUE,3327884
PACT DEVELOPMENTS DIRECTORY as of 01/01/2025,MANHATTAN,399,127,11/30/2020,35,,,,,,,,,,,,,,,,,,,,,,,,,,,,,1,07,18,,34,,,8,,,,,,,,,,,,,,,,,,,,,,,,,,,,,,,,,,,,,,53,,,,,,,,,,,,,,,,,,,,,,,,,,,,,,,,,,,,,,,,,,,,,,,,,,,,,,,,11206,,,,,3030250046,231 GRAHAM AVENUE,3327884
PACT DEVELOPMENTS DIRECTORY as of 01/01/2025,MANHATTAN,399,127,11/30/2020,35,,,,,,,,,,,,,,,,,,,,,,,,,,,,,1,07,18,,34,,,8,,,,,,,,,,,,,,,,,,,,,,,,,,,,,,,,,,,,,,53,,,,,,,,,,,,,,,,,,,,,,,,,,,,,,,,,,,,,,,,,,,,,,,,,,,,,,,,11206,,,,,3030250046,151 TEN EYCK WALK,3327884
PACT DEVELOPMENTS DIRECTORY as of 01/01/2025,MANHATTAN,399,127,11/30/2020,35,,,,,,,,,,,,,,,,,,,,,,,,,,,,,1,07,18,,34,,,9,,,,,,,,,,,,,,,,,,,,,,,,,,,,,,,,,,,,,,53,,,,,,,,,,,,,,,,,,,,,,,,,,,,,,,,,,,,,,,,,,,,,,,,,,,,,,,,11206,,,,,3030260001,242 GRAHAM AVENUE,3327887
PACT DEVELOPMENTS DIRECTORY as of 01/01/2025,MANHATTAN,399,127,11/30/2020,35,,,,,,,,,,,,,,,,,,,,,,,,,,,,,1,07,18,,34,,,9,,,,,,,,,,,,,,,,,,,,,,,,,,,,,,,,,,,,,,53,,,,,,,,,,,,,,,,,,,,,,,,,,,,,,,,,,,,,,,,,,,,,,,,,,,,,,,,11206,,,,,3030260001,238 GRAHAM AVENUE,3327887
PACT DEVELOPMENTS DIRECTORY as of 01/01/2025,MANHATTAN,399,127,11/30/2020,35,,,,,,,,,,,,,,,,,,,,,,,,,,,,,1,07,18,,34,,,9,,,,,,,,,,,,,,,,,,,,,,,,,,,,,,,,,,,,,,53,,,,,,,,,,,,,,,,,,,,,,,,,,,,,,,,,,,,,,,,,,,,,,,,,,,,,,,,11206,,,,,3030260001,240 GRAHAM AVENUE,3327887
PACT DEVELOPMENTS DIRECTORY as of 01/01/2025,MANHATTAN,399,127,11/30/2020,35,,,,,,,,,,,,,,,,,,,,,,,,,,,,,1,07,18,,34,,,9,,,,,,,,,,,,,,,,,,,,,,,,,,,,,,,,,,,,,,53,,,,,,,,,,,,,,,,,,,,,,,,,,,,,,,,,,,,,,,,,,,,,,,,,,,,,,,,11206,,,,,3030260001,161 TEN EYCK WALK,3327887
PACT DEVELOPMENTS DIRECTORY as of 01/01/2025,MANHATTAN,399,127,11/30/2020,35,,,,,,,,,,,,,,,,,,,,,,,,,,,,,1,07,18,,34,,,9,,,,,,,,,,,,,,,,,,,,,,,,,,,,,,,,,,,,,,53,,,,,,,,,,,,,,,,,,,,,,,,,,,,,,,,,,,,,,,,,,,,,,,,,,,,,,,,11206,,,,,3030260001,244 GRAHAM AVENUE,3327887
PACT DEVELOPMENTS DIRECTORY as of 01/01/2025,MANHATTAN,399,127,11/30/2020,35,,,,,,,,,,,,,,,,,,,,,,,,,,,,,1,07,18,,34,,,9,,,,,,,,,,,,,,,,,,,,,,,,,,,,,,,,,,,,,,53,,,,,,,,,,,,,,,,,,,,,,,,,,,,,,,,,,,,,,,,,,,,,,,,,,,,,,,,11206,,,,,3030260001,246 GRAHAM AVENUE,3327887
PACT DEVELOPMENTS DIRECTORY as of 01/01/2025,MANHATTAN,399,127,11/30/2020,35,,,,,,,,,,,,,,,,,,,,,,,,,,,,,1,07,18,,34,,,9,,,,,,,,,,,,,,,,,,,,,,,,,,,,,,,,,,,,,,53,,,,,,,,,,,,,,,,,,,,,,,,,,,,,,,,,,,,,,,,,,,,,,,,,,,,,,,,11206,,,,,3030260001,163 TEN EYCK WALK,3327887
PACT DEVELOPMENTS DIRECTORY as of 01/01/2025,MANHATTAN,399,127,11/30/2020,35,,,,,,,,,,,,,,,,,,,,,,,,,,,,,1,07,18,,34,,,9,,,,,,,,,,,,,,,,,,,,,,,,,,,,,,,,,,,,,,53,,,,,,,,,,,,,,,,,,,,,,,,,,,,,,,,,,,,,,,,,,,,,,,,,,,,,,,,11206,,,,,3030260001,248 GRAHAM AVENUE,3327887
PACT DEVELOPMENTS DIRECTORY as of 01/01/2025,MANHATTAN,399,127,11/30/2020,35,,,,,,,,,,,,,,,,,,,,,,,,,,,,,1,07,18,,34,,,9,,,,,,,,,,,,,,,,,,,,,,,,,,,,,,,,,,,,,,53,,,,,,,,,,,,,,,,,,,,,,,,,,,,,,,,,,,,,,,,,,,,,,,,,,,,,,,,11206,,,,,3030260001,162 MAUJER STREET,3327887
PACT DEVELOPMENTS DIRECTORY as of 01/01/2025,MANHATTAN,399,127,11/30/2020,35,,,,,,,,,,,,,,,,,,,,,,,,,,,,,1,07,18,,34,,,9,,,,,,,,,,,,,,,,,,,,,,,,,,,,,,,,,,,,,,53,,,,,,,,,,,,,,,,,,,,,,,,,,,,,,,,,,,,,,,,,,,,,,,,,,,,,,,,11206,,,,,3030260001,250 GRAHAM AVENUE,3327887
PACT DEVELOPMENTS DIRECTORY as of 01/01/2025,MANHATTAN,399,127,11/30/2020,35,,,,,,,,,,,,,,,,,,,,,,,,,,,,,1,07,18,,34,,,9,,,,,,,,,,,,,,,,,,,,,,,,,,,,,,,,,,,,,,53,,,,,,,,,,,,,,,,,,,,,,,,,,,,,,,,,,,,,,,,,,,,,,,,,,,,,,,,11206,,,,,3030260001,252 GRAHAM AVENUE,3327887
PACT DEVELOPMENTS DIRECTORY as of 01/01/2025,MANHATTAN,399,127,11/30/2020,35,,,,,,,,,,,,,,,,,,,,,,,,,,,,,1,07,18,,34,,,9,,,,,,,,,,,,,,,,,,,,,,,,,,,,,,,,,,,,,,53,,,,,,,,,,,,,,,,,,,,,,,,,,,,,,,,,,,,,,,,,,,,,,,,,,,,,,,,11206,,,,,3030260001,160 MAUJER STREET,3327887
PACT DEVELOPMENTS DIRECTORY as of 01/01/2025,MANHATTAN,399,127,11/30/2020,35,,,,,,,,,,,,,,,,,,,,,,,,,,,,,1,07,18,,34,,,9,,,,,,,,,,,,,,,,,,,,,,,,,,,,,,,,,,,,,,53,,,,,,,,,,,,,,,,,,,,,,,,,,,,,,,,,,,,,,,,,,,,,,,,,,,,,,,,11206,,,,,3030260001,254 GRAHAM AVENUE,3327887
PACT DEVELOPMENTS DIRECTORY as of 01/01/2025,MANHATTAN,399,127,11/30/2020,35,,,,,,,,,,,,,,,,,,,,,,,,,,,,,1,07,18,,34,,,9,,,,,,,,,,,,,,,,,,,,,,,,,,,,,,,,,,,,,,53,,,,,,,,,,,,,,,,,,,,,,,,,,,,,,,,,,,,,,,,,,,,,,,,,,,,,,,,11206,,,,,3030260001,164 MAUJER STREET,3327887
PACT DEVELOPMENTS DIRECTORY as of 01/01/2025,MANHATTAN,399,127,11/30/2020,35,,,,,,,,,,,,,,,,,,,,,,,,,,,,,1,07,18,,34,,,9,,,,,,,,,,,,,,,,,,,,,,,,,,,,,,,,,,,,,,53,,,,,,,,,,,,,,,,,,,,,,,,,,,,,,,,,,,,,,,,,,,,,,,,,,,,,,,,11206,,,,,3030260001,165 TEN EYCK WALK,3327887
PACT DEVELOPMENTS DIRECTORY as of 01/01/2025,MANHATTAN,399,127,11/30/2020,35,,,,,,,,,,,,,,,,,,,,,,,,,,,,,1,07,18,,34,,,9,,,,,,,,,,,,,,,,,,,,,,,,,,,,,,,,,,,,,,53,,,,,,,,,,,,,,,,,,,,,,,,,,,,,,,,,,,,,,,,,,,,,,,,,,,,,,,,11206,,,,,3030260001,167 TEN EYCK WALK,3327887
PACT DEVELOPMENTS DIRECTORY as of 01/01/2025,MANHATTAN,399,127,11/30/2020,35,,,,,,,,,,,,,,,,,,,,,,,,,,,,,1,07,18,,34,,,9,,,,,,,,,,,,,,,,,,,,,,,,,,,,,,,,,,,,,,53,,,,,,,,,,,,,,,,,,,,,,,,,,,,,,,,,,,,,,,,,,,,,,,,,,,,,,,,11206,,,,,3030260001,169 TEN EYCK WALK,3327887
PACT DEVELOPMENTS DIRECTORY as of 01/01/2025,MANHATTAN,399,127,11/30/2020,35,1012210007,1,117 WEST 90TH STREET,10024,7,12,47,69,06,1077128,M,,,,,,,,,,,,,,,,,,,,,,,,,,,,,,,,,,,,,,,,,,,,,,,,,,,,,,,,,,,,,,,,,,,,,,,,,,,,,,,,,,,,,,,,,,,,,,,,,,,,,,,,,,,,,,,,,,,,,,,,,,,,,,
PACT DEVELOPMENTS DIRECTORY as of 01/01/2025,MANHATTAN,399,127,11/30/2020,35,1012210007,1,111 WEST 90TH STREET,10024,7,12,47,69,06,1077128,,,,,,,,,,,,,,,,,,,,,,,,,,,,,,,,,,,,,,,,,,,,,,,,,,,,,,,,,,,,,,,,,,,,,,,,,,,,,,,,,,,,,,,,,,,,,,,,,,,,,,,,,,,,,,,,,,,,,,,,,,,,,,,
PACT DEVELOPMENTS DIRECTORY as of 01/01/2025,MANHATTAN,399,127,11/30/2020,35,1012210007,1,114 WEST 91ST STREET,10024,7,12,47,69,06,1077128,,,,,,,,,,,,,,,,,,,,,,,,,,,,,,,,,,,,,,,,,,,,,,,,,,,,,,,,,,,,,,,,,,,,,,,,,,,,,,,,,,,,,,,,,,,,,,,,,,,,,,,,,,,,,,,,,,,,,,,,,,,,,,,
PACT DEVELOPMENTS DIRECTORY as of 01/01/2025,MANHATTAN,399,127,11/30/2020,35,1012210007,1,124 WEST 91ST STREET,10024,7,12,47,69,06,1077128,,,,,,,,,,,,,,,,,,,,,,,,,,,,,,,,,,,,,,,,,,,,,,,,,,,,,,,,,,,,,,,,,,,,,,,,,,,,,,,,,,,,,,,,,,,,,,,,,,,,,,,,,,,,,,,,,,,,,,,,,,,,,,,
PACT DEVELOPMENTS DIRECTORY as of 01/01/2025,MANHATTAN,399,127,11/30/2020,35,1012210007,1,120 WEST 91ST STREET,10024,7,12,47,69,06,1077128,M,,,,,,,,,,,,,,,,,,,,,,,,,,,,,,,,,,,,,,,,,,,,,,,,,,,,,,,,,,,,,,,,,,,,,,,,,,,,,,,,,,,,,,,,,,,,,,,,,,,,,,,,,,,,,,,,,,,,,,,,,,,,,,
PACT DEVELOPMENTS DIRECTORY as of 01/01/2025,MANHATTAN,399,127,11/30/2020,35,1012210007,2,133 WEST 90TH STREET,10024,7,12,47,69,06,1077129,M,,,,,,,,,,,,,,,,,,,,,,,,,,,,,,,,,,,,,,,,,,,,,,,,,,,,,,,,,,,,,,,,,,,,,,,,,,,,,,,,,,,,,,,,,,,,,,,,,,,,,,,,,,,,,,,,,,,,,,,,,,,,,,
PACT DEVELOPMENTS DIRECTORY as of 01/01/2025,MANHATTAN,399,127,11/30/2020,35,1012210007,2,136 WEST 91ST STREET,10024,7,12,47,69,06,1077129,M,,,,,,,,,,,,,,,,,,,,,,,,,,,,,,,,,,,,,,,,,,,,,,,,,,,,,,,,,,,,,,,,,,,,,,,,,,,,,,,,,,,,,,,,,,,,,,,,,,,,,,,,,,,,,,,,,,,,,,,,,,,,,,
PACT DEVELOPMENTS DIRECTORY as of 01/01/2025,MANHATTAN,399,127,11/30/2020,35,1012210007,3,141 WEST 90TH STREET,10024,7,12,47,69,06,1077130,,,,,,,,,,,,,,,,,,,,,,,,,,,,,,,,,,,,,,,,,,,,,,,,,,,,,,,,,,,,,,,,,,,,,,,,,,,,,,,,,,,,,,,,,,,,,,,,,,,,,,,,,,,,,,,,,,,,,,,,,,,,,,,
