,development_name,borough,total_units,transferred_date,address,street_number,street_name,full_address,violationid,buildingid,registrationid,boroid,housenumber,lowhousenumber,highhousenumber,streetname,class,inspectiondate,approveddate,originalcertifybydate,originalcorrectbydate,newcertifybydate,newcorrectbydate,certifieddate,ordernumber,novid,novdescription,novissueddate,currentstatusid,currentstatus,currentstatusdate,novtype,violationstatus,rentimpairing,inspectiondate_year,novissued_year,date_pulled,no_days_open,one_yr_post_transfer
7260,LINDEN,BROOKLYN,1586,2021-12-28,570 STANLEY AVENUE,570.0,STANLEY AVENUE,570 STANLEY AVENUE,16024167,809549,389890.0,3,570,570,570,STANLEY AVENUE,B,2023-06-06,2023-06-06,07/26/2023,07/12/2023,,,,508.0,8514404.0,"§ 27-2005 ADM CODE REPAIR THE BROKEN OR DEFECTIVE PLASTERED SURFACES AND PAINT IN A UNIFORM COLOR AT THE CEILING IN THE PRIVATE HALLWAY LOCATED AT APT 8A, 8th STORY, 3rd APARTMENT FROM SOUTH AT WEST",2023-06-07,19.0,VIOLATION CLOSED,2024-06-24,Original,Close,N,2023,2023.0,2025-10-06,383.0,2022-12-28
7261,LINDEN,BROOKLYN,1586,2021-12-28,570 STANLEY AVENUE,570.0,STANLEY AVENUE,570 STANLEY AVENUE,17432517,809549,389890.0,3,570,570,570,STANLEY AVENUE,C,2024-11-20,2024-11-20,12/22/2024,12/17/2024,,,12/19/2024,568.0,9438348.0,"HMC ADM CODE: § 27-2017.4 ABATE THE INFESTATION CONSISTING OF ROACHES IN THE ENTIRE APARTMENT LOCATED AT APT 1D, 1st STORY, 2nd APARTMENT FROM NORTH AT EAST",2024-11-21,9.0,VIOLATION DISMISSED,2025-03-03,Original,Close,N,2024,2024.0,2025-10-06,102.0,2022-12-28
7262,LINDEN,BROOKLYN,1586,2021-12-28,570 STANLEY AVENUE,570.0,STANLEY AVENUE,570 STANLEY AVENUE,17432519,809549,389890.0,3,570,570,570,STANLEY AVENUE,B,2024-11-20,2024-11-20,01/09/2025,12/26/2024,,,,522.0,9438345.0,"§ 27-2005, 2007 ADM CODE FIRE EGRESS DEFECTIVE. REMOVE OBSTRUCTING BARS OR UNLAWFUL GATES FROM AT LEAST 1 WINDOW OR PROVIDE APPROVED TYPE GATE IN THE ENTIRE APARTMENT LOCATED AT APT 1D, 1st STORY, 2nd APARTMENT FROM NORTH AT EAST",2024-11-21,19.0,VIOLATION CLOSED,2025-05-07,Original,Close,N,2024,2024.0,2025-10-06,167.0,2022-12-28
7263,LINDEN,BROOKLYN,1586,2021-12-28,570 STANLEY AVENUE,570.0,STANLEY AVENUE,570 STANLEY AVENUE,15378517,809549,389890.0,3,570,570,570,STANLEY AVENUE,C,2022-09-15,2022-09-16,10/20/2022,10/15/2022,,,,569.0,8042774.0,"HMC ADM CODE: § 27-2017.4 ABATE THE INFESTATION CONSISTING OF MICE IN THE ENTIRE APARTMENT LOCATED AT APT 8A, 8th STORY, 3rd APARTMENT FROM SOUTH AT WEST",2022-09-19,19.0,VIOLATION CLOSED,2024-10-17,Original,Close,N,2022,2022.0,2025-10-06,759.0,2022-12-28
7264,LINDEN,BROOKLYN,1586,2021-12-28,570 STANLEY AVENUE,570.0,STANLEY AVENUE,570 STANLEY AVENUE,15378522,809549,389890.0,3,570,570,570,STANLEY AVENUE,B,2022-09-15,2022-09-16,11/07/2022,10/24/2022,,,,508.0,8042772.0,"§ 27-2005 ADM CODE REPAIR THE BROKEN OR DEFECTIVE PLASTERED SURFACES AND PAINT IN A UNIFORM COLOR THE NORTH WALL, EAST WALL, SOUTH WALL, WEST WALL, CEILING IN THE 2nd ROOM FROM NORTH LOCATED AT APT 8A, 8th STORY, 3rd APARTMENT FROM SOUTH AT WEST",2022-09-19,19.0,VIOLATION CLOSED,2024-06-24,Original,Close,N,2022,2022.0,2025-10-06,644.0,2022-12-28
7265,LINDEN,BROOKLYN,1586,2021-12-28,570 STANLEY AVENUE,570.0,STANLEY AVENUE,570 STANLEY AVENUE,16024169,809549,389890.0,3,570,570,570,STANLEY AVENUE,B,2023-06-06,2023-06-06,07/26/2023,07/12/2023,,,,583.0,8514404.0,"§ 27-2026, 2027 HMC: PROPERLY REPAIR THE SOURCE AND ABATE THE EVIDENCE OF A WATER LEAK ABOVD THE CEILING IN THE 4th ROOM FROM NORTH LOCATED AT APT 8A, 8th STORY, 3rd APARTMENT FROM SOUTH AT WEST",2023-06-07,19.0,VIOLATION CLOSED,2024-06-24,Original,Close,N,2023,2023.0,2025-10-06,383.0,2022-12-28
7266,LINDEN,BROOKLYN,1586,2021-12-28,570 STANLEY AVENUE,570.0,STANLEY AVENUE,570 STANLEY AVENUE,15723873,809549,389890.0,3,570,570,570,STANLEY AVENUE,B,2023-02-15,2023-02-15,04/06/2023,03/23/2023,,,,508.0,8293655.0,"§ 27-2005 ADM CODE REPAIR THE BROKEN OR DEFECTIVE PLASTERED SURFACES AND PAINT IN A UNIFORM COLOR THE CEILING IN THE 2nd ROOM FROM NORTH LOCATED AT APT 8A, 8th STORY, 4th APARTMENT FROM SOUTH AT WEST",2023-02-16,19.0,VIOLATION CLOSED,2024-06-24,Original,Close,N,2023,2023.0,2025-10-06,494.0,2022-12-28
7267,LINDEN,BROOKLYN,1586,2021-12-28,570 STANLEY AVENUE,570.0,STANLEY AVENUE,570 STANLEY AVENUE,15723872,809549,389890.0,3,570,570,570,STANLEY AVENUE,B,2023-02-15,2023-02-15,04/06/2023,03/23/2023,,,,507.0,8293655.0,"§ 27-2005 ADM CODE REPAIR THE ROOF SO THAT IT WILL NOT LEAK ABOVE THE CEILING IN THE 4th ROOM FROM NORTH LOCATED AT APT 8A, 8th STORY, 4th APARTMENT FROM SOUTH AT WEST",2023-02-16,19.0,VIOLATION CLOSED,2024-06-24,Original,Close,Y,2023,2023.0,2025-10-06,494.0,2022-12-28
7268,LINDEN,BROOKLYN,1586,2021-12-28,570 STANLEY AVENUE,570.0,STANLEY AVENUE,570 STANLEY AVENUE,16069366,809549,389890.0,3,570,570,570,STANLEY AVENUE,B,2023-06-25,2023-06-28,08/17/2023,08/03/2023,,,08/17/2023,508.0,8541108.0,"§ 27-2005 ADM CODE REPAIR THE BROKEN OR DEFECTIVE PLASTERED SURFACES AND PAINT IN A UNIFORM COLOR AT CEILING IN THE PRIVATE HALLWAY LOCATED AT APT 8A, 8th STORY, 4th APARTMENT FROM SOUTH AT WEST",2023-06-29,9.0,VIOLATION DISMISSED,2023-10-30,Original,Close,N,2023,2023.0,2025-10-06,123.0,2022-12-28
7269,LINDEN,BROOKLYN,1586,2021-12-28,570 STANLEY AVENUE,570.0,STANLEY AVENUE,570 STANLEY AVENUE,15378518,809549,389890.0,3,570,570,570,STANLEY AVENUE,C,2022-09-15,2022-09-16,10/20/2022,10/15/2022,,,,568.0,8042774.0,"HMC ADM CODE: § 27-2017.4 ABATE THE INFESTATION CONSISTING OF ROACHES IN THE ENTIRE APARTMENT LOCATED AT APT 8A, 8th STORY, 3rd APARTMENT FROM SOUTH AT WEST",2022-09-19,19.0,VIOLATION CLOSED,2024-10-17,Original,Close,N,2022,2022.0,2025-10-06,759.0,2022-12-28
7270,LINDEN,BROOKLYN,1586,2021-12-28,570 STANLEY AVENUE,570.0,STANLEY AVENUE,570 STANLEY AVENUE,16024174,809549,389890.0,3,570,570,570,STANLEY AVENUE,C,2023-06-06,2023-06-06,06/26/2023,06/21/2023,,,06/22/2023,530.0,8514407.0,"§ 27-2005, 27-2007, 27-2041.1 HMC, §238, § 309; § 107 (2) ( C) MDL AND 28 RCNY §25-171: REPLACE OR REPAIR THE SELF-CLOSING DOORS THAT IS MISSING OR DEFECTIVE INOPERABLE HINGES AT FIRE EXIT DOOR 2ND FIRE EXIT DOOR FROM SOUTH AT WEST AT PUBLIC HALL, 8th STORY",2023-06-07,19.0,VIOLATION CLOSED,2023-07-15,Original,Close,N,2023,2023.0,2025-10-06,38.0,2022-12-28
7271,LINDEN,BROOKLYN,1586,2021-12-28,570 STANLEY AVENUE,570.0,STANLEY AVENUE,570 STANLEY AVENUE,16024173,809549,389890.0,3,570,570,570,STANLEY AVENUE,C,2023-06-06,2023-06-06,07/08/2023,07/03/2023,,,,568.0,8514406.0,"HMC ADM CODE: § 27-2017.4 ABATE THE INFESTATION CONSISTING OF ROACHES IN THE ENTIRE APARTMENT LOCATED AT APT 8A, 8th STORY, 3rd APARTMENT FROM SOUTH AT WEST",2023-06-07,19.0,VIOLATION CLOSED,2024-10-17,Original,Close,N,2023,2023.0,2025-10-06,498.0,2022-12-28
7272,LINDEN,BROOKLYN,1586,2021-12-28,570 STANLEY AVENUE,570.0,STANLEY AVENUE,570 STANLEY AVENUE,15378521,809549,389890.0,3,570,570,570,STANLEY AVENUE,B,2022-09-15,2022-09-16,11/07/2022,10/24/2022,,,,508.0,8042772.0,"§ 27-2005 ADM CODE REPAIR THE BROKEN OR DEFECTIVE PLASTERED SURFACES AND PAINT IN A UNIFORM COLOR THE NORTH WALL, EAST WALL, SOUTH WALL, CEILING IN THE KITCHEN LOCATED AT APT 8A, 8th STORY, 3rd APARTMENT FROM SOUTH AT WEST",2022-09-19,19.0,VIOLATION CLOSED,2024-06-24,Original,Close,N,2022,2022.0,2025-10-06,644.0,2022-12-28
7273,LINDEN,BROOKLYN,1586,2021-12-28,570 STANLEY AVENUE,570.0,STANLEY AVENUE,570 STANLEY AVENUE,16024171,809549,389890.0,3,570,570,570,STANLEY AVENUE,C,2023-06-06,2023-06-06,06/26/2023,06/21/2023,,,,530.0,8514408.0,"§ 27-2005, 27-2007, 27-2041.1 HMC, §238, § 309; § 107 (2) ( C) MDL AND 28 RCNY §25-171: REPLACE OR REPAIR THE SELF-CLOSING DOORS THAT IS MISSING OR DEFECTIVE INOPERABLE HINGES AT DOOR IN THE ENTRANCE LOCATED AT APT 8A, 8th STORY, 3rd APARTMENT FROM SOUTH AT WEST",2023-06-07,19.0,VIOLATION CLOSED,2024-06-24,Original,Close,N,2023,2023.0,2025-10-06,383.0,2022-12-28
7274,LINDEN,BROOKLYN,1586,2021-12-28,570 STANLEY AVENUE,570.0,STANLEY AVENUE,570 STANLEY AVENUE,15723871,809549,389890.0,3,570,570,570,STANLEY AVENUE,B,2023-02-15,2023-02-15,04/06/2023,03/23/2023,,,,508.0,8293655.0,"§ 27-2005 ADM CODE REPAIR THE BROKEN OR DEFECTIVE PLASTERED SURFACES AND PAINT IN A UNIFORM COLOR THE CEILING IN THE 4th ROOM FROM NORTH LOCATED AT APT 8A, 8th STORY, 4th APARTMENT FROM SOUTH AT WEST",2023-02-16,19.0,VIOLATION CLOSED,2024-06-24,Original,Close,N,2023,2023.0,2025-10-06,494.0,2022-12-28
7275,LINDEN,BROOKLYN,1586,2021-12-28,570 STANLEY AVENUE,570.0,STANLEY AVENUE,570 STANLEY AVENUE,15723876,809549,389890.0,3,570,570,570,STANLEY AVENUE,C,2023-02-15,2023-02-15,03/07/2023,03/02/2023,,,,530.0,8293658.0,"§ 27-2005, 27-2007, 27-2041.1 HMC: REPLACE OR REPAIR THE SELF-CLOSING DOORS THAT IS MISSING OR DEFECTIVE INOPERABLE HINGES AT DOOR IN THE ENTRANCE LOCATED AT APT 8A, 8th STORY, 4th APARTMENT FROM SOUTH AT WEST",2023-02-16,19.0,VIOLATION CLOSED,2024-06-24,Original,Close,N,2023,2023.0,2025-10-06,494.0,2022-12-28
7276,LINDEN,BROOKLYN,1586,2021-12-28,570 STANLEY AVENUE,570.0,STANLEY AVENUE,570 STANLEY AVENUE,15881706,809549,389890.0,3,570,570,570,STANLEY AVENUE,A,2023-03-29,2023-03-29,07/16/2023,07/02/2023,,,,1507.0,8417292.0,"(A) § HMC:FILE ANNUAL BEDBUG REPORT IN ACCORDANCE WITH HPD RULE AS DESCRIBED ON THE BACK OF THIS NOTICE OF VIOLATION OR AS DESCRIBED ON HPDS WEBSITE, WWW.NYC.GOV\HPD, SEARCH BED BUGS.",2023-03-29,9.0,VIOLATION DISMISSED,2023-04-28,Original,Close,N,2023,2023.0,2025-10-06,30.0,2022-12-28
7277,LINDEN,BROOKLYN,1586,2021-12-28,570 STANLEY AVENUE,570.0,STANLEY AVENUE,570 STANLEY AVENUE,16024172,809549,389890.0,3,570,570,570,STANLEY AVENUE,B,2023-06-06,2023-06-06,07/26/2023,07/12/2023,,,,501.0,8514404.0,"§ 27-2005 HMC: PROPERLY REPAIR OR REPLACE THE BROKEN OR DEFECTIVE MORTISE LOCK AT DOOR IN THE ENTRANCE LOCATED AT APT 8A, 8th STORY, 3rd APARTMENT FROM SOUTH AT WEST",2023-06-07,19.0,VIOLATION CLOSED,2024-06-24,Original,Close,N,2023,2023.0,2025-10-06,383.0,2022-12-28
7278,LINDEN,BROOKLYN,1586,2021-12-28,570 STANLEY AVENUE,570.0,STANLEY AVENUE,570 STANLEY AVENUE,17373214,809549,389890.0,3,570,570,570,STANLEY AVENUE,C,2024-10-24,2024-10-27,11/10/2024,11/03/2024,,,11/05/2024,671.0,9402528.0,"§ 27-2033 ADM CODE POST NOTICE, IN FORM APPROVED BY THE DEPARTMENT, STATING THE NAME AND LOCATION OF THE PERSON DESIGNATED BY THE OWNER TO HAVE KEY TO BUILDINGS HEATING SYSTEM MISSING AT PUBLIC HALL, 1st STORY",2024-10-28,19.0,VIOLATION CLOSED,2024-12-03,Original,Close,N,2024,2024.0,2025-10-06,36.0,2022-12-28
7279,LINDEN,BROOKLYN,1586,2021-12-28,570 STANLEY AVENUE,570.0,STANLEY AVENUE,570 STANLEY AVENUE,17432526,809549,389890.0,3,570,570,570,STANLEY AVENUE,C,2024-11-20,2024-11-20,12/04/2024,11/27/2024,,,,671.0,9438347.0,"§ 27-2033 ADM CODE POST NOTICE, IN FORM APPROVED BY THE DEPARTMENT, STATING THE NAME AND LOCATION OF THE PERSON DESIGNATED BY THE OWNER TO HAVE KEY TO BUILDINGS HEATING SYSTEM AT PUBLIC HALL, 1st STORY",2024-11-21,19.0,VIOLATION CLOSED,2024-12-03,Original,Close,N,2024,2024.0,2025-10-06,12.0,2022-12-28
7280,LINDEN,BROOKLYN,1586,2021-12-28,570 STANLEY AVENUE,570.0,STANLEY AVENUE,570 STANLEY AVENUE,17146186,809549,389890.0,3,570,570,570,STANLEY AVENUE,C,2024-07-26,2024-07-29,08/12/2024,08/05/2024,,,,576.0,9267496.0,"§ 27-2024 ADM CODE PROVIDE ADEQUATE SUPPLY OF COLD WATER FOR THE FIXTURES NO WATER AT WATER FIXTURE IN THE KITCHEN LOCATED AT APT 7D, 7th STORY, 2nd APARTMENT FROM NORTH AT EAST",2024-07-30,19.0,VIOLATION CLOSED,2024-12-03,Original,Close,Y,2024,2024.0,2025-10-06,126.0,2022-12-28
7281,LINDEN,BROOKLYN,1586,2021-12-28,570 STANLEY AVENUE,570.0,STANLEY AVENUE,570 STANLEY AVENUE,15076756,809549,389890.0,3,570,570,570,STANLEY AVENUE,C,2022-03-29,2022-03-29,04/11/2022,03/30/2022,,,,666.0,7858110.0,"§ 27-2029 ADM CODE PROVIDE AN ADEQUATE SUPPLY OF HEAT FOR THE APARTMENT IN THE ENTIRE APARTMENT LOCATED AT APT 3G, 3rd STORY, 1st APARTMENT FROM SOUTH AT WEST",2022-03-30,19.0,VIOLATION CLOSED,2022-04-22,Original,Close,Y,2022,2022.0,2025-10-06,23.0,2022-12-28
7282,LINDEN,BROOKLYN,1586,2021-12-28,570 STANLEY AVENUE,570.0,STANLEY AVENUE,570 STANLEY AVENUE,15723874,809549,389890.0,3,570,570,570,STANLEY AVENUE,B,2023-02-15,2023-02-15,04/06/2023,03/23/2023,,,,507.0,8293655.0,"§ 27-2005 ADM CODE REPAIR THE ROOF SO THAT IT WILL NOT LEAK ABOVE THE CEILING IN THE 2nd ROOM FROM NORTH LOCATED AT APT 8A, 8th STORY, 4th APARTMENT FROM SOUTH AT WEST",2023-02-16,19.0,VIOLATION CLOSED,2024-06-24,Original,Close,Y,2023,2023.0,2025-10-06,494.0,2022-12-28
7283,LINDEN,BROOKLYN,1586,2021-12-28,570 STANLEY AVENUE,570.0,STANLEY AVENUE,570 STANLEY AVENUE,16024164,809549,389890.0,3,570,570,570,STANLEY AVENUE,B,2023-06-06,2023-06-06,07/26/2023,07/12/2023,,,,507.0,8514404.0,"§ 27-2005 ADM CODE REPAIR THE ROOF SO THAT IT WILL NOT LEAK ABOVD THE CEILING IN THE 2nd ROOM FROM NORTH LOCATED AT APT 8A, 8th STORY, 3rd APARTMENT FROM SOUTH AT WEST",2023-06-07,19.0,VIOLATION CLOSED,2024-06-24,Original,Close,Y,2023,2023.0,2025-10-06,383.0,2022-12-28
7284,LINDEN,BROOKLYN,1586,2021-12-28,570 STANLEY AVENUE,570.0,STANLEY AVENUE,570 STANLEY AVENUE,16024165,809549,389890.0,3,570,570,570,STANLEY AVENUE,B,2023-06-06,2023-06-06,07/26/2023,07/12/2023,,,,508.0,8514404.0,"§ 27-2005 ADM CODE REPAIR THE BROKEN OR DEFECTIVE PLASTERED SURFACES AND PAINT IN A UNIFORM COLOR THE CEILING IN THE 2nd ROOM FROM NORTH LOCATED AT APT 8A, 8th STORY, 3rd APARTMENT FROM SOUTH AT WEST",2023-06-07,19.0,VIOLATION CLOSED,2024-06-24,Original,Close,N,2023,2023.0,2025-10-06,383.0,2022-12-28
7285,LINDEN,BROOKLYN,1586,2021-12-28,570 STANLEY AVENUE,570.0,STANLEY AVENUE,570 STANLEY AVENUE,16024170,809549,389890.0,3,570,570,570,STANLEY AVENUE,B,2023-06-06,2023-06-06,07/26/2023,07/12/2023,,,,508.0,8514404.0,"§ 27-2005 ADM CODE REPAIR THE BROKEN OR DEFECTIVE PLASTERED SURFACES AND PAINT IN A UNIFORM COLOR THE CEILING IN THE 4th ROOM FROM NORTH LOCATED AT APT 8A, 8th STORY, 3rd APARTMENT FROM SOUTH AT WEST",2023-06-07,19.0,VIOLATION CLOSED,2024-06-24,Original,Close,N,2023,2023.0,2025-10-06,383.0,2022-12-28
7286,LINDEN,BROOKLYN,1586,2021-12-28,570 STANLEY AVENUE,570.0,STANLEY AVENUE,570 STANLEY AVENUE,16024175,809549,389890.0,3,570,570,570,STANLEY AVENUE,C,2023-06-06,2023-06-06,06/26/2023,06/21/2023,,,06/22/2023,536.0,8514407.0,"§ 27-2005, 2007 ADM CODE REMOVE DEVICE PREVENTING DOOR FROM BEING SELF-CLOSING METAL OBJECT USED TO HOLD DOOR OPEN IN THE BULKHEAD AT THE ROOF AT PUBLIC HALL, 8th STORY",2023-06-07,19.0,VIOLATION CLOSED,2024-06-18,Original,Close,N,2023,2023.0,2025-10-06,377.0,2022-12-28
7287,LINDEN,BROOKLYN,1586,2021-12-28,570 STANLEY AVENUE,570.0,STANLEY AVENUE,570 STANLEY AVENUE,16069363,809549,389890.0,3,570,570,570,STANLEY AVENUE,C,2023-06-25,2023-06-28,07/30/2023,07/25/2023,,,,568.0,8541110.0,"HMC ADM CODE: § 27-2017.4 ABATE THE INFESTATION CONSISTING OF ROACHES IN THE ENTIRE APARTMENT LOCATED AT APT 8A, 8th STORY, 4th APARTMENT FROM SOUTH AT WEST",2023-06-29,19.0,VIOLATION CLOSED,2024-10-17,Original,Close,N,2023,2023.0,2025-10-06,476.0,2022-12-28
7288,LINDEN,BROOKLYN,1586,2021-12-28,570 STANLEY AVENUE,570.0,STANLEY AVENUE,570 STANLEY AVENUE,16069365,809549,389890.0,3,570,570,570,STANLEY AVENUE,B,2023-06-25,2023-06-28,08/17/2023,08/03/2023,,,08/17/2023,507.0,8541108.0,"§ 27-2005 ADM CODE REPAIR THE ROOF SO THAT IT WILL NOT LEAK AT CEILING IN THE PRIVATE HALLWAY LOCATED AT APT 8A, 8th STORY, 4th APARTMENT FROM SOUTH AT WEST",2023-06-29,9.0,VIOLATION DISMISSED,2023-10-30,Original,Close,Y,2023,2023.0,2025-10-06,123.0,2022-12-28
7289,LINDEN,BROOKLYN,1586,2021-12-28,570 STANLEY AVENUE,570.0,STANLEY AVENUE,570 STANLEY AVENUE,16069369,809549,389890.0,3,570,570,570,STANLEY AVENUE,B,2023-06-25,2023-06-28,08/17/2023,08/03/2023,,,08/17/2023,508.0,8541108.0,"§ 27-2005 ADM CODE REPAIR THE BROKEN OR DEFECTIVE PLASTERED SURFACES AND PAINT IN A UNIFORM COLOR AT CEILING IN THE 2nd ROOM FROM NORTH LOCATED AT APT 8A, 8th STORY, 4th APARTMENT FROM SOUTH AT WEST",2023-06-29,9.0,VIOLATION DISMISSED,2023-10-30,Original,Close,N,2023,2023.0,2025-10-06,123.0,2022-12-28
7290,LINDEN,BROOKLYN,1586,2021-12-28,570 STANLEY AVENUE,570.0,STANLEY AVENUE,570 STANLEY AVENUE,16069370,809549,389890.0,3,570,570,570,STANLEY AVENUE,B,2023-06-25,2023-06-28,08/17/2023,08/03/2023,,,08/17/2023,507.0,8541108.0,"§ 27-2005 ADM CODE REPAIR THE ROOF SO THAT IT WILL NOT LEAK AT CEILING IN THE 2nd ROOM FROM NORTH LOCATED AT APT 8A, 8th STORY, 4th APARTMENT FROM SOUTH AT WEST",2023-06-29,9.0,VIOLATION DISMISSED,2023-10-30,Original,Close,Y,2023,2023.0,2025-10-06,123.0,2022-12-28
7291,LINDEN,BROOKLYN,1586,2021-12-28,570 STANLEY AVENUE,570.0,STANLEY AVENUE,570 STANLEY AVENUE,16069372,809549,389890.0,3,570,570,570,STANLEY AVENUE,B,2023-06-25,2023-06-28,08/17/2023,08/03/2023,,,08/17/2023,507.0,8541108.0,"§ 27-2005 ADM CODE REPAIR THE ROOF SO THAT IT WILL NOT LEAK AT CEILING IN THE 4th ROOM FROM NORTH LOCATED AT APT 8A, 8th STORY, 4th APARTMENT FROM SOUTH AT WEST",2023-06-29,9.0,VIOLATION DISMISSED,2023-10-30,Original,Close,Y,2023,2023.0,2025-10-06,123.0,2022-12-28
7292,LINDEN,BROOKLYN,1586,2021-12-28,570 STANLEY AVENUE,570.0,STANLEY AVENUE,570 STANLEY AVENUE,16071721,809549,389890.0,3,570,570,570,STANLEY AVENUE,C,2023-06-25,2023-06-28,07/18/2023,07/13/2023,,,07/20/2023,530.0,8541111.0,"§ 27-2005, 27-2007, 27-2041.1 HMC, §238, § 309; § 107 (2) ( C) MDL AND 28 RCNY §25-171: REPLACE OR REPAIR THE SELF-CLOSING DOORS THAT IS MISSING OR DEFECTIVE .. IN THE ENTRANCE LOCATED AT APT 8A, 8th STORY, 4th APARTMENT FROM SOUTH AT WEST",2023-06-29,19.0,VIOLATION CLOSED,2024-06-24,Original,Close,N,2023,2023.0,2025-10-06,361.0,2022-12-28
7293,LINDEN,BROOKLYN,1586,2021-12-28,570 STANLEY AVENUE,570.0,STANLEY AVENUE,570 STANLEY AVENUE,16072337,809549,389890.0,3,570,570,570,STANLEY AVENUE,C,2023-06-25,2023-06-29,07/18/2023,07/13/2023,,,07/20/2023,536.0,8541112.0,"§ 27-2005, 2007 ADM CODE REMOVE DEVICE PREVENTING DOOR FROM BEING SELF-CLOSING METAL OBJECT USED TO HOLD DOOR OPEN AT BULKHEAD AT THE ROOF AT PUBLIC HALL, 8th STORY",2023-06-29,19.0,VIOLATION CLOSED,2023-08-21,Original,Close,N,2023,2023.0,2025-10-06,53.0,2022-12-28
7294,LINDEN,BROOKLYN,1586,2021-12-28,570 STANLEY AVENUE,570.0,STANLEY AVENUE,570 STANLEY AVENUE,16072453,809549,389890.0,3,570,570,570,STANLEY AVENUE,C,2023-02-15,2023-06-29,07/30/2023,07/25/2023,,,,550.0,8541109.0,"§ 27-2017.3 HMC: TRACE AND REPAIR THE SOURCE AND ABATE THE VISIBLE MOLD CONDITION... 25 SQ/FT AT THE CEILING IN THE 4th ROOM FROM NORTH LOCATED AT APT 8A, 8th STORY, 4th APARTMENT FROM SOUTH AT WEST ORIGINAL VIOLATION 15723870 ISSUED 15-FEB-23 HAS BEEN UPGRADED TO CLASS C PER ADMINISTRATIVE CODE §27-2017.3a(5)(a) or (b).",2023-06-29,19.0,VIOLATION CLOSED,2025-09-10,Original,Close,N,2023,2023.0,2025-10-06,804.0,2022-12-28
7295,LINDEN,BROOKLYN,1586,2021-12-28,570 STANLEY AVENUE,570.0,STANLEY AVENUE,570 STANLEY AVENUE,17192107,809549,389890.0,3,570,570,570,STANLEY AVENUE,B,2024-08-14,2024-08-14,10/03/2024,09/19/2024,,,,583.0,9291748.0,"§ 27-2026, 2027 HMC: PROPERLY REPAIR THE SOURCE AND ABATE THE EVIDENCE OF A WATER LEAK AND OR WATER PENETRATION AT THE EAST CLOSET WALL IN THE 4th ROOM FROM NORTH AT EAST LOCATED AT APT 5G, 5th STORY, 1st APARTMENT FROM SOUTH AT WEST",2024-08-15,19.0,VIOLATION CLOSED,2025-05-07,Original,Close,N,2024,2024.0,2025-10-06,265.0,2022-12-28
7296,LINDEN,BROOKLYN,1586,2021-12-28,570 STANLEY AVENUE,570.0,STANLEY AVENUE,570 STANLEY AVENUE,17366315,809549,389890.0,3,570,570,570,STANLEY AVENUE,B,2024-10-23,2024-10-24,12/13/2024,11/29/2024,,,12/13/2024,508.0,9398916.0,"§ 27-2005 ADM CODE REPAIR THE BROKEN OR DEFECTIVE PLASTERED SURFACES AND PAINT IN A UNIFORM COLOR AT THE CEILING AND EAST, SOUTH AND WEST WALLS IN THE BATHROOM LOCATED AT APT 6E, 6th STORY, 3rd APARTMENT FROM NORTH AT EAST",2024-10-25,9.0,VIOLATION DISMISSED,2025-02-24,Original,Close,N,2024,2024.0,2025-10-06,122.0,2022-12-28
7297,LINDEN,BROOKLYN,1586,2021-12-28,570 STANLEY AVENUE,570.0,STANLEY AVENUE,570 STANLEY AVENUE,17366316,809549,389890.0,3,570,570,570,STANLEY AVENUE,B,2024-10-23,2024-10-24,12/13/2024,11/29/2024,,,12/13/2024,583.0,9398916.0,"§ 27-2026, 2027 HMC: PROPERLY REPAIR THE SOURCE AND ABATE THE EVIDENCE OF A WATER LEAK AT THE CEILING IN THE BATHROOM LOCATED AT APT 6E, 6th STORY, 3rd APARTMENT FROM NORTH AT EAST",2024-10-25,9.0,VIOLATION DISMISSED,2025-02-24,Original,Close,N,2024,2024.0,2025-10-06,122.0,2022-12-28
7298,LINDEN,BROOKLYN,1586,2021-12-28,570 STANLEY AVENUE,570.0,STANLEY AVENUE,570 STANLEY AVENUE,17373215,809549,389890.0,3,570,570,570,STANLEY AVENUE,A,2024-10-24,2024-10-27,02/14/2025,01/31/2025,,,02/13/2025,700.0,9402527.0,"§ 27-2045 ADM CODE POST A PROPER NOTICE OF SMOKE DETECTOR REQUIREMENTS, IN A FORM APPROVED BY THE COMMISSIONER, AT OR NEAR THE MAIL BOX MISSING AT PUBLIC HALL, 1st STORY",2024-10-28,9.0,VIOLATION DISMISSED,2025-04-28,Original,Close,N,2024,2024.0,2025-10-06,182.0,2022-12-28
7299,LINDEN,BROOKLYN,1586,2021-12-28,570 STANLEY AVENUE,570.0,STANLEY AVENUE,570 STANLEY AVENUE,17373218,809549,389890.0,3,570,570,570,STANLEY AVENUE,A,2024-10-24,2024-10-27,02/14/2025,01/31/2025,,,02/13/2025,1506.0,9402527.0,"§ 27-2005 HMC: POST, IN A FORM APPROVED BY THE COMMISSIONER, AND MAINTAIN A NOTICE IN A COMMON AREA OF THE BUILDING REGARDING THE PROCEDURES THAT SHOULD BE FOLLOWED WHEN A GAS LEAK IS SUSPECTED AT PUBLIC HALL, 1st STORY",2024-10-28,9.0,VIOLATION DISMISSED,2025-04-28,Original,Close,N,2024,2024.0,2025-10-06,182.0,2022-12-28
7300,LINDEN,BROOKLYN,1586,2021-12-28,570 STANLEY AVENUE,570.0,STANLEY AVENUE,570 STANLEY AVENUE,17373219,809549,389890.0,3,570,570,570,STANLEY AVENUE,A,2024-10-24,2024-10-27,02/14/2025,01/31/2025,,,,722.0,9402527.0,"§ 27-2053 ADM CODE POST SIGN ON WALL OF ENTRANCE STORY BEARING NAME, ADDRESS INCLUDING APARTMENT NUMBER IF ANY, AND TELEPHONE NUMBER OF SUPERINTENDENT, JANITOR OR HOUSEKEEPER. AT PUBLIC HALL, 1st STORY",2024-10-28,19.0,VIOLATION CLOSED,2024-12-03,Original,Close,N,2024,2024.0,2025-10-06,36.0,2022-12-28
7301,LINDEN,BROOKLYN,1586,2021-12-28,570 STANLEY AVENUE,570.0,STANLEY AVENUE,570 STANLEY AVENUE,17432523,809549,389890.0,3,570,570,570,STANLEY AVENUE,A,2024-11-20,2024-11-20,03/10/2025,02/24/2025,,,02/20/2025,500.0,9438343.0,"§ 26-1103 ADMIN. CODE: POST AND MAINTAIN A PROPER NOTICE ON WALL OF THE ENTRANCE STORY IN ENGLISH AND SPANISH ON THE AVAILABILITY OF THE AGENCYS HOUSING INFORMATION GUIDE. A SAMPLE NOTICE CAN BE FOUND AT WWW.NYC.GOV/HPD. AT PUBLIC HALL, 1st STORY",2024-11-21,19.0,VIOLATION CLOSED,2025-04-29,Original,Close,N,2024,2024.0,2025-10-06,159.0,2022-12-28
7302,LINDEN,BROOKLYN,1586,2021-12-28,570 STANLEY AVENUE,570.0,STANLEY AVENUE,570 STANLEY AVENUE,17432527,809549,389890.0,3,570,570,570,STANLEY AVENUE,A,2024-11-20,2024-11-20,03/10/2025,02/24/2025,,,02/20/2025,778.0,9438343.0,"§ 27-2104 ADM CODE POST AND MAINTAIN A PROPER SIGN ON WALL OF ENTRANCE STORY SHOWING THE REGISTRATION NUMBER ASSIGNED BY THE DEPARTMENT AND THE ADDRESS OF THE BUILDING. AT PUBLIC HALL, 1st STORY",2024-11-21,19.0,VIOLATION CLOSED,2025-04-29,Original,Close,N,2024,2024.0,2025-10-06,159.0,2022-12-28
7303,LINDEN,BROOKLYN,1586,2021-12-28,570 STANLEY AVENUE,570.0,STANLEY AVENUE,570 STANLEY AVENUE,17555613,809549,389890.0,3,570,570,570,STANLEY AVENUE,A,2024-12-06,2024-12-12,04/01/2025,03/18/2025,,,03/06/2025,556.0,9535263.0,"§ 27-2013 ADM CODE PAINT WITH LIGHT COLORED PAINT TO THE SATISFACTION OF THIS DEPARTMENT WEST WALL IN THE PRIVATE HALLWAY LOCATED AT APT 1D, 1st STORY, 2nd APARTMENT FROM NORTH AT EAST",2024-12-13,19.0,VIOLATION CLOSED,2025-05-07,Original,Close,N,2024,2024.0,2025-10-06,145.0,2022-12-28
7304,LINDEN,BROOKLYN,1586,2021-12-28,570 STANLEY AVENUE,570.0,STANLEY AVENUE,570 STANLEY AVENUE,17931309,809549,389890.0,3,570,570,570,STANLEY AVENUE,B,2025-06-01,2025-06-01,07/21/2025,07/07/2025,,,06/18/2025,583.0,9781277.0,"§ 27-2026, 2027 HMC: PROPERLY REPAIR THE SOURCE AND ABATE THE EVIDENCE OF A WATER LEAK AT NORTH WALL IN THE BATHROOM LOCATED AT APT 1A, 1st STORY, 3rd APARTMENT FROM SOUTH AT WEST",2025-06-02,19.0,VIOLATION CLOSED,2025-07-10,Original,Close,N,2025,2025.0,2025-10-06,38.0,2022-12-28
7305,LINDEN,BROOKLYN,1586,2021-12-28,570 STANLEY AVENUE,570.0,STANLEY AVENUE,570 STANLEY AVENUE,17931314,809549,389890.0,3,570,570,570,STANLEY AVENUE,A,2025-06-01,2025-06-01,09/19/2025,09/05/2025,,,,550.0,9781276.0,"§ 27-2017.3 HMC: TRACE AND REPAIR THE SOURCE AND ABATE THE VISIBLE MOLD CONDITION... LESS THAT 10 SQUARE FEET AT SOUTH WALL IN THE 3rd ROOM FROM NORTH LOCATED AT APT 1A, 1st STORY, 3rd APARTMENT FROM SOUTH AT WEST",2025-06-02,19.0,VIOLATION CLOSED,2025-08-25,Original,Close,N,2025,2025.0,2025-10-06,84.0,2022-12-28
7306,LINDEN,BROOKLYN,1586,2021-12-28,570 STANLEY AVENUE,570.0,STANLEY AVENUE,570 STANLEY AVENUE,17373212,809549,389890.0,3,570,570,570,STANLEY AVENUE,A,2024-10-24,2024-10-27,02/14/2025,01/31/2025,,,02/14/2025,484.0,9402527.0,"§ 329, M/D LAW AND DEPT. RULES AND REGS. PROVIDE A COMPLETED CERTIFICATE OF INSPECTION VISITS IN A PROPER FRAME AT OR NEAR MAILBOXES, BOTTOM EDGE OF FRAME BETWEEN 48-62 INCHES ABOVE FLOOR MISSING AT PUBLIC HALL, 1st STORY",2024-10-28,9.0,VIOLATION DISMISSED,2025-04-28,Original,Close,N,2024,2024.0,2025-10-06,182.0,2022-12-28
7316,LINDEN,BROOKLYN,1586,2021-12-28,570 STANLEY AVENUE,570.0,STANLEY AVENUE,570 STANLEY AVENUE,17192106,809549,389890.0,3,570,570,570,STANLEY AVENUE,C,2024-08-14,2024-08-14,09/15/2024,09/10/2024,,,,568.0,9291749.0,"HMC ADM CODE: § 27-2017.4 ABATE THE INFESTATION CONSISTING OF ROACHES IN THE ENTIRE APARTMENT LOCATED AT APT 5G, 5th STORY, 1st APARTMENT FROM SOUTH AT WEST",2024-08-15,11.0,VIOLATION WILL BE REINSPECTED,2025-10-01,Original,Open,N,2024,2024.0,2025-10-06,417.0,2022-12-28
7317,LINDEN,BROOKLYN,1586,2021-12-28,570 STANLEY AVENUE,570.0,STANLEY AVENUE,570 STANLEY AVENUE,17432521,809549,389890.0,3,570,570,570,STANLEY AVENUE,B,2024-11-20,2024-11-20,01/09/2025,12/26/2024,,,,501.0,9438345.0,"§ 27-2005 HMC: PROPERLY REPAIR OR REPLACE THE BROKEN OR DEFECTIVE MECHANICAL VENT AT SOUTH WALL IN THE BATHROOM LOCATED AT APT 1D, 1st STORY, 2nd APARTMENT FROM NORTH AT EAST",2024-11-21,19.0,VIOLATION CLOSED,2025-09-29,Original,Close,N,2024,2024.0,2025-10-06,312.0,2022-12-28
7318,LINDEN,BROOKLYN,1586,2021-12-28,570 STANLEY AVENUE,570.0,STANLEY AVENUE,570 STANLEY AVENUE,16069371,809549,389890.0,3,570,570,570,STANLEY AVENUE,B,2023-06-25,2023-06-28,08/17/2023,08/03/2023,,,08/17/2023,508.0,8541108.0,"§ 27-2005 ADM CODE REPAIR THE BROKEN OR DEFECTIVE PLASTERED SURFACES AND PAINT IN A UNIFORM COLOR AT CEILING IN THE 4th ROOM FROM NORTH LOCATED AT APT 8A, 8th STORY, 4th APARTMENT FROM SOUTH AT WEST",2023-06-29,9.0,VIOLATION DISMISSED,2023-10-30,Original,Close,N,2023,2023.0,2025-10-06,123.0,2022-12-28
7319,LINDEN,BROOKLYN,1586,2021-12-28,570 STANLEY AVENUE,570.0,STANLEY AVENUE,570 STANLEY AVENUE,15378519,809549,389890.0,3,570,570,570,STANLEY AVENUE,C,2022-09-15,2022-09-16,10/20/2022,10/15/2022,,,,790.0,8042773.0,"§ 27-2043.1 HMC INSTALL THE MISSING OR REPAIR/REPLACE THE DEFECTIVE WINDOW GUARD(S) IN ACCORDANCE WITH THE SPECIFICATIONS OF THE NEW YORK CITY HEALTH CODE SECTION 24 RCNY CHAPTER 12. WG TO INSTALL = 3; WG TO REPLACE = 0; WG TO REPAIR = 0; IN THE ENTIRE APARTMENT LOCATED AT APT 8A, 8th STORY, 3rd APARTMENT FROM SOUTH AT WEST",2022-09-19,19.0,VIOLATION CLOSED,2024-06-24,Original,Close,N,2022,2022.0,2025-10-06,644.0,2022-12-28
7320,LINDEN,BROOKLYN,1586,2021-12-28,570 STANLEY AVENUE,570.0,STANLEY AVENUE,570 STANLEY AVENUE,15379540,809549,389890.0,3,570,570,570,STANLEY AVENUE,A,2022-09-15,2022-09-16,01/06/2023,12/23/2022,,,,556.0,8042771.0,"§ 27-2013 ADM CODE PAINT WITH LIGHT COLORED PAINT TO THE SATISFACTION OF THIS DEPARTMENT ALL PEELING PAINT SURFACES IN THE KITCHEN , THE BATHROOM , THE 1st ROOM FROM NORTH, THE 2nd ROOM FROM NORTH, THE 3rd ROOM FROM NORTH, THE PRIVATE HALLWAY LOCATED AT APT 8A, 8th STORY, 3rd APARTMENT FROM SOUTH AT WEST",2022-09-19,19.0,VIOLATION CLOSED,2024-06-24,Original,Close,N,2022,2022.0,2025-10-06,644.0,2022-12-28
7321,LINDEN,BROOKLYN,1586,2021-12-28,570 STANLEY AVENUE,570.0,STANLEY AVENUE,570 STANLEY AVENUE,16024166,809549,389890.0,3,570,570,570,STANLEY AVENUE,B,2023-06-06,2023-06-06,07/26/2023,07/12/2023,,,,507.0,8514404.0,"§ 27-2005 ADM CODE REPAIR THE ROOF SO THAT IT WILL NOT LEAK ABOVD THE CEILING IN THE PRIVATE HALLWAY LOCATED AT APT 8A, 8th STORY, 3rd APARTMENT FROM SOUTH AT WEST",2023-06-07,19.0,VIOLATION CLOSED,2024-06-24,Original,Close,Y,2023,2023.0,2025-10-06,383.0,2022-12-28
7322,LINDEN,BROOKLYN,1586,2021-12-28,570 STANLEY AVENUE,570.0,STANLEY AVENUE,570 STANLEY AVENUE,17432518,809549,389890.0,3,570,570,570,STANLEY AVENUE,C,2024-11-20,2024-11-20,12/22/2024,12/17/2024,,,12/19/2024,569.0,9438348.0,"HMC ADM CODE: § 27-2017.4 ABATE THE INFESTATION CONSISTING OF MICE IN THE ENTIRE APARTMENT LOCATED AT APT 1D, 1st STORY, 2nd APARTMENT FROM NORTH AT EAST",2024-11-21,9.0,VIOLATION DISMISSED,2025-03-03,Original,Close,N,2024,2024.0,2025-10-06,102.0,2022-12-28
7323,LINDEN,BROOKLYN,1586,2021-12-28,570 STANLEY AVENUE,570.0,STANLEY AVENUE,570 STANLEY AVENUE,17432522,809549,389890.0,3,570,570,570,STANLEY AVENUE,A,2024-11-20,2024-11-20,03/10/2025,02/24/2025,,,02/20/2025,700.0,9438343.0,"§ 27-2045 ADM CODE POST A PROPER NOTICE OF SMOKE DETECTOR REQUIREMENTS, IN A FORM APPROVED BY THE COMMISSIONER, AT OR NEAR THE MAIL BOX AT PUBLIC HALL, 1st STORY",2024-11-21,19.0,VIOLATION CLOSED,2025-04-29,Original,Close,N,2024,2024.0,2025-10-06,159.0,2022-12-28
7324,LINDEN,BROOKLYN,1586,2021-12-28,570 STANLEY AVENUE,570.0,STANLEY AVENUE,570 STANLEY AVENUE,17520196,809549,389890.0,3,570,570,570,STANLEY AVENUE,C,2024-11-29,2024-12-03,12/23/2024,12/18/2024,,,12/18/2024,530.0,9506639.0,"§ 27-2005, 27-2007, 27-2041.1 HMC, §238, § 309; § 107 (2) ( C) MDL AND 28 RCNY §25-171: REPLACE OR REPAIR THE SELF-CLOSING DOORS THAT IS MISSING OR DEFECTIVE HINGES AT HOPPER DOOR AT PUBLIC HALL, 6th STORY",2024-12-04,19.0,VIOLATION CLOSED,2025-01-16,Original,Close,N,2024,2024.0,2025-10-06,43.0,2022-12-28
7325,LINDEN,BROOKLYN,1586,2021-12-28,570 STANLEY AVENUE,570.0,STANLEY AVENUE,570 STANLEY AVENUE,17373213,809549,389890.0,3,570,570,570,STANLEY AVENUE,A,2024-10-24,2024-10-27,02/14/2025,01/31/2025,,,02/13/2025,500.0,9402527.0,"§ 26-1103 ADMIN. CODE: POST AND MAINTAIN A PROPER NOTICE ON WALL OF THE ENTRANCE STORY IN ENGLISH AND SPANISH ON THE AVAILABILITY OF THE AGENCYS HOUSING INFORMATION GUIDE. A SAMPLE NOTICE CAN BE FOUND AT WWW.NYC.GOV/HPD. AT PUBLIC HALL, 1st STORY",2024-10-28,9.0,VIOLATION DISMISSED,2025-04-28,Original,Close,N,2024,2024.0,2025-10-06,182.0,2022-12-28
7326,LINDEN,BROOKLYN,1586,2021-12-28,570 STANLEY AVENUE,570.0,STANLEY AVENUE,570 STANLEY AVENUE,16024168,809549,389890.0,3,570,570,570,STANLEY AVENUE,C,2023-06-06,2023-06-06,07/08/2023,07/03/2023,,,,550.0,8514405.0,"§ 27-2017.3 HMC: TRACE AND REPAIR THE SOURCE AND ABATE THE VISIBLE MOLD CONDITION... 30 SQ/FT AT THE CEILING IN THE 4th ROOM FROM NORTH LOCATED AT APT 8A, 8th STORY, 3rd APARTMENT FROM SOUTH AT WEST",2023-06-07,19.0,VIOLATION CLOSED,2025-09-10,Original,Close,N,2023,2023.0,2025-10-06,826.0,2022-12-28
7327,LINDEN,BROOKLYN,1586,2021-12-28,570 STANLEY AVENUE,570.0,STANLEY AVENUE,570 STANLEY AVENUE,17382495,809549,389890.0,3,570,570,570,STANLEY AVENUE,B,2024-10-30,2024-10-30,12/19/2024,12/05/2024,,,12/19/2024,508.0,9407897.0,"§ 27-2005 ADM CODE REPAIR THE BROKEN OR DEFECTIVE PLASTERED SURFACES AND PAINT IN A UNIFORM COLOR THE WEST WALL IN THE 2nd ROOM FROM EAST LOCATED AT APT 2A, 2nd STORY, 1st APARTMENT FROM SOUTH AT WEST",2024-10-31,9.0,VIOLATION DISMISSED,2025-03-03,Original,Close,N,2024,2024.0,2025-10-06,123.0,2022-12-28
7328,LINDEN,BROOKLYN,1586,2021-12-28,570 STANLEY AVENUE,570.0,STANLEY AVENUE,570 STANLEY AVENUE,17382496,809549,389890.0,3,570,570,570,STANLEY AVENUE,B,2024-10-30,2024-10-30,12/19/2024,12/05/2024,,,12/19/2024,508.0,9407897.0,"§ 27-2005 ADM CODE REPAIR THE BROKEN OR DEFECTIVE PLASTERED SURFACES AND PAINT IN A UNIFORM COLOR THE NORTH WALL IN THE KITCHEN LOCATED AT APT 2A, 2nd STORY, 1st APARTMENT FROM SOUTH AT WEST",2024-10-31,9.0,VIOLATION DISMISSED,2025-03-03,Original,Close,N,2024,2024.0,2025-10-06,123.0,2022-12-28
7329,LINDEN,BROOKLYN,1586,2021-12-28,570 STANLEY AVENUE,570.0,STANLEY AVENUE,570 STANLEY AVENUE,17896207,809549,389890.0,3,570,570,570,STANLEY AVENUE,A,2025-05-05,2025-05-11,08/29/2025,08/15/2025,,,06/26/2025,556.0,9753659.0,"§ 27-2013 ADM CODE PAINT WITH LIGHT COLORED PAINT TO THE SATISFACTION OF THIS DEPARTMENT WEST WALL IN THE PRIVATE HALLWAY LOCATED AT APT 5G, 5th STORY, 1st APARTMENT FROM SOUTH AT WEST",2025-05-12,19.0,VIOLATION CLOSED,2025-07-10,Original,Close,N,2025,2025.0,2025-10-06,59.0,2022-12-28
7330,LINDEN,BROOKLYN,1586,2021-12-28,570 STANLEY AVENUE,570.0,STANLEY AVENUE,570 STANLEY AVENUE,17373216,809549,389890.0,3,570,570,570,STANLEY AVENUE,A,2024-10-24,2024-10-27,02/14/2025,01/31/2025,,,02/13/2025,778.0,9402527.0,"§ 27-2104 ADM CODE POST AND MAINTAIN A PROPER SIGN ON WALL OF ENTRANCE STORY SHOWING THE REGISTRATION NUMBER ASSIGNED BY THE DEPARTMENT AND THE ADDRESS OF THE BUILDING. AT PUBLIC HALL, 1st STORY",2024-10-28,9.0,VIOLATION DISMISSED,2025-04-28,Original,Close,N,2024,2024.0,2025-10-06,182.0,2022-12-28
7331,LINDEN,BROOKLYN,1586,2021-12-28,570 STANLEY AVENUE,570.0,STANLEY AVENUE,570 STANLEY AVENUE,17373217,809549,389890.0,3,570,570,570,STANLEY AVENUE,A,2024-10-24,2024-10-27,02/14/2025,01/31/2025,,,02/13/2025,1501.0,9402527.0,"§ 27-2046.1 HMC: POST A PROPER NOTICE OF CARBON MONOXIDE DETECTING DEVICE REQUIREMENTS, IN A FORM APPROVED BY THE COMMISSIONER, IN A COMMON AREA OF A CLASS A MULTIPLE DWELLING NEAR INSPECTION CERTIFICATE OR PROVIDE NOTICE TO TENANTS IN A PRIVATE DWELLING.",2024-10-28,9.0,VIOLATION DISMISSED,2025-04-28,Original,Close,N,2024,2024.0,2025-10-06,182.0,2022-12-28
7332,LINDEN,BROOKLYN,1586,2021-12-28,570 STANLEY AVENUE,570.0,STANLEY AVENUE,570 STANLEY AVENUE,17432524,809549,389890.0,3,570,570,570,STANLEY AVENUE,A,2024-11-20,2024-11-20,03/10/2025,02/24/2025,,,02/20/2025,1501.0,9438343.0,"§ 27-2046.1 HMC: POST A PROPER NOTICE OF CARBON MONOXIDE DETECTING DEVICE REQUIREMENTS, IN A FORM APPROVED BY THE COMMISSIONER, IN A COMMON AREA OF A CLASS A MULTIPLE DWELLING NEAR INSPECTION CERTIFICATE OR PROVIDE NOTICE TO TENANTS IN A PRIVATE DWELLING.",2024-11-21,19.0,VIOLATION CLOSED,2025-04-29,Original,Close,N,2024,2024.0,2025-10-06,159.0,2022-12-28
7333,LINDEN,BROOKLYN,1586,2021-12-28,570 STANLEY AVENUE,570.0,STANLEY AVENUE,570 STANLEY AVENUE,17432525,809549,389890.0,3,570,570,570,STANLEY AVENUE,A,2024-11-20,2024-11-20,03/10/2025,02/24/2025,,,02/20/2025,1506.0,9438343.0,"§ 27-2005 HMC: POST, IN A FORM APPROVED BY THE COMMISSIONER, AND MAINTAIN A NOTICE IN A COMMON AREA OF THE BUILDING REGARDING THE PROCEDURES THAT SHOULD BE FOLLOWED WHEN A GAS LEAK IS SUSPECTED AT PUBLIC HALL, 1st STORY",2024-11-21,19.0,VIOLATION CLOSED,2025-04-29,Original,Close,N,2024,2024.0,2025-10-06,159.0,2022-12-28
7334,LINDEN,BROOKLYN,1586,2021-12-28,570 STANLEY AVENUE,570.0,STANLEY AVENUE,570 STANLEY AVENUE,17192108,809549,389890.0,3,570,570,570,STANLEY AVENUE,A,2024-08-14,2024-08-14,12/02/2024,11/18/2024,,,,556.0,9291747.0,"§ 27-2013 ADM CODE PAINT WITH LIGHT COLORED PAINT TO THE SATISFACTION OF THIS DEPARTMENT THE EAST CLOSET WALL IN THE 4th ROOM FROM NORTH AT EAST LOCATED AT APT 5G, 5th STORY, 1st APARTMENT FROM SOUTH AT WEST",2024-08-15,19.0,VIOLATION CLOSED,2025-08-25,Original,Close,N,2024,2024.0,2025-10-06,375.0,2022-12-28
7335,LINDEN,BROOKLYN,1586,2021-12-28,570 STANLEY AVENUE,570.0,STANLEY AVENUE,570 STANLEY AVENUE,17555612,809549,389890.0,3,570,570,570,STANLEY AVENUE,A,2024-12-06,2024-12-12,04/01/2025,03/18/2025,,,03/06/2025,556.0,9535263.0,"§ 27-2013 ADM CODE PAINT WITH LIGHT COLORED PAINT TO THE SATISFACTION OF THIS DEPARTMENT CEILING IN THE BATHROOM LOCATED AT APT 1D, 1st STORY, 2nd APARTMENT FROM NORTH AT EAST",2024-12-13,19.0,VIOLATION CLOSED,2025-09-29,Original,Close,N,2024,2024.0,2025-10-06,290.0,2022-12-28
7336,LINDEN,BROOKLYN,1586,2021-12-28,570 STANLEY AVENUE,570.0,STANLEY AVENUE,570 STANLEY AVENUE,15076757,809549,389890.0,3,570,570,570,STANLEY AVENUE,C,2022-03-29,2022-03-29,04/12/2022,04/05/2022,,,,672.0,7858961.0,§ 27-2033 ADM CODE PROVIDE READY ACCESS TO BUILDINGS HEATING SYSTEM DOOR LOCKED AT CELLAR,2022-03-30,19.0,VIOLATION CLOSED,2024-06-18,Original,Close,N,2022,2022.0,2025-10-06,811.0,2022-12-28
7337,LINDEN,BROOKLYN,1586,2021-12-28,570 STANLEY AVENUE,570.0,STANLEY AVENUE,570 STANLEY AVENUE,15723870,809549,389890.0,3,570,570,570,STANLEY AVENUE,B,2023-02-15,2023-02-15,04/06/2023,03/23/2023,,,,550.0,8293656.0,"§ 27-2017.3 HMC: TRACE AND REPAIR THE SOURCE AND ABATE THE VISIBLE MOLD CONDITION... 25 SQ/FT AT THE CEILING IN THE 4th ROOM FROM NORTH LOCATED AT APT 8A, 8th STORY, 4th APARTMENT FROM SOUTH AT WEST",2023-02-16,19.0,VIOLATION CLOSED,2023-06-29,Original,Close,N,2023,2023.0,2025-10-06,133.0,2022-12-28
7338,LINDEN,BROOKLYN,1586,2021-12-28,570 STANLEY AVENUE,570.0,STANLEY AVENUE,570 STANLEY AVENUE,17432520,809549,389890.0,3,570,570,570,STANLEY AVENUE,B,2024-11-20,2024-11-20,01/09/2025,12/26/2024,,,,501.0,9438345.0,"§ 27-2005 HMC: PROPERLY REPAIR OR REPLACE THE BROKEN OR DEFECTIVE HANDICAP SUPPORT STANDING BAR AT EAST WALL IN THE BATHROOM LOCATED AT APT 1D, 1st STORY, 2nd APARTMENT FROM NORTH AT EAST",2024-11-21,19.0,VIOLATION CLOSED,2025-05-07,Original,Close,N,2024,2024.0,2025-10-06,167.0,2022-12-28
7339,LINDEN,BROOKLYN,1586,2021-12-28,570 STANLEY AVENUE,570.0,STANLEY AVENUE,570 STANLEY AVENUE,17382497,809549,389890.0,3,570,570,570,STANLEY AVENUE,B,2024-10-30,2024-10-31,12/20/2024,12/06/2024,,,,501.0,9409604.0,"§ 27-2005 HMC: PROPERLY REPAIR OR REPLACE THE BROKEN OR DEFECTIVE WOOD FLOOR IN THE KITCHEN LOCATED AT APT 2A, 2nd STORY, 1st APARTMENT FROM SOUTH AT WEST",2024-11-01,19.0,VIOLATION CLOSED,2025-09-29,Original,Close,N,2024,2024.0,2025-10-06,332.0,2022-12-28
7340,LINDEN,BROOKLYN,1586,2021-12-28,570 STANLEY AVENUE,570.0,STANLEY AVENUE,570 STANLEY AVENUE,17442603,809549,389890.0,3,570,570,570,STANLEY AVENUE,A,2024-11-20,2024-11-20,03/10/2025,02/24/2025,,,02/25/2025,556.0,9438344.0,"§ 27-2013 ADM CODE PAINT WITH LIGHT COLORED PAINT TO THE SATISFACTION OF THIS DEPARTMENT ALL PEELING PAINT SURFACES IN THE 2nd ROOM FROM NORTH, THE BATHROOM , THE PRIVATE HALLWAY , THE 1st ROOM FROM NORTH AT EAST, THE 4th ROOM FROM NORTH LOCATED AT APT 1D, 1st STORY, 2nd APARTMENT FROM NORTH AT EAST",2024-11-21,19.0,VIOLATION CLOSED,2025-09-04,Original,Close,N,2024,2024.0,2025-10-06,287.0,2022-12-28
7341,LINDEN,BROOKLYN,1586,2021-12-28,570 STANLEY AVENUE,570.0,STANLEY AVENUE,570 STANLEY AVENUE,17432516,809549,389890.0,3,570,570,570,STANLEY AVENUE,B,2024-11-20,2024-11-20,01/09/2025,12/26/2024,,,,550.0,9438346.0,"§ 27-2017.3 HMC: TRACE AND REPAIR THE SOURCE AND ABATE THE VISIBLE MOLD CONDITION... GREATER THAN 10 SQ/FT AT THE 1st CLOSET FROM WEST AT NORTH WALL WALL IN THE 2nd ROOM FROM NORTH LOCATED AT APT 1D, 1st STORY, 2nd APARTMENT FROM NORTH AT EAST",2024-11-21,20.0,DEFECT LETTER ISSUED,2025-09-29,Original,Open,N,2024,2024.0,2025-10-06,319.0,2022-12-28
7342,LINDEN,BROOKLYN,1586,2021-12-28,570 STANLEY AVENUE,570.0,STANLEY AVENUE,570 STANLEY AVENUE,15723875,809549,389890.0,3,570,570,570,STANLEY AVENUE,C,2023-02-15,2023-02-15,03/19/2023,03/14/2023,,,,568.0,8293657.0,"HMC ADM CODE: § 27-2017.4 ABATE THE INFESTATION CONSISTING OF ROACHES IN THE ENTIRE APARTMENT LOCATED AT APT 8A, 8th STORY, 4th APARTMENT FROM SOUTH AT WEST",2023-02-16,19.0,VIOLATION CLOSED,2024-10-17,Original,Close,N,2023,2023.0,2025-10-06,609.0,2022-12-28
7343,LINDEN,BROOKLYN,1586,2021-12-28,570 STANLEY AVENUE,570.0,STANLEY AVENUE,570 STANLEY AVENUE,15729210,809549,389890.0,3,570,570,570,STANLEY AVENUE,A,2023-02-15,2023-02-15,06/05/2023,05/22/2023,,,,556.0,8293654.0,"§ 27-2013 ADM CODE PAINT WITH LIGHT COLORED PAINT TO THE SATISFACTION OF THIS DEPARTMENT ALL PEELING PAINT SURFACES IN THE 4th ROOM FROM NORTH, THE 2nd ROOM FROM NORTH LOCATED AT APT 8A, 8th STORY, 4th APARTMENT FROM SOUTH AT WEST",2023-02-16,19.0,VIOLATION CLOSED,2024-06-24,Original,Close,N,2023,2023.0,2025-10-06,494.0,2022-12-28
7344,LINDEN,BROOKLYN,1586,2021-12-28,570 STANLEY AVENUE,570.0,STANLEY AVENUE,570 STANLEY AVENUE,15007576,809549,389890.0,3,570,570,570,STANLEY AVENUE,A,2022-03-08,2022-03-08,06/25/2022,06/11/2022,,,,1507.0,7794550.0,"(A) § HMC:FILE ANNUAL BEDBUG REPORT IN ACCORDANCE WITH HPD RULE AS DESCRIBED ON THE BACK OF THIS NOTICE OF VIOLATION OR AS DESCRIBED ON HPDS WEBSITE, WWW.NYC.GOV\HPD, SEARCH BED BUGS.",2022-03-08,9.0,VIOLATION DISMISSED,2023-04-28,Original,Close,N,2022,2022.0,2025-10-06,416.0,2022-12-28
7345,LINDEN,BROOKLYN,1586,2021-12-28,570 STANLEY AVENUE,570.0,STANLEY AVENUE,570 STANLEY AVENUE,15378520,809549,389890.0,3,570,570,570,STANLEY AVENUE,B,2022-09-15,2022-09-16,11/07/2022,10/24/2022,,,,508.0,8042772.0,"§ 27-2005 ADM CODE REPAIR THE BROKEN OR DEFECTIVE PLASTERED SURFACES AND PAINT IN A UNIFORM COLOR THE NORTH WALL, EAST WALL, SOUTH WALL, WEST WALL, CEILING IN THE 3rd ROOM FROM NORTH LOCATED AT APT 8A, 8th STORY, 3rd APARTMENT FROM SOUTH AT WEST",2022-09-19,19.0,VIOLATION CLOSED,2024-06-24,Original,Close,N,2022,2022.0,2025-10-06,644.0,2022-12-28
7346,LINDEN,BROOKLYN,1586,2021-12-28,570 STANLEY AVENUE,570.0,STANLEY AVENUE,570 STANLEY AVENUE,15378523,809549,389890.0,3,570,570,570,STANLEY AVENUE,B,2022-09-15,2022-09-16,11/07/2022,10/24/2022,,,,508.0,8042772.0,"§ 27-2005 ADM CODE REPAIR THE BROKEN OR DEFECTIVE PLASTERED SURFACES AND PAINT IN A UNIFORM COLOR THE EAST WALL, WEST WALL IN THE PRIVATE HALLWAY LOCATED AT APT 8A, 8th STORY, 3rd APARTMENT FROM SOUTH AT WEST",2022-09-19,19.0,VIOLATION CLOSED,2024-06-24,Original,Close,N,2022,2022.0,2025-10-06,644.0,2022-12-28
7347,LINDEN,BROOKLYN,1586,2021-12-28,570 STANLEY AVENUE,570.0,STANLEY AVENUE,570 STANLEY AVENUE,15378524,809549,389890.0,3,570,570,570,STANLEY AVENUE,B,2022-09-15,2022-09-16,11/07/2022,10/24/2022,,,,508.0,8042772.0,"§ 27-2005 ADM CODE REPAIR THE BROKEN OR DEFECTIVE PLASTERED SURFACES AND PAINT IN A UNIFORM COLOR THE NORTH WALL, EAST WALL, SOUTH WALL, WEST WALL, CEILING IN THE BATHROOM LOCATED AT APT 8A, 8th STORY, 3rd APARTMENT FROM SOUTH AT WEST",2022-09-19,19.0,VIOLATION CLOSED,2024-06-24,Original,Close,N,2022,2022.0,2025-10-06,644.0,2022-12-28
7348,LINDEN,BROOKLYN,1586,2021-12-28,570 STANLEY AVENUE,570.0,STANLEY AVENUE,570 STANLEY AVENUE,15378525,809549,389890.0,3,570,570,570,STANLEY AVENUE,B,2022-09-15,2022-09-16,11/07/2022,10/24/2022,,,,508.0,8042772.0,"§ 27-2005 ADM CODE REPAIR THE BROKEN OR DEFECTIVE PLASTERED SURFACES AND PAINT IN A UNIFORM COLOR THE NORTH WALL, EAST WALL, SOUTH WALL, WEST WALL, CEILING IN THE 1st ROOM FROM NORTH LOCATED AT APT 8A, 8th STORY, 3rd APARTMENT FROM SOUTH AT WEST",2022-09-19,19.0,VIOLATION CLOSED,2024-06-24,Original,Close,N,2022,2022.0,2025-10-06,644.0,2022-12-28
7349,LINDEN,BROOKLYN,1586,2021-12-28,570 STANLEY AVENUE,570.0,STANLEY AVENUE,570 STANLEY AVENUE,17432528,809549,389890.0,3,570,570,570,STANLEY AVENUE,A,2024-11-20,2024-11-20,03/10/2025,02/24/2025,,,02/20/2025,484.0,9438343.0,"§ 329, M/D LAW AND DEPT. RULES AND REGS. PROVIDE A COMPLETED CERTIFICATE OF INSPECTION VISITS IN A PROPER FRAME AT OR NEAR MAILBOXES, BOTTOM EDGE OF FRAME BETWEEN 48-62 INCHES ABOVE FLOOR MISSING FRAME AT PUBLIC HALL, 1st STORY",2024-11-21,19.0,VIOLATION CLOSED,2025-07-10,Original,Close,N,2024,2024.0,2025-10-06,231.0,2022-12-28
7350,LINDEN,BROOKLYN,1586,2021-12-28,570 STANLEY AVENUE,570.0,STANLEY AVENUE,570 STANLEY AVENUE,17883021,809549,389890.0,3,570,570,570,STANLEY AVENUE,B,2025-05-05,2025-05-07,06/26/2025,06/12/2025,,,06/26/2025,502.0,9748375.0,"§ 27-2005 ADM CODE PROPERLY REPAIR WITH SIMILAR MATERIAL THE BROKEN OR DEFECTIVE VINYL TILES AT FLOOR IN THE 4th ROOM FROM NORTH AT EAST LOCATED AT APT 5G, 5th STORY, 1st APARTMENT FROM SOUTH AT WEST",2025-05-08,19.0,VIOLATION CLOSED,2025-07-10,Original,Close,N,2025,2025.0,2025-10-06,63.0,2022-12-28
7351,LINDEN,BROOKLYN,1586,2021-12-28,570 STANLEY AVENUE,570.0,STANLEY AVENUE,570 STANLEY AVENUE,17896208,809549,389890.0,3,570,570,570,STANLEY AVENUE,A,2025-05-05,2025-05-11,08/29/2025,08/15/2025,,,06/26/2025,556.0,9753659.0,"§ 27-2013 ADM CODE PAINT WITH LIGHT COLORED PAINT TO THE SATISFACTION OF THIS DEPARTMENT EAST WALL IN THE 4th ROOM FROM NORTH AT EAST LOCATED AT APT 5G, 5th STORY, 1st APARTMENT FROM SOUTH AT WEST",2025-05-12,19.0,VIOLATION CLOSED,2025-07-10,Original,Close,N,2025,2025.0,2025-10-06,59.0,2022-12-28
7352,LINDEN,BROOKLYN,1586,2021-12-28,570 STANLEY AVENUE,570.0,STANLEY AVENUE,570 STANLEY AVENUE,17931308,809549,389890.0,3,570,570,570,STANLEY AVENUE,B,2025-06-01,2025-06-01,07/21/2025,07/07/2025,,,06/18/2025,508.0,9781277.0,"§ 27-2005 ADM CODE REPAIR THE BROKEN OR DEFECTIVE PLASTERED SURFACES AND PAINT IN A UNIFORM COLOR THE NORTH WALL IN THE BATHROOM LOCATED AT APT 1A, 1st STORY, 3rd APARTMENT FROM SOUTH AT WEST",2025-06-02,19.0,VIOLATION CLOSED,2025-07-10,Original,Close,N,2025,2025.0,2025-10-06,38.0,2022-12-28
7353,LINDEN,BROOKLYN,1586,2021-12-28,570 STANLEY AVENUE,570.0,STANLEY AVENUE,570 STANLEY AVENUE,17931310,809549,389890.0,3,570,570,570,STANLEY AVENUE,B,2025-06-01,2025-06-01,07/21/2025,07/07/2025,,,06/18/2025,508.0,9781277.0,"§ 27-2005 ADM CODE REPAIR THE BROKEN OR DEFECTIVE PLASTERED SURFACES AND PAINT IN A UNIFORM COLOR THE NORTH WALL IN THE KITCHEN LOCATED AT APT 1A, 1st STORY, 3rd APARTMENT FROM SOUTH AT WEST",2025-06-02,19.0,VIOLATION CLOSED,2025-07-10,Original,Close,N,2025,2025.0,2025-10-06,38.0,2022-12-28
7354,LINDEN,BROOKLYN,1586,2021-12-28,570 STANLEY AVENUE,570.0,STANLEY AVENUE,570 STANLEY AVENUE,17931311,809549,389890.0,3,570,570,570,STANLEY AVENUE,B,2025-06-01,2025-06-01,07/21/2025,07/07/2025,,,06/18/2025,583.0,9781277.0,"§ 27-2026, 2027 HMC: PROPERLY REPAIR THE SOURCE AND ABATE THE EVIDENCE OF A WATER LEAK AT NORTH WALL IN THE KITCHEN LOCATED AT APT 1A, 1st STORY, 3rd APARTMENT FROM SOUTH AT WEST",2025-06-02,19.0,VIOLATION CLOSED,2025-07-10,Original,Close,N,2025,2025.0,2025-10-06,38.0,2022-12-28
7355,LINDEN,BROOKLYN,1586,2021-12-28,570 STANLEY AVENUE,570.0,STANLEY AVENUE,570 STANLEY AVENUE,17931312,809549,389890.0,3,570,570,570,STANLEY AVENUE,B,2025-06-01,2025-06-01,07/21/2025,07/07/2025,,,06/18/2025,508.0,9781277.0,"§ 27-2005 ADM CODE REPAIR THE BROKEN OR DEFECTIVE PLASTERED SURFACES AND PAINT IN A UNIFORM COLOR THE SOUTH WALL IN THE 3rd ROOM FROM NORTH LOCATED AT APT 1A, 1st STORY, 3rd APARTMENT FROM SOUTH AT WEST",2025-06-02,19.0,VIOLATION CLOSED,2025-07-10,Original,Close,N,2025,2025.0,2025-10-06,38.0,2022-12-28
7356,LINDEN,BROOKLYN,1586,2021-12-28,570 STANLEY AVENUE,570.0,STANLEY AVENUE,570 STANLEY AVENUE,17931313,809549,389890.0,3,570,570,570,STANLEY AVENUE,B,2025-06-01,2025-06-01,07/21/2025,07/07/2025,,,06/18/2025,583.0,9781277.0,"§ 27-2026, 2027 HMC: PROPERLY REPAIR THE SOURCE AND ABATE THE EVIDENCE OF A WATER LEAK AT SOUTH WALL IN THE 3rd ROOM FROM NORTH LOCATED AT APT 1A, 1st STORY, 3rd APARTMENT FROM SOUTH AT WEST",2025-06-02,19.0,VIOLATION CLOSED,2025-07-10,Original,Close,N,2025,2025.0,2025-10-06,38.0,2022-12-28
7357,LINDEN,BROOKLYN,1586,2021-12-28,570 STANLEY AVENUE,570.0,STANLEY AVENUE,570 STANLEY AVENUE,18209096,809549,389890.0,3,570,570,570,STANLEY AVENUE,C,2025-08-29,2025-09-04,09/24/2025,09/19/2025,,,09/19/2025,530.0,9980712.0,"§ 27-2005, 27-2007, 27-2041.1 HMC, §238, § 309; § 107 (2) ( C) MDL AND 28 RCNY §25-171: REPLACE OR REPAIR THE SELF-CLOSING DOORS THAT IS MISSING OR DEFECTIVE LATCH AT BUILDING FRONT ENTRANCE DOOR",2025-09-05,19.0,VIOLATION CLOSED,2025-09-29,Original,Close,N,2025,2025.0,2025-10-06,24.0,2022-12-28
7358,LINDEN,BROOKLYN,1586,2021-12-28,190 WORTMAN AVENUE,190.0,WORTMAN AVENUE,190 WORTMAN AVENUE,17261142,809923,389889.0,3,190,190,190,WORTMAN AVENUE,A,2024-09-11,2024-09-11,12/30/2024,12/16/2024,,,,500.0,9332464.0,"§ 26-1103 ADMIN. CODE: POST AND MAINTAIN A PROPER NOTICE ON WALL OF THE ENTRANCE STORY IN ENGLISH AND SPANISH ON THE AVAILABILITY OF THE AGENCYS HOUSING INFORMATION GUIDE. A SAMPLE NOTICE CAN BE FOUND AT WWW.NYC.GOV/HPD., 1st STORY",2024-09-12,19.0,VIOLATION CLOSED,2024-12-03,Original,Close,N,2024,2024.0,2025-10-06,82.0,2022-12-28
7359,LINDEN,BROOKLYN,1586,2021-12-28,190 WORTMAN AVENUE,190.0,WORTMAN AVENUE,190 WORTMAN AVENUE,17349304,809923,389889.0,3,190,190,190,WORTMAN AVENUE,C,2024-10-14,2024-10-14,11/03/2024,10/29/2024,,,11/01/2024,530.0,9382032.0,"§ 27-2005, 27-2007, 27-2041.1 HMC, §238, § 309; § 107 (2) ( C) MDL AND 28 RCNY §25-171: REPLACE OR REPAIR THE SELF-CLOSING DOORS THAT IS MISSING OR DEFECTIVE DOOR AND FRAME LEADING TO NORTH STAIRS AT PUBLIC HALL, 1st STORY",2024-10-15,19.0,VIOLATION CLOSED,2024-11-14,Original,Close,N,2024,2024.0,2025-10-06,30.0,2022-12-28
7360,LINDEN,BROOKLYN,1586,2021-12-28,190 WORTMAN AVENUE,190.0,WORTMAN AVENUE,190 WORTMAN AVENUE,15348982,809923,389889.0,3,190,190,190,WORTMAN AVENUE,B,2022-08-30,2022-08-31,10/20/2022,10/06/2022,,,,702.0,8023803.0,"§ 27-2045 ADM CODE REPAIR OR REPLACE THE SMOKE DETECTOR MISSING LOCATED AT APT 4B, 4th STORY, 4th APARTMENT FROM NORTH AT EAST",2022-09-01,19.0,VIOLATION CLOSED,2024-06-25,Original,Close,N,2022,2022.0,2025-10-06,663.0,2022-12-28
7361,LINDEN,BROOKLYN,1586,2021-12-28,190 WORTMAN AVENUE,190.0,WORTMAN AVENUE,190 WORTMAN AVENUE,15348985,809923,389889.0,3,190,190,190,WORTMAN AVENUE,A,2022-08-30,2022-08-31,12/19/2022,12/05/2022,,,,554.0,8023802.0,"§ 27-2005 ADM CODE PAINT METAL IN ACCORDANCE WITH DEPT. REGULATION AT 1st CLOSET FROM WEST AT NORTH WALL DOOR FRAME IN THE 3rd ROOM FROM NORTH AT EAST LOCATED AT APT 4B, 4th STORY, 4th APARTMENT FROM NORTH AT EAST",2022-09-01,19.0,VIOLATION CLOSED,2024-06-25,Original,Close,N,2022,2022.0,2025-10-06,663.0,2022-12-28
7362,LINDEN,BROOKLYN,1586,2021-12-28,190 WORTMAN AVENUE,190.0,WORTMAN AVENUE,190 WORTMAN AVENUE,15357930,809923,389889.0,3,190,190,190,WORTMAN AVENUE,A,2022-09-12,2022-09-12,12/31/2022,12/17/2022,,,,529.0,8035944.0,"§ 27-2005 ADM CODE REFIT DOOR AT CLOSET AT WEST WALL IN THE PRIVATE HALLWAY LOCATED AT APT 8H, 8th STORY, 2nd APARTMENT FROM NORTH AT EAST",2022-09-13,19.0,VIOLATION CLOSED,2025-09-29,Original,Close,N,2022,2022.0,2025-10-06,1112.0,2022-12-28
7363,LINDEN,BROOKLYN,1586,2021-12-28,190 WORTMAN AVENUE,190.0,WORTMAN AVENUE,190 WORTMAN AVENUE,17546087,809923,389889.0,3,190,190,190,WORTMAN AVENUE,B,2024-12-11,2024-12-11,01/30/2025,01/16/2025,,,,508.0,9533743.0,"§ 27-2005 ADM CODE REPAIR THE BROKEN OR DEFECTIVE PLASTERED SURFACES AND PAINT IN A UNIFORM COLOR THE WEST WALL IN THE PRIVATE HALLWAY LOCATED AT APT 8H, 8th STORY, 2nd APARTMENT FROM NORTH AT EAST",2024-12-12,19.0,VIOLATION CLOSED,2025-09-29,Original,Close,N,2024,2024.0,2025-10-06,291.0,2022-12-28
7364,LINDEN,BROOKLYN,1586,2021-12-28,190 WORTMAN AVENUE,190.0,WORTMAN AVENUE,190 WORTMAN AVENUE,15361001,809923,389889.0,3,190,190,190,WORTMAN AVENUE,B,2022-09-07,2022-09-07,10/27/2022,10/13/2022,,,,570.0,8030739.0,"HMC ADM CODE: § 27-2017.4 ABATE THE INFESTATION CONSISTING OF BEDBUGS IN THE ENTIRE APARTMENT LOCATED AT APT 4B, 4th STORY, 4th APARTMENT FROM NORTH AT EAST",2022-09-08,19.0,VIOLATION CLOSED,2024-06-25,Original,Close,N,2022,2022.0,2025-10-06,656.0,2022-12-28
7365,LINDEN,BROOKLYN,1586,2021-12-28,190 WORTMAN AVENUE,190.0,WORTMAN AVENUE,190 WORTMAN AVENUE,15361002,809923,389889.0,3,190,190,190,WORTMAN AVENUE,C,2022-09-07,2022-09-07,10/09/2022,10/04/2022,,,,568.0,8030740.0,"HMC ADM CODE: § 27-2017.4 ABATE THE INFESTATION CONSISTING OF ROACHES IN THE ENTIRE APARTMENT LOCATED AT APT 4B, 4th STORY, 4th APARTMENT FROM NORTH AT EAST",2022-09-08,19.0,VIOLATION CLOSED,2025-04-16,Original,Close,N,2022,2022.0,2025-10-06,951.0,2022-12-28
7366,LINDEN,BROOKLYN,1586,2021-12-28,190 WORTMAN AVENUE,190.0,WORTMAN AVENUE,190 WORTMAN AVENUE,15361003,809923,389889.0,3,190,190,190,WORTMAN AVENUE,B,2022-09-07,2022-09-07,10/27/2022,10/13/2022,,,,702.0,8030739.0,"§ 27-2045 ADM CODE REPAIR OR REPLACE THE SMOKE DETECTOR MISSING IN THE ENTIRE APARTMENT LOCATED AT APT 4B, 4th STORY, 4th APARTMENT FROM NORTH AT EAST",2022-09-08,19.0,VIOLATION CLOSED,2024-06-25,Original,Close,N,2022,2022.0,2025-10-06,656.0,2022-12-28
7367,LINDEN,BROOKLYN,1586,2021-12-28,190 WORTMAN AVENUE,190.0,WORTMAN AVENUE,190 WORTMAN AVENUE,17261143,809923,389889.0,3,190,190,190,WORTMAN AVENUE,A,2024-09-11,2024-09-11,12/30/2024,12/16/2024,,,12/23/2024,1506.0,9332464.0,"§ 27-2005 HMC: POST, IN A FORM APPROVED BY THE COMMISSIONER, AND MAINTAIN A NOTICE IN A COMMON AREA OF THE BUILDING REGARDING THE PROCEDURES THAT SHOULD BE FOLLOWED WHEN A GAS LEAK IS SUSPECTED, 1st STORY",2024-09-12,9.0,VIOLATION DISMISSED,2025-03-05,Original,Close,N,2024,2024.0,2025-10-06,174.0,2022-12-28
7368,LINDEN,BROOKLYN,1586,2021-12-28,190 WORTMAN AVENUE,190.0,WORTMAN AVENUE,190 WORTMAN AVENUE,15357926,809923,389889.0,3,190,190,190,WORTMAN AVENUE,B,2022-09-12,2022-09-12,11/01/2022,10/18/2022,,,,508.0,8035945.0,"§ 27-2005 ADM CODE REPAIR THE BROKEN OR DEFECTIVE PLASTERED SURFACES AND PAINT IN A UNIFORM COLOR THE CEILING IN THE 4th ROOM FROM NORTH LOCATED AT APT 8H, 8th STORY, 2nd APARTMENT FROM NORTH AT EAST",2022-09-13,19.0,VIOLATION CLOSED,2024-07-02,Original,Close,N,2022,2022.0,2025-10-06,658.0,2022-12-28
7369,LINDEN,BROOKLYN,1586,2021-12-28,190 WORTMAN AVENUE,190.0,WORTMAN AVENUE,190 WORTMAN AVENUE,15357927,809923,389889.0,3,190,190,190,WORTMAN AVENUE,C,2022-09-12,2022-09-12,10/14/2022,10/09/2022,,,,569.0,8035946.0,"HMC ADM CODE: § 27-2017.4 ABATE THE INFESTATION CONSISTING OF MICE IN THE ENTIRE APARTMENT LOCATED AT APT 8H, 8th STORY, 2nd APARTMENT FROM NORTH AT EAST",2022-09-13,19.0,VIOLATION CLOSED,2025-04-16,Original,Close,N,2022,2022.0,2025-10-06,946.0,2022-12-28
7370,LINDEN,BROOKLYN,1586,2021-12-28,190 WORTMAN AVENUE,190.0,WORTMAN AVENUE,190 WORTMAN AVENUE,15357931,809923,389889.0,3,190,190,190,WORTMAN AVENUE,C,2022-09-12,2022-09-12,10/02/2022,09/27/2022,,,,530.0,8035947.0,"§ 27-2005, 27-2007, 27-2041.1 HMC: REPLACE OR REPAIR THE SELF-CLOSING DOORS THAT IS MISSING OR DEFECTIVE AT ENTRANCE TO TERRACE AT PUBLIC HALL, 8th STORY",2022-09-13,19.0,VIOLATION CLOSED,2023-08-18,Original,Close,N,2022,2022.0,2025-10-06,339.0,2022-12-28
7371,LINDEN,BROOKLYN,1586,2021-12-28,190 WORTMAN AVENUE,190.0,WORTMAN AVENUE,190 WORTMAN AVENUE,17261150,809923,389889.0,3,190,190,190,WORTMAN AVENUE,A,2024-09-11,2024-09-11,12/30/2024,12/16/2024,,,12/23/2024,778.0,9332464.0,"§ 27-2104 ADM CODE POST AND MAINTAIN A PROPER SIGN ON WALL OF ENTRANCE STORY SHOWING THE REGISTRATION NUMBER ASSIGNED BY THE DEPARTMENT AND THE ADDRESS OF THE BUILDING. AT PUBLIC HALL, 1st STORY",2024-09-12,9.0,VIOLATION DISMISSED,2025-03-05,Original,Close,N,2024,2024.0,2025-10-06,174.0,2022-12-28
7372,LINDEN,BROOKLYN,1586,2021-12-28,190 WORTMAN AVENUE,190.0,WORTMAN AVENUE,190 WORTMAN AVENUE,15486210,809923,389889.0,3,190,190,190,WORTMAN AVENUE,C,2022-11-08,2022-11-08,12/10/2022,12/05/2022,,,,568.0,8130299.0,"HMC ADM CODE: § 27-2017.4 ABATE THE INFESTATION CONSISTING OF ROACHES IN THE ENTIRE APARTMENT LOCATED AT APT 8H, 8th STORY, 2nd APARTMENT FROM NORTH AT EAST",2022-11-09,19.0,VIOLATION CLOSED,2024-10-17,Original,Close,N,2022,2022.0,2025-10-06,708.0,2022-12-28
7373,LINDEN,BROOKLYN,1586,2021-12-28,190 WORTMAN AVENUE,190.0,WORTMAN AVENUE,190 WORTMAN AVENUE,15580353,809923,389889.0,3,190,190,190,WORTMAN AVENUE,B,2022-11-27,2022-12-01,01/20/2023,01/06/2023,,,,501.0,8206349.0,"§ 27-2005 ADM CODE PROPERLY REPAIR THE BROKEN OR DEFECTIVE LATCHSET AT FIRE DOOR 1ST FROM NORTH AT EAST WALL. AT PUBLIC HALL, 7th STORY",2022-12-02,19.0,VIOLATION CLOSED,2024-06-25,Original,Close,N,2022,2022.0,2025-10-06,571.0,2022-12-28
7374,LINDEN,BROOKLYN,1586,2021-12-28,190 WORTMAN AVENUE,190.0,WORTMAN AVENUE,190 WORTMAN AVENUE,16719018,809923,389889.0,3,190,190,190,WORTMAN AVENUE,C,2024-03-04,2024-03-08,03/21/2024,03/14/2024,,,03/21/2024,671.0,8978796.0,"§ 27-2033 ADM CODE POST NOTICE, IN FORM APPROVED BY THE DEPARTMENT, STATING THE NAME AND LOCATION OF THE PERSON DESIGNATED BY THE OWNER TO HAVE KEY TO BUILDINGS HEATING SYSTEM AT PUBLIC HALL, 1st STORY",2024-03-08,9.0,VIOLATION DISMISSED,2024-06-03,Original,Close,N,2024,2024.0,2025-10-06,87.0,2022-12-28
7375,LINDEN,BROOKLYN,1586,2021-12-28,190 WORTMAN AVENUE,190.0,WORTMAN AVENUE,190 WORTMAN AVENUE,16260784,809923,389889.0,3,190,190,190,WORTMAN AVENUE,C,2023-09-29,2023-09-30,10/12/2023,09/30/2023,,,10/06/2023,670.0,8660541.0,"§ 27-2031 ADM CODE PROVIDE HOT WATER AT ALL HOT WATER FIXTURES IN THE ENTIRE APARTMENT LOCATED AT APT 5D, 5th STORY, 2nd APARTMENT FROM SOUTH AT WEST , SECTION ''south''",2023-10-02,9.0,VIOLATION DISMISSED,2023-12-18,Original,Close,Y,2023,2023.0,2025-10-06,77.0,2022-12-28
7376,LINDEN,BROOKLYN,1586,2021-12-28,190 WORTMAN AVENUE,190.0,WORTMAN AVENUE,190 WORTMAN AVENUE,15348981,809923,389889.0,3,190,190,190,WORTMAN AVENUE,B,2022-08-30,2022-08-31,10/20/2022,10/06/2022,,,,1503.0,8023803.0,"§ 27-2046.1 HMC: REPAIR OR REPLACE THE CARBON MONOXIDE DETECTING DEVICE(S). - MISSING LOCATED AT APT 4B, 4th STORY, 4th APARTMENT FROM NORTH AT EAST",2022-09-01,19.0,VIOLATION CLOSED,2024-06-25,Original,Close,N,2022,2022.0,2025-10-06,663.0,2022-12-28
7377,LINDEN,BROOKLYN,1586,2021-12-28,190 WORTMAN AVENUE,190.0,WORTMAN AVENUE,190 WORTMAN AVENUE,15348980,809923,389889.0,3,190,190,190,WORTMAN AVENUE,B,2022-08-30,2022-08-31,10/20/2022,10/06/2022,,,,683.0,8023803.0,"§ 27-2039 ADM CODE PROVIDE ADEQUATE LIGHT OF NOT LESS THAN 60 WATTS INCANDESCENT OR EQUIVALENT ILLUMINATION .. AT PUBLIC HALL, 4th STORY, SECTION AT SOUTH",2022-09-01,19.0,VIOLATION CLOSED,2024-06-25,Original,Close,N,2022,2022.0,2025-10-06,663.0,2022-12-28
7378,LINDEN,BROOKLYN,1586,2021-12-28,190 WORTMAN AVENUE,190.0,WORTMAN AVENUE,190 WORTMAN AVENUE,15348983,809923,389889.0,3,190,190,190,WORTMAN AVENUE,B,2022-08-30,2022-08-31,10/20/2022,10/06/2022,,,,508.0,8023803.0,"§ 27-2005 ADM CODE REPAIR THE BROKEN OR DEFECTIVE PLASTERED SURFACES AND PAINT IN A UNIFORM COLOR AT EAST WALL IN THE 2nd ROOM FROM NORTH LOCATED AT APT 4B, 4th STORY, 4th APARTMENT FROM NORTH AT EAST",2022-09-01,19.0,VIOLATION CLOSED,2024-06-25,Original,Close,N,2022,2022.0,2025-10-06,663.0,2022-12-28
7379,LINDEN,BROOKLYN,1586,2021-12-28,190 WORTMAN AVENUE,190.0,WORTMAN AVENUE,190 WORTMAN AVENUE,15348984,809923,389889.0,3,190,190,190,WORTMAN AVENUE,A,2022-08-30,2022-08-31,12/19/2022,12/05/2022,,,,554.0,8023802.0,"§ 27-2005 ADM CODE PAINT METAL IN ACCORDANCE WITH DEPT. REGULATION AT 1st DOOR FROM SOUTH AT WEST WALL IN THE FOYER LOCATED AT APT 4B, 4th STORY, 4th APARTMENT FROM NORTH AT EAST",2022-09-01,19.0,VIOLATION CLOSED,2024-06-25,Original,Close,N,2022,2022.0,2025-10-06,663.0,2022-12-28
7380,LINDEN,BROOKLYN,1586,2021-12-28,190 WORTMAN AVENUE,190.0,WORTMAN AVENUE,190 WORTMAN AVENUE,15349754,809923,389889.0,3,190,190,190,WORTMAN AVENUE,C,2022-08-30,2022-08-31,09/30/2022,09/25/2022,,,,624.0,8023804.0,"§ 27-2056.6 ADM CODE - CORRECT THE LEAD-BASED PAINT HAZARD-PAINT THAT IS XRF TESTED INCONCLUSIVE FOR LEAD CONTENT AT 0.5MG/CM2 AND IS PRESUMED LEAD PAINT AS SET FORTH IN (28 RCNY §11-07(b)) AND THAT IS PEELING OR ON A DETERIORATED SUBSURFACE-USING WORK PRACTICES SET FORTH IN 28 RCNY §11-06(b)(2) 1st DOOR FRAME FROM SOUTH AT WEST WALL IN THE 3rd ROOM FROM NORTH AT EAST LOCATED AT APT 4B, 4th STORY, 4th APARTMENT FROM NORTH AT EAST",2022-09-01,19.0,VIOLATION CLOSED,2024-06-25,Original,Close,N,2022,2022.0,2025-10-06,663.0,2022-12-28
7381,LINDEN,BROOKLYN,1586,2021-12-28,190 WORTMAN AVENUE,190.0,WORTMAN AVENUE,190 WORTMAN AVENUE,15665138,809923,389889.0,3,190,190,190,WORTMAN AVENUE,C,2023-01-16,2023-01-16,02/17/2023,02/12/2023,,,,568.0,8255318.0,"HMC ADM CODE: § 27-2017.4 ABATE THE INFESTATION CONSISTING OF ROACHES IN THE ENTIRE APARTMENT LOCATED AT APT 8H, 8th STORY, 2nd APARTMENT FROM NORTH AT EAST",2023-01-17,19.0,VIOLATION CLOSED,2024-10-17,Original,Close,N,2023,2023.0,2025-10-06,639.0,2022-12-28
7382,LINDEN,BROOKLYN,1586,2021-12-28,190 WORTMAN AVENUE,190.0,WORTMAN AVENUE,190 WORTMAN AVENUE,16260787,809923,389889.0,3,190,190,190,WORTMAN AVENUE,A,2023-09-29,2023-10-02,01/20/2024,01/06/2024,,,01/19/2024,500.0,8666433.0,"§ 26-1103 ADMIN. CODE: POST AND MAINTAIN A PROPER NOTICE ON WALL OF THE ENTRANCE STORY IN ENGLISH AND SPANISH ON THE AVAILABILITY OF THE AGENCYS HOUSING INFORMATION GUIDE. A SAMPLE NOTICE CAN BE FOUND AT WWW.NYC.GOV/HPD. AT PUBLIC HALL STAIRS, 1st STORY",2023-10-03,9.0,VIOLATION DISMISSED,2024-04-01,Original,Close,N,2023,2023.0,2025-10-06,181.0,2022-12-28
7383,LINDEN,BROOKLYN,1586,2021-12-28,190 WORTMAN AVENUE,190.0,WORTMAN AVENUE,190 WORTMAN AVENUE,17261146,809923,389889.0,3,190,190,190,WORTMAN AVENUE,A,2024-09-11,2024-09-11,12/30/2024,12/16/2024,,,12/23/2024,484.0,9332464.0,"§ 329, M/D LAW AND DEPT. RULES AND REGS. PROVIDE A COMPLETED CERTIFICATE OF INSPECTION VISITS IN A PROPER FRAME AT OR NEAR MAILBOXES, BOTTOM EDGE OF FRAME BETWEEN 48-62 INCHES ABOVE FLOOR MISSING AT PUBLIC HALL, 1st STORY",2024-09-12,9.0,VIOLATION DISMISSED,2025-03-05,Original,Close,N,2024,2024.0,2025-10-06,174.0,2022-12-28
7384,LINDEN,BROOKLYN,1586,2021-12-28,190 WORTMAN AVENUE,190.0,WORTMAN AVENUE,190 WORTMAN AVENUE,15463517,809923,389889.0,3,190,190,190,WORTMAN AVENUE,C,2022-11-04,2022-11-04,12/08/2022,12/03/2022,,,,568.0,8121603.0,"HMC ADM CODE: § 27-2017.4 ABATE THE INFESTATION CONSISTING OF ROACHES IN THE ENTIRE APARTMENT LOCATED AT APT H, 8th STORY, 3rd APARTMENT FROM SOUTH AT WEST",2022-11-07,19.0,VIOLATION CLOSED,2024-08-26,Original,Close,N,2022,2022.0,2025-10-06,658.0,2022-12-28
7385,LINDEN,BROOKLYN,1586,2021-12-28,190 WORTMAN AVENUE,190.0,WORTMAN AVENUE,190 WORTMAN AVENUE,17349305,809923,389889.0,3,190,190,190,WORTMAN AVENUE,A,2024-10-14,2024-10-14,02/01/2025,01/18/2025,,,,529.0,9382030.0,"§ 27-2005 HMC: REFIT DOOR LEADING TO NORTH STAIRS AT PUBLIC HALL, 1st STORY",2024-10-15,19.0,VIOLATION CLOSED,2024-12-03,Original,Close,N,2024,2024.0,2025-10-06,49.0,2022-12-28
7386,LINDEN,BROOKLYN,1586,2021-12-28,190 WORTMAN AVENUE,190.0,WORTMAN AVENUE,190 WORTMAN AVENUE,17349303,809923,389889.0,3,190,190,190,WORTMAN AVENUE,A,2024-10-14,2024-10-14,02/01/2025,01/18/2025,,,,556.0,9382029.0,"§ 27-2013 ADM CODE PAINT WITH LIGHT COLORED PAINT TO THE SATISFACTION OF THIS DEPARTMENT AT WEST WALL IN THE PRIVATE HALLWAY LOCATED AT APT 8H, 8th STORY, 2nd APARTMENT FROM NORTH AT EAST",2024-10-15,19.0,VIOLATION CLOSED,2025-09-29,Original,Close,N,2024,2024.0,2025-10-06,349.0,2022-12-28
7387,LINDEN,BROOKLYN,1586,2021-12-28,190 WORTMAN AVENUE,190.0,WORTMAN AVENUE,190 WORTMAN AVENUE,17079285,809923,389889.0,3,190,190,190,WORTMAN AVENUE,C,2024-06-24,2024-06-25,07/15/2024,07/10/2024,,,07/14/2024,530.0,9220827.0,"§ 27-2005, 27-2007, 27-2041.1 HMC, §238, § 309; § 107 (2) ( C) MDL AND 28 RCNY §25-171: REPLACE OR REPAIR THE SELF-CLOSING DOORS THAT IS MISSING OR DEFECTIVE HINGES AT 1ST DOOR FROM NORTH AT EAST LEADING TO STAIR CASE AT PUBLIC HALL, 7th STORY",2024-06-26,19.0,VIOLATION CLOSED,2024-07-19,Original,Close,N,2024,2024.0,2025-10-06,23.0,2022-12-28
7388,LINDEN,BROOKLYN,1586,2021-12-28,190 WORTMAN AVENUE,190.0,WORTMAN AVENUE,190 WORTMAN AVENUE,15007588,809923,389889.0,3,190,190,190,WORTMAN AVENUE,A,2022-03-08,2022-03-08,06/25/2022,06/11/2022,,,,1507.0,7794654.0,"(A) § HMC:FILE ANNUAL BEDBUG REPORT IN ACCORDANCE WITH HPD RULE AS DESCRIBED ON THE BACK OF THIS NOTICE OF VIOLATION OR AS DESCRIBED ON HPDS WEBSITE, WWW.NYC.GOV\HPD, SEARCH BED BUGS.",2022-03-08,9.0,VIOLATION DISMISSED,2023-04-27,Original,Close,N,2022,2022.0,2025-10-06,415.0,2022-12-28
7389,LINDEN,BROOKLYN,1586,2021-12-28,190 WORTMAN AVENUE,190.0,WORTMAN AVENUE,190 WORTMAN AVENUE,15357928,809923,389889.0,3,190,190,190,WORTMAN AVENUE,B,2022-09-12,2022-09-12,11/01/2022,10/18/2022,,,,508.0,8035945.0,"§ 27-2005 ADM CODE REPAIR THE BROKEN OR DEFECTIVE PLASTERED SURFACES AND PAINT IN A UNIFORM COLOR THE SOUTH WALL IN THE 4th ROOM FROM NORTH LOCATED AT APT 8H, 8th STORY, 2nd APARTMENT FROM NORTH AT EAST",2022-09-13,19.0,VIOLATION CLOSED,2024-07-02,Original,Close,N,2022,2022.0,2025-10-06,658.0,2022-12-28
7390,LINDEN,BROOKLYN,1586,2021-12-28,190 WORTMAN AVENUE,190.0,WORTMAN AVENUE,190 WORTMAN AVENUE,15357929,809923,389889.0,3,190,190,190,WORTMAN AVENUE,C,2022-09-12,2022-09-12,10/14/2022,10/09/2022,,,,568.0,8035946.0,"HMC ADM CODE: § 27-2017.4 ABATE THE INFESTATION CONSISTING OF ROACHES IN THE ENTIRE APARTMENT LOCATED AT APT 8H, 8th STORY, 2nd APARTMENT FROM NORTH AT EAST",2022-09-13,19.0,VIOLATION CLOSED,2025-04-16,Original,Close,N,2022,2022.0,2025-10-06,946.0,2022-12-28
7391,LINDEN,BROOKLYN,1586,2021-12-28,190 WORTMAN AVENUE,190.0,WORTMAN AVENUE,190 WORTMAN AVENUE,15361005,809923,389889.0,3,190,190,190,WORTMAN AVENUE,B,2022-09-07,2022-09-07,10/27/2022,10/13/2022,,,,1503.0,8030739.0,"§ 27-2046.1 HMC: REPAIR OR REPLACE THE CARBON MONOXIDE DETECTING DEVICE(S). MISSING IN THE ENTIRE APARTMENT LOCATED AT APT 4B, 4th STORY, 4th APARTMENT FROM NORTH AT EAST",2022-09-08,19.0,VIOLATION CLOSED,2024-06-25,Original,Close,N,2022,2022.0,2025-10-06,656.0,2022-12-28
7392,LINDEN,BROOKLYN,1586,2021-12-28,190 WORTMAN AVENUE,190.0,WORTMAN AVENUE,190 WORTMAN AVENUE,15486211,809923,389889.0,3,190,190,190,WORTMAN AVENUE,A,2022-11-08,2022-11-08,02/26/2023,02/12/2023,,,,556.0,8130297.0,"§ 27-2013 ADM CODE PAINT WITH LIGHT COLORED PAINT TO THE SATISFACTION OF THIS DEPARTMENT ALL WALLS AND CEILING IN THE KITCHEN LOCATED AT APT 8H, 8th STORY, 2nd APARTMENT FROM NORTH AT EAST",2022-11-09,19.0,VIOLATION CLOSED,2024-07-02,Original,Close,N,2022,2022.0,2025-10-06,601.0,2022-12-28
7393,LINDEN,BROOKLYN,1586,2021-12-28,190 WORTMAN AVENUE,190.0,WORTMAN AVENUE,190 WORTMAN AVENUE,15486212,809923,389889.0,3,190,190,190,WORTMAN AVENUE,C,2022-11-08,2022-11-08,11/28/2022,11/23/2022,,,,530.0,8130300.0,"§ 27-2005, 27-2007, 27-2041.1 HMC: REPLACE OR REPAIR THE SELF-CLOSING DOORS THAT IS MISSING OR DEFECTIVE FIRE DOOR AT WEST WALL AT PUBLIC HALL, 8th STORY",2022-11-09,19.0,VIOLATION CLOSED,2023-08-18,Original,Close,N,2022,2022.0,2025-10-06,282.0,2022-12-28
7394,LINDEN,BROOKLYN,1586,2021-12-28,190 WORTMAN AVENUE,190.0,WORTMAN AVENUE,190 WORTMAN AVENUE,15789791,809923,389889.0,3,190,190,190,WORTMAN AVENUE,C,2023-03-19,2023-03-19,04/01/2023,03/20/2023,,,,666.0,8349343.0,"§ 27-2029 ADM CODE PROVIDE AN ADEQUATE SUPPLY OF HEAT FOR THE APARTMENT IN THE ENTIRE APARTMENT LOCATED AT APT BLDG, 7th STORY, 1st APARTMENT FROM NORTH AT EAST",2023-03-20,19.0,VIOLATION CLOSED,2024-06-25,Original,Close,Y,2023,2023.0,2025-10-06,463.0,2022-12-28
7395,LINDEN,BROOKLYN,1586,2021-12-28,190 WORTMAN AVENUE,190.0,WORTMAN AVENUE,190 WORTMAN AVENUE,15789792,809923,389889.0,3,190,190,190,WORTMAN AVENUE,C,2023-03-19,2023-03-19,04/01/2023,03/20/2023,,,,670.0,8349343.0,"§ 27-2031 ADM CODE PROVIDE HOT WATER AT ALL HOT WATER FIXTURES IN THE ENTIRE APARTMENT LOCATED AT APT BLDG, 7th STORY, 1st APARTMENT FROM NORTH AT EAST",2023-03-20,19.0,VIOLATION CLOSED,2024-06-25,Original,Close,Y,2023,2023.0,2025-10-06,463.0,2022-12-28
7396,LINDEN,BROOKLYN,1586,2021-12-28,190 WORTMAN AVENUE,190.0,WORTMAN AVENUE,190 WORTMAN AVENUE,15881718,809923,389889.0,3,190,190,190,WORTMAN AVENUE,A,2023-03-29,2023-03-29,07/16/2023,07/02/2023,,,,1507.0,8417372.0,"(A) § HMC:FILE ANNUAL BEDBUG REPORT IN ACCORDANCE WITH HPD RULE AS DESCRIBED ON THE BACK OF THIS NOTICE OF VIOLATION OR AS DESCRIBED ON HPDS WEBSITE, WWW.NYC.GOV\HPD, SEARCH BED BUGS.",2023-03-29,9.0,VIOLATION DISMISSED,2023-04-27,Original,Close,N,2023,2023.0,2025-10-06,29.0,2022-12-28
7397,LINDEN,BROOKLYN,1586,2021-12-28,190 WORTMAN AVENUE,190.0,WORTMAN AVENUE,190 WORTMAN AVENUE,16260788,809923,389889.0,3,190,190,190,WORTMAN AVENUE,C,2023-09-29,2023-10-02,10/16/2023,10/09/2023,,,10/16/2023,671.0,8666434.0,"§ 27-2033 ADM CODE POST NOTICE, IN FORM APPROVED BY THE DEPARTMENT, STATING THE NAME AND LOCATION OF THE PERSON DESIGNATED BY THE OWNER TO HAVE KEY TO BUILDINGS HEATING SYSTEM AT PUBLIC HALL STAIRS, 1st STORY",2023-10-03,9.0,VIOLATION DISMISSED,2023-12-27,Original,Close,N,2023,2023.0,2025-10-06,85.0,2022-12-28
7398,LINDEN,BROOKLYN,1586,2021-12-28,190 WORTMAN AVENUE,190.0,WORTMAN AVENUE,190 WORTMAN AVENUE,16260789,809923,389889.0,3,190,190,190,WORTMAN AVENUE,A,2023-09-29,2023-10-02,01/20/2024,01/06/2024,,,01/19/2024,722.0,8666433.0,"§ 27-2053 ADM CODE POST SIGN ON WALL OF ENTRANCE STORY BEARING NAME, ADDRESS INCLUDING APARTMENT NUMBER IF ANY, AND TELEPHONE NUMBER OF SUPERINTENDENT, JANITOR OR HOUSEKEEPER. AT PUBLIC HALL STAIRS, 1st STORY",2023-10-03,9.0,VIOLATION DISMISSED,2024-04-01,Original,Close,N,2023,2023.0,2025-10-06,181.0,2022-12-28
7399,LINDEN,BROOKLYN,1586,2021-12-28,190 WORTMAN AVENUE,190.0,WORTMAN AVENUE,190 WORTMAN AVENUE,16719016,809923,389889.0,3,190,190,190,WORTMAN AVENUE,A,2024-03-04,2024-03-08,06/25/2024,06/11/2024,,,,778.0,8978795.0,"§ 27-2104 ADM CODE POST AND MAINTAIN A PROPER SIGN ON WALL OF ENTRANCE STORY SHOWING THE REGISTRATION NUMBER ASSIGNED BY THE DEPARTMENT AND THE ADDRESS OF THE BUILDING. AT PUBLIC HALL, 1st STORY",2024-03-08,19.0,VIOLATION CLOSED,2024-06-25,Original,Close,N,2024,2024.0,2025-10-06,109.0,2022-12-28
7400,LINDEN,BROOKLYN,1586,2021-12-28,190 WORTMAN AVENUE,190.0,WORTMAN AVENUE,190 WORTMAN AVENUE,16719017,809923,389889.0,3,190,190,190,WORTMAN AVENUE,A,2024-03-04,2024-03-08,06/25/2024,06/11/2024,,,,722.0,8978795.0,"§ 27-2053 ADM CODE POST SIGN ON WALL OF ENTRANCE STORY BEARING NAME, ADDRESS INCLUDING APARTMENT NUMBER IF ANY, AND TELEPHONE NUMBER OF SUPERINTENDENT, JANITOR OR HOUSEKEEPER. AT PUBLIC HALL, 1st STORY",2024-03-08,19.0,VIOLATION CLOSED,2024-06-25,Original,Close,N,2024,2024.0,2025-10-06,109.0,2022-12-28
7401,LINDEN,BROOKLYN,1586,2021-12-28,190 WORTMAN AVENUE,190.0,WORTMAN AVENUE,190 WORTMAN AVENUE,17261147,809923,389889.0,3,190,190,190,WORTMAN AVENUE,A,2024-09-11,2024-09-11,12/30/2024,12/16/2024,,,12/23/2024,700.0,9332464.0,"§ 27-2045 ADM CODE POST A PROPER NOTICE OF SMOKE DETECTOR REQUIREMENTS, IN A FORM APPROVED BY THE COMMISSIONER, AT OR NEAR THE MAIL BOX MISSING AT PUBLIC HALL, 1st STORY",2024-09-12,9.0,VIOLATION DISMISSED,2025-03-05,Original,Close,N,2024,2024.0,2025-10-06,174.0,2022-12-28
7402,LINDEN,BROOKLYN,1586,2021-12-28,190 WORTMAN AVENUE,190.0,WORTMAN AVENUE,190 WORTMAN AVENUE,17261148,809923,389889.0,3,190,190,190,WORTMAN AVENUE,A,2024-09-11,2024-09-11,12/30/2024,12/16/2024,,,12/23/2024,1501.0,9332464.0,"§ 27-2046.1 HMC: POST A PROPER NOTICE OF CARBON MONOXIDE DETECTING DEVICE REQUIREMENTS, IN A FORM APPROVED BY THE COMMISSIONER, IN A COMMON AREA OF A CLASS A MULTIPLE DWELLING NEAR INSPECTION CERTIFICATE OR PROVIDE NOTICE TO TENANTS IN A PRIVATE DWELLING.",2024-09-12,9.0,VIOLATION DISMISSED,2025-03-05,Original,Close,N,2024,2024.0,2025-10-06,174.0,2022-12-28
7403,LINDEN,BROOKLYN,1586,2021-12-28,190 WORTMAN AVENUE,190.0,WORTMAN AVENUE,190 WORTMAN AVENUE,17349306,809923,389889.0,3,190,190,190,WORTMAN AVENUE,C,2024-10-14,2024-10-14,11/03/2024,10/29/2024,,,11/01/2024,530.0,9382032.0,"§ 27-2005, 27-2007, 27-2041.1 HMC, §238, § 309; § 107 (2) ( C) MDL AND 28 RCNY §25-171: REPLACE OR REPAIR THE SELF-CLOSING DOORS THAT IS MISSING OR DEFECTIVE DOOR AND FRAME AT BUILDING FRONT ENTRANCE , 1st STORY",2024-10-15,19.0,VIOLATION CLOSED,2025-03-15,Original,Close,N,2024,2024.0,2025-10-06,151.0,2022-12-28
7404,LINDEN,BROOKLYN,1586,2021-12-28,190 WORTMAN AVENUE,190.0,WORTMAN AVENUE,190 WORTMAN AVENUE,17575286,809923,389889.0,3,190,190,190,WORTMAN AVENUE,B,2024-12-24,2024-12-24,02/13/2025,01/30/2025,,,02/13/2025,508.0,9552575.0,"§ 27-2005 ADM CODE REPAIR THE BROKEN OR DEFECTIVE PLASTERED SURFACES AND PAINT IN A UNIFORM COLOR AT SOUTH WALL IN THE PRIVATE HALLWAY LOCATED AT APT 8H, 8th STORY, 2nd APARTMENT FROM WEST AT NORTH",2024-12-26,9.0,VIOLATION DISMISSED,2025-04-28,Original,Close,N,2024,2024.0,2025-10-06,123.0,2022-12-28
7405,LINDEN,BROOKLYN,1586,2021-12-28,190 WORTMAN AVENUE,190.0,WORTMAN AVENUE,190 WORTMAN AVENUE,17575287,809923,389889.0,3,190,190,190,WORTMAN AVENUE,B,2024-12-24,2024-12-24,02/13/2025,01/30/2025,,,02/13/2025,508.0,9552575.0,"§ 27-2005 ADM CODE REPAIR THE BROKEN OR DEFECTIVE PLASTERED SURFACES AND PAINT IN A UNIFORM COLOR AT NORTH WALL IN THE 1st ROOM FROM EAST LOCATED AT APT 8H, 8th STORY, 2nd APARTMENT FROM WEST AT NORTH",2024-12-26,9.0,VIOLATION DISMISSED,2025-04-28,Original,Close,N,2024,2024.0,2025-10-06,123.0,2022-12-28
7406,LINDEN,BROOKLYN,1586,2021-12-28,190 WORTMAN AVENUE,190.0,WORTMAN AVENUE,190 WORTMAN AVENUE,17575288,809923,389889.0,3,190,190,190,WORTMAN AVENUE,B,2024-12-24,2024-12-24,02/13/2025,01/30/2025,,,02/13/2025,508.0,9552575.0,"§ 27-2005 ADM CODE REPAIR THE BROKEN OR DEFECTIVE PLASTERED SURFACES AND PAINT IN A UNIFORM COLOR AT NORTH WALL IN THE 4th ROOM FROM EAST AT NORTH LOCATED AT APT 8H, 8th STORY, 2nd APARTMENT FROM WEST AT NORTH",2024-12-26,9.0,VIOLATION DISMISSED,2025-04-28,Original,Close,N,2024,2024.0,2025-10-06,123.0,2022-12-28
7407,LINDEN,BROOKLYN,1586,2021-12-28,190 WORTMAN AVENUE,190.0,WORTMAN AVENUE,190 WORTMAN AVENUE,17261144,809923,389889.0,3,190,190,190,WORTMAN AVENUE,C,2024-09-11,2024-09-11,10/01/2024,09/26/2024,,,,530.0,9332466.0,"§ 27-2005, 27-2007, 27-2041.1 HMC, §238, § 309; § 107 (2) ( C) MDL AND 28 RCNY §25-171: REPLACE OR REPAIR THE SELF-CLOSING DOORS THAT IS MISSING OR DEFECTIVE HINGES AT BUILDING ENTRANCE , 1st STORY",2024-09-12,19.0,VIOLATION CLOSED,2025-03-15,Original,Close,N,2024,2024.0,2025-10-06,184.0,2022-12-28
7408,LINDEN,BROOKLYN,1586,2021-12-28,190 WORTMAN AVENUE,190.0,WORTMAN AVENUE,190 WORTMAN AVENUE,15486208,809923,389889.0,3,190,190,190,WORTMAN AVENUE,B,2022-11-08,2022-11-08,12/28/2022,12/14/2022,,,,566.0,8130298.0,"HMC ADM CODE: § 27-2017.4 ABATE THE INFESTATION CONSISTING OF VERMIN BUGS IN THE ENTIRE APARTMENT LOCATED AT APT 8H, 8th STORY, 2nd APARTMENT FROM NORTH AT EAST",2022-11-09,19.0,VIOLATION CLOSED,2024-07-02,Original,Close,N,2022,2022.0,2025-10-06,601.0,2022-12-28
7409,LINDEN,BROOKLYN,1586,2021-12-28,190 WORTMAN AVENUE,190.0,WORTMAN AVENUE,190 WORTMAN AVENUE,16260785,809923,389889.0,3,190,190,190,WORTMAN AVENUE,C,2023-09-29,2023-10-02,10/16/2023,10/09/2023,,,10/16/2023,672.0,8666435.0,§ 27-2033 ADM CODE PROVIDE READY ACCESS TO BUILDINGS HEATING SYSTEM LOCKED BOILER ROOM DOOR AT BOILER ROOM,2023-10-03,9.0,VIOLATION DISMISSED,2023-12-27,Original,Close,N,2023,2023.0,2025-10-06,85.0,2022-12-28
7410,LINDEN,BROOKLYN,1586,2021-12-28,190 WORTMAN AVENUE,190.0,WORTMAN AVENUE,190 WORTMAN AVENUE,16260786,809923,389889.0,3,190,190,190,WORTMAN AVENUE,C,2023-09-29,2023-10-02,11/03/2023,10/29/2023,,,11/02/2023,568.0,8666436.0,"HMC ADM CODE: § 27-2017.4 ABATE THE INFESTATION CONSISTING OF ROACHES IN THE ENTIRE APARTMENT LOCATED AT APT 5D, 5th STORY, 2nd APARTMENT FROM SOUTH AT WEST , SECTION ''south''",2023-10-03,9.0,VIOLATION DISMISSED,2024-01-15,Original,Close,N,2023,2023.0,2025-10-06,104.0,2022-12-28
7411,LINDEN,BROOKLYN,1586,2021-12-28,190 WORTMAN AVENUE,190.0,WORTMAN AVENUE,190 WORTMAN AVENUE,17261145,809923,389889.0,3,190,190,190,WORTMAN AVENUE,B,2024-09-11,2024-09-11,10/31/2024,10/17/2024,,,10/08/2024,529.0,9332465.0,"§ 27-2005 HMC: REFIT BUILDING ENTRANCE DOOR AND FRAME , 1st STORY",2024-09-12,19.0,VIOLATION CLOSED,2025-07-01,Original,Close,N,2024,2024.0,2025-10-06,292.0,2022-12-28
7412,LINDEN,BROOKLYN,1586,2021-12-28,190 WORTMAN AVENUE,190.0,WORTMAN AVENUE,190 WORTMAN AVENUE,15789793,809923,389889.0,3,190,190,190,WORTMAN AVENUE,C,2023-03-19,2023-03-19,04/02/2023,03/26/2023,,,,672.0,8358344.0,§ 27-2033 ADM CODE PROVIDE READY ACCESS TO BUILDINGS HEATING SYSTEM DOOR LOCKED YARD AT EAST,2023-03-20,19.0,VIOLATION CLOSED,2025-03-15,Original,Close,N,2023,2023.0,2025-10-06,726.0,2022-12-28
7413,LINDEN,BROOKLYN,1586,2021-12-28,190 WORTMAN AVENUE,190.0,WORTMAN AVENUE,190 WORTMAN AVENUE,15486209,809923,389889.0,3,190,190,190,WORTMAN AVENUE,C,2022-11-08,2022-11-08,12/10/2022,12/05/2022,,,,569.0,8130299.0,"HMC ADM CODE: § 27-2017.4 ABATE THE INFESTATION CONSISTING OF MICE IN THE ENTIRE APARTMENT LOCATED AT APT 8H, 8th STORY, 2nd APARTMENT FROM NORTH AT EAST",2022-11-09,19.0,VIOLATION CLOSED,2025-04-16,Original,Close,N,2022,2022.0,2025-10-06,889.0,2022-12-28
7414,LINDEN,BROOKLYN,1586,2021-12-28,190 WORTMAN AVENUE,190.0,WORTMAN AVENUE,190 WORTMAN AVENUE,17349307,809923,389889.0,3,190,190,190,WORTMAN AVENUE,A,2024-10-14,2024-10-14,02/01/2025,01/18/2025,,,11/18/2024,529.0,9382030.0,"§ 27-2005 HMC: REFIT DOOR AT BUILDING FRONT ENTRANCE , 1st STORY",2024-10-15,19.0,VIOLATION CLOSED,2025-07-01,Original,Close,N,2024,2024.0,2025-10-06,259.0,2022-12-28
7415,LINDEN,BROOKLYN,1586,2021-12-28,190 WORTMAN AVENUE,190.0,WORTMAN AVENUE,190 WORTMAN AVENUE,17546086,809923,389889.0,3,190,190,190,WORTMAN AVENUE,A,2024-12-11,2024-12-11,03/31/2025,03/17/2025,,,02/25/2025,529.0,9533742.0,"§ 27-2005 HMC: REFIT THE CLOSET DOORS AT WEST IN THE PRIVATE HALLWAY LOCATED AT APT 8H, 8th STORY, 2nd APARTMENT FROM NORTH AT EAST",2024-12-12,9.0,VIOLATION DISMISSED,2025-05-08,Original,Close,N,2024,2024.0,2025-10-06,147.0,2022-12-28
7416,LINDEN,BROOKLYN,1586,2021-12-28,190 WORTMAN AVENUE,190.0,WORTMAN AVENUE,190 WORTMAN AVENUE,15349753,809923,389889.0,3,190,190,190,WORTMAN AVENUE,C,2022-08-30,2022-08-31,09/30/2022,09/25/2022,,,,624.0,8023804.0,"§ 27-2056.6 ADM CODE - CORRECT THE LEAD-BASED PAINT HAZARD-PAINT THAT IS XRF TESTED INCONCLUSIVE FOR LEAD CONTENT AT 0.5MG/CM2 AND IS PRESUMED LEAD PAINT AS SET FORTH IN (28 RCNY §11-07(b)) AND THAT IS PEELING OR ON A DETERIORATED SUBSURFACE-USING WORK PRACTICES SET FORTH IN 28 RCNY §11-06(b)(2) 1st DOOR FRAME FROM SOUTH AT WEST WALL IN THE FOYER LOCATED AT APT 4B, 4th STORY, 4th APARTMENT FROM NORTH AT EAST",2022-09-01,19.0,VIOLATION CLOSED,2024-06-25,Original,Close,N,2022,2022.0,2025-10-06,663.0,2022-12-28
7417,LINDEN,BROOKLYN,1586,2021-12-28,190 WORTMAN AVENUE,190.0,WORTMAN AVENUE,190 WORTMAN AVENUE,15665137,809923,389889.0,3,190,190,190,WORTMAN AVENUE,C,2023-01-16,2023-01-16,02/17/2023,02/12/2023,,,,569.0,8255318.0,"HMC ADM CODE: § 27-2017.4 ABATE THE INFESTATION CONSISTING OF MICE IN THE ENTIRE APARTMENT LOCATED AT APT 8H, 8th STORY, 2nd APARTMENT FROM NORTH AT EAST",2023-01-17,19.0,VIOLATION CLOSED,2024-10-17,Original,Close,N,2023,2023.0,2025-10-06,639.0,2022-12-28
7418,LINDEN,BROOKLYN,1586,2021-12-28,190 WORTMAN AVENUE,190.0,WORTMAN AVENUE,190 WORTMAN AVENUE,15665139,809923,389889.0,3,190,190,190,WORTMAN AVENUE,C,2023-01-16,2023-01-16,01/30/2023,01/23/2023,,,,672.0,8255317.0,§ 27-2033 ADM CODE PROVIDE READY ACCESS TO BUILDINGS HEATING SYSTEM BOILER ROOM DOOR LOCKED AT CELLAR,2023-01-17,19.0,VIOLATION CLOSED,2025-03-15,Original,Close,N,2023,2023.0,2025-10-06,788.0,2022-12-28
7419,LINDEN,BROOKLYN,1586,2021-12-28,190 WORTMAN AVENUE,190.0,WORTMAN AVENUE,190 WORTMAN AVENUE,17349302,809923,389889.0,3,190,190,190,WORTMAN AVENUE,B,2024-10-14,2024-10-14,12/03/2024,11/19/2024,,,12/03/2024,509.0,9382031.0,"§ 27-2005 ADM CODE PROPERLY SECURE THE LOOSE CLOSET DOOR AT WEST WALL IN THE PRIVATE HALLWAY LOCATED AT APT 8H, 8th STORY, 2nd APARTMENT FROM NORTH AT EAST",2024-10-15,19.0,VIOLATION CLOSED,2025-09-29,Original,Close,N,2024,2024.0,2025-10-06,349.0,2022-12-28
7420,LINDEN,BROOKLYN,1586,2021-12-28,190 WORTMAN AVENUE,190.0,WORTMAN AVENUE,190 WORTMAN AVENUE,15350730,809923,389889.0,3,190,190,190,WORTMAN AVENUE,C,2022-08-30,2022-09-01,10/01/2022,09/26/2022,,,,625.0,8025078.0,"§ 27-2056.7, 27-2056.8, 27-2056.9 ADM CODE - CERTIFY COMPLIANCE WITH LEAD-BASED PAINT HAZARD CONTROL REQUIREMENTS DURING PERIOD OF UNIT VACANCY BY PERFORMING ACTIVITIES NECESSARY TO ABATE PRESUMED LEAD PAINT THAT IS XRF TESTED INCONCLUSIVE AT 0.5 MG/CM2 (28 RCNY §11-07(B)) FROM REQUIRED WINDOW AND/OR DOOR FRICTION SURFACES AND MAKE FLOORS SMOOTH AND CLEANABLE, IN AN APARTMENT WITH A CHILD UNDER SIX LOCATED AT APT 4B, 4th STORY, 4th APARTMENT FROM NORTH AT EAST",2022-09-02,19.0,VIOLATION CLOSED,2024-06-25,Original,Close,N,2022,2022.0,2025-10-06,662.0,2022-12-28
7421,LINDEN,BROOKLYN,1586,2021-12-28,190 WORTMAN AVENUE,190.0,WORTMAN AVENUE,190 WORTMAN AVENUE,15665140,809923,389889.0,3,190,190,190,WORTMAN AVENUE,C,2023-01-16,2023-01-16,01/29/2023,01/17/2023,,,,670.0,8252955.0,"§ 27-2031 ADM CODE PROVIDE HOT WATER AT ALL HOT WATER FIXTURES IN THE ENTIRE APARTMENT LOCATED AT APT 8H, 8th STORY, 2nd APARTMENT FROM NORTH AT EAST",2023-01-17,19.0,VIOLATION CLOSED,2024-12-10,Original,Close,Y,2023,2023.0,2025-10-06,693.0,2022-12-28
7422,LINDEN,BROOKLYN,1586,2021-12-28,190 WORTMAN AVENUE,190.0,WORTMAN AVENUE,190 WORTMAN AVENUE,15665141,809923,389889.0,3,190,190,190,WORTMAN AVENUE,C,2023-01-16,2023-01-16,01/29/2023,01/17/2023,,,,666.0,8252955.0,"§ 27-2029 ADM CODE PROVIDE AN ADEQUATE SUPPLY OF HEAT FOR THE APARTMENT IN THE ENTIRE APARTMENT LOCATED AT APT 8H, 8th STORY, 2nd APARTMENT FROM NORTH AT EAST",2023-01-17,19.0,VIOLATION CLOSED,2023-02-09,Original,Close,Y,2023,2023.0,2025-10-06,23.0,2022-12-28
7423,LINDEN,BROOKLYN,1586,2021-12-28,190 WORTMAN AVENUE,190.0,WORTMAN AVENUE,190 WORTMAN AVENUE,15463516,809923,389889.0,3,190,190,190,WORTMAN AVENUE,C,2022-11-04,2022-11-04,12/08/2022,12/03/2022,,,,569.0,8121603.0,"HMC ADM CODE: § 27-2017.4 ABATE THE INFESTATION CONSISTING OF MICE IN THE ENTIRE APARTMENT LOCATED AT APT H, 8th STORY, 3rd APARTMENT FROM SOUTH AT WEST",2022-11-07,19.0,VIOLATION CLOSED,2024-08-26,Original,Close,N,2022,2022.0,2025-10-06,658.0,2022-12-28
7424,LINDEN,BROOKLYN,1586,2021-12-28,190 WORTMAN AVENUE,190.0,WORTMAN AVENUE,190 WORTMAN AVENUE,17128227,809923,389889.0,3,190,190,190,WORTMAN AVENUE,C,2024-07-18,2024-07-19,08/04/2024,07/28/2024,,,08/01/2024,510.0,9255093.0,"§ 27-2005 ADM CODE & 309 M/D LAW ABATE THE NUISANCE CONSISTING OF HEATING ELEMENTS IN OPERATION IN THE ENTIRE APARTMENT LOCATED AT APT 1A, 1st STORY, 3rd APARTMENT FROM NORTH AT EAST",2024-07-22,19.0,VIOLATION CLOSED,2024-09-22,Original,Close,N,2024,2024.0,2025-10-06,62.0,2022-12-28
7425,LINDEN,BROOKLYN,1586,2021-12-28,190 WORTMAN AVENUE,190.0,WORTMAN AVENUE,190 WORTMAN AVENUE,18260959,809923,389889.0,3,190,190,190,WORTMAN AVENUE,C,2025-09-26,2025-09-29,10/19/2025,10/14/2025,,,,530.0,10013747.0,"§ 27-2005, 27-2007, 27-2041.1 HMC, §238, § 309; § 107 (2) ( C) MDL AND 28 RCNY §25-171: REPLACE OR REPAIR THE SELF-CLOSING DOORS THAT IS MISSING OR DEFECTIVE LATCH, AT BUILDING ENTRANCE",2025-09-30,2.0,NOV SENT OUT,2025-09-30,Original,Open,N,2025,2025.0,2025-10-06,6.0,2022-12-28
7426,LINDEN,BROOKLYN,1586,2021-12-28,240 WORTMAN AVENUE,240.0,WORTMAN AVENUE,240 WORTMAN AVENUE,16081748,809925,389888.0,3,240,240,240,WORTMAN AVENUE,A,2023-07-06,2023-07-06,10/24/2023,10/10/2023,,,10/12/2023,484.0,8550622.0,"§ 329, M/D LAW AND DEPT. RULES AND REGS. PROVIDE A COMPLETED CERTIFICATE OF INSPECTION VISITS IN A PROPER FRAME AT OR NEAR MAILBOXES, BOTTOM EDGE OF FRAME BETWEEN 48-62 INCHES ABOVE FLOOR MISSING AT PUBLIC HALL, 1st STORY",2023-07-07,9.0,VIOLATION DISMISSED,2023-12-26,Original,Close,N,2023,2023.0,2025-10-06,172.0,2022-12-28
7427,LINDEN,BROOKLYN,1586,2021-12-28,240 WORTMAN AVENUE,240.0,WORTMAN AVENUE,240 WORTMAN AVENUE,16619799,809925,389888.0,3,240,240,240,WORTMAN AVENUE,C,2024-01-24,2024-01-25,02/14/2024,02/09/2024,,,02/09/2024,530.0,8912245.0,"§ 27-2005, 27-2007, 27-2041.1 HMC, §238, § 309; § 107 (2) ( C) MDL AND 28 RCNY §25-171: REPLACE OR REPAIR THE SELF-CLOSING DOORS THAT IS MISSING OR DEFECTIVE HINGES AT STAIRCASE DOOR AT 1ST STAIRCASE FROM NORTH AT WEST AT PUBLIC HALL, 2nd STORY",2024-01-26,19.0,VIOLATION CLOSED,2024-02-15,Original,Close,N,2024,2024.0,2025-10-06,20.0,2022-12-28
7428,LINDEN,BROOKLYN,1586,2021-12-28,240 WORTMAN AVENUE,240.0,WORTMAN AVENUE,240 WORTMAN AVENUE,16081747,809925,389888.0,3,240,240,240,WORTMAN AVENUE,B,2023-07-06,2023-07-06,08/25/2023,08/11/2023,,,08/10/2023,502.0,8550623.0,"§ 27-2005 ADM CODE PROPERLY REPAIR WITH SIMILAR MATERIAL THE BROKEN OR DEFECTIVE DOOR AT BASE CABINET AT SOUTH WALL IN THE KITCHEN LOCATED AT APT 1A, 1st STORY, 3rd APARTMENT FROM WEST AT NORTH",2023-07-07,9.0,VIOLATION DISMISSED,2023-10-23,Original,Close,N,2023,2023.0,2025-10-06,108.0,2022-12-28
7429,LINDEN,BROOKLYN,1586,2021-12-28,240 WORTMAN AVENUE,240.0,WORTMAN AVENUE,240 WORTMAN AVENUE,16619800,809925,389888.0,3,240,240,240,WORTMAN AVENUE,C,2024-01-24,2024-01-25,02/14/2024,02/09/2024,,,02/13/2024,530.0,8912246.0,"§ 27-2005, 27-2007, 27-2041.1 HMC, §238, § 309; § 107 (2) ( C) MDL AND 28 RCNY §25-171: REPLACE OR REPAIR THE SELF-CLOSING DOORS THAT IS MISSING OR DEFECTIVE HINGES AT TRASH CHUTE HOPPER DOOR AT PUBLIC HALL, 1st STORY",2024-01-26,19.0,VIOLATION CLOSED,2024-02-15,Original,Close,N,2024,2024.0,2025-10-06,20.0,2022-12-28
7430,LINDEN,BROOKLYN,1586,2021-12-28,240 WORTMAN AVENUE,240.0,WORTMAN AVENUE,240 WORTMAN AVENUE,15881720,809925,389888.0,3,240,240,240,WORTMAN AVENUE,A,2023-03-29,2023-03-29,07/16/2023,07/02/2023,,,,1507.0,8417374.0,"(A) § HMC:FILE ANNUAL BEDBUG REPORT IN ACCORDANCE WITH HPD RULE AS DESCRIBED ON THE BACK OF THIS NOTICE OF VIOLATION OR AS DESCRIBED ON HPDS WEBSITE, WWW.NYC.GOV\HPD, SEARCH BED BUGS.",2023-03-29,9.0,VIOLATION DISMISSED,2023-04-24,Original,Close,N,2023,2023.0,2025-10-06,26.0,2022-12-28
7431,LINDEN,BROOKLYN,1586,2021-12-28,240 WORTMAN AVENUE,240.0,WORTMAN AVENUE,240 WORTMAN AVENUE,17779607,809925,389888.0,3,240,240,240,WORTMAN AVENUE,B,2025-03-23,2025-03-23,05/12/2025,04/28/2025,,,05/07/2025,508.0,9683967.0,"§ 27-2005 ADM CODE REPAIR THE BROKEN OR DEFECTIVE PLASTERED SURFACES AND PAINT IN A UNIFORM COLOR AT EAST AND WEST WALLS IN THE 4th ROOM FROM NORTH AT EAST LOCATED AT APT 7F, 7th STORY, 4th APARTMENT FROM NORTH AT EAST",2025-03-24,9.0,VIOLATION DISMISSED,2025-07-18,Original,Close,N,2025,2025.0,2025-10-06,116.0,2022-12-28
7432,LINDEN,BROOKLYN,1586,2021-12-28,240 WORTMAN AVENUE,240.0,WORTMAN AVENUE,240 WORTMAN AVENUE,17779608,809925,389888.0,3,240,240,240,WORTMAN AVENUE,B,2025-03-23,2025-03-26,05/15/2025,05/01/2025,,,05/07/2025,579.0,9688965.0,"§ 27-2026 ADM CODE REPAIR THE LEAKY AND/OR DEFECTIVE FAUCETS AT SINK IN THE KITCHEN LOCATED AT APT 7F, 7th STORY, 4th APARTMENT FROM NORTH AT EAST",2025-03-27,9.0,VIOLATION DISMISSED,2025-07-18,Original,Close,N,2025,2025.0,2025-10-06,113.0,2022-12-28
7433,LINDEN,BROOKLYN,1586,2021-12-28,240 WORTMAN AVENUE,240.0,WORTMAN AVENUE,240 WORTMAN AVENUE,15007590,809925,389888.0,3,240,240,240,WORTMAN AVENUE,A,2022-03-08,2022-03-08,06/25/2022,06/11/2022,,,,1507.0,7794656.0,"(A) § HMC:FILE ANNUAL BEDBUG REPORT IN ACCORDANCE WITH HPD RULE AS DESCRIBED ON THE BACK OF THIS NOTICE OF VIOLATION OR AS DESCRIBED ON HPDS WEBSITE, WWW.NYC.GOV\HPD, SEARCH BED BUGS.",2022-03-08,9.0,VIOLATION DISMISSED,2023-04-24,Original,Close,N,2022,2022.0,2025-10-06,412.0,2022-12-28
7434,LINDEN,BROOKLYN,1586,2021-12-28,250 WORTMAN AVENUE,250.0,WORTMAN AVENUE,250 WORTMAN AVENUE,17170408,809927,389887.0,3,250,250,250,WORTMAN AVENUE,A,2024-08-07,2024-08-09,11/29/2024,11/15/2024,,,11/27/2024,510.0,9285430.0,"§ 27-2005 ADM CODE & 309 M/D LAW ABATE THE NUISANCE CONSISTING OF AT RADATOR GIVING HEAT IN THE SUMNER TIME IN THE 2nd ROOM FROM NORTH LOCATED AT APT 2A, 2nd STORY, 1st APARTMENT FROM NORTH AT EAST",2024-08-12,19.0,VIOLATION CLOSED,2024-12-10,Original,Close,N,2024,2024.0,2025-10-06,120.0,2022-12-28
7435,LINDEN,BROOKLYN,1586,2021-12-28,250 WORTMAN AVENUE,250.0,WORTMAN AVENUE,250 WORTMAN AVENUE,17546158,809927,389887.0,3,250,250,250,WORTMAN AVENUE,A,2024-12-11,2024-12-11,03/31/2025,03/17/2025,,,12/24/2024,500.0,9533744.0,"§ 26-1103 ADMIN. CODE: POST AND MAINTAIN A PROPER NOTICE ON WALL OF THE ENTRANCE STORY IN ENGLISH AND SPANISH ON THE AVAILABILITY OF THE AGENCYS HOUSING INFORMATION GUIDE. A SAMPLE NOTICE CAN BE FOUND AT WWW.NYC.GOV/HPD. AT PUBLIC HALL, 1st STORY",2024-12-12,9.0,VIOLATION DISMISSED,2025-03-06,Original,Close,N,2024,2024.0,2025-10-06,84.0,2022-12-28
7436,LINDEN,BROOKLYN,1586,2021-12-28,250 WORTMAN AVENUE,250.0,WORTMAN AVENUE,250 WORTMAN AVENUE,17546161,809927,389887.0,3,250,250,250,WORTMAN AVENUE,C,2024-12-11,2024-12-11,12/24/2024,12/12/2024,,,12/18/2024,670.0,9531833.0,"§ 27-2031 ADM CODE PROVIDE HOT WATER AT ALL HOT WATER FIXTURES IN THE ENTIRE APARTMENT LOCATED AT APT 8A, 8th STORY, 4th APARTMENT FROM NORTH AT EAST",2024-12-12,9.0,VIOLATION DISMISSED,2025-02-28,Original,Close,Y,2024,2024.0,2025-10-06,78.0,2022-12-28
7437,LINDEN,BROOKLYN,1586,2021-12-28,250 WORTMAN AVENUE,250.0,WORTMAN AVENUE,250 WORTMAN AVENUE,17912283,809927,389887.0,3,250,250,250,WORTMAN AVENUE,B,2025-05-19,2025-05-20,07/09/2025,06/25/2025,,,06/13/2025,538.0,9765978.0,"§ 27-2005, 2007 ADM CODE REMOVE ALL ENCUMBRANCES CONSISTING OF HOUSEHOLD ITEMS AT PUBLIC HALL, 6th STORY",2025-05-21,19.0,VIOLATION CLOSED,2025-07-01,Original,Close,Y,2025,2025.0,2025-10-06,41.0,2022-12-28
7438,LINDEN,BROOKLYN,1586,2021-12-28,250 WORTMAN AVENUE,250.0,WORTMAN AVENUE,250 WORTMAN AVENUE,15730994,809927,389887.0,3,250,250,250,WORTMAN AVENUE,C,2023-02-18,2023-02-19,03/12/2023,03/07/2023,,,,530.0,8298218.0,"§ 27-2005, 27-2007, 27-2041.1 HMC: REPLACE OR REPAIR THE SELF-CLOSING DOORS THAT IS MISSING OR DEFECTIVE HOPPER DOOR AT COMPACTOR CHUTE AT EAST AT PUBLIC HALL, 1st STORY",2023-02-21,19.0,VIOLATION CLOSED,2023-12-02,Original,Close,N,2023,2023.0,2025-10-06,284.0,2022-12-28
7439,LINDEN,BROOKLYN,1586,2021-12-28,250 WORTMAN AVENUE,250.0,WORTMAN AVENUE,250 WORTMAN AVENUE,17183936,809927,389887.0,3,250,250,250,WORTMAN AVENUE,B,2024-08-11,2024-08-19,10/08/2024,09/24/2024,,,,510.0,9298593.0,"§ 27-2005 ADM CODE & 309 M/D LAW ABATE THE NUISANCE CONSISTING OF HEAT IN OPERATION AT STEAM RISER PIPES IN THE ENTIRE APARTMENT LOCATED AT APT 2A, 2nd STORY, 3rd APARTMENT FROM NORTH AT EAST",2024-08-20,19.0,VIOLATION CLOSED,2024-12-10,Original,Close,N,2024,2024.0,2025-10-06,112.0,2022-12-28
7440,LINDEN,BROOKLYN,1586,2021-12-28,250 WORTMAN AVENUE,250.0,WORTMAN AVENUE,250 WORTMAN AVENUE,17079303,809927,389887.0,3,250,250,250,WORTMAN AVENUE,B,2024-06-24,2024-06-25,08/14/2024,07/31/2024,,,08/14/2024,501.0,9220839.0,"§ 27-2005 HMC: PROPERLY REPAIR OR REPLACE THE BROKEN OR DEFECTIVE DOOR FRAME IN THE ENTRANCE LOCATED AT APT 8H, 8th STORY, 2nd APARTMENT FROM NORTH AT EAST",2024-06-26,9.0,VIOLATION DISMISSED,2024-10-25,Original,Close,N,2024,2024.0,2025-10-06,121.0,2022-12-28
7442,LINDEN,BROOKLYN,1586,2021-12-28,250 WORTMAN AVENUE,250.0,WORTMAN AVENUE,250 WORTMAN AVENUE,15731111,809927,389887.0,3,250,250,250,WORTMAN AVENUE,C,2023-02-19,2023-02-19,03/04/2023,02/20/2023,,,,666.0,8295621.0,"§ 27-2029 ADM CODE PROVIDE AN ADEQUATE SUPPLY OF HEAT FOR THE APARTMENT IN THE ENTIRE APARTMENT LOCATED AT APT 8D, 8th STORY, 2nd APARTMENT FROM SOUTH AT WEST",2023-02-21,19.0,VIOLATION CLOSED,2024-12-18,Original,Close,Y,2023,2023.0,2025-10-06,666.0,2022-12-28
7443,LINDEN,BROOKLYN,1586,2021-12-28,250 WORTMAN AVENUE,250.0,WORTMAN AVENUE,250 WORTMAN AVENUE,17079299,809927,389887.0,3,250,250,250,WORTMAN AVENUE,C,2024-06-24,2024-06-25,07/15/2024,07/10/2024,,,07/14/2024,530.0,9220840.0,"§ 27-2005, 27-2007, 27-2041.1 HMC, §238, § 309; § 107 (2) ( C) MDL AND 28 RCNY §25-171: REPLACE OR REPAIR THE SELF-CLOSING DOORS THAT IS MISSING OR DEFECTIVE LATCH SET AT HOPPER DOOR TO TRASH CHUTE AT PUBLIC HALL, 8th STORY",2024-06-26,19.0,VIOLATION CLOSED,2024-07-19,Original,Close,N,2024,2024.0,2025-10-06,23.0,2022-12-28
7444,LINDEN,BROOKLYN,1586,2021-12-28,250 WORTMAN AVENUE,250.0,WORTMAN AVENUE,250 WORTMAN AVENUE,15007592,809927,389887.0,3,250,250,250,WORTMAN AVENUE,A,2022-03-08,2022-03-08,06/25/2022,06/11/2022,,,,1507.0,7794658.0,"(A) § HMC:FILE ANNUAL BEDBUG REPORT IN ACCORDANCE WITH HPD RULE AS DESCRIBED ON THE BACK OF THIS NOTICE OF VIOLATION OR AS DESCRIBED ON HPDS WEBSITE, WWW.NYC.GOV\HPD, SEARCH BED BUGS.",2022-03-08,9.0,VIOLATION DISMISSED,2023-04-27,Original,Close,N,2022,2022.0,2025-10-06,415.0,2022-12-28
7445,LINDEN,BROOKLYN,1586,2021-12-28,250 WORTMAN AVENUE,250.0,WORTMAN AVENUE,250 WORTMAN AVENUE,15418220,809927,389887.0,3,250,250,250,WORTMAN AVENUE,B,2022-10-06,2022-10-07,11/29/2022,11/15/2022,,,,583.0,8067677.0,"§ 27-2026, 2027 HMC: PROPERLY REPAIR THE SOURCE AND ABATE THE EVIDENCE OF A WATER LEAK AT SOUTH WALL IN THE 4th ROOM FROM NORTH LOCATED AT APT 8H, 8th STORY, 2nd APARTMENT FROM NORTH AT EAST",2022-10-11,19.0,VIOLATION CLOSED,2024-06-25,Original,Close,N,2022,2022.0,2025-10-06,623.0,2022-12-28
7446,LINDEN,BROOKLYN,1586,2021-12-28,250 WORTMAN AVENUE,250.0,WORTMAN AVENUE,250 WORTMAN AVENUE,17079300,809927,389887.0,3,250,250,250,WORTMAN AVENUE,B,2024-06-24,2024-06-25,08/14/2024,07/31/2024,,,08/14/2024,501.0,9220838.0,"§ 27-2005 HMC: PROPERLY REPAIR OR REPLACE THE BROKEN OR DEFECTIVE LATCH SET AT HOPPER DOOR TRASH CHUTE AT PUBLIC HALL, 8th STORY",2024-06-26,9.0,VIOLATION DISMISSED,2024-10-25,Original,Close,N,2024,2024.0,2025-10-06,121.0,2022-12-28
7447,LINDEN,BROOKLYN,1586,2021-12-28,250 WORTMAN AVENUE,250.0,WORTMAN AVENUE,250 WORTMAN AVENUE,17170409,809927,389887.0,3,250,250,250,WORTMAN AVENUE,C,2024-08-07,2024-08-09,09/12/2024,09/07/2024,,,09/12/2024,568.0,9285431.0,"HMC ADM CODE: § 27-2017.4 ABATE THE INFESTATION CONSISTING OF ROACHES IN THE ENTIRE APARTMENT LOCATED AT APT 2A, 2nd STORY, 1st APARTMENT FROM NORTH AT EAST",2024-08-12,9.0,VIOLATION DISMISSED,2025-04-06,Original,Close,N,2024,2024.0,2025-10-06,237.0,2022-12-28
7448,LINDEN,BROOKLYN,1586,2021-12-28,250 WORTMAN AVENUE,250.0,WORTMAN AVENUE,250 WORTMAN AVENUE,17170410,809927,389887.0,3,250,250,250,WORTMAN AVENUE,C,2024-08-07,2024-08-09,09/12/2024,09/07/2024,,,09/12/2024,569.0,9285431.0,"HMC ADM CODE: § 27-2017.4 ABATE THE INFESTATION CONSISTING OF MICE IN THE ENTIRE APARTMENT LOCATED AT APT 2A, 2nd STORY, 1st APARTMENT FROM NORTH AT EAST",2024-08-12,19.0,VIOLATION CLOSED,2024-12-10,Original,Close,N,2024,2024.0,2025-10-06,120.0,2022-12-28
7449,LINDEN,BROOKLYN,1586,2021-12-28,250 WORTMAN AVENUE,250.0,WORTMAN AVENUE,250 WORTMAN AVENUE,17183937,809927,389887.0,3,250,250,250,WORTMAN AVENUE,C,2024-08-11,2024-08-14,09/15/2024,09/10/2024,,,,568.0,9291751.0,"HMC ADM CODE: § 27-2017.4 ABATE THE INFESTATION CONSISTING OF ROACHES IN THE ENTIRE APARTMENT LOCATED AT APT 2A, 2nd STORY, 3rd APARTMENT FROM NORTH AT EAST",2024-08-15,19.0,VIOLATION CLOSED,2025-07-02,Original,Close,N,2024,2024.0,2025-10-06,321.0,2022-12-28
7450,LINDEN,BROOKLYN,1586,2021-12-28,250 WORTMAN AVENUE,250.0,WORTMAN AVENUE,250 WORTMAN AVENUE,17546157,809927,389887.0,3,250,250,250,WORTMAN AVENUE,A,2024-12-11,2024-12-11,03/31/2025,03/17/2025,,,12/24/2024,484.0,9533744.0,"§ 329, M/D LAW AND DEPT. RULES AND REGS. PROVIDE A COMPLETED CERTIFICATE OF INSPECTION VISITS IN A PROPER FRAME AT OR NEAR MAILBOXES, BOTTOM EDGE OF FRAME BETWEEN 48-62 INCHES ABOVE FLOOR MISSING AT PUBLIC HALL, 1st STORY",2024-12-12,9.0,VIOLATION DISMISSED,2025-03-06,Original,Close,N,2024,2024.0,2025-10-06,84.0,2022-12-28
7451,LINDEN,BROOKLYN,1586,2021-12-28,250 WORTMAN AVENUE,250.0,WORTMAN AVENUE,250 WORTMAN AVENUE,17546159,809927,389887.0,3,250,250,250,WORTMAN AVENUE,C,2024-12-11,2024-12-11,12/25/2024,12/18/2024,,,12/24/2024,671.0,9533745.0,"§ 27-2033 ADM CODE POST NOTICE, IN FORM APPROVED BY THE DEPARTMENT, STATING THE NAME AND LOCATION OF THE PERSON DESIGNATED BY THE OWNER TO HAVE KEY TO BUILDINGS HEATING SYSTEM MISSING AT PUBLIC HALL, 1st STORY",2024-12-12,9.0,VIOLATION DISMISSED,2025-03-06,Original,Close,N,2024,2024.0,2025-10-06,84.0,2022-12-28
7452,LINDEN,BROOKLYN,1586,2021-12-28,250 WORTMAN AVENUE,250.0,WORTMAN AVENUE,250 WORTMAN AVENUE,17546160,809927,389887.0,3,250,250,250,WORTMAN AVENUE,A,2024-12-11,2024-12-11,03/31/2025,03/17/2025,,,12/24/2024,722.0,9533744.0,"§ 27-2053 ADM CODE POST SIGN ON WALL OF ENTRANCE STORY BEARING NAME, ADDRESS INCLUDING APARTMENT NUMBER IF ANY, AND TELEPHONE NUMBER OF SUPERINTENDENT, JANITOR OR HOUSEKEEPER. AT PUBLIC HALL, 1st STORY",2024-12-12,9.0,VIOLATION DISMISSED,2025-03-06,Original,Close,N,2024,2024.0,2025-10-06,84.0,2022-12-28
7453,LINDEN,BROOKLYN,1586,2021-12-28,250 WORTMAN AVENUE,250.0,WORTMAN AVENUE,250 WORTMAN AVENUE,17878474,809927,389887.0,3,250,250,250,WORTMAN AVENUE,A,2025-05-07,2025-05-07,08/25/2025,08/11/2025,,,05/16/2025,484.0,9748389.0,"§ 329, M/D LAW AND DEPT. RULES AND REGS. PROVIDE A COMPLETED CERTIFICATE OF INSPECTION VISITS IN A PROPER FRAME AT OR NEAR MAILBOXES, BOTTOM EDGE OF FRAME BETWEEN 48-62 INCHES ABOVE FLOOR [ MISSING FRAME ] AT PUBLIC HALL, 1st STORY",2025-05-08,19.0,VIOLATION CLOSED,2025-07-01,Original,Close,N,2025,2025.0,2025-10-06,54.0,2022-12-28
7455,LINDEN,BROOKLYN,1586,2021-12-28,250 WORTMAN AVENUE,250.0,WORTMAN AVENUE,250 WORTMAN AVENUE,15418219,809927,389887.0,3,250,250,250,WORTMAN AVENUE,A,2022-10-06,2022-10-07,01/28/2023,01/14/2023,,,,556.0,8067676.0,"§ 27-2013 ADM CODE PAINT WITH LIGHT COLORED PAINT TO THE SATISFACTION OF THIS DEPARTMENT THE SOUTH WALL IN THE 4th ROOM FROM NORTH LOCATED AT APT 8H, 8th STORY, 2nd APARTMENT FROM NORTH AT EAST",2022-10-11,19.0,VIOLATION CLOSED,2024-06-25,Original,Close,N,2022,2022.0,2025-10-06,623.0,2022-12-28
7456,LINDEN,BROOKLYN,1586,2021-12-28,250 WORTMAN AVENUE,250.0,WORTMAN AVENUE,250 WORTMAN AVENUE,15881722,809927,389887.0,3,250,250,250,WORTMAN AVENUE,A,2023-03-29,2023-03-29,07/16/2023,07/02/2023,,,,1507.0,8417376.0,"(A) § HMC:FILE ANNUAL BEDBUG REPORT IN ACCORDANCE WITH HPD RULE AS DESCRIBED ON THE BACK OF THIS NOTICE OF VIOLATION OR AS DESCRIBED ON HPDS WEBSITE, WWW.NYC.GOV\HPD, SEARCH BED BUGS.",2023-03-29,9.0,VIOLATION DISMISSED,2023-04-27,Original,Close,N,2023,2023.0,2025-10-06,29.0,2022-12-28
7457,LINDEN,BROOKLYN,1586,2021-12-28,250 WORTMAN AVENUE,250.0,WORTMAN AVENUE,250 WORTMAN AVENUE,15731112,809927,389887.0,3,250,250,250,WORTMAN AVENUE,C,2023-02-19,2023-02-19,03/06/2023,02/27/2023,,,,672.0,8298217.0,§ 27-2033 ADM CODE PROVIDE READY ACCESS TO BUILDINGS HEATING SYSTEM LOCKED DOOR AT BOILER ROOM,2023-02-21,19.0,VIOLATION CLOSED,2025-03-15,Original,Close,N,2023,2023.0,2025-10-06,753.0,2022-12-28
7458,LINDEN,BROOKLYN,1586,2021-12-28,250 WORTMAN AVENUE,250.0,WORTMAN AVENUE,250 WORTMAN AVENUE,17878473,809927,389887.0,3,250,250,250,WORTMAN AVENUE,C,2025-05-07,2025-05-07,05/21/2025,05/14/2025,,,05/16/2025,501.0,9748390.0,"§ 27-2005 HMC: PROPERLY REPAIR OR REPLACE THE BROKEN OR DEFECTIVE GLASS PANE AT 2ND FIRE DOOR FROM EAST LEADING TO STAIRS AT NORTH AT PUBLIC HALL, 1st STORY",2025-05-08,19.0,VIOLATION CLOSED,2025-06-23,Original,Close,N,2025,2025.0,2025-10-06,46.0,2022-12-28
7459,LINDEN,BROOKLYN,1586,2021-12-28,250 WORTMAN AVENUE,250.0,WORTMAN AVENUE,250 WORTMAN AVENUE,17546162,809927,389887.0,3,250,250,250,WORTMAN AVENUE,C,2024-12-11,2024-12-11,01/12/2025,01/07/2025,,,01/10/2025,568.0,9533746.0,"HMC ADM CODE: § 27-2017.4 ABATE THE INFESTATION CONSISTING OF ROACHES IN THE ENTIRE APARTMENT LOCATED AT APT 8A, 8th STORY, 4th APARTMENT FROM NORTH AT EAST",2024-12-12,19.0,VIOLATION CLOSED,2025-05-22,Original,Close,N,2024,2024.0,2025-10-06,161.0,2022-12-28
7460,LINDEN,BROOKLYN,1586,2021-12-28,250 WORTMAN AVENUE,250.0,WORTMAN AVENUE,250 WORTMAN AVENUE,17878475,809927,389887.0,3,250,250,250,WORTMAN AVENUE,C,2025-05-07,2025-05-07,05/27/2025,05/22/2025,,,05/13/2025,530.0,9748391.0,"§ 27-2005, 27-2007, 27-2041.1 HMC, §238, § 309; § 107 (2) ( C) MDL AND 28 RCNY §25-171: REPLACE OR REPAIR THE SELF-CLOSING DOORS THAT IS MISSING OR DEFECTIVE HINGES AT FIRE DOOR LEADING TO HOPPER CHUTE AT NORTH AT PUBLIC HALL, 6th STORY",2025-05-08,19.0,VIOLATION CLOSED,2025-06-23,Original,Close,N,2025,2025.0,2025-10-06,46.0,2022-12-28
7461,LINDEN,BROOKLYN,1586,2021-12-28,250 WORTMAN AVENUE,250.0,WORTMAN AVENUE,250 WORTMAN AVENUE,17643820,809927,389887.0,3,250,250,250,WORTMAN AVENUE,C,2025-01-23,2025-01-23,02/24/2025,02/19/2025,,,02/13/2025,568.0,9595725.0,"HMC ADM CODE: § 27-2017.4 ABATE THE INFESTATION CONSISTING OF ROACHES IN THE ENTIRE APARTMENT LOCATED AT APT 2A, 2nd STORY, 3rd APARTMENT FROM NORTH AT EAST",2025-01-24,19.0,VIOLATION CLOSED,2025-06-23,Original,Close,N,2025,2025.0,2025-10-06,150.0,2022-12-28
7462,LINDEN,BROOKLYN,1586,2021-12-28,245 COZINE AVENUE,245.0,COZINE AVENUE,245 COZINE AVENUE,17425009,808025,389886.0,3,245,245,245,COZINE AVENUE,B,2024-11-17,2024-11-20,01/09/2025,12/26/2024,,,01/09/2025,538.0,9438320.0,"§ 27-2005, 2007 ADM CODE REMOVE ALL ENCUMBRANCES CONSISTING OF CONSTRUCTION MATERIALS (SHEETROCK) AT PUBLIC HALL, 1st STORY",2024-11-21,9.0,VIOLATION DISMISSED,2025-03-24,Original,Close,Y,2024,2024.0,2025-10-06,123.0,2022-12-28
7463,LINDEN,BROOKLYN,1586,2021-12-28,245 COZINE AVENUE,245.0,COZINE AVENUE,245 COZINE AVENUE,17540987,808025,389886.0,3,245,245,245,COZINE AVENUE,C,2024-12-05,2024-12-06,12/22/2024,12/15/2024,,,,508.0,9527927.0,"§ 27-2005 ADM CODE REPAIR THE BROKEN OR DEFECTIVE PLASTERED SURFACES AND PAINT IN A UNIFORM COLOR AT WEST AND EAST WALLS IN THE BATHROOM LOCATED AT APT 3A, 3rd STORY, 3rd APARTMENT FROM NORTH AT EAST",2024-12-09,19.0,VIOLATION CLOSED,2025-09-04,Original,Close,N,2024,2024.0,2025-10-06,269.0,2022-12-28
7464,LINDEN,BROOKLYN,1586,2021-12-28,245 COZINE AVENUE,245.0,COZINE AVENUE,245 COZINE AVENUE,15314891,808025,389886.0,3,245,245,245,COZINE AVENUE,C,2022-08-17,2022-08-22,09/23/2022,09/18/2022,,,,568.0,8013918.0,"HMC ADM CODE: § 27-2017.4 ABATE THE INFESTATION CONSISTING OF ROACHES AT PUBLIC HALL, 3rd STORY",2022-08-23,19.0,VIOLATION CLOSED,2025-04-16,Original,Close,N,2022,2022.0,2025-10-06,967.0,2022-12-28
7465,LINDEN,BROOKLYN,1586,2021-12-28,245 COZINE AVENUE,245.0,COZINE AVENUE,245 COZINE AVENUE,17425001,808025,389886.0,3,245,245,245,COZINE AVENUE,B,2024-11-17,2024-11-20,01/09/2025,12/26/2024,,,01/09/2025,504.0,9438320.0,"§ 27-2005 ADM CODE PROVIDE RADIATOR COVER AT SOUTH WALL(BY ELEVATOR) AT PUBLIC HALL, 1st STORY",2024-11-21,9.0,VIOLATION DISMISSED,2025-03-24,Original,Close,N,2024,2024.0,2025-10-06,123.0,2022-12-28
7466,LINDEN,BROOKLYN,1586,2021-12-28,245 COZINE AVENUE,245.0,COZINE AVENUE,245 COZINE AVENUE,17425004,808025,389886.0,3,245,245,245,COZINE AVENUE,A,2024-11-17,2024-11-20,03/10/2025,02/24/2025,,,02/19/2025,1506.0,9438319.0,"§ 27-2005 HMC: POST, IN A FORM APPROVED BY THE COMMISSIONER, AND MAINTAIN A NOTICE IN A COMMON AREA OF THE BUILDING REGARDING THE PROCEDURES THAT SHOULD BE FOLLOWED WHEN A GAS LEAK IS SUSPECTED AT PUBLIC HALL, 1st STORY",2024-11-21,19.0,VIOLATION CLOSED,2025-05-30,Original,Close,N,2024,2024.0,2025-10-06,190.0,2022-12-28
7467,LINDEN,BROOKLYN,1586,2021-12-28,245 COZINE AVENUE,245.0,COZINE AVENUE,245 COZINE AVENUE,16050101,808025,389886.0,3,245,245,245,COZINE AVENUE,C,2023-06-21,2023-06-23,07/27/2023,07/22/2023,,,07/27/2023,568.0,8536467.0,"HMC ADM CODE: § 27-2017.4 ABATE THE INFESTATION CONSISTING OF ROACHES AT PUBLIC HALL, 3rd STORY",2023-06-26,9.0,VIOLATION DISMISSED,2023-10-10,Original,Close,N,2023,2023.0,2025-10-06,106.0,2022-12-28
7468,LINDEN,BROOKLYN,1586,2021-12-28,245 COZINE AVENUE,245.0,COZINE AVENUE,245 COZINE AVENUE,15382339,808025,389886.0,3,245,245,245,COZINE AVENUE,C,2022-09-22,2022-09-22,10/24/2022,10/19/2022,,,,569.0,8048224.0,"HMC ADM CODE: § 27-2017.4 ABATE THE INFESTATION CONSISTING OF MICE IN THE ENTIRE APARTMENT LOCATED AT APT 3RDFLO, 3rd STORY, 1st APARTMENT FROM SOUTH AT WEST",2022-09-23,19.0,VIOLATION CLOSED,2024-08-23,Original,Close,N,2022,2022.0,2025-10-06,700.0,2022-12-28
7469,LINDEN,BROOKLYN,1586,2021-12-28,245 COZINE AVENUE,245.0,COZINE AVENUE,245 COZINE AVENUE,17206753,808025,389886.0,3,245,245,245,COZINE AVENUE,B,2024-08-19,2024-08-19,10/08/2024,09/24/2024,,,,502.0,9298580.0,"§ 27-2005 ADM CODE PROPERLY REPAIR WITH SIMILAR MATERIAL THE BROKEN OR DEFECTIVE VINYL FLOOR TILES IN THE FOYER LOCATED AT APT 3A, 4th STORY, 3rd APARTMENT FROM NORTH AT EAST",2024-08-20,21.0,NOT COMPLIED WITH,2025-09-04,Original,Open,N,2024,2024.0,2025-10-06,412.0,2022-12-28
7471,LINDEN,BROOKLYN,1586,2021-12-28,245 COZINE AVENUE,245.0,COZINE AVENUE,245 COZINE AVENUE,15314892,808025,389886.0,3,245,245,245,COZINE AVENUE,A,2022-08-17,2022-08-22,12/10/2022,11/26/2022,,,,500.0,8013916.0,"§ 26-1103 ADMIN. CODE: POST AND MAINTAIN A PROPER NOTICE ON WALL OF THE ENTRANCE STORY IN ENGLISH AND SPANISH ON THE AVAILABILITY OF THE AGENCYS HOUSING INFORMATION GUIDE. A SAMPLE NOTICE CAN BE FOUND AT WWW.NYC.GOV/HPD. AT PUBLIC HALL, 1st STORY",2022-08-23,19.0,VIOLATION CLOSED,2024-06-18,Original,Close,N,2022,2022.0,2025-10-06,665.0,2022-12-28
7472,LINDEN,BROOKLYN,1586,2021-12-28,245 COZINE AVENUE,245.0,COZINE AVENUE,245 COZINE AVENUE,15382338,808025,389886.0,3,245,245,245,COZINE AVENUE,C,2022-09-22,2022-09-22,10/24/2022,10/19/2022,,,,568.0,8048224.0,"HMC ADM CODE: § 27-2017.4 ABATE THE INFESTATION CONSISTING OF ROACHES IN THE ENTIRE APARTMENT LOCATED AT APT 3RDFLO, 3rd STORY, 1st APARTMENT FROM SOUTH AT WEST",2022-09-23,19.0,VIOLATION CLOSED,2024-08-23,Original,Close,N,2022,2022.0,2025-10-06,700.0,2022-12-28
7475,LINDEN,BROOKLYN,1586,2021-12-28,245 COZINE AVENUE,245.0,COZINE AVENUE,245 COZINE AVENUE,15382340,808025,389886.0,3,245,245,245,COZINE AVENUE,B,2022-09-22,2022-09-22,11/11/2022,10/28/2022,,,,566.0,8048223.0,"HMC ADM CODE: § 27-2017.4 ABATE THE INFESTATION CONSISTING OF VERMIN FLIES IN THE ENTIRE APARTMENT LOCATED AT APT 3RDFLO, 3rd STORY, 1st APARTMENT FROM SOUTH AT WEST",2022-09-23,19.0,VIOLATION CLOSED,2024-06-24,Original,Close,N,2022,2022.0,2025-10-06,640.0,2022-12-28
7476,LINDEN,BROOKLYN,1586,2021-12-28,245 COZINE AVENUE,245.0,COZINE AVENUE,245 COZINE AVENUE,17206754,808025,389886.0,3,245,245,245,COZINE AVENUE,B,2024-08-19,2024-08-19,10/08/2024,09/24/2024,,,,508.0,9298580.0,"§ 27-2005 ADM CODE REPAIR THE BROKEN OR DEFECTIVE PLASTERED SURFACES AND PAINT IN A UNIFORM COLOR THE CEILING IN THE 1st ROOM FROM NORTH LOCATED AT APT 3A, 4th STORY, 3rd APARTMENT FROM NORTH AT EAST",2024-08-20,21.0,NOT COMPLIED WITH,2025-09-04,Original,Open,N,2024,2024.0,2025-10-06,412.0,2022-12-28
7477,LINDEN,BROOKLYN,1586,2021-12-28,245 COZINE AVENUE,245.0,COZINE AVENUE,245 COZINE AVENUE,17556635,808025,389886.0,3,245,245,245,COZINE AVENUE,B,2024-12-12,2024-12-13,02/03/2025,01/20/2025,,,,508.0,9538547.0,"§ 27-2005 ADM CODE REPAIR THE BROKEN OR DEFECTIVE PLASTERED SURFACES AND PAINT IN A UNIFORM COLOR THE NORTH WALL IN THE 3rd ROOM FROM NORTH LOCATED AT APT 1D, 1st STORY, 2nd APARTMENT FROM EAST AT SOUTH",2024-12-16,22.0,FIRST NO ACCESS TO RE- INSPECT VIOLATION,2025-09-04,Original,Open,N,2024,2024.0,2025-10-06,294.0,2022-12-28
7478,LINDEN,BROOKLYN,1586,2021-12-28,245 COZINE AVENUE,245.0,COZINE AVENUE,245 COZINE AVENUE,17425006,808025,389886.0,3,245,245,245,COZINE AVENUE,A,2024-11-17,2024-11-20,03/10/2025,02/24/2025,,,02/19/2025,700.0,9438319.0,"§ 27-2045 ADM CODE POST A PROPER NOTICE OF SMOKE DETECTOR REQUIREMENTS, IN A FORM APPROVED BY THE COMMISSIONER, AT OR NEAR THE MAIL BOX MISSING AT PUBLIC HALL, 1st STORY",2024-11-21,19.0,VIOLATION CLOSED,2025-05-30,Original,Close,N,2024,2024.0,2025-10-06,190.0,2022-12-28
7479,LINDEN,BROOKLYN,1586,2021-12-28,245 COZINE AVENUE,245.0,COZINE AVENUE,245 COZINE AVENUE,18184175,808025,389886.0,3,245,245,245,COZINE AVENUE,B,2025-08-25,2025-08-27,10/16/2025,10/02/2025,,,09/05/2025,576.0,9970853.0,"§ 27-2024 ADM CODE PROVIDE ADEQUATE SUPPLY OF COLD WATER FOR THE FIXTURES .. IN THE KITCHEN LOCATED AT APT 8F, 8th STORY, 1st APARTMENT FROM SOUTH AT WEST",2025-08-28,19.0,VIOLATION CLOSED,2025-09-15,Original,Close,Y,2025,2025.0,2025-10-06,18.0,2022-12-28
7481,LINDEN,BROOKLYN,1586,2021-12-28,245 COZINE AVENUE,245.0,COZINE AVENUE,245 COZINE AVENUE,15007546,808025,389886.0,3,245,245,245,COZINE AVENUE,A,2022-03-08,2022-03-08,06/25/2022,06/11/2022,,,,1507.0,7794089.0,"(A) § HMC:FILE ANNUAL BEDBUG REPORT IN ACCORDANCE WITH HPD RULE AS DESCRIBED ON THE BACK OF THIS NOTICE OF VIOLATION OR AS DESCRIBED ON HPDS WEBSITE, WWW.NYC.GOV\HPD, SEARCH BED BUGS.",2022-03-08,9.0,VIOLATION DISMISSED,2023-04-28,Original,Close,N,2022,2022.0,2025-10-06,416.0,2022-12-28
7482,LINDEN,BROOKLYN,1586,2021-12-28,245 COZINE AVENUE,245.0,COZINE AVENUE,245 COZINE AVENUE,15314893,808025,389886.0,3,245,245,245,COZINE AVENUE,A,2022-08-17,2022-08-22,12/10/2022,11/26/2022,,,,484.0,8013916.0,"§ 329, M/D LAW AND DEPT. RULES AND REGS. PROVIDE A COMPLETED CERTIFICATE OF INSPECTION VISITS IN A PROPER FRAME AT OR NEAR MAILBOXES, BOTTOM EDGE OF FRAME BETWEEN 48-62 INCHES ABOVE FLOOR MISSING AT PUBLIC HALL, 1st STORY",2022-08-23,19.0,VIOLATION CLOSED,2024-06-18,Original,Close,N,2022,2022.0,2025-10-06,665.0,2022-12-28
7483,LINDEN,BROOKLYN,1586,2021-12-28,245 COZINE AVENUE,245.0,COZINE AVENUE,245 COZINE AVENUE,15314894,808025,389886.0,3,245,245,245,COZINE AVENUE,A,2022-08-17,2022-08-22,12/10/2022,11/26/2022,,,,778.0,8013916.0,"§ 27-2104 ADM CODE POST AND MAINTAIN A PROPER SIGN ON WALL OF ENTRANCE STORY SHOWING THE REGISTRATION NUMBER ASSIGNED BY THE DEPARTMENT AND THE ADDRESS OF THE BUILDING. AT PUBLIC HALL, 1st STORY",2022-08-23,19.0,VIOLATION CLOSED,2025-05-30,Original,Close,N,2022,2022.0,2025-10-06,1011.0,2022-12-28
7484,LINDEN,BROOKLYN,1586,2021-12-28,245 COZINE AVENUE,245.0,COZINE AVENUE,245 COZINE AVENUE,15314896,808025,389886.0,3,245,245,245,COZINE AVENUE,B,2022-08-17,2022-08-22,10/11/2022,09/27/2022,,,,526.0,8013917.0,"§ 27-2005, 2007 ADM CODE REMOVE THE ILLEGAL FASTENING CONSISTING OF AN UNACCEPTABLE ELECTROMAGNETIC LOCKING DEVICE INSTALL AT BUILDING ENTRANCE DOOR AT PUBLIC HALL, 1st STORY",2022-08-23,19.0,VIOLATION CLOSED,2024-06-18,Original,Close,Y,2022,2022.0,2025-10-06,665.0,2022-12-28
7485,LINDEN,BROOKLYN,1586,2021-12-28,245 COZINE AVENUE,245.0,COZINE AVENUE,245 COZINE AVENUE,15382341,808025,389886.0,3,245,245,245,COZINE AVENUE,B,2022-09-22,2022-09-23,11/14/2022,10/31/2022,,,,502.0,8050716.0,"§ 27-2005 ADM CODE PROPERLY REPAIR WITH SIMILAR MATERIAL THE BROKEN OR DEFECTIVE CERAMIC TILE FLOOR IN THE KITCHEN LOCATED AT APT 3RDFLO, 3rd STORY, 1st APARTMENT FROM SOUTH AT WEST",2022-09-26,19.0,VIOLATION CLOSED,2024-06-24,Original,Close,N,2022,2022.0,2025-10-06,637.0,2022-12-28
7486,LINDEN,BROOKLYN,1586,2021-12-28,245 COZINE AVENUE,245.0,COZINE AVENUE,245 COZINE AVENUE,15486204,808025,389886.0,3,245,245,245,COZINE AVENUE,C,2022-11-08,2022-11-08,12/10/2022,12/05/2022,,,,568.0,8130272.0,"HMC ADM CODE: § 27-2017.4 ABATE THE INFESTATION CONSISTING OF ROACHES IN THE ENTIRE APARTMENT LOCATED AT APT 3D, 3rd STORY, 2nd APARTMENT FROM SOUTH AT WEST",2022-11-09,19.0,VIOLATION CLOSED,2024-10-17,Original,Close,N,2022,2022.0,2025-10-06,708.0,2022-12-28
7487,LINDEN,BROOKLYN,1586,2021-12-28,245 COZINE AVENUE,245.0,COZINE AVENUE,245 COZINE AVENUE,15486205,808025,389886.0,3,245,245,245,COZINE AVENUE,C,2022-11-08,2022-11-08,11/28/2022,11/23/2022,,,,530.0,8130274.0,"§ 27-2005, 27-2007, 27-2041.1 HMC: REPLACE OR REPAIR THE SELF-CLOSING DOORS THAT IS MISSING OR DEFECTIVE IN THE ENTRANCE LOCATED AT APT 3D, 3rd STORY, 2nd APARTMENT FROM SOUTH AT WEST",2022-11-09,19.0,VIOLATION CLOSED,2024-06-24,Original,Close,N,2022,2022.0,2025-10-06,593.0,2022-12-28
7488,LINDEN,BROOKLYN,1586,2021-12-28,245 COZINE AVENUE,245.0,COZINE AVENUE,245 COZINE AVENUE,15486206,808025,389886.0,3,245,245,245,COZINE AVENUE,C,2022-11-08,2022-11-08,11/28/2022,11/23/2022,,,,530.0,8130273.0,"§ 27-2005, 27-2007, 27-2041.1 HMC: REPLACE OR REPAIR THE SELF-CLOSING DOORS THAT IS MISSING OR DEFECTIVE FIRE DOOR AT EAST WALL TO FIRE STAIRS AT PUBLIC HALL, 3rd STORY",2022-11-09,19.0,VIOLATION CLOSED,2023-01-09,Original,Close,N,2022,2022.0,2025-10-06,61.0,2022-12-28
7489,LINDEN,BROOKLYN,1586,2021-12-28,245 COZINE AVENUE,245.0,COZINE AVENUE,245 COZINE AVENUE,15515211,808025,389886.0,3,245,245,245,COZINE AVENUE,C,2022-11-14,2022-11-14,12/16/2022,12/11/2022,,,,568.0,8157527.0,"HMC ADM CODE: § 27-2017.4 ABATE THE INFESTATION CONSISTING OF ROACHES IN THE ENTIRE APARTMENT LOCATED AT APT 3D, 3rd STORY, 2nd APARTMENT FROM WEST AT NORTH",2022-11-15,19.0,VIOLATION CLOSED,2024-10-17,Original,Close,N,2022,2022.0,2025-10-06,702.0,2022-12-28
7490,LINDEN,BROOKLYN,1586,2021-12-28,245 COZINE AVENUE,245.0,COZINE AVENUE,245 COZINE AVENUE,15881679,808025,389886.0,3,245,245,245,COZINE AVENUE,A,2023-03-29,2023-03-29,07/16/2023,07/02/2023,,,,1507.0,8416914.0,"(A) § HMC:FILE ANNUAL BEDBUG REPORT IN ACCORDANCE WITH HPD RULE AS DESCRIBED ON THE BACK OF THIS NOTICE OF VIOLATION OR AS DESCRIBED ON HPDS WEBSITE, WWW.NYC.GOV\HPD, SEARCH BED BUGS.",2023-03-29,9.0,VIOLATION DISMISSED,2023-04-28,Original,Close,N,2023,2023.0,2025-10-06,30.0,2022-12-28
7491,LINDEN,BROOKLYN,1586,2021-12-28,245 COZINE AVENUE,245.0,COZINE AVENUE,245 COZINE AVENUE,17206750,808025,389886.0,3,245,245,245,COZINE AVENUE,B,2024-08-19,2024-08-19,10/08/2024,09/24/2024,,,,508.0,9298580.0,"§ 27-2005 ADM CODE REPAIR THE BROKEN OR DEFECTIVE PLASTERED SURFACES AND PAINT IN A UNIFORM COLOR EAST AND SOUTH WALLS IN THE BATHROOM LOCATED AT APT 3A, 4th STORY, 3rd APARTMENT FROM NORTH AT EAST",2024-08-20,19.0,VIOLATION CLOSED,2025-09-04,Original,Close,N,2024,2024.0,2025-10-06,380.0,2022-12-28
7492,LINDEN,BROOKLYN,1586,2021-12-28,245 COZINE AVENUE,245.0,COZINE AVENUE,245 COZINE AVENUE,17206751,808025,389886.0,3,245,245,245,COZINE AVENUE,C,2024-08-19,2024-08-19,09/20/2024,09/15/2024,,,09/18/2024,568.0,9298582.0,"HMC ADM CODE: § 27-2017.4 ABATE THE INFESTATION CONSISTING OF ROACHES IN THE ENTIRE APARTMENT LOCATED AT APT 3A, 4th STORY, 3rd APARTMENT FROM NORTH AT EAST",2024-08-20,19.0,VIOLATION CLOSED,2024-09-22,Original,Close,N,2024,2024.0,2025-10-06,33.0,2022-12-28
7493,LINDEN,BROOKLYN,1586,2021-12-28,245 COZINE AVENUE,245.0,COZINE AVENUE,245 COZINE AVENUE,17425002,808025,389886.0,3,245,245,245,COZINE AVENUE,A,2024-11-17,2024-11-20,03/10/2025,02/24/2025,,,02/19/2025,484.0,9438319.0,"§ 329, M/D LAW AND DEPT. RULES AND REGS. PROVIDE A COMPLETED CERTIFICATE OF INSPECTION VISITS IN A PROPER FRAME AT OR NEAR MAILBOXES, BOTTOM EDGE OF FRAME BETWEEN 48-62 INCHES ABOVE FLOOR MISSING AT PUBLIC HALL, 1st STORY",2024-11-21,19.0,VIOLATION CLOSED,2025-05-30,Original,Close,N,2024,2024.0,2025-10-06,190.0,2022-12-28
7494,LINDEN,BROOKLYN,1586,2021-12-28,245 COZINE AVENUE,245.0,COZINE AVENUE,245 COZINE AVENUE,17425005,808025,389886.0,3,245,245,245,COZINE AVENUE,A,2024-11-17,2024-11-20,03/10/2025,02/24/2025,,,02/19/2025,778.0,9438319.0,"§ 27-2104 ADM CODE POST AND MAINTAIN A PROPER SIGN ON WALL OF ENTRANCE STORY SHOWING THE REGISTRATION NUMBER ASSIGNED BY THE DEPARTMENT AND THE ADDRESS OF THE BUILDING. AT PUBLIC HALL, 1st STORY",2024-11-21,19.0,VIOLATION CLOSED,2025-05-30,Original,Close,N,2024,2024.0,2025-10-06,190.0,2022-12-28
7495,LINDEN,BROOKLYN,1586,2021-12-28,245 COZINE AVENUE,245.0,COZINE AVENUE,245 COZINE AVENUE,17425007,808025,389886.0,3,245,245,245,COZINE AVENUE,A,2024-11-17,2024-11-20,03/10/2025,02/24/2025,,,02/19/2025,1501.0,9438319.0,"§ 27-2046.1 HMC: POST A PROPER NOTICE OF CARBON MONOXIDE DETECTING DEVICE REQUIREMENTS, IN A FORM APPROVED BY THE COMMISSIONER, IN A COMMON AREA OF A CLASS A MULTIPLE DWELLING NEAR INSPECTION CERTIFICATE OR PROVIDE NOTICE TO TENANTS IN A PRIVATE DWELLING.",2024-11-21,19.0,VIOLATION CLOSED,2025-05-30,Original,Close,N,2024,2024.0,2025-10-06,190.0,2022-12-28
7496,LINDEN,BROOKLYN,1586,2021-12-28,245 COZINE AVENUE,245.0,COZINE AVENUE,245 COZINE AVENUE,17540988,808025,389886.0,3,245,245,245,COZINE AVENUE,B,2024-12-05,2024-12-06,01/27/2025,01/13/2025,,,01/27/2025,583.0,9527926.0,"§ 27-2026, 2027 HMC: PROPERLY REPAIR THE SOURCE AND ABATE THE EVIDENCE OF A WATER LEAK AT WEST AND EAST WALLS IN THE BATHROOM LOCATED AT APT 3A, 3rd STORY, 3rd APARTMENT FROM NORTH AT EAST",2024-12-09,9.0,VIOLATION DISMISSED,2025-04-09,Original,Close,N,2024,2024.0,2025-10-06,121.0,2022-12-28
7497,LINDEN,BROOKLYN,1586,2021-12-28,245 COZINE AVENUE,245.0,COZINE AVENUE,245 COZINE AVENUE,17540992,808025,389886.0,3,245,245,245,COZINE AVENUE,A,2024-12-05,2024-12-06,03/28/2025,03/14/2025,,,02/20/2025,556.0,9527925.0,"§ 27-2013 ADM CODE PAINT WITH LIGHT COLORED PAINT TO THE SATISFACTION OF THIS DEPARTMENT ALL WALLS AND CEILING IN THE 4th ROOM FROM NORTH LOCATED AT APT 3A, 3rd STORY, 3rd APARTMENT FROM NORTH AT EAST",2024-12-09,9.0,VIOLATION DISMISSED,2025-05-05,Original,Close,N,2024,2024.0,2025-10-06,147.0,2022-12-28
7498,LINDEN,BROOKLYN,1586,2021-12-28,245 COZINE AVENUE,245.0,COZINE AVENUE,245 COZINE AVENUE,17556624,808025,389886.0,3,245,245,245,COZINE AVENUE,C,2024-12-12,2024-12-13,01/16/2025,01/11/2025,,,01/15/2025,568.0,9538548.0,"HMC ADM CODE: § 27-2017.4 ABATE THE INFESTATION CONSISTING OF ROACHES IN THE ENTIRE APARTMENT LOCATED AT APT 1D, 1st STORY, 2nd APARTMENT FROM EAST AT SOUTH",2024-12-16,9.0,VIOLATION DISMISSED,2025-03-28,Original,Close,N,2024,2024.0,2025-10-06,102.0,2022-12-28
7499,LINDEN,BROOKLYN,1586,2021-12-28,245 COZINE AVENUE,245.0,COZINE AVENUE,245 COZINE AVENUE,18077112,808025,389886.0,3,245,245,245,COZINE AVENUE,C,2025-07-09,2025-07-09,07/23/2025,07/16/2025,,,07/16/2025,510.0,9903114.0,"§ 27-2005 ADM CODE & 309 M/D LAW ABATE THE NUISANCE CONSISTING OF HEAT ON IN SUMMER IN THE ENTIRE APARTMENT LOCATED AT APT 1F, 1st STORY, 1st APARTMENT FROM SOUTH AT WEST",2025-07-10,9.0,VIOLATION DISMISSED,2025-09-26,Original,Close,N,2025,2025.0,2025-10-06,78.0,2022-12-28
7500,LINDEN,BROOKLYN,1586,2021-12-28,245 COZINE AVENUE,245.0,COZINE AVENUE,245 COZINE AVENUE,18155371,808025,389886.0,3,245,245,245,COZINE AVENUE,C,2025-08-12,2025-08-13,08/27/2025,08/20/2025,,,08/19/2025,577.0,9951249.0,"§ 27-2024 ADM CODE PROVIDE ADEQUATE SUPPLY OF HOT WATER FOR THE FIXTURES ... IN THE ENTIRE APARTMENT LOCATED AT APT 7B, 7th STORY, 4th APARTMENT FROM NORTH AT EAST",2025-08-14,22.0,FIRST NO ACCESS TO RE- INSPECT VIOLATION,2025-10-02,Original,Open,Y,2025,2025.0,2025-10-06,53.0,2022-12-28
7501,LINDEN,BROOKLYN,1586,2021-12-28,245 COZINE AVENUE,245.0,COZINE AVENUE,245 COZINE AVENUE,18184181,808025,389886.0,3,245,245,245,COZINE AVENUE,B,2025-08-25,2025-08-26,10/15/2025,10/01/2025,,,09/05/2025,1503.0,9969165.0,"§ 27-2045(B)(1)(B) HMC, § 12-06, § 12-07, § 12-09 RCNY REPAIR, REPLACE OR PROVIDE AN APPROVED AND OPERATIONAL CARBON MONOXIDE DETECTING DEVICE, INSTALLED IN ACCORDANCE WITH APPLICABLE LAW AND RULES THAT IS DEFECTIVE IN THE ENTIRE APARTMENT LOCATED AT APT 3D, 3rd STORY, 2nd APARTMENT FROM SOUTH AT WEST",2025-08-27,10.0,CIV14 MAILED,2025-09-08,Original,Open,N,2025,2025.0,2025-10-06,40.0,2022-12-28
7502,LINDEN,BROOKLYN,1586,2021-12-28,245 COZINE AVENUE,245.0,COZINE AVENUE,245 COZINE AVENUE,18061031,808025,389886.0,3,245,245,245,COZINE AVENUE,C,2025-06-25,2025-06-26,07/16/2025,07/11/2025,,,07/11/2025,530.0,9886427.0,"§ 27-2005, 27-2007, 27-2041.1 HMC, §238, § 309; § 107 (2) ( C) MDL AND 28 RCNY §25-171: REPLACE OR REPAIR THE SELF-CLOSING DOORS THAT IS MISSING OR DEFECTIVE HINGES AT BUILDING ENTRANCE DOOR , 1st STORY",2025-06-27,19.0,VIOLATION CLOSED,2025-08-04,Original,Close,N,2025,2025.0,2025-10-06,38.0,2022-12-28
7503,LINDEN,BROOKLYN,1586,2021-12-28,245 COZINE AVENUE,245.0,COZINE AVENUE,245 COZINE AVENUE,17935237,808025,389886.0,3,245,245,245,COZINE AVENUE,C,2025-05-28,2025-06-02,06/22/2025,06/17/2025,,,06/09/2025,530.0,9782990.0,"§ 27-2005, 27-2007, 27-2041.1 HMC, §238, § 309; § 107 (2) ( C) MDL AND 28 RCNY §25-171: REPLACE OR REPAIR THE SELF-CLOSING DOORS THAT IS MISSING OR DEFECTIVE HINGES AT JANITOR CLOSET AT PUBLIC HALL, 12th STORY",2025-06-03,9.0,VIOLATION DISMISSED,2025-08-25,Original,Close,N,2025,2025.0,2025-10-06,83.0,2022-12-28
7504,LINDEN,BROOKLYN,1586,2021-12-28,245 COZINE AVENUE,245.0,COZINE AVENUE,245 COZINE AVENUE,17639241,808025,389886.0,3,245,245,245,COZINE AVENUE,B,2025-01-22,2025-01-22,03/13/2025,02/27/2025,,,03/06/2025,508.0,9593647.0,"§ 27-2005 ADM CODE REPAIR THE BROKEN OR DEFECTIVE PLASTERED SURFACES AND PAINT IN A UNIFORM COLOR THE EAST WALL IN THE PRIVATE HALLWAY LOCATED AT APT 2F, 2nd STORY, 2nd APARTMENT FROM SOUTH AT WEST , SECTION AT NORTH",2025-01-23,19.0,VIOLATION CLOSED,2025-09-04,Original,Close,N,2025,2025.0,2025-10-06,224.0,2022-12-28
7505,LINDEN,BROOKLYN,1586,2021-12-28,245 COZINE AVENUE,245.0,COZINE AVENUE,245 COZINE AVENUE,15314897,808025,389886.0,3,245,245,245,COZINE AVENUE,C,2022-08-17,2022-08-22,09/11/2022,09/06/2022,,,,530.0,8013919.0,"§ 27-2005, 27-2007, 27-2041.1 HMC: REPLACE OR REPAIR THE SELF-CLOSING DOORS THAT IS MISSING OR DEFECTIVE SECTION 1A AT PUBLIC HALL STAIRS, 1st STORY",2022-08-23,19.0,VIOLATION CLOSED,2024-06-18,Original,Close,N,2022,2022.0,2025-10-06,665.0,2022-12-28
7506,LINDEN,BROOKLYN,1586,2021-12-28,245 COZINE AVENUE,245.0,COZINE AVENUE,245 COZINE AVENUE,15486207,808025,389886.0,3,245,245,245,COZINE AVENUE,C,2022-11-08,2022-11-08,11/28/2022,11/23/2022,,,,530.0,8130273.0,"§ 27-2005, 27-2007, 27-2041.1 HMC: REPLACE OR REPAIR THE SELF-CLOSING DOORS THAT IS MISSING OR DEFECTIVE FIRE DOOR AT EAST WALL LEADING TO FIRE STAIRS AT PUBLIC HALL, 1st STORY",2022-11-09,19.0,VIOLATION CLOSED,2024-06-18,Original,Close,N,2022,2022.0,2025-10-06,587.0,2022-12-28
7507,LINDEN,BROOKLYN,1586,2021-12-28,245 COZINE AVENUE,245.0,COZINE AVENUE,245 COZINE AVENUE,17425003,808025,389886.0,3,245,245,245,COZINE AVENUE,A,2024-11-17,2024-11-20,03/10/2025,02/24/2025,,,02/19/2025,500.0,9438319.0,"§ 26-1103 ADMIN. CODE: POST AND MAINTAIN A PROPER NOTICE ON WALL OF THE ENTRANCE STORY IN ENGLISH AND SPANISH ON THE AVAILABILITY OF THE AGENCYS HOUSING INFORMATION GUIDE. A SAMPLE NOTICE CAN BE FOUND AT WWW.NYC.GOV/HPD. AT PUBLIC HALL, 1st STORY",2024-11-21,19.0,VIOLATION CLOSED,2025-05-30,Original,Close,N,2024,2024.0,2025-10-06,190.0,2022-12-28
7508,LINDEN,BROOKLYN,1586,2021-12-28,245 COZINE AVENUE,245.0,COZINE AVENUE,245 COZINE AVENUE,18155368,808025,389886.0,3,245,245,245,COZINE AVENUE,C,2025-08-12,2025-08-13,08/27/2025,08/20/2025,,,08/19/2025,577.0,9951248.0,"§ 27-2024 ADM CODE PROVIDE ADEQUATE SUPPLY OF HOT WATER FOR THE FIXTURES ... IN THE ENTIRE APARTMENT LOCATED AT APT 8A, 8th STORY, 3rd APARTMENT FROM NORTH AT EAST",2025-08-14,19.0,VIOLATION CLOSED,2025-09-08,Original,Close,Y,2025,2025.0,2025-10-06,25.0,2022-12-28
7509,LINDEN,BROOKLYN,1586,2021-12-28,245 COZINE AVENUE,245.0,COZINE AVENUE,245 COZINE AVENUE,18184182,808025,389886.0,3,245,245,245,COZINE AVENUE,B,2025-08-25,2025-08-26,10/15/2025,10/01/2025,,,09/05/2025,702.0,9969165.0,"§ 27-2045(B)(1)(A) HMC, § 12-01, § 12-03 RCNY REPAIR, REPLACE OR PROVIDE AN APPROVED AND OPERATIONAL SMOKE DETECTING DEVICE, INSTALLED IN ACCORDANCE WITH DEPARTMENT OF BUILDINGS RULES AND REGULATIONS THAT IS DEFECTIVE IN THE ENTIRE APARTMENT LOCATED AT APT 3D, 3rd STORY, 2nd APARTMENT FROM SOUTH AT WEST",2025-08-27,10.0,CIV14 MAILED,2025-09-08,Original,Open,N,2025,2025.0,2025-10-06,40.0,2022-12-28
7510,LINDEN,BROOKLYN,1586,2021-12-28,245 COZINE AVENUE,245.0,COZINE AVENUE,245 COZINE AVENUE,17206752,808025,389886.0,3,245,245,245,COZINE AVENUE,B,2024-08-19,2024-08-19,10/08/2024,09/24/2024,,,,508.0,9298580.0,"§ 27-2005 ADM CODE REPAIR THE BROKEN OR DEFECTIVE PLASTERED SURFACES AND PAINT IN A UNIFORM COLOR WEST WALL IN THE FOYER LOCATED AT APT 3A, 4th STORY, 3rd APARTMENT FROM NORTH AT EAST",2024-08-20,21.0,NOT COMPLIED WITH,2025-09-04,Original,Open,N,2024,2024.0,2025-10-06,412.0,2022-12-28
7511,LINDEN,BROOKLYN,1586,2021-12-28,245 COZINE AVENUE,245.0,COZINE AVENUE,245 COZINE AVENUE,17868708,808025,389886.0,3,245,245,245,COZINE AVENUE,B,2025-05-02,2025-05-02,06/23/2025,06/09/2025,,,06/20/2025,501.0,9743042.0,"§ 27-2005 HMC: PROPERLY REPAIR OR REPLACE THE BROKEN OR DEFECTIVE METAL DOOR IN THE ENTRANCE LOCATED AT APT 3G, 3rd STORY, 1st APARTMENT FROM NORTH AT EAST",2025-05-05,19.0,VIOLATION CLOSED,2025-08-25,Original,Close,N,2025,2025.0,2025-10-06,112.0,2022-12-28
7512,LINDEN,BROOKLYN,1586,2021-12-28,245 COZINE AVENUE,245.0,COZINE AVENUE,245 COZINE AVENUE,17425008,808025,389886.0,3,245,245,245,COZINE AVENUE,C,2024-11-17,2024-11-20,12/04/2024,11/27/2024,,,12/04/2024,671.0,9438321.0,"§ 27-2033 ADM CODE POST NOTICE, IN FORM APPROVED BY THE DEPARTMENT, STATING THE NAME AND LOCATION OF THE PERSON DESIGNATED BY THE OWNER TO HAVE KEY TO BUILDINGS HEATING SYSTEM MISSING AT PUBLIC HALL, 1st STORY",2024-11-21,9.0,VIOLATION DISMISSED,2025-02-14,Original,Close,N,2024,2024.0,2025-10-06,85.0,2022-12-28
7513,LINDEN,BROOKLYN,1586,2021-12-28,245 COZINE AVENUE,245.0,COZINE AVENUE,245 COZINE AVENUE,17639243,808025,389886.0,3,245,245,245,COZINE AVENUE,C,2025-01-22,2025-01-22,02/23/2025,02/18/2025,,,02/13/2025,568.0,9593649.0,"HMC ADM CODE: § 27-2017.4 ABATE THE INFESTATION CONSISTING OF ROACHES IN THE ENTIRE APARTMENT LOCATED AT APT 2F, 2nd STORY, 2nd APARTMENT FROM SOUTH AT WEST , SECTION AT NORTH",2025-01-23,9.0,VIOLATION DISMISSED,2025-04-28,Original,Close,N,2025,2025.0,2025-10-06,95.0,2022-12-28
7514,LINDEN,BROOKLYN,1586,2021-12-28,245 COZINE AVENUE,245.0,COZINE AVENUE,245 COZINE AVENUE,17206755,808025,389886.0,3,245,245,245,COZINE AVENUE,B,2024-08-19,2024-08-19,10/08/2024,09/24/2024,,,,508.0,9298581.0,"§ 27-2005 ADM CODE REPAIR THE BROKEN OR DEFECTIVE PLASTERED SURFACES AND PAINT IN A UNIFORM COLOR WEST WALL IN THE 4th ROOM FROM NORTH LOCATED AT APT 3A, 4th STORY, 3rd APARTMENT FROM NORTH AT EAST",2024-08-20,19.0,VIOLATION CLOSED,2025-09-04,Original,Close,N,2024,2024.0,2025-10-06,380.0,2022-12-28
7515,LINDEN,BROOKLYN,1586,2021-12-28,245 COZINE AVENUE,245.0,COZINE AVENUE,245 COZINE AVENUE,17639242,808025,389886.0,3,245,245,245,COZINE AVENUE,A,2025-01-22,2025-01-22,05/12/2025,04/28/2025,,,03/06/2025,556.0,9593646.0,"§ 27-2013 ADM CODE PAINT WITH LIGHT COLORED PAINT TO THE SATISFACTION OF THIS DEPARTMENT THE WEST WALL IN THE 1st ROOM FROM NORTH AT EAST LOCATED AT APT 2F, 2nd STORY, 2nd APARTMENT FROM SOUTH AT WEST , SECTION AT NORTH",2025-01-23,19.0,VIOLATION CLOSED,2025-04-29,Original,Close,N,2025,2025.0,2025-10-06,96.0,2022-12-28
7516,LINDEN,BROOKLYN,1586,2021-12-28,245 COZINE AVENUE,245.0,COZINE AVENUE,245 COZINE AVENUE,17639244,808025,389886.0,3,245,245,245,COZINE AVENUE,B,2025-01-22,2025-01-22,03/13/2025,02/27/2025,,,03/06/2025,501.0,9593647.0,"§ 27-2005 HMC: PROPERLY REPAIR OR REPLACE THE BROKEN OR DEFECTIVE ELECTRICAL OUTLET AT THE EAST WALL IN THE 1st ROOM FROM NORTH AT EAST LOCATED AT APT 2F, 2nd STORY, 2nd APARTMENT FROM SOUTH AT WEST , SECTION AT NORTH",2025-01-23,19.0,VIOLATION CLOSED,2025-04-29,Original,Close,N,2025,2025.0,2025-10-06,96.0,2022-12-28
7517,LINDEN,BROOKLYN,1586,2021-12-28,245 COZINE AVENUE,245.0,COZINE AVENUE,245 COZINE AVENUE,18184180,808025,389886.0,3,245,245,245,COZINE AVENUE,B,2025-08-25,2025-08-27,10/16/2025,10/02/2025,,,09/05/2025,577.0,9970854.0,"§ 27-2024 ADM CODE PROVIDE ADEQUATE SUPPLY OF HOT WATER FOR THE FIXTURES AT WASH BASIN IN THE BATHROOM LOCATED AT APT 3D, 3rd STORY, 2nd APARTMENT FROM SOUTH AT WEST",2025-08-28,22.0,FIRST NO ACCESS TO RE- INSPECT VIOLATION,2025-09-23,Original,Open,Y,2025,2025.0,2025-10-06,39.0,2022-12-28
7518,LINDEN,BROOKLYN,1586,2021-12-28,245 COZINE AVENUE,245.0,COZINE AVENUE,245 COZINE AVENUE,17647349,808025,389886.0,3,245,245,245,COZINE AVENUE,A,2025-01-22,2025-01-22,05/12/2025,04/28/2025,,,03/10/2025,556.0,9593646.0,"§ 27-2013 ADM CODE PAINT WITH LIGHT COLORED PAINT TO THE SATISFACTION OF THIS DEPARTMENT ALL PEELING PAINT SURFACES IN THE PRIVATE HALLWAY , THE 1st ROOM FROM NORTH AT WEST LOCATED AT APT 2F, 2nd STORY, 2nd APARTMENT FROM SOUTH AT WEST , SECTION AT NORTH",2025-01-23,19.0,VIOLATION CLOSED,2025-05-30,Original,Close,N,2025,2025.0,2025-10-06,127.0,2022-12-28
7519,LINDEN,BROOKLYN,1586,2021-12-28,245 COZINE AVENUE,245.0,COZINE AVENUE,245 COZINE AVENUE,18155370,808025,389886.0,3,245,245,245,COZINE AVENUE,C,2025-08-12,2025-08-13,09/14/2025,09/09/2025,,,08/19/2025,568.0,9951250.0,"HMC ADM CODE: § 27-2017.4 ABATE THE INFESTATION CONSISTING OF ROACHES IN THE ENTIRE APARTMENT LOCATED AT APT 8A, 8th STORY, 3rd APARTMENT FROM NORTH AT EAST",2025-08-14,20.0,DEFECT LETTER ISSUED,2025-10-02,Original,Open,N,2025,2025.0,2025-10-06,53.0,2022-12-28
7520,LINDEN,BROOKLYN,1586,2021-12-28,245 COZINE AVENUE,245.0,COZINE AVENUE,245 COZINE AVENUE,18209081,808025,389886.0,3,245,245,245,COZINE AVENUE,C,2025-08-29,2025-09-04,09/24/2025,09/19/2025,,,09/16/2025,530.0,9980684.0,"§ 27-2005, 27-2007, 27-2041.1 HMC, §238, § 309; § 107 (2) ( C) MDL AND 28 RCNY §25-171: REPLACE OR REPAIR THE SELF-CLOSING DOORS THAT IS MISSING OR DEFECTIVE LATCH, BUILDING FRONT ENTRANCE DOOR",2025-09-05,19.0,VIOLATION CLOSED,2025-09-22,Original,Close,N,2025,2025.0,2025-10-06,17.0,2022-12-28
7521,LINDEN,BROOKLYN,1586,2021-12-28,245 COZINE AVENUE,245.0,COZINE AVENUE,245 COZINE AVENUE,17647350,808025,389886.0,3,245,245,245,COZINE AVENUE,C,2025-01-22,2025-01-22,02/21/2025,02/16/2025,,,,624.0,9593648.0,"§ 27-2056.6 ADM CODE - CORRECT THE LEAD-BASED PAINT HAZARD-PAINT THAT IS XRF TESTED INCONCLUSIVE FOR LEAD CONTENT AT 0.5MG/CM2 AND IS PRESUMED LEAD PAINT AS SET FORTH IN (28 RCNY §11-07(b)) AND THAT IS PEELING OR ON A DETERIORATED SUBSURFACE-USING WORK PRACTICES SET FORTH IN 28 RCNY §11-06(b)(2) 1st DOOR FRAME FROM EAST AT SOUTH WALL IN THE 1st ROOM FROM NORTH AT EAST LOCATED AT APT 2F, 2nd STORY, 2nd APARTMENT FROM SOUTH AT WEST , SECTION AT NORTH",2025-01-23,19.0,VIOLATION CLOSED,2025-06-03,Original,Close,N,2025,2025.0,2025-10-06,131.0,2022-12-28
7522,LINDEN,BROOKLYN,1586,2021-12-28,245 COZINE AVENUE,245.0,COZINE AVENUE,245 COZINE AVENUE,17647351,808025,389886.0,3,245,245,245,COZINE AVENUE,C,2025-01-22,2025-01-22,02/21/2025,02/16/2025,,,,617.0,9593648.0,"§ 27-2056.6 ADM CODE - CORRECT THE LEAD-BASED PAINT HAZARD - PAINT THAT TESTED POSITIVE FOR LEAD CONTENT AND THAT IS PEELING OR ON A DETERIORATED SUBSURFACE - USING WORK PRACTICES SET FORTH IN 28 RCNY §11-06(B)(2) 1st DOOR FRAME FROM NORTH AT EAST WALL IN THE FOYER LOCATED AT APT 2F, 2nd STORY, 2nd APARTMENT FROM SOUTH AT WEST , SECTION AT NORTH",2025-01-23,19.0,VIOLATION CLOSED,2025-06-03,Original,Close,N,2025,2025.0,2025-10-06,131.0,2022-12-28
7523,LINDEN,BROOKLYN,1586,2021-12-28,245 COZINE AVENUE,245.0,COZINE AVENUE,245 COZINE AVENUE,17556638,808025,389886.0,3,245,245,245,COZINE AVENUE,B,2024-12-12,2024-12-13,02/03/2025,01/20/2025,,,,501.0,9538547.0,"§ 27-2005 HMC: PROPERLY REPAIR OR REPLACE THE BROKEN OR DEFECTIVE MORTISE LOCK AT DOOR IN THE ENTRANCE LOCATED AT APT 1D, 1st STORY, 2nd APARTMENT FROM EAST AT SOUTH",2024-12-16,22.0,FIRST NO ACCESS TO RE- INSPECT VIOLATION,2025-09-04,Original,Open,N,2024,2024.0,2025-10-06,294.0,2022-12-28
7524,LINDEN,BROOKLYN,1586,2021-12-28,245 COZINE AVENUE,245.0,COZINE AVENUE,245 COZINE AVENUE,17639240,808025,389886.0,3,245,245,245,COZINE AVENUE,B,2025-01-22,2025-01-22,03/13/2025,02/27/2025,,,03/06/2025,583.0,9593647.0,"§ 27-2026, 2027 HMC: PROPERLY REPAIR THE SOURCE AND ABATE THE EVIDENCE OF A WATER LEAK AT THE EAST WALL IN THE PRIVATE HALLWAY LOCATED AT APT 2F, 2nd STORY, 2nd APARTMENT FROM SOUTH AT WEST , SECTION AT NORTH",2025-01-23,19.0,VIOLATION CLOSED,2025-09-04,Original,Close,N,2025,2025.0,2025-10-06,224.0,2022-12-28
7525,LINDEN,BROOKLYN,1586,2021-12-28,245 COZINE AVENUE,245.0,COZINE AVENUE,245 COZINE AVENUE,18155372,808025,389886.0,3,245,245,245,COZINE AVENUE,C,2025-08-12,2025-08-13,08/27/2025,08/20/2025,,,08/19/2025,576.0,9951249.0,"§ 27-2024 ADM CODE PROVIDE ADEQUATE SUPPLY OF COLD WATER FOR THE FIXTURES ... IN THE ENTIRE APARTMENT LOCATED AT APT 7B, 7th STORY, 4th APARTMENT FROM NORTH AT EAST",2025-08-14,22.0,FIRST NO ACCESS TO RE- INSPECT VIOLATION,2025-10-02,Original,Open,Y,2025,2025.0,2025-10-06,53.0,2022-12-28
7526,LINDEN,BROOKLYN,1586,2021-12-28,245 COZINE AVENUE,245.0,COZINE AVENUE,245 COZINE AVENUE,18148966,808025,389886.0,3,245,245,245,COZINE AVENUE,C,2025-08-09,2025-08-10,08/24/2025,08/17/2025,,,08/19/2025,577.0,9946329.0,"§ 27-2024 ADM CODE PROVIDE ADEQUATE SUPPLY OF HOT WATER FOR THE FIXTURES LOW VOLUME IN THE ENTIRE APARTMENT LOCATED AT APT 7F, 7th STORY, 4th APARTMENT FROM SOUTH AT WEST",2025-08-11,22.0,FIRST NO ACCESS TO RE- INSPECT VIOLATION,2025-10-02,Original,Open,Y,2025,2025.0,2025-10-06,56.0,2022-12-28
7527,LINDEN,BROOKLYN,1586,2021-12-28,245 COZINE AVENUE,245.0,COZINE AVENUE,245 COZINE AVENUE,18184176,808025,389886.0,3,245,245,245,COZINE AVENUE,B,2025-08-25,2025-08-27,10/16/2025,10/02/2025,,,09/05/2025,577.0,9970853.0,"§ 27-2024 ADM CODE PROVIDE ADEQUATE SUPPLY OF HOT WATER FOR THE FIXTURES .. IN THE KITCHEN LOCATED AT APT 8F, 8th STORY, 1st APARTMENT FROM SOUTH AT WEST",2025-08-28,19.0,VIOLATION CLOSED,2025-09-15,Original,Close,Y,2025,2025.0,2025-10-06,18.0,2022-12-28
7528,LINDEN,BROOKLYN,1586,2021-12-28,245 COZINE AVENUE,245.0,COZINE AVENUE,245 COZINE AVENUE,18184177,808025,389886.0,3,245,245,245,COZINE AVENUE,C,2025-08-25,2025-08-27,09/07/2025,08/26/2025,,,09/05/2025,670.0,9969590.0,"§ 27-2031 ADM CODE PROVIDE HOT WATER AT ALL HOT WATER FIXTURES IN THE ENTIRE APARTMENT LOCATED AT APT 8F, 8th STORY, 1st APARTMENT FROM SOUTH AT WEST",2025-08-28,19.0,VIOLATION CLOSED,2025-09-15,Original,Close,Y,2025,2025.0,2025-10-06,18.0,2022-12-28
7529,LINDEN,BROOKLYN,1586,2021-12-28,245 COZINE AVENUE,245.0,COZINE AVENUE,245 COZINE AVENUE,18184178,808025,389886.0,3,245,245,245,COZINE AVENUE,C,2025-08-25,2025-08-27,09/10/2025,09/03/2025,,,09/09/2025,672.0,9970855.0,"§ 27-2033 ADM CODE PROVIDE READY ACCESS TO BUILDINGS HEATING SYSTEM DOOR LOCKED AT PUBLIC HALL, 1st STORY",2025-08-28,19.0,VIOLATION CLOSED,2025-09-15,Original,Close,N,2025,2025.0,2025-10-06,18.0,2022-12-28
7530,LINDEN,BROOKLYN,1586,2021-12-28,245 COZINE AVENUE,245.0,COZINE AVENUE,245 COZINE AVENUE,18184179,808025,389886.0,3,245,245,245,COZINE AVENUE,B,2025-08-25,2025-08-27,10/16/2025,10/02/2025,,,09/05/2025,576.0,9970854.0,"§ 27-2024 ADM CODE PROVIDE ADEQUATE SUPPLY OF COLD WATER FOR THE FIXTURES AT WASH BASIN IN THE BATHROOM LOCATED AT APT 3D, 3rd STORY, 2nd APARTMENT FROM SOUTH AT WEST",2025-08-28,22.0,FIRST NO ACCESS TO RE- INSPECT VIOLATION,2025-09-23,Original,Open,Y,2025,2025.0,2025-10-06,39.0,2022-12-28
7532,LINDEN,BROOKLYN,1586,2021-12-28,245 COZINE AVENUE,245.0,COZINE AVENUE,245 COZINE AVENUE,15314895,808025,389886.0,3,245,245,245,COZINE AVENUE,C,2022-08-17,2022-08-22,09/11/2022,09/06/2022,,,,530.0,8013919.0,"§ 27-2005, 27-2007, 27-2041.1 HMC: REPLACE OR REPAIR THE SELF-CLOSING DOORS THAT IS MISSING OR DEFECTIVE HOPPER DOOR AT PUBLIC HALL, 1st STORY",2022-08-23,19.0,VIOLATION CLOSED,2022-09-23,Original,Close,N,2022,2022.0,2025-10-06,31.0,2022-12-28
7533,LINDEN,BROOKLYN,1586,2021-12-28,245 COZINE AVENUE,245.0,COZINE AVENUE,245 COZINE AVENUE,15391292,808025,389886.0,3,245,245,245,COZINE AVENUE,B,2022-09-22,2022-09-23,11/14/2022,10/31/2022,,,,502.0,8050716.0,"§ 27-2005 ADM CODE PROPERLY REPAIR WITH SIMILAR MATERIAL THE BROKEN OR DEFECTIVE CREAMIC TILE AT FLOOR IN THE BATHROOM LOCATED AT APT 3RDFLO, 3rd STORY, 2nd APARTMENT FROM SOUTH AT WEST",2022-09-26,19.0,VIOLATION CLOSED,2024-06-24,Original,Close,N,2022,2022.0,2025-10-06,637.0,2022-12-28
7534,LINDEN,BROOKLYN,1586,2021-12-28,245 COZINE AVENUE,245.0,COZINE AVENUE,245 COZINE AVENUE,15391296,808025,389886.0,3,245,245,245,COZINE AVENUE,B,2022-09-22,2022-09-23,11/14/2022,10/31/2022,,,,502.0,8050716.0,"§ 27-2005 ADM CODE PROPERLY REPAIR WITH SIMILAR MATERIAL THE BROKEN OR DEFECTIVE CERAMIC TILE FLOOR IN THE 1st ROOM FROM EAST AT SOUTH LOCATED AT APT 3RDFLO, 3rd STORY, 2nd APARTMENT FROM SOUTH AT WEST",2022-09-26,19.0,VIOLATION CLOSED,2024-06-24,Original,Close,N,2022,2022.0,2025-10-06,637.0,2022-12-28
7535,LINDEN,BROOKLYN,1586,2021-12-28,245 COZINE AVENUE,245.0,COZINE AVENUE,245 COZINE AVENUE,15515212,808025,389886.0,3,245,245,245,COZINE AVENUE,C,2022-11-14,2022-11-15,12/05/2022,11/30/2022,,,,530.0,8165772.0,"§ 27-2005, 27-2007, 27-2041.1 HMC: REPLACE OR REPAIR THE SELF-CLOSING DOORS THAT IS MISSING OR DEFECTIVE .. IN THE ENTRANCE LOCATED AT APT 3D, 3rd STORY, 2nd APARTMENT FROM WEST AT NORTH",2022-11-16,19.0,VIOLATION CLOSED,2023-01-13,Original,Close,N,2022,2022.0,2025-10-06,58.0,2022-12-28
7536,LINDEN,BROOKLYN,1586,2021-12-28,245 COZINE AVENUE,245.0,COZINE AVENUE,245 COZINE AVENUE,18076427,808025,389886.0,3,245,245,245,COZINE AVENUE,B,2025-07-08,2025-07-09,08/28/2025,08/14/2025,,,07/29/2025,577.0,9903113.0,"§ 27-2024 ADM CODE PROVIDE ADEQUATE SUPPLY OF HOT WATER FOR THE FIXTURES AT WASH BASIN AND BATHTUB IN THE BATHROOM LOCATED AT APT 8H, 8th STORY, 2nd APARTMENT FROM NORTH AT EAST",2025-07-10,10.0,CIV14 MAILED,2025-07-30,Original,Open,Y,2025,2025.0,2025-10-06,88.0,2022-12-28
7537,LINDEN,BROOKLYN,1586,2021-12-28,245 COZINE AVENUE,245.0,COZINE AVENUE,245 COZINE AVENUE,18076428,808025,389886.0,3,245,245,245,COZINE AVENUE,B,2025-07-08,2025-07-09,08/28/2025,08/14/2025,,,07/29/2025,576.0,9903113.0,"§ 27-2024 ADM CODE PROVIDE ADEQUATE SUPPLY OF COLD WATER FOR THE FIXTURES AT WASH BASIN AND BATHTUB IN THE BATHROOM LOCATED AT APT 8H, 8th STORY, 2nd APARTMENT FROM NORTH AT EAST",2025-07-10,10.0,CIV14 MAILED,2025-07-30,Original,Open,Y,2025,2025.0,2025-10-06,88.0,2022-12-28
7538,LINDEN,BROOKLYN,1586,2021-12-28,245 COZINE AVENUE,245.0,COZINE AVENUE,245 COZINE AVENUE,18155369,808025,389886.0,3,245,245,245,COZINE AVENUE,C,2025-08-12,2025-08-13,08/27/2025,08/20/2025,,,08/19/2025,576.0,9951248.0,"§ 27-2024 ADM CODE PROVIDE ADEQUATE SUPPLY OF COLD WATER FOR THE FIXTURES ... IN THE ENTIRE APARTMENT LOCATED AT APT 8A, 8th STORY, 3rd APARTMENT FROM NORTH AT EAST",2025-08-14,19.0,VIOLATION CLOSED,2025-10-03,Original,Close,Y,2025,2025.0,2025-10-06,50.0,2022-12-28
7539,LINDEN,BROOKLYN,1586,2021-12-28,245 COZINE AVENUE,245.0,COZINE AVENUE,245 COZINE AVENUE,18184183,808025,389886.0,3,245,245,245,COZINE AVENUE,C,2025-08-25,2025-08-26,09/15/2025,09/10/2025,,,09/05/2025,530.0,9969166.0,"§ 27-2005, 27-2007, 27-2041.1 HMC, §238, § 309; § 107 (2) ( C) MDL AND 28 RCNY §25-171: REPLACE OR REPAIR THE SELF-CLOSING DOORS THAT IS MISSING OR DEFECTIVE LATCH, AT BUILDING FRONT ENTRANCE",2025-08-27,19.0,VIOLATION CLOSED,2025-09-27,Original,Close,N,2025,2025.0,2025-10-06,31.0,2022-12-28
7540,LINDEN,BROOKLYN,1586,2021-12-28,215 COZINE AVENUE,215.0,COZINE AVENUE,215 COZINE AVENUE,15590319,808023,389885.0,3,215,213,217,COZINE AVENUE,C,2022-12-02,2022-12-06,12/20/2022,12/13/2022,,,,672.0,8211520.0,§ 27-2033 ADM CODE PROVIDE READY ACCESS TO BUILDINGS HEATING SYSTEM DOOR LOCKED AT CELLAR,2022-12-07,19.0,VIOLATION CLOSED,2024-12-10,Original,Close,N,2022,2022.0,2025-10-06,734.0,2022-12-28
7541,LINDEN,BROOKLYN,1586,2021-12-28,215 COZINE AVENUE,215.0,COZINE AVENUE,215 COZINE AVENUE,17788313,808023,389885.0,3,215,213,217,COZINE AVENUE,B,2025-03-27,2025-03-30,05/19/2025,05/05/2025,,,05/02/2025,508.0,9693357.0,"§ 27-2005 ADM CODE REPAIR THE BROKEN OR DEFECTIVE PLASTERED SURFACES AND PAINT IN A UNIFORM COLOR THE NORTH AND EAST WALL IN THE 2nd ROOM FROM EAST LOCATED AT APT 10H, 10th STORY, 2nd APARTMENT FROM SOUTH AT WEST",2025-03-31,19.0,VIOLATION CLOSED,2025-05-06,Original,Close,N,2025,2025.0,2025-10-06,36.0,2022-12-28
7542,LINDEN,BROOKLYN,1586,2021-12-28,215 COZINE AVENUE,215.0,COZINE AVENUE,215 COZINE AVENUE,17409827,808023,389885.0,3,215,213,217,COZINE AVENUE,C,2024-11-09,2024-11-10,12/01/2024,11/26/2024,,,,530.0,9423439.0,"§ 27-2005, 27-2007, 27-2041.1 HMC, §238, § 309; § 107 (2) ( C) MDL AND 28 RCNY §25-171: REPLACE OR REPAIR THE SELF-CLOSING DOORS THAT IS MISSING OR DEFECTIVE FRAME IN THE ENTRANCE LOCATED AT APT 5A, 5th STORY, 1st APARTMENT FROM WEST AT NORTH",2024-11-12,19.0,VIOLATION CLOSED,2025-05-06,Original,Close,N,2024,2024.0,2025-10-06,175.0,2022-12-28
7543,LINDEN,BROOKLYN,1586,2021-12-28,215 COZINE AVENUE,215.0,COZINE AVENUE,215 COZINE AVENUE,17584986,808023,389885.0,3,215,213,217,COZINE AVENUE,B,2024-12-26,2024-12-27,02/17/2025,02/03/2025,,,02/13/2025,570.0,9557541.0,"HMC ADM CODE: § 27-2017.4 ABATE THE INFESTATION CONSISTING OF BEDBUGS IN THE ENTIRE APARTMENT LOCATED AT APT 4H, 4th STORY, 2nd APARTMENT FROM SOUTH AT WEST",2024-12-30,9.0,VIOLATION DISMISSED,2025-04-28,Original,Close,N,2024,2024.0,2025-10-06,119.0,2022-12-28
7544,LINDEN,BROOKLYN,1586,2021-12-28,215 COZINE AVENUE,215.0,COZINE AVENUE,215 COZINE AVENUE,17547725,808023,389885.0,3,215,213,217,COZINE AVENUE,B,2024-12-06,2024-12-10,01/29/2025,01/15/2025,,,,501.0,9531438.0,"§ 27-2005 HMC: PROPERLY REPAIR OR REPLACE THE BROKEN OR DEFECTIVE LIGHT SWITCH AT NORTH WALL IN THE KITCHEN LOCATED AT APT 8F, 8th STORY, 2nd APARTMENT FROM NORTH AT EAST",2024-12-11,19.0,VIOLATION CLOSED,2025-05-06,Original,Close,N,2024,2024.0,2025-10-06,146.0,2022-12-28
7545,LINDEN,BROOKLYN,1586,2021-12-28,215 COZINE AVENUE,215.0,COZINE AVENUE,215 COZINE AVENUE,17424465,808023,389885.0,3,215,213,217,COZINE AVENUE,B,2024-11-16,2024-11-20,01/09/2025,12/26/2024,,,01/09/2025,689.0,9438318.0,"§ 27-2005, 2006, 2037 HMC: PROPERLY REPAIR AND ABATE UNSAFE ELECTRIC WIRING CONDITION CONSISTING OF EXPOSED ELECTRIC WIRES AT CEILING AT PUBLIC HALL, 1st STORY",2024-11-21,9.0,VIOLATION DISMISSED,2025-03-24,Original,Close,N,2024,2024.0,2025-10-06,123.0,2022-12-28
7546,LINDEN,BROOKLYN,1586,2021-12-28,215 COZINE AVENUE,215.0,COZINE AVENUE,215 COZINE AVENUE,17424467,808023,389885.0,3,215,213,217,COZINE AVENUE,A,2024-11-16,2024-11-20,03/10/2025,02/24/2025,,,02/21/2025,556.0,9438317.0,"§ 27-2013 ADM CODE PAINT WITH LIGHT COLORED PAINT TO THE SATISFACTION OF THIS DEPARTMENT AT CEILING AT PUBLIC HALL, 1st STORY",2024-11-21,19.0,VIOLATION CLOSED,2025-04-29,Original,Close,N,2024,2024.0,2025-10-06,159.0,2022-12-28
7547,LINDEN,BROOKLYN,1586,2021-12-28,215 COZINE AVENUE,215.0,COZINE AVENUE,215 COZINE AVENUE,16231119,808023,389885.0,3,215,213,217,COZINE AVENUE,A,2023-09-16,2023-09-16,01/05/2024,12/22/2023,,,11/02/2023,553.0,8642753.0,"§ 27-2011 ADM CODE CLEANSE TO THE SATISFACTION OF THIS DEPARTMENT THE 8 SQ/FT OF MOLD AROUND THE BATHTUB IN THE BATHROOM LOCATED AT APT 7K, 7th STORY, 3rd APARTMENT FROM EAST AT SOUTH",2023-09-18,9.0,VIOLATION DISMISSED,2024-01-15,Original,Close,N,2023,2023.0,2025-10-06,119.0,2022-12-28
7548,LINDEN,BROOKLYN,1586,2021-12-28,215 COZINE AVENUE,215.0,COZINE AVENUE,215 COZINE AVENUE,16927078,808023,389885.0,3,215,213,217,COZINE AVENUE,B,2024-04-25,2024-04-25,06/14/2024,05/31/2024,,,06/14/2024,501.0,9133015.0,"§ 27-2005 HMC: PROPERLY REPAIR OR REPLACE THE BROKEN OR DEFECTIVE VENTILLATION SYSTEM IN THE BATHROOM LOCATED AT APT 8K, 8th STORY, 3rd APARTMENT FROM SOUTH AT WEST",2024-04-26,9.0,VIOLATION DISMISSED,2024-08-26,Original,Close,N,2024,2024.0,2025-10-06,122.0,2022-12-28
7549,LINDEN,BROOKLYN,1586,2021-12-28,215 COZINE AVENUE,215.0,COZINE AVENUE,215 COZINE AVENUE,16503902,808023,389885.0,3,215,213,217,COZINE AVENUE,C,2023-12-06,2023-12-06,01/07/2024,01/02/2024,,,01/05/2024,568.0,8837294.0,"HMC ADM CODE: § 27-2017.4 ABATE THE INFESTATION CONSISTING OF ROACHES IN THE ENTIRE APARTMENT LOCATED AT APT 8F, 8th STORY, 2nd APARTMENT FROM NORTH AT EAST",2023-12-07,9.0,VIOLATION DISMISSED,2024-03-18,Original,Close,N,2023,2023.0,2025-10-06,102.0,2022-12-28
7550,LINDEN,BROOKLYN,1586,2021-12-28,215 COZINE AVENUE,215.0,COZINE AVENUE,215 COZINE AVENUE,16417914,808023,389885.0,3,215,213,217,COZINE AVENUE,C,2023-11-22,2023-11-22,12/05/2023,11/23/2023,,,11/27/2023,670.0,8783936.0,"§ 27-2031 ADM CODE PROVIDE HOT WATER AT ALL HOT WATER FIXTURES IN THE ENTIRE APARTMENT LOCATED AT APT 1L, 1st STORY, 1st APARTMENT FROM NORTH AT EAST",2023-11-24,19.0,VIOLATION CLOSED,2023-12-18,Original,Close,Y,2023,2023.0,2025-10-06,24.0,2022-12-28
7551,LINDEN,BROOKLYN,1586,2021-12-28,215 COZINE AVENUE,215.0,COZINE AVENUE,215 COZINE AVENUE,15590312,808023,389885.0,3,215,213,217,COZINE AVENUE,B,2022-12-02,2022-12-06,01/25/2023,01/11/2023,,,,501.0,8211519.0,"§ 27-2005 ADM CODE PROPERLY REPAIR THE BROKEN OR DEFECTIVE DOOR LOCKING DEVICE AT WEST WALL IN THE FOYER LOCATED AT APT 8F, 8th STORY, 2nd APARTMENT FROM NORTH AT EAST",2022-12-07,19.0,VIOLATION CLOSED,2024-12-10,Original,Close,N,2022,2022.0,2025-10-06,734.0,2022-12-28
7552,LINDEN,BROOKLYN,1586,2021-12-28,215 COZINE AVENUE,215.0,COZINE AVENUE,215 COZINE AVENUE,15590324,808023,389885.0,3,215,213,217,COZINE AVENUE,B,2022-12-02,2022-12-06,01/25/2023,01/11/2023,,,,506.0,8211518.0,"§ 27-2005 ADM CODE REPLACE WITH NEW THE MISSING KNOB AT DOOR TO FIRE STAIRS, EAST WALL, AT PUBLIC HALL, 8th STORY",2022-12-07,19.0,VIOLATION CLOSED,2024-12-10,Original,Close,N,2022,2022.0,2025-10-06,734.0,2022-12-28
7553,LINDEN,BROOKLYN,1586,2021-12-28,215 COZINE AVENUE,215.0,COZINE AVENUE,215 COZINE AVENUE,16231120,808023,389885.0,3,215,213,217,COZINE AVENUE,B,2023-09-16,2023-09-16,11/06/2023,10/23/2023,,,11/02/2023,501.0,8642754.0,"§ 27-2005 HMC: PROPERLY REPAIR OR REPLACE THE BROKEN OR DEFECTIVE MORTISE LOCK AT DOOR IN THE ENTRANCE LOCATED AT APT 7K, 7th STORY, 3rd APARTMENT FROM EAST AT SOUTH",2023-09-18,9.0,VIOLATION DISMISSED,2024-01-15,Original,Close,N,2023,2023.0,2025-10-06,119.0,2022-12-28
7554,LINDEN,BROOKLYN,1586,2021-12-28,215 COZINE AVENUE,215.0,COZINE AVENUE,215 COZINE AVENUE,16370340,808023,389885.0,3,215,213,217,COZINE AVENUE,C,2023-09-18,2023-11-08,11/18/2023,11/13/2023,,,,618.0,8723023.0,"§ 27-2056.7 ADM CODE: CORRECT FAILURE TO PROVIDE TO THE DEPARTMENT WITHIN 45 DAYS OF DEMAND ALL RECORDS REQUIRED TO BE MAINTAINED BY OWNER PURSUANT TO LOCAL LAW 1 OF 2004 RELATED TO LEAD-BASED PAINT NOTICES, INSPECTIONS AND REMEDIATION/ABATEMENT ACTIVITIES.",2023-11-09,2.0,NOV SENT OUT,2023-11-09,Original,Open,N,2023,2023.0,2025-10-06,697.0,2022-12-28
7555,LINDEN,BROOKLYN,1586,2021-12-28,215 COZINE AVENUE,215.0,COZINE AVENUE,215 COZINE AVENUE,16655372,808023,389885.0,3,215,213,217,COZINE AVENUE,A,2024-02-07,2024-02-10,05/31/2024,05/17/2024,,,04/01/2024,556.0,8938791.0,"§ 27-2013 ADM CODE PAINT WITH LIGHT COLORED PAINT TO THE SATISFACTION OF THIS DEPARTMENT THE EAST AND WEST WALL IN THE PRIVATE HALLWAY LOCATED AT APT 12F, 12th STORY, 2nd APARTMENT FROM EAST AT SOUTH , SECTION ''WEST''",2024-02-12,9.0,VIOLATION DISMISSED,2024-06-12,Original,Close,N,2024,2024.0,2025-10-06,121.0,2022-12-28
7556,LINDEN,BROOKLYN,1586,2021-12-28,215 COZINE AVENUE,215.0,COZINE AVENUE,215 COZINE AVENUE,16655374,808023,389885.0,3,215,213,217,COZINE AVENUE,C,2024-02-07,2024-02-10,02/25/2024,02/18/2024,,,02/23/2024,501.0,8938793.0,"§ 27-2005 HMC: PROPERLY REPAIR OR REPLACE THE BROKEN OR DEFECTIVE BROKEN WIRE GLASS PANEL AT 1ST DOOR LEADING TO BALCONY AT SOUTH WALL AT WEST SECTION AT PUBLIC HALL, 12th STORY",2024-02-12,9.0,VIOLATION DISMISSED,2024-05-06,Original,Close,N,2024,2024.0,2025-10-06,84.0,2022-12-28
7557,LINDEN,BROOKLYN,1586,2021-12-28,215 COZINE AVENUE,215.0,COZINE AVENUE,215 COZINE AVENUE,16662297,808023,389885.0,3,215,213,217,COZINE AVENUE,B,2024-02-07,2024-02-10,04/01/2024,03/18/2024,,,04/01/2024,583.0,8938792.0,"§ 27-2026, 2027 HMC: PROPERLY REPAIR THE SOURCE AND ABATE THE EVIDENCE OF A WATER LEAK AT CEILING IN THE KITCHEN LOCATED AT APT 12F, 12th STORY, 2nd APARTMENT FROM EAST AT SOUTH , SECTION ''WEST''",2024-02-12,9.0,VIOLATION DISMISSED,2024-06-12,Original,Close,N,2024,2024.0,2025-10-06,121.0,2022-12-28
7558,LINDEN,BROOKLYN,1586,2021-12-28,215 COZINE AVENUE,215.0,COZINE AVENUE,215 COZINE AVENUE,17882258,808023,389885.0,3,215,213,217,COZINE AVENUE,C,2025-05-05,2025-05-07,05/27/2025,05/22/2025,,,05/13/2025,530.0,9748355.0,"§ 27-2005, 27-2007, 27-2041.1 HMC, §238, § 309; § 107 (2) ( C) MDL AND 28 RCNY §25-171: REPLACE OR REPAIR THE SELF-CLOSING DOORS THAT IS MISSING OR DEFECTIVE HINGES AT BUILDING ENTRANCE DOOR , 1st STORY",2025-05-08,19.0,VIOLATION CLOSED,2025-05-20,Original,Close,N,2025,2025.0,2025-10-06,12.0,2022-12-28
7559,LINDEN,BROOKLYN,1586,2021-12-28,215 COZINE AVENUE,215.0,COZINE AVENUE,215 COZINE AVENUE,16417916,808023,389885.0,3,215,213,217,COZINE AVENUE,A,2023-11-22,2023-11-22,03/12/2024,02/27/2024,,,03/11/2024,722.0,8786010.0,"§ 27-2053 ADM CODE POST SIGN ON WALL OF ENTRANCE STORY BEARING NAME, ADDRESS INCLUDING APARTMENT NUMBER IF ANY, AND TELEPHONE NUMBER OF SUPERINTENDENT, JANITOR OR HOUSEKEEPER. AT PUBLIC HALL, 1st STORY",2023-11-24,9.0,VIOLATION DISMISSED,2024-05-22,Original,Close,N,2023,2023.0,2025-10-06,180.0,2022-12-28
7560,LINDEN,BROOKLYN,1586,2021-12-28,215 COZINE AVENUE,215.0,COZINE AVENUE,215 COZINE AVENUE,15590315,808023,389885.0,3,215,213,217,COZINE AVENUE,B,2022-12-02,2022-12-06,01/25/2023,01/11/2023,,,,702.0,8211519.0,"§ 27-2045 ADM CODE REPAIR OR REPLACE THE SMOKE DETECTOR INOPERATIVE IN THE ENTIRE APARTMENT LOCATED AT APT 8F, 8th STORY, 2nd APARTMENT FROM NORTH AT EAST",2022-12-07,19.0,VIOLATION CLOSED,2024-12-10,Original,Close,N,2022,2022.0,2025-10-06,734.0,2022-12-28
7561,LINDEN,BROOKLYN,1586,2021-12-28,215 COZINE AVENUE,215.0,COZINE AVENUE,215 COZINE AVENUE,15590318,808023,389885.0,3,215,213,217,COZINE AVENUE,A,2022-12-02,2022-12-06,03/26/2023,03/12/2023,,,,591.0,8211517.0,"§ 27-2026 ADM CODE RESET, SO AS TO SECURE A PROPER AND TIGHT CONNECTION, THE WATER CLOSET BOWL .. IN THE BATHROOM LOCATED AT APT 8F, 8th STORY, 2nd APARTMENT FROM NORTH AT EAST",2022-12-07,19.0,VIOLATION CLOSED,2024-12-10,Original,Close,N,2022,2022.0,2025-10-06,734.0,2022-12-28
7562,LINDEN,BROOKLYN,1586,2021-12-28,215 COZINE AVENUE,215.0,COZINE AVENUE,215 COZINE AVENUE,17689527,808023,389885.0,3,215,213,217,COZINE AVENUE,B,2025-02-12,2025-02-12,04/03/2025,03/20/2025,,,03/28/2025,583.0,9626712.0,"§ 27-2026, 2027 HMC: PROPERLY REPAIR THE SOURCE AND ABATE THE EVIDENCE OF A WATER LEAK AT CEILING AND SOUTH WALL IN THE KITCHEN LOCATED AT APT 10H, 10th STORY, 2nd APARTMENT FROM SOUTH AT WEST",2025-02-13,19.0,VIOLATION CLOSED,2025-05-06,Original,Close,N,2025,2025.0,2025-10-06,82.0,2022-12-28
7563,LINDEN,BROOKLYN,1586,2021-12-28,215 COZINE AVENUE,215.0,COZINE AVENUE,215 COZINE AVENUE,17689528,808023,389885.0,3,215,213,217,COZINE AVENUE,B,2025-02-12,2025-02-12,04/03/2025,03/20/2025,,,03/28/2025,583.0,9626712.0,"§ 27-2026, 2027 HMC: PROPERLY REPAIR THE SOURCE AND ABATE THE EVIDENCE OF A WATER LEAK AT CEILING AND NORTH WALL IN THE 3rd ROOM FROM NORTH LOCATED AT APT 10H, 10th STORY, 2nd APARTMENT FROM SOUTH AT WEST",2025-02-13,19.0,VIOLATION CLOSED,2025-05-06,Original,Close,N,2025,2025.0,2025-10-06,82.0,2022-12-28
7564,LINDEN,BROOKLYN,1586,2021-12-28,215 COZINE AVENUE,215.0,COZINE AVENUE,215 COZINE AVENUE,15590309,808023,389885.0,3,215,213,217,COZINE AVENUE,C,2022-12-02,2022-12-06,12/15/2022,12/03/2022,,,,670.0,8210558.0,"§ 27-2031 ADM CODE PROVIDE HOT WATER AT ALL HOT WATER FIXTURES IN THE ENTIRE APARTMENT LOCATED AT APT 8F, 8th STORY, 2nd APARTMENT FROM NORTH AT EAST",2022-12-07,19.0,VIOLATION CLOSED,2023-01-02,Original,Close,Y,2022,2022.0,2025-10-06,26.0,2022-12-28
7565,LINDEN,BROOKLYN,1586,2021-12-28,215 COZINE AVENUE,215.0,COZINE AVENUE,215 COZINE AVENUE,15590311,808023,389885.0,3,215,213,217,COZINE AVENUE,A,2022-12-02,2022-12-06,03/26/2023,03/12/2023,,,,556.0,8211517.0,"§ 27-2013 ADM CODE PAINT WITH LIGHT COLORED PAINT TO THE SATISFACTION OF THIS DEPARTMENT AT WEST WALL IN THE FOYER LOCATED AT APT 8F, 8th STORY, 2nd APARTMENT FROM NORTH AT EAST",2022-12-07,19.0,VIOLATION CLOSED,2024-12-10,Original,Close,N,2022,2022.0,2025-10-06,734.0,2022-12-28
7566,LINDEN,BROOKLYN,1586,2021-12-28,215 COZINE AVENUE,215.0,COZINE AVENUE,215 COZINE AVENUE,15590313,808023,389885.0,3,215,213,217,COZINE AVENUE,A,2022-12-02,2022-12-06,03/26/2023,03/12/2023,,,,556.0,8211517.0,"§ 27-2013 ADM CODE PAINT WITH LIGHT COLORED PAINT TO THE SATISFACTION OF THIS DEPARTMENT AT SOUTH WALL IN THE 3rd ROOM FROM NORTH AT EAST LOCATED AT APT 8F, 8th STORY, 2nd APARTMENT FROM NORTH AT EAST",2022-12-07,19.0,VIOLATION CLOSED,2024-12-10,Original,Close,N,2022,2022.0,2025-10-06,734.0,2022-12-28
7567,LINDEN,BROOKLYN,1586,2021-12-28,215 COZINE AVENUE,215.0,COZINE AVENUE,215 COZINE AVENUE,15590314,808023,389885.0,3,215,213,217,COZINE AVENUE,B,2022-12-02,2022-12-06,01/25/2023,01/11/2023,,,,1503.0,8211519.0,"§ 27-2046.1 HMC: REPAIR OR REPLACE THE CARBON MONOXIDE DETECTING DEVICE(S). INOPERATIVE IN THE ENTIRE APARTMENT LOCATED AT APT 8F, 8th STORY, 2nd APARTMENT FROM NORTH AT EAST",2022-12-07,19.0,VIOLATION CLOSED,2024-12-10,Original,Close,N,2022,2022.0,2025-10-06,734.0,2022-12-28
7568,LINDEN,BROOKLYN,1586,2021-12-28,215 COZINE AVENUE,215.0,COZINE AVENUE,215 COZINE AVENUE,15590316,808023,389885.0,3,215,213,217,COZINE AVENUE,C,2022-12-02,2022-12-06,01/07/2023,01/02/2023,,,,790.0,8211521.0,"§ 27-2043.1 HMC INSTALL THE MISSING OR REPAIR/REPLACE THE DEFECTIVE WINDOW GUARD(S) IN ACCORDANCE WITH THE SPECIFICATIONS OF THE NEW YORK CITY HEALTH CODE SECTION 24 RCNY CHAPTER 12. WG TO INSTALL = 1, WG TO REPLACE = 0, WG TO REPAIR = 0 IN THE ENTIRE APARTMENT LOCATED AT APT 8F, 8th STORY, 2nd APARTMENT FROM NORTH AT EAST",2022-12-07,19.0,VIOLATION CLOSED,2023-04-06,Original,Close,N,2022,2022.0,2025-10-06,120.0,2022-12-28
7569,LINDEN,BROOKLYN,1586,2021-12-28,215 COZINE AVENUE,215.0,COZINE AVENUE,215 COZINE AVENUE,15590320,808023,389885.0,3,215,213,217,COZINE AVENUE,C,2022-12-02,2022-12-06,12/26/2022,12/21/2022,,,,530.0,8211523.0,"§ 27-2005, 27-2007, 27-2041.1 HMC: REPLACE OR REPAIR THE SELF-CLOSING DOORS THAT IS MISSING OR DEFECTIVE HINGES AT ENTRACE DOOR TO BUILDING , 1st STORY",2022-12-07,19.0,VIOLATION CLOSED,2023-08-24,Original,Close,N,2022,2022.0,2025-10-06,260.0,2022-12-28
7570,LINDEN,BROOKLYN,1586,2021-12-28,215 COZINE AVENUE,215.0,COZINE AVENUE,215 COZINE AVENUE,15590321,808023,389885.0,3,215,213,217,COZINE AVENUE,C,2022-12-02,2022-12-06,12/26/2022,12/21/2022,,,,530.0,8211523.0,"§ 27-2005, 27-2007, 27-2041.1 HMC: REPLACE OR REPAIR THE SELF-CLOSING DOORS THAT IS MISSING OR DEFECTIVE HINGES AT FIRE STARS DOOR , AT EAST AT PUBLIC HALL, 1st STORY",2022-12-07,19.0,VIOLATION CLOSED,2023-08-22,Original,Close,N,2022,2022.0,2025-10-06,258.0,2022-12-28
7571,LINDEN,BROOKLYN,1586,2021-12-28,215 COZINE AVENUE,215.0,COZINE AVENUE,215 COZINE AVENUE,15590322,808023,389885.0,3,215,213,217,COZINE AVENUE,B,2022-12-02,2022-12-06,01/25/2023,01/11/2023,,,,502.0,8211518.0,"§ 27-2005 ADM CODE PROPERLY REPAIR WITH SIMILAR MATERIAL THE BROKEN OR DEFECTIVE FIRE RETARDANT MATERIALS PLASTER, AT EAST WALL, AT PUBLIC HALL, 1st STORY",2022-12-07,19.0,VIOLATION CLOSED,2024-12-10,Original,Close,N,2022,2022.0,2025-10-06,734.0,2022-12-28
7572,LINDEN,BROOKLYN,1586,2021-12-28,215 COZINE AVENUE,215.0,COZINE AVENUE,215 COZINE AVENUE,15881677,808023,389885.0,3,215,213,217,COZINE AVENUE,A,2023-03-29,2023-03-29,07/16/2023,07/02/2023,,,,1507.0,8416912.0,"(A) § HMC:FILE ANNUAL BEDBUG REPORT IN ACCORDANCE WITH HPD RULE AS DESCRIBED ON THE BACK OF THIS NOTICE OF VIOLATION OR AS DESCRIBED ON HPDS WEBSITE, WWW.NYC.GOV\HPD, SEARCH BED BUGS.",2023-03-29,9.0,VIOLATION DISMISSED,2023-04-28,Original,Close,N,2023,2023.0,2025-10-06,30.0,2022-12-28
7573,LINDEN,BROOKLYN,1586,2021-12-28,215 COZINE AVENUE,215.0,COZINE AVENUE,215 COZINE AVENUE,16417915,808023,389885.0,3,215,213,217,COZINE AVENUE,A,2023-11-22,2023-11-22,03/12/2024,02/27/2024,,,03/11/2024,500.0,8786010.0,"§ 26-1103 ADMIN. CODE: POST AND MAINTAIN A PROPER NOTICE ON WALL OF THE ENTRANCE STORY IN ENGLISH AND SPANISH ON THE AVAILABILITY OF THE AGENCYS HOUSING INFORMATION GUIDE. A SAMPLE NOTICE CAN BE FOUND AT WWW.NYC.GOV/HPD. AT PUBLIC HALL, 1st STORY",2023-11-24,9.0,VIOLATION DISMISSED,2024-05-22,Original,Close,N,2023,2023.0,2025-10-06,180.0,2022-12-28
7574,LINDEN,BROOKLYN,1586,2021-12-28,215 COZINE AVENUE,215.0,COZINE AVENUE,215 COZINE AVENUE,16231121,808023,389885.0,3,215,213,217,COZINE AVENUE,C,2023-09-16,2023-09-16,10/19/2023,10/14/2023,,,10/18/2023,569.0,8642755.0,"HMC ADM CODE: § 27-2017.4 ABATE THE INFESTATION CONSISTING OF MICE IN THE ENTIRE APARTMENT LOCATED AT APT 7K, 7th STORY, 3rd APARTMENT FROM EAST AT SOUTH",2023-09-18,9.0,VIOLATION DISMISSED,2023-12-29,Original,Close,N,2023,2023.0,2025-10-06,102.0,2022-12-28
7575,LINDEN,BROOKLYN,1586,2021-12-28,215 COZINE AVENUE,215.0,COZINE AVENUE,215 COZINE AVENUE,16231122,808023,389885.0,3,215,213,217,COZINE AVENUE,C,2023-09-16,2023-09-16,10/19/2023,10/14/2023,,,10/18/2023,568.0,8642755.0,"HMC ADM CODE: § 27-2017.4 ABATE THE INFESTATION CONSISTING OF ROACHES IN THE ENTIRE APARTMENT LOCATED AT APT 7K, 7th STORY, 3rd APARTMENT FROM EAST AT SOUTH",2023-09-18,9.0,VIOLATION DISMISSED,2023-12-29,Original,Close,N,2023,2023.0,2025-10-06,102.0,2022-12-28
7576,LINDEN,BROOKLYN,1586,2021-12-28,215 COZINE AVENUE,215.0,COZINE AVENUE,215 COZINE AVENUE,16370341,808023,389885.0,3,215,213,217,COZINE AVENUE,C,2023-09-18,2023-11-08,11/18/2023,11/13/2023,,,,619.0,8723023.0,§ 27-2056.4 ADM CODE- CORRECT FAILURE TO NOTIFY OCCUPANTS AND/OR TO INVESTIGATE LEAD-BASED PAINT HAZARDS.,2023-11-09,2.0,NOV SENT OUT,2023-11-09,Original,Open,N,2023,2023.0,2025-10-06,697.0,2022-12-28
7577,LINDEN,BROOKLYN,1586,2021-12-28,215 COZINE AVENUE,215.0,COZINE AVENUE,215 COZINE AVENUE,16503901,808023,389885.0,3,215,213,217,COZINE AVENUE,B,2023-12-06,2023-12-06,01/25/2024,01/11/2024,,,,502.0,8837293.0,"§ 27-2005 ADM CODE PROPERLY REPAIR WITH SIMILAR MATERIAL THE BROKEN OR DEFECTIVE RUBER GASKET AT REFRIGERATOR LOWER DOOR IN THE KITCHEN LOCATED AT APT 8F, 8th STORY, 2nd APARTMENT FROM NORTH AT EAST",2023-12-07,19.0,VIOLATION CLOSED,2024-12-10,Original,Close,N,2023,2023.0,2025-10-06,369.0,2022-12-28
7578,LINDEN,BROOKLYN,1586,2021-12-28,215 COZINE AVENUE,215.0,COZINE AVENUE,215 COZINE AVENUE,16509980,808023,389885.0,3,215,213,217,COZINE AVENUE,C,2023-12-06,2023-12-06,12/26/2023,12/21/2023,,,12/26/2023,530.0,8837295.0,"§ 27-2005, 27-2007, 27-2041.1 HMC, §238, § 309; § 107 (2) ( C) MDL AND 28 RCNY §25-171: REPLACE OR REPAIR THE SELF-CLOSING DOORS THAT IS MISSING OR DEFECTIVE CLOSER AT BUILDING ENTRANCE DOOR , 1st STORY",2023-12-07,19.0,VIOLATION CLOSED,2024-12-10,Original,Close,N,2023,2023.0,2025-10-06,369.0,2022-12-28
7579,LINDEN,BROOKLYN,1586,2021-12-28,215 COZINE AVENUE,215.0,COZINE AVENUE,215 COZINE AVENUE,16509989,808023,389885.0,3,215,213,217,COZINE AVENUE,C,2023-12-06,2023-12-06,12/26/2023,12/21/2023,,,12/26/2023,530.0,8837295.0,"§ 27-2005, 27-2007, 27-2041.1 HMC, §238, § 309; § 107 (2) ( C) MDL AND 28 RCNY §25-171: REPLACE OR REPAIR THE SELF-CLOSING DOORS THAT IS MISSING OR DEFECTIVE HINGES AT DOOR TO FIRE STAIRS AT PUBLIC HALL, 1st STORY",2023-12-07,19.0,VIOLATION CLOSED,2024-01-06,Original,Close,N,2023,2023.0,2025-10-06,30.0,2022-12-28
7580,LINDEN,BROOKLYN,1586,2021-12-28,215 COZINE AVENUE,215.0,COZINE AVENUE,215 COZINE AVENUE,16655371,808023,389885.0,3,215,213,217,COZINE AVENUE,A,2024-02-07,2024-02-10,05/31/2024,05/17/2024,,,04/01/2024,556.0,8938791.0,"§ 27-2013 ADM CODE PAINT WITH LIGHT COLORED PAINT TO THE SATISFACTION OF THIS DEPARTMENT THE EAST WALL IN THE 1st ROOM FROM NORTH AT EAST LOCATED AT APT 12F, 12th STORY, 2nd APARTMENT FROM EAST AT SOUTH , SECTION ''WEST''",2024-02-12,9.0,VIOLATION DISMISSED,2024-06-12,Original,Close,N,2024,2024.0,2025-10-06,121.0,2022-12-28
7581,LINDEN,BROOKLYN,1586,2021-12-28,215 COZINE AVENUE,215.0,COZINE AVENUE,215 COZINE AVENUE,16662299,808023,389885.0,3,215,213,217,COZINE AVENUE,B,2024-02-07,2024-02-10,04/01/2024,03/18/2024,,,04/01/2024,508.0,8938792.0,"§ 27-2005 ADM CODE REPAIR THE BROKEN OR DEFECTIVE PLASTERED SURFACES AND PAINT IN A UNIFORM COLOR THE CEILING IN THE KITCHEN LOCATED AT APT 12F, 12th STORY, 2nd APARTMENT FROM EAST AT SOUTH , SECTION ''WEST''",2024-02-12,9.0,VIOLATION DISMISSED,2024-06-12,Original,Close,N,2024,2024.0,2025-10-06,121.0,2022-12-28
7582,LINDEN,BROOKLYN,1586,2021-12-28,215 COZINE AVENUE,215.0,COZINE AVENUE,215 COZINE AVENUE,17687911,808023,389885.0,3,215,213,217,COZINE AVENUE,A,2025-02-12,2025-02-14,06/07/2025,05/24/2025,,,03/28/2025,508.0,9632568.0,"§ 27-2005 ADM CODE REPAIR THE BROKEN OR DEFECTIVE PLASTERED SURFACES AND PAINT IN A UNIFORM COLOR AT EAST WALL IN THE 2nd ROOM FROM EAST LOCATED AT APT 11D, 11th STORY, 2nd APARTMENT FROM EAST AT SOUTH",2025-02-18,9.0,VIOLATION DISMISSED,2025-06-09,Original,Close,N,2025,2025.0,2025-10-06,111.0,2022-12-28
7583,LINDEN,BROOKLYN,1586,2021-12-28,215 COZINE AVENUE,215.0,COZINE AVENUE,215 COZINE AVENUE,17689526,808023,389885.0,3,215,213,217,COZINE AVENUE,C,2025-02-12,2025-02-12,02/26/2025,02/19/2025,,,02/26/2025,583.0,9626713.0,"§ 27-2026, 2027 HMC: PROPERLY REPAIR THE SOURCE AND ABATE THE EVIDENCE OF A WATER LEAK AT CEILING IN THE 1st ROOM FROM NORTH LOCATED AT APT 10H, 10th STORY, 2nd APARTMENT FROM SOUTH AT WEST",2025-02-13,19.0,VIOLATION CLOSED,2025-05-06,Original,Close,N,2025,2025.0,2025-10-06,82.0,2022-12-28
7584,LINDEN,BROOKLYN,1586,2021-12-28,215 COZINE AVENUE,215.0,COZINE AVENUE,215 COZINE AVENUE,17788310,808023,389885.0,3,215,213,217,COZINE AVENUE,B,2025-03-27,2025-03-30,05/19/2025,05/05/2025,,,05/02/2025,583.0,9693357.0,"§ 27-2026, 2027 HMC: PROPERLY REPAIR THE SOURCE AND ABATE THE EVIDENCE OF A WATER LEAK AT THE SOUTH WALL IN THE KITCHEN LOCATED AT APT 10H, 10th STORY, 2nd APARTMENT FROM SOUTH AT WEST",2025-03-31,19.0,VIOLATION CLOSED,2025-05-06,Original,Close,N,2025,2025.0,2025-10-06,36.0,2022-12-28
7585,LINDEN,BROOKLYN,1586,2021-12-28,215 COZINE AVENUE,215.0,COZINE AVENUE,215 COZINE AVENUE,17788312,808023,389885.0,3,215,213,217,COZINE AVENUE,B,2025-03-27,2025-03-30,05/19/2025,05/05/2025,,,05/02/2025,583.0,9693357.0,"§ 27-2026, 2027 HMC: PROPERLY REPAIR THE SOURCE AND ABATE THE EVIDENCE OF A WATER LEAK AT THE EAST WALL IN THE PRIVATE HALLWAY LOCATED AT APT 10H, 10th STORY, 2nd APARTMENT FROM SOUTH AT WEST",2025-03-31,19.0,VIOLATION CLOSED,2025-05-06,Original,Close,N,2025,2025.0,2025-10-06,36.0,2022-12-28
7586,LINDEN,BROOKLYN,1586,2021-12-28,215 COZINE AVENUE,215.0,COZINE AVENUE,215 COZINE AVENUE,17788314,808023,389885.0,3,215,213,217,COZINE AVENUE,B,2025-03-27,2025-03-30,05/19/2025,05/05/2025,,,05/02/2025,583.0,9693357.0,"§ 27-2026, 2027 HMC: PROPERLY REPAIR THE SOURCE AND ABATE THE EVIDENCE OF A WATER LEAK AT THE NORTH AND EAST WALL IN THE 2nd ROOM FROM EAST LOCATED AT APT 10H, 10th STORY, 2nd APARTMENT FROM SOUTH AT WEST",2025-03-31,19.0,VIOLATION CLOSED,2025-05-06,Original,Close,N,2025,2025.0,2025-10-06,36.0,2022-12-28
7587,LINDEN,BROOKLYN,1586,2021-12-28,215 COZINE AVENUE,215.0,COZINE AVENUE,215 COZINE AVENUE,17788315,808023,389885.0,3,215,213,217,COZINE AVENUE,C,2025-03-27,2025-03-30,05/01/2025,04/26/2025,,,04/24/2025,568.0,9693359.0,"HMC ADM CODE: § 27-2017.4 ABATE THE INFESTATION CONSISTING OF ROACHES IN THE ENTIRE APARTMENT LOCATED AT APT 10H, 10th STORY, 2nd APARTMENT FROM SOUTH AT WEST",2025-03-31,19.0,VIOLATION CLOSED,2025-05-06,Original,Close,N,2025,2025.0,2025-10-06,36.0,2022-12-28
7588,LINDEN,BROOKLYN,1586,2021-12-28,215 COZINE AVENUE,215.0,COZINE AVENUE,215 COZINE AVENUE,17788317,808023,389885.0,3,215,213,217,COZINE AVENUE,B,2025-03-27,2025-03-30,05/19/2025,05/05/2025,,,05/02/2025,508.0,9693358.0,"§ 27-2005 ADM CODE REPAIR THE BROKEN OR DEFECTIVE PLASTERED SURFACES AND PAINT IN A UNIFORM COLOR THE SOUTH WALL IN THE KITCHEN LOCATED AT APT 10H, 10th STORY, 2nd APARTMENT FROM SOUTH AT WEST",2025-03-31,19.0,VIOLATION CLOSED,2025-05-06,Original,Close,N,2025,2025.0,2025-10-06,36.0,2022-12-28
7589,LINDEN,BROOKLYN,1586,2021-12-28,215 COZINE AVENUE,215.0,COZINE AVENUE,215 COZINE AVENUE,17826914,808023,389885.0,3,215,213,217,COZINE AVENUE,A,2025-04-11,2025-04-14,08/02/2025,07/19/2025,,,05/16/2025,484.0,9715168.0,"§ 329, M/D LAW AND DEPT. RULES AND REGS. PROVIDE A COMPLETED CERTIFICATE OF INSPECTION VISITS IN A PROPER FRAME AT OR NEAR MAILBOXES, BOTTOM EDGE OF FRAME BETWEEN 48-62 INCHES ABOVE FLOOR AT PUBLIC HALL, 1st STORY",2025-04-15,19.0,VIOLATION CLOSED,2025-07-01,Original,Close,N,2025,2025.0,2025-10-06,77.0,2022-12-28
7590,LINDEN,BROOKLYN,1586,2021-12-28,215 COZINE AVENUE,215.0,COZINE AVENUE,215 COZINE AVENUE,17865498,808023,389885.0,3,215,213,217,COZINE AVENUE,C,2025-04-28,2025-04-29,05/19/2025,05/14/2025,,,05/08/2025,530.0,9736070.0,"§ 27-2005, 27-2007, 27-2041.1 HMC, §238, § 309; § 107 (2) ( C) MDL AND 28 RCNY §25-171: REPLACE OR REPAIR THE SELF-CLOSING DOORS THAT IS MISSING OR DEFECTIVE COMPACTOR HOPPER DOOR LATCH AT PUBLIC HALL, 5th STORY",2025-04-30,19.0,VIOLATION CLOSED,2025-05-17,Original,Close,N,2025,2025.0,2025-10-06,17.0,2022-12-28
7591,LINDEN,BROOKLYN,1586,2021-12-28,215 COZINE AVENUE,215.0,COZINE AVENUE,215 COZINE AVENUE,17865500,808023,389885.0,3,215,213,217,COZINE AVENUE,C,2025-04-28,2025-04-29,05/19/2025,05/14/2025,,,05/13/2025,530.0,9736070.0,"§ 27-2005, 27-2007, 27-2041.1 HMC, §238, § 309; § 107 (2) ( C) MDL AND 28 RCNY §25-171: REPLACE OR REPAIR THE SELF-CLOSING DOORS THAT IS MISSING OR DEFECTIVE COMPACTOR HOPPER DOOR LATCH AT PUBLIC HALL, 4th STORY",2025-04-30,19.0,VIOLATION CLOSED,2025-05-20,Original,Close,N,2025,2025.0,2025-10-06,20.0,2022-12-28
7592,LINDEN,BROOKLYN,1586,2021-12-28,215 COZINE AVENUE,215.0,COZINE AVENUE,215 COZINE AVENUE,17882134,808023,389885.0,3,215,213,217,COZINE AVENUE,A,2025-05-05,2025-05-06,08/24/2025,08/10/2025,,,05/21/2025,583.0,9746291.0,"§ 27-2026, 2027 HMC: PROPERLY REPAIR THE SOURCE AND ABATE THE EVIDENCE OF A WATER LEAK AT CEILING IN THE BATHROOM LOCATED AT APT 8F, 8th STORY, 2nd APARTMENT FROM NORTH AT EAST",2025-05-07,9.0,VIOLATION DISMISSED,2025-08-01,Original,Close,N,2025,2025.0,2025-10-06,86.0,2022-12-28
7593,LINDEN,BROOKLYN,1586,2021-12-28,215 COZINE AVENUE,215.0,COZINE AVENUE,215 COZINE AVENUE,17882567,808023,389885.0,3,215,213,217,COZINE AVENUE,A,2025-05-05,2025-05-07,08/25/2025,08/11/2025,,,05/16/2025,484.0,9748354.0,"§ 329, M/D LAW AND DEPT. RULES AND REGS. PROVIDE A COMPLETED CERTIFICATE OF INSPECTION VISITS IN A PROPER FRAME AT OR NEAR MAILBOXES, BOTTOM EDGE OF FRAME BETWEEN 48-62 INCHES ABOVE FLOOR MISSING AT PUBLIC HALL, 1st STORY",2025-05-08,19.0,VIOLATION CLOSED,2025-06-30,Original,Close,N,2025,2025.0,2025-10-06,53.0,2022-12-28
7594,LINDEN,BROOKLYN,1586,2021-12-28,215 COZINE AVENUE,215.0,COZINE AVENUE,215 COZINE AVENUE,18040113,808023,389885.0,3,215,213,217,COZINE AVENUE,B,2025-06-19,2025-06-20,08/15/2025,08/01/2025,,,07/15/2025,566.0,9886426.0,"566 (B) 27-2021.4 HMC: ABATE THE NUISANCE CONSISTING OF PESTS. EVIDENCE OF FLIES AT PUBLIC HALL, 1st STORY",2025-06-27,19.0,VIOLATION CLOSED,2025-08-25,Original,Close,N,2025,2025.0,2025-10-06,59.0,2022-12-28
7595,LINDEN,BROOKLYN,1586,2021-12-28,215 COZINE AVENUE,215.0,COZINE AVENUE,215 COZINE AVENUE,18246315,808023,389885.0,3,215,213,217,COZINE AVENUE,A,2025-09-22,2025-09-22,01/10/2026,12/27/2025,,,,556.0,10003909.0,"§ 27-2013 ADM CODE PAINT WITH LIGHT COLORED PAINT TO THE SATISFACTION OF THIS DEPARTMENT THE NORTH WALL IN THE KITCHEN LOCATED AT APT 8F, 8th STORY, 2nd APARTMENT FROM NORTH AT EAST",2025-09-23,2.0,NOV SENT OUT,2025-09-23,Original,Open,N,2025,2025.0,2025-10-06,13.0,2022-12-28
7596,LINDEN,BROOKLYN,1586,2021-12-28,215 COZINE AVENUE,215.0,COZINE AVENUE,215 COZINE AVENUE,16573148,808023,389885.0,3,215,213,217,COZINE AVENUE,C,2024-01-03,2024-01-06,01/27/2024,01/22/2024,,,01/26/2024,530.0,8881701.0,"§ 27-2005, 27-2007, 27-2041.1 HMC, §238, § 309; § 107 (2) ( C) MDL AND 28 RCNY §25-171: REPLACE OR REPAIR THE SELF-CLOSING DOORS THAT IS MISSING OR DEFECTIVE LATCH SET AT HOPPER TO COMPACTOR AT PUBLIC HALL, 1st STORY",2024-01-08,19.0,VIOLATION CLOSED,2024-02-08,Original,Close,N,2024,2024.0,2025-10-06,31.0,2022-12-28
7597,LINDEN,BROOKLYN,1586,2021-12-28,215 COZINE AVENUE,215.0,COZINE AVENUE,215 COZINE AVENUE,17865495,808023,389885.0,3,215,213,217,COZINE AVENUE,C,2025-04-28,2025-04-29,05/19/2025,05/14/2025,,,05/13/2025,530.0,9736070.0,"§ 27-2005, 27-2007, 27-2041.1 HMC, §238, § 309; § 107 (2) ( C) MDL AND 28 RCNY §25-171: REPLACE OR REPAIR THE SELF-CLOSING DOORS THAT IS MISSING OR DEFECTIVE COMPACTOR HOPPER DOOR LATCH AT PUBLIC HALL, 8th STORY",2025-04-30,19.0,VIOLATION CLOSED,2025-05-20,Original,Close,N,2025,2025.0,2025-10-06,20.0,2022-12-28
7598,LINDEN,BROOKLYN,1586,2021-12-28,215 COZINE AVENUE,215.0,COZINE AVENUE,215 COZINE AVENUE,16417917,808023,389885.0,3,215,213,217,COZINE AVENUE,C,2023-11-22,2023-11-22,12/07/2023,11/30/2023,,,,671.0,8786011.0,"§ 27-2033 ADM CODE POST NOTICE, IN FORM APPROVED BY THE DEPARTMENT, STATING THE NAME AND LOCATION OF THE PERSON DESIGNATED BY THE OWNER TO HAVE KEY TO BUILDINGS HEATING SYSTEM AT PUBLIC HALL, 1st STORY",2023-11-24,19.0,VIOLATION CLOSED,2025-04-29,Original,Close,N,2023,2023.0,2025-10-06,522.0,2022-12-28
7599,LINDEN,BROOKLYN,1586,2021-12-28,215 COZINE AVENUE,215.0,COZINE AVENUE,215 COZINE AVENUE,17409828,808023,389885.0,3,215,213,217,COZINE AVENUE,C,2024-11-09,2024-11-10,12/13/2024,12/08/2024,,,12/13/2024,568.0,9423438.0,"HMC ADM CODE: § 27-2017.4 ABATE THE INFESTATION CONSISTING OF ROACHES IN THE ENTIRE APARTMENT LOCATED AT APT 5A, 5th STORY, 1st APARTMENT FROM WEST AT NORTH",2024-11-12,9.0,VIOLATION DISMISSED,2025-02-24,Original,Close,N,2024,2024.0,2025-10-06,104.0,2022-12-28
7600,LINDEN,BROOKLYN,1586,2021-12-28,215 COZINE AVENUE,215.0,COZINE AVENUE,215 COZINE AVENUE,17424466,808023,389885.0,3,215,213,217,COZINE AVENUE,B,2024-11-16,2024-11-20,01/09/2025,12/26/2024,,,01/09/2025,502.0,9438318.0,"§ 27-2005 ADM CODE PROPERLY REPAIR WITH SIMILAR MATERIAL THE BROKEN OR DEFECTIVE FIRE RETARDANT PLASTER AT CEILING AT PUBLIC HALL, 1st STORY",2024-11-21,9.0,VIOLATION DISMISSED,2025-03-24,Original,Close,N,2024,2024.0,2025-10-06,123.0,2022-12-28
7601,LINDEN,BROOKLYN,1586,2021-12-28,215 COZINE AVENUE,215.0,COZINE AVENUE,215 COZINE AVENUE,17761300,808023,389885.0,3,215,213,217,COZINE AVENUE,C,2025-03-12,2025-03-15,04/05/2025,03/31/2025,,,04/03/2025,530.0,9673419.0,"§ 27-2005, 27-2007, 27-2041.1 HMC, §238, § 309; § 107 (2) ( C) MDL AND 28 RCNY §25-171: REPLACE OR REPAIR THE SELF-CLOSING DOORS THAT IS MISSING OR DEFECTIVE FIRE DOOR AT PUBLIC HALL, 1st STORY, SECTION AT EAST",2025-03-17,19.0,VIOLATION CLOSED,2025-04-29,Original,Close,N,2025,2025.0,2025-10-06,43.0,2022-12-28
7602,LINDEN,BROOKLYN,1586,2021-12-28,215 COZINE AVENUE,215.0,COZINE AVENUE,215 COZINE AVENUE,15590317,808023,389885.0,3,215,213,217,COZINE AVENUE,C,2022-12-02,2022-12-06,01/07/2023,01/02/2023,,,,550.0,8211522.0,"§ 27-2017.3 HMC: TRACE AND REPAIR THE SOURCE AND ABATE THE VISIBLE MOLD CONDITION... AT (APPROXIMATELY 60 SQ FT TOTAL) AT CEILING, NORTH, EAST, SOUTH AND WEST WALLS IN THE BATHROOM LOCATED AT APT 8F, 8th STORY, 2nd APARTMENT FROM NORTH AT EAST",2022-12-07,20.0,DEFECT LETTER ISSUED,2025-08-25,Original,Open,N,2022,2022.0,2025-10-06,1034.0,2022-12-28
7603,LINDEN,BROOKLYN,1586,2021-12-28,215 COZINE AVENUE,215.0,COZINE AVENUE,215 COZINE AVENUE,17761306,808023,389885.0,3,215,213,217,COZINE AVENUE,C,2025-03-12,2025-03-15,04/05/2025,03/31/2025,,,04/03/2025,530.0,9673419.0,"§ 27-2005, 27-2007, 27-2041.1 HMC, §238, § 309; § 107 (2) ( C) MDL AND 28 RCNY §25-171: REPLACE OR REPAIR THE SELF-CLOSING DOORS THAT IS MISSING OR DEFECTIVE FIRE DOOR AT PUBLIC HALL, 1st STORY, SECTION AT WEST",2025-03-17,19.0,VIOLATION CLOSED,2025-04-29,Original,Close,N,2025,2025.0,2025-10-06,43.0,2022-12-28
7604,LINDEN,BROOKLYN,1586,2021-12-28,215 COZINE AVENUE,215.0,COZINE AVENUE,215 COZINE AVENUE,15007545,808023,389885.0,3,215,213,217,COZINE AVENUE,A,2022-03-08,2022-03-08,06/25/2022,06/11/2022,,,,1507.0,7794088.0,"(A) § HMC:FILE ANNUAL BEDBUG REPORT IN ACCORDANCE WITH HPD RULE AS DESCRIBED ON THE BACK OF THIS NOTICE OF VIOLATION OR AS DESCRIBED ON HPDS WEBSITE, WWW.NYC.GOV\HPD, SEARCH BED BUGS.",2022-03-08,9.0,VIOLATION DISMISSED,2023-04-28,Original,Close,N,2022,2022.0,2025-10-06,416.0,2022-12-28
7605,LINDEN,BROOKLYN,1586,2021-12-28,215 COZINE AVENUE,215.0,COZINE AVENUE,215 COZINE AVENUE,17788316,808023,389885.0,3,215,213,217,COZINE AVENUE,B,2025-03-27,2025-03-30,05/19/2025,05/05/2025,,,05/02/2025,702.0,9693357.0,"§ 27-2045 ADM CODE REPAIR OR REPLACE THE SMOKE DETECTOR MISSING IN THE ENTIRE APARTMENT LOCATED AT APT 10H, 10th STORY, 2nd APARTMENT FROM SOUTH AT WEST",2025-03-31,19.0,VIOLATION CLOSED,2025-05-06,Original,Close,N,2025,2025.0,2025-10-06,36.0,2022-12-28
7606,LINDEN,BROOKLYN,1586,2021-12-28,215 COZINE AVENUE,215.0,COZINE AVENUE,215 COZINE AVENUE,15590323,808023,389885.0,3,215,213,217,COZINE AVENUE,B,2022-12-02,2022-12-06,01/25/2023,01/11/2023,,,,509.0,8211518.0,"§ 27-2005 ADM CODE PROPERLY SECURE THE LOOSE CABLE BOX , AT EAST WALL, AT PUBLIC HALL, 1st STORY",2022-12-07,19.0,VIOLATION CLOSED,2024-12-10,Original,Close,N,2022,2022.0,2025-10-06,734.0,2022-12-28
7607,LINDEN,BROOKLYN,1586,2021-12-28,215 COZINE AVENUE,215.0,COZINE AVENUE,215 COZINE AVENUE,15601356,808023,389885.0,3,215,213,217,COZINE AVENUE,C,2022-12-02,2022-12-06,12/20/2022,12/13/2022,,,,671.0,8211520.0,"§ 27-2033 ADM CODE POST NOTICE, IN FORM APPROVED BY THE DEPARTMENT, STATING THE NAME AND LOCATION OF THE PERSON DESIGNATED BY THE OWNER TO HAVE KEY TO BUILDINGS HEATING SYSTEM AT PUBLIC HALL, 1st STORY",2022-12-07,19.0,VIOLATION CLOSED,2025-04-29,Original,Close,N,2022,2022.0,2025-10-06,874.0,2022-12-28
7608,LINDEN,BROOKLYN,1586,2021-12-28,215 COZINE AVENUE,215.0,COZINE AVENUE,215 COZINE AVENUE,17882143,808023,389885.0,3,215,213,217,COZINE AVENUE,C,2025-05-05,2025-05-06,06/07/2025,06/02/2025,,,,568.0,9746292.0,"HMC ADM CODE: § 27-2017.4 ABATE THE INFESTATION CONSISTING OF ROACHES IN THE ENTIRE APARTMENT LOCATED AT APT 8F, 8th STORY, 2nd APARTMENT FROM NORTH AT EAST",2025-05-07,19.0,VIOLATION CLOSED,2025-05-20,Original,Close,N,2025,2025.0,2025-10-06,13.0,2022-12-28
7609,LINDEN,BROOKLYN,1586,2021-12-28,215 COZINE AVENUE,215.0,COZINE AVENUE,215 COZINE AVENUE,16655373,808023,389885.0,3,215,213,217,COZINE AVENUE,B,2024-02-07,2024-02-10,04/01/2024,03/18/2024,,,04/01/2024,508.0,8938792.0,"§ 27-2005 ADM CODE REPAIR THE BROKEN OR DEFECTIVE PLASTERED SURFACES AND PAINT IN A UNIFORM COLOR THE NORTH WALL AT THE ENTRANCE DOOR IN THE FOYER LOCATED AT APT 12F, 12th STORY, 2nd APARTMENT FROM EAST AT SOUTH , SECTION ''WEST''",2024-02-12,9.0,VIOLATION DISMISSED,2024-06-12,Original,Close,N,2024,2024.0,2025-10-06,121.0,2022-12-28
7610,LINDEN,BROOKLYN,1586,2021-12-28,215 COZINE AVENUE,215.0,COZINE AVENUE,215 COZINE AVENUE,17788311,808023,389885.0,3,215,213,217,COZINE AVENUE,B,2025-03-27,2025-03-30,05/19/2025,05/05/2025,,,05/02/2025,508.0,9693357.0,"§ 27-2005 ADM CODE REPAIR THE BROKEN OR DEFECTIVE PLASTERED SURFACES AND PAINT IN A UNIFORM COLOR THE EAST WALL IN THE PRIVATE HALLWAY LOCATED AT APT 10H, 10th STORY, 2nd APARTMENT FROM SOUTH AT WEST",2025-03-31,19.0,VIOLATION CLOSED,2025-05-06,Original,Close,N,2025,2025.0,2025-10-06,36.0,2022-12-28
7611,LINDEN,BROOKLYN,1586,2021-12-28,215 COZINE AVENUE,215.0,COZINE AVENUE,215 COZINE AVENUE,17826922,808023,389885.0,3,215,213,217,COZINE AVENUE,C,2025-04-11,2025-04-14,05/04/2025,04/29/2025,,,04/29/2025,530.0,9715169.0,"§ 27-2005, 27-2007, 27-2041.1 HMC, §238, § 309; § 107 (2) ( C) MDL AND 28 RCNY §25-171: REPLACE OR REPAIR THE SELF-CLOSING DOORS THAT IS MISSING OR DEFECTIVE LATCH AT PUBLIC HALL, 1st STORY",2025-04-15,19.0,VIOLATION CLOSED,2025-07-25,Original,Close,N,2025,2025.0,2025-10-06,101.0,2022-12-28
7612,LINDEN,BROOKLYN,1586,2021-12-28,215 COZINE AVENUE,215.0,COZINE AVENUE,215 COZINE AVENUE,17687909,808023,389885.0,3,215,213,217,COZINE AVENUE,A,2025-02-12,2025-02-14,06/07/2025,05/24/2025,,,03/28/2025,501.0,9632568.0,"§ 27-2005 HMC: PROPERLY REPAIR OR REPLACE THE BROKEN OR DEFECTIVE ELECTRICAL OUTLETS AT ALL WALLS IN THE KITCHEN LOCATED AT APT 11D, 11th STORY, 2nd APARTMENT FROM EAST AT SOUTH",2025-02-18,9.0,VIOLATION DISMISSED,2025-06-09,Original,Close,N,2025,2025.0,2025-10-06,111.0,2022-12-28
7613,LINDEN,BROOKLYN,1586,2021-12-28,215 COZINE AVENUE,215.0,COZINE AVENUE,215 COZINE AVENUE,17687910,808023,389885.0,3,215,213,217,COZINE AVENUE,A,2025-02-12,2025-02-14,06/07/2025,05/24/2025,,,03/28/2025,583.0,9632568.0,"§ 27-2026, 2027 HMC: PROPERLY REPAIR THE SOURCE AND ABATE THE EVIDENCE OF A WATER LEAK AT EAST WALL IN THE 2nd ROOM FROM EAST LOCATED AT APT 11D, 11th STORY, 2nd APARTMENT FROM EAST AT SOUTH",2025-02-18,9.0,VIOLATION DISMISSED,2025-06-09,Original,Close,N,2025,2025.0,2025-10-06,111.0,2022-12-28
7614,LINDEN,BROOKLYN,1586,2021-12-28,215 COZINE AVENUE,215.0,COZINE AVENUE,215 COZINE AVENUE,16510003,808023,389885.0,3,215,213,217,COZINE AVENUE,B,2023-12-06,2023-12-07,01/26/2024,01/12/2024,,,,623.0,8839276.0,"§ 27-2056.7, 27-2056.17 AND 27-2056.8 ADM CODE - CERTIFY COMPLIANCE WITH LEAD-BASED PAINT HAZARD CONTROL REQUIREMENTS DURING PERIOD OF UNIT VACANCY BY SUBMITTING REQUIRED SUPPORTING DOCUMENTATION AND AFFIDAVITS FOR APARTMENT LOCATED AT APT 14A, 14th STORY, 1st APARTMENT FROM NORTH AT EAST",2023-12-08,2.0,NOV SENT OUT,2023-12-08,Original,Open,N,2023,2023.0,2025-10-06,668.0,2022-12-28
7615,LINDEN,BROOKLYN,1586,2021-12-28,195 COZINE AVENUE,195.0,COZINE AVENUE,195 COZINE AVENUE,17415097,808022,389883.0,3,195,195,195,COZINE AVENUE,B,2024-11-12,2024-11-12,01/01/2025,12/18/2024,,,,583.0,9425190.0,"§ 27-2026, 2027 HMC: PROPERLY REPAIR THE SOURCE AND ABATE THE EVIDENCE OF A WATER LEAK AT CEILING IN THE BATHROOM LOCATED AT APT 5B, 5th STORY, 4th APARTMENT FROM SOUTH AT WEST",2024-11-13,19.0,VIOLATION CLOSED,2024-12-10,Original,Close,N,2024,2024.0,2025-10-06,27.0,2022-12-28
7616,LINDEN,BROOKLYN,1586,2021-12-28,195 COZINE AVENUE,195.0,COZINE AVENUE,195 COZINE AVENUE,15007544,808022,389883.0,3,195,195,195,COZINE AVENUE,A,2022-03-08,2022-03-08,06/25/2022,06/11/2022,,,,1507.0,7794087.0,"(A) § HMC:FILE ANNUAL BEDBUG REPORT IN ACCORDANCE WITH HPD RULE AS DESCRIBED ON THE BACK OF THIS NOTICE OF VIOLATION OR AS DESCRIBED ON HPDS WEBSITE, WWW.NYC.GOV\HPD, SEARCH BED BUGS.",2022-03-08,9.0,VIOLATION DISMISSED,2023-04-28,Original,Close,N,2022,2022.0,2025-10-06,416.0,2022-12-28
7617,LINDEN,BROOKLYN,1586,2021-12-28,195 COZINE AVENUE,195.0,COZINE AVENUE,195 COZINE AVENUE,15408013,808022,389883.0,3,195,195,195,COZINE AVENUE,B,2022-10-01,2022-10-01,11/21/2022,11/07/2022,,,,702.0,8059299.0,"§ 27-2045 ADM CODE REPAIR OR REPLACE THE SMOKE DETECTOR ,MISSING IN THE ENTIRE APARTMENT LOCATED AT APT 6H, 6th STORY, 2nd APARTMENT FROM SOUTH AT WEST",2022-10-03,19.0,VIOLATION CLOSED,2024-06-24,Original,Close,N,2022,2022.0,2025-10-06,630.0,2022-12-28
7618,LINDEN,BROOKLYN,1586,2021-12-28,195 COZINE AVENUE,195.0,COZINE AVENUE,195 COZINE AVENUE,17158351,808022,389883.0,3,195,195,195,COZINE AVENUE,A,2024-07-29,2024-07-30,11/17/2024,11/03/2024,,,,556.0,9269281.0,"§ 27-2013 ADM CODE PAINT WITH LIGHT COLORED PAINT TO THE SATISFACTION OF THIS DEPARTMENT ALL PEELING PAINT SURFACES IN THE PRIVATE HALLWAY , THE KITCHEN , THE FOYER LOCATED AT APT 6H, 6th STORY, 2nd APARTMENT FROM SOUTH AT WEST",2024-07-31,19.0,VIOLATION CLOSED,2024-12-10,Original,Close,N,2024,2024.0,2025-10-06,132.0,2022-12-28
7619,LINDEN,BROOKLYN,1586,2021-12-28,195 COZINE AVENUE,195.0,COZINE AVENUE,195 COZINE AVENUE,17415095,808022,389883.0,3,195,195,195,COZINE AVENUE,B,2024-11-12,2024-11-12,01/01/2025,12/18/2024,,,12/17/2024,508.0,9425190.0,"§ 27-2005 ADM CODE REPAIR THE BROKEN OR DEFECTIVE PLASTERED SURFACES AND PAINT IN A UNIFORM COLOR AT NORTH WALL IN THE BATHROOM LOCATED AT APT 5B, 5th STORY, 4th APARTMENT FROM SOUTH AT WEST",2024-11-13,9.0,VIOLATION DISMISSED,2025-02-27,Original,Close,N,2024,2024.0,2025-10-06,106.0,2022-12-28
7620,LINDEN,BROOKLYN,1586,2021-12-28,195 COZINE AVENUE,195.0,COZINE AVENUE,195 COZINE AVENUE,16019758,808022,389883.0,3,195,195,195,COZINE AVENUE,C,2023-05-31,2023-06-04,06/24/2023,06/19/2023,,,06/09/2023,530.0,8511352.0,"§ 27-2005, 27-2007, 27-2041.1 HMC, §238, § 309; § 107 (2) ( C) MDL AND 28 RCNY §25-171: REPLACE OR REPAIR THE SELF-CLOSING DOORS THAT IS MISSING OR DEFECTIVE AT ENTRANCE TO FIRE STAIR, 1ST FROM SOUTH AT WEST WALL AT PUBLIC HALL, 2nd STORY",2023-06-05,19.0,VIOLATION CLOSED,2023-06-10,Original,Close,N,2023,2023.0,2025-10-06,5.0,2022-12-28
7621,LINDEN,BROOKLYN,1586,2021-12-28,195 COZINE AVENUE,195.0,COZINE AVENUE,195 COZINE AVENUE,15408012,808022,389883.0,3,195,195,195,COZINE AVENUE,B,2022-10-01,2022-10-01,11/21/2022,11/07/2022,,,,1503.0,8059299.0,"§ 27-2046.1 HMC: REPAIR OR REPLACE THE CARBON MONOXIDE DETECTING DEVICE(S). ,MISSING IN THE ENTIRE APARTMENT LOCATED AT APT 6H, 6th STORY, 2nd APARTMENT FROM SOUTH AT WEST",2022-10-03,19.0,VIOLATION CLOSED,2024-06-24,Original,Close,N,2022,2022.0,2025-10-06,630.0,2022-12-28
7622,LINDEN,BROOKLYN,1586,2021-12-28,195 COZINE AVENUE,195.0,COZINE AVENUE,195 COZINE AVENUE,16853252,808022,389883.0,3,195,195,195,COZINE AVENUE,A,2024-04-13,2024-04-13,08/02/2024,07/19/2024,,,,1506.0,9099515.0,"§ 27-2005 HMC: POST, IN A FORM APPROVED BY THE COMMISSIONER, AND MAINTAIN A NOTICE IN A COMMON AREA OF THE BUILDING REGARDING THE PROCEDURES THAT SHOULD BE FOLLOWED WHEN A GAS LEAK IS SUSPECTED AT PUBLIC HALL, 1st STORY",2024-04-15,19.0,VIOLATION CLOSED,2024-06-18,Original,Close,N,2024,2024.0,2025-10-06,64.0,2022-12-28
7623,LINDEN,BROOKLYN,1586,2021-12-28,195 COZINE AVENUE,195.0,COZINE AVENUE,195 COZINE AVENUE,15906677,808022,389883.0,3,195,195,195,COZINE AVENUE,C,2023-04-05,2023-04-05,04/25/2023,04/20/2023,,,04/25/2023,530.0,8441935.0,"§ 27-2005, 27-2007, 27-2041.1 HMC: REPLACE OR REPAIR THE SELF-CLOSING DOORS THAT IS MISSING OR DEFECTIVE 1ST DOOR FROM SOUTH AT WEST AT PUBLIC HALL, 2nd STORY",2023-04-06,19.0,VIOLATION CLOSED,2024-02-11,Original,Close,N,2023,2023.0,2025-10-06,311.0,2022-12-28
7624,LINDEN,BROOKLYN,1586,2021-12-28,195 COZINE AVENUE,195.0,COZINE AVENUE,195 COZINE AVENUE,16853253,808022,389883.0,3,195,195,195,COZINE AVENUE,A,2024-04-13,2024-04-13,08/02/2024,07/19/2024,,,,700.0,9099515.0,"§ 27-2045 ADM CODE POST A PROPER NOTICE OF SMOKE DETECTOR REQUIREMENTS, IN A FORM APPROVED BY THE COMMISSIONER, AT OR NEAR THE MAIL BOX AT PUBLIC HALL, 1st STORY",2024-04-15,19.0,VIOLATION CLOSED,2024-06-18,Original,Close,N,2024,2024.0,2025-10-06,64.0,2022-12-28
7625,LINDEN,BROOKLYN,1586,2021-12-28,195 COZINE AVENUE,195.0,COZINE AVENUE,195 COZINE AVENUE,16853255,808022,389883.0,3,195,195,195,COZINE AVENUE,C,2024-04-13,2024-04-13,04/28/2024,04/21/2024,,,04/25/2024,671.0,9099516.0,"§ 27-2033 ADM CODE POST NOTICE, IN FORM APPROVED BY THE DEPARTMENT, STATING THE NAME AND LOCATION OF THE PERSON DESIGNATED BY THE OWNER TO HAVE KEY TO BUILDINGS HEATING SYSTEM AT PUBLIC HALL, 1st STORY",2024-04-15,19.0,VIOLATION CLOSED,2024-06-18,Original,Close,N,2024,2024.0,2025-10-06,64.0,2022-12-28
7626,LINDEN,BROOKLYN,1586,2021-12-28,195 COZINE AVENUE,195.0,COZINE AVENUE,195 COZINE AVENUE,15408014,808022,389883.0,3,195,195,195,COZINE AVENUE,C,2022-10-01,2022-10-01,11/03/2022,10/29/2022,,,,569.0,8059300.0,"HMC ADM CODE: § 27-2017.4 ABATE THE INFESTATION CONSISTING OF MICE IN THE ENTIRE APARTMENT LOCATED AT APT 6H, 6th STORY, 2nd APARTMENT FROM SOUTH AT WEST",2022-10-03,19.0,VIOLATION CLOSED,2024-08-26,Original,Close,N,2022,2022.0,2025-10-06,693.0,2022-12-28
7627,LINDEN,BROOKLYN,1586,2021-12-28,195 COZINE AVENUE,195.0,COZINE AVENUE,195 COZINE AVENUE,15881676,808022,389883.0,3,195,195,195,COZINE AVENUE,A,2023-03-29,2023-03-29,07/16/2023,07/02/2023,,,,1507.0,8416911.0,"(A) § HMC:FILE ANNUAL BEDBUG REPORT IN ACCORDANCE WITH HPD RULE AS DESCRIBED ON THE BACK OF THIS NOTICE OF VIOLATION OR AS DESCRIBED ON HPDS WEBSITE, WWW.NYC.GOV\HPD, SEARCH BED BUGS.",2023-03-29,9.0,VIOLATION DISMISSED,2023-04-28,Original,Close,N,2023,2023.0,2025-10-06,30.0,2022-12-28
7628,LINDEN,BROOKLYN,1586,2021-12-28,195 COZINE AVENUE,195.0,COZINE AVENUE,195 COZINE AVENUE,15968108,808022,389883.0,3,195,195,195,COZINE AVENUE,C,2023-05-03,2023-05-05,05/27/2023,05/22/2023,,,05/25/2023,530.0,8478210.0,"§ 27-2005, 27-2007, 27-2041.1 HMC, §238, § 309; § 107 (2) ( C) MDL AND 28 RCNY §25-171: REPLACE OR REPAIR THE SELF-CLOSING DOORS THAT IS MISSING OR DEFECTIVE FIRE EXIT DOOR LEADING TO REAR YARD SOUTH FIRE STAIRS AT PUBLIC HALL, 1st STORY",2023-05-08,19.0,VIOLATION CLOSED,2023-06-17,Original,Close,N,2023,2023.0,2025-10-06,40.0,2022-12-28
7629,LINDEN,BROOKLYN,1586,2021-12-28,195 COZINE AVENUE,195.0,COZINE AVENUE,195 COZINE AVENUE,15968126,808022,389883.0,3,195,195,195,COZINE AVENUE,C,2023-05-03,2023-05-05,05/27/2023,05/22/2023,,,05/25/2023,530.0,8478210.0,"§ 27-2005, 27-2007, 27-2041.1 HMC, §238, § 309; § 107 (2) ( C) MDL AND 28 RCNY §25-171: REPLACE OR REPAIR THE SELF-CLOSING DOORS THAT IS MISSING OR DEFECTIVE FIRE DOOR LEADING TO SOUTH FIRE STAIRS AT WEST WALL AT PUBLIC HALL, 1st STORY",2023-05-08,19.0,VIOLATION CLOSED,2023-06-03,Original,Close,N,2023,2023.0,2025-10-06,26.0,2022-12-28
7630,LINDEN,BROOKLYN,1586,2021-12-28,195 COZINE AVENUE,195.0,COZINE AVENUE,195 COZINE AVENUE,15968144,808022,389883.0,3,195,195,195,COZINE AVENUE,C,2023-05-03,2023-05-05,05/27/2023,05/22/2023,,,05/25/2023,530.0,8478210.0,"§ 27-2005, 27-2007, 27-2041.1 HMC, §238, § 309; § 107 (2) ( C) MDL AND 28 RCNY §25-171: REPLACE OR REPAIR THE SELF-CLOSING DOORS THAT IS MISSING OR DEFECTIVE GARBAGE HOPPER DOOR AT PUBLIC HALL, 2nd STORY",2023-05-08,19.0,VIOLATION CLOSED,2023-06-03,Original,Close,N,2023,2023.0,2025-10-06,26.0,2022-12-28
7631,LINDEN,BROOKLYN,1586,2021-12-28,195 COZINE AVENUE,195.0,COZINE AVENUE,195 COZINE AVENUE,15968154,808022,389883.0,3,195,195,195,COZINE AVENUE,C,2023-05-03,2023-05-05,05/27/2023,05/22/2023,,,05/25/2023,530.0,8478210.0,"§ 27-2005, 27-2007, 27-2041.1 HMC, §238, § 309; § 107 (2) ( C) MDL AND 28 RCNY §25-171: REPLACE OR REPAIR THE SELF-CLOSING DOORS THAT IS MISSING OR DEFECTIVE 2ND FIRE DOOR, FROM WEST AT PUBLIC HALL, 2nd STORY",2023-05-08,9.0,VIOLATION DISMISSED,2023-06-26,Original,Close,N,2023,2023.0,2025-10-06,49.0,2022-12-28
7632,LINDEN,BROOKLYN,1586,2021-12-28,195 COZINE AVENUE,195.0,COZINE AVENUE,195 COZINE AVENUE,15968163,808022,389883.0,3,195,195,195,COZINE AVENUE,A,2023-05-03,2023-05-05,08/25/2023,08/11/2023,,,08/10/2023,778.0,8478208.0,"§ 27-2104 ADM CODE POST AND MAINTAIN A PROPER SIGN ON WALL OF ENTRANCE STORY SHOWING THE REGISTRATION NUMBER ASSIGNED BY THE DEPARTMENT AND THE ADDRESS OF THE BUILDING. AT PUBLIC HALL, 1st STORY",2023-05-08,9.0,VIOLATION DISMISSED,2023-10-23,Original,Close,N,2023,2023.0,2025-10-06,168.0,2022-12-28
7633,LINDEN,BROOKLYN,1586,2021-12-28,195 COZINE AVENUE,195.0,COZINE AVENUE,195 COZINE AVENUE,15968164,808022,389883.0,3,195,195,195,COZINE AVENUE,A,2023-05-03,2023-05-05,08/25/2023,08/11/2023,,,08/22/2023,484.0,8478208.0,"§ 329, M/D LAW AND DEPT. RULES AND REGS. PROVIDE A COMPLETED CERTIFICATE OF INSPECTION VISITS IN A PROPER FRAME AT OR NEAR MAILBOXES, BOTTOM EDGE OF FRAME BETWEEN 48-62 INCHES ABOVE FLOOR MISSING AT PUBLIC HALL, 1st STORY",2023-05-08,9.0,VIOLATION DISMISSED,2023-11-02,Original,Close,N,2023,2023.0,2025-10-06,178.0,2022-12-28
7634,LINDEN,BROOKLYN,1586,2021-12-28,195 COZINE AVENUE,195.0,COZINE AVENUE,195 COZINE AVENUE,16019762,808022,389883.0,3,195,195,195,COZINE AVENUE,C,2023-05-31,2023-06-04,06/24/2023,06/19/2023,,,06/09/2023,530.0,8511352.0,"§ 27-2005, 27-2007, 27-2041.1 HMC, §238, § 309; § 107 (2) ( C) MDL AND 28 RCNY §25-171: REPLACE OR REPAIR THE SELF-CLOSING DOORS THAT IS MISSING OR DEFECTIVE AT GARBAGE HOPPER AT WEST WALL AT PUBLIC HALL, 1st STORY",2023-06-05,19.0,VIOLATION CLOSED,2023-06-10,Original,Close,N,2023,2023.0,2025-10-06,5.0,2022-12-28
7635,LINDEN,BROOKLYN,1586,2021-12-28,195 COZINE AVENUE,195.0,COZINE AVENUE,195 COZINE AVENUE,16853251,808022,389883.0,3,195,195,195,COZINE AVENUE,A,2024-04-13,2024-04-13,08/02/2024,07/19/2024,,,,1501.0,9099515.0,"§ 27-2046.1 HMC: POST A PROPER NOTICE OF CARBON MONOXIDE DETECTING DEVICE REQUIREMENTS, IN A FORM APPROVED BY THE COMMISSIONER, IN A COMMON AREA OF A CLASS A MULTIPLE DWELLING NEAR INSPECTION CERTIFICATE OR PROVIDE NOTICE TO TENANTS IN A PRIVATE DWELLING.",2024-04-15,19.0,VIOLATION CLOSED,2024-06-18,Original,Close,N,2024,2024.0,2025-10-06,64.0,2022-12-28
7636,LINDEN,BROOKLYN,1586,2021-12-28,195 COZINE AVENUE,195.0,COZINE AVENUE,195 COZINE AVENUE,16853254,808022,389883.0,3,195,195,195,COZINE AVENUE,A,2024-04-13,2024-04-13,08/02/2024,07/19/2024,,,,500.0,9099515.0,"§ 26-1103 ADMIN. CODE: POST AND MAINTAIN A PROPER NOTICE ON WALL OF THE ENTRANCE STORY IN ENGLISH AND SPANISH ON THE AVAILABILITY OF THE AGENCYS HOUSING INFORMATION GUIDE. A SAMPLE NOTICE CAN BE FOUND AT WWW.NYC.GOV/HPD. AT PUBLIC HALL, 1st STORY",2024-04-15,19.0,VIOLATION CLOSED,2024-06-18,Original,Close,N,2024,2024.0,2025-10-06,64.0,2022-12-28
7637,LINDEN,BROOKLYN,1586,2021-12-28,195 COZINE AVENUE,195.0,COZINE AVENUE,195 COZINE AVENUE,16853256,808022,389883.0,3,195,195,195,COZINE AVENUE,A,2024-04-13,2024-04-13,08/02/2024,07/19/2024,,,08/01/2024,778.0,9099515.0,"§ 27-2104 ADM CODE POST AND MAINTAIN A PROPER SIGN ON WALL OF ENTRANCE STORY SHOWING THE REGISTRATION NUMBER ASSIGNED BY THE DEPARTMENT AND THE ADDRESS OF THE BUILDING. AT PUBLIC HALL, 1st STORY",2024-04-15,9.0,VIOLATION DISMISSED,2024-10-15,Original,Close,N,2024,2024.0,2025-10-06,183.0,2022-12-28
7638,LINDEN,BROOKLYN,1586,2021-12-28,195 COZINE AVENUE,195.0,COZINE AVENUE,195 COZINE AVENUE,16853257,808022,389883.0,3,195,195,195,COZINE AVENUE,A,2024-04-13,2024-04-13,08/02/2024,07/19/2024,,,,484.0,9099515.0,"§ 329, M/D LAW AND DEPT. RULES AND REGS. PROVIDE A COMPLETED CERTIFICATE OF INSPECTION VISITS IN A PROPER FRAME AT OR NEAR MAILBOXES, BOTTOM EDGE OF FRAME BETWEEN 48-62 INCHES ABOVE FLOOR MISSING FRAME AT PUBLIC HALL, 1st STORY",2024-04-15,19.0,VIOLATION CLOSED,2024-06-18,Original,Close,N,2024,2024.0,2025-10-06,64.0,2022-12-28
7639,LINDEN,BROOKLYN,1586,2021-12-28,195 COZINE AVENUE,195.0,COZINE AVENUE,195 COZINE AVENUE,17151459,808022,389883.0,3,195,195,195,COZINE AVENUE,A,2024-07-29,2024-07-30,11/17/2024,11/03/2024,,,,550.0,9269282.0,"§ 27-2017.3 HMC: TRACE AND REPAIR THE SOURCE AND ABATE THE VISIBLE MOLD CONDITION... (LESS THAN 10 SQ FT) ON 1st CLOSET FROM SOUTH AT WEST WALL WALL IN THE PRIVATE HALLWAY LOCATED AT APT 6H, 6th STORY, 2nd APARTMENT FROM SOUTH AT WEST",2024-07-31,19.0,VIOLATION CLOSED,2024-11-28,Original,Close,N,2024,2024.0,2025-10-06,120.0,2022-12-28
7640,LINDEN,BROOKLYN,1586,2021-12-28,195 COZINE AVENUE,195.0,COZINE AVENUE,195 COZINE AVENUE,17415096,808022,389883.0,3,195,195,195,COZINE AVENUE,B,2024-11-12,2024-11-12,01/01/2025,12/18/2024,,,12/17/2024,508.0,9425190.0,"§ 27-2005 ADM CODE REPAIR THE BROKEN OR DEFECTIVE PLASTERED SURFACES AND PAINT IN A UNIFORM COLOR AT CEILING IN THE BATHROOM LOCATED AT APT 5B, 5th STORY, 4th APARTMENT FROM SOUTH AT WEST",2024-11-13,9.0,VIOLATION DISMISSED,2025-02-27,Original,Close,N,2024,2024.0,2025-10-06,106.0,2022-12-28
7641,LINDEN,BROOKLYN,1586,2021-12-28,195 COZINE AVENUE,195.0,COZINE AVENUE,195 COZINE AVENUE,17486694,808022,389883.0,3,195,195,195,COZINE AVENUE,B,2024-07-29,2024-11-28,01/17/2025,01/03/2025,,,,550.0,9477761.0,"§ 27-2017.3 HMC: TRACE AND REPAIR THE SOURCE AND ABATE THE VISIBLE MOLD CONDITION... (LESS THAN 10 SQ FT) ON CLOSET FROM SOUTH AT WEST WALL IN THE PRIVATE HALLWAY LOCATED AT APT 6H, 6th STORY, 2nd APARTMENT FROM SOUTH AT WEST ORIGINAL VIOLATION 17151459 ISSUED 29-JUL-24 HAS BEEN UPGRADED TO CLASS B PER ADMINISTRATIVE CODE §27-2017.3a(3)(a) or (b).",2024-11-29,19.0,VIOLATION CLOSED,2025-05-29,Original,Close,N,2024,2024.0,2025-10-06,181.0,2022-12-28
7642,LINDEN,BROOKLYN,1586,2021-12-28,195 COZINE AVENUE,195.0,COZINE AVENUE,195 COZINE AVENUE,16019761,808022,389883.0,3,195,195,195,COZINE AVENUE,C,2023-05-31,2023-06-04,06/24/2023,06/19/2023,,,06/22/2023,530.0,8511352.0,"§ 27-2005, 27-2007, 27-2041.1 HMC, §238, § 309; § 107 (2) ( C) MDL AND 28 RCNY §25-171: REPLACE OR REPAIR THE SELF-CLOSING DOORS THAT IS MISSING OR DEFECTIVE AT ENTRANCE DOOR TO FIRE STAIR, 2ND FROM SOUTH AT WEST WALL AT PUBLIC HALL, 2nd STORY",2023-06-05,19.0,VIOLATION CLOSED,2023-08-18,Original,Close,N,2023,2023.0,2025-10-06,74.0,2022-12-28
7643,LINDEN,BROOKLYN,1586,2021-12-28,195 COZINE AVENUE,195.0,COZINE AVENUE,195 COZINE AVENUE,16366482,808022,389883.0,3,195,195,195,COZINE AVENUE,C,2023-11-08,2023-11-08,11/21/2023,11/09/2023,,,11/21/2023,666.0,8721223.0,"§ 27-2029 ADM CODE PROVIDE AN ADEQUATE SUPPLY OF HEAT FOR THE APARTMENT IN THE ENTIRE APARTMENT LOCATED AT APT 3E, 3rd STORY, 3rd APARTMENT FROM NORTH AT EAST",2023-11-09,9.0,VIOLATION DISMISSED,2024-02-01,Original,Close,Y,2023,2023.0,2025-10-06,84.0,2022-12-28
7644,LINDEN,BROOKLYN,1586,2021-12-28,195 COZINE AVENUE,195.0,COZINE AVENUE,195 COZINE AVENUE,16366483,808022,389883.0,3,195,195,195,COZINE AVENUE,C,2023-11-08,2023-11-08,11/22/2023,11/15/2023,,,11/21/2023,672.0,8723022.0,§ 27-2033 ADM CODE PROVIDE READY ACCESS TO BUILDINGS HEATING SYSTEM BOILER ROOM DOOR LOCKED AT BOILER ROOM,2023-11-09,9.0,VIOLATION DISMISSED,2024-02-01,Original,Close,N,2023,2023.0,2025-10-06,84.0,2022-12-28
7645,LINDEN,BROOKLYN,1586,2021-12-28,195 COZINE AVENUE,195.0,COZINE AVENUE,195 COZINE AVENUE,17555614,808022,389883.0,3,195,195,195,COZINE AVENUE,A,2024-12-11,2024-12-12,04/01/2025,03/18/2025,,,03/25/2025,556.0,9535252.0,"§ 27-2013 ADM CODE PAINT WITH LIGHT COLORED PAINT TO THE SATISFACTION OF THIS DEPARTMENT ALL PEELING PAINT SURFACES IN THE 1st ROOM FROM NORTH AT WEST, THE PRIVATE HALLWAY , THE FOYER LOCATED AT APT .5B, 5th STORY, 4th APARTMENT FROM SOUTH AT WEST",2024-12-13,19.0,VIOLATION CLOSED,2025-04-13,Original,Close,N,2024,2024.0,2025-10-06,121.0,2022-12-28
7646,LINDEN,BROOKLYN,1586,2021-12-28,195 COZINE AVENUE,195.0,COZINE AVENUE,195 COZINE AVENUE,17421022,808022,389883.0,3,195,195,195,COZINE AVENUE,A,2024-11-12,2024-11-12,03/02/2025,02/16/2025,,,12/17/2024,556.0,9425189.0,"§ 27-2013 ADM CODE PAINT WITH LIGHT COLORED PAINT TO THE SATISFACTION OF THIS DEPARTMENT ALL PEELING PAINT SURFACES IN THE BATHROOM LOCATED AT APT 5B, 5th STORY, 4th APARTMENT FROM SOUTH AT WEST",2024-11-13,9.0,VIOLATION DISMISSED,2025-02-27,Original,Close,N,2024,2024.0,2025-10-06,106.0,2022-12-28
7647,LINDEN,BROOKLYN,1586,2021-12-28,195 COZINE AVENUE,195.0,COZINE AVENUE,195 COZINE AVENUE,15968071,808022,389883.0,3,195,195,195,COZINE AVENUE,C,2023-05-03,2023-05-05,05/27/2023,05/22/2023,,,05/25/2023,530.0,8478210.0,"§ 27-2005, 27-2007, 27-2041.1 HMC, §238, § 309; § 107 (2) ( C) MDL AND 28 RCNY §25-171: REPLACE OR REPAIR THE SELF-CLOSING DOORS THAT IS MISSING OR DEFECTIVE BUILDING ENTRANCE , 1st STORY",2023-05-08,19.0,VIOLATION CLOSED,2023-06-17,Original,Close,N,2023,2023.0,2025-10-06,40.0,2022-12-28
7648,LINDEN,BROOKLYN,1586,2021-12-28,195 COZINE AVENUE,195.0,COZINE AVENUE,195 COZINE AVENUE,17555611,808022,389883.0,3,195,195,195,COZINE AVENUE,A,2024-12-06,2024-12-12,04/01/2025,03/18/2025,,,01/23/2025,556.0,9535251.0,"§ 27-2013 ADM CODE PAINT WITH LIGHT COLORED PAINT TO THE SATISFACTION OF THIS DEPARTMENT 1st DOOR FRAME FROM NORTH AT EAST WALL IN THE ENTRANCE LOCATED AT APT 6H, 6th STORY, 2nd APARTMENT FROM SOUTH AT WEST",2024-12-13,9.0,VIOLATION DISMISSED,2025-04-07,Original,Close,N,2024,2024.0,2025-10-06,115.0,2022-12-28
7649,LINDEN,BROOKLYN,1586,2021-12-28,195 COZINE AVENUE,195.0,COZINE AVENUE,195 COZINE AVENUE,17560463,808022,389883.0,3,195,195,195,COZINE AVENUE,B,2024-12-17,2024-12-17,02/05/2025,01/22/2025,,,01/23/2025,502.0,9542353.0,"§ 27-2005 ADM CODE PROPERLY REPAIR WITH SIMILAR MATERIAL THE BROKEN OR DEFECTIVE CAULKING AROUND BATHTUB IN THE BATHROOM LOCATED AT APT 6H, 2nd STORY, 2nd APARTMENT FROM SOUTH AT WEST",2024-12-18,9.0,VIOLATION DISMISSED,2025-04-07,Original,Close,N,2024,2024.0,2025-10-06,110.0,2022-12-28
7650,LINDEN,BROOKLYN,1586,2021-12-28,195 COZINE AVENUE,195.0,COZINE AVENUE,195 COZINE AVENUE,17816535,808022,389883.0,3,195,195,195,COZINE AVENUE,A,2025-04-05,2025-04-06,07/25/2025,07/11/2025,,,05/16/2025,484.0,9703721.0,"§ 329, M/D LAW AND DEPT. RULES AND REGS. PROVIDE A COMPLETED CERTIFICATE OF INSPECTION VISITS IN A PROPER FRAME AT OR NEAR MAILBOXES, BOTTOM EDGE OF FRAME BETWEEN 48-62 INCHES ABOVE FLOOR MISSING AT PUBLIC HALL",2025-04-07,19.0,VIOLATION CLOSED,2025-07-06,Original,Close,N,2025,2025.0,2025-10-06,90.0,2022-12-28
7651,LINDEN,BROOKLYN,1586,2021-12-28,195 COZINE AVENUE,195.0,COZINE AVENUE,195 COZINE AVENUE,15968162,808022,389883.0,3,195,195,195,COZINE AVENUE,C,2023-05-03,2023-05-05,05/21/2023,05/14/2023,,,05/23/2023,506.0,8478209.0,"§ 27-2005 ADM CODE REPLACE WITH NEW THE MISSING GLASS PANELS AT BUILDING FRONT ENTRANCE DOOR , 1st STORY",2023-05-08,19.0,VIOLATION CLOSED,2023-06-17,Original,Close,N,2023,2023.0,2025-10-06,40.0,2022-12-28
7652,LINDEN,BROOKLYN,1586,2021-12-28,270 WORTMAN AVENUE,270.0,WORTMAN AVENUE,270 WORTMAN AVENUE,17562737,398078,389879.0,3,270,270,270,WORTMAN AVENUE,C,2024-12-12,2024-12-15,01/14/2025,01/09/2025,,,,616.0,9538080.0,"§ 27-2056.6 ADM CODE - CORRECT THE LEAD-BASED PAINT HAZARD - PRESUMED LEAD PAINT THAT IS PEELING OR ON A DETERIORATED SUBSURFACE USING WORK PRACTICES SET FORTH IN 28 RCNY §11-06(B)(2) WEST WALL IN THE PRIVATE HALLWAY LOCATED AT APT 6B, 6th STORY, 4th APARTMENT FROM SOUTH AT WEST",2024-12-16,19.0,VIOLATION CLOSED,2025-03-17,Original,Close,N,2024,2024.0,2025-10-06,91.0,2022-12-28
7653,LINDEN,BROOKLYN,1586,2021-12-28,270 WORTMAN AVENUE,270.0,WORTMAN AVENUE,270 WORTMAN AVENUE,17190150,398078,389879.0,3,270,270,270,WORTMAN AVENUE,A,2024-06-24,2024-08-12,11/30/2024,11/16/2024,,,,554.0,9287489.0,"§ 27-2005 ADM CODE PAINT METAL IN ACCORDANCE WITH DEPT. REGULATION THE 3rd CLOSET FROM NORTH AT EAST WALL DOOR FRAME, 2nd CLOSET FROM NORTH AT EAST WALL DOOR FRAME IN THE PRIVATE HALLWAY LOCATED AT APT 6B, 6th STORY, 2nd APARTMENT FROM SOUTH AT WEST",2024-08-13,19.0,VIOLATION CLOSED,2024-12-13,Original,Close,N,2024,2024.0,2025-10-06,122.0,2022-12-28
7654,LINDEN,BROOKLYN,1586,2021-12-28,270 WORTMAN AVENUE,270.0,WORTMAN AVENUE,270 WORTMAN AVENUE,17079308,398078,389879.0,3,270,270,270,WORTMAN AVENUE,B,2024-06-24,2024-06-25,08/14/2024,07/31/2024,,,08/14/2024,501.0,9220695.0,"§ 27-2005 HMC: PROPERLY REPAIR OR REPLACE THE BROKEN OR DEFECTIVE LATCH SET AT DOOR LEADING TO EAST BALCONY AT PUBLIC HALL, 6th STORY",2024-06-26,9.0,VIOLATION DISMISSED,2024-10-25,Original,Close,N,2024,2024.0,2025-10-06,121.0,2022-12-28
7655,LINDEN,BROOKLYN,1586,2021-12-28,270 WORTMAN AVENUE,270.0,WORTMAN AVENUE,270 WORTMAN AVENUE,15318868,398078,389879.0,3,270,270,270,WORTMAN AVENUE,B,2022-08-12,2022-08-15,10/04/2022,09/20/2022,,,,505.0,8006204.0,"§ 27-2005 ADM CODE REPLACE WITH NEW THE BROKEN OR DEFECTIVE CEILING LIGHT'S FIXTURE AT PUBLIC HALL, 6th STORY, SECTION ''NORTH''",2022-08-16,19.0,VIOLATION CLOSED,2024-06-25,Original,Close,N,2022,2022.0,2025-10-06,679.0,2022-12-28
7656,LINDEN,BROOKLYN,1586,2021-12-28,270 WORTMAN AVENUE,270.0,WORTMAN AVENUE,270 WORTMAN AVENUE,15318869,398078,389879.0,3,270,270,270,WORTMAN AVENUE,B,2022-08-12,2022-08-15,10/04/2022,09/20/2022,,,,506.0,8006204.0,"§ 27-2005 ADM CODE REPLACE WITH NEW THE MISSING KNOBS AT DOORS TO, FIRE STAIRS' DOORS, WEST WALL, AT PUBLIC HALL, 2nd STORY",2022-08-16,19.0,VIOLATION CLOSED,2023-12-27,Original,Close,N,2022,2022.0,2025-10-06,498.0,2022-12-28
7657,LINDEN,BROOKLYN,1586,2021-12-28,270 WORTMAN AVENUE,270.0,WORTMAN AVENUE,270 WORTMAN AVENUE,15318878,398078,389879.0,3,270,270,270,WORTMAN AVENUE,C,2022-08-12,2022-08-15,08/29/2022,08/22/2022,,,,510.0,8006205.0,"§ 27-2005 ADM CODE & 309 M/D LAW ABATE THE NUISANCE CONSISTING OF EXTRENMELY HOT WATER EXCEEDING THE ALOWABLE TEMPERATURE OF 130 DEGREES FAHRENHEIT AND FOUND TO BE AT 136 DEGREES IN THE ENTIRE APARTMENT LOCATED AT APT 6B, 6th STORY, 2nd APARTMENT FROM SOUTH AT WEST",2022-08-16,19.0,VIOLATION CLOSED,2023-12-27,Original,Close,N,2022,2022.0,2025-10-06,498.0,2022-12-28
7658,LINDEN,BROOKLYN,1586,2021-12-28,270 WORTMAN AVENUE,270.0,WORTMAN AVENUE,270 WORTMAN AVENUE,15318875,398078,389879.0,3,270,270,270,WORTMAN AVENUE,C,2022-08-12,2022-08-15,09/04/2022,08/30/2022,,,,530.0,8006209.0,"§ 27-2005, 27-2007, 27-2041.1 HMC: REPLACE OR REPAIR THE SELF-CLOSING DOORS THAT IS MISSING OR DEFECTIVE HINGES IN THE ENTRANCE LOCATED AT APT 6B, 6th STORY, 2nd APARTMENT FROM SOUTH AT WEST",2022-08-16,19.0,VIOLATION CLOSED,2022-11-17,Original,Close,N,2022,2022.0,2025-10-06,93.0,2022-12-28
7659,LINDEN,BROOKLYN,1586,2021-12-28,270 WORTMAN AVENUE,270.0,WORTMAN AVENUE,270 WORTMAN AVENUE,15318867,398078,389879.0,3,270,270,270,WORTMAN AVENUE,C,2022-08-12,2022-08-15,09/04/2022,08/30/2022,,,,530.0,8006209.0,"§ 27-2005, 27-2007, 27-2041.1 HMC: REPLACE OR REPAIR THE SELF-CLOSING DOORS THAT IS MISSING OR DEFECTIVE HINGES AT DOORS TO FIRE STAIRS, WEST WALL, AT PUBLIC HALL, 6th STORY, SECTION ''NORTH''",2022-08-16,19.0,VIOLATION CLOSED,2023-12-27,Original,Close,N,2022,2022.0,2025-10-06,498.0,2022-12-28
7660,LINDEN,BROOKLYN,1586,2021-12-28,270 WORTMAN AVENUE,270.0,WORTMAN AVENUE,270 WORTMAN AVENUE,15318873,398078,389879.0,3,270,270,270,WORTMAN AVENUE,C,2022-08-12,2022-08-15,09/04/2022,08/30/2022,,,,530.0,8006209.0,"§ 27-2005, 27-2007, 27-2041.1 HMC: REPLACE OR REPAIR THE SELF-CLOSING DOORS THAT IS MISSING OR DEFECTIVE HINGES AT, FIRE STAIR DOORS , WEST WALL, AT PUBLIC HALL, 1st STORY",2022-08-16,19.0,VIOLATION CLOSED,2023-12-27,Original,Close,N,2022,2022.0,2025-10-06,498.0,2022-12-28
7661,LINDEN,BROOKLYN,1586,2021-12-28,270 WORTMAN AVENUE,270.0,WORTMAN AVENUE,270 WORTMAN AVENUE,15319917,398078,389879.0,3,270,270,270,WORTMAN AVENUE,C,2022-08-12,2022-08-15,09/14/2022,09/09/2022,,,,624.0,8006206.0,"§ 27-2056.6 ADM CODE - CORRECT THE LEAD-BASED PAINT HAZARD-PAINT THAT IS XRF TESTED INCONCLUSIVE FOR LEAD CONTENT AT 0.5MG/CM2 AND IS PRESUMED LEAD PAINT AS SET FORTH IN (28 RCNY §11-07(b)) AND THAT IS PEELING OR ON A DETERIORATED SUBSURFACE-USING WORK PRACTICES SET FORTH IN 28 RCNY §11-06(b)(2) 3rd CLOSET FROM NORTH AT EAST WALL DOOR FRAME IN THE FOYER LOCATED AT APT 6B, 6th STORY, 2nd APARTMENT FROM SOUTH AT WEST",2022-08-16,20.0,DEFECT LETTER ISSUED,2025-04-29,Original,Open,N,2022,2022.0,2025-10-06,1147.0,2022-12-28
7662,LINDEN,BROOKLYN,1586,2021-12-28,270 WORTMAN AVENUE,270.0,WORTMAN AVENUE,270 WORTMAN AVENUE,15318876,398078,389879.0,3,270,270,270,WORTMAN AVENUE,C,2022-08-12,2022-08-15,09/16/2022,09/11/2022,,,,790.0,8006207.0,"§ 27-2043.1 HMC INSTALL THE MISSING OR REPAIR/REPLACE THE DEFECTIVE WINDOW GUARD(S) IN ACCORDANCE WITH THE SPECIFICATIONS OF THE NEW YORK CITY HEALTH CODE SECTION 24 RCNY CHAPTER 12. WG TO INSTALL = 2; WG TO REPLACE = 0; WG TO REPAIR = 3; IN THE ENTIRE APARTMENT LOCATED AT APT 6B, 6th STORY, 2nd APARTMENT FROM SOUTH AT WEST",2022-08-16,19.0,VIOLATION CLOSED,2023-12-27,Original,Close,N,2022,2022.0,2025-10-06,498.0,2022-12-28
7663,LINDEN,BROOKLYN,1586,2021-12-28,270 WORTMAN AVENUE,270.0,WORTMAN AVENUE,270 WORTMAN AVENUE,15318881,398078,389879.0,3,270,270,270,WORTMAN AVENUE,A,2022-08-12,2022-08-15,12/03/2022,11/19/2022,,,,508.0,8006203.0,"§ 27-2005 ADM CODE REPAIR THE BROKEN OR DEFECTIVE PLASTERED SURFACES AND PAINT IN A UNIFORM COLOR THE WEST WALL, CEILING IN THE FOYER LOCATED AT APT 6B, 6th STORY, 2nd APARTMENT FROM SOUTH AT WEST",2022-08-16,19.0,VIOLATION CLOSED,2023-12-27,Original,Close,N,2022,2022.0,2025-10-06,498.0,2022-12-28
7664,LINDEN,BROOKLYN,1586,2021-12-28,270 WORTMAN AVENUE,270.0,WORTMAN AVENUE,270 WORTMAN AVENUE,15318883,398078,389879.0,3,270,270,270,WORTMAN AVENUE,A,2022-08-12,2022-08-15,12/03/2022,11/19/2022,,,,508.0,8006203.0,"§ 27-2005 ADM CODE REPAIR THE BROKEN OR DEFECTIVE PLASTERED SURFACES AND PAINT IN A UNIFORM COLOR THE NORTH WALL, SOUTH WALL, WEST WALL, EAST WALL IN THE 1st ROOM FROM NORTH AT EAST LOCATED AT APT 6B, 6th STORY, 2nd APARTMENT FROM SOUTH AT WEST",2022-08-16,19.0,VIOLATION CLOSED,2023-12-27,Original,Close,N,2022,2022.0,2025-10-06,498.0,2022-12-28
7665,LINDEN,BROOKLYN,1586,2021-12-28,270 WORTMAN AVENUE,270.0,WORTMAN AVENUE,270 WORTMAN AVENUE,17543095,398078,389879.0,3,270,270,270,WORTMAN AVENUE,A,2024-12-09,2024-12-11,03/31/2025,03/17/2025,,,02/21/2025,500.0,9533520.0,"§ 26-1103 ADMIN. CODE: POST AND MAINTAIN A PROPER NOTICE ON WALL OF THE ENTRANCE STORY IN ENGLISH AND SPANISH ON THE AVAILABILITY OF THE AGENCYS HOUSING INFORMATION GUIDE. A SAMPLE NOTICE CAN BE FOUND AT WWW.NYC.GOV/HPD. AT PUBLIC HALL, 1st STORY",2024-12-12,19.0,VIOLATION CLOSED,2025-07-01,Original,Close,N,2024,2024.0,2025-10-06,201.0,2022-12-28
7666,LINDEN,BROOKLYN,1586,2021-12-28,270 WORTMAN AVENUE,270.0,WORTMAN AVENUE,270 WORTMAN AVENUE,16552648,398078,389879.0,3,270,270,270,WORTMAN AVENUE,B,2023-12-26,2023-12-27,02/15/2024,02/01/2024,,,02/09/2024,683.0,8865772.0,"§ 27-2039 ADM CODE PROVIDE ADEQUATE LIGHT OF NOT LESS THAN 60 WATTS INCANDESCENT OR EQUIVALENT ILLUMINATION AT CEILING AT PUBLIC HALL, 6th STORY",2023-12-28,9.0,VIOLATION DISMISSED,2024-04-22,Original,Close,N,2023,2023.0,2025-10-06,116.0,2022-12-28
7667,LINDEN,BROOKLYN,1586,2021-12-28,270 WORTMAN AVENUE,270.0,WORTMAN AVENUE,270 WORTMAN AVENUE,17081158,398078,389879.0,3,270,270,270,WORTMAN AVENUE,C,2024-06-24,2024-06-26,07/26/2024,07/21/2024,,,08/01/2024,616.0,9222278.0,"§ 27-2056.6 ADM CODE - CORRECT THE LEAD-BASED PAINT HAZARD - PRESUMED LEAD PAINT THAT IS PEELING OR ON A DETERIORATED SUBSURFACE USING WORK PRACTICES SET FORTH IN 28 RCNY §11-06(B)(2) EAST WALL IN THE 1st ROOM FROM NORTH AT WEST LOCATED AT APT 6B, 6th STORY, 2nd APARTMENT FROM SOUTH AT WEST",2024-06-27,19.0,VIOLATION CLOSED,2024-08-12,Original,Close,N,2024,2024.0,2025-10-06,46.0,2022-12-28
7668,LINDEN,BROOKLYN,1586,2021-12-28,270 WORTMAN AVENUE,270.0,WORTMAN AVENUE,270 WORTMAN AVENUE,17190149,398078,389879.0,3,270,270,270,WORTMAN AVENUE,A,2024-06-24,2024-08-12,11/30/2024,11/16/2024,,,,556.0,9287489.0,"§ 27-2013 ADM CODE PAINT WITH LIGHT COLORED PAINT TO THE SATISFACTION OF THIS DEPARTMENT THE EAST WALL IN THE 1st ROOM FROM NORTH AT WEST LOCATED AT APT 6B, 6th STORY, 2nd APARTMENT FROM SOUTH AT WEST",2024-08-13,19.0,VIOLATION CLOSED,2024-12-13,Original,Close,N,2024,2024.0,2025-10-06,122.0,2022-12-28
7669,LINDEN,BROOKLYN,1586,2021-12-28,270 WORTMAN AVENUE,270.0,WORTMAN AVENUE,270 WORTMAN AVENUE,17769831,398078,389879.0,3,270,270,270,WORTMAN AVENUE,A,2024-12-12,2025-03-17,07/05/2025,06/21/2025,,,,556.0,9674904.0,"§ 27-2013 ADM CODE PAINT WITH LIGHT COLORED PAINT TO THE SATISFACTION OF THIS DEPARTMENT THE WEST WALL IN THE PRIVATE HALLWAY LOCATED AT APT 6B, 6th STORY, 4th APARTMENT FROM SOUTH AT WEST",2025-03-18,19.0,VIOLATION CLOSED,2025-04-29,Original,Close,N,2024,2025.0,2025-10-06,42.0,2022-12-28
7670,LINDEN,BROOKLYN,1586,2021-12-28,270 WORTMAN AVENUE,270.0,WORTMAN AVENUE,270 WORTMAN AVENUE,17079307,398078,389879.0,3,270,270,270,WORTMAN AVENUE,C,2024-06-24,2024-06-25,07/15/2024,07/10/2024,,,07/14/2024,530.0,9220696.0,"§ 27-2005, 27-2007, 27-2041.1 HMC, §238, § 309; § 107 (2) ( C) MDL AND 28 RCNY §25-171: REPLACE OR REPAIR THE SELF-CLOSING DOORS THAT IS MISSING OR DEFECTIVE LATCH SET AT DOOR LEADING TO EAST BALCONY AT PUBLIC HALL, 6th STORY",2024-06-26,19.0,VIOLATION CLOSED,2024-07-19,Original,Close,N,2024,2024.0,2025-10-06,23.0,2022-12-28
7671,LINDEN,BROOKLYN,1586,2021-12-28,270 WORTMAN AVENUE,270.0,WORTMAN AVENUE,270 WORTMAN AVENUE,17768964,398078,389879.0,3,270,270,270,WORTMAN AVENUE,C,2025-03-12,2025-03-16,04/15/2025,04/10/2025,,,,616.0,9673145.0,"§ 27-2056.6 ADM CODE - CORRECT THE LEAD-BASED PAINT HAZARD - PRESUMED LEAD PAINT THAT IS PEELING OR ON A DETERIORATED SUBSURFACE USING WORK PRACTICES SET FORTH IN 28 RCNY §11-06(B)(2) EAST WALL IN THE PRIVATE HALLWAY LOCATED AT APT 6B, 6th STORY, 4th APARTMENT FROM SOUTH AT WEST",2025-03-17,19.0,VIOLATION CLOSED,2025-05-12,Original,Close,N,2025,2025.0,2025-10-06,56.0,2022-12-28
7672,LINDEN,BROOKLYN,1586,2021-12-28,270 WORTMAN AVENUE,270.0,WORTMAN AVENUE,270 WORTMAN AVENUE,15313115,398078,389879.0,3,270,270,270,WORTMAN AVENUE,C,2022-08-15,2022-08-17,09/06/2022,09/01/2022,,,,530.0,8008719.0,"§ 27-2005, 27-2007, 27-2041.1 HMC: REPLACE OR REPAIR THE SELF-CLOSING DOORS THAT IS MISSING OR DEFECTIVE AT ENTRANCE TO 2ND EXIT FROM NORTH AT EAST WALL AT PUBLIC HALL, 2nd STORY",2022-08-18,19.0,VIOLATION CLOSED,2023-12-27,Original,Close,N,2022,2022.0,2025-10-06,496.0,2022-12-28
7673,LINDEN,BROOKLYN,1586,2021-12-28,270 WORTMAN AVENUE,270.0,WORTMAN AVENUE,270 WORTMAN AVENUE,15318874,398078,389879.0,3,270,270,270,WORTMAN AVENUE,A,2022-08-12,2022-08-15,12/03/2022,11/19/2022,,,,690.0,8006203.0,"§ 27-2041 ADM CODE PROVIDE A PEEP HOLE IN ENTRANCE DOOR OF THE DWELLING UNIT SO LOCATED SO AS TO PERMIT A PERSON INSIDE THE DWELLING TO VIEW ANY PERSON OUTSIDE ENTRANCE DOOR ,... IN THE ENTRANCE LOCATED AT APT 6B, 6th STORY, 2nd APARTMENT FROM SOUTH AT WEST",2022-08-16,19.0,VIOLATION CLOSED,2023-12-27,Original,Close,N,2022,2022.0,2025-10-06,498.0,2022-12-28
7674,LINDEN,BROOKLYN,1586,2021-12-28,270 WORTMAN AVENUE,270.0,WORTMAN AVENUE,270 WORTMAN AVENUE,15318879,398078,389879.0,3,270,270,270,WORTMAN AVENUE,C,2022-08-12,2022-08-15,09/16/2022,09/11/2022,,,,568.0,8006208.0,"HMC ADM CODE: § 27-2017.4 ABATE THE INFESTATION CONSISTING OF ROACHES IN THE ENTIRE APARTMENT LOCATED AT APT 6B, 6th STORY, 2nd APARTMENT FROM SOUTH AT WEST",2022-08-16,19.0,VIOLATION CLOSED,2024-01-25,Original,Close,N,2022,2022.0,2025-10-06,527.0,2022-12-28
7675,LINDEN,BROOKLYN,1586,2021-12-28,270 WORTMAN AVENUE,270.0,WORTMAN AVENUE,270 WORTMAN AVENUE,15318880,398078,389879.0,3,270,270,270,WORTMAN AVENUE,A,2022-08-12,2022-08-15,12/03/2022,11/19/2022,,,,554.0,8006203.0,"§ 27-2005 ADM CODE PAINT METAL IN ACCORDANCE WITH DEPT. REGULATION THE 1st DOOR FROM NORTH AT EAST WALL, 2nd CLOSET FROM NORTH AT EAST WALL DOOR FRAME, 1st CLOSET FROM NORTH AT EAST WALL DOOR FRAME IN THE FOYER LOCATED AT APT 6B, 6th STORY, 2nd APARTMENT FROM SOUTH AT WEST",2022-08-16,19.0,VIOLATION CLOSED,2024-06-25,Original,Close,N,2022,2022.0,2025-10-06,679.0,2022-12-28
7676,LINDEN,BROOKLYN,1586,2021-12-28,270 WORTMAN AVENUE,270.0,WORTMAN AVENUE,270 WORTMAN AVENUE,15318882,398078,389879.0,3,270,270,270,WORTMAN AVENUE,A,2022-08-12,2022-08-15,12/03/2022,11/19/2022,,,,554.0,8006203.0,"§ 27-2005 ADM CODE PAINT METAL IN ACCORDANCE WITH DEPT. REGULATION THE 1st RADIATOR FROM WEST AT NORTH WALL IN THE 1st ROOM FROM NORTH AT EAST LOCATED AT APT 6B, 6th STORY, 2nd APARTMENT FROM SOUTH AT WEST",2022-08-16,19.0,VIOLATION CLOSED,2023-12-27,Original,Close,N,2022,2022.0,2025-10-06,498.0,2022-12-28
7677,LINDEN,BROOKLYN,1586,2021-12-28,270 WORTMAN AVENUE,270.0,WORTMAN AVENUE,270 WORTMAN AVENUE,15318884,398078,389879.0,3,270,270,270,WORTMAN AVENUE,A,2022-08-12,2022-08-15,12/03/2022,11/19/2022,,,,554.0,8006203.0,"§ 27-2005 ADM CODE PAINT METAL IN ACCORDANCE WITH DEPT. REGULATION THE 1st DOOR FRAME FROM NORTH AT EAST WALL, 1st RADIATOR FROM SOUTH AT WEST WALL IN THE 2nd ROOM FROM NORTH AT WEST LOCATED AT APT 6B, 6th STORY, 2nd APARTMENT FROM SOUTH AT WEST",2022-08-16,19.0,VIOLATION CLOSED,2023-12-27,Original,Close,N,2022,2022.0,2025-10-06,498.0,2022-12-28
7678,LINDEN,BROOKLYN,1586,2021-12-28,270 WORTMAN AVENUE,270.0,WORTMAN AVENUE,270 WORTMAN AVENUE,15318885,398078,389879.0,3,270,270,270,WORTMAN AVENUE,A,2022-08-12,2022-08-15,12/03/2022,11/19/2022,,,,508.0,8006203.0,"§ 27-2005 ADM CODE REPAIR THE BROKEN OR DEFECTIVE PLASTERED SURFACES AND PAINT IN A UNIFORM COLOR THE WEST WALL, SOUTH WALL, EAST WALL, NORTH WALL IN THE 2nd ROOM FROM NORTH AT WEST LOCATED AT APT 6B, 6th STORY, 2nd APARTMENT FROM SOUTH AT WEST",2022-08-16,19.0,VIOLATION CLOSED,2023-12-27,Original,Close,N,2022,2022.0,2025-10-06,498.0,2022-12-28
7679,LINDEN,BROOKLYN,1586,2021-12-28,270 WORTMAN AVENUE,270.0,WORTMAN AVENUE,270 WORTMAN AVENUE,15318886,398078,389879.0,3,270,270,270,WORTMAN AVENUE,A,2022-08-12,2022-08-15,12/03/2022,11/19/2022,,,,554.0,8006203.0,"§ 27-2005 ADM CODE PAINT METAL IN ACCORDANCE WITH DEPT. REGULATION THE 1st RISER FROM WEST AT NORTH WALL IN THE BATHROOM LOCATED AT APT 6B, 6th STORY, 2nd APARTMENT FROM SOUTH AT WEST",2022-08-16,19.0,VIOLATION CLOSED,2023-12-27,Original,Close,N,2022,2022.0,2025-10-06,498.0,2022-12-28
7680,LINDEN,BROOKLYN,1586,2021-12-28,270 WORTMAN AVENUE,270.0,WORTMAN AVENUE,270 WORTMAN AVENUE,15318887,398078,389879.0,3,270,270,270,WORTMAN AVENUE,A,2022-08-12,2022-08-15,12/03/2022,11/19/2022,,,,508.0,8006203.0,"§ 27-2005 ADM CODE REPAIR THE BROKEN OR DEFECTIVE PLASTERED SURFACES AND PAINT IN A UNIFORM COLOR THE WEST WALL, CEILING IN THE BATHROOM LOCATED AT APT 6B, 6th STORY, 2nd APARTMENT FROM SOUTH AT WEST",2022-08-16,19.0,VIOLATION CLOSED,2023-12-27,Original,Close,N,2022,2022.0,2025-10-06,498.0,2022-12-28
7681,LINDEN,BROOKLYN,1586,2021-12-28,270 WORTMAN AVENUE,270.0,WORTMAN AVENUE,270 WORTMAN AVENUE,15318888,398078,389879.0,3,270,270,270,WORTMAN AVENUE,B,2022-08-12,2022-08-15,10/04/2022,09/20/2022,,,,583.0,8006204.0,"§ 27-2026, 2027 HMC: PROPERLY REPAIR THE SOURCE AND ABATE THE EVIDENCE OF A WATER LEAK AT CEILING IN THE KITCHEN LOCATED AT APT 6B, 6th STORY, 2nd APARTMENT FROM SOUTH AT WEST",2022-08-16,19.0,VIOLATION CLOSED,2023-12-27,Original,Close,N,2022,2022.0,2025-10-06,498.0,2022-12-28
7682,LINDEN,BROOKLYN,1586,2021-12-28,270 WORTMAN AVENUE,270.0,WORTMAN AVENUE,270 WORTMAN AVENUE,15319918,398078,389879.0,3,270,270,270,WORTMAN AVENUE,C,2022-08-12,2022-08-15,09/14/2022,09/09/2022,,,,624.0,8006206.0,"§ 27-2056.6 ADM CODE - CORRECT THE LEAD-BASED PAINT HAZARD-PAINT THAT IS XRF TESTED INCONCLUSIVE FOR LEAD CONTENT AT 0.5MG/CM2 AND IS PRESUMED LEAD PAINT AS SET FORTH IN (28 RCNY §11-07(b)) AND THAT IS PEELING OR ON A DETERIORATED SUBSURFACE-USING WORK PRACTICES SET FORTH IN 28 RCNY §11-06(b)(2) 1st DOOR FRAME FROM SOUTH AT WEST WALL IN THE BATHROOM LOCATED AT APT 6B, 6th STORY, 2nd APARTMENT FROM SOUTH AT WEST",2022-08-16,19.0,VIOLATION CLOSED,2023-12-27,Original,Close,N,2022,2022.0,2025-10-06,498.0,2022-12-28
7683,LINDEN,BROOKLYN,1586,2021-12-28,270 WORTMAN AVENUE,270.0,WORTMAN AVENUE,270 WORTMAN AVENUE,15319919,398078,389879.0,3,270,270,270,WORTMAN AVENUE,C,2022-08-12,2022-08-15,09/14/2022,09/09/2022,,,,624.0,8006206.0,"§ 27-2056.6 ADM CODE - CORRECT THE LEAD-BASED PAINT HAZARD-PAINT THAT IS XRF TESTED INCONCLUSIVE FOR LEAD CONTENT AT 0.5MG/CM2 AND IS PRESUMED LEAD PAINT AS SET FORTH IN (28 RCNY §11-07(b)) AND THAT IS PEELING OR ON A DETERIORATED SUBSURFACE-USING WORK PRACTICES SET FORTH IN 28 RCNY §11-06(b)(2) 1st CLOSET FROM WEST AT NORTH WALL DOOR FRAME, 1st WINDOW FRAME FROM SOUTH AT WEST WALL IN THE 2nd ROOM FROM NORTH AT WEST LOCATED AT APT 6B, 6th STORY, 2nd APARTMENT FROM SOUTH AT WEST",2022-08-16,19.0,VIOLATION CLOSED,2023-12-27,Original,Close,N,2022,2022.0,2025-10-06,498.0,2022-12-28
7684,LINDEN,BROOKLYN,1586,2021-12-28,270 WORTMAN AVENUE,270.0,WORTMAN AVENUE,270 WORTMAN AVENUE,15319920,398078,389879.0,3,270,270,270,WORTMAN AVENUE,C,2022-08-12,2022-08-15,09/14/2022,09/09/2022,,,,624.0,8006206.0,"§ 27-2056.6 ADM CODE - CORRECT THE LEAD-BASED PAINT HAZARD-PAINT THAT IS XRF TESTED INCONCLUSIVE FOR LEAD CONTENT AT 0.5MG/CM2 AND IS PRESUMED LEAD PAINT AS SET FORTH IN (28 RCNY §11-07(b)) AND THAT IS PEELING OR ON A DETERIORATED SUBSURFACE-USING WORK PRACTICES SET FORTH IN 28 RCNY §11-06(b)(2) 1st CLOSET FROM NORTH AT EAST WALL DOOR FRAME, 1st DOOR FRAME FROM EAST AT SOUTH WALL IN THE 1st ROOM FROM NORTH AT EAST LOCATED AT APT 6B, 6th STORY, 2nd APARTMENT FROM SOUTH AT WEST",2022-08-16,19.0,VIOLATION CLOSED,2023-12-27,Original,Close,N,2022,2022.0,2025-10-06,498.0,2022-12-28
7685,LINDEN,BROOKLYN,1586,2021-12-28,270 WORTMAN AVENUE,270.0,WORTMAN AVENUE,270 WORTMAN AVENUE,15861984,398078,389879.0,3,270,270,270,WORTMAN AVENUE,A,2023-03-27,2023-03-27,07/14/2023,06/30/2023,,,,1507.0,8397505.0,"(A) § HMC:FILE ANNUAL BEDBUG REPORT IN ACCORDANCE WITH HPD RULE AS DESCRIBED ON THE BACK OF THIS NOTICE OF VIOLATION OR AS DESCRIBED ON HPDS WEBSITE, WWW.NYC.GOV\HPD, SEARCH BED BUGS.",2023-03-27,9.0,VIOLATION DISMISSED,2023-04-27,Original,Close,N,2023,2023.0,2025-10-06,31.0,2022-12-28
7686,LINDEN,BROOKLYN,1586,2021-12-28,270 WORTMAN AVENUE,270.0,WORTMAN AVENUE,270 WORTMAN AVENUE,16210936,398078,389879.0,3,270,270,270,WORTMAN AVENUE,C,2023-09-01,2023-09-05,10/07/2023,10/02/2023,,,,568.0,8627580.0,"HMC ADM CODE: § 27-2017.4 ABATE THE INFESTATION CONSISTING OF ROACHES IN THE ENTIRE APARTMENT LOCATED AT APT 6B, 6th STORY, 2nd APARTMENT FROM SOUTH AT WEST",2023-09-06,19.0,VIOLATION CLOSED,2024-01-25,Original,Close,N,2023,2023.0,2025-10-06,141.0,2022-12-28
7687,LINDEN,BROOKLYN,1586,2021-12-28,270 WORTMAN AVENUE,270.0,WORTMAN AVENUE,270 WORTMAN AVENUE,17081159,398078,389879.0,3,270,270,270,WORTMAN AVENUE,C,2024-06-24,2024-06-26,07/26/2024,07/21/2024,,,08/01/2024,616.0,9222278.0,"§ 27-2056.6 ADM CODE - CORRECT THE LEAD-BASED PAINT HAZARD - PRESUMED LEAD PAINT THAT IS PEELING OR ON A DETERIORATED SUBSURFACE USING WORK PRACTICES SET FORTH IN 28 RCNY §11-06(B)(2) 3rd CLOSET FROM NORTH AT EAST WALL DOOR FRAME, 2nd CLOSET FROM NORTH AT EAST WALL DOOR FRAME IN THE PRIVATE HALLWAY LOCATED AT APT 6B, 6th STORY, 2nd APARTMENT FROM SOUTH AT WEST",2024-06-27,19.0,VIOLATION CLOSED,2024-08-12,Original,Close,N,2024,2024.0,2025-10-06,46.0,2022-12-28
7688,LINDEN,BROOKLYN,1586,2021-12-28,270 WORTMAN AVENUE,270.0,WORTMAN AVENUE,270 WORTMAN AVENUE,17543096,398078,389879.0,3,270,270,270,WORTMAN AVENUE,A,2024-12-09,2024-12-11,03/31/2025,03/17/2025,,,02/21/2025,778.0,9533520.0,"§ 27-2104 ADM CODE POST AND MAINTAIN A PROPER SIGN ON WALL OF ENTRANCE STORY SHOWING THE REGISTRATION NUMBER ASSIGNED BY THE DEPARTMENT AND THE ADDRESS OF THE BUILDING. AT PUBLIC HALL, 1st STORY",2024-12-12,19.0,VIOLATION CLOSED,2025-07-01,Original,Close,N,2024,2024.0,2025-10-06,201.0,2022-12-28
7689,LINDEN,BROOKLYN,1586,2021-12-28,270 WORTMAN AVENUE,270.0,WORTMAN AVENUE,270 WORTMAN AVENUE,17543097,398078,389879.0,3,270,270,270,WORTMAN AVENUE,A,2024-12-09,2024-12-11,03/31/2025,03/17/2025,,,02/21/2025,484.0,9533520.0,"§ 329, M/D LAW AND DEPT. RULES AND REGS. PROVIDE A COMPLETED CERTIFICATE OF INSPECTION VISITS IN A PROPER FRAME AT OR NEAR MAILBOXES, BOTTOM EDGE OF FRAME BETWEEN 48-62 INCHES ABOVE FLOOR MISSING AT PUBLIC HALL, 1st STORY",2024-12-12,19.0,VIOLATION CLOSED,2025-07-01,Original,Close,N,2024,2024.0,2025-10-06,201.0,2022-12-28
7690,LINDEN,BROOKLYN,1586,2021-12-28,270 WORTMAN AVENUE,270.0,WORTMAN AVENUE,270 WORTMAN AVENUE,17543098,398078,389879.0,3,270,270,270,WORTMAN AVENUE,A,2024-12-09,2024-12-11,03/31/2025,03/17/2025,,,02/21/2025,700.0,9533520.0,"§ 27-2045 ADM CODE POST A PROPER NOTICE OF SMOKE DETECTOR REQUIREMENTS, IN A FORM APPROVED BY THE COMMISSIONER, AT OR NEAR THE MAIL BOX MISSING AT PUBLIC HALL, 1st STORY",2024-12-12,19.0,VIOLATION CLOSED,2025-07-01,Original,Close,N,2024,2024.0,2025-10-06,201.0,2022-12-28
7691,LINDEN,BROOKLYN,1586,2021-12-28,270 WORTMAN AVENUE,270.0,WORTMAN AVENUE,270 WORTMAN AVENUE,17543099,398078,389879.0,3,270,270,270,WORTMAN AVENUE,A,2024-12-09,2024-12-11,03/31/2025,03/17/2025,,,02/21/2025,1501.0,9533520.0,"§ 27-2046.1 HMC: POST A PROPER NOTICE OF CARBON MONOXIDE DETECTING DEVICE REQUIREMENTS, IN A FORM APPROVED BY THE COMMISSIONER, IN A COMMON AREA OF A CLASS A MULTIPLE DWELLING NEAR INSPECTION CERTIFICATE OR PROVIDE NOTICE TO TENANTS IN A PRIVATE DWELLING.",2024-12-12,19.0,VIOLATION CLOSED,2025-07-01,Original,Close,N,2024,2024.0,2025-10-06,201.0,2022-12-28
7692,LINDEN,BROOKLYN,1586,2021-12-28,270 WORTMAN AVENUE,270.0,WORTMAN AVENUE,270 WORTMAN AVENUE,17562736,398078,389879.0,3,270,270,270,WORTMAN AVENUE,C,2024-12-12,2024-12-15,01/14/2025,01/09/2025,,,,616.0,9538080.0,"§ 27-2056.6 ADM CODE - CORRECT THE LEAD-BASED PAINT HAZARD - PRESUMED LEAD PAINT THAT IS PEELING OR ON A DETERIORATED SUBSURFACE USING WORK PRACTICES SET FORTH IN 28 RCNY §11-06(B)(2) WEST WALL IN THE 1st ROOM FROM NORTH AT WEST LOCATED AT APT 6B, 6th STORY, 4th APARTMENT FROM SOUTH AT WEST",2024-12-16,19.0,VIOLATION CLOSED,2025-03-17,Original,Close,N,2024,2024.0,2025-10-06,91.0,2022-12-28
7693,LINDEN,BROOKLYN,1586,2021-12-28,270 WORTMAN AVENUE,270.0,WORTMAN AVENUE,270 WORTMAN AVENUE,17761386,398078,389879.0,3,270,270,270,WORTMAN AVENUE,B,2025-03-12,2025-03-15,05/05/2025,04/21/2025,,,04/03/2025,702.0,9673144.0,"§ 27-2045 ADM CODE REPAIR OR REPLACE THE SMOKE DETECTOR MISSING IN THE ENTIRE APARTMENT LOCATED AT APT 4H , 4th STORY, 2nd APARTMENT FROM SOUTH AT WEST",2025-03-17,9.0,VIOLATION DISMISSED,2025-06-16,Original,Close,N,2025,2025.0,2025-10-06,91.0,2022-12-28
7694,LINDEN,BROOKLYN,1586,2021-12-28,270 WORTMAN AVENUE,270.0,WORTMAN AVENUE,270 WORTMAN AVENUE,17769830,398078,389879.0,3,270,270,270,WORTMAN AVENUE,A,2024-12-12,2025-03-17,07/05/2025,06/21/2025,,,,556.0,9674904.0,"§ 27-2013 ADM CODE PAINT WITH LIGHT COLORED PAINT TO THE SATISFACTION OF THIS DEPARTMENT THE WEST WALL IN THE 1st ROOM FROM NORTH AT WEST LOCATED AT APT 6B, 6th STORY, 4th APARTMENT FROM SOUTH AT WEST",2025-03-18,19.0,VIOLATION CLOSED,2025-04-29,Original,Close,N,2024,2025.0,2025-10-06,42.0,2022-12-28
7695,LINDEN,BROOKLYN,1586,2021-12-28,270 WORTMAN AVENUE,270.0,WORTMAN AVENUE,270 WORTMAN AVENUE,17866039,398078,389879.0,3,270,270,270,WORTMAN AVENUE,C,2025-04-28,2025-04-29,05/13/2025,05/06/2025,,,05/07/2025,501.0,9735843.0,"§ 27-2005 HMC: PROPERLY REPAIR OR REPLACE THE BROKEN OR DEFECTIVE WINDOW PANE 1ST FROM SOUTH AT EAST AT BALCONY AT PUBLIC HALL, 4th STORY",2025-04-30,19.0,VIOLATION CLOSED,2025-06-23,Original,Close,N,2025,2025.0,2025-10-06,54.0,2022-12-28
7696,LINDEN,BROOKLYN,1586,2021-12-28,270 WORTMAN AVENUE,270.0,WORTMAN AVENUE,270 WORTMAN AVENUE,18140541,398078,389879.0,3,270,270,270,WORTMAN AVENUE,B,2025-08-06,2025-08-06,09/25/2025,09/11/2025,,,,550.0,9941201.0,"§ 27-2017.3 HMC: TRACE AND REPAIR THE SOURCE AND ABATE THE VISIBLE MOLD CONDITION... GREATER THAN 10 SQ FT AT CEILING IN THE BATHROOM LOCATED AT APT 1A, 1st STORY, 1st APARTMENT FROM SOUTH AT WEST",2025-08-07,47.0,NOTICE OF ISSUANCE SENT TO TENANT,2025-08-07,Original,Open,N,2025,2025.0,2025-10-06,60.0,2022-12-28
7697,LINDEN,BROOKLYN,1586,2021-12-28,270 WORTMAN AVENUE,270.0,WORTMAN AVENUE,270 WORTMAN AVENUE,18140545,398078,389879.0,3,270,270,270,WORTMAN AVENUE,C,2025-08-06,2025-08-06,08/26/2025,08/21/2025,,,08/12/2025,530.0,9941202.0,"§ 27-2005, 27-2007, 27-2041.1 HMC, §238, § 309; § 107 (2) ( C) MDL AND 28 RCNY §25-171: REPLACE OR REPAIR THE SELF-CLOSING DOORS THAT IS MISSING OR DEFECTIVE LATCH, AT BUILDING ENTRANCE",2025-08-07,19.0,VIOLATION CLOSED,2025-08-21,Original,Close,N,2025,2025.0,2025-10-06,14.0,2022-12-28
7698,LINDEN,BROOKLYN,1586,2021-12-28,270 WORTMAN AVENUE,270.0,WORTMAN AVENUE,270 WORTMAN AVENUE,15318870,398078,389879.0,3,270,270,270,WORTMAN AVENUE,C,2022-08-12,2022-08-15,09/04/2022,08/30/2022,,,,530.0,8006209.0,"§ 27-2005, 27-2007, 27-2041.1 HMC: REPLACE OR REPAIR THE SELF-CLOSING DOORS THAT IS MISSING OR DEFECTIVE HINGES AT FIRE STAIRS DOORS , WEST WALL, AT PUBLIC HALL, 2nd STORY",2022-08-16,19.0,VIOLATION CLOSED,2022-09-23,Original,Close,N,2022,2022.0,2025-10-06,38.0,2022-12-28
7699,LINDEN,BROOKLYN,1586,2021-12-28,270 WORTMAN AVENUE,270.0,WORTMAN AVENUE,270 WORTMAN AVENUE,16210938,398078,389879.0,3,270,270,270,WORTMAN AVENUE,B,2023-09-01,2023-09-05,10/25/2023,10/11/2023,,,10/25/2023,529.0,8627579.0,"§ 27-2005 HMC: REFIT THE DOOR IN THE ENTRANCE LOCATED AT APT 6B, 6th STORY, 2nd APARTMENT FROM SOUTH AT WEST",2023-09-06,19.0,VIOLATION CLOSED,2023-12-27,Original,Close,N,2023,2023.0,2025-10-06,112.0,2022-12-28
7700,LINDEN,BROOKLYN,1586,2021-12-28,270 WORTMAN AVENUE,270.0,WORTMAN AVENUE,270 WORTMAN AVENUE,17581808,398078,389879.0,3,270,270,270,WORTMAN AVENUE,C,2024-12-27,2024-12-27,01/09/2025,12/28/2024,,,01/07/2025,670.0,9555278.0,"§ 27-2031 ADM CODE PROVIDE HOT WATER AT ALL HOT WATER FIXTURES IN THE ENTIRE APARTMENT LOCATED AT APT 4H, 4th STORY, 2nd APARTMENT FROM SOUTH AT WEST",2024-12-30,19.0,VIOLATION CLOSED,2025-03-14,Original,Close,Y,2024,2024.0,2025-10-06,74.0,2022-12-28
7701,LINDEN,BROOKLYN,1586,2021-12-28,270 WORTMAN AVENUE,270.0,WORTMAN AVENUE,270 WORTMAN AVENUE,17581809,398078,389879.0,3,270,270,270,WORTMAN AVENUE,C,2024-12-27,2024-12-27,01/12/2025,01/05/2025,,,01/07/2025,672.0,9557098.0,§ 27-2033 ADM CODE PROVIDE READY ACCESS TO BUILDINGS HEATING SYSTEM LOCKED DOOR AT CELLAR,2024-12-30,19.0,VIOLATION CLOSED,2025-03-14,Original,Close,N,2024,2024.0,2025-10-06,74.0,2022-12-28
7702,LINDEN,BROOKLYN,1586,2021-12-28,270 WORTMAN AVENUE,270.0,WORTMAN AVENUE,270 WORTMAN AVENUE,15319916,398078,389879.0,3,270,270,270,WORTMAN AVENUE,C,2022-08-12,2022-08-15,09/14/2022,09/09/2022,,,,617.0,8006206.0,"§ 27-2056.6 ADM CODE - CORRECT THE LEAD-BASED PAINT HAZARD - PAINT THAT TESTED POSITIVE FOR LEAD CONTENT AND THAT IS PEELING OR ON A DETERIORATED SUBSURFACE - USING WORK PRACTICES SET FORTH IN 28 RCNY §11-06(B)(2) 1st DOOR FRAME FROM NORTH AT EAST WALL IN THE FOYER LOCATED AT APT 6B, 6th STORY, 2nd APARTMENT FROM SOUTH AT WEST",2022-08-16,20.0,DEFECT LETTER ISSUED,2025-04-29,Original,Open,N,2022,2022.0,2025-10-06,1147.0,2022-12-28
7703,LINDEN,BROOKLYN,1586,2021-12-28,270 WORTMAN AVENUE,270.0,WORTMAN AVENUE,270 WORTMAN AVENUE,17866033,398078,389879.0,3,270,270,270,WORTMAN AVENUE,C,2025-04-28,2025-04-29,05/19/2025,05/14/2025,,,05/13/2025,530.0,9735844.0,"§ 27-2005, 27-2007, 27-2041.1 HMC, §238, § 309; § 107 (2) ( C) MDL AND 28 RCNY §25-171: REPLACE OR REPAIR THE SELF-CLOSING DOORS THAT IS MISSING OR DEFECTIVE HINGES AT HOPPER DOOR AT PUBLIC HALL, 4th STORY",2025-04-30,19.0,VIOLATION CLOSED,2025-05-20,Original,Close,N,2025,2025.0,2025-10-06,20.0,2022-12-28
7704,LINDEN,BROOKLYN,1586,2021-12-28,270 WORTMAN AVENUE,270.0,WORTMAN AVENUE,270 WORTMAN AVENUE,17761383,398078,389879.0,3,270,270,270,WORTMAN AVENUE,B,2025-03-12,2025-03-15,05/05/2025,04/21/2025,,,04/03/2025,1503.0,9673144.0,"§ 27-2046.1 HMC: REPAIR OR REPLACE THE CARBON MONOXIDE DETECTING DEVICE(S). MISSING IN THE ENTIRE APARTMENT LOCATED AT APT 4H , 4th STORY, 2nd APARTMENT FROM SOUTH AT WEST",2025-03-17,9.0,VIOLATION DISMISSED,2025-06-16,Original,Close,N,2025,2025.0,2025-10-06,91.0,2022-12-28
7705,LINDEN,BROOKLYN,1586,2021-12-28,270 WORTMAN AVENUE,270.0,WORTMAN AVENUE,270 WORTMAN AVENUE,17768963,398078,389879.0,3,270,270,270,WORTMAN AVENUE,C,2025-03-12,2025-03-16,04/15/2025,04/10/2025,,,,616.0,9673145.0,"§ 27-2056.6 ADM CODE - CORRECT THE LEAD-BASED PAINT HAZARD - PRESUMED LEAD PAINT THAT IS PEELING OR ON A DETERIORATED SUBSURFACE USING WORK PRACTICES SET FORTH IN 28 RCNY §11-06(B)(2) WEST WALL IN THE 1st ROOM FROM NORTH AT WEST LOCATED AT APT 6B, 6th STORY, 4th APARTMENT FROM SOUTH AT WEST",2025-03-17,19.0,VIOLATION CLOSED,2025-05-12,Original,Close,N,2025,2025.0,2025-10-06,56.0,2022-12-28
7706,LINDEN,BROOKLYN,1586,2021-12-28,270 WORTMAN AVENUE,270.0,WORTMAN AVENUE,270 WORTMAN AVENUE,15318871,398078,389879.0,3,270,270,270,WORTMAN AVENUE,C,2022-08-12,2022-08-15,09/04/2022,08/30/2022,,,,530.0,8006209.0,"§ 27-2005, 27-2007, 27-2041.1 HMC: REPLACE OR REPAIR THE SELF-CLOSING DOORS THAT IS MISSING OR DEFECTIVE HINGES AT DOOR TO ELECTRICAL CLOSET ,AT LANDING WEST WALL, AT PUBLIC HALL STAIRS, 1st STORY, SECTION ''WEST''",2022-08-16,19.0,VIOLATION CLOSED,2023-01-02,Original,Close,N,2022,2022.0,2025-10-06,139.0,2022-12-28
7707,LINDEN,BROOKLYN,1586,2021-12-28,270 WORTMAN AVENUE,270.0,WORTMAN AVENUE,270 WORTMAN AVENUE,15318872,398078,389879.0,3,270,270,270,WORTMAN AVENUE,B,2022-08-12,2022-08-15,10/04/2022,09/20/2022,,,,506.0,8006204.0,"§ 27-2005 ADM CODE REPLACE WITH NEW THE MISSING KNOBS AT, FIRE STAIR DOORS, WEST WALL, AT PUBLIC HALL, 1st STORY",2022-08-16,19.0,VIOLATION CLOSED,2023-12-27,Original,Close,N,2022,2022.0,2025-10-06,498.0,2022-12-28
7708,LINDEN,BROOKLYN,1586,2021-12-28,270 WORTMAN AVENUE,270.0,WORTMAN AVENUE,270 WORTMAN AVENUE,16210935,398078,389879.0,3,270,270,270,WORTMAN AVENUE,C,2023-09-01,2023-09-05,10/07/2023,10/02/2023,,,,569.0,8627580.0,"HMC ADM CODE: § 27-2017.4 ABATE THE INFESTATION CONSISTING OF MICE IN THE ENTIRE APARTMENT LOCATED AT APT 6B, 6th STORY, 2nd APARTMENT FROM SOUTH AT WEST",2023-09-06,19.0,VIOLATION CLOSED,2024-01-25,Original,Close,N,2023,2023.0,2025-10-06,141.0,2022-12-28
7709,LINDEN,BROOKLYN,1586,2021-12-28,270 WORTMAN AVENUE,270.0,WORTMAN AVENUE,270 WORTMAN AVENUE,17896882,398078,389879.0,3,270,270,270,WORTMAN AVENUE,A,2025-03-12,2025-05-12,08/30/2025,08/16/2025,,,07/29/2025,556.0,9755085.0,"§ 27-2013 ADM CODE PAINT WITH LIGHT COLORED PAINT TO THE SATISFACTION OF THIS DEPARTMENT THE EAST WALL IN THE PRIVATE HALLWAY LOCATED AT APT 6B, 6th STORY, 4th APARTMENT FROM SOUTH AT WEST",2025-05-13,10.0,CIV14 MAILED,2025-07-30,Original,Open,N,2025,2025.0,2025-10-06,146.0,2022-12-28
7710,LINDEN,BROOKLYN,1586,2021-12-28,270 WORTMAN AVENUE,270.0,WORTMAN AVENUE,270 WORTMAN AVENUE,18140542,398078,389879.0,3,270,270,270,WORTMAN AVENUE,A,2025-08-06,2025-08-06,11/24/2025,11/10/2025,,,09/22/2025,556.0,9941199.0,"§ 27-2013 ADM CODE PAINT WITH LIGHT COLORED PAINT TO THE SATISFACTION OF THIS DEPARTMENT THE CEILING IN THE BATHROOM LOCATED AT APT 1A, 1st STORY, 1st APARTMENT FROM SOUTH AT WEST",2025-08-07,10.0,CIV14 MAILED,2025-09-23,Original,Open,N,2025,2025.0,2025-10-06,60.0,2022-12-28
7711,LINDEN,BROOKLYN,1586,2021-12-28,270 WORTMAN AVENUE,270.0,WORTMAN AVENUE,270 WORTMAN AVENUE,14959831,398078,389879.0,3,270,270,270,WORTMAN AVENUE,A,2022-03-02,2022-03-02,06/19/2022,06/05/2022,,,,1507.0,7758568.0,"(A) § HMC:FILE ANNUAL BEDBUG REPORT IN ACCORDANCE WITH HPD RULE AS DESCRIBED ON THE BACK OF THIS NOTICE OF VIOLATION OR AS DESCRIBED ON HPDS WEBSITE, WWW.NYC.GOV\HPD, SEARCH BED BUGS.",2022-03-02,9.0,VIOLATION DISMISSED,2023-04-27,Original,Close,N,2022,2022.0,2025-10-06,421.0,2022-12-28
7712,LINDEN,BROOKLYN,1586,2021-12-28,270 WORTMAN AVENUE,270.0,WORTMAN AVENUE,270 WORTMAN AVENUE,15447199,398078,389879.0,3,270,270,270,WORTMAN AVENUE,C,2022-10-21,2022-10-24,11/07/2022,10/31/2022,,,,505.0,8084730.0,"§ 27-2005 ADM CODE REPLACE WITH NEW THE BROKEN OR DEFECTIVE WIRE GLASS AT, DOOR TO ,EAST WALL, AT PUBLIC HALL, 6th STORY",2022-10-25,19.0,VIOLATION CLOSED,2023-01-02,Original,Close,N,2022,2022.0,2025-10-06,69.0,2022-12-28
7713,LINDEN,BROOKLYN,1586,2021-12-28,270 WORTMAN AVENUE,270.0,WORTMAN AVENUE,270 WORTMAN AVENUE,17543100,398078,389879.0,3,270,270,270,WORTMAN AVENUE,A,2024-12-09,2024-12-11,03/31/2025,03/17/2025,,,02/21/2025,1506.0,9533521.0,"§ 27-2005 HMC: POST, IN A FORM APPROVED BY THE COMMISSIONER, AND MAINTAIN A NOTICE IN A COMMON AREA OF THE BUILDING REGARDING THE PROCEDURES THAT SHOULD BE FOLLOWED WHEN A GAS LEAK IS SUSPECTED",2024-12-12,19.0,VIOLATION CLOSED,2025-07-01,Original,Close,N,2024,2024.0,2025-10-06,201.0,2022-12-28
7714,LINDEN,BROOKLYN,1586,2021-12-28,270 WORTMAN AVENUE,270.0,WORTMAN AVENUE,270 WORTMAN AVENUE,17875376,398078,389879.0,3,270,270,270,WORTMAN AVENUE,A,2025-05-03,2025-05-04,08/22/2025,08/08/2025,,,07/29/2025,556.0,9742656.0,"§ 27-2013 ADM CODE PAINT WITH LIGHT COLORED PAINT TO THE SATISFACTION OF THIS DEPARTMENT ..... NORTH WALL IN THE BATHROOM LOCATED AT APT 6B, 6th STORY, 4th APARTMENT FROM SOUTH AT WEST",2025-05-05,10.0,CIV14 MAILED,2025-07-30,Original,Open,N,2025,2025.0,2025-10-06,154.0,2022-12-28
7715,LINDEN,BROOKLYN,1586,2021-12-28,270 WORTMAN AVENUE,270.0,WORTMAN AVENUE,270 WORTMAN AVENUE,17875380,398078,389879.0,3,270,270,270,WORTMAN AVENUE,A,2025-05-03,2025-05-04,08/22/2025,08/08/2025,,,07/29/2025,556.0,9742656.0,"§ 27-2013 ADM CODE PAINT WITH LIGHT COLORED PAINT TO THE SATISFACTION OF THIS DEPARTMENT ..... CEILING IN THE 1st ROOM FROM NORTH AT WEST LOCATED AT APT 6B, 6th STORY, 4th APARTMENT FROM SOUTH AT WEST",2025-05-05,10.0,CIV14 MAILED,2025-07-30,Original,Open,N,2025,2025.0,2025-10-06,154.0,2022-12-28
7716,LINDEN,BROOKLYN,1586,2021-12-28,270 WORTMAN AVENUE,270.0,WORTMAN AVENUE,270 WORTMAN AVENUE,17875522,398078,389879.0,3,270,270,270,WORTMAN AVENUE,A,2025-05-03,2025-05-04,08/22/2025,08/08/2025,,,07/29/2025,556.0,9742656.0,"§ 27-2013 ADM CODE PAINT WITH LIGHT COLORED PAINT TO THE SATISFACTION OF THIS DEPARTMENT ALL PEELING PAINT SURFACES IN THE KITCHEN , THE 3rd ROOM FROM NORTH, THE 1st ROOM FROM NORTH AT EAST, THE FOYER , THE PRIVATE HALLWAY LOCATED AT APT 6B, 6th STORY, 4th APARTMENT FROM SOUTH AT WEST",2025-05-05,10.0,CIV14 MAILED,2025-07-30,Original,Open,N,2025,2025.0,2025-10-06,154.0,2022-12-28
7717,LINDEN,BROOKLYN,1586,2021-12-28,270 WORTMAN AVENUE,270.0,WORTMAN AVENUE,270 WORTMAN AVENUE,17896881,398078,389879.0,3,270,270,270,WORTMAN AVENUE,A,2025-03-12,2025-05-12,08/30/2025,08/16/2025,,,07/29/2025,556.0,9755085.0,"§ 27-2013 ADM CODE PAINT WITH LIGHT COLORED PAINT TO THE SATISFACTION OF THIS DEPARTMENT THE WEST WALL IN THE 1st ROOM FROM NORTH AT WEST LOCATED AT APT 6B, 6th STORY, 4th APARTMENT FROM SOUTH AT WEST",2025-05-13,10.0,CIV14 MAILED,2025-07-30,Original,Open,N,2025,2025.0,2025-10-06,146.0,2022-12-28
7718,LINDEN,BROOKLYN,1586,2021-12-28,270 WORTMAN AVENUE,270.0,WORTMAN AVENUE,270 WORTMAN AVENUE,17875521,398078,389879.0,3,270,270,270,WORTMAN AVENUE,C,2025-05-03,2025-05-04,06/03/2025,05/29/2025,,,,624.0,9742657.0,"§ 27-2056.6 ADM CODE - CORRECT THE LEAD-BASED PAINT HAZARD-PAINT THAT IS XRF TESTED INCONCLUSIVE FOR LEAD CONTENT AT 0.5MG/CM2 AND IS PRESUMED LEAD PAINT AS SET FORTH IN (28 RCNY §11-07(b)) AND THAT IS PEELING OR ON A DETERIORATED SUBSURFACE-USING WORK PRACTICES SET FORTH IN 28 RCNY §11-06(b)(2) 1st DOOR FRAME FROM SOUTH AT WEST WALL IN THE BATHROOM LOCATED AT APT 6B, 6th STORY, 4th APARTMENT FROM SOUTH AT WEST",2025-05-05,22.0,FIRST NO ACCESS TO RE- INSPECT VIOLATION,2025-09-20,Original,Open,N,2025,2025.0,2025-10-06,154.0,2022-12-28
7719,LINDEN,BROOKLYN,1586,2021-12-28,270 WORTMAN AVENUE,270.0,WORTMAN AVENUE,270 WORTMAN AVENUE,17875523,398078,389879.0,3,270,270,270,WORTMAN AVENUE,C,2025-05-03,2025-05-04,06/03/2025,05/29/2025,,,,617.0,9742657.0,"§ 27-2056.6 ADM CODE - CORRECT THE LEAD-BASED PAINT HAZARD - PAINT THAT TESTED POSITIVE FOR LEAD CONTENT AND THAT IS PEELING OR ON A DETERIORATED SUBSURFACE - USING WORK PRACTICES SET FORTH IN 28 RCNY §11-06(B)(2) 1st CLOSET FROM EAST AT SOUTH WALL DOOR FRAME, 1st DOOR FRAME FROM NORTH AT EAST WALL, 1st RISER FROM WEST AT NORTH WALL, 2nd RISER FROM WEST AT NORTH WALL, NORTH WALL, EAST WALL, WEST WALL IN THE 1st ROOM FROM NORTH AT WEST LOCATED AT APT 6B, 6th STORY, 4th APARTMENT FROM SOUTH AT WEST",2025-05-05,22.0,FIRST NO ACCESS TO RE- INSPECT VIOLATION,2025-09-20,Original,Open,N,2025,2025.0,2025-10-06,154.0,2022-12-28
7720,LINDEN,BROOKLYN,1586,2021-12-28,270 WORTMAN AVENUE,270.0,WORTMAN AVENUE,270 WORTMAN AVENUE,18140543,398078,389879.0,3,270,270,270,WORTMAN AVENUE,B,2025-08-06,2025-08-06,09/25/2025,09/11/2025,,,09/25/2025,508.0,9941200.0,"§ 27-2005 ADM CODE REPAIR THE BROKEN OR DEFECTIVE PLASTERED SURFACES AND PAINT IN A UNIFORM COLOR AT CEILING, SOUTH WALL AND EAST WALL IN THE 2nd ROOM FROM NORTH LOCATED AT APT 1A, 1st STORY, 1st APARTMENT FROM SOUTH AT WEST",2025-08-07,10.0,CIV14 MAILED,2025-09-26,Original,Open,N,2025,2025.0,2025-10-06,60.0,2022-12-28
7721,LINDEN,BROOKLYN,1586,2021-12-28,270 WORTMAN AVENUE,270.0,WORTMAN AVENUE,270 WORTMAN AVENUE,18140544,398078,389879.0,3,270,270,270,WORTMAN AVENUE,B,2025-08-06,2025-08-06,09/25/2025,09/11/2025,,,09/25/2025,583.0,9941200.0,"§ 27-2026, 2027 HMC: PROPERLY REPAIR THE SOURCE AND ABATE THE EVIDENCE OF A WATER LEAK AT CEILING, SOUTH WALL AND AND EAST WALL IN THE 2nd ROOM FROM NORTH LOCATED AT APT 1A, 1st STORY, 1st APARTMENT FROM SOUTH AT WEST",2025-08-07,10.0,CIV14 MAILED,2025-09-26,Original,Open,N,2025,2025.0,2025-10-06,60.0,2022-12-28
7722,LINDEN,BROOKLYN,1586,2021-12-28,300 WORTMAN AVENUE,300.0,WORTMAN AVENUE,300 WORTMAN AVENUE,17247406,809928,389880.0,3,300,300,300,WORTMAN AVENUE,C,2024-09-05,2024-09-05,09/19/2024,09/12/2024,,,09/18/2024,671.0,9324132.0,"§ 27-2033 ADM CODE POST NOTICE, IN FORM APPROVED BY THE DEPARTMENT, STATING THE NAME AND LOCATION OF THE PERSON DESIGNATED BY THE OWNER TO HAVE KEY TO BUILDINGS HEATING SYSTEM MISSING AT PUBLIC HALL, 1st STORY",2024-09-06,19.0,VIOLATION CLOSED,2025-03-14,Original,Close,N,2024,2024.0,2025-10-06,189.0,2022-12-28
7723,LINDEN,BROOKLYN,1586,2021-12-28,300 WORTMAN AVENUE,300.0,WORTMAN AVENUE,300 WORTMAN AVENUE,17454362,809928,389880.0,3,300,300,300,WORTMAN AVENUE,C,2024-11-26,2024-11-27,12/12/2024,12/05/2024,,,12/12/2024,672.0,9477812.0,§ 27-2033 ADM CODE PROVIDE READY ACCESS TO BUILDINGS HEATING SYSTEM DOOR LOCKED AT BOILER ROOM,2024-11-29,9.0,VIOLATION DISMISSED,2025-02-24,Original,Close,N,2024,2024.0,2025-10-06,87.0,2022-12-28
7724,LINDEN,BROOKLYN,1586,2021-12-28,300 WORTMAN AVENUE,300.0,WORTMAN AVENUE,300 WORTMAN AVENUE,17542973,809928,389880.0,3,300,300,300,WORTMAN AVENUE,C,2024-12-09,2024-12-11,12/25/2024,12/18/2024,,,,671.0,9533748.0,"§ 27-2033 ADM CODE POST NOTICE, IN FORM APPROVED BY THE DEPARTMENT, STATING THE NAME AND LOCATION OF THE PERSON DESIGNATED BY THE OWNER TO HAVE KEY TO BUILDINGS HEATING SYSTEM MISSING AT PUBLIC HALL, 1st STORY",2024-12-12,19.0,VIOLATION CLOSED,2025-03-14,Original,Close,N,2024,2024.0,2025-10-06,92.0,2022-12-28
7725,LINDEN,BROOKLYN,1586,2021-12-28,300 WORTMAN AVENUE,300.0,WORTMAN AVENUE,300 WORTMAN AVENUE,15392380,809928,389880.0,3,300,300,300,WORTMAN AVENUE,C,2022-09-27,2022-09-30,11/03/2022,10/29/2022,,,,568.0,8059370.0,"HMC ADM CODE: § 27-2017.4 ABATE THE INFESTATION CONSISTING OF ROACHES AT LOBBY, 1st STORY",2022-10-03,19.0,VIOLATION CLOSED,2025-04-16,Original,Close,N,2022,2022.0,2025-10-06,926.0,2022-12-28
7726,LINDEN,BROOKLYN,1586,2021-12-28,300 WORTMAN AVENUE,300.0,WORTMAN AVENUE,300 WORTMAN AVENUE,16515840,809928,389880.0,3,300,300,300,WORTMAN AVENUE,B,2023-12-12,2023-12-12,01/31/2024,01/17/2024,,,01/31/2024,579.0,8845757.0,"§ 27-2026 ADM CODE REPAIR THE LEAKY AND/OR DEFECTIVE FAUCETS AT BATHTUB IN THE BATHROOM LOCATED AT APT 1B, 1st STORY, 4th APARTMENT FROM NORTH AT EAST",2023-12-13,9.0,VIOLATION DISMISSED,2024-04-12,Original,Close,N,2023,2023.0,2025-10-06,121.0,2022-12-28
7727,LINDEN,BROOKLYN,1586,2021-12-28,300 WORTMAN AVENUE,300.0,WORTMAN AVENUE,300 WORTMAN AVENUE,17079322,809928,389880.0,3,300,300,300,WORTMAN AVENUE,B,2024-06-24,2024-06-25,08/14/2024,07/31/2024,,,08/14/2024,501.0,9220841.0,"§ 27-2005 HMC: PROPERLY REPAIR OR REPLACE THE BROKEN OR DEFECTIVE LATCH SET AT HOPPER DOOR TO TRASH CHUTE AT PUBLIC HALL, 3rd STORY",2024-06-26,9.0,VIOLATION DISMISSED,2024-10-25,Original,Close,N,2024,2024.0,2025-10-06,121.0,2022-12-28
7728,LINDEN,BROOKLYN,1586,2021-12-28,300 WORTMAN AVENUE,300.0,WORTMAN AVENUE,300 WORTMAN AVENUE,17542969,809928,389880.0,3,300,300,300,WORTMAN AVENUE,A,2024-12-09,2024-12-11,03/31/2025,03/17/2025,,,02/21/2025,484.0,9533747.0,"§ 329, M/D LAW AND DEPT. RULES AND REGS. PROVIDE A COMPLETED CERTIFICATE OF INSPECTION VISITS IN A PROPER FRAME AT OR NEAR MAILBOXES, BOTTOM EDGE OF FRAME BETWEEN 48-62 INCHES ABOVE FLOOR MISSING AT PUBLIC HALL, 1st STORY",2024-12-12,19.0,VIOLATION CLOSED,2025-07-01,Original,Close,N,2024,2024.0,2025-10-06,201.0,2022-12-28
7729,LINDEN,BROOKLYN,1586,2021-12-28,300 WORTMAN AVENUE,300.0,WORTMAN AVENUE,300 WORTMAN AVENUE,17542974,809928,389880.0,3,300,300,300,WORTMAN AVENUE,A,2024-12-09,2024-12-11,03/31/2025,03/17/2025,,,02/21/2025,1506.0,9533747.0,"§ 27-2005 HMC: POST, IN A FORM APPROVED BY THE COMMISSIONER, AND MAINTAIN A NOTICE IN A COMMON AREA OF THE BUILDING REGARDING THE PROCEDURES THAT SHOULD BE FOLLOWED WHEN A GAS LEAK IS SUSPECTED AT PUBLIC HALL",2024-12-12,19.0,VIOLATION CLOSED,2025-04-06,Original,Close,N,2024,2024.0,2025-10-06,115.0,2022-12-28
7730,LINDEN,BROOKLYN,1586,2021-12-28,300 WORTMAN AVENUE,300.0,WORTMAN AVENUE,300 WORTMAN AVENUE,15007593,809928,389880.0,3,300,300,300,WORTMAN AVENUE,A,2022-03-08,2022-03-08,06/25/2022,06/11/2022,,,,1507.0,7794659.0,"(A) § HMC:FILE ANNUAL BEDBUG REPORT IN ACCORDANCE WITH HPD RULE AS DESCRIBED ON THE BACK OF THIS NOTICE OF VIOLATION OR AS DESCRIBED ON HPDS WEBSITE, WWW.NYC.GOV\HPD, SEARCH BED BUGS.",2022-03-08,9.0,VIOLATION DISMISSED,2023-04-24,Original,Close,N,2022,2022.0,2025-10-06,412.0,2022-12-28
7731,LINDEN,BROOKLYN,1586,2021-12-28,300 WORTMAN AVENUE,300.0,WORTMAN AVENUE,300 WORTMAN AVENUE,15878492,809928,389880.0,3,300,300,300,WORTMAN AVENUE,C,2023-04-03,2023-04-03,04/23/2023,04/18/2023,,,,530.0,8438952.0,"§ 27-2005, 27-2007, 27-2041.1 HMC: REPLACE OR REPAIR THE SELF-CLOSING DOORS THAT IS MISSING OR DEFECTIVE AT ENTRANCE TO TERRACE AT PUBLIC HALL, 8th STORY",2023-04-04,19.0,VIOLATION CLOSED,2023-08-18,Original,Close,N,2023,2023.0,2025-10-06,136.0,2022-12-28
7732,LINDEN,BROOKLYN,1586,2021-12-28,300 WORTMAN AVENUE,300.0,WORTMAN AVENUE,300 WORTMAN AVENUE,15881723,809928,389880.0,3,300,300,300,WORTMAN AVENUE,A,2023-03-29,2023-03-29,07/16/2023,07/02/2023,,,,1507.0,8417377.0,"(A) § HMC:FILE ANNUAL BEDBUG REPORT IN ACCORDANCE WITH HPD RULE AS DESCRIBED ON THE BACK OF THIS NOTICE OF VIOLATION OR AS DESCRIBED ON HPDS WEBSITE, WWW.NYC.GOV\HPD, SEARCH BED BUGS.",2023-03-29,9.0,VIOLATION DISMISSED,2023-04-24,Original,Close,N,2023,2023.0,2025-10-06,26.0,2022-12-28
7733,LINDEN,BROOKLYN,1586,2021-12-28,300 WORTMAN AVENUE,300.0,WORTMAN AVENUE,300 WORTMAN AVENUE,17079321,809928,389880.0,3,300,300,300,WORTMAN AVENUE,C,2024-06-24,2024-06-25,07/15/2024,07/10/2024,,,07/14/2024,530.0,9220842.0,"§ 27-2005, 27-2007, 27-2041.1 HMC, §238, § 309; § 107 (2) ( C) MDL AND 28 RCNY §25-171: REPLACE OR REPAIR THE SELF-CLOSING DOORS THAT IS MISSING OR DEFECTIVE LATCH SET AT HOPPER DOOR TO TRASH CHUTE AT PUBLIC HALL, 3rd STORY",2024-06-26,19.0,VIOLATION CLOSED,2024-07-19,Original,Close,N,2024,2024.0,2025-10-06,23.0,2022-12-28
7734,LINDEN,BROOKLYN,1586,2021-12-28,300 WORTMAN AVENUE,300.0,WORTMAN AVENUE,300 WORTMAN AVENUE,17247405,809928,389880.0,3,300,300,300,WORTMAN AVENUE,A,2024-09-05,2024-09-05,12/24/2024,12/10/2024,,,12/24/2024,484.0,9324131.0,"§ 329, M/D LAW AND DEPT. RULES AND REGS. PROVIDE A COMPLETED CERTIFICATE OF INSPECTION VISITS IN A PROPER FRAME AT OR NEAR MAILBOXES, BOTTOM EDGE OF FRAME BETWEEN 48-62 INCHES ABOVE FLOOR MISSING AT PUBLIC HALL, 1st STORY",2024-09-06,9.0,VIOLATION DISMISSED,2025-03-06,Original,Close,N,2024,2024.0,2025-10-06,181.0,2022-12-28
7735,LINDEN,BROOKLYN,1586,2021-12-28,300 WORTMAN AVENUE,300.0,WORTMAN AVENUE,300 WORTMAN AVENUE,17247407,809928,389880.0,3,300,300,300,WORTMAN AVENUE,A,2024-09-05,2024-09-05,12/24/2024,12/10/2024,,,12/24/2024,700.0,9324131.0,"§ 27-2045 ADM CODE POST A PROPER NOTICE OF SMOKE DETECTOR REQUIREMENTS, IN A FORM APPROVED BY THE COMMISSIONER, AT OR NEAR THE MAIL BOX MISSING AT PUBLIC HALL, 1st STORY",2024-09-06,9.0,VIOLATION DISMISSED,2025-03-06,Original,Close,N,2024,2024.0,2025-10-06,181.0,2022-12-28
7736,LINDEN,BROOKLYN,1586,2021-12-28,300 WORTMAN AVENUE,300.0,WORTMAN AVENUE,300 WORTMAN AVENUE,17247409,809928,389880.0,3,300,300,300,WORTMAN AVENUE,A,2024-09-05,2024-09-05,12/24/2024,12/10/2024,,,12/24/2024,778.0,9324131.0,"§ 27-2104 ADM CODE POST AND MAINTAIN A PROPER SIGN ON WALL OF ENTRANCE STORY SHOWING THE REGISTRATION NUMBER ASSIGNED BY THE DEPARTMENT AND THE ADDRESS OF THE BUILDING. AT PUBLIC HALL, 1st STORY",2024-09-06,9.0,VIOLATION DISMISSED,2025-03-06,Original,Close,N,2024,2024.0,2025-10-06,181.0,2022-12-28
7737,LINDEN,BROOKLYN,1586,2021-12-28,300 WORTMAN AVENUE,300.0,WORTMAN AVENUE,300 WORTMAN AVENUE,17247410,809928,389880.0,3,300,300,300,WORTMAN AVENUE,A,2024-09-05,2024-09-05,12/24/2024,12/10/2024,,,12/24/2024,500.0,9324131.0,"§ 26-1103 ADMIN. CODE: POST AND MAINTAIN A PROPER NOTICE ON WALL OF THE ENTRANCE STORY IN ENGLISH AND SPANISH ON THE AVAILABILITY OF THE AGENCYS HOUSING INFORMATION GUIDE. A SAMPLE NOTICE CAN BE FOUND AT WWW.NYC.GOV/HPD., 1st STORY",2024-09-06,9.0,VIOLATION DISMISSED,2025-03-06,Original,Close,N,2024,2024.0,2025-10-06,181.0,2022-12-28
7738,LINDEN,BROOKLYN,1586,2021-12-28,300 WORTMAN AVENUE,300.0,WORTMAN AVENUE,300 WORTMAN AVENUE,17247411,809928,389880.0,3,300,300,300,WORTMAN AVENUE,A,2024-09-05,2024-09-05,12/24/2024,12/10/2024,,,12/24/2024,1506.0,9324131.0,"§ 27-2005 HMC: POST, IN A FORM APPROVED BY THE COMMISSIONER, AND MAINTAIN A NOTICE IN A COMMON AREA OF THE BUILDING REGARDING THE PROCEDURES THAT SHOULD BE FOLLOWED WHEN A GAS LEAK IS SUSPECTED, 1st STORY",2024-09-06,9.0,VIOLATION DISMISSED,2025-03-06,Original,Close,N,2024,2024.0,2025-10-06,181.0,2022-12-28
7739,LINDEN,BROOKLYN,1586,2021-12-28,300 WORTMAN AVENUE,300.0,WORTMAN AVENUE,300 WORTMAN AVENUE,17454360,809928,389880.0,3,300,300,300,WORTMAN AVENUE,B,2024-11-26,2024-11-27,01/17/2025,01/03/2025,,,12/17/2024,566.0,9477811.0,"HMC ADM CODE: § 27-2017.4 ABATE THE INFESTATION CONSISTING OF VERMIN OF GNAT FLIES IN THE ENTIRE APARTMENT LOCATED AT APT 1G, 1st STORY, 1st APARTMENT FROM SOUTH AT WEST",2024-11-29,9.0,VIOLATION DISMISSED,2025-02-27,Original,Close,N,2024,2024.0,2025-10-06,90.0,2022-12-28
7740,LINDEN,BROOKLYN,1586,2021-12-28,300 WORTMAN AVENUE,300.0,WORTMAN AVENUE,300 WORTMAN AVENUE,17542972,809928,389880.0,3,300,300,300,WORTMAN AVENUE,A,2024-12-09,2024-12-11,03/31/2025,03/17/2025,,,02/21/2025,722.0,9533747.0,"§ 27-2053 ADM CODE POST SIGN ON WALL OF ENTRANCE STORY BEARING NAME, ADDRESS INCLUDING APARTMENT NUMBER IF ANY, AND TELEPHONE NUMBER OF SUPERINTENDENT, JANITOR OR HOUSEKEEPER. AT PUBLIC HALL, 1st STORY",2024-12-12,19.0,VIOLATION CLOSED,2025-04-06,Original,Close,N,2024,2024.0,2025-10-06,115.0,2022-12-28
7741,LINDEN,BROOKLYN,1586,2021-12-28,300 WORTMAN AVENUE,300.0,WORTMAN AVENUE,300 WORTMAN AVENUE,17816488,809928,389880.0,3,300,300,300,WORTMAN AVENUE,A,2025-04-05,2025-04-06,07/25/2025,07/11/2025,,,05/16/2025,484.0,9703779.0,"§ 329, M/D LAW AND DEPT. RULES AND REGS. PROVIDE A COMPLETED CERTIFICATE OF INSPECTION VISITS IN A PROPER FRAME AT OR NEAR MAILBOXES, BOTTOM EDGE OF FRAME BETWEEN 48-62 INCHES ABOVE FLOOR MISSING AT PUBLIC HALL",2025-04-07,19.0,VIOLATION CLOSED,2025-07-01,Original,Close,N,2025,2025.0,2025-10-06,85.0,2022-12-28
7742,LINDEN,BROOKLYN,1586,2021-12-28,300 WORTMAN AVENUE,300.0,WORTMAN AVENUE,300 WORTMAN AVENUE,17816509,809928,389880.0,3,300,300,300,WORTMAN AVENUE,A,2025-04-05,2025-04-07,07/26/2025,07/12/2025,,,05/16/2025,484.0,9705641.0,"§ 329, M/D LAW AND DEPT. RULES AND REGS. PROVIDE A COMPLETED CERTIFICATE OF INSPECTION VISITS IN A PROPER FRAME AT OR NEAR MAILBOXES, BOTTOM EDGE OF FRAME BETWEEN 48-62 INCHES ABOVE FLOOR MISSING AT PUBLIC HALL",2025-04-08,19.0,VIOLATION CLOSED,2025-07-01,Original,Close,N,2025,2025.0,2025-10-06,84.0,2022-12-28
7743,LINDEN,BROOKLYN,1586,2021-12-28,300 WORTMAN AVENUE,300.0,WORTMAN AVENUE,300 WORTMAN AVENUE,17454361,809928,389880.0,3,300,300,300,WORTMAN AVENUE,C,2024-11-26,2024-11-26,12/09/2024,11/27/2024,,,,670.0,9466648.0,"§ 27-2031 ADM CODE PROVIDE HOT WATER AT ALL HOT WATER FIXTURES IN THE ENTIRE APARTMENT LOCATED AT APT 1G, 1st STORY, 1st APARTMENT FROM SOUTH AT WEST",2024-11-27,19.0,VIOLATION CLOSED,2025-03-20,Original,Close,Y,2024,2024.0,2025-10-06,113.0,2022-12-28
7744,LINDEN,BROOKLYN,1586,2021-12-28,300 WORTMAN AVENUE,300.0,WORTMAN AVENUE,300 WORTMAN AVENUE,17542967,809928,389880.0,3,300,300,300,WORTMAN AVENUE,A,2024-12-09,2024-12-11,03/31/2025,03/17/2025,,,02/21/2025,700.0,9533747.0,"§ 27-2045 ADM CODE POST A PROPER NOTICE OF SMOKE DETECTOR REQUIREMENTS, IN A FORM APPROVED BY THE COMMISSIONER, AT OR NEAR THE MAIL BOX MISSING AT PUBLIC HALL, 1st STORY",2024-12-12,19.0,VIOLATION CLOSED,2025-04-06,Original,Close,N,2024,2024.0,2025-10-06,115.0,2022-12-28
7745,LINDEN,BROOKLYN,1586,2021-12-28,300 WORTMAN AVENUE,300.0,WORTMAN AVENUE,300 WORTMAN AVENUE,17542970,809928,389880.0,3,300,300,300,WORTMAN AVENUE,A,2024-12-09,2024-12-11,03/31/2025,03/17/2025,,,02/21/2025,778.0,9533747.0,"§ 27-2104 ADM CODE POST AND MAINTAIN A PROPER SIGN ON WALL OF ENTRANCE STORY SHOWING THE REGISTRATION NUMBER ASSIGNED BY THE DEPARTMENT AND THE ADDRESS OF THE BUILDING. AT PUBLIC HALL, 1st STORY",2024-12-12,19.0,VIOLATION CLOSED,2025-04-06,Original,Close,N,2024,2024.0,2025-10-06,115.0,2022-12-28
7746,LINDEN,BROOKLYN,1586,2021-12-28,300 WORTMAN AVENUE,300.0,WORTMAN AVENUE,300 WORTMAN AVENUE,17542971,809928,389880.0,3,300,300,300,WORTMAN AVENUE,A,2024-12-09,2024-12-11,03/31/2025,03/17/2025,,,02/21/2025,1501.0,9533747.0,"§ 27-2046.1 HMC: POST A PROPER NOTICE OF CARBON MONOXIDE DETECTING DEVICE REQUIREMENTS, IN A FORM APPROVED BY THE COMMISSIONER, IN A COMMON AREA OF A CLASS A MULTIPLE DWELLING NEAR INSPECTION CERTIFICATE OR PROVIDE NOTICE TO TENANTS IN A PRIVATE DWELLING.",2024-12-12,19.0,VIOLATION CLOSED,2025-04-06,Original,Close,N,2024,2024.0,2025-10-06,115.0,2022-12-28
7747,LINDEN,BROOKLYN,1586,2021-12-28,300 WORTMAN AVENUE,300.0,WORTMAN AVENUE,300 WORTMAN AVENUE,15364536,809928,389880.0,3,300,300,300,WORTMAN AVENUE,C,2022-09-13,2022-09-14,10/16/2022,10/11/2022,,,,568.0,8038887.0,"HMC ADM CODE: § 27-2017.4 ABATE THE INFESTATION CONSISTING OF ROACHES IN THE ENTIRE APARTMENT LOCATED AT APT F, 4th STORY, 2nd APARTMENT FROM SOUTH AT WEST",2022-09-15,9.0,VIOLATION DISMISSED,2025-04-06,Original,Close,N,2022,2022.0,2025-10-06,934.0,2022-12-28
7748,LINDEN,BROOKLYN,1586,2021-12-28,300 WORTMAN AVENUE,300.0,WORTMAN AVENUE,300 WORTMAN AVENUE,17247408,809928,389880.0,3,300,300,300,WORTMAN AVENUE,A,2024-09-05,2024-09-05,12/24/2024,12/10/2024,,,12/24/2024,1501.0,9324131.0,"§ 27-2046.1 HMC: POST A PROPER NOTICE OF CARBON MONOXIDE DETECTING DEVICE REQUIREMENTS, IN A FORM APPROVED BY THE COMMISSIONER, IN A COMMON AREA OF A CLASS A MULTIPLE DWELLING NEAR INSPECTION CERTIFICATE OR PROVIDE NOTICE TO TENANTS IN A PRIVATE DWELLING.",2024-09-06,9.0,VIOLATION DISMISSED,2025-03-06,Original,Close,N,2024,2024.0,2025-10-06,181.0,2022-12-28
7749,LINDEN,BROOKLYN,1586,2021-12-28,300 WORTMAN AVENUE,300.0,WORTMAN AVENUE,300 WORTMAN AVENUE,17542968,809928,389880.0,3,300,300,300,WORTMAN AVENUE,A,2024-12-09,2024-12-11,03/31/2025,03/17/2025,,,02/21/2025,500.0,9533747.0,"§ 26-1103 ADMIN. CODE: POST AND MAINTAIN A PROPER NOTICE ON WALL OF THE ENTRANCE STORY IN ENGLISH AND SPANISH ON THE AVAILABILITY OF THE AGENCYS HOUSING INFORMATION GUIDE. A SAMPLE NOTICE CAN BE FOUND AT WWW.NYC.GOV/HPD. AT PUBLIC HALL, 1st STORY",2024-12-12,19.0,VIOLATION CLOSED,2025-04-06,Original,Close,N,2024,2024.0,2025-10-06,115.0,2022-12-28
7750,LINDEN,BROOKLYN,1586,2021-12-28,300 WORTMAN AVENUE,300.0,WORTMAN AVENUE,300 WORTMAN AVENUE,18260986,809928,389880.0,3,300,300,300,WORTMAN AVENUE,C,2025-09-26,2025-09-29,10/19/2025,10/14/2025,,,,530.0,10013749.0,"§ 27-2005, 27-2007, 27-2041.1 HMC, §238, § 309; § 107 (2) ( C) MDL AND 28 RCNY §25-171: REPLACE OR REPAIR THE SELF-CLOSING DOORS THAT IS MISSING OR DEFECTIVE LATCH, AT BUILDING ENTRANCE",2025-09-30,2.0,NOV SENT OUT,2025-09-30,Original,Open,N,2025,2025.0,2025-10-06,6.0,2022-12-28
7751,LINDEN,BROOKLYN,1586,2021-12-28,300 WORTMAN AVENUE,300.0,WORTMAN AVENUE,300 WORTMAN AVENUE,17816503,809928,389880.0,3,300,300,300,WORTMAN AVENUE,A,2025-04-05,2025-04-07,07/26/2025,07/12/2025,,,,556.0,9705641.0,"§ 27-2013 ADM CODE PAINT WITH LIGHT COLORED PAINT TO THE SATISFACTION OF THIS DEPARTMENT ALL WALLS AND CEILINGS IN THE ENTIRE APARTMENT LOCATED AT APT 8A, 8th STORY, 4th APARTMENT FROM NORTH AT EAST",2025-04-08,11.0,VIOLATION WILL BE REINSPECTED,2025-10-01,Original,Open,N,2025,2025.0,2025-10-06,181.0,2022-12-28
7752,LINDEN,BROOKLYN,1586,2021-12-28,300 WORTMAN AVENUE,300.0,WORTMAN AVENUE,300 WORTMAN AVENUE,17878606,809928,389880.0,3,300,300,300,WORTMAN AVENUE,A,2025-05-07,2025-05-07,08/25/2025,08/11/2025,,,05/16/2025,484.0,9748392.0,"§ 329, M/D LAW AND DEPT. RULES AND REGS. PROVIDE A COMPLETED CERTIFICATE OF INSPECTION VISITS IN A PROPER FRAME AT OR NEAR MAILBOXES, BOTTOM EDGE OF FRAME BETWEEN 48-62 INCHES ABOVE FLOOR MISSING AT PUBLIC HALL, 1st STORY",2025-05-08,19.0,VIOLATION CLOSED,2025-07-01,Original,Close,N,2025,2025.0,2025-10-06,54.0,2022-12-28
7753,LINDEN,BROOKLYN,1586,2021-12-28,300 WORTMAN AVENUE,300.0,WORTMAN AVENUE,300 WORTMAN AVENUE,15364535,809928,389880.0,3,300,300,300,WORTMAN AVENUE,C,2022-09-13,2022-09-14,10/16/2022,10/11/2022,,,,569.0,8038887.0,"HMC ADM CODE: § 27-2017.4 ABATE THE INFESTATION CONSISTING OF MICE IN THE ENTIRE APARTMENT LOCATED AT APT F, 4th STORY, 2nd APARTMENT FROM SOUTH AT WEST",2022-09-15,19.0,VIOLATION CLOSED,2024-10-17,Original,Close,N,2022,2022.0,2025-10-06,763.0,2022-12-28
7754,LINDEN,BROOKLYN,1586,2021-12-28,295 COZINE AVENUE,295.0,COZINE AVENUE,295 COZINE AVENUE,18205744,808027,389882.0,3,295,295,295,COZINE AVENUE,B,2025-09-04,2025-09-04,10/24/2025,10/10/2025,,,,579.0,9980686.0,"§ 27-2026 ADM CODE REPAIR THE LEAKY AND/OR DEFECTIVE FAUCETS AT BATHTUB IN THE BATHROOM LOCATED AT APT 7C, 7th STORY, 1st APARTMENT FROM SOUTH AT WEST",2025-09-05,19.0,VIOLATION CLOSED,2025-09-29,Original,Close,N,2025,2025.0,2025-10-06,24.0,2022-12-28
7755,LINDEN,BROOKLYN,1586,2021-12-28,295 COZINE AVENUE,295.0,COZINE AVENUE,295 COZINE AVENUE,15702788,808027,389882.0,3,295,295,295,COZINE AVENUE,B,2023-02-05,2023-02-05,03/27/2023,03/13/2023,,,,505.0,8280621.0,"§ 27-2005 ADM CODE REPLACE WITH NEW THE BROKEN OR DEFECTIVE WALL CABINET AT EAST WALL IN THE KITCHEN LOCATED AT APT 4E, 4th STORY, 3rd APARTMENT FROM WEST AT NORTH",2023-02-06,19.0,VIOLATION CLOSED,2024-06-18,Original,Close,N,2023,2023.0,2025-10-06,498.0,2022-12-28
7756,LINDEN,BROOKLYN,1586,2021-12-28,295 COZINE AVENUE,295.0,COZINE AVENUE,295 COZINE AVENUE,15702789,808027,389882.0,3,295,295,295,COZINE AVENUE,B,2023-02-05,2023-02-05,03/27/2023,03/13/2023,,,,505.0,8280621.0,"§ 27-2005 ADM CODE REPLACE WITH NEW THE BROKEN OR DEFECTIVE BASE CABINET AT SINK IN THE KITCHEN LOCATED AT APT 4E, 4th STORY, 3rd APARTMENT FROM WEST AT NORTH",2023-02-06,19.0,VIOLATION CLOSED,2024-06-18,Original,Close,N,2023,2023.0,2025-10-06,498.0,2022-12-28
7757,LINDEN,BROOKLYN,1586,2021-12-28,295 COZINE AVENUE,295.0,COZINE AVENUE,295 COZINE AVENUE,17683669,808027,389882.0,3,295,295,295,COZINE AVENUE,A,2025-02-05,2025-02-10,05/31/2025,05/17/2025,,,05/13/2025,484.0,9623050.0,"§ 329, M/D LAW AND DEPT. RULES AND REGS. PROVIDE A COMPLETED CERTIFICATE OF INSPECTION VISITS IN A PROPER FRAME AT OR NEAR MAILBOXES, BOTTOM EDGE OF FRAME BETWEEN 48-62 INCHES ABOVE FLOOR MISSING AT PUBLIC HALL, 1st STORY",2025-02-11,19.0,VIOLATION CLOSED,2025-07-01,Original,Close,N,2025,2025.0,2025-10-06,140.0,2022-12-28
7758,LINDEN,BROOKLYN,1586,2021-12-28,295 COZINE AVENUE,295.0,COZINE AVENUE,295 COZINE AVENUE,16524784,808027,389882.0,3,295,295,295,COZINE AVENUE,B,2023-12-15,2023-12-15,02/05/2024,01/22/2024,,,,550.0,8852251.0,"§ 27-2017.3 HMC: TRACE AND REPAIR THE SOURCE AND ABATE THE VISIBLE MOLD CONDITION... 10 SQ/FT AT THE CEILING IN THE 3rd ROOM FROM NORTH LOCATED AT APT 7C, 7th STORY, 1st APARTMENT FROM SOUTH AT WEST",2023-12-18,19.0,VIOLATION CLOSED,2024-06-04,Original,Close,N,2023,2023.0,2025-10-06,169.0,2022-12-28
7759,LINDEN,BROOKLYN,1586,2021-12-28,295 COZINE AVENUE,295.0,COZINE AVENUE,295 COZINE AVENUE,15702786,808027,389882.0,3,295,295,295,COZINE AVENUE,C,2023-02-05,2023-02-05,02/19/2023,02/12/2023,,,,583.0,8280622.0,"§ 27-2026, 2027 HMC: PROPERLY REPAIR THE SOURCE AND ABATE THE EVIDENCE OF A WATER LEAK AT CEILING AND EAST WALL IN THE KITCHEN LOCATED AT APT 4E, 4th STORY, 3rd APARTMENT FROM WEST AT NORTH",2023-02-06,19.0,VIOLATION CLOSED,2023-03-02,Original,Close,N,2023,2023.0,2025-10-06,24.0,2022-12-28
7760,LINDEN,BROOKLYN,1586,2021-12-28,295 COZINE AVENUE,295.0,COZINE AVENUE,295 COZINE AVENUE,15702787,808027,389882.0,3,295,295,295,COZINE AVENUE,B,2023-02-05,2023-02-05,03/27/2023,03/13/2023,,,,598.0,8280621.0,"§ 27-2026 ADM CODE REPAIR THE BROKEN OR DEFECTIVE CONNECTION WASTE PIPE AT SINK IN THE KITCHEN LOCATED AT APT 4E, 4th STORY, 3rd APARTMENT FROM WEST AT NORTH",2023-02-06,19.0,VIOLATION CLOSED,2024-06-18,Original,Close,N,2023,2023.0,2025-10-06,498.0,2022-12-28
7761,LINDEN,BROOKLYN,1586,2021-12-28,295 COZINE AVENUE,295.0,COZINE AVENUE,295 COZINE AVENUE,15702790,808027,389882.0,3,295,295,295,COZINE AVENUE,A,2023-02-05,2023-02-05,05/26/2023,05/12/2023,,,,556.0,8280620.0,"§ 27-2013 ADM CODE PAINT WITH LIGHT COLORED PAINT TO THE SATISFACTION OF THIS DEPARTMENT ALL WALLS AND CEILING THROUGHOUT IN THE ENTIRE APARTMENT LOCATED AT APT 4E, 4th STORY, 3rd APARTMENT FROM WEST AT NORTH",2023-02-06,19.0,VIOLATION CLOSED,2024-06-18,Original,Close,N,2023,2023.0,2025-10-06,498.0,2022-12-28
7762,LINDEN,BROOKLYN,1586,2021-12-28,295 COZINE AVENUE,295.0,COZINE AVENUE,295 COZINE AVENUE,15702791,808027,389882.0,3,295,295,295,COZINE AVENUE,A,2023-02-05,2023-02-05,05/26/2023,05/12/2023,,,05/25/2023,554.0,8280620.0,"§ 27-2005 ADM CODE PAINT METAL IN ACCORDANCE WITH DEPT. REGULATION THE 1ST DOOR AND DOOR FRAME FROM EAST AT SOUTH IN THE FOYER LOCATED AT APT 4E, 4th STORY, 3rd APARTMENT FROM WEST AT NORTH",2023-02-06,9.0,VIOLATION DISMISSED,2023-08-07,Original,Close,N,2023,2023.0,2025-10-06,182.0,2022-12-28
7763,LINDEN,BROOKLYN,1586,2021-12-28,295 COZINE AVENUE,295.0,COZINE AVENUE,295 COZINE AVENUE,15881681,808027,389882.0,3,295,295,295,COZINE AVENUE,A,2023-03-29,2023-03-29,07/16/2023,07/02/2023,,,,1507.0,8416916.0,"(A) § HMC:FILE ANNUAL BEDBUG REPORT IN ACCORDANCE WITH HPD RULE AS DESCRIBED ON THE BACK OF THIS NOTICE OF VIOLATION OR AS DESCRIBED ON HPDS WEBSITE, WWW.NYC.GOV\HPD, SEARCH BED BUGS.",2023-03-29,9.0,VIOLATION DISMISSED,2023-04-28,Original,Close,N,2023,2023.0,2025-10-06,30.0,2022-12-28
7764,LINDEN,BROOKLYN,1586,2021-12-28,295 COZINE AVENUE,295.0,COZINE AVENUE,295 COZINE AVENUE,16524785,808027,389882.0,3,295,295,295,COZINE AVENUE,B,2023-12-15,2023-12-15,02/05/2024,01/22/2024,,,02/01/2024,649.0,8852250.0,"§ 27-2026 ADM CODE REMOVE ALL OBSTRUCTIONS AND REPAIR ALL DEFECTS IN THE WASTE LINE AT THE BATHTUB IN THE BATHROOM LOCATED AT APT 7C, 7th STORY, 1st APARTMENT FROM SOUTH AT WEST",2023-12-18,9.0,VIOLATION DISMISSED,2024-04-15,Original,Close,Y,2023,2023.0,2025-10-06,119.0,2022-12-28
7765,LINDEN,BROOKLYN,1586,2021-12-28,295 COZINE AVENUE,295.0,COZINE AVENUE,295 COZINE AVENUE,17025344,808027,389882.0,3,295,295,295,COZINE AVENUE,C,2023-12-15,2024-06-04,07/05/2024,06/30/2024,,,,550.0,9188906.0,"§ 27-2017.3 HMC: TRACE AND REPAIR THE SOURCE AND ABATE THE VISIBLE MOLD CONDITION... 10 SQ/FT AT THE CEILING IN THE 3rd ROOM FROM NORTH LOCATED AT APT 7C, 7th STORY, 1st APARTMENT FROM SOUTH AT WEST ORIGINAL VIOLATION 16524784 ISSUED 15-DEC-23 HAS BEEN UPGRADED TO CLASS C PER ADMINISTRATIVE CODE §27-2017.3a(5)(a) or (b).",2024-06-04,19.0,VIOLATION CLOSED,2024-08-19,Original,Close,N,2023,2024.0,2025-10-06,76.0,2022-12-28
7766,LINDEN,BROOKLYN,1586,2021-12-28,295 COZINE AVENUE,295.0,COZINE AVENUE,295 COZINE AVENUE,17541274,808027,389882.0,3,295,295,295,COZINE AVENUE,C,2024-12-03,2024-12-11,12/31/2024,12/26/2024,,,12/26/2024,530.0,9533713.0,"§ 27-2005, 27-2007, 27-2041.1 HMC, §238, § 309; § 107 (2) ( C) MDL AND 28 RCNY §25-171: REPLACE OR REPAIR THE SELF-CLOSING DOORS THAT IS MISSING OR DEFECTIVE METAL SADDLE AT BUILDING ENTRANCE",2024-12-12,19.0,VIOLATION CLOSED,2025-03-14,Original,Close,N,2024,2024.0,2025-10-06,92.0,2022-12-28
7767,LINDEN,BROOKLYN,1586,2021-12-28,295 COZINE AVENUE,295.0,COZINE AVENUE,295 COZINE AVENUE,16524786,808027,389882.0,3,295,295,295,COZINE AVENUE,C,2023-12-15,2023-12-15,01/18/2024,01/13/2024,,,,568.0,8852252.0,"HMC ADM CODE: § 27-2017.4 ABATE THE INFESTATION CONSISTING OF ROACHES IN THE ENTIRE APARTMENT LOCATED AT APT 7C, 7th STORY, 1st APARTMENT FROM SOUTH AT WEST",2023-12-18,19.0,VIOLATION CLOSED,2025-07-14,Original,Close,N,2023,2023.0,2025-10-06,574.0,2022-12-28
7768,LINDEN,BROOKLYN,1586,2021-12-28,295 COZINE AVENUE,295.0,COZINE AVENUE,295 COZINE AVENUE,17541267,808027,389882.0,3,295,295,295,COZINE AVENUE,B,2024-12-03,2024-12-11,01/30/2025,01/16/2025,,,01/30/2025,649.0,9533712.0,"§ 27-2026 ADM CODE REMOVE ALL OBSTRUCTIONS AND REPAIR ALL DEFECTS IN WASTELINE AT BATHTUB IN THE BATHROOM LOCATED AT APT 7C, 7th STORY, 1st APARTMENT FROM EAST AT SOUTH",2024-12-12,9.0,VIOLATION DISMISSED,2025-04-14,Original,Close,Y,2024,2024.0,2025-10-06,123.0,2022-12-28
7769,LINDEN,BROOKLYN,1586,2021-12-28,295 COZINE AVENUE,295.0,COZINE AVENUE,295 COZINE AVENUE,17541270,808027,389882.0,3,295,295,295,COZINE AVENUE,B,2024-12-03,2024-12-11,01/30/2025,01/16/2025,,,01/30/2025,501.0,9533712.0,"§ 27-2005 HMC: PROPERLY REPAIR OR REPLACE THE BROKEN OR DEFECTIVE LOCK AND ASSEMBLY IN THE ENTRANCE LOCATED AT APT 7C, 7th STORY, 1st APARTMENT FROM EAST AT SOUTH",2024-12-12,9.0,VIOLATION DISMISSED,2025-04-14,Original,Close,N,2024,2024.0,2025-10-06,123.0,2022-12-28
7770,LINDEN,BROOKLYN,1586,2021-12-28,295 COZINE AVENUE,295.0,COZINE AVENUE,295 COZINE AVENUE,17440862,808027,389882.0,3,295,295,295,COZINE AVENUE,C,2024-11-24,2024-11-24,12/14/2024,12/09/2024,,,12/13/2024,530.0,9450450.0,"§ 27-2005, 27-2007, 27-2041.1 HMC, §238, § 309; § 107 (2) ( C) MDL AND 28 RCNY §25-171: REPLACE OR REPAIR THE SELF-CLOSING DOORS THAT IS MISSING OR DEFECTIVE HINGES AT HOPPER DOOR AT PUBLIC HALL, 6th STORY",2024-11-25,19.0,VIOLATION CLOSED,2025-03-14,Original,Close,N,2024,2024.0,2025-10-06,109.0,2022-12-28
7771,LINDEN,BROOKLYN,1586,2021-12-28,295 COZINE AVENUE,295.0,COZINE AVENUE,295 COZINE AVENUE,17683683,808027,389882.0,3,295,295,295,COZINE AVENUE,C,2025-02-05,2025-02-10,02/24/2025,02/17/2025,,,02/21/2025,501.0,9623051.0,§ 27-2005 HMC: PROPERLY REPAIR OR REPLACE THE BROKEN OR DEFECTIVE LOCK SET AT BUILDING ENTRANCE DOOR,2025-02-11,19.0,VIOLATION CLOSED,2025-06-23,Original,Close,N,2025,2025.0,2025-10-06,132.0,2022-12-28
7772,LINDEN,BROOKLYN,1586,2021-12-28,295 COZINE AVENUE,295.0,COZINE AVENUE,295 COZINE AVENUE,17597257,808027,389882.0,3,295,295,295,COZINE AVENUE,C,2024-12-31,2025-01-04,01/25/2025,01/20/2025,,,01/24/2025,530.0,9566197.0,"§ 27-2005, 27-2007, 27-2041.1 HMC, §238, § 309; § 107 (2) ( C) MDL AND 28 RCNY §25-171: REPLACE OR REPAIR THE SELF-CLOSING DOORS THAT IS MISSING OR DEFECTIVE HINGES AT DOOR LEADING TO STAIRCASE 1 AT PUBLIC HALL, 1st STORY",2025-01-06,19.0,VIOLATION CLOSED,2025-03-14,Original,Close,N,2024,2025.0,2025-10-06,67.0,2022-12-28
7773,LINDEN,BROOKLYN,1586,2021-12-28,295 COZINE AVENUE,295.0,COZINE AVENUE,295 COZINE AVENUE,15007548,808027,389882.0,3,295,295,295,COZINE AVENUE,A,2022-03-08,2022-03-08,06/25/2022,06/11/2022,,,,1507.0,7794091.0,"(A) § HMC:FILE ANNUAL BEDBUG REPORT IN ACCORDANCE WITH HPD RULE AS DESCRIBED ON THE BACK OF THIS NOTICE OF VIOLATION OR AS DESCRIBED ON HPDS WEBSITE, WWW.NYC.GOV\HPD, SEARCH BED BUGS.",2022-03-08,9.0,VIOLATION DISMISSED,2023-04-28,Original,Close,N,2022,2022.0,2025-10-06,416.0,2022-12-28
7774,LINDEN,BROOKLYN,1586,2021-12-28,295 COZINE AVENUE,295.0,COZINE AVENUE,295 COZINE AVENUE,18205745,808027,389882.0,3,295,295,295,COZINE AVENUE,B,2025-09-04,2025-09-04,10/24/2025,10/10/2025,,,,598.0,9980686.0,"§ 27-2026 ADM CODE REPAIR THE BROKEN OR DEFECTIVE CONNECTION WASTE LINE AT WASH BASIN IN THE BATHROOM LOCATED AT APT 7C, 7th STORY, 1st APARTMENT FROM SOUTH AT WEST",2025-09-05,19.0,VIOLATION CLOSED,2025-09-29,Original,Close,N,2025,2025.0,2025-10-06,24.0,2022-12-28
7775,LINDEN,BROOKLYN,1586,2021-12-28,295 COZINE AVENUE,295.0,COZINE AVENUE,295 COZINE AVENUE,18085037,808027,389882.0,3,295,295,295,COZINE AVENUE,C,2025-07-13,2025-07-13,07/27/2025,07/20/2025,,,07/22/2025,649.0,9907318.0,"§ 27-2026 ADM CODE REMOVE ALL OBSTRUCTIONS AND REPAIR ALL DEFECTS IN AT WASH BASIN IN THE BATHROOM LOCATED AT APT 7C, 7th STORY, 1st APARTMENT FROM SOUTH AT WEST",2025-07-14,19.0,VIOLATION CLOSED,2025-09-29,Original,Close,Y,2025,2025.0,2025-10-06,77.0,2022-12-28
7776,LINDEN,BROOKLYN,1586,2021-12-28,295 COZINE AVENUE,295.0,COZINE AVENUE,295 COZINE AVENUE,18085038,808027,389882.0,3,295,295,295,COZINE AVENUE,C,2025-07-13,2025-07-13,07/27/2025,07/20/2025,,,07/22/2025,649.0,9907318.0,"§ 27-2026 ADM CODE REMOVE ALL OBSTRUCTIONS AND REPAIR ALL DEFECTS IN AT BATHTUB IN THE BATHROOM LOCATED AT APT 7C, 7th STORY, 1st APARTMENT FROM SOUTH AT WEST",2025-07-14,19.0,VIOLATION CLOSED,2025-09-29,Original,Close,Y,2025,2025.0,2025-10-06,77.0,2022-12-28
7777,LINDEN,BROOKLYN,1586,2021-12-28,295 COZINE AVENUE,295.0,COZINE AVENUE,295 COZINE AVENUE,18085039,808027,389882.0,3,295,295,295,COZINE AVENUE,B,2025-07-13,2025-07-13,09/01/2025,08/18/2025,,,07/22/2025,578.0,9907317.0,"§ 27-2026 ADM CODE REPAIR THE LEAKY AND/OR DEFECTIVE WATER SUPPLY PIPE AT WATER CLOSET IN THE BATHROOM LOCATED AT APT 7C, 7th STORY, 1st APARTMENT FROM SOUTH AT WEST",2025-07-14,19.0,VIOLATION CLOSED,2025-09-29,Original,Close,Y,2025,2025.0,2025-10-06,77.0,2022-12-28
7778,LINDEN,BROOKLYN,1586,2021-12-28,295 COZINE AVENUE,295.0,COZINE AVENUE,295 COZINE AVENUE,18205746,808027,389882.0,3,295,295,295,COZINE AVENUE,B,2025-09-04,2025-09-04,10/24/2025,10/10/2025,,,09/19/2025,550.0,9980687.0,"§ 27-2017.3 HMC: TRACE AND REPAIR THE SOURCE AND ABATE THE VISIBLE MOLD CONDITION... GREATER THAN 10 SQ/FT AT THE CEILING IN THE 5th ROOM FROM NORTH AT WEST LOCATED AT APT 7C, 7th STORY, 1st APARTMENT FROM SOUTH AT WEST",2025-09-05,19.0,VIOLATION CLOSED,2025-09-29,Original,Close,N,2025,2025.0,2025-10-06,24.0,2022-12-28
7779,LINDEN,BROOKLYN,1586,2021-12-28,295 COZINE AVENUE,295.0,COZINE AVENUE,295 COZINE AVENUE,18205747,808027,389882.0,3,295,295,295,COZINE AVENUE,A,2025-09-04,2025-09-04,12/23/2025,12/09/2025,,,09/19/2025,550.0,9980685.0,"§ 27-2017.3 HMC: TRACE AND REPAIR THE SOURCE AND ABATE THE VISIBLE MOLD CONDITION... LESS THAN 10 SQ/ FT AT THE CEILING IN THE 3rd ROOM FROM NORTH LOCATED AT APT 7C, 7th STORY, 1st APARTMENT FROM SOUTH AT WEST",2025-09-05,19.0,VIOLATION CLOSED,2025-09-29,Original,Close,N,2025,2025.0,2025-10-06,24.0,2022-12-28
7780,LINDEN,BROOKLYN,1586,2021-12-28,285 COZINE AVENUE,285.0,COZINE AVENUE,285 COZINE AVENUE,18091840,808026,389828.0,3,285,285,285,COZINE AVENUE,B,2025-07-11,2025-07-13,09/01/2025,08/18/2025,,,07/29/2025,529.0,9907315.0,"§ 27-2005 HMC: REFIT THE BUILDING ENTRANCE DOOR AT PUBLIC HALL, 1st STORY",2025-07-14,19.0,VIOLATION CLOSED,2025-09-23,Original,Close,N,2025,2025.0,2025-10-06,71.0,2022-12-28
7781,LINDEN,BROOKLYN,1586,2021-12-28,285 COZINE AVENUE,285.0,COZINE AVENUE,285 COZINE AVENUE,18050209,808026,389828.0,3,285,285,285,COZINE AVENUE,C,2025-06-25,2025-06-25,07/28/2025,07/23/2025,,,,550.0,9886428.0,"§ 27-2017.3 HMC: TRACE AND REPAIR THE SOURCE AND ABATE THE VISIBLE MOLD CONDITION... MORE THAN 30 SQ FT AT CEILING AND EAST WALL IN THE BATHROOM LOCATED AT APT 6G, 6th STORY, 1st APARTMENT FROM NORTH AT EAST",2025-06-27,21.0,NOT COMPLIED WITH,2025-09-23,Original,Open,N,2025,2025.0,2025-10-06,101.0,2022-12-28
7783,LINDEN,BROOKLYN,1586,2021-12-28,285 COZINE AVENUE,285.0,COZINE AVENUE,285 COZINE AVENUE,16372774,808026,389828.0,3,285,285,285,COZINE AVENUE,C,2023-11-10,2023-11-10,11/26/2023,11/19/2023,,,11/24/2023,649.0,8727064.0,"§ 27-2026 ADM CODE REMOVE ALL OBSTRUCTIONS AND REPAIR ALL DEFECTS IN AT WASH BASIN IN THE BATHROOM LOCATED AT APT 6G, 6th STORY, 1st APARTMENT FROM SOUTH AT WEST",2023-11-13,9.0,VIOLATION DISMISSED,2024-02-05,Original,Close,Y,2023,2023.0,2025-10-06,84.0,2022-12-28
7784,LINDEN,BROOKLYN,1586,2021-12-28,285 COZINE AVENUE,285.0,COZINE AVENUE,285 COZINE AVENUE,17452214,808026,389828.0,3,285,285,285,COZINE AVENUE,B,2024-07-24,2024-11-23,01/13/2025,12/30/2024,,,,550.0,9450449.0,"§ 27-2017.3 HMC: TRACE AND REPAIR THE SOURCE AND ABATE THE VISIBLE MOLD CONDITION... LESS THAN 10 SQ FT AT CEILING IN THE BATHROOM LOCATED AT APT 1A, 1st STORY, 3rd APARTMENT FROM SOUTH AT WEST ORIGINAL VIOLATION 17139519 ISSUED 24-JUL-24 HAS BEEN UPGRADED TO CLASS B PER ADMINISTRATIVE CODE §27-2017.3a(3)(a) or (b).",2024-11-25,22.0,FIRST NO ACCESS TO RE- INSPECT VIOLATION,2025-09-29,Original,Open,N,2024,2024.0,2025-10-06,315.0,2022-12-28
7785,LINDEN,BROOKLYN,1586,2021-12-28,285 COZINE AVENUE,285.0,COZINE AVENUE,285 COZINE AVENUE,17552441,808026,389828.0,3,285,285,285,COZINE AVENUE,B,2024-12-13,2024-12-13,02/03/2025,01/20/2025,,,,550.0,9538552.0,"§ 27-2017.3 HMC: TRACE AND REPAIR THE SOURCE AND ABATE THE VISIBLE MOLD CONDITION... GREATER THAN 10 SQ/FT AT THE CEILING IN THE 4th ROOM FROM NORTH AT EAST LOCATED AT APT 2F, 2nd STORY, 4th APARTMENT FROM NORTH AT EAST",2024-12-16,20.0,DEFECT LETTER ISSUED,2025-09-23,Original,Open,N,2024,2024.0,2025-10-06,294.0,2022-12-28
7786,LINDEN,BROOKLYN,1586,2021-12-28,285 COZINE AVENUE,285.0,COZINE AVENUE,285 COZINE AVENUE,17540981,808026,389828.0,3,285,285,285,COZINE AVENUE,C,2024-12-05,2024-12-06,12/22/2024,12/15/2024,,,,508.0,9527929.0,"§ 27-2005 ADM CODE REPAIR THE BROKEN OR DEFECTIVE PLASTERED SURFACES AND PAINT IN A UNIFORM COLOR AT CEILING IN THE 1st ROOM FROM NORTH LOCATED AT APT 1A, 1st STORY, 3rd APARTMENT FROM SOUTH AT WEST",2024-12-09,19.0,VIOLATION CLOSED,2025-03-14,Original,Close,N,2024,2024.0,2025-10-06,95.0,2022-12-28
7787,LINDEN,BROOKLYN,1586,2021-12-28,285 COZINE AVENUE,285.0,COZINE AVENUE,285 COZINE AVENUE,17540983,808026,389828.0,3,285,285,285,COZINE AVENUE,B,2024-12-05,2024-12-06,01/27/2025,01/13/2025,,,01/24/2025,522.0,9527928.0,"§ 27-2005, 2007 ADM CODE FIRE EGRESS DEFECTIVE. REMOVE OBSTRUCTING BARS OR UNLAWFUL GATES FROM AT LEAST 1 WINDOW OR PROVIDE APPROVED TYPE GATE IN THE ENTIRE APARTMENT LOCATED AT APT 1A, 1st STORY, 3rd APARTMENT FROM SOUTH AT WEST",2024-12-09,9.0,VIOLATION DISMISSED,2025-04-07,Original,Close,N,2024,2024.0,2025-10-06,119.0,2022-12-28
7788,LINDEN,BROOKLYN,1586,2021-12-28,285 COZINE AVENUE,285.0,COZINE AVENUE,285 COZINE AVENUE,17552443,808026,389828.0,3,285,285,285,COZINE AVENUE,A,2024-12-13,2024-12-13,04/04/2025,03/21/2025,,,02/21/2025,508.0,9538550.0,"§ 27-2005 ADM CODE REPAIR THE BROKEN OR DEFECTIVE PLASTERED SURFACES AND PAINT IN A UNIFORM COLOR THE CEILING IN THE BATHROOM LOCATED AT APT 2F, 2nd STORY, 4th APARTMENT FROM NORTH AT EAST",2024-12-16,19.0,VIOLATION CLOSED,2025-07-02,Original,Close,N,2024,2024.0,2025-10-06,198.0,2022-12-28
7789,LINDEN,BROOKLYN,1586,2021-12-28,285 COZINE AVENUE,285.0,COZINE AVENUE,285 COZINE AVENUE,17552447,808026,389828.0,3,285,285,285,COZINE AVENUE,A,2024-12-13,2024-12-13,04/04/2025,03/21/2025,,,02/21/2025,1501.0,9538549.0,"§ 27-2046.1 HMC: POST A PROPER NOTICE OF CARBON MONOXIDE DETECTING DEVICE REQUIREMENTS, IN A FORM APPROVED BY THE COMMISSIONER, IN A COMMON AREA OF A CLASS A MULTIPLE DWELLING NEAR INSPECTION CERTIFICATE OR PROVIDE NOTICE TO TENANTS IN A PRIVATE DWELLING.",2024-12-16,19.0,VIOLATION CLOSED,2025-07-02,Original,Close,N,2024,2024.0,2025-10-06,198.0,2022-12-28
7790,LINDEN,BROOKLYN,1586,2021-12-28,285 COZINE AVENUE,285.0,COZINE AVENUE,285 COZINE AVENUE,17552448,808026,389828.0,3,285,285,285,COZINE AVENUE,A,2024-12-13,2024-12-13,04/04/2025,03/21/2025,,,03/25/2025,778.0,9538549.0,"§ 27-2104 ADM CODE POST AND MAINTAIN A PROPER SIGN ON WALL OF ENTRANCE STORY SHOWING THE REGISTRATION NUMBER ASSIGNED BY THE DEPARTMENT AND THE ADDRESS OF THE BUILDING. AT PUBLIC HALL, 1st STORY",2024-12-16,19.0,VIOLATION CLOSED,2025-07-02,Original,Close,N,2024,2024.0,2025-10-06,198.0,2022-12-28
7791,LINDEN,BROOKLYN,1586,2021-12-28,285 COZINE AVENUE,285.0,COZINE AVENUE,285 COZINE AVENUE,15007547,808026,389828.0,3,285,285,285,COZINE AVENUE,A,2022-03-08,2022-03-08,06/25/2022,06/11/2022,,,,1507.0,7794090.0,"(A) § HMC:FILE ANNUAL BEDBUG REPORT IN ACCORDANCE WITH HPD RULE AS DESCRIBED ON THE BACK OF THIS NOTICE OF VIOLATION OR AS DESCRIBED ON HPDS WEBSITE, WWW.NYC.GOV\HPD, SEARCH BED BUGS.",2022-03-08,9.0,VIOLATION DISMISSED,2023-04-28,Original,Close,N,2022,2022.0,2025-10-06,416.0,2022-12-28
7792,LINDEN,BROOKLYN,1586,2021-12-28,285 COZINE AVENUE,285.0,COZINE AVENUE,285 COZINE AVENUE,15881680,808026,389828.0,3,285,285,285,COZINE AVENUE,A,2023-03-29,2023-03-29,07/16/2023,07/02/2023,,,,1507.0,8416915.0,"(A) § HMC:FILE ANNUAL BEDBUG REPORT IN ACCORDANCE WITH HPD RULE AS DESCRIBED ON THE BACK OF THIS NOTICE OF VIOLATION OR AS DESCRIBED ON HPDS WEBSITE, WWW.NYC.GOV\HPD, SEARCH BED BUGS.",2023-03-29,9.0,VIOLATION DISMISSED,2023-04-28,Original,Close,N,2023,2023.0,2025-10-06,30.0,2022-12-28
7793,LINDEN,BROOKLYN,1586,2021-12-28,285 COZINE AVENUE,285.0,COZINE AVENUE,285 COZINE AVENUE,17139519,808026,389828.0,3,285,285,285,COZINE AVENUE,A,2024-07-24,2024-07-25,11/12/2024,10/29/2024,,,,550.0,9262065.0,"§ 27-2017.3 HMC: TRACE AND REPAIR THE SOURCE AND ABATE THE VISIBLE MOLD CONDITION... LESS THAN 10 SQ FT AT CEILING IN THE BATHROOM LOCATED AT APT 1A, 1st STORY, 3rd APARTMENT FROM SOUTH AT WEST",2024-07-26,19.0,VIOLATION CLOSED,2024-11-23,Original,Close,N,2024,2024.0,2025-10-06,120.0,2022-12-28
7794,LINDEN,BROOKLYN,1586,2021-12-28,285 COZINE AVENUE,285.0,COZINE AVENUE,285 COZINE AVENUE,17139521,808026,389828.0,3,285,285,285,COZINE AVENUE,A,2024-07-24,2024-07-25,11/12/2024,10/29/2024,,,,556.0,9262064.0,"§ 27-2013 ADM CODE PAINT WITH LIGHT COLORED PAINT TO THE SATISFACTION OF THIS DEPARTMENT THE CEILING IN THE 1st ROOM FROM NORTH LOCATED AT APT 1A, 1st STORY, 3rd APARTMENT FROM SOUTH AT WEST",2024-07-26,19.0,VIOLATION CLOSED,2025-05-06,Original,Close,N,2024,2024.0,2025-10-06,284.0,2022-12-28
7795,LINDEN,BROOKLYN,1586,2021-12-28,285 COZINE AVENUE,285.0,COZINE AVENUE,285 COZINE AVENUE,17139522,808026,389828.0,3,285,285,285,COZINE AVENUE,C,2024-07-24,2024-07-25,08/26/2024,08/21/2024,,,,568.0,9262066.0,"HMC ADM CODE: § 27-2017.4 ABATE THE INFESTATION CONSISTING OF ROACHES IN THE ENTIRE APARTMENT LOCATED AT APT 1A, 1st STORY, 3rd APARTMENT FROM SOUTH AT WEST",2024-07-26,19.0,VIOLATION CLOSED,2025-06-30,Original,Close,N,2024,2024.0,2025-10-06,339.0,2022-12-28
7796,LINDEN,BROOKLYN,1586,2021-12-28,285 COZINE AVENUE,285.0,COZINE AVENUE,285 COZINE AVENUE,17139523,808026,389828.0,3,285,285,285,COZINE AVENUE,C,2024-07-24,2024-07-25,08/26/2024,08/21/2024,,,,569.0,9262066.0,"HMC ADM CODE: § 27-2017.4 ABATE THE INFESTATION CONSISTING OF MICE IN THE ENTIRE APARTMENT LOCATED AT APT 1A, 1st STORY, 3rd APARTMENT FROM SOUTH AT WEST",2024-07-26,19.0,VIOLATION CLOSED,2025-06-30,Original,Close,N,2024,2024.0,2025-10-06,339.0,2022-12-28
7797,LINDEN,BROOKLYN,1586,2021-12-28,285 COZINE AVENUE,285.0,COZINE AVENUE,285 COZINE AVENUE,17412880,808026,389828.0,3,285,285,285,COZINE AVENUE,A,2024-11-12,2024-11-12,03/02/2025,02/16/2025,,,02/14/2025,500.0,9425191.0,"§ 26-1103 ADMIN. CODE: POST AND MAINTAIN A PROPER NOTICE ON WALL OF THE ENTRANCE STORY IN ENGLISH AND SPANISH ON THE AVAILABILITY OF THE AGENCYS HOUSING INFORMATION GUIDE. A SAMPLE NOTICE CAN BE FOUND AT WWW.NYC.GOV/HPD. AT PUBLIC HALL, 1st STORY",2024-11-13,9.0,VIOLATION DISMISSED,2025-04-28,Original,Close,N,2024,2024.0,2025-10-06,166.0,2022-12-28
7798,LINDEN,BROOKLYN,1586,2021-12-28,285 COZINE AVENUE,285.0,COZINE AVENUE,285 COZINE AVENUE,17552444,808026,389828.0,3,285,285,285,COZINE AVENUE,A,2024-12-13,2024-12-13,04/04/2025,03/21/2025,,,02/21/2025,500.0,9538549.0,"§ 26-1103 ADMIN. CODE: POST AND MAINTAIN A PROPER NOTICE ON WALL OF THE ENTRANCE STORY IN ENGLISH AND SPANISH ON THE AVAILABILITY OF THE AGENCYS HOUSING INFORMATION GUIDE. A SAMPLE NOTICE CAN BE FOUND AT WWW.NYC.GOV/HPD. AT PUBLIC HALL, 1st STORY",2024-12-16,19.0,VIOLATION CLOSED,2025-07-02,Original,Close,N,2024,2024.0,2025-10-06,198.0,2022-12-28
7799,LINDEN,BROOKLYN,1586,2021-12-28,285 COZINE AVENUE,285.0,COZINE AVENUE,285 COZINE AVENUE,17552445,808026,389828.0,3,285,285,285,COZINE AVENUE,A,2024-12-13,2024-12-13,04/04/2025,03/21/2025,,,02/21/2025,700.0,9538549.0,"§ 27-2045 ADM CODE POST A PROPER NOTICE OF SMOKE DETECTOR REQUIREMENTS, IN A FORM APPROVED BY THE COMMISSIONER, AT OR NEAR THE MAIL BOX AT PUBLIC HALL, 1st STORY",2024-12-16,19.0,VIOLATION CLOSED,2025-07-02,Original,Close,N,2024,2024.0,2025-10-06,198.0,2022-12-28
7800,LINDEN,BROOKLYN,1586,2021-12-28,285 COZINE AVENUE,285.0,COZINE AVENUE,285 COZINE AVENUE,17552449,808026,389828.0,3,285,285,285,COZINE AVENUE,A,2024-12-13,2024-12-13,04/04/2025,03/21/2025,,,02/21/2025,484.0,9538549.0,"§ 329, M/D LAW AND DEPT. RULES AND REGS. PROVIDE A COMPLETED CERTIFICATE OF INSPECTION VISITS IN A PROPER FRAME AT OR NEAR MAILBOXES, BOTTOM EDGE OF FRAME BETWEEN 48-62 INCHES ABOVE FLOOR MISSING FRAME AT PUBLIC HALL, 1st STORY",2024-12-16,19.0,VIOLATION CLOSED,2025-07-02,Original,Close,N,2024,2024.0,2025-10-06,198.0,2022-12-28
7801,LINDEN,BROOKLYN,1586,2021-12-28,285 COZINE AVENUE,285.0,COZINE AVENUE,285 COZINE AVENUE,17866037,808026,389828.0,3,285,285,285,COZINE AVENUE,C,2025-04-28,2025-04-29,05/19/2025,05/14/2025,,,05/13/2025,530.0,9736071.0,"§ 27-2005, 27-2007, 27-2041.1 HMC, §238, § 309; § 107 (2) ( C) MDL AND 28 RCNY §25-171: REPLACE OR REPAIR THE SELF-CLOSING DOORS THAT IS MISSING OR DEFECTIVE FIRE DOOR HINGES WEST AT PUBLIC HALL, 1st STORY",2025-04-30,19.0,VIOLATION CLOSED,2025-05-20,Original,Close,N,2025,2025.0,2025-10-06,20.0,2022-12-28
7802,LINDEN,BROOKLYN,1586,2021-12-28,285 COZINE AVENUE,285.0,COZINE AVENUE,285 COZINE AVENUE,17412879,808026,389828.0,3,285,285,285,COZINE AVENUE,A,2024-11-12,2024-11-12,03/02/2025,02/16/2025,,,02/14/2025,484.0,9425191.0,"§ 329, M/D LAW AND DEPT. RULES AND REGS. PROVIDE A COMPLETED CERTIFICATE OF INSPECTION VISITS IN A PROPER FRAME AT OR NEAR MAILBOXES, BOTTOM EDGE OF FRAME BETWEEN 48-62 INCHES ABOVE FLOOR MISSING AT PUBLIC HALL, 1st STORY",2024-11-13,9.0,VIOLATION DISMISSED,2025-04-28,Original,Close,N,2024,2024.0,2025-10-06,166.0,2022-12-28
7803,LINDEN,BROOKLYN,1586,2021-12-28,285 COZINE AVENUE,285.0,COZINE AVENUE,285 COZINE AVENUE,17552439,808026,389828.0,3,285,285,285,COZINE AVENUE,B,2024-12-13,2024-12-13,02/03/2025,01/20/2025,,,,579.0,9538551.0,"§ 27-2026 ADM CODE REPAIR THE LEAKY AND/OR DEFECTIVE FAUCETS AT THE BATHTUB IN THE BATHROOM LOCATED AT APT 2F, 2nd STORY, 4th APARTMENT FROM NORTH AT EAST",2024-12-16,19.0,VIOLATION CLOSED,2025-09-23,Original,Close,N,2024,2024.0,2025-10-06,281.0,2022-12-28
7804,LINDEN,BROOKLYN,1586,2021-12-28,285 COZINE AVENUE,285.0,COZINE AVENUE,285 COZINE AVENUE,17571715,808026,389828.0,3,285,285,285,COZINE AVENUE,A,2024-12-21,2024-12-21,04/11/2025,03/28/2025,,,,550.0,9549151.0,"§ 27-2017.3 HMC: TRACE AND REPAIR THE SOURCE AND ABATE THE VISIBLE MOLD CONDITION... LESS THAN 10 SQ/FT AT THE SOUTH WALL IN THE BATHROOM LOCATED AT APT 2F, 2nd STORY, 4th APARTMENT FROM NORTH AT EAST",2024-12-23,19.0,VIOLATION CLOSED,2025-04-22,Original,Close,N,2024,2024.0,2025-10-06,120.0,2022-12-28
7805,LINDEN,BROOKLYN,1586,2021-12-28,285 COZINE AVENUE,285.0,COZINE AVENUE,285 COZINE AVENUE,16372773,808026,389828.0,3,285,285,285,COZINE AVENUE,C,2023-11-10,2023-11-10,11/26/2023,11/19/2023,,,11/24/2023,501.0,8727064.0,"§ 27-2005 HMC: PROPERLY REPAIR OR REPLACE THE BROKEN OR DEFECTIVE MORTISE LOCK AT DOOR IN THE ENTRANCE LOCATED AT APT 6G, 6th STORY, 1st APARTMENT FROM SOUTH AT WEST",2023-11-13,9.0,VIOLATION DISMISSED,2024-02-05,Original,Close,N,2023,2023.0,2025-10-06,84.0,2022-12-28
7806,LINDEN,BROOKLYN,1586,2021-12-28,285 COZINE AVENUE,285.0,COZINE AVENUE,285 COZINE AVENUE,17849949,808026,389828.0,3,285,285,285,COZINE AVENUE,B,2024-12-21,2025-04-22,06/10/2025,05/27/2025,,,,550.0,9724699.0,"§ 27-2017.3 HMC: TRACE AND REPAIR THE SOURCE AND ABATE THE VISIBLE MOLD CONDITION... LESS THAN 10 SQ/FT AT THE SOUTH WALL IN THE BATHROOM LOCATED AT APT 2F, 2nd STORY, 4th APARTMENT FROM NORTH AT EAST ORIGINAL VIOLATION 17571715 ISSUED 21-DEC-24 HAS BEEN UPGRADED TO CLASS B PER ADMINISTRATIVE CODE §27-2017.3a(3)(a) or (b).",2025-04-22,20.0,DEFECT LETTER ISSUED,2025-09-23,Original,Open,N,2024,2025.0,2025-10-06,167.0,2022-12-28
7809,LINDEN,BROOKLYN,1586,2021-12-28,285 COZINE AVENUE,285.0,COZINE AVENUE,285 COZINE AVENUE,17866044,808026,389828.0,3,285,285,285,COZINE AVENUE,C,2025-04-28,2025-04-29,05/19/2025,05/14/2025,,,05/08/2025,530.0,9736071.0,"§ 27-2005, 27-2007, 27-2041.1 HMC, §238, § 309; § 107 (2) ( C) MDL AND 28 RCNY §25-171: REPLACE OR REPAIR THE SELF-CLOSING DOORS THAT IS MISSING OR DEFECTIVE COMPACTOR HOPPER DOOR LATCH AT PUBLIC HALL, 1st STORY",2025-04-30,19.0,VIOLATION CLOSED,2025-05-17,Original,Close,N,2025,2025.0,2025-10-06,17.0,2022-12-28
7810,LINDEN,BROOKLYN,1586,2021-12-28,285 COZINE AVENUE,285.0,COZINE AVENUE,285 COZINE AVENUE,17412882,808026,389828.0,3,285,285,285,COZINE AVENUE,A,2024-11-12,2024-11-12,03/02/2025,02/16/2025,,,02/14/2025,722.0,9425191.0,"§ 27-2053 ADM CODE POST SIGN ON WALL OF ENTRANCE STORY BEARING NAME, ADDRESS INCLUDING APARTMENT NUMBER IF ANY, AND TELEPHONE NUMBER OF SUPERINTENDENT, JANITOR OR HOUSEKEEPER. AT PUBLIC HALL, 1st STORY",2024-11-13,9.0,VIOLATION DISMISSED,2025-04-28,Original,Close,N,2024,2024.0,2025-10-06,166.0,2022-12-28
7811,LINDEN,BROOKLYN,1586,2021-12-28,285 COZINE AVENUE,285.0,COZINE AVENUE,285 COZINE AVENUE,17412883,808026,389828.0,3,285,285,285,COZINE AVENUE,A,2024-11-12,2024-11-12,03/02/2025,02/16/2025,,,02/14/2025,778.0,9425191.0,"§ 27-2104 ADM CODE POST AND MAINTAIN A PROPER SIGN ON WALL OF ENTRANCE STORY SHOWING THE REGISTRATION NUMBER ASSIGNED BY THE DEPARTMENT AND THE ADDRESS OF THE BUILDING. AT PUBLIC HALL, 1st STORY",2024-11-13,9.0,VIOLATION DISMISSED,2025-04-28,Original,Close,N,2024,2024.0,2025-10-06,166.0,2022-12-28
7812,LINDEN,BROOKLYN,1586,2021-12-28,285 COZINE AVENUE,285.0,COZINE AVENUE,285 COZINE AVENUE,17412884,808026,389828.0,3,285,285,285,COZINE AVENUE,A,2024-11-12,2024-11-12,03/02/2025,02/16/2025,,,02/14/2025,1501.0,9425191.0,"§ 27-2046.1 HMC: POST A PROPER NOTICE OF CARBON MONOXIDE DETECTING DEVICE REQUIREMENTS, IN A FORM APPROVED BY THE COMMISSIONER, IN A COMMON AREA OF A CLASS A MULTIPLE DWELLING NEAR INSPECTION CERTIFICATE OR PROVIDE NOTICE TO TENANTS IN A PRIVATE DWELLING.",2024-11-13,9.0,VIOLATION DISMISSED,2025-04-28,Original,Close,N,2024,2024.0,2025-10-06,166.0,2022-12-28
7813,LINDEN,BROOKLYN,1586,2021-12-28,285 COZINE AVENUE,285.0,COZINE AVENUE,285 COZINE AVENUE,17139520,808026,389828.0,3,285,285,285,COZINE AVENUE,B,2024-07-24,2024-07-26,09/16/2024,09/02/2024,,,,501.0,9265202.0,"§ 27-2005 HMC: PROPERLY REPAIR OR REPLACE THE BROKEN OR DEFECTIVE MECHANICAL VENTILATION AT SOUTH WALL IN THE BATHROOM LOCATED AT APT 1A, 1st STORY, 3rd APARTMENT FROM SOUTH AT WEST",2024-07-29,22.0,FIRST NO ACCESS TO RE- INSPECT VIOLATION,2025-09-29,Original,Open,N,2024,2024.0,2025-10-06,434.0,2022-12-28
7814,LINDEN,BROOKLYN,1586,2021-12-28,285 COZINE AVENUE,285.0,COZINE AVENUE,285 COZINE AVENUE,17571714,808026,389828.0,3,285,285,285,COZINE AVENUE,B,2024-12-21,2024-12-21,02/10/2025,01/27/2025,,,,550.0,9549152.0,"§ 27-2017.3 HMC: TRACE AND REPAIR THE SOURCE AND ABATE THE VISIBLE MOLD CONDITION... GREATER THAN 10 SQ/FT AT THE CEILING IN THE 4th ROOM FROM NORTH AT EAST LOCATED AT APT 2F, 2nd STORY, 4th APARTMENT FROM NORTH AT EAST",2024-12-23,20.0,DEFECT LETTER ISSUED,2025-09-23,Original,Open,N,2024,2024.0,2025-10-06,287.0,2022-12-28
7815,LINDEN,BROOKLYN,1586,2021-12-28,285 COZINE AVENUE,285.0,COZINE AVENUE,285 COZINE AVENUE,18091839,808026,389828.0,3,285,285,285,COZINE AVENUE,C,2025-07-11,2025-07-13,07/27/2025,07/20/2025,,,07/22/2025,501.0,9907316.0,"§ 27-2005 HMC: PROPERLY REPAIR OR REPLACE THE BROKEN OR DEFECTIVE HEAVY DUTY LOCK AND LATCH-SET AT BUILDING ENTRANCE DOOR AT PUBLIC HALL, 1st STORY",2025-07-14,19.0,VIOLATION CLOSED,2025-09-23,Original,Close,N,2025,2025.0,2025-10-06,71.0,2022-12-28
7816,LINDEN,BROOKLYN,1586,2021-12-28,285 COZINE AVENUE,285.0,COZINE AVENUE,285 COZINE AVENUE,17552446,808026,389828.0,3,285,285,285,COZINE AVENUE,A,2024-12-13,2024-12-13,04/04/2025,03/21/2025,,,02/21/2025,1506.0,9538549.0,"§ 27-2005 HMC: POST, IN A FORM APPROVED BY THE COMMISSIONER, AND MAINTAIN A NOTICE IN A COMMON AREA OF THE BUILDING REGARDING THE PROCEDURES THAT SHOULD BE FOLLOWED WHEN A GAS LEAK IS SUSPECTED AT PUBLIC HALL, 1st STORY",2024-12-16,19.0,VIOLATION CLOSED,2025-07-02,Original,Close,N,2024,2024.0,2025-10-06,198.0,2022-12-28
7817,LINDEN,BROOKLYN,1586,2021-12-28,285 COZINE AVENUE,285.0,COZINE AVENUE,285 COZINE AVENUE,17412881,808026,389828.0,3,285,285,285,COZINE AVENUE,A,2024-11-12,2024-11-12,03/02/2025,02/16/2025,,,02/14/2025,700.0,9425191.0,"§ 27-2045 ADM CODE POST A PROPER NOTICE OF SMOKE DETECTOR REQUIREMENTS, IN A FORM APPROVED BY THE COMMISSIONER, AT OR NEAR THE MAIL BOX MISSING AT PUBLIC HALL, 1st STORY",2024-11-13,9.0,VIOLATION DISMISSED,2025-04-28,Original,Close,N,2024,2024.0,2025-10-06,166.0,2022-12-28
7818,LINDEN,BROOKLYN,1586,2021-12-28,285 COZINE AVENUE,285.0,COZINE AVENUE,285 COZINE AVENUE,17552442,808026,389828.0,3,285,285,285,COZINE AVENUE,B,2024-12-13,2024-12-13,02/03/2025,01/20/2025,,,,501.0,9538551.0,"§ 27-2005 HMC: PROPERLY REPAIR OR REPLACE THE BROKEN OR DEFECTIVE RADIATOR AT SOUTH WALL IN THE 4th ROOM FROM NORTH AT EAST LOCATED AT APT 2F, 2nd STORY, 4th APARTMENT FROM NORTH AT EAST",2024-12-16,21.0,NOT COMPLIED WITH,2025-09-23,Original,Open,N,2024,2024.0,2025-10-06,294.0,2022-12-28
7819,LINDEN,BROOKLYN,1586,2021-12-28,285 COZINE AVENUE,285.0,COZINE AVENUE,285 COZINE AVENUE,17540980,808026,389828.0,3,285,285,285,COZINE AVENUE,C,2024-12-05,2024-12-06,01/09/2025,01/04/2025,,,,550.0,9527930.0,"§ 27-2017.3 HMC: TRACE AND REPAIR THE SOURCE AND ABATE THE VISIBLE MOLD CONDITION... GREATER THAN 30 SQ FT AT CEILING (20 SQ FT), WEST WALL(4 SQ FT), SOUTH WALL(4 SQ FT),AND EAST WALL (4 SQ FT) IN THE BATHROOM LOCATED AT APT 1A, 1st STORY, 3rd APARTMENT FROM SOUTH AT WEST",2024-12-09,22.0,FIRST NO ACCESS TO RE- INSPECT VIOLATION,2025-09-29,Original,Open,N,2024,2024.0,2025-10-06,301.0,2022-12-28
7820,LINDEN,BROOKLYN,1586,2021-12-28,285 COZINE AVENUE,285.0,COZINE AVENUE,285 COZINE AVENUE,17761288,808026,389828.0,3,285,285,285,COZINE AVENUE,B,2025-03-12,2025-03-15,05/05/2025,04/21/2025,,,04/29/2025,529.0,9673420.0,"§ 27-2005 HMC: REFIT DOOR FRAME AT STAIRCASE 2 AT PUBLIC HALL, 1st STORY",2025-03-17,19.0,VIOLATION CLOSED,2025-07-02,Original,Close,N,2025,2025.0,2025-10-06,107.0,2022-12-28
7821,LINDEN,BROOKLYN,1586,2021-12-28,285 COZINE AVENUE,285.0,COZINE AVENUE,285 COZINE AVENUE,18050060,808026,389828.0,3,285,285,285,COZINE AVENUE,C,2025-06-25,2025-06-26,07/16/2025,07/11/2025,,,07/11/2025,530.0,9886429.0,"§ 27-2005, 27-2007, 27-2041.1 HMC, §238, § 309; § 107 (2) ( C) MDL AND 28 RCNY §25-171: REPLACE OR REPAIR THE SELF-CLOSING DOORS THAT IS MISSING OR DEFECTIVE LATCH, BUILDING FRONT ENTRANCE",2025-06-27,19.0,VIOLATION CLOSED,2025-07-18,Original,Close,N,2025,2025.0,2025-10-06,21.0,2022-12-28
7822,LINDEN,BROOKLYN,1586,2021-12-28,285 COZINE AVENUE,285.0,COZINE AVENUE,285 COZINE AVENUE,18055478,808026,389828.0,3,285,285,285,COZINE AVENUE,C,2025-06-26,2025-06-26,07/16/2025,07/11/2025,,,07/11/2025,530.0,9886430.0,"§ 27-2005, 27-2007, 27-2041.1 HMC, §238, § 309; § 107 (2) ( C) MDL AND 28 RCNY §25-171: REPLACE OR REPAIR THE SELF-CLOSING DOORS THAT IS MISSING OR DEFECTIVE HINGES, AT HOPPER DOOR AT PUBLIC HALL, 3rd STORY",2025-06-27,19.0,VIOLATION CLOSED,2025-07-18,Original,Close,N,2025,2025.0,2025-10-06,21.0,2022-12-28
7825,LINDEN,BROOKLYN,1586,2021-12-28,285 COZINE AVENUE,285.0,COZINE AVENUE,285 COZINE AVENUE,17552440,808026,389828.0,3,285,285,285,COZINE AVENUE,B,2024-12-13,2024-12-13,02/03/2025,01/20/2025,,,,501.0,9538551.0,"§ 27-2005 HMC: PROPERLY REPAIR OR REPLACE THE BROKEN OR DEFECTIVE RADIATOR AT SOUTH WALL IN THE 4th ROOM FROM NORTH AT WEST LOCATED AT APT 2F, 2nd STORY, 4th APARTMENT FROM NORTH AT EAST",2024-12-16,21.0,NOT COMPLIED WITH,2025-09-23,Original,Open,N,2024,2024.0,2025-10-06,294.0,2022-12-28
7826,LINDEN,BROOKLYN,1586,2021-12-28,285 COZINE AVENUE,285.0,COZINE AVENUE,285 COZINE AVENUE,17873825,808026,389828.0,3,285,285,285,COZINE AVENUE,A,2025-04-28,2025-05-01,08/19/2025,08/05/2025,,,07/15/2025,556.0,9740107.0,"§ 27-2013 ADM CODE PAINT WITH LIGHT COLORED PAINT TO THE SATISFACTION OF THIS DEPARTMENT CEILING IN THE BATHROOM LOCATED AT APT 2F, 2nd STORY, 1st APARTMENT FROM WEST AT NORTH",2025-05-02,19.0,VIOLATION CLOSED,2025-09-23,Original,Close,N,2025,2025.0,2025-10-06,144.0,2022-12-28
7827,LINDEN,BROOKLYN,1586,2021-12-28,285 COZINE AVENUE,285.0,COZINE AVENUE,285 COZINE AVENUE,18055479,808026,389828.0,3,285,285,285,COZINE AVENUE,C,2025-06-26,2025-06-26,07/16/2025,07/11/2025,,,07/11/2025,530.0,9886430.0,"§ 27-2005, 27-2007, 27-2041.1 HMC, §238, § 309; § 107 (2) ( C) MDL AND 28 RCNY §25-171: REPLACE OR REPAIR THE SELF-CLOSING DOORS THAT IS MISSING OR DEFECTIVE LATCH, AT BUILDING ENTRANCE",2025-06-27,19.0,VIOLATION CLOSED,2025-09-23,Original,Close,N,2025,2025.0,2025-10-06,88.0,2022-12-28
7828,LINDEN,BROOKLYN,1586,2021-12-28,285 COZINE AVENUE,285.0,COZINE AVENUE,285 COZINE AVENUE,18068999,808026,389828.0,3,285,285,285,COZINE AVENUE,B,2025-06-29,2025-07-02,08/21/2025,08/07/2025,,,07/15/2025,501.0,9895222.0,"§ 27-2005 HMC: PROPERLY REPAIR OR REPLACE THE BROKEN OR DEFECTIVE MECHANICAL VENTILATION SYSTEM AT NORTH WALL IN THE BATHROOM LOCATED AT APT 2F, 2nd STORY",2025-07-03,19.0,VIOLATION CLOSED,2025-09-23,Original,Close,N,2025,2025.0,2025-10-06,82.0,2022-12-28
7829,LINDEN,BROOKLYN,1586,2021-12-28,285 COZINE AVENUE,285.0,COZINE AVENUE,285 COZINE AVENUE,18068996,808026,389828.0,3,285,285,285,COZINE AVENUE,C,2025-06-29,2025-07-02,08/03/2025,07/29/2025,,,07/10/2025,568.0,9895223.0,"HMC ADM CODE: § 27-2017.4 ABATE THE INFESTATION CONSISTING OF ROACHES IN THE ENTIRE APARTMENT LOCATED AT APT 2F, 2nd STORY, 4th APARTMENT FROM NORTH AT EAST",2025-07-03,9.0,VIOLATION DISMISSED,2025-09-22,Original,Close,N,2025,2025.0,2025-10-06,81.0,2022-12-28
7830,LINDEN,BROOKLYN,1586,2021-12-28,285 COZINE AVENUE,285.0,COZINE AVENUE,285 COZINE AVENUE,17412885,808026,389828.0,3,285,285,285,COZINE AVENUE,A,2024-11-12,2024-11-12,03/02/2025,02/16/2025,,,02/14/2025,1506.0,9425191.0,"§ 27-2005 HMC: POST, IN A FORM APPROVED BY THE COMMISSIONER, AND MAINTAIN A NOTICE IN A COMMON AREA OF THE BUILDING REGARDING THE PROCEDURES THAT SHOULD BE FOLLOWED WHEN A GAS LEAK IS SUSPECTED AT PUBLIC HALL, 1st STORY",2024-11-13,9.0,VIOLATION DISMISSED,2025-04-28,Original,Close,N,2024,2024.0,2025-10-06,166.0,2022-12-28
7832,LINDEN,BROOKLYN,1586,2021-12-28,580 STANLEY AVENUE,580.0,STANLEY AVENUE,580 STANLEY AVENUE,17756634,809550,389829.0,3,580,580,580,STANLEY AVENUE,B,2025-03-13,2025-03-14,05/05/2025,04/21/2025,,,05/02/2025,501.0,9673459.0,"§ 27-2005 HMC: PROPERLY REPAIR OR REPLACE THE BROKEN OR DEFECTIVE AIR VALVE AT RADIATOR AT NORTH WALL IN THE 1st ROOM FROM NORTH AT WEST LOCATED AT APT 4G, 4th STORY, 1st APARTMENT FROM NORTH AT EAST",2025-03-17,9.0,VIOLATION DISMISSED,2025-07-14,Original,Close,N,2025,2025.0,2025-10-06,119.0,2022-12-28
7833,LINDEN,BROOKLYN,1586,2021-12-28,580 STANLEY AVENUE,580.0,STANLEY AVENUE,580 STANLEY AVENUE,17909753,809550,389829.0,3,580,580,580,STANLEY AVENUE,C,2025-05-21,2025-05-21,06/22/2025,06/17/2025,,,,568.0,9767770.0,"HMC ADM CODE: § 27-2017.4 ABATE THE INFESTATION CONSISTING OF ROACHES IN THE ENTIRE APARTMENT LOCATED AT APT 6F, 6th STORY, 4th APARTMENT FROM SOUTH AT WEST , SECTION AT NORTH",2025-05-22,21.0,NOT COMPLIED WITH,2025-09-23,Original,Open,N,2025,2025.0,2025-10-06,137.0,2022-12-28
7834,LINDEN,BROOKLYN,1586,2021-12-28,580 STANLEY AVENUE,580.0,STANLEY AVENUE,580 STANLEY AVENUE,18215952,809550,389829.0,3,580,580,580,STANLEY AVENUE,C,2025-09-05,2025-09-05,10/09/2025,10/04/2025,,,,568.0,9983357.0,"HMC ADM CODE: § 27-2017.4 ABATE THE INFESTATION CONSISTING OF ROACHES IN THE ENTIRE APARTMENT LOCATED AT APT 6F, 6th STORY, 4th APARTMENT FROM EAST AT SOUTH",2025-09-08,47.0,NOTICE OF ISSUANCE SENT TO TENANT,2025-09-08,Original,Open,N,2025,2025.0,2025-10-06,28.0,2022-12-28
7835,LINDEN,BROOKLYN,1586,2021-12-28,580 STANLEY AVENUE,580.0,STANLEY AVENUE,580 STANLEY AVENUE,18215960,809550,389829.0,3,580,580,580,STANLEY AVENUE,A,2025-09-05,2025-09-05,12/26/2025,12/12/2025,,,,556.0,9983355.0,"§ 27-2013 ADM CODE PAINT WITH LIGHT COLORED PAINT TO THE SATISFACTION OF THIS DEPARTMENT ALL PEELING PAINT SURFACES IN THE 2nd ROOM FROM EAST, THE 4th ROOM FROM EAST AT CENTER, THE 1st PRIVATE HALLWAY FROM EAST LOCATED AT APT 6F, 6th STORY, 4th APARTMENT FROM EAST AT SOUTH",2025-09-08,2.0,NOV SENT OUT,2025-09-08,Original,Open,N,2025,2025.0,2025-10-06,28.0,2022-12-28
7836,LINDEN,BROOKLYN,1586,2021-12-28,580 STANLEY AVENUE,580.0,STANLEY AVENUE,580 STANLEY AVENUE,17756633,809550,389829.0,3,580,580,580,STANLEY AVENUE,B,2025-03-13,2025-03-13,05/02/2025,04/18/2025,,,04/24/2025,583.0,9670425.0,"§ 27-2026, 2027 HMC: PROPERLY REPAIR THE SOURCE AND ABATE THE EVIDENCE OF A WATER LEAK AT NORTH WALL IN THE BATHROOM LOCATED AT APT 4G, 4th STORY, 1st APARTMENT FROM NORTH AT EAST",2025-03-14,9.0,VIOLATION DISMISSED,2025-07-07,Original,Close,N,2025,2025.0,2025-10-06,115.0,2022-12-28
7837,LINDEN,BROOKLYN,1586,2021-12-28,580 STANLEY AVENUE,580.0,STANLEY AVENUE,580 STANLEY AVENUE,17919184,809550,389829.0,3,580,580,580,STANLEY AVENUE,A,2025-05-21,2025-05-21,09/08/2025,08/25/2025,,,,556.0,9767768.0,"§ 27-2013 ADM CODE PAINT WITH LIGHT COLORED PAINT TO THE SATISFACTION OF THIS DEPARTMENT ALL PEELING PAINT SURFACES IN THE 2nd ROOM FROM NORTH AT WEST, THE KITCHEN , THE 3rd ROOM FROM NORTH LOCATED AT APT 6F, 6th STORY, 4th APARTMENT FROM SOUTH AT WEST , SECTION AT NORTH",2025-05-22,19.0,VIOLATION CLOSED,2025-09-04,Original,Close,N,2025,2025.0,2025-10-06,105.0,2022-12-28
7838,LINDEN,BROOKLYN,1586,2021-12-28,580 STANLEY AVENUE,580.0,STANLEY AVENUE,580 STANLEY AVENUE,18215953,809550,389829.0,3,580,580,580,STANLEY AVENUE,B,2025-09-05,2025-09-05,10/27/2025,10/13/2025,,,09/22/2025,1503.0,9983356.0,"§ 27-2045(B)(1)(B) HMC, § 12-06, § 12-07, § 12-09 RCNY REPAIR, REPLACE OR PROVIDE AN APPROVED AND OPERATIONAL CARBON MONOXIDE DETECTING DEVICE, INSTALLED IN ACCORDANCE WITH APPLICABLE LAW AND RULES DEFECTIVE IN THE ENTIRE APARTMENT LOCATED AT APT 6F, 6th STORY, 4th APARTMENT FROM EAST AT SOUTH",2025-09-08,10.0,CIV14 MAILED,2025-09-23,Original,Open,N,2025,2025.0,2025-10-06,28.0,2022-12-28
7839,LINDEN,BROOKLYN,1586,2021-12-28,580 STANLEY AVENUE,580.0,STANLEY AVENUE,580 STANLEY AVENUE,17909751,809550,389829.0,3,580,580,580,STANLEY AVENUE,B,2025-05-21,2025-05-21,07/10/2025,06/26/2025,,,06/26/2025,702.0,9767769.0,"§ 27-2045 ADM CODE REPAIR OR REPLACE THE SMOKE DETECTOR INOPERABLE IN THE ENTIRE APARTMENT LOCATED AT APT 6F, 6th STORY, 4th APARTMENT FROM SOUTH AT WEST , SECTION AT NORTH",2025-05-22,19.0,VIOLATION CLOSED,2025-09-04,Original,Close,N,2025,2025.0,2025-10-06,105.0,2022-12-28
7840,LINDEN,BROOKLYN,1586,2021-12-28,580 STANLEY AVENUE,580.0,STANLEY AVENUE,580 STANLEY AVENUE,15881707,809550,389829.0,3,580,580,580,STANLEY AVENUE,A,2023-03-29,2023-03-29,07/16/2023,07/02/2023,,,,1507.0,8417293.0,"(A) § HMC:FILE ANNUAL BEDBUG REPORT IN ACCORDANCE WITH HPD RULE AS DESCRIBED ON THE BACK OF THIS NOTICE OF VIOLATION OR AS DESCRIBED ON HPDS WEBSITE, WWW.NYC.GOV\HPD, SEARCH BED BUGS.",2023-03-29,9.0,VIOLATION DISMISSED,2023-05-11,Original,Close,N,2023,2023.0,2025-10-06,43.0,2022-12-28
7841,LINDEN,BROOKLYN,1586,2021-12-28,580 STANLEY AVENUE,580.0,STANLEY AVENUE,580 STANLEY AVENUE,15007577,809550,389829.0,3,580,580,580,STANLEY AVENUE,A,2022-03-08,2022-03-08,06/25/2022,06/11/2022,,,,1507.0,7794551.0,"(A) § HMC:FILE ANNUAL BEDBUG REPORT IN ACCORDANCE WITH HPD RULE AS DESCRIBED ON THE BACK OF THIS NOTICE OF VIOLATION OR AS DESCRIBED ON HPDS WEBSITE, WWW.NYC.GOV\HPD, SEARCH BED BUGS.",2022-03-08,9.0,VIOLATION DISMISSED,2023-05-11,Original,Close,N,2022,2022.0,2025-10-06,429.0,2022-12-28
7842,LINDEN,BROOKLYN,1586,2021-12-28,580 STANLEY AVENUE,580.0,STANLEY AVENUE,580 STANLEY AVENUE,17756632,809550,389829.0,3,580,580,580,STANLEY AVENUE,B,2025-03-13,2025-03-13,05/02/2025,04/18/2025,,,04/24/2025,583.0,9670425.0,"§ 27-2026, 2027 HMC: PROPERLY REPAIR THE SOURCE AND ABATE THE EVIDENCE OF A WATER LEAK AT CEILING IN THE BATHROOM LOCATED AT APT 4G, 4th STORY, 1st APARTMENT FROM NORTH AT EAST",2025-03-14,9.0,VIOLATION DISMISSED,2025-07-07,Original,Close,N,2025,2025.0,2025-10-06,115.0,2022-12-28
7843,LINDEN,BROOKLYN,1586,2021-12-28,580 STANLEY AVENUE,580.0,STANLEY AVENUE,580 STANLEY AVENUE,17909749,809550,389829.0,3,580,580,580,STANLEY AVENUE,B,2025-05-21,2025-05-21,07/10/2025,06/26/2025,,,06/26/2025,508.0,9767769.0,"§ 27-2005 ADM CODE REPAIR THE BROKEN OR DEFECTIVE PLASTERED SURFACES AND PAINT IN A UNIFORM COLOR THE CEILING IN THE 3rd ROOM FROM NORTH LOCATED AT APT 6F, 6th STORY, 4th APARTMENT FROM SOUTH AT WEST , SECTION AT NORTH",2025-05-22,21.0,NOT COMPLIED WITH,2025-09-04,Original,Open,N,2025,2025.0,2025-10-06,137.0,2022-12-28
7844,LINDEN,BROOKLYN,1586,2021-12-28,580 STANLEY AVENUE,580.0,STANLEY AVENUE,580 STANLEY AVENUE,17909750,809550,389829.0,3,580,580,580,STANLEY AVENUE,B,2025-05-21,2025-05-21,07/10/2025,06/26/2025,,,06/26/2025,508.0,9767769.0,"§ 27-2005 ADM CODE REPAIR THE BROKEN OR DEFECTIVE PLASTERED SURFACES AND PAINT IN A UNIFORM COLOR THE CEILING IN THE KITCHEN LOCATED AT APT 6F, 6th STORY, 4th APARTMENT FROM SOUTH AT WEST , SECTION AT NORTH",2025-05-22,19.0,VIOLATION CLOSED,2025-09-04,Original,Close,N,2025,2025.0,2025-10-06,105.0,2022-12-28
7845,LINDEN,BROOKLYN,1586,2021-12-28,580 STANLEY AVENUE,580.0,STANLEY AVENUE,580 STANLEY AVENUE,17909752,809550,389829.0,3,580,580,580,STANLEY AVENUE,B,2025-05-21,2025-05-21,07/10/2025,06/26/2025,,,06/26/2025,1503.0,9767769.0,"§ 27-2046.1 HMC: REPAIR OR REPLACE THE CARBON MONOXIDE DETECTING DEVICE(S). INOPERABLE IN THE ENTIRE APARTMENT LOCATED AT APT 6F, 6th STORY, 4th APARTMENT FROM SOUTH AT WEST , SECTION AT NORTH",2025-05-22,21.0,NOT COMPLIED WITH,2025-09-04,Original,Open,N,2025,2025.0,2025-10-06,137.0,2022-12-28
7846,LINDEN,BROOKLYN,1586,2021-12-28,580 STANLEY AVENUE,580.0,STANLEY AVENUE,580 STANLEY AVENUE,18209108,809550,389829.0,3,580,580,580,STANLEY AVENUE,C,2025-08-29,2025-09-04,09/24/2025,09/19/2025,,,09/16/2025,530.0,9980713.0,"§ 27-2005, 27-2007, 27-2041.1 HMC, §238, § 309; § 107 (2) ( C) MDL AND 28 RCNY §25-171: REPLACE OR REPAIR THE SELF-CLOSING DOORS THAT IS MISSING OR DEFECTIVE LATCH AT BUILDING FRONT ENTRANCE DOOR",2025-09-05,19.0,VIOLATION CLOSED,2025-09-22,Original,Close,N,2025,2025.0,2025-10-06,17.0,2022-12-28
7847,LINDEN,BROOKLYN,1586,2021-12-28,580 STANLEY AVENUE,580.0,STANLEY AVENUE,580 STANLEY AVENUE,18215954,809550,389829.0,3,580,580,580,STANLEY AVENUE,B,2025-09-05,2025-09-05,10/27/2025,10/13/2025,,,09/22/2025,702.0,9983356.0,"§ 27-2045(B)(1)(A) HMC, § 12-01, § 12-03 RCNY REPAIR, REPLACE OR PROVIDE AN APPROVED AND OPERATIONAL SMOKE DETECTING DEVICE, INSTALLED IN ACCORDANCE WITH DEPARTMENT OF BUILDINGS RULES AND REGULATIONS DEFECTIVE IN THE ENTIRE APARTMENT LOCATED AT APT 6F, 6th STORY, 4th APARTMENT FROM EAST AT SOUTH",2025-09-08,10.0,CIV14 MAILED,2025-09-23,Original,Open,N,2025,2025.0,2025-10-06,28.0,2022-12-28
7848,LINDEN,BROOKLYN,1586,2021-12-28,580 STANLEY AVENUE,580.0,STANLEY AVENUE,580 STANLEY AVENUE,18266444,809550,389829.0,3,580,580,580,STANLEY AVENUE,C,2025-09-27,2025-09-27,10/28/2025,10/23/2025,,,,616.0,10012050.0,§ 27-2056.6 ADM CODE - CORRECT THE LEAD-BASED PAINT HAZARD - PRESUMED LEAD PAINT THAT IS PEELING OR ON A DETERIORATED SUBSURFACE USING WORK PRACTICES SET FORTH IN 28 RCNY §11-06(B)(2) SOUTH WALL IN THE ROOM LOCATED AT APT 6F,2025-09-29,2.0,NOV SENT OUT,2025-09-29,Original,Open,N,2025,2025.0,2025-10-06,7.0,2022-12-28
7849,LINDEN,BROOKLYN,1586,2021-12-28,580 STANLEY AVENUE,580.0,STANLEY AVENUE,580 STANLEY AVENUE,18266445,809550,389829.0,3,580,580,580,STANLEY AVENUE,C,2025-09-27,2025-09-27,10/28/2025,10/23/2025,,,,616.0,10012050.0,§ 27-2056.6 ADM CODE - CORRECT THE LEAD-BASED PAINT HAZARD - PRESUMED LEAD PAINT THAT IS PEELING OR ON A DETERIORATED SUBSURFACE USING WORK PRACTICES SET FORTH IN 28 RCNY §11-06(B)(2) CEILING IN THE ROOM LOCATED AT APT 6F,2025-09-29,2.0,NOV SENT OUT,2025-09-29,Original,Open,N,2025,2025.0,2025-10-06,7.0,2022-12-28
7850,LINDEN,BROOKLYN,1586,2021-12-28,630 STANLEY AVENUE,630.0,STANLEY AVENUE,630 STANLEY AVENUE,15636470,809551,389833.0,3,630,630,630,STANLEY AVENUE,C,2022-12-30,2022-12-30,02/03/2023,01/29/2023,,,,568.0,8239231.0,"HMC ADM CODE: § 27-2017.4 ABATE THE INFESTATION CONSISTING OF ROACHES IN THE ENTIRE APARTMENT LOCATED AT APT 8G, 8th STORY, 1st APARTMENT FROM SOUTH AT WEST",2023-01-03,19.0,VIOLATION CLOSED,2024-08-26,Original,Close,N,2022,2023.0,2025-10-06,601.0,2022-12-28
7851,LINDEN,BROOKLYN,1586,2021-12-28,630 STANLEY AVENUE,630.0,STANLEY AVENUE,630 STANLEY AVENUE,17558297,809551,389833.0,3,630,630,630,STANLEY AVENUE,C,2024-12-16,2024-12-17,12/29/2024,12/17/2024,,,12/26/2024,670.0,9541127.0,"§ 27-2031 ADM CODE PROVIDE HOT WATER AT ALL HOT WATER FIXTURES IN THE ENTIRE APARTMENT LOCATED AT APT 4C, 4th STORY, 1st APARTMENT FROM NORTH AT EAST",2024-12-18,9.0,VIOLATION DISMISSED,2025-03-10,Original,Close,Y,2024,2024.0,2025-10-06,82.0,2022-12-28
7852,LINDEN,BROOKLYN,1586,2021-12-28,630 STANLEY AVENUE,630.0,STANLEY AVENUE,630 STANLEY AVENUE,15364712,809551,389833.0,3,630,630,630,STANLEY AVENUE,C,2022-09-13,2022-09-14,10/16/2022,10/11/2022,,,,569.0,8038885.0,"HMC ADM CODE: § 27-2017.4 ABATE THE INFESTATION CONSISTING OF MICE IN THE ENTIRE APARTMENT LOCATED AT APT 5B, 5th STORY, 1st APARTMENT FROM NORTH AT EAST",2022-09-15,19.0,VIOLATION CLOSED,2025-04-16,Original,Close,N,2022,2022.0,2025-10-06,944.0,2022-12-28
7853,LINDEN,BROOKLYN,1586,2021-12-28,630 STANLEY AVENUE,630.0,STANLEY AVENUE,630 STANLEY AVENUE,15364713,809551,389833.0,3,630,630,630,STANLEY AVENUE,B,2022-09-13,2022-09-14,11/03/2022,10/20/2022,,,,583.0,8038884.0,"§ 27-2026, 2027 HMC: PROPERLY REPAIR THE SOURCE AND ABATE THE EVIDENCE OF A WATER LEAK AT CEILING IN THE KITCHEN LOCATED AT APT 5B, 5th STORY, 1st APARTMENT FROM NORTH AT EAST",2022-09-15,22.0,FIRST NO ACCESS TO RE- INSPECT VIOLATION,2024-12-01,Original,Open,N,2022,2022.0,2025-10-06,1117.0,2022-12-28
7854,LINDEN,BROOKLYN,1586,2021-12-28,630 STANLEY AVENUE,630.0,STANLEY AVENUE,630 STANLEY AVENUE,15364714,809551,389833.0,3,630,630,630,STANLEY AVENUE,B,2022-09-13,2022-09-14,11/03/2022,10/20/2022,,,,508.0,8038884.0,"§ 27-2005 ADM CODE REPAIR THE BROKEN OR DEFECTIVE PLASTERED SURFACES AND PAINT IN A UNIFORM COLOR AT CEILING IN THE KITCHEN LOCATED AT APT 5B, 5th STORY, 1st APARTMENT FROM NORTH AT EAST",2022-09-15,22.0,FIRST NO ACCESS TO RE- INSPECT VIOLATION,2024-12-01,Original,Open,N,2022,2022.0,2025-10-06,1117.0,2022-12-28
7855,LINDEN,BROOKLYN,1586,2021-12-28,630 STANLEY AVENUE,630.0,STANLEY AVENUE,630 STANLEY AVENUE,17424564,809551,389833.0,3,630,630,630,STANLEY AVENUE,A,2024-11-16,2024-11-20,03/10/2025,02/24/2025,,,02/20/2025,700.0,9438349.0,"§ 27-2045 ADM CODE POST A PROPER NOTICE OF SMOKE DETECTOR REQUIREMENTS, IN A FORM APPROVED BY THE COMMISSIONER, AT OR NEAR THE MAIL BOX MISSING AT PUBLIC HALL, 1st STORY",2024-11-21,9.0,VIOLATION DISMISSED,2025-05-05,Original,Close,N,2024,2024.0,2025-10-06,165.0,2022-12-28
7856,LINDEN,BROOKLYN,1586,2021-12-28,630 STANLEY AVENUE,630.0,STANLEY AVENUE,630 STANLEY AVENUE,18047297,809551,389833.0,3,630,630,630,STANLEY AVENUE,C,2025-06-22,2025-06-22,07/28/2025,07/23/2025,,,07/15/2025,569.0,9886497.0,"HMC ADM CODE: § 27-2017.4 ABATE THE INFESTATION CONSISTING OF MICE IN THE ENTIRE APARTMENT LOCATED AT APT 4H, 4th STORY, 2nd APARTMENT FROM SOUTH AT WEST",2025-06-27,19.0,VIOLATION CLOSED,2025-09-15,Original,Close,N,2025,2025.0,2025-10-06,80.0,2022-12-28
7857,LINDEN,BROOKLYN,1586,2021-12-28,630 STANLEY AVENUE,630.0,STANLEY AVENUE,630 STANLEY AVENUE,15645152,809551,389833.0,3,630,630,630,STANLEY AVENUE,A,2022-12-30,2022-12-30,04/22/2023,04/08/2023,,,,556.0,8239230.0,"§ 27-2013 ADM CODE PAINT WITH LIGHT COLORED PAINT TO THE SATISFACTION OF THIS DEPARTMENT ALL PEELING PAINT SURFACES IN THE KITCHEN , THE 2nd ROOM FROM NORTH LOCATED AT APT 8G, 8th STORY, 1st APARTMENT FROM SOUTH AT WEST",2023-01-03,19.0,VIOLATION CLOSED,2024-06-24,Original,Close,N,2022,2023.0,2025-10-06,538.0,2022-12-28
7858,LINDEN,BROOKLYN,1586,2021-12-28,630 STANLEY AVENUE,630.0,STANLEY AVENUE,630 STANLEY AVENUE,17424561,809551,389833.0,3,630,630,630,STANLEY AVENUE,A,2024-11-16,2024-11-20,03/10/2025,02/24/2025,,,02/20/2025,484.0,9438349.0,"§ 329, M/D LAW AND DEPT. RULES AND REGS. PROVIDE A COMPLETED CERTIFICATE OF INSPECTION VISITS IN A PROPER FRAME AT OR NEAR MAILBOXES, BOTTOM EDGE OF FRAME BETWEEN 48-62 INCHES ABOVE FLOOR MISSING AT PUBLIC HALL, 1st STORY",2024-11-21,9.0,VIOLATION DISMISSED,2025-05-05,Original,Close,N,2024,2024.0,2025-10-06,165.0,2022-12-28
7859,LINDEN,BROOKLYN,1586,2021-12-28,630 STANLEY AVENUE,630.0,STANLEY AVENUE,630 STANLEY AVENUE,17424562,809551,389833.0,3,630,630,630,STANLEY AVENUE,A,2024-11-16,2024-11-20,03/10/2025,02/24/2025,,,02/20/2025,500.0,9438349.0,"§ 26-1103 ADMIN. CODE: POST AND MAINTAIN A PROPER NOTICE ON WALL OF THE ENTRANCE STORY IN ENGLISH AND SPANISH ON THE AVAILABILITY OF THE AGENCYS HOUSING INFORMATION GUIDE. A SAMPLE NOTICE CAN BE FOUND AT WWW.NYC.GOV/HPD. AT PUBLIC HALL, 1st STORY",2024-11-21,9.0,VIOLATION DISMISSED,2025-05-05,Original,Close,N,2024,2024.0,2025-10-06,165.0,2022-12-28
7860,LINDEN,BROOKLYN,1586,2021-12-28,630 STANLEY AVENUE,630.0,STANLEY AVENUE,630 STANLEY AVENUE,17424568,809551,389833.0,3,630,630,630,STANLEY AVENUE,A,2024-11-16,2024-11-20,03/10/2025,02/24/2025,,,02/20/2025,1506.0,9438349.0,"§ 27-2005 HMC: POST, IN A FORM APPROVED BY THE COMMISSIONER, AND MAINTAIN A NOTICE IN A COMMON AREA OF THE BUILDING REGARDING THE PROCEDURES THAT SHOULD BE FOLLOWED WHEN A GAS LEAK IS SUSPECTED AT PUBLIC HALL, 1st STORY",2024-11-21,9.0,VIOLATION DISMISSED,2025-05-05,Original,Close,N,2024,2024.0,2025-10-06,165.0,2022-12-28
7861,LINDEN,BROOKLYN,1586,2021-12-28,630 STANLEY AVENUE,630.0,STANLEY AVENUE,630 STANLEY AVENUE,17456361,809551,389833.0,3,630,630,630,STANLEY AVENUE,C,2024-11-27,2024-11-27,12/10/2024,11/28/2024,,,12/10/2024,670.0,9475357.0,"§ 27-2031 ADM CODE PROVIDE HOT WATER AT ALL HOT WATER FIXTURES IN THE ENTIRE APARTMENT LOCATED AT APT 4C, 4th STORY, 1st APARTMENT FROM NORTH AT EAST",2024-11-29,9.0,VIOLATION DISMISSED,2025-02-20,Original,Close,Y,2024,2024.0,2025-10-06,83.0,2022-12-28
7862,LINDEN,BROOKLYN,1586,2021-12-28,630 STANLEY AVENUE,630.0,STANLEY AVENUE,630 STANLEY AVENUE,17670452,809551,389833.0,3,630,630,630,STANLEY AVENUE,B,2025-02-03,2025-02-03,03/25/2025,03/11/2025,,,03/10/2025,577.0,9612799.0,"§ 27-2024 ADM CODE PROVIDE ADEQUATE SUPPLY OF HOT WATER FOR THE FIXTURES AT BATHTUB IN THE BATHROOM LOCATED AT APT 8C, 8th STORY, 1st APARTMENT FROM NORTH AT EAST",2025-02-04,9.0,VIOLATION DISMISSED,2025-05-21,Original,Close,Y,2025,2025.0,2025-10-06,106.0,2022-12-28
7863,LINDEN,BROOKLYN,1586,2021-12-28,630 STANLEY AVENUE,630.0,STANLEY AVENUE,630 STANLEY AVENUE,17725111,809551,389833.0,3,630,630,630,STANLEY AVENUE,C,2025-02-26,2025-02-26,03/11/2025,02/27/2025,,,03/06/2025,670.0,9646590.0,"§ 27-2031 ADM CODE PROVIDE HOT WATER AT ALL HOT WATER FIXTURES IN THE ENTIRE APARTMENT LOCATED AT APT 7C, 7th STORY, 1st APARTMENT FROM NORTH AT EAST",2025-02-27,9.0,VIOLATION DISMISSED,2025-05-19,Original,Close,Y,2025,2025.0,2025-10-06,81.0,2022-12-28
7864,LINDEN,BROOKLYN,1586,2021-12-28,630 STANLEY AVENUE,630.0,STANLEY AVENUE,630 STANLEY AVENUE,18036433,809551,389833.0,3,630,630,630,STANLEY AVENUE,C,2025-06-17,2025-06-17,07/19/2025,07/14/2025,,,07/11/2025,569.0,9876638.0,"HMC ADM CODE: § 27-2017.4 ABATE THE INFESTATION CONSISTING OF MICE IN THE ENTIRE APARTMENT LOCATED AT APT 4H, 4th STORY, 2nd APARTMENT FROM SOUTH AT WEST",2025-06-18,19.0,VIOLATION CLOSED,2025-09-15,Original,Close,N,2025,2025.0,2025-10-06,89.0,2022-12-28
7865,LINDEN,BROOKLYN,1586,2021-12-28,630 STANLEY AVENUE,630.0,STANLEY AVENUE,630 STANLEY AVENUE,17424569,809551,389833.0,3,630,630,630,STANLEY AVENUE,C,2024-11-16,2024-11-20,12/10/2024,12/05/2024,,,12/10/2024,530.0,9438351.0,"§ 27-2005, 27-2007, 27-2041.1 HMC, §238, § 309; § 107 (2) ( C) MDL AND 28 RCNY §25-171: REPLACE OR REPAIR THE SELF-CLOSING DOORS THAT IS MISSING OR DEFECTIVE HINGES AT FIRE STAIR DOOR AT PUBLIC HALL, 1st STORY",2024-11-21,19.0,VIOLATION CLOSED,2025-04-28,Original,Close,N,2024,2024.0,2025-10-06,158.0,2022-12-28
7866,LINDEN,BROOKLYN,1586,2021-12-28,630 STANLEY AVENUE,630.0,STANLEY AVENUE,630 STANLEY AVENUE,18047299,809551,389833.0,3,630,630,630,STANLEY AVENUE,B,2025-06-22,2025-06-22,08/15/2025,08/01/2025,,,07/15/2025,508.0,9886496.0,"§ 27-2005 ADM CODE REPAIR THE BROKEN OR DEFECTIVE PLASTERED SURFACES AND PAINT IN A UNIFORM COLOR AT EAST WALL IN THE 3rd ROOM FROM EAST LOCATED AT APT 4H, 4th STORY, 2nd APARTMENT FROM SOUTH AT WEST",2025-06-27,9.0,VIOLATION DISMISSED,2025-09-25,Original,Close,N,2025,2025.0,2025-10-06,90.0,2022-12-28
7867,LINDEN,BROOKLYN,1586,2021-12-28,630 STANLEY AVENUE,630.0,STANLEY AVENUE,630 STANLEY AVENUE,18181826,809551,389833.0,3,630,630,630,STANLEY AVENUE,C,2025-08-23,2025-08-24,09/25/2025,09/20/2025,,,09/18/2025,568.0,9965449.0,"HMC ADM CODE: § 27-2017.4 ABATE THE INFESTATION CONSISTING OF ROACHES IN THE ENTIRE APARTMENT LOCATED AT APT 4E, 4th STORY, 3rd APARTMENT FROM NORTH AT EAST",2025-08-25,10.0,CIV14 MAILED,2025-09-19,Original,Open,N,2025,2025.0,2025-10-06,42.0,2022-12-28
7868,LINDEN,BROOKLYN,1586,2021-12-28,630 STANLEY AVENUE,630.0,STANLEY AVENUE,630 STANLEY AVENUE,15364715,809551,389833.0,3,630,630,630,STANLEY AVENUE,A,2022-09-13,2022-09-14,01/02/2023,12/19/2022,,,,579.0,8038883.0,"§ 27-2026 ADM CODE REPAIR THE LEAKY AND/OR DEFECTIVE FAUCETS AT SINK IN THE KITCHEN LOCATED AT APT 5B, 5th STORY, 1st APARTMENT FROM NORTH AT EAST",2022-09-15,22.0,FIRST NO ACCESS TO RE- INSPECT VIOLATION,2024-12-01,Original,Open,N,2022,2022.0,2025-10-06,1117.0,2022-12-28
7869,LINDEN,BROOKLYN,1586,2021-12-28,630 STANLEY AVENUE,630.0,STANLEY AVENUE,630 STANLEY AVENUE,17424565,809551,389833.0,3,630,630,630,STANLEY AVENUE,A,2024-11-16,2024-11-20,03/10/2025,02/24/2025,,,02/20/2025,722.0,9438349.0,"§ 27-2053 ADM CODE POST SIGN ON WALL OF ENTRANCE STORY BEARING NAME, ADDRESS INCLUDING APARTMENT NUMBER IF ANY, AND TELEPHONE NUMBER OF SUPERINTENDENT, JANITOR OR HOUSEKEEPER. AT PUBLIC HALL, 1st STORY",2024-11-21,9.0,VIOLATION DISMISSED,2025-05-05,Original,Close,N,2024,2024.0,2025-10-06,165.0,2022-12-28
7870,LINDEN,BROOKLYN,1586,2021-12-28,630 STANLEY AVENUE,630.0,STANLEY AVENUE,630 STANLEY AVENUE,17424566,809551,389833.0,3,630,630,630,STANLEY AVENUE,A,2024-11-16,2024-11-20,03/10/2025,02/24/2025,,,02/20/2025,778.0,9438349.0,"§ 27-2104 ADM CODE POST AND MAINTAIN A PROPER SIGN ON WALL OF ENTRANCE STORY SHOWING THE REGISTRATION NUMBER ASSIGNED BY THE DEPARTMENT AND THE ADDRESS OF THE BUILDING. AT PUBLIC HALL, 1st STORY",2024-11-21,9.0,VIOLATION DISMISSED,2025-05-05,Original,Close,N,2024,2024.0,2025-10-06,165.0,2022-12-28
7871,LINDEN,BROOKLYN,1586,2021-12-28,630 STANLEY AVENUE,630.0,STANLEY AVENUE,630 STANLEY AVENUE,17424567,809551,389833.0,3,630,630,630,STANLEY AVENUE,A,2024-11-16,2024-11-20,03/10/2025,02/24/2025,,,02/20/2025,1501.0,9438349.0,"§ 27-2046.1 HMC: POST A PROPER NOTICE OF CARBON MONOXIDE DETECTING DEVICE REQUIREMENTS, IN A FORM APPROVED BY THE COMMISSIONER, IN A COMMON AREA OF A CLASS A MULTIPLE DWELLING NEAR INSPECTION CERTIFICATE OR PROVIDE NOTICE TO TENANTS IN A PRIVATE DWELLING.",2024-11-21,9.0,VIOLATION DISMISSED,2025-05-05,Original,Close,N,2024,2024.0,2025-10-06,165.0,2022-12-28
7872,LINDEN,BROOKLYN,1586,2021-12-28,630 STANLEY AVENUE,630.0,STANLEY AVENUE,630 STANLEY AVENUE,18036434,809551,389833.0,3,630,630,630,STANLEY AVENUE,C,2025-06-17,2025-06-17,07/19/2025,07/14/2025,,,07/11/2025,568.0,9876638.0,"HMC ADM CODE: § 27-2017.4 ABATE THE INFESTATION CONSISTING OF ROACHES IN THE ENTIRE APARTMENT LOCATED AT APT 4H, 4th STORY, 2nd APARTMENT FROM SOUTH AT WEST",2025-06-18,9.0,VIOLATION DISMISSED,2025-09-22,Original,Close,N,2025,2025.0,2025-10-06,96.0,2022-12-28
7873,LINDEN,BROOKLYN,1586,2021-12-28,630 STANLEY AVENUE,630.0,STANLEY AVENUE,630 STANLEY AVENUE,17424563,809551,389833.0,3,630,630,630,STANLEY AVENUE,C,2024-11-16,2024-11-20,12/04/2024,11/27/2024,,,12/04/2024,671.0,9438350.0,"§ 27-2033 ADM CODE POST NOTICE, IN FORM APPROVED BY THE DEPARTMENT, STATING THE NAME AND LOCATION OF THE PERSON DESIGNATED BY THE OWNER TO HAVE KEY TO BUILDINGS HEATING SYSTEM MISSING AT PUBLIC HALL, 1st STORY",2024-11-21,9.0,VIOLATION DISMISSED,2025-02-14,Original,Close,N,2024,2024.0,2025-10-06,85.0,2022-12-28
7874,LINDEN,BROOKLYN,1586,2021-12-28,630 STANLEY AVENUE,630.0,STANLEY AVENUE,630 STANLEY AVENUE,15881708,809551,389833.0,3,630,630,630,STANLEY AVENUE,A,2023-03-29,2023-03-29,07/16/2023,07/02/2023,,,,1507.0,8417294.0,"(A) § HMC:FILE ANNUAL BEDBUG REPORT IN ACCORDANCE WITH HPD RULE AS DESCRIBED ON THE BACK OF THIS NOTICE OF VIOLATION OR AS DESCRIBED ON HPDS WEBSITE, WWW.NYC.GOV\HPD, SEARCH BED BUGS.",2023-03-29,9.0,VIOLATION DISMISSED,2023-04-28,Original,Close,N,2023,2023.0,2025-10-06,30.0,2022-12-28
7875,LINDEN,BROOKLYN,1586,2021-12-28,630 STANLEY AVENUE,630.0,STANLEY AVENUE,630 STANLEY AVENUE,15007578,809551,389833.0,3,630,630,630,STANLEY AVENUE,A,2022-03-08,2022-03-08,06/25/2022,06/11/2022,,,,1507.0,7794552.0,"(A) § HMC:FILE ANNUAL BEDBUG REPORT IN ACCORDANCE WITH HPD RULE AS DESCRIBED ON THE BACK OF THIS NOTICE OF VIOLATION OR AS DESCRIBED ON HPDS WEBSITE, WWW.NYC.GOV\HPD, SEARCH BED BUGS.",2022-03-08,9.0,VIOLATION DISMISSED,2023-04-28,Original,Close,N,2022,2022.0,2025-10-06,416.0,2022-12-28
7876,LINDEN,BROOKLYN,1586,2021-12-28,630 STANLEY AVENUE,630.0,STANLEY AVENUE,630 STANLEY AVENUE,17800371,809551,389833.0,3,630,630,630,STANLEY AVENUE,C,2025-03-29,2025-03-30,04/11/2025,03/30/2025,,,04/03/2025,670.0,9691073.0,"§ 27-2031 ADM CODE PROVIDE HOT WATER AT ALL HOT WATER FIXTURES IN THE ENTIRE APARTMENT LOCATED AT APT 4C, 4th STORY, 1st APARTMENT FROM NORTH AT EAST",2025-03-31,9.0,VIOLATION DISMISSED,2025-06-16,Original,Close,Y,2025,2025.0,2025-10-06,77.0,2022-12-28
7877,LINDEN,BROOKLYN,1586,2021-12-28,630 STANLEY AVENUE,630.0,STANLEY AVENUE,630 STANLEY AVENUE,17725112,809551,389833.0,3,630,630,630,STANLEY AVENUE,A,2025-02-26,2025-03-04,06/22/2025,06/08/2025,,,06/11/2025,556.0,9656128.0,"§ 27-2013 ADM CODE PAINT WITH LIGHT COLORED PAINT TO THE SATISFACTION OF THIS DEPARTMENT ALL WALLS AND CEILINGS IN THE ENTIRE APARTMENT LOCATED AT APT 7C, 7th STORY, 1st APARTMENT FROM NORTH AT EAST",2025-03-05,9.0,VIOLATION DISMISSED,2025-08-22,Original,Close,N,2025,2025.0,2025-10-06,170.0,2022-12-28
7878,LINDEN,BROOKLYN,1586,2021-12-28,630 STANLEY AVENUE,630.0,STANLEY AVENUE,630 STANLEY AVENUE,17670453,809551,389833.0,3,630,630,630,STANLEY AVENUE,A,2025-02-03,2025-02-03,05/24/2025,05/10/2025,,,05/13/2025,484.0,9612798.0,"§ 329, M/D LAW AND DEPT. RULES AND REGS. PROVIDE A COMPLETED CERTIFICATE OF INSPECTION VISITS IN A PROPER FRAME AT OR NEAR MAILBOXES, BOTTOM EDGE OF FRAME BETWEEN 48-62 INCHES ABOVE FLOOR AT PUBLIC HALL, 1st STORY",2025-02-04,9.0,VIOLATION DISMISSED,2025-07-24,Original,Close,N,2025,2025.0,2025-10-06,170.0,2022-12-28
7879,LINDEN,BROOKLYN,1586,2021-12-28,630 STANLEY AVENUE,630.0,STANLEY AVENUE,630 STANLEY AVENUE,17697714,809551,389833.0,3,630,630,630,STANLEY AVENUE,A,2025-02-16,2025-02-16,06/07/2025,05/24/2025,,,05/16/2025,484.0,9632605.0,"§ 329, M/D LAW AND DEPT. RULES AND REGS. PROVIDE A COMPLETED CERTIFICATE OF INSPECTION VISITS IN A PROPER FRAME AT OR NEAR MAILBOXES, BOTTOM EDGE OF FRAME BETWEEN 48-62 INCHES ABOVE FLOOR MISSING AT PUBLIC HALL, 1st STORY",2025-02-18,9.0,VIOLATION DISMISSED,2025-07-28,Original,Close,N,2025,2025.0,2025-10-06,160.0,2022-12-28
7880,LINDEN,BROOKLYN,1586,2021-12-28,630 STANLEY AVENUE,630.0,STANLEY AVENUE,630 STANLEY AVENUE,17725113,809551,389833.0,3,630,630,630,STANLEY AVENUE,A,2025-02-26,2025-03-04,06/22/2025,06/08/2025,,,05/16/2025,484.0,9656129.0,"§ 329, M/D LAW AND DEPT. RULES AND REGS. PROVIDE A COMPLETED CERTIFICATE OF INSPECTION VISITS IN A PROPER FRAME AT OR NEAR MAILBOXES, BOTTOM EDGE OF FRAME BETWEEN 48-62 INCHES ABOVE FLOOR MISSING AT PUBLIC HALL",2025-03-05,9.0,VIOLATION DISMISSED,2025-07-28,Original,Close,N,2025,2025.0,2025-10-06,145.0,2022-12-28
7881,LINDEN,BROOKLYN,1586,2021-12-28,630 STANLEY AVENUE,630.0,STANLEY AVENUE,630 STANLEY AVENUE,17800374,809551,389833.0,3,630,630,630,STANLEY AVENUE,C,2025-03-29,2025-03-30,04/13/2025,04/06/2025,,,04/07/2025,672.0,9693374.0,§ 27-2033 ADM CODE PROVIDE READY ACCESS TO BUILDINGS HEATING SYSTEM LOCKED DOOR AT BOILER ROOM,2025-03-31,9.0,VIOLATION DISMISSED,2025-06-18,Original,Close,N,2025,2025.0,2025-10-06,79.0,2022-12-28
7882,LINDEN,BROOKLYN,1586,2021-12-28,630 STANLEY AVENUE,630.0,STANLEY AVENUE,630 STANLEY AVENUE,17877506,809551,389833.0,3,630,630,630,STANLEY AVENUE,A,2025-05-07,2025-05-09,08/29/2025,08/15/2025,,,05/16/2025,484.0,9753660.0,"§ 329, M/D LAW AND DEPT. RULES AND REGS. PROVIDE A COMPLETED CERTIFICATE OF INSPECTION VISITS IN A PROPER FRAME AT OR NEAR MAILBOXES, BOTTOM EDGE OF FRAME BETWEEN 48-62 INCHES ABOVE FLOOR MISSING AT PUBLIC HALL, 1st STORY",2025-05-12,9.0,VIOLATION DISMISSED,2025-07-28,Original,Close,N,2025,2025.0,2025-10-06,77.0,2022-12-28
7883,LINDEN,BROOKLYN,1586,2021-12-28,630 STANLEY AVENUE,630.0,STANLEY AVENUE,630 STANLEY AVENUE,18047298,809551,389833.0,3,630,630,630,STANLEY AVENUE,C,2025-06-22,2025-06-22,07/28/2025,07/23/2025,,,07/15/2025,568.0,9886497.0,"HMC ADM CODE: § 27-2017.4 ABATE THE INFESTATION CONSISTING OF ROACHES IN THE ENTIRE APARTMENT LOCATED AT APT 4H, 4th STORY, 2nd APARTMENT FROM SOUTH AT WEST",2025-06-27,9.0,VIOLATION DISMISSED,2025-09-25,Original,Close,N,2025,2025.0,2025-10-06,90.0,2022-12-28
7884,LINDEN,BROOKLYN,1586,2021-12-28,630 STANLEY AVENUE,630.0,STANLEY AVENUE,630 STANLEY AVENUE,17725110,809551,389833.0,3,630,630,630,STANLEY AVENUE,C,2025-02-26,2025-02-26,03/11/2025,02/27/2025,,,03/06/2025,670.0,9646590.0,"§ 27-2031 ADM CODE PROVIDE HOT WATER AT ALL HOT WATER FIXTURES IN THE ENTIRE APARTMENT LOCATED AT APT 8A, 8th STORY, 3rd APARTMENT FROM SOUTH AT WEST",2025-02-27,9.0,VIOLATION DISMISSED,2025-05-19,Original,Close,Y,2025,2025.0,2025-10-06,81.0,2022-12-28
7885,LINDEN,BROOKLYN,1586,2021-12-28,630 STANLEY AVENUE,630.0,STANLEY AVENUE,630 STANLEY AVENUE,17877507,809551,389833.0,3,630,630,630,STANLEY AVENUE,C,2025-05-07,2025-05-09,05/31/2025,05/26/2025,,,05/16/2025,530.0,9753661.0,"§ 27-2005, 27-2007, 27-2041.1 HMC, §238, § 309; § 107 (2) ( C) MDL AND 28 RCNY §25-171: REPLACE OR REPAIR THE SELF-CLOSING DOORS THAT IS MISSING OR DEFECTIVE HINGES AT HOPPER DOOR AT PUBLIC HALL, 4th STORY",2025-05-12,19.0,VIOLATION CLOSED,2025-05-29,Original,Close,N,2025,2025.0,2025-10-06,17.0,2022-12-28
7886,LINDEN,BROOKLYN,1586,2021-12-28,640 STANLEY AVENUE,640.0,STANLEY AVENUE,640 STANLEY AVENUE,17440819,809552,389834.0,3,640,640,640,STANLEY AVENUE,C,2024-11-24,2024-11-24,12/14/2024,12/09/2024,,,12/12/2024,530.0,9450491.0,"§ 27-2005, 27-2007, 27-2041.1 HMC, §238, § 309; § 107 (2) ( C) MDL AND 28 RCNY §25-171: REPLACE OR REPAIR THE SELF-CLOSING DOORS THAT IS MISSING OR DEFECTIVE HINGES AT HOPPER DOOR AT PUBLIC HALL, 8th STORY",2024-11-25,19.0,VIOLATION CLOSED,2025-04-06,Original,Close,N,2024,2024.0,2025-10-06,132.0,2022-12-28
7887,LINDEN,BROOKLYN,1586,2021-12-28,640 STANLEY AVENUE,640.0,STANLEY AVENUE,640 STANLEY AVENUE,17457452,809552,389834.0,3,640,640,640,STANLEY AVENUE,C,2024-11-23,2024-11-24,12/14/2024,12/09/2024,,,12/12/2024,530.0,9450492.0,"§ 27-2005, 27-2007, 27-2041.1 HMC, §238, § 309; § 107 (2) ( C) MDL AND 28 RCNY §25-171: REPLACE OR REPAIR THE SELF-CLOSING DOORS THAT IS MISSING OR DEFECTIVE HINGES AT HOPPER DOOR AT PUBLIC HALL, 3rd STORY",2024-11-25,19.0,VIOLATION CLOSED,2025-01-03,Original,Close,N,2024,2024.0,2025-10-06,39.0,2022-12-28
7888,LINDEN,BROOKLYN,1586,2021-12-28,640 STANLEY AVENUE,640.0,STANLEY AVENUE,640 STANLEY AVENUE,17483891,809552,389834.0,3,640,640,640,STANLEY AVENUE,C,2024-11-30,2024-12-01,01/02/2025,12/28/2024,,,12/26/2024,568.0,9488422.0,"HMC ADM CODE: § 27-2017.4 ABATE THE INFESTATION CONSISTING OF ROACHES IN THE ENTIRE APARTMENT LOCATED AT APT 2G, 2nd STORY, 1st APARTMENT FROM NORTH AT EAST",2024-12-02,9.0,VIOLATION DISMISSED,2025-03-10,Original,Close,N,2024,2024.0,2025-10-06,98.0,2022-12-28
7889,LINDEN,BROOKLYN,1586,2021-12-28,640 STANLEY AVENUE,640.0,STANLEY AVENUE,640 STANLEY AVENUE,17483892,809552,389834.0,3,640,640,640,STANLEY AVENUE,B,2024-11-30,2024-12-01,01/20/2025,01/06/2025,,,01/10/2025,649.0,9488421.0,"§ 27-2026 ADM CODE REMOVE ALL OBSTRUCTIONS AND REPAIR ALL DEFECTS IN WASTE LINE AT SINK IN THE KITCHEN LOCATED AT APT 2G, 2nd STORY, 1st APARTMENT FROM NORTH AT EAST",2024-12-02,9.0,VIOLATION DISMISSED,2025-03-24,Original,Close,Y,2024,2024.0,2025-10-06,112.0,2022-12-28
7890,LINDEN,BROOKLYN,1586,2021-12-28,640 STANLEY AVENUE,640.0,STANLEY AVENUE,640 STANLEY AVENUE,17280936,809552,389834.0,3,640,640,640,STANLEY AVENUE,C,2024-09-18,2024-09-18,10/20/2024,10/15/2024,,,10/18/2024,568.0,9343470.0,"HMC ADM CODE: § 27-2017.4 ABATE THE INFESTATION CONSISTING OF ROACHES IN THE ENTIRE APARTMENT LOCATED AT APT 6C, 6th STORY, 1st APARTMENT FROM SOUTH AT WEST",2024-09-19,11.0,VIOLATION WILL BE REINSPECTED,2025-10-01,Original,Open,N,2024,2024.0,2025-10-06,382.0,2022-12-28
7891,LINDEN,BROOKLYN,1586,2021-12-28,640 STANLEY AVENUE,640.0,STANLEY AVENUE,640 STANLEY AVENUE,16108835,809552,389834.0,3,640,640,640,STANLEY AVENUE,B,2023-07-20,2023-07-21,09/11/2023,08/28/2023,,,09/11/2023,508.0,8571600.0,"§ 27-2005 ADM CODE REPAIR THE BROKEN OR DEFECTIVE PLASTERED SURFACES AND PAINT IN A UNIFORM COLOR AT NORTH WALL IN THE BATHROOM LOCATED AT APT 3E, 3rd STORY, 3rd APARTMENT FROM SOUTH AT WEST",2023-07-24,9.0,VIOLATION DISMISSED,2023-11-22,Original,Close,N,2023,2023.0,2025-10-06,121.0,2022-12-28
7892,LINDEN,BROOKLYN,1586,2021-12-28,640 STANLEY AVENUE,640.0,STANLEY AVENUE,640 STANLEY AVENUE,16621070,809552,389834.0,3,640,640,640,STANLEY AVENUE,C,2024-01-25,2024-01-25,02/26/2024,02/21/2024,,,02/23/2024,790.0,8912244.0,"§ 27-2043.1 HMC INSTALL THE MISSING OR REPAIR/REPLACE THE DEFECTIVE WINDOW GUARD(S) IN ACCORDANCE WITH THE SPECIFICATIONS OF THE NEW YORK CITY HEALTH CODE SECTION 24 RCNY CHAPTER 12. WG TO INSTALL = 0, WG TO REPLACE = 0, WG TO REPAIR = 2 IN THE ENTIRE APARTMENT LOCATED AT APT 5H, 5th STORY, 2nd APARTMENT FROM NORTH AT EAST",2024-01-26,19.0,VIOLATION CLOSED,2024-04-18,Original,Close,N,2024,2024.0,2025-10-06,83.0,2022-12-28
7893,LINDEN,BROOKLYN,1586,2021-12-28,640 STANLEY AVENUE,640.0,STANLEY AVENUE,640 STANLEY AVENUE,15409344,809552,389834.0,3,640,640,640,STANLEY AVENUE,B,2022-10-03,2022-10-06,11/25/2022,11/11/2022,,,,583.0,8064834.0,"§ 27-2026, 2027 HMC: PROPERLY REPAIR THE SOURCE AND ABATE THE EVIDENCE OF A WATER LEAK AT THE SOUTH WALL IN THE KITCHEN LOCATED AT APT 2F, 2nd STORY, 4th APARTMENT FROM WEST AT NORTH",2022-10-07,19.0,VIOLATION CLOSED,2024-06-24,Original,Close,N,2022,2022.0,2025-10-06,626.0,2022-12-28
7894,LINDEN,BROOKLYN,1586,2021-12-28,640 STANLEY AVENUE,640.0,STANLEY AVENUE,640 STANLEY AVENUE,16292129,809552,389834.0,3,640,640,640,STANLEY AVENUE,C,2023-10-06,2023-10-06,10/29/2023,10/24/2023,,,10/28/2023,530.0,8677102.0,"§ 27-2005, 27-2007, 27-2041.1 HMC, §238, § 309; § 107 (2) ( C) MDL AND 28 RCNY §25-171: REPLACE OR REPAIR THE SELF-CLOSING DOORS THAT IS MISSING OR DEFECTIVE FIRE STAIRCASE 3B AT PUBLIC HALL, 3rd STORY",2023-10-10,9.0,VIOLATION DISMISSED,2024-01-08,Original,Close,N,2023,2023.0,2025-10-06,90.0,2022-12-28
7895,LINDEN,BROOKLYN,1586,2021-12-28,640 STANLEY AVENUE,640.0,STANLEY AVENUE,640 STANLEY AVENUE,16108836,809552,389834.0,3,640,640,640,STANLEY AVENUE,C,2023-07-20,2023-07-21,08/24/2023,08/19/2023,,,08/22/2023,568.0,8571601.0,"HMC ADM CODE: § 27-2017.4 ABATE THE INFESTATION CONSISTING OF ROACHES IN THE ENTIRE APARTMENT LOCATED AT APT 3E, 3rd STORY, 3rd APARTMENT FROM SOUTH AT WEST",2023-07-24,9.0,VIOLATION DISMISSED,2023-11-02,Original,Close,N,2023,2023.0,2025-10-06,101.0,2022-12-28
7896,LINDEN,BROOKLYN,1586,2021-12-28,640 STANLEY AVENUE,640.0,STANLEY AVENUE,640 STANLEY AVENUE,16108837,809552,389834.0,3,640,640,640,STANLEY AVENUE,A,2023-07-20,2023-07-21,11/10/2023,10/27/2023,,,11/10/2023,484.0,8571599.0,"§ 329, M/D LAW AND DEPT. RULES AND REGS. PROVIDE A COMPLETED CERTIFICATE OF INSPECTION VISITS IN A PROPER FRAME AT OR NEAR MAILBOXES, BOTTOM EDGE OF FRAME BETWEEN 48-62 INCHES ABOVE FLOOR MISSING AT PUBLIC HALL, 1st STORY",2023-07-24,9.0,VIOLATION DISMISSED,2024-01-22,Original,Close,N,2023,2023.0,2025-10-06,182.0,2022-12-28
7897,LINDEN,BROOKLYN,1586,2021-12-28,640 STANLEY AVENUE,640.0,STANLEY AVENUE,640 STANLEY AVENUE,17940121,809552,389834.0,3,640,640,640,STANLEY AVENUE,B,2025-06-05,2025-06-05,07/25/2025,07/11/2025,,,07/15/2025,649.0,9814112.0,"§ 27-2026 ADM CODE REMOVE ALL OBSTRUCTIONS AND REPAIR ALL DEFECTS IN WASTE LINE AT WASH BASIN IN THE BATHROOM LOCATED AT APT 6A, 6th STORY, 2nd APARTMENT FROM NORTH AT EAST",2025-06-06,19.0,VIOLATION CLOSED,2025-09-04,Original,Close,Y,2025,2025.0,2025-10-06,90.0,2022-12-28
7898,LINDEN,BROOKLYN,1586,2021-12-28,640 STANLEY AVENUE,640.0,STANLEY AVENUE,640 STANLEY AVENUE,17858920,809552,389834.0,3,640,640,640,STANLEY AVENUE,C,2025-04-25,2025-04-28,05/18/2025,05/13/2025,,,05/08/2025,530.0,9734310.0,"§ 27-2005, 27-2007, 27-2041.1 HMC, §238, § 309; § 107 (2) ( C) MDL AND 28 RCNY §25-171: REPLACE OR REPAIR THE SELF-CLOSING DOORS THAT IS MISSING OR DEFECTIVE HINGES AT EAST BUILDING ENTRANCE DOOR",2025-04-29,19.0,VIOLATION CLOSED,2025-06-23,Original,Close,N,2025,2025.0,2025-10-06,55.0,2022-12-28
7899,LINDEN,BROOKLYN,1586,2021-12-28,640 STANLEY AVENUE,640.0,STANLEY AVENUE,640 STANLEY AVENUE,15704148,809552,389834.0,3,640,640,640,STANLEY AVENUE,B,2022-10-03,2023-02-02,03/23/2023,03/09/2023,,,,550.0,8275653.0,"§ 27-2017.3 HMC: TRACE AND REPAIR THE SOURCE AND ABATE THE VISIBLE MOLD CONDITION... AT WASTE LINE PIPE AT CEILING 2 SQ FT IN THE BATHROOM LOCATED AT APT 2F, 2nd STORY, 4th APARTMENT FROM WEST AT NORTH ORIGINAL VIOLATION 15409341 ISSUED 03-OCT-22 HAS BEEN UPGRADED TO CLASS B PER ADMINISTRATIVE CODE §27-2017.3a(3)(a) or (b).",2023-02-02,19.0,VIOLATION CLOSED,2024-07-16,Original,Close,N,2022,2023.0,2025-10-06,530.0,2022-12-28
7900,LINDEN,BROOKLYN,1586,2021-12-28,640 STANLEY AVENUE,640.0,STANLEY AVENUE,640 STANLEY AVENUE,15881709,809552,389834.0,3,640,640,640,STANLEY AVENUE,A,2023-03-29,2023-03-29,07/16/2023,07/02/2023,,,,1507.0,8417295.0,"(A) § HMC:FILE ANNUAL BEDBUG REPORT IN ACCORDANCE WITH HPD RULE AS DESCRIBED ON THE BACK OF THIS NOTICE OF VIOLATION OR AS DESCRIBED ON HPDS WEBSITE, WWW.NYC.GOV\HPD, SEARCH BED BUGS.",2023-03-29,9.0,VIOLATION DISMISSED,2023-04-28,Original,Close,N,2023,2023.0,2025-10-06,30.0,2022-12-28
7901,LINDEN,BROOKLYN,1586,2021-12-28,640 STANLEY AVENUE,640.0,STANLEY AVENUE,640 STANLEY AVENUE,16292130,809552,389834.0,3,640,640,640,STANLEY AVENUE,C,2023-10-06,2023-10-06,10/29/2023,10/24/2023,,,10/28/2023,530.0,8677102.0,"§ 27-2005, 27-2007, 27-2041.1 HMC, §238, § 309; § 107 (2) ( C) MDL AND 28 RCNY §25-171: REPLACE OR REPAIR THE SELF-CLOSING DOORS THAT IS MISSING OR DEFECTIVE HOPPER DOOR AT PUBLIC HALL, 3rd STORY",2023-10-10,9.0,VIOLATION DISMISSED,2024-01-08,Original,Close,N,2023,2023.0,2025-10-06,90.0,2022-12-28
7902,LINDEN,BROOKLYN,1586,2021-12-28,640 STANLEY AVENUE,640.0,STANLEY AVENUE,640 STANLEY AVENUE,16292131,809552,389834.0,3,640,640,640,STANLEY AVENUE,C,2023-10-06,2023-10-06,10/29/2023,10/24/2023,,,10/28/2023,530.0,8677102.0,"§ 27-2005, 27-2007, 27-2041.1 HMC, §238, § 309; § 107 (2) ( C) MDL AND 28 RCNY §25-171: REPLACE OR REPAIR THE SELF-CLOSING DOORS THAT IS MISSING OR DEFECTIVE FIRE STAIRCASE A AT PUBLIC HALL, 2nd STORY",2023-10-10,9.0,VIOLATION DISMISSED,2024-01-08,Original,Close,N,2023,2023.0,2025-10-06,90.0,2022-12-28
7903,LINDEN,BROOKLYN,1586,2021-12-28,640 STANLEY AVENUE,640.0,STANLEY AVENUE,640 STANLEY AVENUE,16292133,809552,389834.0,3,640,640,640,STANLEY AVENUE,C,2023-10-06,2023-10-06,10/29/2023,10/24/2023,,,10/28/2023,530.0,8677102.0,"§ 27-2005, 27-2007, 27-2041.1 HMC, §238, § 309; § 107 (2) ( C) MDL AND 28 RCNY §25-171: REPLACE OR REPAIR THE SELF-CLOSING DOORS THAT IS MISSING OR DEFECTIVE STAIRCASE B AT PUBLIC HALL, 1st STORY",2023-10-10,9.0,VIOLATION DISMISSED,2024-01-08,Original,Close,N,2023,2023.0,2025-10-06,90.0,2022-12-28
7904,LINDEN,BROOKLYN,1586,2021-12-28,640 STANLEY AVENUE,640.0,STANLEY AVENUE,640 STANLEY AVENUE,16292134,809552,389834.0,3,640,640,640,STANLEY AVENUE,C,2023-10-06,2023-10-06,10/29/2023,10/24/2023,,,10/28/2023,530.0,8677102.0,"§ 27-2005, 27-2007, 27-2041.1 HMC, §238, § 309; § 107 (2) ( C) MDL AND 28 RCNY §25-171: REPLACE OR REPAIR THE SELF-CLOSING DOORS THAT IS MISSING OR DEFECTIVE FIRE STAIRCASE A AT PUBLIC HALL, 1st STORY",2023-10-10,9.0,VIOLATION DISMISSED,2024-01-08,Original,Close,N,2023,2023.0,2025-10-06,90.0,2022-12-28
7905,LINDEN,BROOKLYN,1586,2021-12-28,640 STANLEY AVENUE,640.0,STANLEY AVENUE,640 STANLEY AVENUE,16292135,809552,389834.0,3,640,640,640,STANLEY AVENUE,C,2023-10-06,2023-10-06,10/29/2023,10/24/2023,,,10/28/2023,530.0,8677102.0,"§ 27-2005, 27-2007, 27-2041.1 HMC, §238, § 309; § 107 (2) ( C) MDL AND 28 RCNY §25-171: REPLACE OR REPAIR THE SELF-CLOSING DOORS THAT IS MISSING OR DEFECTIVE HOPPER DOOR AT PUBLIC HALL, 1st STORY",2023-10-10,9.0,VIOLATION DISMISSED,2024-01-08,Original,Close,N,2023,2023.0,2025-10-06,90.0,2022-12-28
7906,LINDEN,BROOKLYN,1586,2021-12-28,640 STANLEY AVENUE,640.0,STANLEY AVENUE,640 STANLEY AVENUE,16292136,809552,389834.0,3,640,640,640,STANLEY AVENUE,C,2023-10-06,2023-10-06,10/29/2023,10/24/2023,,,10/28/2023,530.0,8677102.0,"§ 27-2005, 27-2007, 27-2041.1 HMC, §238, § 309; § 107 (2) ( C) MDL AND 28 RCNY §25-171: REPLACE OR REPAIR THE SELF-CLOSING DOORS THAT IS MISSING OR DEFECTIVE BUILDING ENTRANCE DOOR AT PUBLIC HALL, 1st STORY",2023-10-10,9.0,VIOLATION DISMISSED,2024-01-08,Original,Close,N,2023,2023.0,2025-10-06,90.0,2022-12-28
7907,LINDEN,BROOKLYN,1586,2021-12-28,640 STANLEY AVENUE,640.0,STANLEY AVENUE,640 STANLEY AVENUE,17816523,809552,389834.0,3,640,640,640,STANLEY AVENUE,B,2025-04-05,2025-04-06,05/26/2025,05/12/2025,,,05/13/2025,501.0,9703772.0,"§ 27-2005 HMC: PROPERLY REPAIR OR REPLACE THE BROKEN OR DEFECTIVE LATCH SET AT HOPPER DOOR COMPACTOR CLOSET AT PUBLIC HALL, 8th STORY",2025-04-07,9.0,VIOLATION DISMISSED,2025-07-24,Original,Close,N,2025,2025.0,2025-10-06,108.0,2022-12-28
7908,LINDEN,BROOKLYN,1586,2021-12-28,640 STANLEY AVENUE,640.0,STANLEY AVENUE,640 STANLEY AVENUE,17940123,809552,389834.0,3,640,640,640,STANLEY AVENUE,C,2025-06-05,2025-06-05,06/25/2025,06/20/2025,,,06/13/2025,530.0,9814113.0,"§ 27-2005, 27-2007, 27-2041.1 HMC, §238, § 309; § 107 (2) ( C) MDL AND 28 RCNY §25-171: REPLACE OR REPAIR THE SELF-CLOSING DOORS THAT IS MISSING OR DEFECTIVE HINGE FOR FIRE DOOR AT EAST SIDE STAIR 2 AT PUBLIC HALL STAIRS, 1st STORY",2025-06-06,19.0,VIOLATION CLOSED,2025-06-23,Original,Close,N,2025,2025.0,2025-10-06,17.0,2022-12-28
7909,LINDEN,BROOKLYN,1586,2021-12-28,640 STANLEY AVENUE,640.0,STANLEY AVENUE,640 STANLEY AVENUE,17280937,809552,389834.0,3,640,640,640,STANLEY AVENUE,B,2024-09-18,2024-09-25,11/14/2024,10/31/2024,,,,508.0,9354896.0,"§ 27-2005 ADM CODE REPAIR THE BROKEN OR DEFECTIVE PLASTERED SURFACES AND PAINT IN A UNIFORM COLOR AT EAST WALL IN THE 4th ROOM FROM NORTH LOCATED AT APT 6C, 6th STORY, 1st APARTMENT FROM SOUTH AT WEST",2024-09-26,11.0,VIOLATION WILL BE REINSPECTED,2025-10-01,Original,Open,N,2024,2024.0,2025-10-06,375.0,2022-12-28
7910,LINDEN,BROOKLYN,1586,2021-12-28,640 STANLEY AVENUE,640.0,STANLEY AVENUE,640 STANLEY AVENUE,17280934,809552,389834.0,3,640,640,640,STANLEY AVENUE,A,2024-09-18,2024-09-18,01/06/2025,12/23/2024,,,,556.0,9343468.0,"§ 27-2013 ADM CODE PAINT WITH LIGHT COLORED PAINT TO THE SATISFACTION OF THIS DEPARTMENT EAST, NORTH AND SOUTH WALLS IN THE 5th ROOM FROM NORTH LOCATED AT APT 6C, 6th STORY, 1st APARTMENT FROM SOUTH AT WEST",2024-09-19,11.0,VIOLATION WILL BE REINSPECTED,2025-10-01,Original,Open,N,2024,2024.0,2025-10-06,382.0,2022-12-28
7911,LINDEN,BROOKLYN,1586,2021-12-28,640 STANLEY AVENUE,640.0,STANLEY AVENUE,640 STANLEY AVENUE,15409341,809552,389834.0,3,640,640,640,STANLEY AVENUE,A,2022-10-03,2022-10-04,01/22/2023,01/08/2023,,,,550.0,8061978.0,"§ 27-2017.3 HMC: TRACE AND REPAIR THE SOURCE AND ABATE THE VISIBLE MOLD CONDITION... AT WASTE LINE PIPE AT CEILING 2 SQ FT IN THE BATHROOM LOCATED AT APT 2F, 2nd STORY, 4th APARTMENT FROM WEST AT NORTH",2022-10-05,19.0,VIOLATION CLOSED,2023-02-02,Original,Close,N,2022,2022.0,2025-10-06,120.0,2022-12-28
7912,LINDEN,BROOKLYN,1586,2021-12-28,640 STANLEY AVENUE,640.0,STANLEY AVENUE,640 STANLEY AVENUE,15409345,809552,389834.0,3,640,640,640,STANLEY AVENUE,A,2022-10-03,2022-10-06,01/24/2023,01/10/2023,,,,556.0,8064833.0,"§ 27-2013 ADM CODE PAINT WITH LIGHT COLORED PAINT TO THE SATISFACTION OF THIS DEPARTMENT ALL WALLS AND CEILING IN THE ENTIRE APARTMENT LOCATED AT APT 2F, 2nd STORY, 4th APARTMENT FROM WEST AT NORTH",2022-10-07,19.0,VIOLATION CLOSED,2024-06-24,Original,Close,N,2022,2022.0,2025-10-06,626.0,2022-12-28
7913,LINDEN,BROOKLYN,1586,2021-12-28,640 STANLEY AVENUE,640.0,STANLEY AVENUE,640 STANLEY AVENUE,15409346,809552,389834.0,3,640,640,640,STANLEY AVENUE,C,2022-10-03,2022-10-06,11/07/2022,11/02/2022,,,,569.0,8064835.0,"HMC ADM CODE: § 27-2017.4 ABATE THE INFESTATION CONSISTING OF MICE IN THE ENTIRE APARTMENT LOCATED AT APT 2F, 2nd STORY, 4th APARTMENT FROM WEST AT NORTH",2022-10-07,19.0,VIOLATION CLOSED,2024-10-17,Original,Close,N,2022,2022.0,2025-10-06,741.0,2022-12-28
7914,LINDEN,BROOKLYN,1586,2021-12-28,640 STANLEY AVENUE,640.0,STANLEY AVENUE,640 STANLEY AVENUE,15409347,809552,389834.0,3,640,640,640,STANLEY AVENUE,C,2022-10-03,2022-10-06,11/07/2022,11/02/2022,,,,568.0,8064835.0,"HMC ADM CODE: § 27-2017.4 ABATE THE INFESTATION CONSISTING OF ROACHES IN THE ENTIRE APARTMENT LOCATED AT APT 2F, 2nd STORY, 4th APARTMENT FROM WEST AT NORTH",2022-10-07,19.0,VIOLATION CLOSED,2024-10-17,Original,Close,N,2022,2022.0,2025-10-06,741.0,2022-12-28
7915,LINDEN,BROOKLYN,1586,2021-12-28,640 STANLEY AVENUE,640.0,STANLEY AVENUE,640 STANLEY AVENUE,16292128,809552,389834.0,3,640,640,640,STANLEY AVENUE,B,2023-10-06,2023-10-06,11/28/2023,11/14/2023,,,11/28/2023,501.0,8677101.0,"§ 27-2005 HMC: PROPERLY REPAIR OR REPLACE THE BROKEN OR DEFECTIVE DOOR KNOB TO FIRE STAIRCASE 3B INOPPERABLE AT PUBLIC HALL, 3rd STORY",2023-10-10,9.0,VIOLATION DISMISSED,2024-02-08,Original,Close,N,2023,2023.0,2025-10-06,121.0,2022-12-28
7916,LINDEN,BROOKLYN,1586,2021-12-28,640 STANLEY AVENUE,640.0,STANLEY AVENUE,640 STANLEY AVENUE,16292132,809552,389834.0,3,640,640,640,STANLEY AVENUE,C,2023-10-06,2023-10-06,10/29/2023,10/24/2023,,,10/28/2023,530.0,8677102.0,"§ 27-2005, 27-2007, 27-2041.1 HMC, §238, § 309; § 107 (2) ( C) MDL AND 28 RCNY §25-171: REPLACE OR REPAIR THE SELF-CLOSING DOORS THAT IS MISSING OR DEFECTIVE HOPPER DOOR AT PUBLIC HALL, 2nd STORY",2023-10-10,9.0,VIOLATION DISMISSED,2024-01-08,Original,Close,N,2023,2023.0,2025-10-06,90.0,2022-12-28
7917,LINDEN,BROOKLYN,1586,2021-12-28,640 STANLEY AVENUE,640.0,STANLEY AVENUE,640 STANLEY AVENUE,17858919,809552,389834.0,3,640,640,640,STANLEY AVENUE,C,2025-04-25,2025-04-28,05/18/2025,05/13/2025,,,05/13/2025,530.0,9734310.0,"§ 27-2005, 27-2007, 27-2041.1 HMC, §238, § 309; § 107 (2) ( C) MDL AND 28 RCNY §25-171: REPLACE OR REPAIR THE SELF-CLOSING DOORS THAT IS MISSING OR DEFECTIVE HINGES EAST VESTIBULE DOOR",2025-04-29,19.0,VIOLATION CLOSED,2025-06-23,Original,Close,N,2025,2025.0,2025-10-06,55.0,2022-12-28
7918,LINDEN,BROOKLYN,1586,2021-12-28,640 STANLEY AVENUE,640.0,STANLEY AVENUE,640 STANLEY AVENUE,17496830,809552,389834.0,3,640,640,640,STANLEY AVENUE,C,2024-12-02,2024-12-03,12/17/2024,12/10/2024,,,12/17/2024,672.0,9506640.0,§ 27-2033 ADM CODE PROVIDE READY ACCESS TO BUILDINGS HEATING SYSTEM DOOR LOCKED AT BOILER ROOM,2024-12-04,9.0,VIOLATION DISMISSED,2025-02-27,Original,Close,N,2024,2024.0,2025-10-06,85.0,2022-12-28
7919,LINDEN,BROOKLYN,1586,2021-12-28,640 STANLEY AVENUE,640.0,STANLEY AVENUE,640 STANLEY AVENUE,16770330,809552,389834.0,3,640,640,640,STANLEY AVENUE,B,2024-03-25,2024-03-25,05/14/2024,04/30/2024,,,,508.0,9005674.0,"§ 27-2005 ADM CODE REPAIR THE BROKEN OR DEFECTIVE PLASTERED SURFACES AND PAINT IN A UNIFORM COLOR THE CEILING AND NORTH WALL IN THE 1st ROOM FROM NORTH LOCATED AT APT 3E, 3rd STORY, 3rd APARTMENT FROM SOUTH AT WEST",2024-03-26,19.0,VIOLATION CLOSED,2025-09-29,Original,Close,N,2024,2024.0,2025-10-06,552.0,2022-12-28
7920,LINDEN,BROOKLYN,1586,2021-12-28,640 STANLEY AVENUE,640.0,STANLEY AVENUE,640 STANLEY AVENUE,16770331,809552,389834.0,3,640,640,640,STANLEY AVENUE,C,2024-03-25,2024-03-25,04/14/2024,04/09/2024,,,04/14/2024,530.0,9005675.0,"§ 27-2005, 27-2007, 27-2041.1 HMC, §238, § 309; § 107 (2) ( C) MDL AND 28 RCNY §25-171: REPLACE OR REPAIR THE SELF-CLOSING DOORS THAT IS MISSING OR DEFECTIVE DOOR AND DOORFRAME BINDING IN THE ENTRANCE LOCATED AT APT 3E, 3rd STORY, 3rd APARTMENT FROM SOUTH AT WEST",2024-03-26,19.0,VIOLATION CLOSED,2024-06-24,Original,Close,N,2024,2024.0,2025-10-06,90.0,2022-12-28
7921,LINDEN,BROOKLYN,1586,2021-12-28,640 STANLEY AVENUE,640.0,STANLEY AVENUE,640 STANLEY AVENUE,17496829,809552,389834.0,3,640,640,640,STANLEY AVENUE,C,2024-12-02,2024-12-03,12/15/2024,12/03/2024,,,12/13/2024,670.0,9505242.0,"§ 27-2031 ADM CODE PROVIDE HOT WATER AT ALL HOT WATER FIXTURES IN THE ENTIRE APARTMENT LOCATED AT APT 6B, 6th STORY, 2nd APARTMENT FROM WEST AT NORTH",2024-12-04,9.0,VIOLATION DISMISSED,2025-02-24,Original,Close,Y,2024,2024.0,2025-10-06,82.0,2022-12-28
7922,LINDEN,BROOKLYN,1586,2021-12-28,640 STANLEY AVENUE,640.0,STANLEY AVENUE,640 STANLEY AVENUE,17940122,809552,389834.0,3,640,640,640,STANLEY AVENUE,B,2025-06-05,2025-06-05,07/25/2025,07/11/2025,,,06/13/2025,566.0,9814111.0,"566 (B) 27-2021.4 HMC: ABATE THE NUISANCE CONSISTING OF PESTS. EVIDENCE OF FLIES AT PUBLIC HALL, 1st STORY",2025-06-06,9.0,VIOLATION DISMISSED,2025-08-25,Original,Close,N,2025,2025.0,2025-10-06,80.0,2022-12-28
7923,LINDEN,BROOKLYN,1586,2021-12-28,640 STANLEY AVENUE,640.0,STANLEY AVENUE,640 STANLEY AVENUE,15007579,809552,389834.0,3,640,640,640,STANLEY AVENUE,A,2022-03-08,2022-03-08,06/25/2022,06/11/2022,,,,1507.0,7794553.0,"(A) § HMC:FILE ANNUAL BEDBUG REPORT IN ACCORDANCE WITH HPD RULE AS DESCRIBED ON THE BACK OF THIS NOTICE OF VIOLATION OR AS DESCRIBED ON HPDS WEBSITE, WWW.NYC.GOV\HPD, SEARCH BED BUGS.",2022-03-08,9.0,VIOLATION DISMISSED,2023-04-28,Original,Close,N,2022,2022.0,2025-10-06,416.0,2022-12-28
7924,LINDEN,BROOKLYN,1586,2021-12-28,640 STANLEY AVENUE,640.0,STANLEY AVENUE,640 STANLEY AVENUE,15409343,809552,389834.0,3,640,640,640,STANLEY AVENUE,B,2022-10-03,2022-10-06,11/25/2022,11/11/2022,,,,502.0,8064834.0,"§ 27-2005 ADM CODE PROPERLY REPAIR WITH SIMILAR MATERIAL THE BROKEN OR DEFECTIVE WOOD FLOOR IN THE KITCHEN LOCATED AT APT 2F, 2nd STORY, 4th APARTMENT FROM WEST AT NORTH",2022-10-07,19.0,VIOLATION CLOSED,2024-06-24,Original,Close,N,2022,2022.0,2025-10-06,626.0,2022-12-28
7925,LINDEN,BROOKLYN,1586,2021-12-28,640 STANLEY AVENUE,640.0,STANLEY AVENUE,640 STANLEY AVENUE,17816520,809552,389834.0,3,640,640,640,STANLEY AVENUE,C,2025-04-05,2025-04-06,04/26/2025,04/21/2025,,,04/24/2025,530.0,9703773.0,"§ 27-2005, 27-2007, 27-2041.1 HMC, §238, § 309; § 107 (2) ( C) MDL AND 28 RCNY §25-171: REPLACE OR REPAIR THE SELF-CLOSING DOORS THAT IS MISSING OR DEFECTIVE LATCH SET AT HOPPER DOOR COMPACTOR CLOSET AT PUBLIC HALL, 8th STORY",2025-04-07,19.0,VIOLATION CLOSED,2025-04-28,Original,Close,N,2025,2025.0,2025-10-06,21.0,2022-12-28
7926,LINDEN,BROOKLYN,1586,2021-12-28,640 STANLEY AVENUE,640.0,STANLEY AVENUE,640 STANLEY AVENUE,17280935,809552,389834.0,3,640,640,640,STANLEY AVENUE,B,2024-09-18,2024-09-18,11/07/2024,10/24/2024,,,,508.0,9343469.0,"§ 27-2005 ADM CODE REPAIR THE BROKEN OR DEFECTIVE PLASTERED SURFACES AND PAINT IN A UNIFORM COLOR AT NORTH WALL IN THE 5th ROOM FROM NORTH LOCATED AT APT 6C, 6th STORY, 1st APARTMENT FROM SOUTH AT WEST",2024-09-19,11.0,VIOLATION WILL BE REINSPECTED,2025-10-01,Original,Open,N,2024,2024.0,2025-10-06,382.0,2022-12-28
7927,LINDEN,BROOKLYN,1586,2021-12-28,640 STANLEY AVENUE,640.0,STANLEY AVENUE,640 STANLEY AVENUE,17280938,809552,389834.0,3,640,640,640,STANLEY AVENUE,A,2024-09-18,2024-09-18,01/06/2025,12/23/2024,,,,556.0,9343468.0,"§ 27-2013 ADM CODE PAINT WITH LIGHT COLORED PAINT TO THE SATISFACTION OF THIS DEPARTMENT EAST AND WEST WALLS IN THE PRIVATE HALLWAY LOCATED AT APT 6C, 6th STORY, 1st APARTMENT FROM SOUTH AT WEST",2024-09-19,11.0,VIOLATION WILL BE REINSPECTED,2025-10-01,Original,Open,N,2024,2024.0,2025-10-06,382.0,2022-12-28
7928,LINDEN,BROOKLYN,1586,2021-12-28,640 STANLEY AVENUE,640.0,STANLEY AVENUE,640 STANLEY AVENUE,18209088,809552,389834.0,3,640,640,640,STANLEY AVENUE,C,2025-08-29,2025-09-04,09/24/2025,09/19/2025,,,09/19/2025,530.0,9980714.0,"§ 27-2005, 27-2007, 27-2041.1 HMC, §238, § 309; § 107 (2) ( C) MDL AND 28 RCNY §25-171: REPLACE OR REPAIR THE SELF-CLOSING DOORS THAT IS MISSING OR DEFECTIVE LATCH, BUILDING FRONT ENTRANCE DOOR",2025-09-05,19.0,VIOLATION CLOSED,2025-09-29,Original,Close,N,2025,2025.0,2025-10-06,24.0,2022-12-28
7929,LINDEN,BROOKLYN,1586,2021-12-28,245 WORTMAN AVENUE,245.0,WORTMAN AVENUE,245 WORTMAN AVENUE,15654861,809926,389835.0,3,245,231,247,WORTMAN AVENUE,B,2023-01-10,2023-01-12,03/03/2023,02/17/2023,,,,579.0,8252233.0,"§ 27-2026 ADM CODE REPAIR THE LEAKY AND/OR DEFECTIVE FAUCETS AT WASHBASIN IN THE BATHROOM LOCATED AT APT 14M, 14th STORY, 2nd APARTMENT FROM SOUTH AT WEST",2023-01-13,19.0,VIOLATION CLOSED,2024-06-25,Original,Close,N,2023,2023.0,2025-10-06,529.0,2022-12-28
7930,LINDEN,BROOKLYN,1586,2021-12-28,245 WORTMAN AVENUE,245.0,WORTMAN AVENUE,245 WORTMAN AVENUE,17079111,809926,389835.0,3,245,231,247,WORTMAN AVENUE,B,2024-06-24,2024-06-25,08/14/2024,07/31/2024,,,08/14/2024,1503.0,9220833.0,"§ 27-2046.1 HMC: REPAIR OR REPLACE THE CARBON MONOXIDE DETECTING DEVICE(S). DEFECTIVE IN THE ENTIRE APARTMENT LOCATED AT APT 14M, 14th STORY, 2nd APARTMENT FROM SOUTH AT WEST",2024-06-26,19.0,VIOLATION CLOSED,2024-10-16,Original,Close,N,2024,2024.0,2025-10-06,112.0,2022-12-28
7931,LINDEN,BROOKLYN,1586,2021-12-28,245 WORTMAN AVENUE,245.0,WORTMAN AVENUE,245 WORTMAN AVENUE,17623489,809926,389835.0,3,245,231,247,WORTMAN AVENUE,B,2025-01-15,2025-01-15,03/06/2025,02/20/2025,,,02/19/2025,593.0,9583403.0,"§ 27-2026 ADM CODE REPAIR THE FLUSHING APPARATUS AND MAINTAIN SAME SO AS TO FLUSH EFFECTIVELY THE WATER CLOSET IN THE BATHROOM LOCATED AT APT 3D, 3rd STORY, 2nd APARTMENT FROM EAST AT SOUTH",2025-01-16,9.0,VIOLATION DISMISSED,2025-05-02,Original,Close,Y,2025,2025.0,2025-10-06,106.0,2022-12-28
7932,LINDEN,BROOKLYN,1586,2021-12-28,245 WORTMAN AVENUE,245.0,WORTMAN AVENUE,245 WORTMAN AVENUE,15124011,809926,389835.0,3,245,231,247,WORTMAN AVENUE,A,2022-04-19,2022-04-20,08/08/2022,07/25/2022,,,,554.0,7883922.0,"§ 27-2005 ADM CODE PAINT METAL IN ACCORDANCE WITH DEPT. REGULATION .. 1st DOOR FRAME FROM EAST AT SOUTH WALL, 2nd CLOSET FROM WEST AT NORTH WALL DOOR FRAME, 3rd CLOSET FROM WEST AT NORTH WALL DOOR FRAME IN THE 1st PRIVATE HALLWAY FROM EAST LOCATED AT APT 13D, 13th STORY, 2nd APARTMENT FROM EAST AT SOUTH",2022-04-21,19.0,VIOLATION CLOSED,2024-12-10,Original,Close,N,2022,2022.0,2025-10-06,964.0,2022-12-28
7933,LINDEN,BROOKLYN,1586,2021-12-28,245 WORTMAN AVENUE,245.0,WORTMAN AVENUE,245 WORTMAN AVENUE,17184346,809926,389835.0,3,245,231,247,WORTMAN AVENUE,A,2024-08-11,2024-08-11,11/29/2024,11/15/2024,,,,722.0,9285428.0,"§ 27-2053 ADM CODE POST SIGN ON WALL OF ENTRANCE STORY BEARING NAME, ADDRESS INCLUDING APARTMENT NUMBER IF ANY, AND TELEPHONE NUMBER OF SUPERINTENDENT, JANITOR OR HOUSEKEEPER. AT PUBLIC HALL, 1st STORY",2024-08-12,19.0,VIOLATION CLOSED,2025-04-29,Original,Close,N,2024,2024.0,2025-10-06,260.0,2022-12-28
7934,LINDEN,BROOKLYN,1586,2021-12-28,245 WORTMAN AVENUE,245.0,WORTMAN AVENUE,245 WORTMAN AVENUE,15194696,809926,389835.0,3,245,231,247,WORTMAN AVENUE,B,2022-06-06,2022-06-07,07/27/2022,07/13/2022,,,,508.0,7933819.0,"§ 27-2005 ADM CODE REPAIR THE BROKEN OR DEFECTIVE PLASTERED SURFACES AND PAINT IN A UNIFORM COLOR THE WEST WALL IN THE 2nd ROOM FROM EAST LOCATED AT APT 2D, 2nd STORY, 1st APARTMENT FROM EAST AT SOUTH , SECTION AT SOUTHEAST",2022-06-08,19.0,VIOLATION CLOSED,2024-07-02,Original,Close,N,2022,2022.0,2025-10-06,755.0,2022-12-28
7935,LINDEN,BROOKLYN,1586,2021-12-28,245 WORTMAN AVENUE,245.0,WORTMAN AVENUE,245 WORTMAN AVENUE,15194697,809926,389835.0,3,245,231,247,WORTMAN AVENUE,B,2022-06-06,2022-06-07,07/27/2022,07/13/2022,,,,583.0,7933819.0,"§ 27-2026, 2027 HMC: PROPERLY REPAIR THE SOURCE AND ABATE THE EVIDENCE OF A WATER LEAK AT WEST WALL IN THE 2nd ROOM FROM EAST LOCATED AT APT 2D, 2nd STORY, 1st APARTMENT FROM EAST AT SOUTH , SECTION AT SOUTHEAST",2022-06-08,19.0,VIOLATION CLOSED,2024-07-02,Original,Close,N,2022,2022.0,2025-10-06,755.0,2022-12-28
7936,LINDEN,BROOKLYN,1586,2021-12-28,245 WORTMAN AVENUE,245.0,WORTMAN AVENUE,245 WORTMAN AVENUE,15194698,809926,389835.0,3,245,231,247,WORTMAN AVENUE,B,2022-06-06,2022-06-07,07/27/2022,07/13/2022,,,,583.0,7933819.0,"§ 27-2026, 2027 HMC: PROPERLY REPAIR THE SOURCE AND ABATE THE EVIDENCE OF A WATER LEAK AT EAST WALL IN THE KITCHEN LOCATED AT APT 2D, 2nd STORY, 1st APARTMENT FROM EAST AT SOUTH , SECTION AT SOUTHEAST",2022-06-08,19.0,VIOLATION CLOSED,2024-07-02,Original,Close,N,2022,2022.0,2025-10-06,755.0,2022-12-28
7937,LINDEN,BROOKLYN,1586,2021-12-28,245 WORTMAN AVENUE,245.0,WORTMAN AVENUE,245 WORTMAN AVENUE,17427837,809926,389835.0,3,245,231,247,WORTMAN AVENUE,B,2024-11-13,2024-11-14,01/03/2025,12/20/2024,,,,508.0,9429341.0,"§ 27-2005 ADM CODE REPAIR THE BROKEN OR DEFECTIVE PLASTERED SURFACES AND PAINT IN A UNIFORM COLOR THE CEILING IN THE 1st ROOM FROM NORTH LOCATED AT APT 14M, 14th STORY",2024-11-15,19.0,VIOLATION CLOSED,2024-12-03,Original,Close,N,2024,2024.0,2025-10-06,18.0,2022-12-28
7938,LINDEN,BROOKLYN,1586,2021-12-28,245 WORTMAN AVENUE,245.0,WORTMAN AVENUE,245 WORTMAN AVENUE,17548152,809926,389835.0,3,245,231,247,WORTMAN AVENUE,B,2024-12-06,2024-12-10,01/29/2025,01/15/2025,,,01/29/2025,508.0,9531441.0,"§ 27-2005 ADM CODE REPAIR THE BROKEN OR DEFECTIVE PLASTERED SURFACES AND PAINT IN A UNIFORM COLOR SOUTH WALL IN THE 1st ROOM FROM NORTH LOCATED AT APT 10M, 10th STORY, 2nd APARTMENT FROM WEST AT NORTH , SECTION ''EAST''",2024-12-11,9.0,VIOLATION DISMISSED,2025-04-11,Original,Close,N,2024,2024.0,2025-10-06,121.0,2022-12-28
7939,LINDEN,BROOKLYN,1586,2021-12-28,245 WORTMAN AVENUE,245.0,WORTMAN AVENUE,245 WORTMAN AVENUE,15359728,809926,389835.0,3,245,231,247,WORTMAN AVENUE,B,2022-09-06,2022-09-07,10/27/2022,10/13/2022,,,,508.0,8030742.0,"§ 27-2005 ADM CODE REPAIR THE BROKEN OR DEFECTIVE PLASTERED SURFACES AND PAINT IN A UNIFORM COLOR AT NORTH WALL IN THE PRIVATE HALLWAY LOCATED AT APT 2D, 2nd STORY, 2nd APARTMENT FROM EAST AT SOUTH",2022-09-08,19.0,VIOLATION CLOSED,2024-07-02,Original,Close,N,2022,2022.0,2025-10-06,663.0,2022-12-28
7940,LINDEN,BROOKLYN,1586,2021-12-28,245 WORTMAN AVENUE,245.0,WORTMAN AVENUE,245 WORTMAN AVENUE,17243123,809926,389835.0,3,245,231,247,WORTMAN AVENUE,C,2024-09-03,2024-09-03,10/05/2024,09/30/2024,,,10/04/2024,569.0,9320431.0,"HMC ADM CODE: § 27-2017.4 ABATE THE INFESTATION CONSISTING OF MICE IN THE ENTIRE APARTMENT LOCATED AT APT 3K, 3rd STORY, 3rd APARTMENT FROM SOUTH AT WEST",2024-09-04,19.0,VIOLATION CLOSED,2025-04-15,Original,Close,N,2024,2024.0,2025-10-06,223.0,2022-12-28
7941,LINDEN,BROOKLYN,1586,2021-12-28,245 WORTMAN AVENUE,245.0,WORTMAN AVENUE,245 WORTMAN AVENUE,15359729,809926,389835.0,3,245,231,247,WORTMAN AVENUE,B,2022-09-06,2022-09-07,10/27/2022,10/13/2022,,,,508.0,8030742.0,"§ 27-2005 ADM CODE REPAIR THE BROKEN OR DEFECTIVE PLASTERED SURFACES AND PAINT IN A UNIFORM COLOR AT EAST WALL IN THE KITCHEN LOCATED AT APT 2D, 2nd STORY, 2nd APARTMENT FROM EAST AT SOUTH",2022-09-08,19.0,VIOLATION CLOSED,2024-07-02,Original,Close,N,2022,2022.0,2025-10-06,663.0,2022-12-28
7942,LINDEN,BROOKLYN,1586,2021-12-28,245 WORTMAN AVENUE,245.0,WORTMAN AVENUE,245 WORTMAN AVENUE,15360343,809926,389835.0,3,245,231,247,WORTMAN AVENUE,A,2022-09-06,2022-09-07,12/26/2022,12/12/2022,,,,556.0,8030741.0,"§ 27-2013 ADM CODE PAINT WITH LIGHT COLORED PAINT TO THE SATISFACTION OF THIS DEPARTMENT ALL PEELING PAINT SURFACES IN THE PRIVATE HALLWAY , THE KITCHEN , THE 2nd ROOM FROM EAST LOCATED AT APT 2D, 2nd STORY, 2nd APARTMENT FROM EAST AT SOUTH",2022-09-08,19.0,VIOLATION CLOSED,2024-07-02,Original,Close,N,2022,2022.0,2025-10-06,663.0,2022-12-28
7943,LINDEN,BROOKLYN,1586,2021-12-28,245 WORTMAN AVENUE,245.0,WORTMAN AVENUE,245 WORTMAN AVENUE,17243122,809926,389835.0,3,245,231,247,WORTMAN AVENUE,A,2024-09-03,2024-09-03,12/22/2024,12/08/2024,,,,556.0,9320429.0,"§ 27-2013 ADM CODE PAINT WITH LIGHT COLORED PAINT TO THE SATISFACTION OF THIS DEPARTMENT THE SOUTH SOUTH WALL IN THE BATHROOM LOCATED AT APT 3K, 3rd STORY, 3rd APARTMENT FROM SOUTH AT WEST",2024-09-04,19.0,VIOLATION CLOSED,2024-12-03,Original,Close,N,2024,2024.0,2025-10-06,90.0,2022-12-28
7944,LINDEN,BROOKLYN,1586,2021-12-28,245 WORTMAN AVENUE,245.0,WORTMAN AVENUE,245 WORTMAN AVENUE,17248587,809926,389835.0,3,245,231,247,WORTMAN AVENUE,A,2024-09-03,2024-09-03,12/22/2024,12/08/2024,,,,556.0,9320429.0,"§ 27-2013 ADM CODE PAINT WITH LIGHT COLORED PAINT TO THE SATISFACTION OF THIS DEPARTMENT ALL PEELING PAINT SURFACES IN THE BATHROOM , THE KITCHEN LOCATED AT APT 3K, 3rd STORY, 3rd APARTMENT FROM SOUTH AT WEST",2024-09-04,19.0,VIOLATION CLOSED,2024-12-03,Original,Close,N,2024,2024.0,2025-10-06,90.0,2022-12-28
7945,LINDEN,BROOKLYN,1586,2021-12-28,245 WORTMAN AVENUE,245.0,WORTMAN AVENUE,245 WORTMAN AVENUE,17355332,809926,389835.0,3,245,231,247,WORTMAN AVENUE,B,2024-10-12,2024-10-16,12/05/2024,11/21/2024,,,,508.0,9385909.0,"§ 27-2005 ADM CODE REPAIR THE BROKEN OR DEFECTIVE PLASTERED SURFACES AND PAINT IN A UNIFORM COLOR THE WEST WALL AND THE CEILING IN THE FOYER LOCATED AT APT 14M, 14th STORY, 2nd APARTMENT FROM NORTH AT EAST",2024-10-17,19.0,VIOLATION CLOSED,2025-04-29,Original,Close,N,2024,2024.0,2025-10-06,194.0,2022-12-28
7946,LINDEN,BROOKLYN,1586,2021-12-28,245 WORTMAN AVENUE,245.0,WORTMAN AVENUE,245 WORTMAN AVENUE,17355337,809926,389835.0,3,245,231,247,WORTMAN AVENUE,B,2024-10-12,2024-10-16,12/05/2024,11/21/2024,,,,507.0,9385909.0,"§ 27-2005 ADM CODE REPAIR THE ROOF SO THAT IT WILL NOT LEAK OVER THE CEILING IN THE 1st ROOM FROM NORTH LOCATED AT APT 14M, 14th STORY, 2nd APARTMENT FROM NORTH AT EAST",2024-10-17,19.0,VIOLATION CLOSED,2024-12-03,Original,Close,Y,2024,2024.0,2025-10-06,47.0,2022-12-28
7947,LINDEN,BROOKLYN,1586,2021-12-28,245 WORTMAN AVENUE,245.0,WORTMAN AVENUE,245 WORTMAN AVENUE,17355338,809926,389835.0,3,245,231,247,WORTMAN AVENUE,B,2024-10-12,2024-10-16,12/05/2024,11/21/2024,,,,508.0,9385909.0,"§ 27-2005 ADM CODE REPAIR THE BROKEN OR DEFECTIVE PLASTERED SURFACES AND PAINT IN A UNIFORM COLOR THE CEILING IN THE 1st ROOM FROM NORTH LOCATED AT APT 14M, 14th STORY, 2nd APARTMENT FROM NORTH AT EAST",2024-10-17,19.0,VIOLATION CLOSED,2024-12-03,Original,Close,N,2024,2024.0,2025-10-06,47.0,2022-12-28
7948,LINDEN,BROOKLYN,1586,2021-12-28,245 WORTMAN AVENUE,245.0,WORTMAN AVENUE,245 WORTMAN AVENUE,17427840,809926,389835.0,3,245,231,247,WORTMAN AVENUE,B,2024-11-13,2024-11-14,01/03/2025,12/20/2024,,,01/03/2025,508.0,9429341.0,"§ 27-2005 ADM CODE REPAIR THE BROKEN OR DEFECTIVE PLASTERED SURFACES AND PAINT IN A UNIFORM COLOR THE CEILING IN THE PRIVATE HALLWAY LOCATED AT APT 14M, 14th STORY, 2nd APARTMENT FROM NORTH AT EAST",2024-11-15,9.0,VIOLATION DISMISSED,2025-03-17,Original,Close,N,2024,2024.0,2025-10-06,122.0,2022-12-28
7949,LINDEN,BROOKLYN,1586,2021-12-28,245 WORTMAN AVENUE,245.0,WORTMAN AVENUE,245 WORTMAN AVENUE,17330439,809926,389835.0,3,245,231,247,WORTMAN AVENUE,A,2024-10-03,2024-10-03,01/21/2025,01/07/2025,,,,556.0,9367058.0,"§ 27-2013 ADM CODE PAINT WITH LIGHT COLORED PAINT TO THE SATISFACTION OF THIS DEPARTMENT ALL PEELING PAINT SURFACES IN THE KITCHEN , THE BATHROOM LOCATED AT APT 3K, 3rd STORY, 3rd APARTMENT FROM SOUTH AT WEST , SECTION AT NORTH",2024-10-04,19.0,VIOLATION CLOSED,2024-12-03,Original,Close,N,2024,2024.0,2025-10-06,60.0,2022-12-28
7950,LINDEN,BROOKLYN,1586,2021-12-28,245 WORTMAN AVENUE,245.0,WORTMAN AVENUE,245 WORTMAN AVENUE,15367954,809926,389835.0,3,245,231,247,WORTMAN AVENUE,B,2022-09-16,2022-09-16,11/07/2022,10/24/2022,,,,502.0,8042779.0,"§ 27-2005 ADM CODE PROPERLY REPAIR WITH SIMILAR MATERIAL THE BROKEN OR DEFECTIVE VINYL FLOOR TILES IN THE KITCHEN LOCATED AT APT 2D, 2nd STORY, 2nd APARTMENT FROM EAST AT SOUTH",2022-09-19,19.0,VIOLATION CLOSED,2024-07-02,Original,Close,N,2022,2022.0,2025-10-06,652.0,2022-12-28
7951,LINDEN,BROOKLYN,1586,2021-12-28,245 WORTMAN AVENUE,245.0,WORTMAN AVENUE,245 WORTMAN AVENUE,15654864,809926,389835.0,3,245,231,247,WORTMAN AVENUE,B,2023-01-10,2023-01-10,03/01/2023,02/15/2023,,,,508.0,8248960.0,"§ 27-2005 ADM CODE REPAIR THE BROKEN OR DEFECTIVE PLASTERED SURFACES AND PAINT IN A UNIFORM COLOR AT WEST WALL IN THE 1st ROOM FROM EAST LOCATED AT APT 4D, 1st STORY, 1st APARTMENT FROM SOUTH AT WEST",2023-01-11,19.0,VIOLATION CLOSED,2024-06-25,Original,Close,N,2023,2023.0,2025-10-06,531.0,2022-12-28
7952,LINDEN,BROOKLYN,1586,2021-12-28,245 WORTMAN AVENUE,245.0,WORTMAN AVENUE,245 WORTMAN AVENUE,17761450,809926,389835.0,3,245,231,247,WORTMAN AVENUE,A,2025-03-12,2025-03-13,07/01/2025,06/17/2025,,,06/11/2025,502.0,9670432.0,"§ 27-2005 ADM CODE PROPERLY REPAIR WITH SIMILAR MATERIAL THE BROKEN OR DEFECTIVE WOOD DOOR IN THE 1st ROOM FROM NORTH AT WEST LOCATED AT APT 3K, 3rd STORY, 3rd APARTMENT FROM SOUTH AT WEST",2025-03-14,9.0,VIOLATION DISMISSED,2025-08-22,Original,Close,N,2025,2025.0,2025-10-06,161.0,2022-12-28
7953,LINDEN,BROOKLYN,1586,2021-12-28,245 WORTMAN AVENUE,245.0,WORTMAN AVENUE,245 WORTMAN AVENUE,17761455,809926,389835.0,3,245,231,247,WORTMAN AVENUE,A,2025-03-12,2025-03-13,07/01/2025,06/17/2025,,,06/11/2025,502.0,9670432.0,"§ 27-2005 ADM CODE PROPERLY REPAIR WITH SIMILAR MATERIAL THE BROKEN OR DEFECTIVE WOOD DOOR IN THE PRIVATE HALLWAY LOCATED AT APT 3K, 3rd STORY, 3rd APARTMENT FROM SOUTH AT WEST",2025-03-14,9.0,VIOLATION DISMISSED,2025-08-22,Original,Close,N,2025,2025.0,2025-10-06,161.0,2022-12-28
7954,LINDEN,BROOKLYN,1586,2021-12-28,245 WORTMAN AVENUE,245.0,WORTMAN AVENUE,245 WORTMAN AVENUE,15307711,809926,389835.0,3,245,231,247,WORTMAN AVENUE,B,2022-08-04,2022-08-06,09/26/2022,09/12/2022,,,,502.0,7998087.0,"§ 27-2005 ADM CODE PROPERLY REPAIR WITH SIMILAR MATERIAL THE BROKEN OR DEFECTIVE BASE CABINET DRAWER WOOD AT EAST IN THE KITCHEN LOCATED AT APT 2D, 2nd STORY, 1st APARTMENT FROM EAST AT SOUTH",2022-08-08,19.0,VIOLATION CLOSED,2024-07-02,Original,Close,N,2022,2022.0,2025-10-06,694.0,2022-12-28
7955,LINDEN,BROOKLYN,1586,2021-12-28,245 WORTMAN AVENUE,245.0,WORTMAN AVENUE,245 WORTMAN AVENUE,15307842,809926,389835.0,3,245,231,247,WORTMAN AVENUE,C,2022-08-04,2022-08-06,09/06/2022,09/01/2022,,,,617.0,7998088.0,"§ 27-2056.6 ADM CODE - CORRECT THE LEAD-BASED PAINT HAZARD - PAINT THAT TESTED POSITIVE FOR LEAD CONTENT AND THAT IS PEELING OR ON A DETERIORATED SUBSURFACE - USING WORK PRACTICES SET FORTH IN 28 RCNY §11-06(B)(2) 1st DOOR FRAME FROM WEST AT NORTH WALL IN THE 2nd ROOM FROM EAST LOCATED AT APT 2D, 2nd STORY, 1st APARTMENT FROM EAST AT SOUTH",2022-08-08,20.0,DEFECT LETTER ISSUED,2025-09-20,Original,Open,N,2022,2022.0,2025-10-06,1155.0,2022-12-28
7956,LINDEN,BROOKLYN,1586,2021-12-28,245 WORTMAN AVENUE,245.0,WORTMAN AVENUE,245 WORTMAN AVENUE,15124012,809926,389835.0,3,245,231,247,WORTMAN AVENUE,A,2022-04-19,2022-04-20,08/08/2022,07/25/2022,,,,556.0,7883922.0,"§ 27-2013 ADM CODE PAINT WITH LIGHT COLORED PAINT TO THE SATISFACTION OF THIS DEPARTMENT .. EAST WALL IN THE FOYER LOCATED AT APT 13D, 13th STORY, 2nd APARTMENT FROM EAST AT SOUTH",2022-04-21,19.0,VIOLATION CLOSED,2024-12-10,Original,Close,N,2022,2022.0,2025-10-06,964.0,2022-12-28
7957,LINDEN,BROOKLYN,1586,2021-12-28,245 WORTMAN AVENUE,245.0,WORTMAN AVENUE,245 WORTMAN AVENUE,15124562,809926,389835.0,3,245,231,247,WORTMAN AVENUE,A,2022-04-19,2022-04-20,08/08/2022,07/25/2022,,,,556.0,7883922.0,"§ 27-2013 ADM CODE PAINT WITH LIGHT COLORED PAINT TO THE SATISFACTION OF THIS DEPARTMENT ALL PEELING PAINT SURFACES IN THE 4th ROOM FROM EAST, THE 2nd PRIVATE HALLWAY FROM EAST, THE 1st ROOM FROM EAST AT SOUTH, THE KITCHEN LOCATED AT APT 13D, 13th STORY, 2nd APARTMENT FROM EAST AT SOUTH",2022-04-21,19.0,VIOLATION CLOSED,2024-12-10,Original,Close,N,2022,2022.0,2025-10-06,964.0,2022-12-28
7958,LINDEN,BROOKLYN,1586,2021-12-28,245 WORTMAN AVENUE,245.0,WORTMAN AVENUE,245 WORTMAN AVENUE,17865553,809926,389835.0,3,245,231,247,WORTMAN AVENUE,C,2025-04-28,2025-04-29,05/19/2025,05/14/2025,,,05/13/2025,530.0,9736092.0,"§ 27-2005, 27-2007, 27-2041.1 HMC, §238, § 309; § 107 (2) ( C) MDL AND 28 RCNY §25-171: REPLACE OR REPAIR THE SELF-CLOSING DOORS THAT IS MISSING OR DEFECTIVE HINGE AT BALCONY DOOR AT WEST AT PUBLIC HALL, 14th STORY, SECTION AT SOUTH",2025-04-30,19.0,VIOLATION CLOSED,2025-05-30,Original,Close,N,2025,2025.0,2025-10-06,30.0,2022-12-28
7959,LINDEN,BROOKLYN,1586,2021-12-28,245 WORTMAN AVENUE,245.0,WORTMAN AVENUE,245 WORTMAN AVENUE,15124013,809926,389835.0,3,245,231,247,WORTMAN AVENUE,B,2022-04-19,2022-04-20,06/09/2022,05/26/2022,,,,508.0,7883923.0,"§ 27-2005 ADM CODE REPAIR THE BROKEN OR DEFECTIVE PLASTERED SURFACES AND PAINT IN A UNIFORM COLOR BEHIND SINK BASE CABINET EAST WALL IN THE KITCHEN LOCATED AT APT 13D, 13th STORY, 2nd APARTMENT FROM EAST AT SOUTH",2022-04-21,19.0,VIOLATION CLOSED,2024-12-10,Original,Close,N,2022,2022.0,2025-10-06,964.0,2022-12-28
7960,LINDEN,BROOKLYN,1586,2021-12-28,245 WORTMAN AVENUE,245.0,WORTMAN AVENUE,245 WORTMAN AVENUE,15978738,809926,389835.0,3,245,231,247,WORTMAN AVENUE,B,2023-01-10,2023-05-11,06/29/2023,06/15/2023,,,05/23/2023,550.0,8482795.0,"§ 27-2017.3 HMC: TRACE AND REPAIR THE SOURCE AND ABATE THE VISIBLE MOLD CONDITION... APPROX 3 SQFT AT CEILING IN THE BATHROOM LOCATED AT APT 14M, 14th STORY, 2nd APARTMENT FROM SOUTH AT WEST ORIGINAL VIOLATION 15654859 ISSUED 10-JAN-23 HAS BEEN UPGRADED TO CLASS B PER ADMINISTRATIVE CODE §27-2017.3a(3)(a) or (b).",2023-05-11,9.0,VIOLATION DISMISSED,2023-08-03,Original,Close,N,2023,2023.0,2025-10-06,84.0,2022-12-28
7961,LINDEN,BROOKLYN,1586,2021-12-28,245 WORTMAN AVENUE,245.0,WORTMAN AVENUE,245 WORTMAN AVENUE,15978739,809926,389835.0,3,245,231,247,WORTMAN AVENUE,B,2023-01-10,2023-05-11,06/29/2023,06/15/2023,,,05/23/2023,550.0,8482796.0,"§ 27-2017.3 HMC: TRACE AND REPAIR THE SOURCE AND ABATE THE VISIBLE MOLD CONDITION... APPROX 1 SQFT AT SOUTH WALL IN THE BATHROOM LOCATED AT APT 4D, 1st STORY, 1st APARTMENT FROM SOUTH AT WEST ORIGINAL VIOLATION 15654863 ISSUED 10-JAN-23 HAS BEEN UPGRADED TO CLASS B PER ADMINISTRATIVE CODE §27-2017.3a(3)(a) or (b).",2023-05-11,9.0,VIOLATION DISMISSED,2023-08-03,Original,Close,N,2023,2023.0,2025-10-06,84.0,2022-12-28
7962,LINDEN,BROOKLYN,1586,2021-12-28,245 WORTMAN AVENUE,245.0,WORTMAN AVENUE,245 WORTMAN AVENUE,15654860,809926,389835.0,3,245,231,247,WORTMAN AVENUE,A,2023-01-10,2023-01-10,04/30/2023,04/16/2023,,,05/02/2023,508.0,8248957.0,"§ 27-2005 ADM CODE REPAIR THE BROKEN OR DEFECTIVE PLASTERED SURFACES AND PAINT IN A UNIFORM COLOR AT CEILING IN THE BATHROOM LOCATED AT APT 14M, 14th STORY, 2nd APARTMENT FROM SOUTH AT WEST",2023-01-11,19.0,VIOLATION CLOSED,2024-06-25,Original,Close,N,2023,2023.0,2025-10-06,531.0,2022-12-28
7963,LINDEN,BROOKLYN,1586,2021-12-28,245 WORTMAN AVENUE,245.0,WORTMAN AVENUE,245 WORTMAN AVENUE,17321763,809926,389835.0,3,245,231,247,WORTMAN AVENUE,C,2024-10-04,2024-10-04,10/26/2024,10/21/2024,,,10/24/2024,530.0,9370460.0,"§ 27-2005, 27-2007, 27-2041.1 HMC, §238, § 309; § 107 (2) ( C) MDL AND 28 RCNY §25-171: REPLACE OR REPAIR THE SELF-CLOSING DOORS THAT IS MISSING OR DEFECTIVE LATCH AT 2ND FIRE DOOR FROM EAST AT SOUTH WALL AT PUBLIC HALL, 2nd STORY",2024-10-07,19.0,VIOLATION CLOSED,2024-11-02,Original,Close,N,2024,2024.0,2025-10-06,26.0,2022-12-28
7964,LINDEN,BROOKLYN,1586,2021-12-28,245 WORTMAN AVENUE,245.0,WORTMAN AVENUE,245 WORTMAN AVENUE,17153075,809926,389835.0,3,245,231,247,WORTMAN AVENUE,C,2024-07-30,2024-07-30,08/31/2024,08/26/2024,,,,568.0,9269321.0,"HMC ADM CODE: § 27-2017.4 ABATE THE INFESTATION CONSISTING OF ROACHES IN THE ENTIRE APARTMENT LOCATED AT APT 3B, 3rd STORY, 1st APARTMENT FROM WEST AT NORTH",2024-07-31,19.0,VIOLATION CLOSED,2025-04-15,Original,Close,N,2024,2024.0,2025-10-06,258.0,2022-12-28
7965,LINDEN,BROOKLYN,1586,2021-12-28,245 WORTMAN AVENUE,245.0,WORTMAN AVENUE,245 WORTMAN AVENUE,17321764,809926,389835.0,3,245,231,247,WORTMAN AVENUE,A,2024-10-04,2024-10-04,01/24/2025,01/10/2025,,,11/18/2024,501.0,9370459.0,"§ 27-2005 HMC: PROPERLY REPAIR OR REPLACE THE BROKEN OR DEFECTIVE LATCH AT 2ND FIRE DOOR FROM EAST AT SOUTH WALL AT PUBLIC HALL, 2nd STORY",2024-10-07,19.0,VIOLATION CLOSED,2025-04-29,Original,Close,N,2024,2024.0,2025-10-06,204.0,2022-12-28
7966,LINDEN,BROOKLYN,1586,2021-12-28,245 WORTMAN AVENUE,245.0,WORTMAN AVENUE,245 WORTMAN AVENUE,15359727,809926,389835.0,3,245,231,247,WORTMAN AVENUE,C,2022-09-06,2022-09-07,10/09/2022,10/04/2022,,,,568.0,8030743.0,"HMC ADM CODE: § 27-2017.4 ABATE THE INFESTATION CONSISTING OF ROACHES IN THE ENTIRE APARTMENT LOCATED AT APT 2D, 2nd STORY, 2nd APARTMENT FROM EAST AT SOUTH",2022-09-08,19.0,VIOLATION CLOSED,2024-08-26,Original,Close,N,2022,2022.0,2025-10-06,718.0,2022-12-28
7967,LINDEN,BROOKLYN,1586,2021-12-28,245 WORTMAN AVENUE,245.0,WORTMAN AVENUE,245 WORTMAN AVENUE,18096025,809926,389835.0,3,245,231,247,WORTMAN AVENUE,A,2025-07-18,2025-07-21,11/08/2025,10/25/2025,,,,550.0,9918478.0,"§ 27-2017.3 HMC: TRACE AND REPAIR THE SOURCE AND ABATE THE VISIBLE MOLD CONDITION... LESS THAN 10 SQ.FT. AT WEST WALL IN THE 2nd ROOM FROM EAST LOCATED AT APT 2D, 2nd STORY, 2nd APARTMENT FROM EAST AT SOUTH",2025-07-22,19.0,VIOLATION CLOSED,2025-09-22,Original,Close,N,2025,2025.0,2025-10-06,62.0,2022-12-28
7968,LINDEN,BROOKLYN,1586,2021-12-28,245 WORTMAN AVENUE,245.0,WORTMAN AVENUE,245 WORTMAN AVENUE,15350046,809926,389835.0,3,245,231,247,WORTMAN AVENUE,B,2022-08-31,2022-08-31,10/20/2022,10/06/2022,,,,1503.0,8023805.0,"§ 27-2046.1 HMC: REPAIR OR REPLACE THE CARBON MONOXIDE DETECTING DEVICE(S). MISSING LOCATED AT APT 10M, 10th STORY, 2nd APARTMENT FROM NORTH AT EAST , SECTION AT NORTH",2022-09-01,19.0,VIOLATION CLOSED,2024-06-25,Original,Close,N,2022,2022.0,2025-10-06,663.0,2022-12-28
7969,LINDEN,BROOKLYN,1586,2021-12-28,245 WORTMAN AVENUE,245.0,WORTMAN AVENUE,245 WORTMAN AVENUE,17079099,809926,389835.0,3,245,231,247,WORTMAN AVENUE,B,2024-06-24,2024-06-25,08/14/2024,07/31/2024,,,08/14/2024,507.0,9220832.0,"§ 27-2005 ADM CODE REPAIR THE ROOF SO THAT IT WILL NOT LEAK AT CEILING AT PUBLIC HALL, 14th STORY",2024-06-26,19.0,VIOLATION CLOSED,2025-04-29,Original,Close,Y,2024,2024.0,2025-10-06,307.0,2022-12-28
7970,LINDEN,BROOKLYN,1586,2021-12-28,245 WORTMAN AVENUE,245.0,WORTMAN AVENUE,245 WORTMAN AVENUE,15788825,809926,389835.0,3,245,231,247,WORTMAN AVENUE,C,2023-03-18,2023-03-18,04/20/2023,04/15/2023,,,,568.0,8358345.0,"HMC ADM CODE: § 27-2017.4 ABATE THE INFESTATION CONSISTING OF ROACHES IN THE ENTIRE APARTMENT LOCATED AT APT 7G, 7th STORY, 1st APARTMENT FROM SOUTH AT WEST",2023-03-20,19.0,VIOLATION CLOSED,2024-10-17,Original,Close,N,2023,2023.0,2025-10-06,577.0,2022-12-28
7971,LINDEN,BROOKLYN,1586,2021-12-28,245 WORTMAN AVENUE,245.0,WORTMAN AVENUE,245 WORTMAN AVENUE,15250273,809926,389835.0,3,245,231,247,WORTMAN AVENUE,C,2022-07-10,2022-07-10,08/11/2022,08/06/2022,,,,568.0,7968426.0,"HMC ADM CODE: § 27-2017.4 ABATE THE INFESTATION CONSISTING OF ROACHES IN THE ENTIRE APARTMENT LOCATED AT APT 2D, 2nd STORY, 2nd APARTMENT FROM NORTH AT EAST",2022-07-11,19.0,VIOLATION CLOSED,2024-08-26,Original,Close,N,2022,2022.0,2025-10-06,777.0,2022-12-28
7972,LINDEN,BROOKLYN,1586,2021-12-28,245 WORTMAN AVENUE,245.0,WORTMAN AVENUE,245 WORTMAN AVENUE,15124009,809926,389835.0,3,245,231,247,WORTMAN AVENUE,B,2022-04-19,2022-04-20,06/09/2022,05/26/2022,,,,506.0,7883923.0,"§ 27-2005 ADM CODE REPLACE WITH NEW THE MISSING GLASS PANE AT LOWER SASH OF THE 1ST WINDOW FROM EAST AT SOUTH WALL IN THE 1st ROOM FROM EAST AT SOUTH LOCATED AT APT 13D, 13th STORY, 2nd APARTMENT FROM EAST AT SOUTH",2022-04-21,19.0,VIOLATION CLOSED,2024-12-10,Original,Close,N,2022,2022.0,2025-10-06,964.0,2022-12-28
7973,LINDEN,BROOKLYN,1586,2021-12-28,245 WORTMAN AVENUE,245.0,WORTMAN AVENUE,245 WORTMAN AVENUE,15250274,809926,389835.0,3,245,231,247,WORTMAN AVENUE,B,2022-07-10,2022-07-10,08/29/2022,08/15/2022,,,,508.0,7968425.0,"§ 27-2005 ADM CODE REPAIR THE BROKEN OR DEFECTIVE PLASTERED SURFACES AND PAINT IN A UNIFORM COLOR THE SOUTH WALL IN THE 3rd ROOM FROM NORTH LOCATED AT APT 2D, 2nd STORY, 2nd APARTMENT FROM NORTH AT EAST",2022-07-11,19.0,VIOLATION CLOSED,2024-07-02,Original,Close,N,2022,2022.0,2025-10-06,722.0,2022-12-28
7974,LINDEN,BROOKLYN,1586,2021-12-28,245 WORTMAN AVENUE,245.0,WORTMAN AVENUE,245 WORTMAN AVENUE,15307695,809926,389835.0,3,245,231,247,WORTMAN AVENUE,B,2022-08-04,2022-08-06,09/26/2022,09/12/2022,,,,583.0,7998087.0,"§ 27-2026, 2027 HMC: PROPERLY REPAIR THE SOURCE AND ABATE THE EVIDENCE OF A WATER LEAK AT WEST WALL IN THE 2nd ROOM FROM EAST LOCATED AT APT 2D, 2nd STORY, 1st APARTMENT FROM EAST AT SOUTH",2022-08-08,19.0,VIOLATION CLOSED,2024-07-02,Original,Close,N,2022,2022.0,2025-10-06,694.0,2022-12-28
7975,LINDEN,BROOKLYN,1586,2021-12-28,245 WORTMAN AVENUE,245.0,WORTMAN AVENUE,245 WORTMAN AVENUE,17882943,809926,389835.0,3,245,231,247,WORTMAN AVENUE,C,2025-05-05,2025-05-07,05/27/2025,05/22/2025,,,05/13/2025,530.0,9748388.0,"§ 27-2005, 27-2007, 27-2041.1 HMC, §238, § 309; § 107 (2) ( C) MDL AND 28 RCNY §25-171: REPLACE OR REPAIR THE SELF-CLOSING DOORS THAT IS MISSING OR DEFECTIVE HINGRS AT HOPPER DOOR AT PUBLIC HALL, 3rd STORY",2025-05-08,19.0,VIOLATION CLOSED,2025-05-20,Original,Close,N,2025,2025.0,2025-10-06,12.0,2022-12-28
7976,LINDEN,BROOKLYN,1586,2021-12-28,245 WORTMAN AVENUE,245.0,WORTMAN AVENUE,245 WORTMAN AVENUE,17935335,809926,389835.0,3,245,231,247,WORTMAN AVENUE,C,2025-05-28,2025-06-02,06/22/2025,06/17/2025,,,06/18/2025,530.0,9783003.0,"§ 27-2005, 27-2007, 27-2041.1 HMC, §238, § 309; § 107 (2) ( C) MDL AND 28 RCNY §25-171: REPLACE OR REPAIR THE SELF-CLOSING DOORS THAT IS MISSING OR DEFECTIVE HINGES IN THE ENTRANCE LOCATED AT APT 14M, 14th STORY, 2nd APARTMENT FROM NORTH AT EAST",2025-06-03,19.0,VIOLATION CLOSED,2025-06-23,Original,Close,N,2025,2025.0,2025-10-06,20.0,2022-12-28
7977,LINDEN,BROOKLYN,1586,2021-12-28,245 WORTMAN AVENUE,245.0,WORTMAN AVENUE,245 WORTMAN AVENUE,17329419,809926,389835.0,3,245,231,247,WORTMAN AVENUE,B,2024-10-07,2024-10-08,11/27/2024,11/13/2024,,,,502.0,9374154.0,"§ 27-2005 ADM CODE PROPERLY REPAIR WITH SIMILAR MATERIAL THE BROKEN OR DEFECTIVE WOOD FLOOR IN THE 1st ROOM FROM EAST AT SOUTH LOCATED AT APT 2D, 2nd STORY, 2nd APARTMENT FROM EAST AT SOUTH",2024-10-09,19.0,VIOLATION CLOSED,2025-04-29,Original,Close,N,2024,2024.0,2025-10-06,202.0,2022-12-28
7978,LINDEN,BROOKLYN,1586,2021-12-28,245 WORTMAN AVENUE,245.0,WORTMAN AVENUE,245 WORTMAN AVENUE,17079094,809926,389835.0,3,245,231,247,WORTMAN AVENUE,C,2024-06-24,2024-06-25,07/15/2024,07/10/2024,,,07/14/2024,530.0,9220837.0,"§ 27-2005, 27-2007, 27-2041.1 HMC, §238, § 309; § 107 (2) ( C) MDL AND 28 RCNY §25-171: REPLACE OR REPAIR THE SELF-CLOSING DOORS THAT IS MISSING OR DEFECTIVE LATCH SET AT HOPPER DOOR TO TRASH CHUTE AT PUBLIC HALL, 1st STORY",2024-06-26,19.0,VIOLATION CLOSED,2024-08-23,Original,Close,N,2024,2024.0,2025-10-06,58.0,2022-12-28
7979,LINDEN,BROOKLYN,1586,2021-12-28,245 WORTMAN AVENUE,245.0,WORTMAN AVENUE,245 WORTMAN AVENUE,17882924,809926,389835.0,3,245,231,247,WORTMAN AVENUE,A,2025-05-05,2025-05-07,08/25/2025,08/11/2025,,,,556.0,9748385.0,"§ 27-2013 ADM CODE PAINT WITH LIGHT COLORED PAINT TO THE SATISFACTION OF THIS DEPARTMENT AT WEST WALL IN THE 3rd ROOM FROM EAST LOCATED AT APT 3D, 3rd STORY, 2nd APARTMENT FROM EAST AT SOUTH",2025-05-08,19.0,VIOLATION CLOSED,2025-05-30,Original,Close,N,2025,2025.0,2025-10-06,22.0,2022-12-28
7980,LINDEN,BROOKLYN,1586,2021-12-28,245 WORTMAN AVENUE,245.0,WORTMAN AVENUE,245 WORTMAN AVENUE,18057824,809926,389835.0,3,245,231,247,WORTMAN AVENUE,A,2025-06-29,2025-07-03,10/20/2025,10/06/2025,,,07/25/2025,508.0,9895282.0,"§ 27-2005 ADM CODE REPAIR THE BROKEN OR DEFECTIVE PLASTERED SURFACES AND PAINT IN A UNIFORM COLOR AT NORTH WALL IN THE BATHROOM LOCATED AT APT 10M, 10th STORY, 3rd APARTMENT FROM NORTH AT EAST",2025-07-03,19.0,VIOLATION CLOSED,2025-09-29,Original,Close,N,2025,2025.0,2025-10-06,88.0,2022-12-28
7981,LINDEN,BROOKLYN,1586,2021-12-28,245 WORTMAN AVENUE,245.0,WORTMAN AVENUE,245 WORTMAN AVENUE,18057825,809926,389835.0,3,245,231,247,WORTMAN AVENUE,A,2025-06-29,2025-07-03,10/20/2025,10/06/2025,,,07/25/2025,553.0,9895282.0,"§ 27-2011 ADM CODE CLEANSE TO THE SATISFACTION OF THIS DEPARTMENT THE DUST AND DEBRIS AROUND VENTILATION SYSTEM CAUSING MALFUNCTION IN THE BATHROOM LOCATED AT APT 10M, 10th STORY, 3rd APARTMENT FROM NORTH AT EAST",2025-07-03,19.0,VIOLATION CLOSED,2025-09-29,Original,Close,N,2025,2025.0,2025-10-06,88.0,2022-12-28
7982,LINDEN,BROOKLYN,1586,2021-12-28,245 WORTMAN AVENUE,245.0,WORTMAN AVENUE,245 WORTMAN AVENUE,18057826,809926,389835.0,3,245,231,247,WORTMAN AVENUE,B,2025-06-29,2025-07-03,08/21/2025,08/07/2025,,,07/25/2025,702.0,9895283.0,"§ 27-2045 ADM CODE REPAIR OR REPLACE THE SMOKE DETECTOR MISSING IN THE ENTIRE APARTMENT LOCATED AT APT 10M, 10th STORY, 3rd APARTMENT FROM NORTH AT EAST",2025-07-03,19.0,VIOLATION CLOSED,2025-09-29,Original,Close,N,2025,2025.0,2025-10-06,88.0,2022-12-28
7983,LINDEN,BROOKLYN,1586,2021-12-28,245 WORTMAN AVENUE,245.0,WORTMAN AVENUE,245 WORTMAN AVENUE,17184348,809926,389835.0,3,245,231,247,WORTMAN AVENUE,C,2024-08-11,2024-08-11,08/25/2024,08/18/2024,,,08/23/2024,671.0,9285429.0,"§ 27-2033 ADM CODE POST NOTICE, IN FORM APPROVED BY THE DEPARTMENT, STATING THE NAME AND LOCATION OF THE PERSON DESIGNATED BY THE OWNER TO HAVE KEY TO BUILDINGS HEATING SYSTEM MISSING AT PUBLIC HALL, 1st STORY",2024-08-12,19.0,VIOLATION CLOSED,2024-10-16,Original,Close,N,2024,2024.0,2025-10-06,65.0,2022-12-28
7984,LINDEN,BROOKLYN,1586,2021-12-28,245 WORTMAN AVENUE,245.0,WORTMAN AVENUE,245 WORTMAN AVENUE,17757537,809926,389835.0,3,245,231,247,WORTMAN AVENUE,C,2025-03-14,2025-03-14,04/17/2025,04/12/2025,,,03/28/2025,568.0,9673466.0,"HMC ADM CODE: § 27-2017.4 ABATE THE INFESTATION CONSISTING OF ROACHES IN THE ENTIRE APARTMENT LOCATED AT APT 10M, 10th STORY, 2nd APARTMENT FROM WEST AT NORTH",2025-03-17,19.0,VIOLATION CLOSED,2025-06-17,Original,Close,N,2025,2025.0,2025-10-06,92.0,2022-12-28
7985,LINDEN,BROOKLYN,1586,2021-12-28,245 WORTMAN AVENUE,245.0,WORTMAN AVENUE,245 WORTMAN AVENUE,15124010,809926,389835.0,3,245,231,247,WORTMAN AVENUE,A,2022-04-19,2022-04-20,08/08/2022,07/25/2022,,,,556.0,7883922.0,"§ 27-2013 ADM CODE PAINT WITH LIGHT COLORED PAINT TO THE SATISFACTION OF THIS DEPARTMENT .. NORTH WALL IN THE 1st PRIVATE HALLWAY FROM EAST LOCATED AT APT 13D, 13th STORY, 2nd APARTMENT FROM EAST AT SOUTH",2022-04-21,19.0,VIOLATION CLOSED,2024-12-10,Original,Close,N,2022,2022.0,2025-10-06,964.0,2022-12-28
7986,LINDEN,BROOKLYN,1586,2021-12-28,245 WORTMAN AVENUE,245.0,WORTMAN AVENUE,245 WORTMAN AVENUE,15124565,809926,389835.0,3,245,231,247,WORTMAN AVENUE,C,2022-04-19,2022-04-20,05/20/2022,05/15/2022,,,,624.0,7883924.0,"§ 27-2056.6 ADM CODE - CORRECT THE LEAD-BASED PAINT HAZARD-PAINT THAT IS XRF TESTED INCONCLUSIVE FOR LEAD CONTENT AT 0.5MG/CM2 AND IS PRESUMED LEAD PAINT AS SET FORTH IN (28 RCNY §11-07(b)) AND THAT IS PEELING OR ON A DETERIORATED SUBSURFACE-USING WORK PRACTICES SET FORTH IN 28 RCNY §11-06(b)(2) 1st CLOSET FROM WEST AT NORTH WALL DOOR FRAME IN THE 1st PRIVATE HALLWAY FROM EAST LOCATED AT APT 13D, 13th STORY, 2nd APARTMENT FROM EAST AT SOUTH",2022-04-21,19.0,VIOLATION CLOSED,2022-11-30,Original,Close,N,2022,2022.0,2025-10-06,223.0,2022-12-28
7987,LINDEN,BROOKLYN,1586,2021-12-28,245 WORTMAN AVENUE,245.0,WORTMAN AVENUE,245 WORTMAN AVENUE,15194699,809926,389835.0,3,245,231,247,WORTMAN AVENUE,C,2022-06-06,2022-06-07,07/09/2022,07/04/2022,,,,568.0,7933820.0,"HMC ADM CODE: § 27-2017.4 ABATE THE INFESTATION CONSISTING OF ROACHES IN THE ENTIRE APARTMENT LOCATED AT APT 2D, 2nd STORY, 1st APARTMENT FROM EAST AT SOUTH , SECTION AT SOUTHEAST",2022-06-08,19.0,VIOLATION CLOSED,2024-08-26,Original,Close,N,2022,2022.0,2025-10-06,810.0,2022-12-28
7988,LINDEN,BROOKLYN,1586,2021-12-28,245 WORTMAN AVENUE,245.0,WORTMAN AVENUE,245 WORTMAN AVENUE,15307676,809926,389835.0,3,245,231,247,WORTMAN AVENUE,C,2022-08-04,2022-08-06,09/08/2022,09/03/2022,,,,568.0,7998089.0,"HMC ADM CODE: § 27-2017.4 ABATE THE INFESTATION CONSISTING OF ROACHES IN THE ENTIRE APARTMENT LOCATED AT APT 2D, 2nd STORY, 1st APARTMENT FROM EAST AT SOUTH",2022-08-08,19.0,VIOLATION CLOSED,2024-08-26,Original,Close,N,2022,2022.0,2025-10-06,749.0,2022-12-28
7989,LINDEN,BROOKLYN,1586,2021-12-28,245 WORTMAN AVENUE,245.0,WORTMAN AVENUE,245 WORTMAN AVENUE,15359730,809926,389835.0,3,245,231,247,WORTMAN AVENUE,B,2022-09-06,2022-09-07,10/27/2022,10/13/2022,,,,583.0,8030742.0,"§ 27-2026, 2027 HMC: PROPERLY REPAIR THE SOURCE AND ABATE THE EVIDENCE OF A WATER LEAK AT EAST WALL IN THE KITCHEN LOCATED AT APT 2D, 2nd STORY, 2nd APARTMENT FROM EAST AT SOUTH",2022-09-08,19.0,VIOLATION CLOSED,2024-07-02,Original,Close,N,2022,2022.0,2025-10-06,663.0,2022-12-28
7990,LINDEN,BROOKLYN,1586,2021-12-28,245 WORTMAN AVENUE,245.0,WORTMAN AVENUE,245 WORTMAN AVENUE,15359731,809926,389835.0,3,245,231,247,WORTMAN AVENUE,B,2022-09-06,2022-09-07,10/27/2022,10/13/2022,,,,508.0,8030742.0,"§ 27-2005 ADM CODE REPAIR THE BROKEN OR DEFECTIVE PLASTERED SURFACES AND PAINT IN A UNIFORM COLOR AT WEST WALL, NORTH WALL IN THE 2nd ROOM FROM EAST LOCATED AT APT 2D, 2nd STORY, 2nd APARTMENT FROM EAST AT SOUTH",2022-09-08,19.0,VIOLATION CLOSED,2024-07-02,Original,Close,N,2022,2022.0,2025-10-06,663.0,2022-12-28
7991,LINDEN,BROOKLYN,1586,2021-12-28,245 WORTMAN AVENUE,245.0,WORTMAN AVENUE,245 WORTMAN AVENUE,15367953,809926,389835.0,3,245,231,247,WORTMAN AVENUE,A,2022-09-16,2022-09-16,01/06/2023,12/23/2022,,,,550.0,8042778.0,"§ 27-2017.3 HMC: TRACE AND REPAIR THE SOURCE AND ABATE THE VISIBLE MOLD CONDITION... APPROXIMATELY 1SQ FT AT EAST WALL IN THE KITCHEN LOCATED AT APT 2D, 2nd STORY, 2nd APARTMENT FROM EAST AT SOUTH",2022-09-19,19.0,VIOLATION CLOSED,2023-01-17,Original,Close,N,2022,2022.0,2025-10-06,120.0,2022-12-28
7992,LINDEN,BROOKLYN,1586,2021-12-28,245 WORTMAN AVENUE,245.0,WORTMAN AVENUE,245 WORTMAN AVENUE,15601033,809926,389835.0,3,245,231,247,WORTMAN AVENUE,B,2022-08-04,2022-12-06,01/24/2023,01/10/2023,,,,550.0,8210152.0,"§ 27-2017.3 HMC: TRACE AND REPAIR THE SOURCE AND ABATE THE VISIBLE MOLD CONDITION... APPROXIMATELY 4 SQUARE FEET WEST WALL IN THE 2nd ROOM FROM EAST LOCATED AT APT 2D, 2nd STORY, 1st APARTMENT FROM EAST AT SOUTH ORIGINAL VIOLATION 15307694 ISSUED 04-AUG-22 HAS BEEN UPGRADED TO CLASS B PER ADMINISTRATIVE CODE §27-2017.3a(3)(a) or (b).",2022-12-06,19.0,VIOLATION CLOSED,2024-10-25,Original,Close,N,2022,2022.0,2025-10-06,689.0,2022-12-28
7993,LINDEN,BROOKLYN,1586,2021-12-28,245 WORTMAN AVENUE,245.0,WORTMAN AVENUE,245 WORTMAN AVENUE,15654858,809926,389835.0,3,245,231,247,WORTMAN AVENUE,B,2023-01-10,2023-01-12,03/03/2023,02/17/2023,,,,649.0,8252232.0,"§ 27-2026 ADM CODE REMOVE ALL OBSTRUCTIONS AND REPAIR ALL DEFECTS IN WASTLINE AT WASH BASIN IN THE BATHROOM LOCATED AT APT 14M, 14th STORY, 2nd APARTMENT FROM SOUTH AT WEST",2023-01-13,19.0,VIOLATION CLOSED,2024-06-25,Original,Close,Y,2023,2023.0,2025-10-06,529.0,2022-12-28
7994,LINDEN,BROOKLYN,1586,2021-12-28,245 WORTMAN AVENUE,245.0,WORTMAN AVENUE,245 WORTMAN AVENUE,15654859,809926,389835.0,3,245,231,247,WORTMAN AVENUE,A,2023-01-10,2023-01-10,04/30/2023,04/16/2023,,,05/02/2023,550.0,8248958.0,"§ 27-2017.3 HMC: TRACE AND REPAIR THE SOURCE AND ABATE THE VISIBLE MOLD CONDITION... APPROX 3 SQFT AT CEILING IN THE BATHROOM LOCATED AT APT 14M, 14th STORY, 2nd APARTMENT FROM SOUTH AT WEST",2023-01-11,19.0,VIOLATION CLOSED,2023-05-11,Original,Close,N,2023,2023.0,2025-10-06,120.0,2022-12-28
7995,LINDEN,BROOKLYN,1586,2021-12-28,245 WORTMAN AVENUE,245.0,WORTMAN AVENUE,245 WORTMAN AVENUE,15654862,809926,389835.0,3,245,231,247,WORTMAN AVENUE,C,2023-01-10,2023-01-12,01/26/2023,01/19/2023,,,,595.0,8252234.0,"§ 27-2026 ADM CODE REMOVE ALL OBSTRUCTIONS FROM WATER CLOSET ... IN THE BATHROOM LOCATED AT APT 14M, 14th STORY, 2nd APARTMENT FROM SOUTH AT WEST",2023-01-13,19.0,VIOLATION CLOSED,2023-11-13,Original,Close,Y,2023,2023.0,2025-10-06,304.0,2022-12-28
7996,LINDEN,BROOKLYN,1586,2021-12-28,245 WORTMAN AVENUE,245.0,WORTMAN AVENUE,245 WORTMAN AVENUE,15654863,809926,389835.0,3,245,231,247,WORTMAN AVENUE,A,2023-01-10,2023-01-10,04/30/2023,04/16/2023,,,,550.0,8248959.0,"§ 27-2017.3 HMC: TRACE AND REPAIR THE SOURCE AND ABATE THE VISIBLE MOLD CONDITION... APPROX 1 SQFT AT SOUTH WALL IN THE BATHROOM LOCATED AT APT 4D, 1st STORY, 1st APARTMENT FROM SOUTH AT WEST",2023-01-11,19.0,VIOLATION CLOSED,2023-05-11,Original,Close,N,2023,2023.0,2025-10-06,120.0,2022-12-28
7997,LINDEN,BROOKLYN,1586,2021-12-28,245 WORTMAN AVENUE,245.0,WORTMAN AVENUE,245 WORTMAN AVENUE,15881721,809926,389835.0,3,245,231,247,WORTMAN AVENUE,A,2023-03-29,2023-03-29,07/16/2023,07/02/2023,,,,1507.0,8417375.0,"(A) § HMC:FILE ANNUAL BEDBUG REPORT IN ACCORDANCE WITH HPD RULE AS DESCRIBED ON THE BACK OF THIS NOTICE OF VIOLATION OR AS DESCRIBED ON HPDS WEBSITE, WWW.NYC.GOV\HPD, SEARCH BED BUGS.",2023-03-29,9.0,VIOLATION DISMISSED,2023-05-15,Original,Close,N,2023,2023.0,2025-10-06,47.0,2022-12-28
7998,LINDEN,BROOKLYN,1586,2021-12-28,245 WORTMAN AVENUE,245.0,WORTMAN AVENUE,245 WORTMAN AVENUE,17079097,809926,389835.0,3,245,231,247,WORTMAN AVENUE,B,2024-06-24,2024-06-25,08/14/2024,07/31/2024,,,08/14/2024,501.0,9220832.0,"§ 27-2005 HMC: PROPERLY REPAIR OR REPLACE THE BROKEN OR DEFECTIVE LATCH SET AT HOPPER DOOR TO TRASH CHUTE AT PUBLIC HALL, 1st STORY",2024-06-26,19.0,VIOLATION CLOSED,2024-10-16,Original,Close,N,2024,2024.0,2025-10-06,112.0,2022-12-28
7999,LINDEN,BROOKLYN,1586,2021-12-28,245 WORTMAN AVENUE,245.0,WORTMAN AVENUE,245 WORTMAN AVENUE,17079101,809926,389835.0,3,245,231,247,WORTMAN AVENUE,B,2024-06-24,2024-06-25,08/14/2024,07/31/2024,,,08/14/2024,502.0,9220832.0,"§ 27-2005 ADM CODE PROPERLY REPAIR WITH SIMILAR MATERIAL THE BROKEN OR DEFECTIVE FIRE RETARDANT PLASTER AT CEILING AT PUBLIC HALL, 14th STORY",2024-06-26,19.0,VIOLATION CLOSED,2024-10-16,Original,Close,N,2024,2024.0,2025-10-06,112.0,2022-12-28
8000,LINDEN,BROOKLYN,1586,2021-12-28,245 WORTMAN AVENUE,245.0,WORTMAN AVENUE,245 WORTMAN AVENUE,17079107,809926,389835.0,3,245,231,247,WORTMAN AVENUE,B,2024-06-24,2024-06-25,08/14/2024,07/31/2024,,,08/14/2024,566.0,9220833.0,"HMC ADM CODE: § 27-2017.4 ABATE THE INFESTATION CONSISTING OF VERMIN FLIES IN THE ENTIRE APARTMENT LOCATED AT APT 14M, 14th STORY, 2nd APARTMENT FROM SOUTH AT WEST",2024-06-26,19.0,VIOLATION CLOSED,2024-12-03,Original,Close,N,2024,2024.0,2025-10-06,160.0,2022-12-28
8001,LINDEN,BROOKLYN,1586,2021-12-28,245 WORTMAN AVENUE,245.0,WORTMAN AVENUE,245 WORTMAN AVENUE,17079112,809926,389835.0,3,245,231,247,WORTMAN AVENUE,B,2024-06-24,2024-06-25,08/14/2024,07/31/2024,,,08/14/2024,702.0,9220833.0,"§ 27-2045 ADM CODE REPAIR OR REPLACE THE SMOKE DETECTOR DEFECTIVE IN THE ENTIRE APARTMENT LOCATED AT APT 14M, 14th STORY, 2nd APARTMENT FROM SOUTH AT WEST",2024-06-26,19.0,VIOLATION CLOSED,2024-10-16,Original,Close,N,2024,2024.0,2025-10-06,112.0,2022-12-28
8002,LINDEN,BROOKLYN,1586,2021-12-28,245 WORTMAN AVENUE,245.0,WORTMAN AVENUE,245 WORTMAN AVENUE,17079124,809926,389835.0,3,245,231,247,WORTMAN AVENUE,B,2024-06-24,2024-06-25,08/14/2024,07/31/2024,,,08/14/2024,1503.0,9220834.0,"§ 27-2046.1 HMC: REPAIR OR REPLACE THE CARBON MONOXIDE DETECTING DEVICE(S). MISSING IN THE ENTIRE APARTMENT LOCATED AT APT 3E, 3rd STORY, 4th APARTMENT FROM WEST AT NORTH",2024-06-26,9.0,VIOLATION DISMISSED,2024-10-25,Original,Close,N,2024,2024.0,2025-10-06,121.0,2022-12-28
8003,LINDEN,BROOKLYN,1586,2021-12-28,245 WORTMAN AVENUE,245.0,WORTMAN AVENUE,245 WORTMAN AVENUE,17079136,809926,389835.0,3,245,231,247,WORTMAN AVENUE,B,2024-06-24,2024-06-25,08/14/2024,07/31/2024,,,08/14/2024,529.0,9220834.0,"§ 27-2005 HMC: REFIT 1ST CLOSET DOOR FROM EAST AT SOUTH IN THE PRIVATE HALLWAY LOCATED AT APT 3E, 3rd STORY, 4th APARTMENT FROM WEST AT NORTH",2024-06-26,9.0,VIOLATION DISMISSED,2024-10-25,Original,Close,N,2024,2024.0,2025-10-06,121.0,2022-12-28
8004,LINDEN,BROOKLYN,1586,2021-12-28,245 WORTMAN AVENUE,245.0,WORTMAN AVENUE,245 WORTMAN AVENUE,17184345,809926,389835.0,3,245,231,247,WORTMAN AVENUE,A,2024-08-11,2024-08-11,11/29/2024,11/15/2024,,,,778.0,9285428.0,"§ 27-2104 ADM CODE POST AND MAINTAIN A PROPER SIGN ON WALL OF ENTRANCE STORY SHOWING THE REGISTRATION NUMBER ASSIGNED BY THE DEPARTMENT AND THE ADDRESS OF THE BUILDING. AT PUBLIC HALL, 1st STORY",2024-08-12,19.0,VIOLATION CLOSED,2025-04-29,Original,Close,N,2024,2024.0,2025-10-06,260.0,2022-12-28
8005,LINDEN,BROOKLYN,1586,2021-12-28,245 WORTMAN AVENUE,245.0,WORTMAN AVENUE,245 WORTMAN AVENUE,17185154,809926,389835.0,3,245,231,247,WORTMAN AVENUE,C,2024-08-12,2024-08-13,09/14/2024,09/09/2024,,,,569.0,9289567.0,"HMC ADM CODE: § 27-2017.4 ABATE THE INFESTATION CONSISTING OF MICE IN THE ENTIRE APARTMENT LOCATED AT APT 2D, 2nd STORY, 2nd APARTMENT FROM EAST AT SOUTH",2024-08-14,19.0,VIOLATION CLOSED,2025-04-15,Original,Close,N,2024,2024.0,2025-10-06,244.0,2022-12-28
8006,LINDEN,BROOKLYN,1586,2021-12-28,245 WORTMAN AVENUE,245.0,WORTMAN AVENUE,245 WORTMAN AVENUE,17243121,809926,389835.0,3,245,231,247,WORTMAN AVENUE,B,2024-09-03,2024-09-03,10/23/2024,10/09/2024,,,,583.0,9320430.0,"§ 27-2026, 2027 HMC: PROPERLY REPAIR THE SOURCE AND ABATE THE EVIDENCE OF A WATER LEAK AT THE SOUTH WALL IN THE KITCHEN LOCATED AT APT 3K, 3rd STORY, 3rd APARTMENT FROM SOUTH AT WEST",2024-09-04,19.0,VIOLATION CLOSED,2025-05-30,Original,Close,N,2024,2024.0,2025-10-06,268.0,2022-12-28
8007,LINDEN,BROOKLYN,1586,2021-12-28,245 WORTMAN AVENUE,245.0,WORTMAN AVENUE,245 WORTMAN AVENUE,17320171,809926,389835.0,3,245,231,247,WORTMAN AVENUE,B,2024-10-03,2024-10-03,11/22/2024,11/08/2024,,,,583.0,9367060.0,"§ 27-2026, 2027 HMC: PROPERLY REPAIR THE SOURCE AND ABATE THE EVIDENCE OF A WATER LEAK AT THE SOUTH WALL IN THE KITCHEN LOCATED AT APT 3K, 3rd STORY, 3rd APARTMENT FROM SOUTH AT WEST , SECTION AT NORTH",2024-10-04,19.0,VIOLATION CLOSED,2025-05-30,Original,Close,N,2024,2024.0,2025-10-06,238.0,2022-12-28
8008,LINDEN,BROOKLYN,1586,2021-12-28,245 WORTMAN AVENUE,245.0,WORTMAN AVENUE,245 WORTMAN AVENUE,17320172,809926,389835.0,3,245,231,247,WORTMAN AVENUE,B,2024-10-03,2024-10-03,11/22/2024,11/08/2024,,,,508.0,9367060.0,"§ 27-2005 ADM CODE REPAIR THE BROKEN OR DEFECTIVE PLASTERED SURFACES AND PAINT IN A UNIFORM COLOR THE SOUTH WALL IN THE KITCHEN LOCATED AT APT 3K, 3rd STORY, 3rd APARTMENT FROM SOUTH AT WEST , SECTION AT NORTH",2024-10-04,19.0,VIOLATION CLOSED,2024-12-03,Original,Close,N,2024,2024.0,2025-10-06,60.0,2022-12-28
8009,LINDEN,BROOKLYN,1586,2021-12-28,245 WORTMAN AVENUE,245.0,WORTMAN AVENUE,245 WORTMAN AVENUE,17320173,809926,389835.0,3,245,231,247,WORTMAN AVENUE,A,2024-10-03,2024-10-03,01/21/2025,01/07/2025,,,,550.0,9367059.0,"§ 27-2017.3 HMC: TRACE AND REPAIR THE SOURCE AND ABATE THE VISIBLE MOLD CONDITION... LESS THAN 10 SQ FT AT THE CEILING IN THE BATHROOM LOCATED AT APT 3K, 3rd STORY, 3rd APARTMENT FROM SOUTH AT WEST , SECTION AT NORTH",2024-10-04,19.0,VIOLATION CLOSED,2024-12-03,Original,Close,N,2024,2024.0,2025-10-06,60.0,2022-12-28
8010,LINDEN,BROOKLYN,1586,2021-12-28,245 WORTMAN AVENUE,245.0,WORTMAN AVENUE,245 WORTMAN AVENUE,17320174,809926,389835.0,3,245,231,247,WORTMAN AVENUE,C,2024-10-03,2024-10-03,11/04/2024,10/30/2024,,,10/31/2024,568.0,9367061.0,"HMC ADM CODE: § 27-2017.4 ABATE THE INFESTATION CONSISTING OF ROACHES IN THE ENTIRE APARTMENT LOCATED AT APT 3K, 3rd STORY, 3rd APARTMENT FROM SOUTH AT WEST , SECTION AT NORTH",2024-10-04,19.0,VIOLATION CLOSED,2025-03-13,Original,Close,N,2024,2024.0,2025-10-06,160.0,2022-12-28
8011,LINDEN,BROOKLYN,1586,2021-12-28,245 WORTMAN AVENUE,245.0,WORTMAN AVENUE,245 WORTMAN AVENUE,17341130,809926,389835.0,3,245,231,247,WORTMAN AVENUE,B,2024-10-10,2024-10-16,12/05/2024,11/21/2024,,,,583.0,9385908.0,"§ 27-2026, 2027 HMC: PROPERLY REPAIR THE SOURCE AND ABATE THE EVIDENCE OF A WATER LEAK AT CEILING AND EAST WALL IN THE KITCHEN LOCATED AT APT 2D, 2nd STORY, 2nd APARTMENT FROM EAST AT SOUTH",2024-10-17,19.0,VIOLATION CLOSED,2025-04-29,Original,Close,N,2024,2024.0,2025-10-06,194.0,2022-12-28
8012,LINDEN,BROOKLYN,1586,2021-12-28,245 WORTMAN AVENUE,245.0,WORTMAN AVENUE,245 WORTMAN AVENUE,17355326,809926,389835.0,3,245,231,247,WORTMAN AVENUE,C,2024-10-12,2024-10-16,11/05/2024,10/31/2024,,,11/05/2024,530.0,9385912.0,"§ 27-2005, 27-2007, 27-2041.1 HMC, §238, § 309; § 107 (2) ( C) MDL AND 28 RCNY §25-171: REPLACE OR REPAIR THE SELF-CLOSING DOORS THAT IS MISSING OR DEFECTIVE HINGES IN THE ENTRANCE LOCATED AT APT 14M, 14th STORY, 2nd APARTMENT FROM NORTH AT EAST",2024-10-17,19.0,VIOLATION CLOSED,2025-03-13,Original,Close,N,2024,2024.0,2025-10-06,147.0,2022-12-28
8013,LINDEN,BROOKLYN,1586,2021-12-28,245 WORTMAN AVENUE,245.0,WORTMAN AVENUE,245 WORTMAN AVENUE,17388468,809926,389835.0,3,245,231,247,WORTMAN AVENUE,B,2024-10-31,2024-11-04,12/25/2024,12/11/2024,,,,508.0,9415278.0,"§ 27-2005 ADM CODE REPAIR THE BROKEN OR DEFECTIVE PLASTERED SURFACES AND PAINT IN A UNIFORM COLOR AT WEST WALL IN THE 3rd ROOM FROM EAST LOCATED AT APT 4D, 4th STORY, 2nd APARTMENT FROM EAST AT SOUTH",2024-11-06,19.0,VIOLATION CLOSED,2025-04-29,Original,Close,N,2024,2024.0,2025-10-06,174.0,2022-12-28
8014,LINDEN,BROOKLYN,1586,2021-12-28,245 WORTMAN AVENUE,245.0,WORTMAN AVENUE,245 WORTMAN AVENUE,17388469,809926,389835.0,3,245,231,247,WORTMAN AVENUE,A,2024-10-31,2024-11-04,02/23/2025,02/09/2025,,,02/04/2025,556.0,9415277.0,"§ 27-2013 ADM CODE PAINT WITH LIGHT COLORED PAINT TO THE SATISFACTION OF THIS DEPARTMENT AT EAST WALL IN THE KITCHEN LOCATED AT APT 4D, 4th STORY, 2nd APARTMENT FROM EAST AT SOUTH",2024-11-06,9.0,VIOLATION DISMISSED,2025-04-17,Original,Close,N,2024,2024.0,2025-10-06,162.0,2022-12-28
8015,LINDEN,BROOKLYN,1586,2021-12-28,245 WORTMAN AVENUE,245.0,WORTMAN AVENUE,245 WORTMAN AVENUE,17388470,809926,389835.0,3,245,231,247,WORTMAN AVENUE,B,2024-10-31,2024-11-04,12/25/2024,12/11/2024,,,,508.0,9415279.0,"§ 27-2005 ADM CODE REPAIR THE BROKEN OR DEFECTIVE PLASTERED SURFACES AND PAINT IN A UNIFORM COLOR AT CEILING IN THE 1st ROOM FROM NORTH AT EAST LOCATED AT APT 14L, 14th STORY, 1st APARTMENT FROM NORTH AT EAST",2024-11-06,19.0,VIOLATION CLOSED,2024-12-03,Original,Close,N,2024,2024.0,2025-10-06,27.0,2022-12-28
8016,LINDEN,BROOKLYN,1586,2021-12-28,245 WORTMAN AVENUE,245.0,WORTMAN AVENUE,245 WORTMAN AVENUE,17482383,809926,389835.0,3,245,231,247,WORTMAN AVENUE,A,2024-11-29,2024-11-29,03/21/2025,03/07/2025,,,02/20/2025,502.0,9488430.0,"§ 27-2005 ADM CODE PROPERLY REPAIR WITH SIMILAR MATERIAL THE BROKEN OR DEFECTIVE WOOD FLOOR IN THE KITCHEN LOCATED AT APT 3K, 3rd STORY, 3rd APARTMENT FROM SOUTH AT WEST , SECTION AT NORTH",2024-12-02,9.0,VIOLATION DISMISSED,2025-05-05,Original,Close,N,2024,2024.0,2025-10-06,154.0,2022-12-28
8017,LINDEN,BROOKLYN,1586,2021-12-28,245 WORTMAN AVENUE,245.0,WORTMAN AVENUE,245 WORTMAN AVENUE,17494218,809926,389835.0,3,245,231,247,WORTMAN AVENUE,A,2024-11-29,2024-11-29,03/21/2025,03/07/2025,,,02/20/2025,556.0,9488430.0,"§ 27-2013 ADM CODE PAINT WITH LIGHT COLORED PAINT TO THE SATISFACTION OF THIS DEPARTMENT ALL PEELING PAINT SURFACES IN THE 1st ROOM FROM NORTH AT WEST, THE KITCHEN , THE 1st ROOM FROM NORTH AT EAST LOCATED AT APT 3K, 3rd STORY, 3rd APARTMENT FROM SOUTH AT WEST , SECTION AT NORTH",2024-12-02,9.0,VIOLATION DISMISSED,2025-05-05,Original,Close,N,2024,2024.0,2025-10-06,154.0,2022-12-28
8018,LINDEN,BROOKLYN,1586,2021-12-28,245 WORTMAN AVENUE,245.0,WORTMAN AVENUE,245 WORTMAN AVENUE,17548149,809926,389835.0,3,245,231,247,WORTMAN AVENUE,A,2024-12-06,2024-12-10,03/30/2025,03/16/2025,,,03/25/2025,556.0,9531440.0,"§ 27-2013 ADM CODE PAINT WITH LIGHT COLORED PAINT TO THE SATISFACTION OF THIS DEPARTMENT CEILING AND ALL WALLS IN THE ENTIRE APARTMENT LOCATED AT APT 10M, 10th STORY, 2nd APARTMENT FROM WEST AT NORTH , SECTION ''EAST''",2024-12-11,19.0,VIOLATION CLOSED,2025-05-07,Original,Close,N,2024,2024.0,2025-10-06,147.0,2022-12-28
8019,LINDEN,BROOKLYN,1586,2021-12-28,245 WORTMAN AVENUE,245.0,WORTMAN AVENUE,245 WORTMAN AVENUE,17623490,809926,389835.0,3,245,231,247,WORTMAN AVENUE,A,2025-01-15,2025-01-15,05/05/2025,04/21/2025,,,02/21/2025,1501.0,9583402.0,"§ 27-2046.1 HMC: POST A PROPER NOTICE OF CARBON MONOXIDE DETECTING DEVICE REQUIREMENTS, IN A FORM APPROVED BY THE COMMISSIONER, IN A COMMON AREA OF A CLASS A MULTIPLE DWELLING NEAR INSPECTION CERTIFICATE OR PROVIDE NOTICE TO TENANTS IN A PRIVATE DWELLING.",2025-01-16,19.0,VIOLATION CLOSED,2025-04-29,Original,Close,N,2025,2025.0,2025-10-06,103.0,2022-12-28
8020,LINDEN,BROOKLYN,1586,2021-12-28,245 WORTMAN AVENUE,245.0,WORTMAN AVENUE,245 WORTMAN AVENUE,17623491,809926,389835.0,3,245,231,247,WORTMAN AVENUE,A,2025-01-15,2025-01-15,05/05/2025,04/21/2025,,,02/21/2025,1506.0,9583402.0,"§ 27-2005 HMC: POST, IN A FORM APPROVED BY THE COMMISSIONER, AND MAINTAIN A NOTICE IN A COMMON AREA OF THE BUILDING REGARDING THE PROCEDURES THAT SHOULD BE FOLLOWED WHEN A GAS LEAK IS SUSPECTED AT PUBLIC HALL, 1st STORY",2025-01-16,19.0,VIOLATION CLOSED,2025-04-29,Original,Close,N,2025,2025.0,2025-10-06,103.0,2022-12-28
8021,LINDEN,BROOKLYN,1586,2021-12-28,245 WORTMAN AVENUE,245.0,WORTMAN AVENUE,245 WORTMAN AVENUE,17623492,809926,389835.0,3,245,231,247,WORTMAN AVENUE,A,2025-01-15,2025-01-15,05/05/2025,04/21/2025,,,02/21/2025,700.0,9583402.0,"§ 27-2045 ADM CODE POST A PROPER NOTICE OF SMOKE DETECTOR REQUIREMENTS, IN A FORM APPROVED BY THE COMMISSIONER, AT OR NEAR THE MAIL BOX AT PUBLIC HALL, 1st STORY",2025-01-16,19.0,VIOLATION CLOSED,2025-04-29,Original,Close,N,2025,2025.0,2025-10-06,103.0,2022-12-28
8022,LINDEN,BROOKLYN,1586,2021-12-28,245 WORTMAN AVENUE,245.0,WORTMAN AVENUE,245 WORTMAN AVENUE,17623493,809926,389835.0,3,245,231,247,WORTMAN AVENUE,A,2025-01-15,2025-01-15,05/05/2025,04/21/2025,,,02/21/2025,500.0,9583402.0,"§ 26-1103 ADMIN. CODE: POST AND MAINTAIN A PROPER NOTICE ON WALL OF THE ENTRANCE STORY IN ENGLISH AND SPANISH ON THE AVAILABILITY OF THE AGENCYS HOUSING INFORMATION GUIDE. A SAMPLE NOTICE CAN BE FOUND AT WWW.NYC.GOV/HPD. AT PUBLIC HALL, 1st STORY",2025-01-16,19.0,VIOLATION CLOSED,2025-04-29,Original,Close,N,2025,2025.0,2025-10-06,103.0,2022-12-28
8023,LINDEN,BROOKLYN,1586,2021-12-28,245 WORTMAN AVENUE,245.0,WORTMAN AVENUE,245 WORTMAN AVENUE,17623495,809926,389835.0,3,245,231,247,WORTMAN AVENUE,A,2025-01-15,2025-01-15,05/05/2025,04/21/2025,,,02/21/2025,778.0,9583402.0,"§ 27-2104 ADM CODE POST AND MAINTAIN A PROPER SIGN ON WALL OF ENTRANCE STORY SHOWING THE REGISTRATION NUMBER ASSIGNED BY THE DEPARTMENT AND THE ADDRESS OF THE BUILDING. AT PUBLIC HALL, 1st STORY",2025-01-16,19.0,VIOLATION CLOSED,2025-04-29,Original,Close,N,2025,2025.0,2025-10-06,103.0,2022-12-28
8024,LINDEN,BROOKLYN,1586,2021-12-28,245 WORTMAN AVENUE,245.0,WORTMAN AVENUE,245 WORTMAN AVENUE,17623496,809926,389835.0,3,245,231,247,WORTMAN AVENUE,A,2025-01-15,2025-01-15,05/05/2025,04/21/2025,,,02/21/2025,484.0,9583402.0,"§ 329, M/D LAW AND DEPT. RULES AND REGS. PROVIDE A COMPLETED CERTIFICATE OF INSPECTION VISITS IN A PROPER FRAME AT OR NEAR MAILBOXES, BOTTOM EDGE OF FRAME BETWEEN 48-62 INCHES ABOVE FLOOR MISSING FRAME AT PUBLIC HALL, 1st STORY",2025-01-16,19.0,VIOLATION CLOSED,2025-05-30,Original,Close,N,2025,2025.0,2025-10-06,134.0,2022-12-28
8025,LINDEN,BROOKLYN,1586,2021-12-28,245 WORTMAN AVENUE,245.0,WORTMAN AVENUE,245 WORTMAN AVENUE,17699163,809926,389835.0,3,245,231,247,WORTMAN AVENUE,B,2025-02-12,2025-02-15,04/08/2025,03/25/2025,,,02/25/2025,542.0,9632624.0,"28 RCNY § 25-171; & 67 (7)(B) MDL; NYC FIRE CODE § 703.1.3; NYC FIRE CODE § 703.2: ADJUST DOOR TO PREVENT GAPS BETWEEN THE TOP AND SIDE EDGES OF DOOR AND DOOR JAMB EXCEEDING THE MAXIMUM ALLOWABLE CLEARANCE OF 1/8 OF AN INCH AND MAXIMUM ALLOWABLE CLEARANCE OF 3/4 OF AN INCH BETWEEN THE DOOR BOTTOM AND SILL AT DOOR IN THE ENTRANCE LOCATED AT APT 3D, 3rd STORY, 2nd APARTMENT FROM EAST AT SOUTH",2025-02-18,19.0,VIOLATION CLOSED,2025-05-30,Original,Close,N,2025,2025.0,2025-10-06,101.0,2022-12-28
8026,LINDEN,BROOKLYN,1586,2021-12-28,245 WORTMAN AVENUE,245.0,WORTMAN AVENUE,245 WORTMAN AVENUE,17757535,809926,389835.0,3,245,231,247,WORTMAN AVENUE,B,2025-03-14,2025-03-14,05/05/2025,04/21/2025,,,04/22/2025,508.0,9673464.0,"§ 27-2005 ADM CODE REPAIR THE BROKEN OR DEFECTIVE PLASTERED SURFACES AND PAINT IN A UNIFORM COLOR THE NORTH AND SOUTH WALL IN THE 1st ROOM FROM NORTH LOCATED AT APT 10M, 10th STORY, 2nd APARTMENT FROM WEST AT NORTH",2025-03-17,19.0,VIOLATION CLOSED,2025-05-07,Original,Close,N,2025,2025.0,2025-10-06,51.0,2022-12-28
8027,LINDEN,BROOKLYN,1586,2021-12-28,245 WORTMAN AVENUE,245.0,WORTMAN AVENUE,245 WORTMAN AVENUE,17757538,809926,389835.0,3,245,231,247,WORTMAN AVENUE,B,2025-03-14,2025-03-17,05/06/2025,04/22/2025,,,05/06/2025,501.0,9675101.0,"§ 27-2005 HMC: PROPERLY REPAIR OR REPLACE THE BROKEN OR DEFECTIVE ELECTRICAL OUTLET AT WEST WALL IN THE 3rd ROOM FROM EAST LOCATED AT APT 2D, 2nd STORY, 2nd APARTMENT FROM EAST AT SOUTH",2025-03-18,19.0,VIOLATION CLOSED,2025-05-30,Original,Close,N,2025,2025.0,2025-10-06,73.0,2022-12-28
8028,LINDEN,BROOKLYN,1586,2021-12-28,245 WORTMAN AVENUE,245.0,WORTMAN AVENUE,245 WORTMAN AVENUE,17757540,809926,389835.0,3,245,231,247,WORTMAN AVENUE,B,2025-03-14,2025-03-15,05/05/2025,04/21/2025,,,,508.0,9673465.0,"§ 27-2005 ADM CODE REPAIR THE BROKEN OR DEFECTIVE PLASTERED SURFACES AND PAINT IN A UNIFORM COLOR AT EAST WALL IN THE KITCHEN LOCATED AT APT 2D, 2nd STORY, 2nd APARTMENT FROM EAST AT SOUTH",2025-03-17,19.0,VIOLATION CLOSED,2025-04-29,Original,Close,N,2025,2025.0,2025-10-06,43.0,2022-12-28
8029,LINDEN,BROOKLYN,1586,2021-12-28,245 WORTMAN AVENUE,245.0,WORTMAN AVENUE,245 WORTMAN AVENUE,17844907,809926,389835.0,3,245,231,247,WORTMAN AVENUE,A,2025-04-22,2025-04-22,08/10/2025,07/27/2025,,,,550.0,9726185.0,"§ 27-2017.3 HMC: TRACE AND REPAIR THE SOURCE AND ABATE THE VISIBLE MOLD CONDITION... LESS THAN 10 SQFT AT NORTH WALL IN THE KITCHEN LOCATED AT APT 2D, 2nd STORY, 2nd APARTMENT FROM EAST AT SOUTH",2025-04-23,19.0,VIOLATION CLOSED,2025-05-30,Original,Close,N,2025,2025.0,2025-10-06,37.0,2022-12-28
8030,LINDEN,BROOKLYN,1586,2021-12-28,245 WORTMAN AVENUE,245.0,WORTMAN AVENUE,245 WORTMAN AVENUE,17844909,809926,389835.0,3,245,231,247,WORTMAN AVENUE,B,2025-04-22,2025-04-22,06/11/2025,05/28/2025,,,05/09/2025,508.0,9726186.0,"§ 27-2005 ADM CODE REPAIR THE BROKEN OR DEFECTIVE PLASTERED SURFACES AND PAINT IN A UNIFORM COLOR THE NORTH WALL IN THE KITCHEN LOCATED AT APT 2D, 2nd STORY, 2nd APARTMENT FROM EAST AT SOUTH",2025-04-23,19.0,VIOLATION CLOSED,2025-05-30,Original,Close,N,2025,2025.0,2025-10-06,37.0,2022-12-28
8031,LINDEN,BROOKLYN,1586,2021-12-28,245 WORTMAN AVENUE,245.0,WORTMAN AVENUE,245 WORTMAN AVENUE,17865558,809926,389835.0,3,245,231,247,WORTMAN AVENUE,C,2025-04-28,2025-04-29,05/19/2025,05/14/2025,,,05/13/2025,530.0,9736092.0,"§ 27-2005, 27-2007, 27-2041.1 HMC, §238, § 309; § 107 (2) ( C) MDL AND 28 RCNY §25-171: REPLACE OR REPAIR THE SELF-CLOSING DOORS THAT IS MISSING OR DEFECTIVE HINGES AT BALCONY DOOR AT WEST AT PUBLIC HALL, 3rd STORY, SECTION AT SOUTH",2025-04-30,19.0,VIOLATION CLOSED,2025-05-20,Original,Close,N,2025,2025.0,2025-10-06,20.0,2022-12-28
8032,LINDEN,BROOKLYN,1586,2021-12-28,245 WORTMAN AVENUE,245.0,WORTMAN AVENUE,245 WORTMAN AVENUE,17935302,809926,389835.0,3,245,231,247,WORTMAN AVENUE,C,2025-05-28,2025-05-30,06/21/2025,06/16/2025,,,06/09/2025,530.0,9781283.0,"§ 27-2005, 27-2007, 27-2041.1 HMC, §238, § 309; § 107 (2) ( C) MDL AND 28 RCNY §25-171: REPLACE OR REPAIR THE SELF-CLOSING DOORS THAT IS MISSING OR DEFECTIVE HINGES AT HOPPER DOOR AT PUBLIC HALL, 10th STORY",2025-06-02,19.0,VIOLATION CLOSED,2025-06-21,Original,Close,N,2025,2025.0,2025-10-06,19.0,2022-12-28
8033,LINDEN,BROOKLYN,1586,2021-12-28,245 WORTMAN AVENUE,245.0,WORTMAN AVENUE,245 WORTMAN AVENUE,18057823,809926,389835.0,3,245,231,247,WORTMAN AVENUE,B,2025-06-29,2025-07-03,08/21/2025,08/07/2025,,,07/25/2025,1503.0,9895283.0,"§ 27-2046.1 HMC: REPAIR OR REPLACE THE CARBON MONOXIDE DETECTING DEVICE(S). IN THE ENTIRE APARTMENT LOCATED AT APT 10M, 10th STORY, 3rd APARTMENT FROM NORTH AT EAST",2025-07-03,19.0,VIOLATION CLOSED,2025-09-29,Original,Close,N,2025,2025.0,2025-10-06,88.0,2022-12-28
8034,LINDEN,BROOKLYN,1586,2021-12-28,245 WORTMAN AVENUE,245.0,WORTMAN AVENUE,245 WORTMAN AVENUE,17896737,809926,389835.0,3,245,231,247,WORTMAN AVENUE,C,2025-05-09,2025-05-12,06/01/2025,05/27/2025,,,,530.0,9755259.0,"§ 27-2005, 27-2007, 27-2041.1 HMC, §238, § 309; § 107 (2) ( C) MDL AND 28 RCNY §25-171: REPLACE OR REPAIR THE SELF-CLOSING DOORS THAT IS MISSING OR DEFECTIVE HINGES AT EAST STAIRCASE DOOR AT PUBLIC HALL, 2nd STORY",2025-05-13,19.0,VIOLATION CLOSED,2025-05-30,Original,Close,N,2025,2025.0,2025-10-06,17.0,2022-12-28
8035,LINDEN,BROOKLYN,1586,2021-12-28,245 WORTMAN AVENUE,245.0,WORTMAN AVENUE,245 WORTMAN AVENUE,17761453,809926,389835.0,3,245,231,247,WORTMAN AVENUE,A,2025-03-12,2025-03-13,07/01/2025,06/17/2025,,,06/11/2025,502.0,9670432.0,"§ 27-2005 ADM CODE PROPERLY REPAIR WITH SIMILAR MATERIAL THE BROKEN OR DEFECTIVE WOOD DOOR IN THE FOYER LOCATED AT APT 3K, 3rd STORY, 3rd APARTMENT FROM SOUTH AT WEST",2025-03-14,9.0,VIOLATION DISMISSED,2025-08-22,Original,Close,N,2025,2025.0,2025-10-06,161.0,2022-12-28
8036,LINDEN,BROOKLYN,1586,2021-12-28,245 WORTMAN AVENUE,245.0,WORTMAN AVENUE,245 WORTMAN AVENUE,15307843,809926,389835.0,3,245,231,247,WORTMAN AVENUE,C,2022-08-04,2022-08-06,09/06/2022,09/01/2022,,,,617.0,7998088.0,"§ 27-2056.6 ADM CODE - CORRECT THE LEAD-BASED PAINT HAZARD - PAINT THAT TESTED POSITIVE FOR LEAD CONTENT AND THAT IS PEELING OR ON A DETERIORATED SUBSURFACE - USING WORK PRACTICES SET FORTH IN 28 RCNY §11-06(B)(2) 1st DOOR FRAME FROM WEST AT NORTH WALL IN THE FOYER LOCATED AT APT 2D, 2nd STORY, 1st APARTMENT FROM EAST AT SOUTH",2022-08-08,20.0,DEFECT LETTER ISSUED,2025-09-20,Original,Open,N,2022,2022.0,2025-10-06,1155.0,2022-12-28
8037,LINDEN,BROOKLYN,1586,2021-12-28,245 WORTMAN AVENUE,245.0,WORTMAN AVENUE,245 WORTMAN AVENUE,17329420,809926,389835.0,3,245,231,247,WORTMAN AVENUE,C,2024-10-07,2024-10-08,11/09/2024,11/04/2024,,,,568.0,9374155.0,"HMC ADM CODE: § 27-2017.4 ABATE THE INFESTATION CONSISTING OF ROACHES IN THE ENTIRE APARTMENT LOCATED AT APT 2D, 2nd STORY, 2nd APARTMENT FROM EAST AT SOUTH",2024-10-09,19.0,VIOLATION CLOSED,2025-05-22,Original,Close,N,2024,2024.0,2025-10-06,225.0,2022-12-28
8038,LINDEN,BROOKLYN,1586,2021-12-28,245 WORTMAN AVENUE,245.0,WORTMAN AVENUE,245 WORTMAN AVENUE,17882901,809926,389835.0,3,245,231,247,WORTMAN AVENUE,B,2025-05-05,2025-05-07,06/26/2025,06/12/2025,,,,508.0,9748386.0,"§ 27-2005 ADM CODE REPAIR THE BROKEN OR DEFECTIVE PLASTERED SURFACES AND PAINT IN A UNIFORM COLOR AT WEST WALL IN THE 1st ROOM FROM NORTH LOCATED AT APT 1M, 1st STORY, 2nd APARTMENT FROM NORTH AT EAST",2025-05-08,19.0,VIOLATION CLOSED,2025-09-22,Original,Close,N,2025,2025.0,2025-10-06,137.0,2022-12-28
8039,LINDEN,BROOKLYN,1586,2021-12-28,245 WORTMAN AVENUE,245.0,WORTMAN AVENUE,245 WORTMAN AVENUE,15307844,809926,389835.0,3,245,231,247,WORTMAN AVENUE,A,2022-08-04,2022-08-06,11/25/2022,11/11/2022,,,,556.0,7998085.0,"§ 27-2013 ADM CODE PAINT WITH LIGHT COLORED PAINT TO THE SATISFACTION OF THIS DEPARTMENT ALL PEELING PAINT SURFACES IN THE KITCHEN , THE BATHROOM LOCATED AT APT 2D, 2nd STORY, 1st APARTMENT FROM EAST AT SOUTH",2022-08-08,19.0,VIOLATION CLOSED,2024-07-02,Original,Close,N,2022,2022.0,2025-10-06,694.0,2022-12-28
8040,LINDEN,BROOKLYN,1586,2021-12-28,245 WORTMAN AVENUE,245.0,WORTMAN AVENUE,245 WORTMAN AVENUE,17185153,809926,389835.0,3,245,231,247,WORTMAN AVENUE,C,2024-08-12,2024-08-13,09/14/2024,09/09/2024,,,,568.0,9289567.0,"HMC ADM CODE: § 27-2017.4 ABATE THE INFESTATION CONSISTING OF ROACHES IN THE ENTIRE APARTMENT LOCATED AT APT 2D, 2nd STORY, 2nd APARTMENT FROM EAST AT SOUTH",2024-08-14,19.0,VIOLATION CLOSED,2025-04-15,Original,Close,N,2024,2024.0,2025-10-06,244.0,2022-12-28
8041,LINDEN,BROOKLYN,1586,2021-12-28,245 WORTMAN AVENUE,245.0,WORTMAN AVENUE,245 WORTMAN AVENUE,17650995,809926,389835.0,3,245,231,247,WORTMAN AVENUE,B,2025-01-26,2025-01-29,03/20/2025,03/06/2025,,,02/19/2025,502.0,9606252.0,"§ 27-2005 ADM CODE PROPERLY REPAIR WITH SIMILAR MATERIAL THE BROKEN OR DEFECTIVE WOOD FLOOR BROKEN IN THE 1st ROOM FROM EAST LOCATED AT APT 2D, 2nd STORY, 2nd APARTMENT FROM EAST AT SOUTH",2025-01-30,19.0,VIOLATION CLOSED,2025-04-29,Original,Close,N,2025,2025.0,2025-10-06,89.0,2022-12-28
8042,LINDEN,BROOKLYN,1586,2021-12-28,245 WORTMAN AVENUE,245.0,WORTMAN AVENUE,245 WORTMAN AVENUE,16735004,809926,389835.0,3,245,231,247,WORTMAN AVENUE,A,2024-03-11,2024-03-11,06/29/2024,06/15/2024,,,,556.0,8983679.0,"§ 27-2013 ADM CODE PAINT WITH LIGHT COLORED PAINT TO THE SATISFACTION OF THIS DEPARTMENT NORTH WALL IN THE 1st ROOM FROM NORTH LOCATED AT APT 1M, 1st STORY, 2nd APARTMENT FROM NORTH AT EAST",2024-03-12,19.0,VIOLATION CLOSED,2025-05-07,Original,Close,N,2024,2024.0,2025-10-06,421.0,2022-12-28
8043,LINDEN,BROOKLYN,1586,2021-12-28,245 WORTMAN AVENUE,245.0,WORTMAN AVENUE,245 WORTMAN AVENUE,17079118,809926,389835.0,3,245,231,247,WORTMAN AVENUE,C,2024-06-24,2024-06-25,07/27/2024,07/22/2024,,,,568.0,9220836.0,"HMC ADM CODE: § 27-2017.4 ABATE THE INFESTATION CONSISTING OF ROACHES IN THE ENTIRE APARTMENT LOCATED AT APT 10M, 10th STORY, APARTMENT AT NORTH , 2nd SECTION FROM NORTH AT EAST",2024-06-26,19.0,VIOLATION CLOSED,2025-04-15,Original,Close,N,2024,2024.0,2025-10-06,293.0,2022-12-28
8044,LINDEN,BROOKLYN,1586,2021-12-28,245 WORTMAN AVENUE,245.0,WORTMAN AVENUE,245 WORTMAN AVENUE,17482382,809926,389835.0,3,245,231,247,WORTMAN AVENUE,A,2024-11-29,2024-11-29,03/21/2025,03/07/2025,,,02/20/2025,501.0,9488430.0,"§ 27-2005 HMC: PROPERLY REPAIR OR REPLACE THE BROKEN OR DEFECTIVE DOOR AT THE 1ST CLOSET FROM NORTH AT EAST IN THE FOYER LOCATED AT APT 3K, 3rd STORY, 3rd APARTMENT FROM SOUTH AT WEST , SECTION AT NORTH",2024-12-02,9.0,VIOLATION DISMISSED,2025-05-05,Original,Close,N,2024,2024.0,2025-10-06,154.0,2022-12-28
8045,LINDEN,BROOKLYN,1586,2021-12-28,245 WORTMAN AVENUE,245.0,WORTMAN AVENUE,245 WORTMAN AVENUE,17482384,809926,389835.0,3,245,231,247,WORTMAN AVENUE,A,2024-11-29,2024-11-29,03/21/2025,03/07/2025,,,02/20/2025,501.0,9488430.0,"§ 27-2005 HMC: PROPERLY REPAIR OR REPLACE THE BROKEN OR DEFECTIVE THE DOOR AT THE 1ST CLOSET FROM EAST AT SOUTH IN THE PRIVATE HALLWAY LOCATED AT APT 3K, 3rd STORY, 3rd APARTMENT FROM SOUTH AT WEST , SECTION AT NORTH",2024-12-02,9.0,VIOLATION DISMISSED,2025-05-05,Original,Close,N,2024,2024.0,2025-10-06,154.0,2022-12-28
8046,LINDEN,BROOKLYN,1586,2021-12-28,245 WORTMAN AVENUE,245.0,WORTMAN AVENUE,245 WORTMAN AVENUE,17482385,809926,389835.0,3,245,231,247,WORTMAN AVENUE,C,2024-11-29,2024-11-29,01/02/2025,12/28/2024,,,12/23/2024,568.0,9488432.0,"HMC ADM CODE: § 27-2017.4 ABATE THE INFESTATION CONSISTING OF ROACHES IN THE ENTIRE APARTMENT LOCATED AT APT 3K, 3rd STORY, 3rd APARTMENT FROM SOUTH AT WEST , SECTION AT NORTH",2024-12-02,9.0,VIOLATION DISMISSED,2025-03-05,Original,Close,N,2024,2024.0,2025-10-06,93.0,2022-12-28
8047,LINDEN,BROOKLYN,1586,2021-12-28,245 WORTMAN AVENUE,245.0,WORTMAN AVENUE,245 WORTMAN AVENUE,17512808,809926,389835.0,3,245,231,247,WORTMAN AVENUE,C,2024-11-29,2024-12-03,12/23/2024,12/18/2024,,,12/18/2024,530.0,9506649.0,"§ 27-2005, 27-2007, 27-2041.1 HMC, §238, § 309; § 107 (2) ( C) MDL AND 28 RCNY §25-171: REPLACE OR REPAIR THE SELF-CLOSING DOORS THAT IS MISSING OR DEFECTIVE HINGES AT HOPPER DOOR AT PUBLIC HALL, 3rd STORY",2024-12-04,19.0,VIOLATION CLOSED,2025-01-16,Original,Close,N,2024,2024.0,2025-10-06,43.0,2022-12-28
8048,LINDEN,BROOKLYN,1586,2021-12-28,245 WORTMAN AVENUE,245.0,WORTMAN AVENUE,245 WORTMAN AVENUE,17342858,809926,389835.0,3,245,231,247,WORTMAN AVENUE,B,2024-10-12,2024-10-12,12/03/2024,11/19/2024,,,12/03/2024,502.0,9382034.0,"§ 27-2005 ADM CODE PROPERLY REPAIR WITH SIMILAR MATERIAL THE BROKEN OR DEFECTIVE WOOD FLOOR IN THE 1st ROOM FROM EAST LOCATED AT APT 2D, 2nd STORY, 2nd APARTMENT FROM EAST AT SOUTH",2024-10-15,9.0,VIOLATION DISMISSED,2025-02-13,Original,Close,N,2024,2024.0,2025-10-06,121.0,2022-12-28
8049,LINDEN,BROOKLYN,1586,2021-12-28,245 WORTMAN AVENUE,245.0,WORTMAN AVENUE,245 WORTMAN AVENUE,17548150,809926,389835.0,3,245,231,247,WORTMAN AVENUE,C,2024-12-06,2024-12-10,12/30/2024,12/25/2024,,,,530.0,9531442.0,"§ 27-2005, 27-2007, 27-2041.1 HMC, §238, § 309; § 107 (2) ( C) MDL AND 28 RCNY §25-171: REPLACE OR REPAIR THE SELF-CLOSING DOORS THAT IS MISSING OR DEFECTIVE HINGES IN THE ENTRANCE LOCATED AT APT 10M, 10th STORY, 2nd APARTMENT FROM WEST AT NORTH , SECTION ''EAST''",2024-12-11,19.0,VIOLATION CLOSED,2025-03-19,Original,Close,N,2024,2024.0,2025-10-06,98.0,2022-12-28
8050,LINDEN,BROOKLYN,1586,2021-12-28,245 WORTMAN AVENUE,245.0,WORTMAN AVENUE,245 WORTMAN AVENUE,17865543,809926,389835.0,3,245,231,247,WORTMAN AVENUE,B,2025-04-28,2025-04-29,06/18/2025,06/04/2025,,,,583.0,9736091.0,"§ 27-2026, 2027 HMC: PROPERLY REPAIR THE SOURCE AND ABATE THE EVIDENCE OF A WATER LEAK AT THE CEILING IN THE BATHROOM LOCATED AT APT 4D, 4th STORY, 2nd APARTMENT FROM SOUTH AT WEST , SECTION ''SOUTH''",2025-04-30,19.0,VIOLATION CLOSED,2025-05-30,Original,Close,N,2025,2025.0,2025-10-06,30.0,2022-12-28
8051,LINDEN,BROOKLYN,1586,2021-12-28,245 WORTMAN AVENUE,245.0,WORTMAN AVENUE,245 WORTMAN AVENUE,17901338,809926,389835.0,3,245,231,247,WORTMAN AVENUE,C,2025-05-17,2025-05-19,06/08/2025,06/03/2025,,,05/22/2025,530.0,9764385.0,"§ 27-2005, 27-2007, 27-2041.1 HMC, §238, § 309; § 107 (2) ( C) MDL AND 28 RCNY §25-171: REPLACE OR REPAIR THE SELF-CLOSING DOORS THAT IS MISSING OR DEFECTIVE DOOR AT BUILDING ENTRANCE , 1st STORY",2025-05-20,19.0,VIOLATION CLOSED,2025-05-30,Original,Close,N,2025,2025.0,2025-10-06,10.0,2022-12-28
8052,LINDEN,BROOKLYN,1586,2021-12-28,245 WORTMAN AVENUE,245.0,WORTMAN AVENUE,245 WORTMAN AVENUE,17079109,809926,389835.0,3,245,231,247,WORTMAN AVENUE,C,2024-06-24,2024-06-25,07/27/2024,07/22/2024,,,,568.0,9220835.0,"HMC ADM CODE: § 27-2017.4 ABATE THE INFESTATION CONSISTING OF ROACHES IN THE ENTIRE APARTMENT LOCATED AT APT 14M, 14th STORY, 2nd APARTMENT FROM SOUTH AT WEST",2024-06-26,19.0,VIOLATION CLOSED,2025-04-15,Original,Close,N,2024,2024.0,2025-10-06,293.0,2022-12-28
8053,LINDEN,BROOKLYN,1586,2021-12-28,245 WORTMAN AVENUE,245.0,WORTMAN AVENUE,245 WORTMAN AVENUE,17482379,809926,389835.0,3,245,231,247,WORTMAN AVENUE,B,2024-11-29,2024-11-29,01/20/2025,01/06/2025,,,01/17/2025,508.0,9488431.0,"§ 27-2005 ADM CODE REPAIR THE BROKEN OR DEFECTIVE PLASTERED SURFACES AND PAINT IN A UNIFORM COLOR THE EAST WALL IN THE KITCHEN LOCATED AT APT 3K, 3rd STORY, 3rd APARTMENT FROM SOUTH AT WEST , SECTION AT NORTH",2024-12-02,9.0,VIOLATION DISMISSED,2025-03-31,Original,Close,N,2024,2024.0,2025-10-06,119.0,2022-12-28
8054,LINDEN,BROOKLYN,1586,2021-12-28,245 WORTMAN AVENUE,245.0,WORTMAN AVENUE,245 WORTMAN AVENUE,17482380,809926,389835.0,3,245,231,247,WORTMAN AVENUE,B,2024-11-29,2024-11-29,01/20/2025,01/06/2025,,,01/17/2025,583.0,9488431.0,"§ 27-2026, 2027 HMC: PROPERLY REPAIR THE SOURCE AND ABATE THE EVIDENCE OF A WATER LEAK AT THE SOUTH WALL IN THE KITCHEN LOCATED AT APT 3K, 3rd STORY, 3rd APARTMENT FROM SOUTH AT WEST , SECTION AT NORTH",2024-12-02,9.0,VIOLATION DISMISSED,2025-03-31,Original,Close,N,2024,2024.0,2025-10-06,119.0,2022-12-28
8055,LINDEN,BROOKLYN,1586,2021-12-28,245 WORTMAN AVENUE,245.0,WORTMAN AVENUE,245 WORTMAN AVENUE,17482381,809926,389835.0,3,245,231,247,WORTMAN AVENUE,B,2024-11-29,2024-11-29,01/20/2025,01/06/2025,,,01/17/2025,508.0,9488431.0,"§ 27-2005 ADM CODE REPAIR THE BROKEN OR DEFECTIVE PLASTERED SURFACES AND PAINT IN A UNIFORM COLOR THE SOUTH WALL IN THE KITCHEN LOCATED AT APT 3K, 3rd STORY, 3rd APARTMENT FROM SOUTH AT WEST , SECTION AT NORTH",2024-12-02,9.0,VIOLATION DISMISSED,2025-03-31,Original,Close,N,2024,2024.0,2025-10-06,119.0,2022-12-28
8056,LINDEN,BROOKLYN,1586,2021-12-28,245 WORTMAN AVENUE,245.0,WORTMAN AVENUE,245 WORTMAN AVENUE,17814843,809926,389835.0,3,245,231,247,WORTMAN AVENUE,A,2025-04-09,2025-04-09,07/28/2025,07/14/2025,,,05/16/2025,484.0,9708677.0,"§ 329, M/D LAW AND DEPT. RULES AND REGS. PROVIDE A COMPLETED CERTIFICATE OF INSPECTION VISITS IN A PROPER FRAME AT OR NEAR MAILBOXES, BOTTOM EDGE OF FRAME BETWEEN 48-62 INCHES ABOVE FLOOR MISSIMG FRAME AT PUBLIC HALL, 1st STORY",2025-04-10,19.0,VIOLATION CLOSED,2025-05-30,Original,Close,N,2025,2025.0,2025-10-06,50.0,2022-12-28
8057,LINDEN,BROOKLYN,1586,2021-12-28,245 WORTMAN AVENUE,245.0,WORTMAN AVENUE,245 WORTMAN AVENUE,17818711,809926,389835.0,3,245,231,247,WORTMAN AVENUE,A,2025-04-09,2025-04-10,07/29/2025,07/15/2025,,,05/16/2025,484.0,9710469.0,"§ 329, M/D LAW AND DEPT. RULES AND REGS. PROVIDE A COMPLETED CERTIFICATE OF INSPECTION VISITS IN A PROPER FRAME AT OR NEAR MAILBOXES, BOTTOM EDGE OF FRAME BETWEEN 48-62 INCHES ABOVE FLOOR MISSING AT PUBLIC HALL, 1st STORY",2025-04-11,19.0,VIOLATION CLOSED,2025-05-30,Original,Close,N,2025,2025.0,2025-10-06,49.0,2022-12-28
8058,LINDEN,BROOKLYN,1586,2021-12-28,245 WORTMAN AVENUE,245.0,WORTMAN AVENUE,245 WORTMAN AVENUE,17342859,809926,389835.0,3,245,231,247,WORTMAN AVENUE,A,2024-10-12,2024-10-12,02/01/2025,01/18/2025,,,01/31/2025,500.0,9382033.0,"§ 26-1103 ADMIN. CODE: POST AND MAINTAIN A PROPER NOTICE ON WALL OF THE ENTRANCE STORY IN ENGLISH AND SPANISH ON THE AVAILABILITY OF THE AGENCYS HOUSING INFORMATION GUIDE. A SAMPLE NOTICE CAN BE FOUND AT WWW.NYC.GOV/HPD. AT PUBLIC HALL, 1st STORY",2024-10-15,9.0,VIOLATION DISMISSED,2025-04-14,Original,Close,N,2024,2024.0,2025-10-06,181.0,2022-12-28
8059,LINDEN,BROOKLYN,1586,2021-12-28,245 WORTMAN AVENUE,245.0,WORTMAN AVENUE,245 WORTMAN AVENUE,17342860,809926,389835.0,3,245,231,247,WORTMAN AVENUE,A,2024-10-12,2024-10-12,02/01/2025,01/18/2025,,,01/31/2025,778.0,9382033.0,"§ 27-2104 ADM CODE POST AND MAINTAIN A PROPER SIGN ON WALL OF ENTRANCE STORY SHOWING THE REGISTRATION NUMBER ASSIGNED BY THE DEPARTMENT AND THE ADDRESS OF THE BUILDING. AT PUBLIC HALL, 1st STORY",2024-10-15,9.0,VIOLATION DISMISSED,2025-04-14,Original,Close,N,2024,2024.0,2025-10-06,181.0,2022-12-28
8060,LINDEN,BROOKLYN,1586,2021-12-28,245 WORTMAN AVENUE,245.0,WORTMAN AVENUE,245 WORTMAN AVENUE,17184347,809926,389835.0,3,245,231,247,WORTMAN AVENUE,A,2024-08-11,2024-08-11,11/29/2024,11/15/2024,,,,484.0,9285428.0,"§ 329, M/D LAW AND DEPT. RULES AND REGS. PROVIDE A COMPLETED CERTIFICATE OF INSPECTION VISITS IN A PROPER FRAME AT OR NEAR MAILBOXES, BOTTOM EDGE OF FRAME BETWEEN 48-62 INCHES ABOVE FLOOR MISSING AT PUBLIC HALL, 1st STORY",2024-08-12,19.0,VIOLATION CLOSED,2025-05-30,Original,Close,N,2024,2024.0,2025-10-06,291.0,2022-12-28
8061,LINDEN,BROOKLYN,1586,2021-12-28,245 WORTMAN AVENUE,245.0,WORTMAN AVENUE,245 WORTMAN AVENUE,17623488,809926,389835.0,3,245,231,247,WORTMAN AVENUE,C,2025-01-15,2025-01-15,02/04/2025,01/30/2025,,,02/04/2025,530.0,9583405.0,"§ 27-2005, 27-2007, 27-2041.1 HMC, §238, § 309; § 107 (2) ( C) MDL AND 28 RCNY §25-171: REPLACE OR REPAIR THE SELF-CLOSING DOORS THAT IS MISSING OR DEFECTIVE DOOR AND DOORFRAME BINDING IN THE ENTRANCE LOCATED AT APT 3D, 3rd STORY, 2nd APARTMENT FROM EAST AT SOUTH",2025-01-16,19.0,VIOLATION CLOSED,2025-02-15,Original,Close,N,2025,2025.0,2025-10-06,30.0,2022-12-28
8062,LINDEN,BROOKLYN,1586,2021-12-28,245 WORTMAN AVENUE,245.0,WORTMAN AVENUE,245 WORTMAN AVENUE,15654865,809926,389835.0,3,245,231,247,WORTMAN AVENUE,C,2023-01-10,2023-01-10,02/11/2023,02/06/2023,,,,569.0,8248961.0,"HMC ADM CODE: § 27-2017.4 ABATE THE INFESTATION CONSISTING OF MICE, 1st STORY",2023-01-11,19.0,VIOLATION CLOSED,2025-06-17,Original,Close,N,2023,2023.0,2025-10-06,888.0,2022-12-28
8063,LINDEN,BROOKLYN,1586,2021-12-28,245 WORTMAN AVENUE,245.0,WORTMAN AVENUE,245 WORTMAN AVENUE,17355321,809926,389835.0,3,245,231,247,WORTMAN AVENUE,C,2024-10-12,2024-10-16,11/17/2024,11/12/2024,,,,568.0,9385910.0,"HMC ADM CODE: § 27-2017.4 ABATE THE INFESTATION CONSISTING OF ROACHES IN THE ENTIRE APARTMENT LOCATED AT APT 14M, 14th STORY, 2nd APARTMENT FROM NORTH AT EAST",2024-10-17,19.0,VIOLATION CLOSED,2025-07-02,Original,Close,N,2024,2024.0,2025-10-06,258.0,2022-12-28
8064,LINDEN,BROOKLYN,1586,2021-12-28,245 WORTMAN AVENUE,245.0,WORTMAN AVENUE,245 WORTMAN AVENUE,17844910,809926,389835.0,3,245,231,247,WORTMAN AVENUE,C,2025-04-22,2025-04-22,05/12/2025,05/07/2025,,,05/07/2025,530.0,9726187.0,"§ 27-2005, 27-2007, 27-2041.1 HMC, §238, § 309; § 107 (2) ( C) MDL AND 28 RCNY §25-171: REPLACE OR REPAIR THE SELF-CLOSING DOORS THAT IS MISSING OR DEFECTIVE HINGES FIRE STAIR 1DOOR AT PUBLIC HALL, 2nd STORY",2025-04-23,9.0,VIOLATION DISMISSED,2025-05-12,Original,Close,N,2025,2025.0,2025-10-06,19.0,2022-12-28
8065,LINDEN,BROOKLYN,1586,2021-12-28,245 WORTMAN AVENUE,245.0,WORTMAN AVENUE,245 WORTMAN AVENUE,17757536,809926,389835.0,3,245,231,247,WORTMAN AVENUE,C,2025-03-14,2025-03-14,04/17/2025,04/12/2025,,,03/28/2025,569.0,9673466.0,"HMC ADM CODE: § 27-2017.4 ABATE THE INFESTATION CONSISTING OF MICE IN THE ENTIRE APARTMENT LOCATED AT APT 10M, 10th STORY, 2nd APARTMENT FROM WEST AT NORTH",2025-03-17,19.0,VIOLATION CLOSED,2025-06-17,Original,Close,N,2025,2025.0,2025-10-06,92.0,2022-12-28
8066,LINDEN,BROOKLYN,1586,2021-12-28,245 WORTMAN AVENUE,245.0,WORTMAN AVENUE,245 WORTMAN AVENUE,15081854,809926,389835.0,3,245,231,247,WORTMAN AVENUE,C,2022-03-26,2022-03-27,04/28/2022,04/23/2022,,,,568.0,7856237.0,"HMC ADM CODE: § 27-2017.4 ABATE THE INFESTATION CONSISTING OF ROACHES IN THE ENTIRE APARTMENT LOCATED AT APT 3E, 3rd STORY, 4th APARTMENT FROM WEST AT NORTH",2022-03-28,19.0,VIOLATION CLOSED,2024-10-17,Original,Close,N,2022,2022.0,2025-10-06,934.0,2022-12-28
8067,LINDEN,BROOKLYN,1586,2021-12-28,245 WORTMAN AVENUE,245.0,WORTMAN AVENUE,245 WORTMAN AVENUE,15081855,809926,389835.0,3,245,231,247,WORTMAN AVENUE,B,2022-03-26,2022-03-27,05/16/2022,05/02/2022,,,,583.0,7856236.0,"§ 27-2026, 2027 HMC: PROPERLY REPAIR THE SOURCE AND ABATE THE EVIDENCE OF A WATER LEAK AT THE CEILING AND EAST WALL IN THE 1st ROOM FROM EAST AT NORTH LOCATED AT APT 3E, 3rd STORY, 4th APARTMENT FROM WEST AT NORTH",2022-03-28,19.0,VIOLATION CLOSED,2024-06-25,Original,Close,N,2022,2022.0,2025-10-06,820.0,2022-12-28
8068,LINDEN,BROOKLYN,1586,2021-12-28,245 WORTMAN AVENUE,245.0,WORTMAN AVENUE,245 WORTMAN AVENUE,15124563,809926,389835.0,3,245,231,247,WORTMAN AVENUE,C,2022-04-19,2022-04-20,05/20/2022,05/15/2022,,,,624.0,7883924.0,"§ 27-2056.6 ADM CODE - CORRECT THE LEAD-BASED PAINT HAZARD-PAINT THAT IS XRF TESTED INCONCLUSIVE FOR LEAD CONTENT AT 0.5MG/CM2 AND IS PRESUMED LEAD PAINT AS SET FORTH IN (28 RCNY §11-07(b)) AND THAT IS PEELING OR ON A DETERIORATED SUBSURFACE-USING WORK PRACTICES SET FORTH IN 28 RCNY §11-06(b)(2) 1st DOOR FRAME FROM WEST AT NORTH WALL IN THE 2nd ROOM FROM EAST LOCATED AT APT 13D, 13th STORY, 2nd APARTMENT FROM EAST AT SOUTH",2022-04-21,19.0,VIOLATION CLOSED,2022-11-30,Original,Close,N,2022,2022.0,2025-10-06,223.0,2022-12-28
8069,LINDEN,BROOKLYN,1586,2021-12-28,245 WORTMAN AVENUE,245.0,WORTMAN AVENUE,245 WORTMAN AVENUE,15124564,809926,389835.0,3,245,231,247,WORTMAN AVENUE,C,2022-04-19,2022-04-20,05/20/2022,05/15/2022,,,,617.0,7883924.0,"§ 27-2056.6 ADM CODE - CORRECT THE LEAD-BASED PAINT HAZARD - PAINT THAT TESTED POSITIVE FOR LEAD CONTENT AND THAT IS PEELING OR ON A DETERIORATED SUBSURFACE - USING WORK PRACTICES SET FORTH IN 28 RCNY §11-06(B)(2) 1st DOOR FRAME FROM WEST AT NORTH WALL IN THE FOYER LOCATED AT APT 13D, 13th STORY, 2nd APARTMENT FROM EAST AT SOUTH",2022-04-21,19.0,VIOLATION CLOSED,2022-11-30,Original,Close,N,2022,2022.0,2025-10-06,223.0,2022-12-28
8070,LINDEN,BROOKLYN,1586,2021-12-28,245 WORTMAN AVENUE,245.0,WORTMAN AVENUE,245 WORTMAN AVENUE,15367955,809926,389835.0,3,245,231,247,WORTMAN AVENUE,B,2022-09-16,2022-09-16,11/07/2022,10/24/2022,,,,508.0,8042779.0,"§ 27-2005 ADM CODE REPAIR THE BROKEN OR DEFECTIVE PLASTERED SURFACES AND PAINT IN A UNIFORM COLOR THE WEST WALL IN THE 2nd ROOM FROM EAST LOCATED AT APT 2D, 2nd STORY, 2nd APARTMENT FROM EAST AT SOUTH",2022-09-19,19.0,VIOLATION CLOSED,2024-07-02,Original,Close,N,2022,2022.0,2025-10-06,652.0,2022-12-28
8071,LINDEN,BROOKLYN,1586,2021-12-28,245 WORTMAN AVENUE,245.0,WORTMAN AVENUE,245 WORTMAN AVENUE,15674067,809926,389835.0,3,245,231,247,WORTMAN AVENUE,B,2022-09-16,2023-01-17,03/07/2023,02/21/2023,,,,550.0,8255319.0,"§ 27-2017.3 HMC: TRACE AND REPAIR THE SOURCE AND ABATE THE VISIBLE MOLD CONDITION... APPROXIMATELY 1SQ FT AT EAST WALL IN THE KITCHEN LOCATED AT APT 2D, 2nd STORY, 2nd APARTMENT FROM EAST AT SOUTH ORIGINAL VIOLATION 15367953 ISSUED 16-SEP-22 HAS BEEN UPGRADED TO CLASS B PER ADMINISTRATIVE CODE §27-2017.3a(3)(a) or (b).",2023-01-17,19.0,VIOLATION CLOSED,2024-10-25,Original,Close,N,2022,2023.0,2025-10-06,647.0,2022-12-28
8072,LINDEN,BROOKLYN,1586,2021-12-28,245 WORTMAN AVENUE,245.0,WORTMAN AVENUE,245 WORTMAN AVENUE,17882895,809926,389835.0,3,245,231,247,WORTMAN AVENUE,B,2025-05-05,2025-05-07,06/26/2025,06/12/2025,,,,501.0,9748386.0,"§ 27-2005 HMC: PROPERLY REPAIR OR REPLACE THE BROKEN OR DEFECTIVE VENTILATION SYSTEM AT NORTH WALL IN THE BATHROOM LOCATED AT APT 1M, 1st STORY, 2nd APARTMENT FROM NORTH AT EAST",2025-05-08,21.0,NOT COMPLIED WITH,2025-09-22,Original,Open,N,2025,2025.0,2025-10-06,151.0,2022-12-28
8073,LINDEN,BROOKLYN,1586,2021-12-28,245 WORTMAN AVENUE,245.0,WORTMAN AVENUE,245 WORTMAN AVENUE,17757539,809926,389835.0,3,245,231,247,WORTMAN AVENUE,B,2025-03-14,2025-03-17,05/06/2025,04/22/2025,,,05/06/2025,501.0,9675101.0,"§ 27-2005 HMC: PROPERLY REPAIR OR REPLACE THE BROKEN OR DEFECTIVE CEILING LIGHT FIXTURE IN THE 3rd ROOM FROM EAST LOCATED AT APT 2D, 2nd STORY, 2nd APARTMENT FROM EAST AT SOUTH",2025-03-18,19.0,VIOLATION CLOSED,2025-05-30,Original,Close,N,2025,2025.0,2025-10-06,73.0,2022-12-28
8074,LINDEN,BROOKLYN,1586,2021-12-28,245 WORTMAN AVENUE,245.0,WORTMAN AVENUE,245 WORTMAN AVENUE,17079127,809926,389835.0,3,245,231,247,WORTMAN AVENUE,B,2024-06-24,2024-06-25,08/14/2024,07/31/2024,,,08/14/2024,702.0,9220834.0,"§ 27-2045 ADM CODE REPAIR OR REPLACE THE SMOKE DETECTOR MISSING IN THE ENTIRE APARTMENT LOCATED AT APT 3E, 3rd STORY, 4th APARTMENT FROM WEST AT NORTH",2024-06-26,9.0,VIOLATION DISMISSED,2024-10-25,Original,Close,N,2024,2024.0,2025-10-06,121.0,2022-12-28
8075,LINDEN,BROOKLYN,1586,2021-12-28,245 WORTMAN AVENUE,245.0,WORTMAN AVENUE,245 WORTMAN AVENUE,17079131,809926,389835.0,3,245,231,247,WORTMAN AVENUE,B,2024-06-24,2024-06-25,08/14/2024,07/31/2024,,,08/14/2024,501.0,9220834.0,"§ 27-2005 HMC: PROPERLY REPAIR OR REPLACE THE BROKEN OR DEFECTIVE MORTISE LOCK AT DOOR IN THE ENTRANCE LOCATED AT APT 3E, 3rd STORY, 4th APARTMENT FROM WEST AT NORTH",2024-06-26,9.0,VIOLATION DISMISSED,2024-10-25,Original,Close,N,2024,2024.0,2025-10-06,121.0,2022-12-28
8076,LINDEN,BROOKLYN,1586,2021-12-28,245 WORTMAN AVENUE,245.0,WORTMAN AVENUE,245 WORTMAN AVENUE,17427828,809926,389835.0,3,245,231,247,WORTMAN AVENUE,C,2024-11-13,2024-11-14,12/16/2024,12/11/2024,,,12/12/2024,568.0,9429342.0,"HMC ADM CODE: § 27-2017.4 ABATE THE INFESTATION CONSISTING OF ROACHES IN THE ENTIRE APARTMENT LOCATED AT APT 14M, 14th STORY, 2nd APARTMENT FROM NORTH AT EAST",2024-11-15,9.0,VIOLATION DISMISSED,2025-02-24,Original,Close,N,2024,2024.0,2025-10-06,101.0,2022-12-28
8077,LINDEN,BROOKLYN,1586,2021-12-28,245 WORTMAN AVENUE,245.0,WORTMAN AVENUE,245 WORTMAN AVENUE,17512735,809926,389835.0,3,245,231,247,WORTMAN AVENUE,C,2024-11-29,2024-12-03,01/04/2025,12/30/2024,,,01/03/2025,568.0,9506647.0,"HMC ADM CODE: § 27-2017.4 ABATE THE INFESTATION CONSISTING OF ROACHES IN THE ENTIRE APARTMENT LOCATED AT APT 2D, 2nd STORY, 2nd APARTMENT FROM EAST AT SOUTH",2024-12-04,19.0,VIOLATION CLOSED,2025-04-29,Original,Close,N,2024,2024.0,2025-10-06,146.0,2022-12-28
8078,LINDEN,BROOKLYN,1586,2021-12-28,245 WORTMAN AVENUE,245.0,WORTMAN AVENUE,245 WORTMAN AVENUE,17512797,809926,389835.0,3,245,231,247,WORTMAN AVENUE,C,2024-11-29,2024-12-03,01/04/2025,12/30/2024,,,12/30/2024,568.0,9506648.0,"HMC ADM CODE: § 27-2017.4 ABATE THE INFESTATION CONSISTING OF ROACHES IN THE ENTIRE APARTMENT LOCATED AT APT 3K, 3rd STORY, 3rd APARTMENT FROM SOUTH AT WEST",2024-12-04,9.0,VIOLATION DISMISSED,2025-03-12,Original,Close,N,2024,2024.0,2025-10-06,98.0,2022-12-28
8079,LINDEN,BROOKLYN,1586,2021-12-28,245 WORTMAN AVENUE,245.0,WORTMAN AVENUE,245 WORTMAN AVENUE,17512842,809926,389835.0,3,245,231,247,WORTMAN AVENUE,C,2024-11-29,2024-12-03,12/23/2024,12/18/2024,,,12/23/2024,530.0,9506650.0,"§ 27-2005, 27-2007, 27-2041.1 HMC, §238, § 309; § 107 (2) ( C) MDL AND 28 RCNY §25-171: REPLACE OR REPAIR THE SELF-CLOSING DOORS THAT IS MISSING OR DEFECTIVE HINGES IN THE ENTRANCE LOCATED AT APT 14M, 14th STORY, 2nd APARTMENT FROM SOUTH AT WEST",2024-12-04,19.0,VIOLATION CLOSED,2025-01-16,Original,Close,N,2024,2024.0,2025-10-06,43.0,2022-12-28
8080,LINDEN,BROOKLYN,1586,2021-12-28,245 WORTMAN AVENUE,245.0,WORTMAN AVENUE,245 WORTMAN AVENUE,17761464,809926,389835.0,3,245,231,247,WORTMAN AVENUE,A,2025-03-12,2025-03-13,07/01/2025,06/17/2025,,,,556.0,9670433.0,"§ 27-2013 ADM CODE PAINT WITH LIGHT COLORED PAINT TO THE SATISFACTION OF THIS DEPARTMENT AT CEILING AND ALL WALLS IN THE KITCHEN LOCATED AT APT 3D, 3rd STORY, 2nd APARTMENT FROM EAST AT SOUTH",2025-03-14,19.0,VIOLATION CLOSED,2025-05-30,Original,Close,N,2025,2025.0,2025-10-06,77.0,2022-12-28
8081,LINDEN,BROOKLYN,1586,2021-12-28,245 WORTMAN AVENUE,245.0,WORTMAN AVENUE,245 WORTMAN AVENUE,17761473,809926,389835.0,3,245,231,247,WORTMAN AVENUE,A,2025-03-12,2025-03-13,07/01/2025,06/17/2025,,,,556.0,9670434.0,"§ 27-2013 ADM CODE PAINT WITH LIGHT COLORED PAINT TO THE SATISFACTION OF THIS DEPARTMENT ALL WALLS AND CELINGS THROU-OUT IN THE ENTIRE APARTMENT LOCATED AT APT 2D, 2nd STORY, 2nd APARTMENT FROM EAST AT SOUTH",2025-03-14,19.0,VIOLATION CLOSED,2025-05-30,Original,Close,N,2025,2025.0,2025-10-06,77.0,2022-12-28
8082,LINDEN,BROOKLYN,1586,2021-12-28,245 WORTMAN AVENUE,245.0,WORTMAN AVENUE,245 WORTMAN AVENUE,17844908,809926,389835.0,3,245,231,247,WORTMAN AVENUE,B,2025-04-22,2025-04-22,06/11/2025,05/28/2025,,,05/09/2025,583.0,9726186.0,"§ 27-2026, 2027 HMC: PROPERLY REPAIR THE SOURCE AND ABATE THE EVIDENCE OF A WATER LEAK NORTH WALL IN THE KITCHEN LOCATED AT APT 2D, 2nd STORY, 2nd APARTMENT FROM EAST AT SOUTH",2025-04-23,19.0,VIOLATION CLOSED,2025-05-30,Original,Close,N,2025,2025.0,2025-10-06,37.0,2022-12-28
8083,LINDEN,BROOKLYN,1586,2021-12-28,245 WORTMAN AVENUE,245.0,WORTMAN AVENUE,245 WORTMAN AVENUE,17865542,809926,389835.0,3,245,231,247,WORTMAN AVENUE,B,2025-04-28,2025-04-29,06/18/2025,06/04/2025,,,,508.0,9736091.0,"§ 27-2005 ADM CODE REPAIR THE BROKEN OR DEFECTIVE PLASTERED SURFACES AND PAINT IN A UNIFORM COLOR AT CEILING IN THE BATHROOM LOCATED AT APT 4D, 4th STORY, 2nd APARTMENT FROM SOUTH AT WEST , SECTION ''SOUTH''",2025-04-30,19.0,VIOLATION CLOSED,2025-05-30,Original,Close,N,2025,2025.0,2025-10-06,30.0,2022-12-28
8084,LINDEN,BROOKLYN,1586,2021-12-28,245 WORTMAN AVENUE,245.0,WORTMAN AVENUE,245 WORTMAN AVENUE,17589567,809926,389835.0,3,245,231,247,WORTMAN AVENUE,B,2024-12-31,2025-01-04,02/24/2025,02/10/2025,,,02/14/2025,649.0,9566258.0,"§ 27-2026 ADM CODE REMOVE ALL OBSTRUCTIONS AND REPAIR ALL DEFECTS IN KITCHEN SINK WASTE LINE IN THE KITCHEN LOCATED AT APT 2D, 2nd STORY, 2nd APARTMENT FROM EAST AT SOUTH",2025-01-06,9.0,VIOLATION DISMISSED,2025-04-28,Original,Close,Y,2024,2025.0,2025-10-06,112.0,2022-12-28
8085,LINDEN,BROOKLYN,1586,2021-12-28,245 WORTMAN AVENUE,245.0,WORTMAN AVENUE,245 WORTMAN AVENUE,17353733,809926,389835.0,3,245,231,247,WORTMAN AVENUE,C,2024-10-12,2024-10-16,11/05/2024,10/31/2024,,,11/05/2024,530.0,9385911.0,"§ 27-2005, 27-2007, 27-2041.1 HMC, §238, § 309; § 107 (2) ( C) MDL AND 28 RCNY §25-171: REPLACE OR REPAIR THE SELF-CLOSING DOORS THAT IS MISSING OR DEFECTIVE LATCH SET AT HOPPER DOOR TO TRASH CHUTE AT PUBLIC HALL, 14th STORY",2024-10-17,19.0,VIOLATION CLOSED,2025-09-18,Original,Close,N,2024,2024.0,2025-10-06,336.0,2022-12-28
8086,LINDEN,BROOKLYN,1586,2021-12-28,245 WORTMAN AVENUE,245.0,WORTMAN AVENUE,245 WORTMAN AVENUE,17589566,809926,389835.0,3,245,231,247,WORTMAN AVENUE,A,2024-12-31,2025-01-04,04/25/2025,04/11/2025,,,02/21/2025,556.0,9566257.0,"§ 27-2013 ADM CODE PAINT WITH LIGHT COLORED PAINT TO THE SATISFACTION OF THIS DEPARTMENT SOUTH WALL IN THE 4th ROOM FROM EAST LOCATED AT APT 2D, 2nd STORY, 2nd APARTMENT FROM EAST AT SOUTH",2025-01-06,19.0,VIOLATION CLOSED,2025-05-30,Original,Close,N,2024,2025.0,2025-10-06,144.0,2022-12-28
8087,LINDEN,BROOKLYN,1586,2021-12-28,245 WORTMAN AVENUE,245.0,WORTMAN AVENUE,245 WORTMAN AVENUE,17321765,809926,389835.0,3,245,231,247,WORTMAN AVENUE,A,2024-10-04,2024-10-04,01/24/2025,01/10/2025,,,01/24/2025,484.0,9370459.0,"§ 329, M/D LAW AND DEPT. RULES AND REGS. PROVIDE A COMPLETED CERTIFICATE OF INSPECTION VISITS IN A PROPER FRAME AT OR NEAR MAILBOXES, BOTTOM EDGE OF FRAME BETWEEN 48-62 INCHES ABOVE FLOOR MISSING AT PUBLIC HALL, 1st STORY",2024-10-07,9.0,VIOLATION DISMISSED,2025-04-07,Original,Close,N,2024,2024.0,2025-10-06,182.0,2022-12-28
8088,LINDEN,BROOKLYN,1586,2021-12-28,245 WORTMAN AVENUE,245.0,WORTMAN AVENUE,245 WORTMAN AVENUE,17623494,809926,389835.0,3,245,231,247,WORTMAN AVENUE,C,2025-01-15,2025-01-15,01/29/2025,01/22/2025,,,01/24/2025,671.0,9583404.0,"§ 27-2033 ADM CODE POST NOTICE, IN FORM APPROVED BY THE DEPARTMENT, STATING THE NAME AND LOCATION OF THE PERSON DESIGNATED BY THE OWNER TO HAVE KEY TO BUILDINGS HEATING SYSTEM AT PUBLIC HALL, 1st STORY",2025-01-16,19.0,VIOLATION CLOSED,2025-03-13,Original,Close,N,2025,2025.0,2025-10-06,56.0,2022-12-28
8089,LINDEN,BROOKLYN,1586,2021-12-28,245 WORTMAN AVENUE,245.0,WORTMAN AVENUE,245 WORTMAN AVENUE,18158817,809926,389835.0,3,245,231,247,WORTMAN AVENUE,C,2025-08-13,2025-08-14,09/03/2025,08/29/2025,,,,530.0,9953421.0,"§ 27-2005, 27-2007, 27-2041.1 HMC, §238, § 309; § 107 (2) ( C) MDL AND 28 RCNY §25-171: REPLACE OR REPAIR THE SELF-CLOSING DOORS THAT IS MISSING OR DEFECTIVE LATCH, AT BUILDING FRONT ENTRANCE DOOR",2025-08-15,19.0,VIOLATION CLOSED,2025-09-22,Original,Close,N,2025,2025.0,2025-10-06,38.0,2022-12-28
8090,LINDEN,BROOKLYN,1586,2021-12-28,245 WORTMAN AVENUE,245.0,WORTMAN AVENUE,245 WORTMAN AVENUE,17882911,809926,389835.0,3,245,231,247,WORTMAN AVENUE,A,2025-05-05,2025-05-07,08/25/2025,08/11/2025,,,06/26/2025,554.0,9748384.0,"§ 27-2005 ADM CODE PAINT METAL IN ACCORDANCE WITH DEPT. REGULATION THE METAL PIPE IN THE 3rd ROOM FROM NORTH LOCATED AT APT 1M, 1st STORY, 2nd APARTMENT FROM NORTH AT EAST",2025-05-08,9.0,VIOLATION DISMISSED,2025-09-08,Original,Close,N,2025,2025.0,2025-10-06,123.0,2022-12-28
8091,LINDEN,BROOKLYN,1586,2021-12-28,245 WORTMAN AVENUE,245.0,WORTMAN AVENUE,245 WORTMAN AVENUE,18057827,809926,389835.0,3,245,231,247,WORTMAN AVENUE,C,2025-06-29,2025-07-03,08/03/2025,07/29/2025,,,07/10/2025,568.0,9895284.0,"HMC ADM CODE: § 27-2017.4 ABATE THE INFESTATION CONSISTING OF ROACHES IN THE ENTIRE APARTMENT LOCATED AT APT 10M, 10th STORY, 3rd APARTMENT FROM NORTH AT EAST",2025-07-03,9.0,VIOLATION DISMISSED,2025-09-22,Original,Close,N,2025,2025.0,2025-10-06,81.0,2022-12-28
8092,LINDEN,BROOKLYN,1586,2021-12-28,245 WORTMAN AVENUE,245.0,WORTMAN AVENUE,245 WORTMAN AVENUE,15007591,809926,389835.0,3,245,231,247,WORTMAN AVENUE,A,2022-03-08,2022-03-08,06/25/2022,06/11/2022,,,,1507.0,7794657.0,"(A) § HMC:FILE ANNUAL BEDBUG REPORT IN ACCORDANCE WITH HPD RULE AS DESCRIBED ON THE BACK OF THIS NOTICE OF VIOLATION OR AS DESCRIBED ON HPDS WEBSITE, WWW.NYC.GOV\HPD, SEARCH BED BUGS.",2022-03-08,9.0,VIOLATION DISMISSED,2023-05-15,Original,Close,N,2022,2022.0,2025-10-06,433.0,2022-12-28
8093,LINDEN,BROOKLYN,1586,2021-12-28,245 WORTMAN AVENUE,245.0,WORTMAN AVENUE,245 WORTMAN AVENUE,15125466,809926,389835.0,3,245,231,247,WORTMAN AVENUE,C,2022-04-19,2022-04-21,05/21/2022,05/16/2022,,,08/26/2025,622.0,7885296.0,"§ 27-2056.7, 27-2056.8, 27-2056.9 ADM CODE -CERTIFY COMPLIANCE WITH LEAD-BASED PAINT HAZARD CONTROL REQUIREMENTS DURING PERIOD OF UNIT VACANCY BY PERFORMING ACTIVITIES NECESSARY TO ABATE TESTED LEAD-BASED PAINT FROM REQUIRED WINDOW AND/OR DOOR FRICTION SURFACES FOR APARTMENT AND MAKE FLOORS SMOOTH AND CLEANABLE, POSITIVE LEAD-BASED PAINT IN AN APARTMENT WITH A CHILD UNDER SIX LOCATED AT APT 13D, 13th STORY, 2nd APARTMENT FROM EAST AT SOUTH",2022-04-22,50.0,"LEAD DOCS SUBMITTED, NOT ACCEPTABLE",2025-09-04,Original,Open,N,2022,2022.0,2025-10-06,1263.0,2022-12-28
8094,LINDEN,BROOKLYN,1586,2021-12-28,245 WORTMAN AVENUE,245.0,WORTMAN AVENUE,245 WORTMAN AVENUE,15307694,809926,389835.0,3,245,231,247,WORTMAN AVENUE,A,2022-08-04,2022-08-06,11/25/2022,11/11/2022,,,,550.0,7998086.0,"§ 27-2017.3 HMC: TRACE AND REPAIR THE SOURCE AND ABATE THE VISIBLE MOLD CONDITION... APPROXIMATELY 4 SQUARE FEET WEST WALL IN THE 2nd ROOM FROM EAST LOCATED AT APT 2D, 2nd STORY, 1st APARTMENT FROM EAST AT SOUTH",2022-08-08,19.0,VIOLATION CLOSED,2022-12-06,Original,Close,N,2022,2022.0,2025-10-06,120.0,2022-12-28
8095,LINDEN,BROOKLYN,1586,2021-12-28,245 WORTMAN AVENUE,245.0,WORTMAN AVENUE,245 WORTMAN AVENUE,15307702,809926,389835.0,3,245,231,247,WORTMAN AVENUE,A,2022-08-04,2022-08-06,11/25/2022,11/11/2022,,,,554.0,7998085.0,"§ 27-2005 ADM CODE PAINT METAL IN ACCORDANCE WITH DEPT. REGULATION THE 1st CLOSET FROM WEST AT NORTH WALL DOOR FRAME IN THE FOYER LOCATED AT APT 2D, 2nd STORY, 1st APARTMENT FROM EAST AT SOUTH",2022-08-08,19.0,VIOLATION CLOSED,2024-07-02,Original,Close,N,2022,2022.0,2025-10-06,694.0,2022-12-28
8096,LINDEN,BROOKLYN,1586,2021-12-28,245 WORTMAN AVENUE,245.0,WORTMAN AVENUE,245 WORTMAN AVENUE,15307703,809926,389835.0,3,245,231,247,WORTMAN AVENUE,B,2022-08-04,2022-08-06,09/26/2022,09/12/2022,,,,508.0,7998087.0,"§ 27-2005 ADM CODE REPAIR THE BROKEN OR DEFECTIVE PLASTERED SURFACES AND PAINT IN A UNIFORM COLOR THE WEST WALL IN THE 2nd ROOM FROM EAST LOCATED AT APT 2D, 2nd STORY, 1st APARTMENT FROM EAST AT SOUTH",2022-08-08,19.0,VIOLATION CLOSED,2024-07-02,Original,Close,N,2022,2022.0,2025-10-06,694.0,2022-12-28
8097,LINDEN,BROOKLYN,1586,2021-12-28,245 WORTMAN AVENUE,245.0,WORTMAN AVENUE,245 WORTMAN AVENUE,15350047,809926,389835.0,3,245,231,247,WORTMAN AVENUE,B,2022-08-31,2022-08-31,10/20/2022,10/06/2022,,,,702.0,8023805.0,"§ 27-2045 ADM CODE REPAIR OR REPLACE THE SMOKE DETECTOR MISSING LOCATED AT APT 10M, 10th STORY, 2nd APARTMENT FROM NORTH AT EAST , SECTION AT NORTH",2022-09-01,19.0,VIOLATION CLOSED,2024-06-25,Original,Close,N,2022,2022.0,2025-10-06,663.0,2022-12-28
8098,LINDEN,BROOKLYN,1586,2021-12-28,245 WORTMAN AVENUE,245.0,WORTMAN AVENUE,245 WORTMAN AVENUE,15367956,809926,389835.0,3,245,231,247,WORTMAN AVENUE,A,2022-09-16,2022-09-16,01/06/2023,12/23/2022,,,,506.0,8042777.0,"§ 27-2005 ADM CODE REPLACE WITH NEW THE MISSING FACE FRAME AT DRAWER AT BASE CABINET AT SINK IN THE KITCHEN LOCATED AT APT 2D, 2nd STORY, 2nd APARTMENT FROM EAST AT SOUTH",2022-09-19,19.0,VIOLATION CLOSED,2024-07-02,Original,Close,N,2022,2022.0,2025-10-06,652.0,2022-12-28
8099,LINDEN,BROOKLYN,1586,2021-12-28,245 WORTMAN AVENUE,245.0,WORTMAN AVENUE,245 WORTMAN AVENUE,16368810,809926,389835.0,3,245,231,247,WORTMAN AVENUE,B,2023-11-09,2023-11-28,01/17/2024,01/03/2024,,,01/17/2024,506.0,8813623.0,"§ 27-2005 ADM CODE REPLACE WITH NEW THE MISSING MAILBOX AT WEST WALL AT PUBLIC HALL, 1st STORY",2023-11-29,9.0,VIOLATION DISMISSED,2024-03-29,Original,Close,N,2023,2023.0,2025-10-06,121.0,2022-12-28
8100,LINDEN,BROOKLYN,1586,2021-12-28,245 WORTMAN AVENUE,245.0,WORTMAN AVENUE,245 WORTMAN AVENUE,15359732,809926,389835.0,3,245,231,247,WORTMAN AVENUE,B,2022-09-06,2022-09-07,10/27/2022,10/13/2022,,,,583.0,8030742.0,"§ 27-2026, 2027 HMC: PROPERLY REPAIR THE SOURCE AND ABATE THE EVIDENCE OF A WATER LEAK AT WEST WALL IN THE 2nd ROOM FROM EAST LOCATED AT APT 2D, 2nd STORY, 2nd APARTMENT FROM EAST AT SOUTH",2022-09-08,19.0,VIOLATION CLOSED,2024-07-02,Original,Close,N,2022,2022.0,2025-10-06,663.0,2022-12-28
8101,LINDEN,BROOKLYN,1586,2021-12-28,245 WORTMAN AVENUE,245.0,WORTMAN AVENUE,245 WORTMAN AVENUE,17882934,809926,389835.0,3,245,231,247,WORTMAN AVENUE,B,2025-05-05,2025-05-07,06/26/2025,06/12/2025,,,,689.0,9748387.0,"§ 27-2005, 2006, 2037 HMC: PROPERLY REPAIR AND ABATE UNSAFE ELECTRIC WIRING CONDITION CONSISTING OF MANY EXTENSION CORDS AT CEILING FROM KITCHEN OUTLET IN THE PRIVATE HALLWAY LOCATED AT APT 3D, 3rd STORY, 2nd APARTMENT FROM EAST AT SOUTH",2025-05-08,21.0,NOT COMPLIED WITH,2025-09-29,Original,Open,N,2025,2025.0,2025-10-06,151.0,2022-12-28
8102,LINDEN,BROOKLYN,1586,2021-12-28,225 WORTMAN AVENUE,225.0,WORTMAN AVENUE,225 WORTMAN AVENUE,16989908,809924,389836.0,3,225,219,225,WORTMAN AVENUE,C,2024-05-22,2024-05-22,06/23/2024,06/18/2024,,,06/20/2024,569.0,9172462.0,"HMC ADM CODE: § 27-2017.4 ABATE THE INFESTATION CONSISTING OF MICE IN THE ENTIRE APARTMENT LOCATED AT APT 5C, 5th STORY, 1st APARTMENT FROM SOUTH AT WEST",2024-05-23,22.0,FIRST NO ACCESS TO RE- INSPECT VIOLATION,2025-09-29,Original,Open,N,2024,2024.0,2025-10-06,501.0,2022-12-28
8103,LINDEN,BROOKLYN,1586,2021-12-28,225 WORTMAN AVENUE,225.0,WORTMAN AVENUE,225 WORTMAN AVENUE,17548177,809924,389836.0,3,225,219,225,WORTMAN AVENUE,B,2024-12-06,2024-12-13,02/03/2025,01/20/2025,,,,529.0,9538589.0,"§ 27-2005 HMC: REFIT DOOR IN THE ENTRANCE LOCATED AT APT 5C, 5th STORY, 1st APARTMENT FROM SOUTH AT WEST",2024-12-16,19.0,VIOLATION CLOSED,2025-04-29,Original,Close,N,2024,2024.0,2025-10-06,134.0,2022-12-28
8104,LINDEN,BROOKLYN,1586,2021-12-28,225 WORTMAN AVENUE,225.0,WORTMAN AVENUE,225 WORTMAN AVENUE,17548187,809924,389836.0,3,225,219,225,WORTMAN AVENUE,B,2024-12-06,2024-12-13,02/03/2025,01/20/2025,,,,583.0,9538589.0,"§ 27-2026, 2027 HMC: PROPERLY REPAIR THE SOURCE AND ABATE THE EVIDENCE OF A WATER LEAK AT CEILING AND SOUTH WALL IN THE BATHROOM LOCATED AT APT 5C, 5th STORY, 1st APARTMENT FROM SOUTH AT WEST",2024-12-16,22.0,FIRST NO ACCESS TO RE- INSPECT VIOLATION,2025-09-29,Original,Open,N,2024,2024.0,2025-10-06,294.0,2022-12-28
8105,LINDEN,BROOKLYN,1586,2021-12-28,225 WORTMAN AVENUE,225.0,WORTMAN AVENUE,225 WORTMAN AVENUE,17833107,809924,389836.0,3,225,219,225,WORTMAN AVENUE,C,2025-04-11,2025-04-14,05/04/2025,04/29/2025,,,05/02/2025,530.0,9715192.0,"§ 27-2005, 27-2007, 27-2041.1 HMC, §238, § 309; § 107 (2) ( C) MDL AND 28 RCNY §25-171: REPLACE OR REPAIR THE SELF-CLOSING DOORS THAT IS MISSING OR DEFECTIVE LATCH AT HOPPER DOOR AT PUBLIC HALL, 3rd STORY",2025-04-15,19.0,VIOLATION CLOSED,2025-05-10,Original,Close,N,2025,2025.0,2025-10-06,25.0,2022-12-28
8106,LINDEN,BROOKLYN,1586,2021-12-28,225 WORTMAN AVENUE,225.0,WORTMAN AVENUE,225 WORTMAN AVENUE,16989909,809924,389836.0,3,225,219,225,WORTMAN AVENUE,B,2024-05-22,2024-05-22,07/11/2024,06/27/2024,,,,501.0,9172461.0,"§ 27-2005 HMC: PROPERLY REPAIR OR REPLACE THE BROKEN OR DEFECTIVE UNHINGED DOOR IN THE BATHROOM LOCATED AT APT 5C, 5th STORY, 1st APARTMENT FROM SOUTH AT WEST",2024-05-23,19.0,VIOLATION CLOSED,2024-12-10,Original,Close,N,2024,2024.0,2025-10-06,201.0,2022-12-28
8107,LINDEN,BROOKLYN,1586,2021-12-28,225 WORTMAN AVENUE,225.0,WORTMAN AVENUE,225 WORTMAN AVENUE,16016756,809924,389836.0,3,225,219,225,WORTMAN AVENUE,A,2023-06-03,2023-06-03,09/22/2023,09/08/2023,,,06/09/2023,484.0,8511387.0,"§ 329, M/D LAW AND DEPT. RULES AND REGS. PROVIDE A COMPLETED CERTIFICATE OF INSPECTION VISITS IN A PROPER FRAME AT OR NEAR MAILBOXES, BOTTOM EDGE OF FRAME BETWEEN 48-62 INCHES ABOVE FLOOR MISSING AT PUBLIC HALL, 1st STORY",2023-06-05,9.0,VIOLATION DISMISSED,2023-08-21,Original,Close,N,2023,2023.0,2025-10-06,77.0,2022-12-28
8108,LINDEN,BROOKLYN,1586,2021-12-28,225 WORTMAN AVENUE,225.0,WORTMAN AVENUE,225 WORTMAN AVENUE,17833113,809924,389836.0,3,225,219,225,WORTMAN AVENUE,A,2025-04-11,2025-04-14,08/02/2025,07/19/2025,,,05/16/2025,484.0,9715189.0,"§ 329, M/D LAW AND DEPT. RULES AND REGS. PROVIDE A COMPLETED CERTIFICATE OF INSPECTION VISITS IN A PROPER FRAME AT OR NEAR MAILBOXES, BOTTOM EDGE OF FRAME BETWEEN 48-62 INCHES ABOVE FLOOR MISSING AT PUBLIC HALL, 1st STORY",2025-04-15,19.0,VIOLATION CLOSED,2025-07-01,Original,Close,N,2025,2025.0,2025-10-06,77.0,2022-12-28
8109,LINDEN,BROOKLYN,1586,2021-12-28,225 WORTMAN AVENUE,225.0,WORTMAN AVENUE,225 WORTMAN AVENUE,18141871,809924,389836.0,3,225,219,225,WORTMAN AVENUE,C,2025-08-01,2025-08-04,08/24/2025,08/19/2025,,,08/19/2025,530.0,9937598.0,"§ 27-2005, 27-2007, 27-2041.1 HMC, §238, § 309; § 107 (2) ( C) MDL AND 28 RCNY §25-171: REPLACE OR REPAIR THE SELF-CLOSING DOORS THAT IS MISSING OR DEFECTIVE HINGES, AT HOPPER DOOR AT PUBLIC HALL, 5th STORY",2025-08-05,19.0,VIOLATION CLOSED,2025-08-25,Original,Close,N,2025,2025.0,2025-10-06,20.0,2022-12-28
8110,LINDEN,BROOKLYN,1586,2021-12-28,225 WORTMAN AVENUE,225.0,WORTMAN AVENUE,225 WORTMAN AVENUE,17080689,809924,389836.0,3,225,219,225,WORTMAN AVENUE,B,2024-06-25,2024-06-26,08/15/2024,08/01/2024,,,,508.0,9222538.0,"§ 27-2005 ADM CODE REPAIR THE BROKEN OR DEFECTIVE PLASTERED SURFACES AND PAINT IN A UNIFORM COLOR AT EAST WALL IN THE PRIVATE HALLWAY LOCATED AT APT 5C, 5th STORY, 1st APARTMENT FROM SOUTH AT WEST",2024-06-27,22.0,FIRST NO ACCESS TO RE- INSPECT VIOLATION,2025-09-29,Original,Open,N,2024,2024.0,2025-10-06,466.0,2022-12-28
8111,LINDEN,BROOKLYN,1586,2021-12-28,225 WORTMAN AVENUE,225.0,WORTMAN AVENUE,225 WORTMAN AVENUE,17080691,809924,389836.0,3,225,219,225,WORTMAN AVENUE,B,2024-06-25,2024-06-26,08/15/2024,08/01/2024,,,,508.0,9222538.0,"§ 27-2005 ADM CODE REPAIR THE BROKEN OR DEFECTIVE PLASTERED SURFACES AND PAINT IN A UNIFORM COLOR AT WEST WALL IN THE BATHROOM LOCATED AT APT 5C, 5th STORY, 1st APARTMENT FROM SOUTH AT WEST",2024-06-27,22.0,FIRST NO ACCESS TO RE- INSPECT VIOLATION,2025-09-29,Original,Open,N,2024,2024.0,2025-10-06,466.0,2022-12-28
8112,LINDEN,BROOKLYN,1586,2021-12-28,225 WORTMAN AVENUE,225.0,WORTMAN AVENUE,225 WORTMAN AVENUE,17833122,809924,389836.0,3,225,219,225,WORTMAN AVENUE,C,2025-04-11,2025-04-14,05/04/2025,04/29/2025,,,05/02/2025,530.0,9715192.0,"§ 27-2005, 27-2007, 27-2041.1 HMC, §238, § 309; § 107 (2) ( C) MDL AND 28 RCNY §25-171: REPLACE OR REPAIR THE SELF-CLOSING DOORS THAT IS MISSING OR DEFECTIVE LATCH SET AT BUILDING ENTRANCE DOOR AT PUBLIC HALL, 1st STORY",2025-04-15,19.0,VIOLATION CLOSED,2025-06-23,Original,Close,N,2025,2025.0,2025-10-06,69.0,2022-12-28
8113,LINDEN,BROOKLYN,1586,2021-12-28,225 WORTMAN AVENUE,225.0,WORTMAN AVENUE,225 WORTMAN AVENUE,16989911,809924,389836.0,3,225,219,225,WORTMAN AVENUE,B,2024-05-22,2024-05-22,07/11/2024,06/27/2024,,,,508.0,9172461.0,"§ 27-2005 ADM CODE REPAIR THE BROKEN OR DEFECTIVE PLASTERED SURFACES AND PAINT IN A UNIFORM COLOR THE CEILING AND WEST WALL IN THE BATHROOM LOCATED AT APT 5C, 5th STORY, 1st APARTMENT FROM SOUTH AT WEST",2024-05-23,22.0,FIRST NO ACCESS TO RE- INSPECT VIOLATION,2025-09-29,Original,Open,N,2024,2024.0,2025-10-06,501.0,2022-12-28
8114,LINDEN,BROOKLYN,1586,2021-12-28,225 WORTMAN AVENUE,225.0,WORTMAN AVENUE,225 WORTMAN AVENUE,17080690,809924,389836.0,3,225,219,225,WORTMAN AVENUE,B,2024-06-25,2024-06-26,08/15/2024,08/01/2024,,,,508.0,9222538.0,"§ 27-2005 ADM CODE REPAIR THE BROKEN OR DEFECTIVE PLASTERED SURFACES AND PAINT IN A UNIFORM COLOR AT SOUTH WALL IN THE BATHROOM LOCATED AT APT 5C, 5th STORY, 1st APARTMENT FROM SOUTH AT WEST",2024-06-27,22.0,FIRST NO ACCESS TO RE- INSPECT VIOLATION,2025-09-29,Original,Open,N,2024,2024.0,2025-10-06,466.0,2022-12-28
8115,LINDEN,BROOKLYN,1586,2021-12-28,225 WORTMAN AVENUE,225.0,WORTMAN AVENUE,225 WORTMAN AVENUE,17222038,809924,389836.0,3,225,219,225,WORTMAN AVENUE,B,2024-08-25,2024-08-28,10/17/2024,10/03/2024,,,,501.0,9312024.0,"§ 27-2005 HMC: PROPERLY REPAIR OR REPLACE THE BROKEN OR DEFECTIVE DOOR IN THE BATHROOM LOCATED AT APT 5C, 5th STORY, 1st APARTMENT FROM SOUTH AT WEST",2024-08-29,19.0,VIOLATION CLOSED,2024-12-10,Original,Close,N,2024,2024.0,2025-10-06,103.0,2022-12-28
8116,LINDEN,BROOKLYN,1586,2021-12-28,225 WORTMAN AVENUE,225.0,WORTMAN AVENUE,225 WORTMAN AVENUE,17222041,809924,389836.0,3,225,219,225,WORTMAN AVENUE,B,2024-08-25,2024-08-25,10/14/2024,09/30/2024,,,,501.0,9307478.0,"§ 27-2005 HMC: PROPERLY REPAIR OR REPLACE THE BROKEN OR DEFECTIVE DOOR IN THE 4th ROOM FROM NORTH LOCATED AT APT 5C, 5th STORY, 1st APARTMENT FROM SOUTH AT WEST",2024-08-26,19.0,VIOLATION CLOSED,2024-12-10,Original,Close,N,2024,2024.0,2025-10-06,106.0,2022-12-28
8117,LINDEN,BROOKLYN,1586,2021-12-28,225 WORTMAN AVENUE,225.0,WORTMAN AVENUE,225 WORTMAN AVENUE,15209697,809924,389836.0,3,225,219,225,WORTMAN AVENUE,A,2022-06-08,2022-06-09,09/27/2022,09/13/2022,,,,556.0,7936531.0,"§ 27-2013 ADM CODE PAINT WITH LIGHT COLORED PAINT TO THE SATISFACTION OF THIS DEPARTMENT ALL PEELING PAINT SURFACES IN THE BATHROOM , THE KITCHEN , THE 1st ROOM FROM NORTH AT EAST, THE 1st ROOM FROM NORTH AT WEST, THE 2nd ROOM FROM NORTH AT EAST, THE PRIVATE HALLWAY LOCATED AT APT 3F, 3rd STORY, 4th APARTMENT FROM SOUTH AT WEST",2022-06-10,19.0,VIOLATION CLOSED,2024-06-25,Original,Close,N,2022,2022.0,2025-10-06,746.0,2022-12-28
8118,LINDEN,BROOKLYN,1586,2021-12-28,225 WORTMAN AVENUE,225.0,WORTMAN AVENUE,225 WORTMAN AVENUE,16016759,809924,389836.0,3,225,219,225,WORTMAN AVENUE,B,2023-06-03,2023-06-08,07/28/2023,07/14/2023,,,07/27/2023,502.0,8517728.0,"§ 27-2005 ADM CODE PROPERLY REPAIR WITH SIMILAR MATERIAL THE BROKEN OR DEFECTIVE UPPER SASH GLASS AT INTERMEDIATE LANDING WEST WALL AT PUBLIC HALL STAIRS, 8th STORY",2023-06-09,9.0,VIOLATION DISMISSED,2023-10-10,Original,Close,N,2023,2023.0,2025-10-06,123.0,2022-12-28
8119,LINDEN,BROOKLYN,1586,2021-12-28,225 WORTMAN AVENUE,225.0,WORTMAN AVENUE,225 WORTMAN AVENUE,17079076,809924,389836.0,3,225,219,225,WORTMAN AVENUE,B,2024-06-24,2024-06-25,08/14/2024,07/31/2024,,,,1503.0,9220829.0,"§ 27-2046.1 HMC: REPAIR OR REPLACE THE CARBON MONOXIDE DETECTING DEVICE(S). MISSING IN THE ENTIRE APARTMENT LOCATED AT APT 5C, 5th STORY, 1st APARTMENT FROM SOUTH AT WEST",2024-06-26,19.0,VIOLATION CLOSED,2025-04-29,Original,Close,N,2024,2024.0,2025-10-06,307.0,2022-12-28
8120,LINDEN,BROOKLYN,1586,2021-12-28,225 WORTMAN AVENUE,225.0,WORTMAN AVENUE,225 WORTMAN AVENUE,17079009,809924,389836.0,3,225,219,225,WORTMAN AVENUE,C,2024-06-24,2024-06-25,07/27/2024,07/22/2024,,,07/26/2024,568.0,9220830.0,"HMC ADM CODE: § 27-2017.4 ABATE THE INFESTATION CONSISTING OF ROACHES IN THE ENTIRE APARTMENT LOCATED AT APT 3F, 3rd STORY, 4th APARTMENT FROM SOUTH AT WEST",2024-06-26,19.0,VIOLATION CLOSED,2024-09-08,Original,Close,N,2024,2024.0,2025-10-06,74.0,2022-12-28
8121,LINDEN,BROOKLYN,1586,2021-12-28,225 WORTMAN AVENUE,225.0,WORTMAN AVENUE,225 WORTMAN AVENUE,17079024,809924,389836.0,3,225,219,225,WORTMAN AVENUE,B,2024-06-24,2024-06-25,08/14/2024,07/31/2024,,,08/14/2024,501.0,9220828.0,"§ 27-2005 HMC: PROPERLY REPAIR OR REPLACE THE BROKEN OR DEFECTIVE LATCH SET AT DOOR LEADING TO WEST BALCONY AT PUBLIC HALL, 3rd STORY",2024-06-26,9.0,VIOLATION DISMISSED,2024-10-25,Original,Close,N,2024,2024.0,2025-10-06,121.0,2022-12-28
8122,LINDEN,BROOKLYN,1586,2021-12-28,225 WORTMAN AVENUE,225.0,WORTMAN AVENUE,225 WORTMAN AVENUE,17079075,809924,389836.0,3,225,219,225,WORTMAN AVENUE,B,2024-06-24,2024-06-25,08/14/2024,07/31/2024,,,,529.0,9220829.0,"§ 27-2005 HMC: REFIT ENTRANCE DOOR IN THE BATHROOM LOCATED AT APT 5C, 5th STORY, 1st APARTMENT FROM SOUTH AT WEST",2024-06-26,19.0,VIOLATION CLOSED,2024-12-10,Original,Close,N,2024,2024.0,2025-10-06,167.0,2022-12-28
8123,LINDEN,BROOKLYN,1586,2021-12-28,225 WORTMAN AVENUE,225.0,WORTMAN AVENUE,225 WORTMAN AVENUE,17079077,809924,389836.0,3,225,219,225,WORTMAN AVENUE,B,2024-06-24,2024-06-25,08/14/2024,07/31/2024,,,,702.0,9220829.0,"§ 27-2045 ADM CODE REPAIR OR REPLACE THE SMOKE DETECTOR MISSING IN THE ENTIRE APARTMENT LOCATED AT APT 5C, 5th STORY, 1st APARTMENT FROM SOUTH AT WEST",2024-06-26,19.0,VIOLATION CLOSED,2025-04-29,Original,Close,N,2024,2024.0,2025-10-06,307.0,2022-12-28
8124,LINDEN,BROOKLYN,1586,2021-12-28,225 WORTMAN AVENUE,225.0,WORTMAN AVENUE,225 WORTMAN AVENUE,17222037,809924,389836.0,3,225,219,225,WORTMAN AVENUE,C,2024-08-25,2024-08-25,09/26/2024,09/21/2024,,,09/10/2024,569.0,9307479.0,"HMC ADM CODE: § 27-2017.4 ABATE THE INFESTATION CONSISTING OF MICE IN THE ENTIRE APARTMENT LOCATED AT APT 5C, 5th STORY, 1st APARTMENT FROM SOUTH AT WEST",2024-08-26,9.0,VIOLATION DISMISSED,2024-11-21,Original,Close,N,2024,2024.0,2025-10-06,87.0,2022-12-28
8125,LINDEN,BROOKLYN,1586,2021-12-28,225 WORTMAN AVENUE,225.0,WORTMAN AVENUE,225 WORTMAN AVENUE,17222040,809924,389836.0,3,225,219,225,WORTMAN AVENUE,B,2024-08-25,2024-08-25,10/14/2024,09/30/2024,,,10/07/2024,702.0,9307478.0,"§ 27-2045 ADM CODE REPAIR OR REPLACE THE SMOKE DETECTOR MISSING IN THE ENTIRE APARTMENT LOCATED AT APT 5C, 5th STORY, 1st APARTMENT FROM SOUTH AT WEST",2024-08-26,19.0,VIOLATION CLOSED,2025-04-29,Original,Close,N,2024,2024.0,2025-10-06,246.0,2022-12-28
8126,LINDEN,BROOKLYN,1586,2021-12-28,225 WORTMAN AVENUE,225.0,WORTMAN AVENUE,225 WORTMAN AVENUE,17529132,809924,389836.0,3,225,219,225,WORTMAN AVENUE,C,2024-12-06,2024-12-07,12/28/2024,12/23/2024,,,12/27/2024,530.0,9527965.0,"§ 27-2005, 27-2007, 27-2041.1 HMC, §238, § 309; § 107 (2) ( C) MDL AND 28 RCNY §25-171: REPLACE OR REPAIR THE SELF-CLOSING DOORS THAT IS MISSING OR DEFECTIVE HINGES AT BUILDING ENTRANCE DOOR , 1st STORY",2024-12-09,19.0,VIOLATION CLOSED,2025-03-13,Original,Close,N,2024,2024.0,2025-10-06,94.0,2022-12-28
8127,LINDEN,BROOKLYN,1586,2021-12-28,225 WORTMAN AVENUE,225.0,WORTMAN AVENUE,225 WORTMAN AVENUE,17548193,809924,389836.0,3,225,219,225,WORTMAN AVENUE,B,2024-12-06,2024-12-13,02/03/2025,01/20/2025,,,01/31/2025,649.0,9538589.0,"§ 27-2026 ADM CODE REMOVE ALL OBSTRUCTIONS AND REPAIR ALL DEFECTS IN WASTELINE AT SINK IN THE KITCHEN LOCATED AT APT 5C, 5th STORY, 1st APARTMENT FROM SOUTH AT WEST",2024-12-16,9.0,VIOLATION DISMISSED,2025-04-14,Original,Close,Y,2024,2024.0,2025-10-06,119.0,2022-12-28
8128,LINDEN,BROOKLYN,1586,2021-12-28,225 WORTMAN AVENUE,225.0,WORTMAN AVENUE,225 WORTMAN AVENUE,17626153,809924,389836.0,3,225,219,225,WORTMAN AVENUE,A,2025-01-13,2025-01-17,05/06/2025,04/22/2025,,,02/21/2025,484.0,9585269.0,"§ 329, M/D LAW AND DEPT. RULES AND REGS. PROVIDE A COMPLETED CERTIFICATE OF INSPECTION VISITS IN A PROPER FRAME AT OR NEAR MAILBOXES, BOTTOM EDGE OF FRAME BETWEEN 48-62 INCHES ABOVE FLOOR AT PUBLIC HALL, 1st STORY",2025-01-17,19.0,VIOLATION CLOSED,2025-07-01,Original,Close,N,2025,2025.0,2025-10-06,165.0,2022-12-28
8129,LINDEN,BROOKLYN,1586,2021-12-28,225 WORTMAN AVENUE,225.0,WORTMAN AVENUE,225 WORTMAN AVENUE,17757670,809924,389836.0,3,225,219,225,WORTMAN AVENUE,C,2025-03-14,2025-03-15,04/17/2025,04/12/2025,,,04/09/2025,568.0,9673463.0,"HMC ADM CODE: § 27-2017.4 ABATE THE INFESTATION CONSISTING OF ROACHES IN THE ENTIRE APARTMENT LOCATED AT APT 3F, 3rd STORY, 4th APARTMENT FROM SOUTH AT WEST",2025-03-17,9.0,VIOLATION DISMISSED,2025-06-20,Original,Close,N,2025,2025.0,2025-10-06,95.0,2022-12-28
8130,LINDEN,BROOKLYN,1586,2021-12-28,225 WORTMAN AVENUE,225.0,WORTMAN AVENUE,225 WORTMAN AVENUE,17810442,809924,389836.0,3,225,219,225,WORTMAN AVENUE,C,2025-04-06,2025-04-06,04/20/2025,04/13/2025,,,04/16/2025,579.0,9703777.0,"§ 27-2026 ADM CODE REPAIR THE LEAKY AND/OR DEFECTIVE FAUCETS AT SINK IN THE KITCHEN LOCATED AT APT 7F, 7th STORY, 4th APARTMENT FROM SOUTH AT WEST",2025-04-07,19.0,VIOLATION CLOSED,2025-06-23,Original,Close,N,2025,2025.0,2025-10-06,77.0,2022-12-28
8131,LINDEN,BROOKLYN,1586,2021-12-28,225 WORTMAN AVENUE,225.0,WORTMAN AVENUE,225 WORTMAN AVENUE,17810447,809924,389836.0,3,225,219,225,WORTMAN AVENUE,C,2025-04-06,2025-04-06,05/08/2025,05/03/2025,,,04/22/2025,569.0,9703778.0,"HMC ADM CODE: § 27-2017.4 ABATE THE INFESTATION CONSISTING OF MICE IN THE ENTIRE APARTMENT LOCATED AT APT 7F, 7th STORY, 4th APARTMENT FROM SOUTH AT WEST",2025-04-07,19.0,VIOLATION CLOSED,2025-06-23,Original,Close,N,2025,2025.0,2025-10-06,77.0,2022-12-28
8132,LINDEN,BROOKLYN,1586,2021-12-28,225 WORTMAN AVENUE,225.0,WORTMAN AVENUE,225 WORTMAN AVENUE,17827101,809924,389836.0,3,225,219,225,WORTMAN AVENUE,C,2025-04-14,2025-04-14,04/28/2025,04/21/2025,,,,579.0,9715191.0,"§ 27-2026 ADM CODE REPAIR THE LEAKY AND/OR DEFECTIVE FAUCETS AT SINK IN THE KITCHEN LOCATED AT APT 7F, 7th STORY, 2nd APARTMENT FROM SOUTH AT WEST",2025-04-15,19.0,VIOLATION CLOSED,2025-06-23,Original,Close,N,2025,2025.0,2025-10-06,69.0,2022-12-28
8133,LINDEN,BROOKLYN,1586,2021-12-28,225 WORTMAN AVENUE,225.0,WORTMAN AVENUE,225 WORTMAN AVENUE,17879119,809924,389836.0,3,225,219,225,WORTMAN AVENUE,A,2025-05-08,2025-05-08,08/26/2025,08/12/2025,,,05/16/2025,484.0,9750055.0,"§ 329, M/D LAW AND DEPT. RULES AND REGS. PROVIDE A COMPLETED CERTIFICATE OF INSPECTION VISITS IN A PROPER FRAME AT OR NEAR MAILBOXES, BOTTOM EDGE OF FRAME BETWEEN 48-62 INCHES ABOVE FLOOR AT PUBLIC HALL, 1st STORY",2025-05-09,19.0,VIOLATION CLOSED,2025-07-06,Original,Close,N,2025,2025.0,2025-10-06,58.0,2022-12-28
8134,LINDEN,BROOKLYN,1586,2021-12-28,225 WORTMAN AVENUE,225.0,WORTMAN AVENUE,225 WORTMAN AVENUE,17924839,809924,389836.0,3,225,219,225,WORTMAN AVENUE,C,2025-05-29,2025-05-29,06/18/2025,06/13/2025,,,06/09/2025,530.0,9778068.0,"§ 27-2005, 27-2007, 27-2041.1 HMC, §238, § 309; § 107 (2) ( C) MDL AND 28 RCNY §25-171: REPLACE OR REPAIR THE SELF-CLOSING DOORS THAT IS MISSING OR DEFECTIVE DOOR HINGES , 1st STORY",2025-05-30,19.0,VIOLATION CLOSED,2025-06-23,Original,Close,N,2025,2025.0,2025-10-06,24.0,2022-12-28
8135,LINDEN,BROOKLYN,1586,2021-12-28,225 WORTMAN AVENUE,225.0,WORTMAN AVENUE,225 WORTMAN AVENUE,18053430,809924,389836.0,3,225,219,225,WORTMAN AVENUE,C,2025-06-20,2025-06-23,07/10/2025,07/03/2025,,,07/02/2025,501.0,9886519.0,"§ 27-2005 HMC: PROPERLY REPAIR OR REPLACE THE BROKEN OR DEFECTIVE MORTISE LOCK AT DOOR IN THE ENTRANCE LOCATED AT APT 7F, 7th STORY, 4th APARTMENT FROM SOUTH AT WEST",2025-06-27,9.0,VIOLATION DISMISSED,2025-09-12,Original,Close,N,2025,2025.0,2025-10-06,77.0,2022-12-28
8136,LINDEN,BROOKLYN,1586,2021-12-28,225 WORTMAN AVENUE,225.0,WORTMAN AVENUE,225 WORTMAN AVENUE,17810446,809924,389836.0,3,225,219,225,WORTMAN AVENUE,C,2025-04-06,2025-04-06,05/08/2025,05/03/2025,,,04/22/2025,568.0,9703778.0,"HMC ADM CODE: § 27-2017.4 ABATE THE INFESTATION CONSISTING OF ROACHES IN THE ENTIRE APARTMENT LOCATED AT APT 7F, 7th STORY, 4th APARTMENT FROM SOUTH AT WEST",2025-04-07,20.0,DEFECT LETTER ISSUED,2025-09-20,Original,Open,N,2025,2025.0,2025-10-06,182.0,2022-12-28
8137,LINDEN,BROOKLYN,1586,2021-12-28,225 WORTMAN AVENUE,225.0,WORTMAN AVENUE,225 WORTMAN AVENUE,17827102,809924,389836.0,3,225,219,225,WORTMAN AVENUE,C,2025-04-14,2025-04-14,04/28/2025,04/21/2025,,,,649.0,9715191.0,"§ 27-2026 ADM CODE REMOVE ALL OBSTRUCTIONS AND REPAIR ALL DEFECTS IN WASTELINE AT WASHBASIN IN THE BATHROOM LOCATED AT APT 7F, 7th STORY, 2nd APARTMENT FROM SOUTH AT WEST",2025-04-15,19.0,VIOLATION CLOSED,2025-06-23,Original,Close,Y,2025,2025.0,2025-10-06,69.0,2022-12-28
8138,LINDEN,BROOKLYN,1586,2021-12-28,225 WORTMAN AVENUE,225.0,WORTMAN AVENUE,225 WORTMAN AVENUE,17757672,809924,389836.0,3,225,219,225,WORTMAN AVENUE,C,2025-03-14,2025-03-18,04/07/2025,04/02/2025,,,04/04/2025,530.0,9676726.0,"§ 27-2005, 27-2007, 27-2041.1 HMC, §238, § 309; § 107 (2) ( C) MDL AND 28 RCNY §25-171: REPLACE OR REPAIR THE SELF-CLOSING DOORS THAT IS MISSING OR DEFECTIVE WEST FIRE DOOR LEADING TO BALCONY HINGES AT PUBLIC HALL, 3rd STORY",2025-03-19,19.0,VIOLATION CLOSED,2025-04-29,Original,Close,N,2025,2025.0,2025-10-06,41.0,2022-12-28
8139,LINDEN,BROOKLYN,1586,2021-12-28,225 WORTMAN AVENUE,225.0,WORTMAN AVENUE,225 WORTMAN AVENUE,17865506,809924,389836.0,3,225,219,225,WORTMAN AVENUE,C,2025-04-28,2025-04-29,05/13/2025,05/06/2025,,,05/13/2025,509.0,9736090.0,"§ 27-2005 ADM CODE PROPERLY SECURE THE LOOSE LIGHT FIXTURE AT CEILING IN THE 4th ROOM FROM NORTH AT WEST LOCATED AT APT 5C, 5th STORY, 1st APARTMENT FROM SOUTH AT WEST",2025-04-30,9.0,VIOLATION DISMISSED,2025-07-24,Original,Close,N,2025,2025.0,2025-10-06,85.0,2022-12-28
8140,LINDEN,BROOKLYN,1586,2021-12-28,225 WORTMAN AVENUE,225.0,WORTMAN AVENUE,225 WORTMAN AVENUE,17548194,809924,389836.0,3,225,219,225,WORTMAN AVENUE,B,2024-12-06,2024-12-13,02/03/2025,01/20/2025,,,,501.0,9538589.0,"§ 27-2005 HMC: PROPERLY REPAIR OR REPLACE THE BROKEN OR DEFECTIVE BASE CABINET AT NORTH AND SOUTH WALL IN THE KITCHEN LOCATED AT APT 5C, 5th STORY, 1st APARTMENT FROM SOUTH AT WEST",2024-12-16,22.0,FIRST NO ACCESS TO RE- INSPECT VIOLATION,2025-09-29,Original,Open,N,2024,2024.0,2025-10-06,294.0,2022-12-28
8141,LINDEN,BROOKLYN,1586,2021-12-28,225 WORTMAN AVENUE,225.0,WORTMAN AVENUE,225 WORTMAN AVENUE,18205971,809924,389836.0,3,225,219,225,WORTMAN AVENUE,B,2025-09-04,2025-09-05,10/27/2025,10/13/2025,,,,508.0,9983364.0,"§ 27-2005 ADM CODE REPAIR THE BROKEN OR DEFECTIVE PLASTERED SURFACES AND PAINT IN A UNIFORM COLOR AT WEST AND NORTH WALLS IN THE BATHROOM LOCATED AT APT 5E, 5th STORY, 3rd APARTMENT FROM SOUTH AT WEST",2025-09-08,22.0,FIRST NO ACCESS TO RE- INSPECT VIOLATION,2025-09-29,Original,Open,N,2025,2025.0,2025-10-06,28.0,2022-12-28
8142,LINDEN,BROOKLYN,1586,2021-12-28,225 WORTMAN AVENUE,225.0,WORTMAN AVENUE,225 WORTMAN AVENUE,17827103,809924,389836.0,3,225,219,225,WORTMAN AVENUE,B,2025-04-14,2025-04-14,06/03/2025,05/20/2025,,,,598.0,9715190.0,"§ 27-2026 ADM CODE REPAIR THE BROKEN OR DEFECTIVE CONNECTION AT WASTELINE AT WASHBASIN IN THE BATHROOM LOCATED AT APT 7F, 7th STORY, 2nd APARTMENT FROM SOUTH AT WEST",2025-04-15,19.0,VIOLATION CLOSED,2025-09-22,Original,Close,N,2025,2025.0,2025-10-06,160.0,2022-12-28
8143,LINDEN,BROOKLYN,1586,2021-12-28,225 WORTMAN AVENUE,225.0,WORTMAN AVENUE,225 WORTMAN AVENUE,16016757,809924,389836.0,3,225,219,225,WORTMAN AVENUE,A,2023-06-03,2023-06-03,09/22/2023,09/08/2023,,,06/09/2023,500.0,8511387.0,"§ 26-1103 ADMIN. CODE: POST AND MAINTAIN A PROPER NOTICE ON WALL OF THE ENTRANCE STORY IN ENGLISH AND SPANISH ON THE AVAILABILITY OF THE AGENCYS HOUSING INFORMATION GUIDE. A SAMPLE NOTICE CAN BE FOUND AT WWW.NYC.GOV/HPD. AT PUBLIC HALL, 1st STORY",2023-06-05,9.0,VIOLATION DISMISSED,2023-08-21,Original,Close,N,2023,2023.0,2025-10-06,77.0,2022-12-28
8144,LINDEN,BROOKLYN,1586,2021-12-28,225 WORTMAN AVENUE,225.0,WORTMAN AVENUE,225 WORTMAN AVENUE,18205976,809924,389836.0,3,225,219,225,WORTMAN AVENUE,B,2025-09-04,2025-09-05,10/27/2025,10/13/2025,,,,702.0,9983364.0,"§ 27-2045(B)(1)(A) HMC, § 12-01, § 12-03 RCNY REPAIR, REPLACE OR PROVIDE AN APPROVED AND OPERATIONAL SMOKE DETECTING DEVICE, INSTALLED IN ACCORDANCE WITH DEPARTMENT OF BUILDINGS RULES AND REGULATIONS MISSING IN THE ENTIRE APARTMENT LOCATED AT APT 5E, 5th STORY, 3rd APARTMENT FROM SOUTH AT WEST",2025-09-08,22.0,FIRST NO ACCESS TO RE- INSPECT VIOLATION,2025-09-29,Original,Open,N,2025,2025.0,2025-10-06,28.0,2022-12-28
8145,LINDEN,BROOKLYN,1586,2021-12-28,225 WORTMAN AVENUE,225.0,WORTMAN AVENUE,225 WORTMAN AVENUE,17657813,809924,389836.0,3,225,219,225,WORTMAN AVENUE,A,2025-01-29,2025-01-30,05/20/2025,05/06/2025,,,03/10/2025,501.0,9607912.0,"§ 27-2005 HMC: PROPERLY REPAIR OR REPLACE THE BROKEN OR DEFECTIVE DOORS AT BASE CABINET UNDER SINK IN THE KITCHEN LOCATED AT APT 3F, 3rd STORY, 4th APARTMENT FROM SOUTH AT WEST",2025-01-31,9.0,VIOLATION DISMISSED,2025-05-21,Original,Close,N,2025,2025.0,2025-10-06,110.0,2022-12-28
8146,LINDEN,BROOKLYN,1586,2021-12-28,225 WORTMAN AVENUE,225.0,WORTMAN AVENUE,225 WORTMAN AVENUE,17757671,809924,389836.0,3,225,219,225,WORTMAN AVENUE,B,2025-03-14,2025-03-15,05/05/2025,04/21/2025,,,,689.0,9673462.0,"§ 27-2005, 2006, 2037 HMC: PROPERLY REPAIR AND ABATE UNSAFE ELECTRIC WIRING CONDITION CONSISTING OF EXPOSED ELECTRICAL WIRING AT BUILDING FRONT WEST EXTERIOR WALL",2025-03-17,19.0,VIOLATION CLOSED,2025-04-29,Original,Close,N,2025,2025.0,2025-10-06,43.0,2022-12-28
8147,LINDEN,BROOKLYN,1586,2021-12-28,225 WORTMAN AVENUE,225.0,WORTMAN AVENUE,225 WORTMAN AVENUE,17810443,809924,389836.0,3,225,219,225,WORTMAN AVENUE,C,2025-04-06,2025-04-06,04/20/2025,04/13/2025,,,04/16/2025,649.0,9703777.0,"§ 27-2026 ADM CODE REMOVE ALL OBSTRUCTIONS AND REPAIR ALL DEFECTS IN AT WASH BASIN IN THE BATHROOM LOCATED AT APT 7F, 7th STORY, 4th APARTMENT FROM SOUTH AT WEST",2025-04-07,19.0,VIOLATION CLOSED,2025-06-23,Original,Close,Y,2025,2025.0,2025-10-06,77.0,2022-12-28
8148,LINDEN,BROOKLYN,1586,2021-12-28,225 WORTMAN AVENUE,225.0,WORTMAN AVENUE,225 WORTMAN AVENUE,16989910,809924,389836.0,3,225,219,225,WORTMAN AVENUE,B,2024-05-22,2024-05-22,07/11/2024,06/27/2024,,,,508.0,9172461.0,"§ 27-2005 ADM CODE REPAIR THE BROKEN OR DEFECTIVE PLASTERED SURFACES AND PAINT IN A UNIFORM COLOR THE EAST WALL IN THE FOYER LOCATED AT APT 5C, 5th STORY, 1st APARTMENT FROM SOUTH AT WEST",2024-05-23,22.0,FIRST NO ACCESS TO RE- INSPECT VIOLATION,2025-09-29,Original,Open,N,2024,2024.0,2025-10-06,501.0,2022-12-28
8149,LINDEN,BROOKLYN,1586,2021-12-28,225 WORTMAN AVENUE,225.0,WORTMAN AVENUE,225 WORTMAN AVENUE,18205975,809924,389836.0,3,225,219,225,WORTMAN AVENUE,B,2025-09-04,2025-09-05,10/27/2025,10/13/2025,,,,1503.0,9983364.0,"§ 27-2045(B)(1)(B) HMC, § 12-06, § 12-07, § 12-09 RCNY REPAIR, REPLACE OR PROVIDE AN APPROVED AND OPERATIONAL CARBON MONOXIDE DETECTING DEVICE, INSTALLED IN ACCORDANCE WITH APPLICABLE LAW AND RULES MISSING IN THE ENTIRE APARTMENT LOCATED AT APT 5E, 5th STORY, 3rd APARTMENT FROM SOUTH AT WEST",2025-09-08,22.0,FIRST NO ACCESS TO RE- INSPECT VIOLATION,2025-09-29,Original,Open,N,2025,2025.0,2025-10-06,28.0,2022-12-28
8150,LINDEN,BROOKLYN,1586,2021-12-28,225 WORTMAN AVENUE,225.0,WORTMAN AVENUE,225 WORTMAN AVENUE,15881719,809924,389836.0,3,225,219,225,WORTMAN AVENUE,A,2023-03-29,2023-03-29,07/16/2023,07/02/2023,,,,1507.0,8417373.0,"(A) § HMC:FILE ANNUAL BEDBUG REPORT IN ACCORDANCE WITH HPD RULE AS DESCRIBED ON THE BACK OF THIS NOTICE OF VIOLATION OR AS DESCRIBED ON HPDS WEBSITE, WWW.NYC.GOV\HPD, SEARCH BED BUGS.",2023-03-29,9.0,VIOLATION DISMISSED,2023-05-11,Original,Close,N,2023,2023.0,2025-10-06,43.0,2022-12-28
8151,LINDEN,BROOKLYN,1586,2021-12-28,225 WORTMAN AVENUE,225.0,WORTMAN AVENUE,225 WORTMAN AVENUE,16016758,809924,389836.0,3,225,219,225,WORTMAN AVENUE,A,2023-06-03,2023-06-03,09/22/2023,09/08/2023,,,06/09/2023,778.0,8511387.0,"§ 27-2104 ADM CODE POST AND MAINTAIN A PROPER SIGN ON WALL OF ENTRANCE STORY SHOWING THE REGISTRATION NUMBER ASSIGNED BY THE DEPARTMENT AND THE ADDRESS OF THE BUILDING. AT PUBLIC HALL, 1st STORY",2023-06-05,9.0,VIOLATION DISMISSED,2023-08-21,Original,Close,N,2023,2023.0,2025-10-06,77.0,2022-12-28
8152,LINDEN,BROOKLYN,1586,2021-12-28,225 WORTMAN AVENUE,225.0,WORTMAN AVENUE,225 WORTMAN AVENUE,17079015,809924,389836.0,3,225,219,225,WORTMAN AVENUE,C,2024-06-24,2024-06-25,07/15/2024,07/10/2024,,,07/14/2024,530.0,9220831.0,"§ 27-2005, 27-2007, 27-2041.1 HMC, §238, § 309; § 107 (2) ( C) MDL AND 28 RCNY §25-171: REPLACE OR REPAIR THE SELF-CLOSING DOORS THAT IS MISSING OR DEFECTIVE LATCH SET AT HOPPER DOOR TO TRASH CHUTE AT PUBLIC HALL, 3rd STORY",2024-06-26,19.0,VIOLATION CLOSED,2024-07-19,Original,Close,N,2024,2024.0,2025-10-06,23.0,2022-12-28
8153,LINDEN,BROOKLYN,1586,2021-12-28,225 WORTMAN AVENUE,225.0,WORTMAN AVENUE,225 WORTMAN AVENUE,17079020,809924,389836.0,3,225,219,225,WORTMAN AVENUE,C,2024-06-24,2024-06-25,07/15/2024,07/10/2024,,,07/14/2024,530.0,9220831.0,"§ 27-2005, 27-2007, 27-2041.1 HMC, §238, § 309; § 107 (2) ( C) MDL AND 28 RCNY §25-171: REPLACE OR REPAIR THE SELF-CLOSING DOORS THAT IS MISSING OR DEFECTIVE LATCH SET AT DOOR LEADING TO WEST BALCONY AT PUBLIC HALL, 3rd STORY",2024-06-26,19.0,VIOLATION CLOSED,2024-07-19,Original,Close,N,2024,2024.0,2025-10-06,23.0,2022-12-28
8154,LINDEN,BROOKLYN,1586,2021-12-28,225 WORTMAN AVENUE,225.0,WORTMAN AVENUE,225 WORTMAN AVENUE,17222039,809924,389836.0,3,225,219,225,WORTMAN AVENUE,B,2024-08-25,2024-08-28,10/17/2024,10/03/2024,,,10/08/2024,579.0,9312024.0,"§ 27-2026 ADM CODE REPAIR THE LEAKY AND/OR DEFECTIVE FAUCETS AT SINK IN THE KITCHEN LOCATED AT APT 5C, 5th STORY, 1st APARTMENT FROM SOUTH AT WEST",2024-08-29,19.0,VIOLATION CLOSED,2024-12-10,Original,Close,N,2024,2024.0,2025-10-06,103.0,2022-12-28
8155,LINDEN,BROOKLYN,1586,2021-12-28,225 WORTMAN AVENUE,225.0,WORTMAN AVENUE,225 WORTMAN AVENUE,17810445,809924,389836.0,3,225,219,225,WORTMAN AVENUE,A,2025-04-06,2025-04-06,07/25/2025,07/11/2025,,,06/26/2025,556.0,9703776.0,"§ 27-2013 ADM CODE PAINT WITH LIGHT COLORED PAINT TO THE SATISFACTION OF THIS DEPARTMENT AT ALL WALLS AND AT CEILING IN THE PRIVATE HALLWAY LOCATED AT APT 7F, 7th STORY, 4th APARTMENT FROM SOUTH AT WEST",2025-04-07,9.0,VIOLATION DISMISSED,2025-09-08,Original,Close,N,2025,2025.0,2025-10-06,154.0,2022-12-28
8156,LINDEN,BROOKLYN,1586,2021-12-28,225 WORTMAN AVENUE,225.0,WORTMAN AVENUE,225 WORTMAN AVENUE,17888613,809924,389836.0,3,225,219,225,WORTMAN AVENUE,C,2025-05-07,2025-05-10,05/31/2025,05/26/2025,,,05/16/2025,530.0,9753671.0,"§ 27-2005, 27-2007, 27-2041.1 HMC, §238, § 309; § 107 (2) ( C) MDL AND 28 RCNY §25-171: REPLACE OR REPAIR THE SELF-CLOSING DOORS THAT IS MISSING OR DEFECTIVE HINGES AT DOOR LEADING TO EAST YARD AT PUBLIC HALL, 1st STORY",2025-05-12,19.0,VIOLATION CLOSED,2025-06-23,Original,Close,N,2025,2025.0,2025-10-06,42.0,2022-12-28
8157,LINDEN,BROOKLYN,1586,2021-12-28,225 WORTMAN AVENUE,225.0,WORTMAN AVENUE,225 WORTMAN AVENUE,18260972,809924,389836.0,3,225,219,225,WORTMAN AVENUE,C,2025-09-26,2025-09-29,10/19/2025,10/14/2025,,,,530.0,10013748.0,"§ 27-2005, 27-2007, 27-2041.1 HMC, §238, § 309; § 107 (2) ( C) MDL AND 28 RCNY §25-171: REPLACE OR REPAIR THE SELF-CLOSING DOORS THAT IS MISSING OR DEFECTIVE LATCH, AT BULDING ENTRANCE",2025-09-30,2.0,NOV SENT OUT,2025-09-30,Original,Open,N,2025,2025.0,2025-10-06,6.0,2022-12-28
8158,LINDEN,BROOKLYN,1586,2021-12-28,225 WORTMAN AVENUE,225.0,WORTMAN AVENUE,225 WORTMAN AVENUE,17810444,809924,389836.0,3,225,219,225,WORTMAN AVENUE,A,2025-04-06,2025-04-06,07/25/2025,07/11/2025,,,06/26/2025,556.0,9703776.0,"§ 27-2013 ADM CODE PAINT WITH LIGHT COLORED PAINT TO THE SATISFACTION OF THIS DEPARTMENT AT CEILING IN THE BATHROOM LOCATED AT APT 7F, 7th STORY, 4th APARTMENT FROM SOUTH AT WEST",2025-04-07,9.0,VIOLATION DISMISSED,2025-09-08,Original,Close,N,2025,2025.0,2025-10-06,154.0,2022-12-28
8159,LINDEN,BROOKLYN,1586,2021-12-28,225 WORTMAN AVENUE,225.0,WORTMAN AVENUE,225 WORTMAN AVENUE,18205972,809924,389836.0,3,225,219,225,WORTMAN AVENUE,B,2025-09-04,2025-09-05,10/27/2025,10/13/2025,,,,583.0,9983364.0,"§ 27-2026, 2027 HMC: PROPERLY REPAIR THE SOURCE AND ABATE THE EVIDENCE OF A WATER LEAK AT WEST AND NORTH WALLS IN THE BATHROOM LOCATED AT APT 5E, 5th STORY, 3rd APARTMENT FROM SOUTH AT WEST",2025-09-08,22.0,FIRST NO ACCESS TO RE- INSPECT VIOLATION,2025-09-29,Original,Open,N,2025,2025.0,2025-10-06,28.0,2022-12-28
8160,LINDEN,BROOKLYN,1586,2021-12-28,225 WORTMAN AVENUE,225.0,WORTMAN AVENUE,225 WORTMAN AVENUE,18205973,809924,389836.0,3,225,219,225,WORTMAN AVENUE,A,2025-09-04,2025-09-05,12/26/2025,12/12/2025,,,,556.0,9983363.0,"§ 27-2013 ADM CODE PAINT WITH LIGHT COLORED PAINT TO THE SATISFACTION OF THIS DEPARTMENT THE WEST WALL IN THE PRIVATE HALLWAY LOCATED AT APT 5E, 5th STORY, 3rd APARTMENT FROM SOUTH AT WEST",2025-09-08,22.0,FIRST NO ACCESS TO RE- INSPECT VIOLATION,2025-09-29,Original,Open,N,2025,2025.0,2025-10-06,28.0,2022-12-28
8161,LINDEN,BROOKLYN,1586,2021-12-28,225 WORTMAN AVENUE,225.0,WORTMAN AVENUE,225 WORTMAN AVENUE,18205974,809924,389836.0,3,225,219,225,WORTMAN AVENUE,A,2025-09-04,2025-09-05,12/26/2025,12/12/2025,,,,556.0,9983363.0,"§ 27-2013 ADM CODE PAINT WITH LIGHT COLORED PAINT TO THE SATISFACTION OF THIS DEPARTMENT AT WEST AND NORTH WALLS IN THE FOYER LOCATED AT APT 5E, 5th STORY, 3rd APARTMENT FROM SOUTH AT WEST",2025-09-08,22.0,FIRST NO ACCESS TO RE- INSPECT VIOLATION,2025-09-29,Original,Open,N,2025,2025.0,2025-10-06,28.0,2022-12-28
8162,LINDEN,BROOKLYN,1586,2021-12-28,225 WORTMAN AVENUE,225.0,WORTMAN AVENUE,225 WORTMAN AVENUE,18205978,809924,389836.0,3,225,219,225,WORTMAN AVENUE,C,2025-09-04,2025-09-05,09/27/2025,09/22/2025,,,09/19/2025,530.0,9983365.0,"§ 27-2005, 27-2007, 27-2041.1 HMC, §238, § 309; § 107 (2) ( C) MDL AND 28 RCNY §25-171: REPLACE OR REPAIR THE SELF-CLOSING DOORS THAT IS MISSING OR DEFECTIVE HINGES AT BUILDING ENTRANCE , 1st STORY",2025-09-08,19.0,VIOLATION CLOSED,2025-09-23,Original,Close,N,2025,2025.0,2025-10-06,15.0,2022-12-28
8163,LINDEN,BROOKLYN,1586,2021-12-28,225 WORTMAN AVENUE,225.0,WORTMAN AVENUE,225 WORTMAN AVENUE,15007589,809924,389836.0,3,225,219,225,WORTMAN AVENUE,A,2022-03-08,2022-03-08,06/25/2022,06/11/2022,,,,1507.0,7794655.0,"(A) § HMC:FILE ANNUAL BEDBUG REPORT IN ACCORDANCE WITH HPD RULE AS DESCRIBED ON THE BACK OF THIS NOTICE OF VIOLATION OR AS DESCRIBED ON HPDS WEBSITE, WWW.NYC.GOV\HPD, SEARCH BED BUGS.",2022-03-08,9.0,VIOLATION DISMISSED,2023-05-11,Original,Close,N,2022,2022.0,2025-10-06,429.0,2022-12-28
8164,LINDEN,BROOKLYN,1586,2021-12-28,225 WORTMAN AVENUE,225.0,WORTMAN AVENUE,225 WORTMAN AVENUE,17079016,809924,389836.0,3,225,219,225,WORTMAN AVENUE,B,2024-06-24,2024-06-25,08/14/2024,07/31/2024,,,08/14/2024,501.0,9220828.0,"§ 27-2005 HMC: PROPERLY REPAIR OR REPLACE THE BROKEN OR DEFECTIVE LATCH SET AT HOPPER DOOR TO TRASH CHUTE AT PUBLIC HALL, 3rd STORY",2024-06-26,9.0,VIOLATION DISMISSED,2024-10-25,Original,Close,N,2024,2024.0,2025-10-06,121.0,2022-12-28
8165,LINDEN,BROOKLYN,1586,2021-12-28,225 WORTMAN AVENUE,225.0,WORTMAN AVENUE,225 WORTMAN AVENUE,17548192,809924,389836.0,3,225,219,225,WORTMAN AVENUE,C,2024-12-06,2024-12-13,01/16/2025,01/11/2025,,,,550.0,9538590.0,"§ 27-2017.3 HMC: TRACE AND REPAIR THE SOURCE AND ABATE THE VISIBLE MOLD CONDITION... GREATER THAN 35 SQ.FT AT CEILING AND WEST AND EAST WALL IN THE BATHROOM LOCATED AT APT 5C, 5th STORY, 1st APARTMENT FROM SOUTH AT WEST",2024-12-16,22.0,FIRST NO ACCESS TO RE- INSPECT VIOLATION,2025-09-29,Original,Open,N,2024,2024.0,2025-10-06,294.0,2022-12-28
8166,LINDEN,BROOKLYN,1586,2021-12-28,225 WORTMAN AVENUE,225.0,WORTMAN AVENUE,225 WORTMAN AVENUE,17657814,809924,389836.0,3,225,219,225,WORTMAN AVENUE,B,2025-01-29,2025-01-30,03/21/2025,03/07/2025,,,02/25/2025,508.0,9607913.0,"§ 27-2005 ADM CODE REPAIR THE BROKEN OR DEFECTIVE PLASTERED SURFACES AND PAINT IN A UNIFORM COLOR THE NORTH WALL IN THE 1st ROOM FROM NORTH LOCATED AT APT 3F, 3rd STORY, 4th APARTMENT FROM SOUTH AT WEST",2025-01-31,9.0,VIOLATION DISMISSED,2025-05-08,Original,Close,N,2025,2025.0,2025-10-06,97.0,2022-12-28
8167,LINDEN,BROOKLYN,1586,2021-12-28,225 WORTMAN AVENUE,225.0,WORTMAN AVENUE,225 WORTMAN AVENUE,17081157,809924,389836.0,3,225,219,225,WORTMAN AVENUE,A,2024-06-25,2024-06-26,10/14/2024,09/30/2024,,,,556.0,9222537.0,"§ 27-2013 ADM CODE PAINT WITH LIGHT COLORED PAINT TO THE SATISFACTION OF THIS DEPARTMENT ALL PEELING PAINT SURFACES IN THE FOYER , THE BATHROOM , THE PRIVATE HALLWAY LOCATED AT APT 5C, 5th STORY, 1st APARTMENT FROM SOUTH AT WEST",2024-06-27,22.0,FIRST NO ACCESS TO RE- INSPECT VIOLATION,2025-09-29,Original,Open,N,2024,2024.0,2025-10-06,466.0,2022-12-28
8168,LINDEN,BROOKLYN,1586,2021-12-28,225 WORTMAN AVENUE,225.0,WORTMAN AVENUE,225 WORTMAN AVENUE,17548188,809924,389836.0,3,225,219,225,WORTMAN AVENUE,B,2024-12-06,2024-12-13,02/03/2025,01/20/2025,,,,508.0,9538589.0,"§ 27-2005 ADM CODE REPAIR THE BROKEN OR DEFECTIVE PLASTERED SURFACES AND PAINT IN A UNIFORM COLOR CEILING AND ALL WALLS IN THE BATHROOM LOCATED AT APT 5C, 5th STORY, 1st APARTMENT FROM SOUTH AT WEST",2024-12-16,22.0,FIRST NO ACCESS TO RE- INSPECT VIOLATION,2025-09-29,Original,Open,N,2024,2024.0,2025-10-06,294.0,2022-12-28
8169,LINDEN,BROOKLYN,1586,2021-12-28,225 WORTMAN AVENUE,225.0,WORTMAN AVENUE,225 WORTMAN AVENUE,17865508,809924,389836.0,3,225,219,225,WORTMAN AVENUE,B,2025-04-28,2025-04-29,06/18/2025,06/04/2025,,,,501.0,9736089.0,"§ 27-2005 HMC: PROPERLY REPAIR OR REPLACE THE BROKEN OR DEFECTIVE ENTRANCE DOOR IN THE 2nd ROOM FROM NORTH LOCATED AT APT 5C, 5th STORY, 1st APARTMENT FROM SOUTH AT WEST",2025-04-30,22.0,FIRST NO ACCESS TO RE- INSPECT VIOLATION,2025-09-29,Original,Open,N,2025,2025.0,2025-10-06,159.0,2022-12-28
8170,LINDEN,BROOKLYN,1586,2021-12-28,225 WORTMAN AVENUE,225.0,WORTMAN AVENUE,225 WORTMAN AVENUE,18205977,809924,389836.0,3,225,219,225,WORTMAN AVENUE,A,2025-09-04,2025-09-05,12/26/2025,12/12/2025,,,,508.0,9983363.0,"§ 27-2005 ADM CODE REPAIR THE BROKEN OR DEFECTIVE PLASTERED SURFACES AND PAINT IN A UNIFORM COLOR AT CEILING AND EAST WALLS IN THE 2nd ROOM FROM NORTH LOCATED AT APT 5E, 5th STORY, 3rd APARTMENT FROM SOUTH AT WEST",2025-09-08,22.0,FIRST NO ACCESS TO RE- INSPECT VIOLATION,2025-09-29,Original,Open,N,2025,2025.0,2025-10-06,28.0,2022-12-28
8171,LINDEN,BROOKLYN,1586,2021-12-28,215 WORTMAN AVENUE,215.0,WORTMAN AVENUE,215 WORTMAN AVENUE,15516868,398076,389837.0,3,215,215,215,WORTMAN AVENUE,B,2022-11-16,2022-11-22,01/11/2023,12/28/2022,,,,502.0,8196803.0,"§ 27-2005 ADM CODE PROPERLY REPAIR WITH SIMILAR MATERIAL THE BROKEN OR DEFECTIVE VINLY TILE AT FLOOR IN THE 1st ROOM FROM EAST LOCATED AT APT 71827, 3rd STORY, 1st APARTMENT FROM SOUTH AT WEST",2022-11-23,19.0,VIOLATION CLOSED,2024-11-24,Original,Close,N,2022,2022.0,2025-10-06,732.0,2022-12-28
8174,LINDEN,BROOKLYN,1586,2021-12-28,215 WORTMAN AVENUE,215.0,WORTMAN AVENUE,215 WORTMAN AVENUE,15516866,398076,389837.0,3,215,215,215,WORTMAN AVENUE,B,2022-11-16,2022-11-16,01/05/2023,12/22/2022,,,,508.0,8174188.0,"§ 27-2005 ADM CODE REPAIR THE BROKEN OR DEFECTIVE PLASTERED SURFACES AND PAINT IN A UNIFORM COLOR AT EAST WALL IN THE FOYER LOCATED AT APT 71827, 3rd STORY, 1st APARTMENT FROM SOUTH AT WEST",2022-11-17,19.0,VIOLATION CLOSED,2024-11-24,Original,Close,N,2022,2022.0,2025-10-06,738.0,2022-12-28
8175,LINDEN,BROOKLYN,1586,2021-12-28,215 WORTMAN AVENUE,215.0,WORTMAN AVENUE,215 WORTMAN AVENUE,15861983,398076,389837.0,3,215,215,215,WORTMAN AVENUE,A,2023-03-27,2023-03-27,07/14/2023,06/30/2023,,,,1507.0,8397504.0,"(A) § HMC:FILE ANNUAL BEDBUG REPORT IN ACCORDANCE WITH HPD RULE AS DESCRIBED ON THE BACK OF THIS NOTICE OF VIOLATION OR AS DESCRIBED ON HPDS WEBSITE, WWW.NYC.GOV\HPD, SEARCH BED BUGS.",2023-03-27,9.0,VIOLATION DISMISSED,2023-05-15,Original,Close,N,2023,2023.0,2025-10-06,49.0,2022-12-28
8176,LINDEN,BROOKLYN,1586,2021-12-28,215 WORTMAN AVENUE,215.0,WORTMAN AVENUE,215 WORTMAN AVENUE,17079083,398076,389837.0,3,215,215,215,WORTMAN AVENUE,C,2024-06-24,2024-06-25,07/15/2024,07/10/2024,,,07/14/2024,530.0,9220694.0,"§ 27-2005, 27-2007, 27-2041.1 HMC, §238, § 309; § 107 (2) ( C) MDL AND 28 RCNY §25-171: REPLACE OR REPAIR THE SELF-CLOSING DOORS THAT IS MISSING OR DEFECTIVE LATCH SET AT DOOR LEADING TO EAST BALCONY AT PUBLIC HALL, 7th STORY",2024-06-26,19.0,VIOLATION CLOSED,2024-07-19,Original,Close,N,2024,2024.0,2025-10-06,23.0,2022-12-28
8177,LINDEN,BROOKLYN,1586,2021-12-28,215 WORTMAN AVENUE,215.0,WORTMAN AVENUE,215 WORTMAN AVENUE,17079084,398076,389837.0,3,215,215,215,WORTMAN AVENUE,B,2024-06-24,2024-06-25,08/14/2024,07/31/2024,,,08/14/2024,501.0,9220693.0,"§ 27-2005 HMC: PROPERLY REPAIR OR REPLACE THE BROKEN OR DEFECTIVE LATCH SET AT DOOR LEADING TO EAST BALCONY AT PUBLIC HALL, 7th STORY",2024-06-26,9.0,VIOLATION DISMISSED,2024-10-25,Original,Close,N,2024,2024.0,2025-10-06,121.0,2022-12-28
8178,LINDEN,BROOKLYN,1586,2021-12-28,215 WORTMAN AVENUE,215.0,WORTMAN AVENUE,215 WORTMAN AVENUE,17816544,398076,389837.0,3,215,215,215,WORTMAN AVENUE,C,2025-04-05,2025-04-06,04/26/2025,04/21/2025,,,04/24/2025,530.0,9703325.0,"§ 27-2005, 27-2007, 27-2041.1 HMC, §238, § 309; § 107 (2) ( C) MDL AND 28 RCNY §25-171: REPLACE OR REPAIR THE SELF-CLOSING DOORS THAT IS MISSING OR DEFECTIVE LATCH SET AT HOPPER DOOR AT COMPACTOR CLOSET AT PUBLIC HALL, 1st STORY",2025-04-07,19.0,VIOLATION CLOSED,2025-06-23,Original,Close,N,2025,2025.0,2025-10-06,77.0,2022-12-28
8179,LINDEN,BROOKLYN,1586,2021-12-28,215 WORTMAN AVENUE,215.0,WORTMAN AVENUE,215 WORTMAN AVENUE,17816545,398076,389837.0,3,215,215,215,WORTMAN AVENUE,B,2025-04-05,2025-04-06,05/26/2025,05/12/2025,,,05/13/2025,501.0,9703324.0,"§ 27-2005 HMC: PROPERLY REPAIR OR REPLACE THE BROKEN OR DEFECTIVE LATCH SET AT HOPPER DOOR AT COMPACTOR CLOSET AT PUBLIC HALL, 1st STORY",2025-04-07,19.0,VIOLATION CLOSED,2025-07-01,Original,Close,N,2025,2025.0,2025-10-06,85.0,2022-12-28
8188,LINDEN,BROOKLYN,1586,2021-12-28,215 WORTMAN AVENUE,215.0,WORTMAN AVENUE,215 WORTMAN AVENUE,18159026,398076,389837.0,3,215,215,215,WORTMAN AVENUE,B,2025-08-13,2025-08-16,10/06/2025,09/22/2025,,,08/25/2025,501.0,9956001.0,"§ 27-2005 HMC: PROPERLY REPAIR OR REPLACE THE BROKEN OR DEFECTIVE MECHANICAL VENTILATION SYSTEM AT SOUTH WALL IN THE BATHROOM LOCATED AT APT 4C, 4th STORY, 1st APARTMENT FROM NORTH AT EAST",2025-08-18,10.0,CIV14 MAILED,2025-08-26,Original,Open,N,2025,2025.0,2025-10-06,49.0,2022-12-28
8190,LINDEN,BROOKLYN,1586,2021-12-28,215 WORTMAN AVENUE,215.0,WORTMAN AVENUE,215 WORTMAN AVENUE,15516867,398076,389837.0,3,215,215,215,WORTMAN AVENUE,C,2022-11-16,2022-11-16,12/18/2022,12/13/2022,,,,568.0,8174189.0,"HMC ADM CODE: § 27-2017.4 ABATE THE INFESTATION CONSISTING OF ROACHES IN THE ENTIRE APARTMENT LOCATED AT APT 71827, 3rd STORY, 1st APARTMENT FROM SOUTH AT WEST",2022-11-17,19.0,VIOLATION CLOSED,2025-07-14,Original,Close,N,2022,2022.0,2025-10-06,970.0,2022-12-28
8191,LINDEN,BROOKLYN,1586,2021-12-28,215 WORTMAN AVENUE,215.0,WORTMAN AVENUE,215 WORTMAN AVENUE,17457436,398076,389837.0,3,215,215,215,WORTMAN AVENUE,C,2024-11-23,2024-11-24,12/14/2024,12/09/2024,,,12/12/2024,530.0,9449973.0,"§ 27-2005, 27-2007, 27-2041.1 HMC, §238, § 309; § 107 (2) ( C) MDL AND 28 RCNY §25-171: REPLACE OR REPAIR THE SELF-CLOSING DOORS THAT IS MISSING OR DEFECTIVE HINGES AT HOPPER DOOR AT PUBLIC HALL, 1st STORY",2024-11-25,19.0,VIOLATION CLOSED,2025-04-06,Original,Close,N,2024,2024.0,2025-10-06,132.0,2022-12-28
8192,LINDEN,BROOKLYN,1586,2021-12-28,215 WORTMAN AVENUE,215.0,WORTMAN AVENUE,215 WORTMAN AVENUE,18241864,398076,389837.0,3,215,215,215,WORTMAN AVENUE,B,2025-09-20,2025-09-23,11/12/2025,10/29/2025,,,,506.0,10005289.0,"§ 27-2005 ADM CODE REPLACE WITH NEW THE MISSING WOOD DOOR AT ENTRANCE IN THE 4th ROOM FROM NORTH LOCATED AT APT 3G, 3rd STORY, 1st APARTMENT FROM SOUTH AT WEST",2025-09-24,2.0,NOV SENT OUT,2025-09-24,Original,Open,N,2025,2025.0,2025-10-06,12.0,2022-12-28
8193,LINDEN,BROOKLYN,1586,2021-12-28,215 WORTMAN AVENUE,215.0,WORTMAN AVENUE,215 WORTMAN AVENUE,14959830,398076,389837.0,3,215,215,215,WORTMAN AVENUE,A,2022-03-02,2022-03-02,06/19/2022,06/05/2022,,,,1507.0,7758567.0,"(A) § HMC:FILE ANNUAL BEDBUG REPORT IN ACCORDANCE WITH HPD RULE AS DESCRIBED ON THE BACK OF THIS NOTICE OF VIOLATION OR AS DESCRIBED ON HPDS WEBSITE, WWW.NYC.GOV\HPD, SEARCH BED BUGS.",2022-03-02,9.0,VIOLATION DISMISSED,2023-05-15,Original,Close,N,2022,2022.0,2025-10-06,439.0,2022-12-28
8194,LINDEN,BROOKLYN,1586,2021-12-28,185 WORTMAN AVENUE,185.0,WORTMAN AVENUE,185 WORTMAN AVENUE,15962543,809922,389838.0,3,185,183,189,WORTMAN AVENUE,C,2023-05-02,2023-05-03,06/02/2023,05/28/2023,,,,617.0,8474138.0,"§ 27-2056.6 ADM CODE - CORRECT THE LEAD-BASED PAINT HAZARD - PAINT THAT TESTED POSITIVE FOR LEAD CONTENT AND THAT IS PEELING OR ON A DETERIORATED SUBSURFACE - USING WORK PRACTICES SET FORTH IN 28 RCNY §11-06(B)(2) 1st DOOR FRAME FROM SOUTH AT WEST WALL IN THE BATHROOM LOCATED AT APT 8D, 8th STORY, 2nd APARTMENT FROM EAST AT SOUTH",2023-05-04,19.0,VIOLATION CLOSED,2023-07-14,Original,Close,N,2023,2023.0,2025-10-06,71.0,2022-12-28
8195,LINDEN,BROOKLYN,1586,2021-12-28,185 WORTMAN AVENUE,185.0,WORTMAN AVENUE,185 WORTMAN AVENUE,17935258,809922,389838.0,3,185,183,189,WORTMAN AVENUE,B,2025-05-28,2025-05-30,07/21/2025,07/07/2025,,,06/09/2025,649.0,9781282.0,"§ 27-2026 ADM CODE REMOVE ALL OBSTRUCTIONS AND REPAIR ALL DEFECTS IN DRAINLINE AT WASH BASIN IN THE BATHROOM LOCATED AT APT 12G, 12th STORY, 1st APARTMENT FROM SOUTH AT WEST",2025-06-02,19.0,VIOLATION CLOSED,2025-08-04,Original,Close,Y,2025,2025.0,2025-10-06,63.0,2022-12-28
8196,LINDEN,BROOKLYN,1586,2021-12-28,185 WORTMAN AVENUE,185.0,WORTMAN AVENUE,185 WORTMAN AVENUE,15906610,809922,389838.0,3,185,183,189,WORTMAN AVENUE,C,2023-04-05,2023-04-05,04/25/2023,04/20/2023,,,,530.0,8441951.0,"§ 27-2005, 27-2007, 27-2041.1 HMC: REPLACE OR REPAIR THE SELF-CLOSING DOORS THAT IS MISSING OR DEFECTIVE PUBLIC HALL AT EAST , 8th STORY",2023-04-06,19.0,VIOLATION CLOSED,2024-12-03,Original,Close,N,2023,2023.0,2025-10-06,607.0,2022-12-28
8197,LINDEN,BROOKLYN,1586,2021-12-28,185 WORTMAN AVENUE,185.0,WORTMAN AVENUE,185 WORTMAN AVENUE,16502213,809922,389838.0,3,185,183,189,WORTMAN AVENUE,B,2023-12-04,2023-12-04,01/23/2024,01/09/2024,,,,501.0,8833165.0,"§ 27-2005 HMC: PROPERLY REPAIR OR REPLACE THE BROKEN OR DEFECTIVE RADIATOR AT WEST WALL IN THE 3rd ROOM FROM NORTH LOCATED AT APT 14I, 14th STORY, 1st APARTMENT FROM SOUTH AT WEST",2023-12-05,19.0,VIOLATION CLOSED,2024-07-02,Original,Close,N,2023,2023.0,2025-10-06,210.0,2022-12-28
8198,LINDEN,BROOKLYN,1586,2021-12-28,185 WORTMAN AVENUE,185.0,WORTMAN AVENUE,185 WORTMAN AVENUE,17575370,809922,389838.0,3,185,183,189,WORTMAN AVENUE,B,2024-12-24,2024-12-24,02/13/2025,01/30/2025,,,02/13/2025,508.0,9552574.0,"§ 27-2005 ADM CODE REPAIR THE BROKEN OR DEFECTIVE PLASTERED SURFACES AND PAINT IN A UNIFORM COLOR AT SOUTH WALL IN THE KITCHEN LOCATED AT APT 14I, 4th STORY, 1st APARTMENT FROM SOUTH AT WEST",2024-12-26,9.0,VIOLATION DISMISSED,2025-04-28,Original,Close,N,2024,2024.0,2025-10-06,123.0,2022-12-28
8199,LINDEN,BROOKLYN,1586,2021-12-28,185 WORTMAN AVENUE,185.0,WORTMAN AVENUE,185 WORTMAN AVENUE,17575371,809922,389838.0,3,185,183,189,WORTMAN AVENUE,B,2024-12-24,2024-12-24,02/13/2025,01/30/2025,,,02/13/2025,508.0,9552574.0,"§ 27-2005 ADM CODE REPAIR THE BROKEN OR DEFECTIVE PLASTERED SURFACES AND PAINT IN A UNIFORM COLOR AT NORTH WALL, SOUTH WALL, EAST WALL AND CEILING IN THE 3rd ROOM FROM NORTH LOCATED AT APT 14I, 4th STORY, 1st APARTMENT FROM SOUTH AT WEST",2024-12-26,9.0,VIOLATION DISMISSED,2025-04-28,Original,Close,N,2024,2024.0,2025-10-06,123.0,2022-12-28
8200,LINDEN,BROOKLYN,1586,2021-12-28,185 WORTMAN AVENUE,185.0,WORTMAN AVENUE,185 WORTMAN AVENUE,17244672,809922,389838.0,3,185,183,189,WORTMAN AVENUE,A,2024-09-04,2024-09-25,01/13/2025,12/30/2024,,,,501.0,9354907.0,"§ 27-2005 HMC: PROPERLY REPAIR OR REPLACE THE BROKEN OR DEFECTIVE ELACTRICAL OUTLET AT SOUTH WALL IN THE BATHROOM LOCATED AT APT 3H, 3rd STORY, 2nd APARTMENT FROM SOUTH AT WEST",2024-09-26,19.0,VIOLATION CLOSED,2024-12-03,Original,Close,N,2024,2024.0,2025-10-06,68.0,2022-12-28
8201,LINDEN,BROOKLYN,1586,2021-12-28,185 WORTMAN AVENUE,185.0,WORTMAN AVENUE,185 WORTMAN AVENUE,16605229,809922,389838.0,3,185,183,189,WORTMAN AVENUE,B,2024-01-19,2024-01-23,03/12/2024,02/27/2024,,,03/11/2024,501.0,8906379.0,"§ 27-2005 HMC: PROPERLY REPAIR OR REPLACE THE BROKEN OR DEFECTIVE LIGHTING FIXTURE AT CEILING AT EAST SECTION AT PUBLIC HALL, 3rd STORY",2024-01-23,9.0,VIOLATION DISMISSED,2024-05-22,Original,Close,N,2024,2024.0,2025-10-06,120.0,2022-12-28
8202,LINDEN,BROOKLYN,1586,2021-12-28,185 WORTMAN AVENUE,185.0,WORTMAN AVENUE,185 WORTMAN AVENUE,16786899,809922,389838.0,3,185,183,189,WORTMAN AVENUE,B,2024-04-01,2024-04-01,05/21/2024,05/07/2024,,,05/21/2024,501.0,9030969.0,"§ 27-2005 HMC: PROPERLY REPAIR OR REPLACE THE BROKEN OR DEFECTIVE MORTISE LOCKSET AND ITS ASSEMBLIES AT DOOR IN THE ENTRANCE LOCATED AT APT 14I, 14th STORY, 1st APARTMENT FROM SOUTH AT WEST , SECTION AT NORTH",2024-04-02,19.0,VIOLATION CLOSED,2024-07-02,Original,Close,N,2024,2024.0,2025-10-06,91.0,2022-12-28
8203,LINDEN,BROOKLYN,1586,2021-12-28,185 WORTMAN AVENUE,185.0,WORTMAN AVENUE,185 WORTMAN AVENUE,15307714,809922,389838.0,3,185,183,189,WORTMAN AVENUE,A,2022-08-04,2022-08-06,11/25/2022,11/11/2022,,,,556.0,7998082.0,"§ 27-2013 ADM CODE PAINT WITH LIGHT COLORED PAINT TO THE SATISFACTION OF THIS DEPARTMENT ALL WALLS AND CEILING IN THE ENTIRE APARTMENT LOCATED AT APT 7F, 7th STORY, 3rd APARTMENT FROM EAST AT SOUTH",2022-08-08,19.0,VIOLATION CLOSED,2024-06-25,Original,Close,N,2022,2022.0,2025-10-06,687.0,2022-12-28
8204,LINDEN,BROOKLYN,1586,2021-12-28,185 WORTMAN AVENUE,185.0,WORTMAN AVENUE,185 WORTMAN AVENUE,15961408,809922,389838.0,3,185,183,189,WORTMAN AVENUE,A,2023-05-02,2023-05-03,08/21/2023,08/07/2023,,,08/17/2023,550.0,8474136.0,"§ 27-2017.3 HMC: TRACE AND REPAIR THE SOURCE AND ABATE THE VISIBLE MOLD CONDITION... AT CEILING, TOTAL 6 SQ FT IN THE BATHROOM LOCATED AT APT 8D, 8th STORY, 2nd APARTMENT FROM EAST AT SOUTH",2023-05-04,9.0,VIOLATION DISMISSED,2023-10-30,Original,Close,N,2023,2023.0,2025-10-06,179.0,2022-12-28
8205,LINDEN,BROOKLYN,1586,2021-12-28,185 WORTMAN AVENUE,185.0,WORTMAN AVENUE,185 WORTMAN AVENUE,15961413,809922,389838.0,3,185,183,189,WORTMAN AVENUE,C,2023-05-02,2023-05-03,05/23/2023,05/18/2023,,,05/23/2023,530.0,8474140.0,"§ 27-2005, 27-2007, 27-2041.1 HMC, §238, § 309; § 107 (2) ( C) MDL AND 28 RCNY §25-171: REPLACE OR REPAIR THE SELF-CLOSING DOORS THAT IS MISSING OR DEFECTIVE HINGES IN THE ENTRANCE LOCATED AT APT 8D, 8th STORY, 2nd APARTMENT FROM EAST AT SOUTH",2023-05-04,9.0,VIOLATION DISMISSED,2023-08-03,Original,Close,N,2023,2023.0,2025-10-06,91.0,2022-12-28
8206,LINDEN,BROOKLYN,1586,2021-12-28,185 WORTMAN AVENUE,185.0,WORTMAN AVENUE,185 WORTMAN AVENUE,15333064,809922,389838.0,3,185,183,189,WORTMAN AVENUE,A,2022-08-23,2022-08-24,12/12/2022,11/28/2022,,,,556.0,8016309.0,"§ 27-2013 ADM CODE PAINT WITH LIGHT COLORED PAINT TO THE SATISFACTION OF THIS DEPARTMENT ALL PEELING PAINT SURFACES IN THE 1st ROOM FROM NORTH, THE BATHROOM LOCATED AT APT 7M, 7th STORY, 2nd APARTMENT FROM NORTH AT EAST",2022-08-25,19.0,VIOLATION CLOSED,2024-06-25,Original,Close,N,2022,2022.0,2025-10-06,670.0,2022-12-28
8207,LINDEN,BROOKLYN,1586,2021-12-28,185 WORTMAN AVENUE,185.0,WORTMAN AVENUE,185 WORTMAN AVENUE,16786895,809922,389838.0,3,185,183,189,WORTMAN AVENUE,B,2024-04-01,2024-04-01,05/21/2024,05/07/2024,,,05/21/2024,508.0,9030969.0,"§ 27-2005 ADM CODE REPAIR THE BROKEN OR DEFECTIVE PLASTERED SURFACES AND PAINT IN A UNIFORM COLOR THE WEST WALL IN THE 1st ROOM FROM NORTH AT WEST LOCATED AT APT 14I, 14th STORY, 1st APARTMENT FROM SOUTH AT WEST , SECTION AT NORTH",2024-04-02,19.0,VIOLATION CLOSED,2024-07-02,Original,Close,N,2024,2024.0,2025-10-06,91.0,2022-12-28
8208,LINDEN,BROOKLYN,1586,2021-12-28,185 WORTMAN AVENUE,185.0,WORTMAN AVENUE,185 WORTMAN AVENUE,16497421,809922,389838.0,3,185,183,189,WORTMAN AVENUE,C,2023-12-04,2023-12-04,12/24/2023,12/19/2023,,,12/22/2023,530.0,8833166.0,"§ 27-2005, 27-2007, 27-2041.1 HMC, §238, § 309; § 107 (2) ( C) MDL AND 28 RCNY §25-171: REPLACE OR REPAIR THE SELF-CLOSING DOORS THAT IS MISSING OR DEFECTIVE DOOR AND DOORFRAME BINDING IN THE ENTRANCE LOCATED AT APT 14I, 14th STORY, 1st APARTMENT FROM SOUTH AT WEST",2023-12-05,9.0,VIOLATION DISMISSED,2024-03-04,Original,Close,N,2023,2023.0,2025-10-06,90.0,2022-12-28
8209,LINDEN,BROOKLYN,1586,2021-12-28,185 WORTMAN AVENUE,185.0,WORTMAN AVENUE,185 WORTMAN AVENUE,16248998,809922,389838.0,3,185,183,189,WORTMAN AVENUE,B,2023-09-19,2023-09-23,11/13/2023,10/30/2023,,,,623.0,8652813.0,"§ 27-2056.7, 27-2056.17 AND 27-2056.8 ADM CODE - CERTIFY COMPLIANCE WITH LEAD-BASED PAINT HAZARD CONTROL REQUIREMENTS DURING PERIOD OF UNIT VACANCY BY SUBMITTING REQUIRED SUPPORTING DOCUMENTATION AND AFFIDAVITS FOR APARTMENT LOCATED AT APT 12L, 12th STORY, 1st APARTMENT FROM NORTH AT EAST",2023-09-25,50.0,"LEAD DOCS SUBMITTED, NOT ACCEPTABLE",2023-11-29,Original,Open,N,2023,2023.0,2025-10-06,742.0,2022-12-28
8210,LINDEN,BROOKLYN,1586,2021-12-28,185 WORTMAN AVENUE,185.0,WORTMAN AVENUE,185 WORTMAN AVENUE,15961422,809922,389838.0,3,185,183,189,WORTMAN AVENUE,C,2023-05-02,2023-05-03,06/04/2023,05/30/2023,,,05/31/2023,568.0,8474139.0,"HMC ADM CODE: § 27-2017.4 ABATE THE INFESTATION CONSISTING OF ROACHES IN THE ENTIRE APARTMENT LOCATED AT APT 8D, 8th STORY, 2nd APARTMENT FROM EAST AT SOUTH",2023-05-04,9.0,VIOLATION DISMISSED,2023-08-11,Original,Close,N,2023,2023.0,2025-10-06,99.0,2022-12-28
8211,LINDEN,BROOKLYN,1586,2021-12-28,185 WORTMAN AVENUE,185.0,WORTMAN AVENUE,185 WORTMAN AVENUE,15631323,809922,389838.0,3,185,183,189,WORTMAN AVENUE,B,2022-08-23,2022-12-23,02/10/2023,01/27/2023,,,,550.0,8229747.0,"§ 27-2017.3 HMC: TRACE AND REPAIR THE SOURCE AND ABATE THE VISIBLE MOLD CONDITION... APPROX. 8 SQ FT AT CEILING IN THE BATHROOM LOCATED AT APT 7M, 7th STORY, 2nd APARTMENT FROM NORTH AT EAST ORIGINAL VIOLATION 15332866 ISSUED 23-AUG-22 HAS BEEN UPGRADED TO CLASS B PER ADMINISTRATIVE CODE §27-2017.3a(3)(a) or (b).",2022-12-23,19.0,VIOLATION CLOSED,2024-10-25,Original,Close,N,2022,2022.0,2025-10-06,672.0,2022-12-28
8212,LINDEN,BROOKLYN,1586,2021-12-28,185 WORTMAN AVENUE,185.0,WORTMAN AVENUE,185 WORTMAN AVENUE,17660430,809922,389838.0,3,185,183,189,WORTMAN AVENUE,A,2025-01-30,2025-01-30,05/20/2025,05/06/2025,,,02/21/2025,700.0,9607911.0,"§ 27-2045 ADM CODE POST A PROPER NOTICE OF SMOKE DETECTOR REQUIREMENTS, IN A FORM APPROVED BY THE COMMISSIONER, AT OR NEAR THE MAIL BOX MISSING AT PUBLIC HALL",2025-01-31,19.0,VIOLATION CLOSED,2025-04-29,Original,Close,N,2025,2025.0,2025-10-06,88.0,2022-12-28
8213,LINDEN,BROOKLYN,1586,2021-12-28,185 WORTMAN AVENUE,185.0,WORTMAN AVENUE,185 WORTMAN AVENUE,15962542,809922,389838.0,3,185,183,189,WORTMAN AVENUE,A,2023-05-02,2023-05-03,08/21/2023,08/07/2023,,,,556.0,8474135.0,"§ 27-2013 ADM CODE PAINT WITH LIGHT COLORED PAINT TO THE SATISFACTION OF THIS DEPARTMENT ALL PEELING PAINT SURFACES IN THE 1st ROOM FROM EAST AT SOUTH, THE FOYER , THE 4th ROOM FROM EAST, THE KITCHEN , THE BATHROOM , THE PRIVATE HALLWAY LOCATED AT APT 8D, 8th STORY, 2nd APARTMENT FROM EAST AT SOUTH",2023-05-04,19.0,VIOLATION CLOSED,2025-05-30,Original,Close,N,2023,2023.0,2025-10-06,757.0,2022-12-28
8214,LINDEN,BROOKLYN,1586,2021-12-28,185 WORTMAN AVENUE,185.0,WORTMAN AVENUE,185 WORTMAN AVENUE,15906612,809922,389838.0,3,185,183,189,WORTMAN AVENUE,C,2023-04-05,2023-04-05,04/25/2023,04/20/2023,,,,530.0,8441952.0,"§ 27-2005, 27-2007, 27-2041.1 HMC: REPLACE OR REPAIR THE SELF-CLOSING DOORS THAT IS MISSING OR DEFECTIVE AT COMPACTOR CHUTE AT PUBLIC HALL, 2nd STORY",2023-04-06,19.0,VIOLATION CLOSED,2024-12-03,Original,Close,N,2023,2023.0,2025-10-06,607.0,2022-12-28
8215,LINDEN,BROOKLYN,1586,2021-12-28,185 WORTMAN AVENUE,185.0,WORTMAN AVENUE,185 WORTMAN AVENUE,16248704,809922,389838.0,3,185,183,189,WORTMAN AVENUE,B,2023-09-19,2023-09-23,11/13/2023,10/30/2023,,,,623.0,8652816.0,"§ 27-2056.7, 27-2056.17 AND 27-2056.8 ADM CODE - CERTIFY COMPLIANCE WITH LEAD-BASED PAINT HAZARD CONTROL REQUIREMENTS DURING PERIOD OF UNIT VACANCY BY SUBMITTING REQUIRED SUPPORTING DOCUMENTATION AND AFFIDAVITS FOR APARTMENT LOCATED AT APT 4B, 4th STORY, 2nd APARTMENT FROM NORTH AT EAST , SECTION ''185'', 1st FROM EAST AT SOUTH",2023-09-25,50.0,"LEAD DOCS SUBMITTED, NOT ACCEPTABLE",2023-11-29,Original,Open,N,2023,2023.0,2025-10-06,742.0,2022-12-28
8216,LINDEN,BROOKLYN,1586,2021-12-28,185 WORTMAN AVENUE,185.0,WORTMAN AVENUE,185 WORTMAN AVENUE,16497422,809922,389838.0,3,185,183,189,WORTMAN AVENUE,B,2023-12-04,2023-12-04,01/23/2024,01/09/2024,,,,501.0,8833165.0,"§ 27-2005 HMC: PROPERLY REPAIR OR REPLACE THE BROKEN OR DEFECTIVE THE LATCH SET AT THE DOOR ENTRANCE TO THE APARTMENT IN THE ENTRANCE LOCATED AT APT 14I, 14th STORY, 1st APARTMENT FROM SOUTH AT WEST",2023-12-05,19.0,VIOLATION CLOSED,2024-07-02,Original,Close,N,2023,2023.0,2025-10-06,210.0,2022-12-28
8217,LINDEN,BROOKLYN,1586,2021-12-28,185 WORTMAN AVENUE,185.0,WORTMAN AVENUE,185 WORTMAN AVENUE,16786894,809922,389838.0,3,185,183,189,WORTMAN AVENUE,B,2024-04-01,2024-04-01,05/21/2024,05/07/2024,,,05/21/2024,583.0,9030969.0,"§ 27-2026, 2027 HMC: PROPERLY REPAIR THE SOURCE AND ABATE THE EVIDENCE OF A WATER LEAK AT THE WEST WALL IN THE 1st ROOM FROM NORTH AT WEST LOCATED AT APT 14I, 14th STORY, 1st APARTMENT FROM SOUTH AT WEST , SECTION AT NORTH",2024-04-02,19.0,VIOLATION CLOSED,2024-07-02,Original,Close,N,2024,2024.0,2025-10-06,91.0,2022-12-28
8218,LINDEN,BROOKLYN,1586,2021-12-28,185 WORTMAN AVENUE,185.0,WORTMAN AVENUE,185 WORTMAN AVENUE,16233716,809922,389838.0,3,185,183,189,WORTMAN AVENUE,C,2023-07-27,2023-09-15,09/27/2023,09/22/2023,,,,618.0,8642787.0,"§ 27-2056.7 ADM CODE: CORRECT FAILURE TO PROVIDE TO THE DEPARTMENT WITHIN 45 DAYS OF DEMAND ALL RECORDS REQUIRED TO BE MAINTAINED BY OWNER PURSUANT TO LOCAL LAW 1 OF 2004 RELATED TO LEAD-BASED PAINT NOTICES, INSPECTIONS AND REMEDIATION/ABATEMENT ACTIVITIES.",2023-09-18,2.0,NOV SENT OUT,2023-09-18,Original,Open,N,2023,2023.0,2025-10-06,749.0,2022-12-28
8219,LINDEN,BROOKLYN,1586,2021-12-28,185 WORTMAN AVENUE,185.0,WORTMAN AVENUE,185 WORTMAN AVENUE,17244673,809922,389838.0,3,185,183,189,WORTMAN AVENUE,B,2024-09-04,2024-09-17,11/06/2024,10/23/2024,,,,583.0,9341491.0,"§ 27-2026, 2027 HMC: PROPERLY REPAIR THE SOURCE AND ABATE THE EVIDENCE OF A WATER LEAK AT CEILING AND SOUTH WALL IN THE BATHROOM LOCATED AT APT 3H, 3rd STORY, 2nd APARTMENT FROM SOUTH AT WEST",2024-09-18,19.0,VIOLATION CLOSED,2024-12-03,Original,Close,N,2024,2024.0,2025-10-06,76.0,2022-12-28
8220,LINDEN,BROOKLYN,1586,2021-12-28,185 WORTMAN AVENUE,185.0,WORTMAN AVENUE,185 WORTMAN AVENUE,17244674,809922,389838.0,3,185,183,189,WORTMAN AVENUE,B,2024-09-04,2024-09-17,11/06/2024,10/23/2024,,,,508.0,9341491.0,"§ 27-2005 ADM CODE REPAIR THE BROKEN OR DEFECTIVE PLASTERED SURFACES AND PAINT IN A UNIFORM COLOR THE CEILING AND SOUTH WALL IN THE BATHROOM LOCATED AT APT 3H, 3rd STORY, 2nd APARTMENT FROM SOUTH AT WEST",2024-09-18,19.0,VIOLATION CLOSED,2024-12-03,Original,Close,N,2024,2024.0,2025-10-06,76.0,2022-12-28
8221,LINDEN,BROOKLYN,1586,2021-12-28,185 WORTMAN AVENUE,185.0,WORTMAN AVENUE,185 WORTMAN AVENUE,17079197,809922,389838.0,3,185,183,189,WORTMAN AVENUE,C,2024-06-24,2024-06-25,07/15/2024,07/10/2024,,,07/14/2024,530.0,9220826.0,"§ 27-2005, 27-2007, 27-2041.1 HMC, §238, § 309; § 107 (2) ( C) MDL AND 28 RCNY §25-171: REPLACE OR REPAIR THE SELF-CLOSING DOORS THAT IS MISSING OR DEFECTIVE LATCH SET AT BUILDING FRONT ENTRANCE DOOR , 1st STORY",2024-06-26,19.0,VIOLATION CLOSED,2024-09-24,Original,Close,N,2024,2024.0,2025-10-06,90.0,2022-12-28
8222,LINDEN,BROOKLYN,1586,2021-12-28,185 WORTMAN AVENUE,185.0,WORTMAN AVENUE,185 WORTMAN AVENUE,17660431,809922,389838.0,3,185,183,189,WORTMAN AVENUE,A,2025-01-30,2025-01-30,05/20/2025,05/06/2025,,,02/21/2025,500.0,9607911.0,§ 26-1103 ADMIN. CODE: POST AND MAINTAIN A PROPER NOTICE ON WALL OF THE ENTRANCE STORY IN ENGLISH AND SPANISH ON THE AVAILABILITY OF THE AGENCYS HOUSING INFORMATION GUIDE. A SAMPLE NOTICE CAN BE FOUND AT WWW.NYC.GOV/HPD. AT PUBLIC HALL,2025-01-31,19.0,VIOLATION CLOSED,2025-04-29,Original,Close,N,2025,2025.0,2025-10-06,88.0,2022-12-28
8223,LINDEN,BROOKLYN,1586,2021-12-28,185 WORTMAN AVENUE,185.0,WORTMAN AVENUE,185 WORTMAN AVENUE,17302817,809922,389838.0,3,185,183,189,WORTMAN AVENUE,A,2024-09-25,2024-09-25,01/13/2025,12/30/2024,,,01/13/2025,501.0,9354908.0,"§ 27-2005 HMC: PROPERLY REPAIR OR REPLACE THE BROKEN OR DEFECTIVE EAST CLOSET DOOR IN THE FOYER LOCATED AT APT 12G, 12th STORY, 1st APARTMENT FROM SOUTH AT WEST",2024-09-26,9.0,VIOLATION DISMISSED,2025-03-26,Original,Close,N,2024,2024.0,2025-10-06,181.0,2022-12-28
8224,LINDEN,BROOKLYN,1586,2021-12-28,185 WORTMAN AVENUE,185.0,WORTMAN AVENUE,185 WORTMAN AVENUE,17079209,809922,389838.0,3,185,183,189,WORTMAN AVENUE,C,2024-06-24,2024-06-25,07/27/2024,07/22/2024,,,07/26/2024,790.0,9220823.0,"§ 27-2043.1 HMC INSTALL THE MISSING OR REPAIR/REPLACE THE DEFECTIVE WINDOW GUARD(S) IN ACCORDANCE WITH THE SPECIFICATIONS OF THE NEW YORK CITY HEALTH CODE SECTION 24 RCNY CHAPTER 12. WG TO INSTALL = 1; WG TO REPLACE = 0; WG TO REPAIR = 0; IN THE ENTIRE APARTMENT LOCATED AT APT 12G, 12th STORY, 1st APARTMENT FROM WEST AT NORTH , SECTION AT WEST",2024-06-26,19.0,VIOLATION CLOSED,2024-09-06,Original,Close,N,2024,2024.0,2025-10-06,72.0,2022-12-28
8225,LINDEN,BROOKLYN,1586,2021-12-28,185 WORTMAN AVENUE,185.0,WORTMAN AVENUE,185 WORTMAN AVENUE,17698354,809922,389838.0,3,185,183,189,WORTMAN AVENUE,B,2025-02-16,2025-02-19,04/10/2025,03/27/2025,,,03/10/2025,501.0,9636882.0,"§ 27-2005 HMC: PROPERLY REPAIR OR REPLACE THE BROKEN OR DEFECTIVE LATCH AT DOOR AT EAST AT PUBLIC HALL, 7th STORY",2025-02-20,19.0,VIOLATION CLOSED,2025-04-29,Original,Close,N,2025,2025.0,2025-10-06,68.0,2022-12-28
8226,LINDEN,BROOKLYN,1586,2021-12-28,185 WORTMAN AVENUE,185.0,WORTMAN AVENUE,185 WORTMAN AVENUE,15007587,809922,389838.0,3,185,183,189,WORTMAN AVENUE,A,2022-03-08,2022-03-08,06/25/2022,06/11/2022,,,,1507.0,7794653.0,"(A) § HMC:FILE ANNUAL BEDBUG REPORT IN ACCORDANCE WITH HPD RULE AS DESCRIBED ON THE BACK OF THIS NOTICE OF VIOLATION OR AS DESCRIBED ON HPDS WEBSITE, WWW.NYC.GOV\HPD, SEARCH BED BUGS.",2022-03-08,9.0,VIOLATION DISMISSED,2023-04-24,Original,Close,N,2022,2022.0,2025-10-06,412.0,2022-12-28
8227,LINDEN,BROOKLYN,1586,2021-12-28,185 WORTMAN AVENUE,185.0,WORTMAN AVENUE,185 WORTMAN AVENUE,15316819,809922,389838.0,3,185,183,189,WORTMAN AVENUE,C,2022-08-19,2022-08-22,09/11/2022,09/06/2022,,,,530.0,8013927.0,"§ 27-2005, 27-2007, 27-2041.1 HMC: REPLACE OR REPAIR THE SELF-CLOSING DOORS THAT IS MISSING OR DEFECTIVE AT ENTRANCE TO 'EXIT C' AT PUBLIC HALL, 4th STORY",2022-08-23,19.0,VIOLATION CLOSED,2023-04-11,Original,Close,N,2022,2022.0,2025-10-06,231.0,2022-12-28
8228,LINDEN,BROOKLYN,1586,2021-12-28,185 WORTMAN AVENUE,185.0,WORTMAN AVENUE,185 WORTMAN AVENUE,15332866,809922,389838.0,3,185,183,189,WORTMAN AVENUE,A,2022-08-23,2022-08-24,12/12/2022,11/28/2022,,,,550.0,8016310.0,"§ 27-2017.3 HMC: TRACE AND REPAIR THE SOURCE AND ABATE THE VISIBLE MOLD CONDITION... APPROX. 8 SQ FT AT CEILING IN THE BATHROOM LOCATED AT APT 7M, 7th STORY, 2nd APARTMENT FROM NORTH AT EAST",2022-08-25,19.0,VIOLATION CLOSED,2022-12-23,Original,Close,N,2022,2022.0,2025-10-06,120.0,2022-12-28
8229,LINDEN,BROOKLYN,1586,2021-12-28,185 WORTMAN AVENUE,185.0,WORTMAN AVENUE,185 WORTMAN AVENUE,15756540,809922,389838.0,3,185,183,189,WORTMAN AVENUE,C,2023-03-05,2023-03-05,03/25/2023,03/20/2023,,,,530.0,8314249.0,"§ 27-2005, 27-2007, 27-2041.1 HMC: REPLACE OR REPAIR THE SELF-CLOSING DOORS THAT IS MISSING OR DEFECTIVE DOOR AND DOORFRAME BINDING IN THE ENTRANCE LOCATED AT APT 8D, 8th STORY, 2nd APARTMENT FROM EAST AT SOUTH",2023-03-06,19.0,VIOLATION CLOSED,2023-04-14,Original,Close,N,2023,2023.0,2025-10-06,39.0,2022-12-28
8230,LINDEN,BROOKLYN,1586,2021-12-28,185 WORTMAN AVENUE,185.0,WORTMAN AVENUE,185 WORTMAN AVENUE,15881717,809922,389838.0,3,185,183,189,WORTMAN AVENUE,A,2023-03-29,2023-03-29,07/16/2023,07/02/2023,,,,1507.0,8417371.0,"(A) § HMC:FILE ANNUAL BEDBUG REPORT IN ACCORDANCE WITH HPD RULE AS DESCRIBED ON THE BACK OF THIS NOTICE OF VIOLATION OR AS DESCRIBED ON HPDS WEBSITE, WWW.NYC.GOV\HPD, SEARCH BED BUGS.",2023-03-29,9.0,VIOLATION DISMISSED,2023-04-24,Original,Close,N,2023,2023.0,2025-10-06,26.0,2022-12-28
8231,LINDEN,BROOKLYN,1586,2021-12-28,185 WORTMAN AVENUE,185.0,WORTMAN AVENUE,185 WORTMAN AVENUE,15906611,809922,389838.0,3,185,183,189,WORTMAN AVENUE,C,2023-04-05,2023-04-05,04/25/2023,04/20/2023,,,,530.0,8441951.0,"§ 27-2005, 27-2007, 27-2041.1 HMC: REPLACE OR REPAIR THE SELF-CLOSING DOORS THAT IS MISSING OR DEFECTIVE AT COMPACTOR CHUTE , 8th STORY",2023-04-06,19.0,VIOLATION CLOSED,2025-03-13,Original,Close,N,2023,2023.0,2025-10-06,707.0,2022-12-28
8232,LINDEN,BROOKLYN,1586,2021-12-28,185 WORTMAN AVENUE,185.0,WORTMAN AVENUE,185 WORTMAN AVENUE,15967771,809922,389838.0,3,185,183,189,WORTMAN AVENUE,C,2023-05-02,2023-05-04,06/03/2023,05/29/2023,,,11/14/2023,622.0,8475684.0,"§ 27-2056.7, 27-2056.8, 27-2056.9 ADM CODE -CERTIFY COMPLIANCE WITH LEAD-BASED PAINT HAZARD CONTROL REQUIREMENTS DURING PERIOD OF UNIT VACANCY BY PERFORMING ACTIVITIES NECESSARY TO ABATE TESTED LEAD-BASED PAINT FROM REQUIRED WINDOW AND/OR DOOR FRICTION SURFACES FOR APARTMENT AND MAKE FLOORS SMOOTH AND CLEANABLE, POSITIVE LEAD-BASED PAINT IN AN APARTMENT WITH A CHILD UNDER SIX LOCATED AT APT 8D, 8th STORY, 2nd APARTMENT FROM EAST AT SOUTH",2023-05-05,50.0,"LEAD DOCS SUBMITTED, NOT ACCEPTABLE",2025-09-03,Original,Open,N,2023,2023.0,2025-10-06,885.0,2022-12-28
8233,LINDEN,BROOKLYN,1586,2021-12-28,185 WORTMAN AVENUE,185.0,WORTMAN AVENUE,185 WORTMAN AVENUE,16249007,809922,389838.0,3,185,183,189,WORTMAN AVENUE,B,2023-09-19,2023-09-23,11/13/2023,10/30/2023,,,,623.0,8652814.0,"§ 27-2056.7, 27-2056.17 AND 27-2056.8 ADM CODE - CERTIFY COMPLIANCE WITH LEAD-BASED PAINT HAZARD CONTROL REQUIREMENTS DURING PERIOD OF UNIT VACANCY BY SUBMITTING REQUIRED SUPPORTING DOCUMENTATION AND AFFIDAVITS FOR APARTMENT LOCATED AT APT 10D, 10th STORY, 2nd APARTMENT FROM SOUTH AT WEST , SECTION ''185'', 1st FROM EAST AT SOUTH",2023-09-25,50.0,"LEAD DOCS SUBMITTED, NOT ACCEPTABLE",2023-11-29,Original,Open,N,2023,2023.0,2025-10-06,742.0,2022-12-28
8234,LINDEN,BROOKLYN,1586,2021-12-28,185 WORTMAN AVENUE,185.0,WORTMAN AVENUE,185 WORTMAN AVENUE,16249010,809922,389838.0,3,185,183,189,WORTMAN AVENUE,B,2023-09-19,2023-09-23,11/13/2023,10/30/2023,,,,623.0,8652815.0,"§ 27-2056.7, 27-2056.17 AND 27-2056.8 ADM CODE - CERTIFY COMPLIANCE WITH LEAD-BASED PAINT HAZARD CONTROL REQUIREMENTS DURING PERIOD OF UNIT VACANCY BY SUBMITTING REQUIRED SUPPORTING DOCUMENTATION AND AFFIDAVITS FOR APARTMENT LOCATED AT APT 10E, 10th STORY, 1st APARTMENT FROM EAST AT SOUTH , SECTION ''185'', 1st FROM SOUTH AT WEST",2023-09-25,50.0,"LEAD DOCS SUBMITTED, NOT ACCEPTABLE",2023-11-29,Original,Open,N,2023,2023.0,2025-10-06,742.0,2022-12-28
8235,LINDEN,BROOKLYN,1586,2021-12-28,185 WORTMAN AVENUE,185.0,WORTMAN AVENUE,185 WORTMAN AVENUE,16575492,809922,389838.0,3,185,183,189,WORTMAN AVENUE,C,2024-01-03,2024-01-06,01/27/2024,01/22/2024,,,01/26/2024,530.0,8881750.0,"§ 27-2005, 27-2007, 27-2041.1 HMC, §238, § 309; § 107 (2) ( C) MDL AND 28 RCNY §25-171: REPLACE OR REPAIR THE SELF-CLOSING DOORS THAT IS MISSING OR DEFECTIVE LATCH SET AT BUILDING FRONT ENTRANCE AT PUBLIC HALL, 1st STORY",2024-01-08,19.0,VIOLATION CLOSED,2024-07-26,Original,Close,N,2024,2024.0,2025-10-06,200.0,2022-12-28
8236,LINDEN,BROOKLYN,1586,2021-12-28,185 WORTMAN AVENUE,185.0,WORTMAN AVENUE,185 WORTMAN AVENUE,16786897,809922,389838.0,3,185,183,189,WORTMAN AVENUE,B,2024-04-01,2024-04-01,05/21/2024,05/07/2024,,,05/21/2024,507.0,9030969.0,"§ 27-2005 ADM CODE REPAIR THE ROOF SO THAT IT WILL NOT LEAK OVER THE CEILING IN THE 3rd ROOM FROM NORTH LOCATED AT APT 14I, 14th STORY, 1st APARTMENT FROM SOUTH AT WEST , SECTION AT NORTH",2024-04-02,19.0,VIOLATION CLOSED,2024-07-02,Original,Close,Y,2024,2024.0,2025-10-06,91.0,2022-12-28
8237,LINDEN,BROOKLYN,1586,2021-12-28,185 WORTMAN AVENUE,185.0,WORTMAN AVENUE,185 WORTMAN AVENUE,16786898,809922,389838.0,3,185,183,189,WORTMAN AVENUE,B,2024-04-01,2024-04-01,05/21/2024,05/07/2024,,,05/21/2024,508.0,9030969.0,"§ 27-2005 ADM CODE REPAIR THE BROKEN OR DEFECTIVE PLASTERED SURFACES AND PAINT IN A UNIFORM COLOR THE SOUTH WALL, WEST WALL AND CEILING IN THE 3rd ROOM FROM NORTH LOCATED AT APT 14I, 14th STORY, 1st APARTMENT FROM SOUTH AT WEST , SECTION AT NORTH",2024-04-02,19.0,VIOLATION CLOSED,2025-08-04,Original,Close,N,2024,2024.0,2025-10-06,489.0,2022-12-28
8238,LINDEN,BROOKLYN,1586,2021-12-28,185 WORTMAN AVENUE,185.0,WORTMAN AVENUE,185 WORTMAN AVENUE,17079183,809922,389838.0,3,185,183,189,WORTMAN AVENUE,C,2024-06-24,2024-06-25,07/15/2024,07/10/2024,,,07/14/2024,530.0,9220826.0,"§ 27-2005, 27-2007, 27-2041.1 HMC, §238, § 309; § 107 (2) ( C) MDL AND 28 RCNY §25-171: REPLACE OR REPAIR THE SELF-CLOSING DOORS THAT IS MISSING OR DEFECTIVE LATCH SET AT HOPPER DOOR TO TRASH CHUTE AT PUBLIC HALL, 12th STORY",2024-06-26,19.0,VIOLATION CLOSED,2024-07-19,Original,Close,N,2024,2024.0,2025-10-06,23.0,2022-12-28
8239,LINDEN,BROOKLYN,1586,2021-12-28,185 WORTMAN AVENUE,185.0,WORTMAN AVENUE,185 WORTMAN AVENUE,17079190,809922,389838.0,3,185,183,189,WORTMAN AVENUE,C,2024-06-24,2024-06-25,07/15/2024,07/10/2024,,,07/14/2024,536.0,9220826.0,"§ 27-2005, 2007 ADM CODE REMOVE DEVICE PREVENTING DOOR FROM BEING SELF-CLOSING WEDGE INSTALLED ON DOOR LEADING TO SOUTH BALCONY AT PUBLIC HALL, 8th STORY",2024-06-26,19.0,VIOLATION CLOSED,2024-07-19,Original,Close,N,2024,2024.0,2025-10-06,23.0,2022-12-28
8240,LINDEN,BROOKLYN,1586,2021-12-28,185 WORTMAN AVENUE,185.0,WORTMAN AVENUE,185 WORTMAN AVENUE,17079193,809922,389838.0,3,185,183,189,WORTMAN AVENUE,C,2024-06-24,2024-06-25,07/15/2024,07/10/2024,,,07/14/2024,530.0,9220826.0,"§ 27-2005, 27-2007, 27-2041.1 HMC, §238, § 309; § 107 (2) ( C) MDL AND 28 RCNY §25-171: REPLACE OR REPAIR THE SELF-CLOSING DOORS THAT IS MISSING OR DEFECTIVE LATCH SET AT HOPPER DOOR TO TRASH CHUTE AT PUBLIC HALL, 2nd STORY",2024-06-26,19.0,VIOLATION CLOSED,2024-07-19,Original,Close,N,2024,2024.0,2025-10-06,23.0,2022-12-28
8241,LINDEN,BROOKLYN,1586,2021-12-28,185 WORTMAN AVENUE,185.0,WORTMAN AVENUE,185 WORTMAN AVENUE,17079195,809922,389838.0,3,185,183,189,WORTMAN AVENUE,B,2024-06-24,2024-06-25,08/14/2024,07/31/2024,,,08/14/2024,501.0,9220822.0,"§ 27-2005 HMC: PROPERLY REPAIR OR REPLACE THE BROKEN OR DEFECTIVE LATCH SET AT HOPPER DOOR TO TRASH CHUTE AT PUBLIC HALL, 2nd STORY",2024-06-26,9.0,VIOLATION DISMISSED,2024-10-25,Original,Close,N,2024,2024.0,2025-10-06,121.0,2022-12-28
8242,LINDEN,BROOKLYN,1586,2021-12-28,185 WORTMAN AVENUE,185.0,WORTMAN AVENUE,185 WORTMAN AVENUE,17079199,809922,389838.0,3,185,183,189,WORTMAN AVENUE,B,2024-06-24,2024-06-25,08/14/2024,07/31/2024,,,08/14/2024,501.0,9220822.0,"§ 27-2005 HMC: PROPERLY REPAIR OR REPLACE THE BROKEN OR DEFECTIVE LATCH SET AT BUILDING FRONT ENTRANCE DOOR , 1st STORY",2024-06-26,9.0,VIOLATION DISMISSED,2024-10-25,Original,Close,N,2024,2024.0,2025-10-06,121.0,2022-12-28
8243,LINDEN,BROOKLYN,1586,2021-12-28,185 WORTMAN AVENUE,185.0,WORTMAN AVENUE,185 WORTMAN AVENUE,17079202,809922,389838.0,3,185,183,189,WORTMAN AVENUE,C,2024-06-24,2024-06-25,07/15/2024,07/10/2024,,,07/14/2024,530.0,9220826.0,"§ 27-2005, 27-2007, 27-2041.1 HMC, §238, § 309; § 107 (2) ( C) MDL AND 28 RCNY §25-171: REPLACE OR REPAIR THE SELF-CLOSING DOORS THAT IS MISSING OR DEFECTIVE HINGES AT DOOR LEADING TO STAIR CASE AT PUBLIC HALL, 2nd STORY, SECTION AT EAST",2024-06-26,19.0,VIOLATION CLOSED,2024-08-25,Original,Close,N,2024,2024.0,2025-10-06,60.0,2022-12-28
8244,LINDEN,BROOKLYN,1586,2021-12-28,185 WORTMAN AVENUE,185.0,WORTMAN AVENUE,185 WORTMAN AVENUE,17079216,809922,389838.0,3,185,183,189,WORTMAN AVENUE,C,2024-06-24,2024-06-25,07/27/2024,07/22/2024,,,07/26/2024,568.0,9220824.0,"HMC ADM CODE: § 27-2017.4 ABATE THE INFESTATION CONSISTING OF ROACHES IN THE ENTIRE APARTMENT LOCATED AT APT 7F, 7th STORY, 3rd APARTMENT FROM EAST AT SOUTH",2024-06-26,19.0,VIOLATION CLOSED,2024-09-06,Original,Close,N,2024,2024.0,2025-10-06,72.0,2022-12-28
8245,LINDEN,BROOKLYN,1586,2021-12-28,185 WORTMAN AVENUE,185.0,WORTMAN AVENUE,185 WORTMAN AVENUE,17079218,809922,389838.0,3,185,183,189,WORTMAN AVENUE,C,2024-06-24,2024-06-25,07/27/2024,07/22/2024,,,07/26/2024,569.0,9220824.0,"HMC ADM CODE: § 27-2017.4 ABATE THE INFESTATION CONSISTING OF MICE IN THE ENTIRE APARTMENT LOCATED AT APT 7F, 7th STORY, 3rd APARTMENT FROM EAST AT SOUTH",2024-06-26,19.0,VIOLATION CLOSED,2024-09-06,Original,Close,N,2024,2024.0,2025-10-06,72.0,2022-12-28
8246,LINDEN,BROOKLYN,1586,2021-12-28,185 WORTMAN AVENUE,185.0,WORTMAN AVENUE,185 WORTMAN AVENUE,17079229,809922,389838.0,3,185,183,189,WORTMAN AVENUE,C,2024-06-24,2024-06-25,07/27/2024,07/22/2024,,,07/26/2024,568.0,9220825.0,"HMC ADM CODE: § 27-2017.4 ABATE THE INFESTATION CONSISTING OF ROACHES IN THE ENTIRE APARTMENT LOCATED AT APT 7M, 7th STORY, 2nd APARTMENT FROM NORTH AT EAST",2024-06-26,9.0,VIOLATION DISMISSED,2024-10-07,Original,Close,N,2024,2024.0,2025-10-06,103.0,2022-12-28
8247,LINDEN,BROOKLYN,1586,2021-12-28,185 WORTMAN AVENUE,185.0,WORTMAN AVENUE,185 WORTMAN AVENUE,17302819,809922,389838.0,3,185,183,189,WORTMAN AVENUE,C,2024-09-25,2024-09-25,10/27/2024,10/22/2024,,,10/08/2024,790.0,9354910.0,"§ 27-2043.1 HMC INSTALL THE MISSING OR REPAIR/REPLACE THE DEFECTIVE WINDOW GUARD(S) IN ACCORDANCE WITH THE SPECIFICATIONS OF THE NEW YORK CITY HEALTH CODE SECTION 24 RCNY CHAPTER 12. WG TO INSTALL = 1, WG TO REPLACE = 0, WG TO REPAIR = 1 IN THE ENTIRE APARTMENT LOCATED AT APT 12G, 12th STORY, 1st APARTMENT FROM SOUTH AT WEST",2024-09-26,19.0,VIOLATION CLOSED,2024-10-16,Original,Close,N,2024,2024.0,2025-10-06,20.0,2022-12-28
8248,LINDEN,BROOKLYN,1586,2021-12-28,185 WORTMAN AVENUE,185.0,WORTMAN AVENUE,185 WORTMAN AVENUE,17520201,809922,389838.0,3,185,183,189,WORTMAN AVENUE,C,2024-11-29,2024-12-03,01/04/2025,12/30/2024,,,12/30/2024,568.0,9506645.0,"HMC ADM CODE: § 27-2017.4 ABATE THE INFESTATION CONSISTING OF ROACHES IN THE ENTIRE APARTMENT LOCATED AT APT 3H, 3rd STORY, 2nd APARTMENT FROM SOUTH AT WEST",2024-12-04,9.0,VIOLATION DISMISSED,2025-03-12,Original,Close,N,2024,2024.0,2025-10-06,98.0,2022-12-28
8249,LINDEN,BROOKLYN,1586,2021-12-28,185 WORTMAN AVENUE,185.0,WORTMAN AVENUE,185 WORTMAN AVENUE,17548158,809922,389838.0,3,185,183,189,WORTMAN AVENUE,B,2024-12-06,2024-12-13,02/03/2025,01/20/2025,,,01/31/2025,566.0,9538587.0,"HMC ADM CODE: § 27-2017.4 ABATE THE INFESTATION CONSISTING OF VERMIN FLIES IN THE ENTIRE APARTMENT LOCATED AT APT 7F, 7th STORY, 3rd APARTMENT FROM EAST AT SOUTH",2024-12-16,9.0,VIOLATION DISMISSED,2025-04-14,Original,Close,N,2024,2024.0,2025-10-06,119.0,2022-12-28
8250,LINDEN,BROOKLYN,1586,2021-12-28,185 WORTMAN AVENUE,185.0,WORTMAN AVENUE,185 WORTMAN AVENUE,17548163,809922,389838.0,3,185,183,189,WORTMAN AVENUE,B,2024-12-06,2024-12-13,02/03/2025,01/20/2025,,,,508.0,9538587.0,"§ 27-2005 ADM CODE REPAIR THE BROKEN OR DEFECTIVE PLASTERED SURFACES AND PAINT IN A UNIFORM COLOR NORTH WALL IN THE 2nd ROOM FROM NORTH LOCATED AT APT 7F, 7th STORY, 3rd APARTMENT FROM EAST AT SOUTH",2024-12-16,19.0,VIOLATION CLOSED,2025-04-29,Original,Close,N,2024,2024.0,2025-10-06,134.0,2022-12-28
8251,LINDEN,BROOKLYN,1586,2021-12-28,185 WORTMAN AVENUE,185.0,WORTMAN AVENUE,185 WORTMAN AVENUE,17660427,809922,389838.0,3,185,183,189,WORTMAN AVENUE,A,2025-01-30,2025-01-30,05/20/2025,05/06/2025,,,02/21/2025,778.0,9607911.0,§ 27-2104 ADM CODE POST AND MAINTAIN A PROPER SIGN ON WALL OF ENTRANCE STORY SHOWING THE REGISTRATION NUMBER ASSIGNED BY THE DEPARTMENT AND THE ADDRESS OF THE BUILDING. AT PUBLIC HALL,2025-01-31,19.0,VIOLATION CLOSED,2025-04-29,Original,Close,N,2025,2025.0,2025-10-06,88.0,2022-12-28
8252,LINDEN,BROOKLYN,1586,2021-12-28,185 WORTMAN AVENUE,185.0,WORTMAN AVENUE,185 WORTMAN AVENUE,17660428,809922,389838.0,3,185,183,189,WORTMAN AVENUE,A,2025-01-30,2025-01-30,05/20/2025,05/06/2025,,,02/21/2025,484.0,9607911.0,"§ 329, M/D LAW AND DEPT. RULES AND REGS. PROVIDE A COMPLETED CERTIFICATE OF INSPECTION VISITS IN A PROPER FRAME AT OR NEAR MAILBOXES, BOTTOM EDGE OF FRAME BETWEEN 48-62 INCHES ABOVE FLOOR AT PUBLIC HALL",2025-01-31,19.0,VIOLATION CLOSED,2025-05-30,Original,Close,N,2025,2025.0,2025-10-06,119.0,2022-12-28
8253,LINDEN,BROOKLYN,1586,2021-12-28,185 WORTMAN AVENUE,185.0,WORTMAN AVENUE,185 WORTMAN AVENUE,17660429,809922,389838.0,3,185,183,189,WORTMAN AVENUE,A,2025-01-30,2025-01-30,05/20/2025,05/06/2025,,,02/21/2025,1506.0,9607911.0,"§ 27-2005 HMC: POST, IN A FORM APPROVED BY THE COMMISSIONER, AND MAINTAIN A NOTICE IN A COMMON AREA OF THE BUILDING REGARDING THE PROCEDURES THAT SHOULD BE FOLLOWED WHEN A GAS LEAK IS SUSPECTED AT PUBLIC HALL",2025-01-31,19.0,VIOLATION CLOSED,2025-04-29,Original,Close,N,2025,2025.0,2025-10-06,88.0,2022-12-28
8254,LINDEN,BROOKLYN,1586,2021-12-28,185 WORTMAN AVENUE,185.0,WORTMAN AVENUE,185 WORTMAN AVENUE,17757482,809922,389838.0,3,185,183,189,WORTMAN AVENUE,A,2025-03-14,2025-03-14,07/04/2025,06/20/2025,,,05/16/2025,484.0,9673460.0,"§ 329, M/D LAW AND DEPT. RULES AND REGS. PROVIDE A COMPLETED CERTIFICATE OF INSPECTION VISITS IN A PROPER FRAME AT OR NEAR MAILBOXES, BOTTOM EDGE OF FRAME BETWEEN 48-62 INCHES ABOVE FLOOR AT PUBLIC HALL, 1st STORY",2025-03-17,19.0,VIOLATION CLOSED,2025-05-30,Original,Close,N,2025,2025.0,2025-10-06,74.0,2022-12-28
8255,LINDEN,BROOKLYN,1586,2021-12-28,185 WORTMAN AVENUE,185.0,WORTMAN AVENUE,185 WORTMAN AVENUE,17774274,809922,389838.0,3,185,183,189,WORTMAN AVENUE,B,2025-03-21,2025-03-21,05/12/2025,04/28/2025,,,04/22/2025,501.0,9683965.0,"§ 27-2005 HMC: PROPERLY REPAIR OR REPLACE THE BROKEN OR DEFECTIVE ELECTRICAL OUTLET AT EAST WALL IN THE 4th ROOM FROM EAST LOCATED AT APT 8D, 8th STORY, 2nd APARTMENT FROM EAST AT SOUTH",2025-03-24,19.0,VIOLATION CLOSED,2025-05-07,Original,Close,N,2025,2025.0,2025-10-06,44.0,2022-12-28
8256,LINDEN,BROOKLYN,1586,2021-12-28,185 WORTMAN AVENUE,185.0,WORTMAN AVENUE,185 WORTMAN AVENUE,17784631,809922,389838.0,3,185,183,189,WORTMAN AVENUE,A,2025-03-21,2025-03-21,07/11/2025,06/27/2025,,,,556.0,9683964.0,"§ 27-2013 ADM CODE PAINT WITH LIGHT COLORED PAINT TO THE SATISFACTION OF THIS DEPARTMENT ALL PEELING PAINT SURFACES IN THE BATHROOM LOCATED AT APT 8D, 8th STORY, 2nd APARTMENT FROM EAST AT SOUTH",2025-03-24,19.0,VIOLATION CLOSED,2025-05-30,Original,Close,N,2025,2025.0,2025-10-06,67.0,2022-12-28
8257,LINDEN,BROOKLYN,1586,2021-12-28,185 WORTMAN AVENUE,185.0,WORTMAN AVENUE,185 WORTMAN AVENUE,17865517,809922,389838.0,3,185,183,189,WORTMAN AVENUE,C,2025-04-28,2025-04-29,05/19/2025,05/14/2025,,,05/13/2025,530.0,9736088.0,"§ 27-2005, 27-2007, 27-2041.1 HMC, §238, § 309; § 107 (2) ( C) MDL AND 28 RCNY §25-171: REPLACE OR REPAIR THE SELF-CLOSING DOORS THAT IS MISSING OR DEFECTIVE HINGES AT JANITORS CLOSET DOOR AT FIRE STAIRS, 12th STORY",2025-04-30,19.0,VIOLATION CLOSED,2025-08-11,Original,Close,N,2025,2025.0,2025-10-06,103.0,2022-12-28
8258,LINDEN,BROOKLYN,1586,2021-12-28,185 WORTMAN AVENUE,185.0,WORTMAN AVENUE,185 WORTMAN AVENUE,17943967,809922,389838.0,3,185,183,189,WORTMAN AVENUE,B,2025-06-03,2025-06-03,07/23/2025,07/09/2025,,,07/15/2025,501.0,9793359.0,"§ 27-2005 HMC: PROPERLY REPAIR OR REPLACE THE BROKEN OR DEFECTIVE DOOR AND DOOR KNOB IN THE 3rd ROOM FROM NORTH AT WEST LOCATED AT APT 12G, 12th STORY, 1st APARTMENT FROM SOUTH AT WEST",2025-06-04,19.0,VIOLATION CLOSED,2025-08-04,Original,Close,N,2025,2025.0,2025-10-06,61.0,2022-12-28
8259,LINDEN,BROOKLYN,1586,2021-12-28,185 WORTMAN AVENUE,185.0,WORTMAN AVENUE,185 WORTMAN AVENUE,17975550,809922,389838.0,3,185,183,189,WORTMAN AVENUE,A,2025-06-10,2025-06-10,09/28/2025,09/14/2025,,,07/15/2025,502.0,9846607.0,"§ 27-2005 ADM CODE PROPERLY REPAIR WITH SIMILAR MATERIAL THE BROKEN OR DEFECTIVE WOOD DOOR IN THE ENTRANCE IN THE BATHROOM LOCATED AT APT 8M, 8th STORY, 2nd APARTMENT FROM NORTH AT EAST , SECTION ''NORTH''",2025-06-11,19.0,VIOLATION CLOSED,2025-08-04,Original,Close,N,2025,2025.0,2025-10-06,54.0,2022-12-28
8260,LINDEN,BROOKLYN,1586,2021-12-28,185 WORTMAN AVENUE,185.0,WORTMAN AVENUE,185 WORTMAN AVENUE,18063452,809922,389838.0,3,185,183,189,WORTMAN AVENUE,C,2025-06-27,2025-06-28,07/19/2025,07/14/2025,,,07/15/2025,530.0,9889758.0,"§ 27-2005, 27-2007, 27-2041.1 HMC, §238, § 309; § 107 (2) ( C) MDL AND 28 RCNY §25-171: REPLACE OR REPAIR THE SELF-CLOSING DOORS THAT IS MISSING OR DEFECTIVE HINGE IN THE ENTRANCE LOCATED AT APT 7F, 7th STORY, 3rd APARTMENT FROM EAST AT SOUTH",2025-06-30,19.0,VIOLATION CLOSED,2025-08-04,Original,Close,N,2025,2025.0,2025-10-06,35.0,2022-12-28
8261,LINDEN,BROOKLYN,1586,2021-12-28,185 WORTMAN AVENUE,185.0,WORTMAN AVENUE,185 WORTMAN AVENUE,17302818,809922,389838.0,3,185,183,189,WORTMAN AVENUE,B,2024-09-25,2024-09-25,11/14/2024,10/31/2024,,,,801.0,9354909.0,"§ 27-2005 HMC: PROPERLY REPAIR OR REPLACE THE BROKEN OR DEFECTIVE WOODEN DOOR IN THE 3rd ROOM FROM NORTH AT WEST LOCATED AT APT 12G, 12th STORY, 1st APARTMENT FROM SOUTH AT WEST",2024-09-26,19.0,VIOLATION CLOSED,2025-08-04,Original,Close,N,2024,2024.0,2025-10-06,312.0,2022-12-28
8262,LINDEN,BROOKLYN,1586,2021-12-28,185 WORTMAN AVENUE,185.0,WORTMAN AVENUE,185 WORTMAN AVENUE,17575369,809922,389838.0,3,185,183,189,WORTMAN AVENUE,B,2024-12-24,2024-12-24,02/13/2025,01/30/2025,,,02/13/2025,508.0,9552574.0,"§ 27-2005 ADM CODE REPAIR THE BROKEN OR DEFECTIVE PLASTERED SURFACES AND PAINT IN A UNIFORM COLOR AT WEST AND EAST WALL IN THE 1st ROOM FROM NORTH AT WEST LOCATED AT APT 14I, 4th STORY, 1st APARTMENT FROM SOUTH AT WEST",2024-12-26,9.0,VIOLATION DISMISSED,2025-04-28,Original,Close,N,2024,2024.0,2025-10-06,123.0,2022-12-28
8263,LINDEN,BROOKLYN,1586,2021-12-28,185 WORTMAN AVENUE,185.0,WORTMAN AVENUE,185 WORTMAN AVENUE,17943969,809922,389838.0,3,185,183,189,WORTMAN AVENUE,B,2025-06-03,2025-06-03,07/23/2025,07/09/2025,,,07/15/2025,649.0,9793359.0,"§ 27-2026 ADM CODE REMOVE ALL OBSTRUCTIONS AND REPAIR ALL DEFECTS IN WASTE LINE AT WASH BASIN IN THE BATHROOM LOCATED AT APT 12G, 12th STORY, 1st APARTMENT FROM SOUTH AT WEST",2025-06-04,19.0,VIOLATION CLOSED,2025-08-04,Original,Close,Y,2025,2025.0,2025-10-06,61.0,2022-12-28
8264,LINDEN,BROOKLYN,1586,2021-12-28,185 WORTMAN AVENUE,185.0,WORTMAN AVENUE,185 WORTMAN AVENUE,18015129,809922,389838.0,3,185,183,189,WORTMAN AVENUE,A,2025-06-10,2025-06-16,10/04/2025,09/20/2025,,,07/15/2025,502.0,9875000.0,"§ 27-2005 ADM CODE PROPERLY REPAIR WITH SIMILAR MATERIAL THE BROKEN OR DEFECTIVE WOOD DOOR IN THE ENTRANCE IN THE 3rd ROOM FROM NORTH LOCATED AT APT 8M, 8th STORY, 2nd APARTMENT FROM NORTH AT EAST , SECTION ''NORTH''",2025-06-17,19.0,VIOLATION CLOSED,2025-08-04,Original,Close,N,2025,2025.0,2025-10-06,48.0,2022-12-28
8265,LINDEN,BROOKLYN,1586,2021-12-28,185 WORTMAN AVENUE,185.0,WORTMAN AVENUE,185 WORTMAN AVENUE,17870489,809922,389838.0,3,185,183,189,WORTMAN AVENUE,C,2025-05-04,2025-05-04,06/05/2025,05/31/2025,,,05/21/2025,568.0,9743077.0,"HMC ADM CODE: § 27-2017.4 ABATE THE INFESTATION CONSISTING OF ROACHES IN THE ENTIRE APARTMENT LOCATED AT APT 3H, 3rd STORY, 2nd APARTMENT FROM SOUTH AT WEST",2025-05-05,21.0,NOT COMPLIED WITH,2025-09-29,Original,Open,N,2025,2025.0,2025-10-06,154.0,2022-12-28
8266,LINDEN,BROOKLYN,1586,2021-12-28,185 WORTMAN AVENUE,185.0,WORTMAN AVENUE,185 WORTMAN AVENUE,17784630,809922,389838.0,3,185,183,189,WORTMAN AVENUE,C,2025-03-21,2025-03-21,04/22/2025,04/17/2025,,,,617.0,9683966.0,"§ 27-2056.6 ADM CODE - CORRECT THE LEAD-BASED PAINT HAZARD - PAINT THAT TESTED POSITIVE FOR LEAD CONTENT AND THAT IS PEELING OR ON A DETERIORATED SUBSURFACE - USING WORK PRACTICES SET FORTH IN 28 RCNY §11-06(B)(2) 1st DOOR FRAME FROM WEST AT NORTH WALL IN THE FOYER LOCATED AT APT 8D, 8th STORY, 2nd APARTMENT FROM EAST AT SOUTH",2025-03-24,20.0,DEFECT LETTER ISSUED,2025-09-20,Original,Open,N,2025,2025.0,2025-10-06,196.0,2022-12-28
8267,LINDEN,BROOKLYN,1586,2021-12-28,185 WORTMAN AVENUE,185.0,WORTMAN AVENUE,185 WORTMAN AVENUE,17865527,809922,389838.0,3,185,183,189,WORTMAN AVENUE,C,2025-04-28,2025-04-29,05/31/2025,05/26/2025,,,05/21/2025,568.0,9736087.0,"HMC ADM CODE: § 27-2017.4 ABATE THE INFESTATION CONSISTING OF ROACHES IN THE ENTIRE APARTMENT LOCATED AT APT 7F, 7th STORY, 3rd APARTMENT FROM EAST AT SOUTH",2025-04-30,20.0,DEFECT LETTER ISSUED,2025-09-20,Original,Open,N,2025,2025.0,2025-10-06,159.0,2022-12-28
8268,LINDEN,BROOKLYN,1586,2021-12-28,185 WORTMAN AVENUE,185.0,WORTMAN AVENUE,185 WORTMAN AVENUE,15307713,809922,389838.0,3,185,183,189,WORTMAN AVENUE,C,2022-08-04,2022-08-06,09/08/2022,09/03/2022,,,,550.0,7998083.0,"§ 27-2017.3 HMC: TRACE AND REPAIR THE SOURCE AND ABATE THE VISIBLE MOLD CONDITION... WEST WALL AND CEILING APPROXIMATELY 30 SQUARE FEET IN THE PRIVATE HALLWAY LOCATED AT APT 7F, 7th STORY, 3rd APARTMENT FROM EAST AT SOUTH",2022-08-08,20.0,DEFECT LETTER ISSUED,2025-09-20,Original,Open,N,2022,2022.0,2025-10-06,1155.0,2022-12-28
8269,LINDEN,BROOKLYN,1586,2021-12-28,185 WORTMAN AVENUE,185.0,WORTMAN AVENUE,185 WORTMAN AVENUE,15339721,809922,389838.0,3,185,183,189,WORTMAN AVENUE,C,2022-08-25,2022-08-26,09/17/2022,09/12/2022,,,,530.0,8019792.0,"§ 27-2005, 27-2007, 27-2041.1 HMC: REPLACE OR REPAIR THE SELF-CLOSING DOORS THAT IS MISSING OR DEFECTIVE REPAIR DOOR HINGES IN THE ENTRANCE LOCATED AT APT 12G, 12th STORY, 1st APARTMENT FROM WEST AT NORTH , SECTION AT WEST",2022-08-29,19.0,VIOLATION CLOSED,2024-06-25,Original,Close,N,2022,2022.0,2025-10-06,666.0,2022-12-28
8270,LINDEN,BROOKLYN,1586,2021-12-28,185 WORTMAN AVENUE,185.0,WORTMAN AVENUE,185 WORTMAN AVENUE,15339722,809922,389838.0,3,185,183,189,WORTMAN AVENUE,B,2022-08-25,2022-08-26,10/17/2022,10/03/2022,,,,502.0,8019791.0,"§ 27-2005 ADM CODE PROPERLY REPAIR WITH SIMILAR MATERIAL THE BROKEN OR DEFECTIVE WOOD FLOOR IN THE FOYER LOCATED AT APT 12G, 12th STORY, 1st APARTMENT FROM WEST AT NORTH , SECTION AT WEST",2022-08-29,19.0,VIOLATION CLOSED,2024-06-25,Original,Close,N,2022,2022.0,2025-10-06,666.0,2022-12-28
8271,LINDEN,BROOKLYN,1586,2021-12-28,185 WORTMAN AVENUE,185.0,WORTMAN AVENUE,185 WORTMAN AVENUE,16497420,809922,389838.0,3,185,183,189,WORTMAN AVENUE,B,2023-12-04,2023-12-04,01/23/2024,01/09/2024,,,,583.0,8833165.0,"§ 27-2026, 2027 HMC: PROPERLY REPAIR THE SOURCE AND ABATE THE EVIDENCE OF A WATER LEAK AND OR WATER PENETRATION AT THE 1st WINDOW FRAME FROM SOUTH AT WEST WALL IN THE KITCHEN LOCATED AT APT 14I, 14th STORY, 1st APARTMENT FROM SOUTH AT WEST",2023-12-05,19.0,VIOLATION CLOSED,2025-08-04,Original,Close,N,2023,2023.0,2025-10-06,608.0,2022-12-28
8272,LINDEN,BROOKLYN,1586,2021-12-28,185 WORTMAN AVENUE,185.0,WORTMAN AVENUE,185 WORTMAN AVENUE,17244675,809922,389838.0,3,185,183,189,WORTMAN AVENUE,C,2024-09-04,2024-09-17,10/19/2024,10/14/2024,,,10/18/2024,568.0,9341492.0,"HMC ADM CODE: § 27-2017.4 ABATE THE INFESTATION CONSISTING OF ROACHES IN THE ENTIRE APARTMENT LOCATED AT APT 3H, 3rd STORY, 2nd APARTMENT FROM SOUTH AT WEST",2024-09-18,19.0,VIOLATION CLOSED,2025-03-13,Original,Close,N,2024,2024.0,2025-10-06,176.0,2022-12-28
8273,LINDEN,BROOKLYN,1586,2021-12-28,185 WORTMAN AVENUE,185.0,WORTMAN AVENUE,185 WORTMAN AVENUE,18172676,809922,389838.0,3,185,183,189,WORTMAN AVENUE,B,2025-08-16,2025-08-21,10/10/2025,09/26/2025,,,,529.0,9962724.0,"§ 27-2005 HMC: REFIT FIRE DOOR AT SECTION E - H AT PUBLIC HALL, 10th STORY",2025-08-22,19.0,VIOLATION CLOSED,2025-09-22,Original,Close,N,2025,2025.0,2025-10-06,31.0,2022-12-28
8274,LINDEN,BROOKLYN,1586,2021-12-28,185 WORTMAN AVENUE,185.0,WORTMAN AVENUE,185 WORTMAN AVENUE,15961407,809922,389838.0,3,185,183,189,WORTMAN AVENUE,C,2023-05-02,2023-05-03,05/17/2023,05/10/2023,,,,583.0,8474137.0,"§ 27-2026, 2027 HMC: PROPERLY REPAIR THE SOURCE AND ABATE THE EVIDENCE OF A WATER LEAK AT CEILING IN THE BATHROOM LOCATED AT APT 8D, 8th STORY, 2nd APARTMENT FROM EAST AT SOUTH",2023-05-04,19.0,VIOLATION CLOSED,2025-03-20,Original,Close,N,2023,2023.0,2025-10-06,686.0,2022-12-28
8275,LINDEN,BROOKLYN,1586,2021-12-28,185 WORTMAN AVENUE,185.0,WORTMAN AVENUE,185 WORTMAN AVENUE,16786893,809922,389838.0,3,185,183,189,WORTMAN AVENUE,C,2024-04-01,2024-04-01,05/03/2024,04/28/2024,,,04/29/2024,568.0,9030970.0,"HMC ADM CODE: § 27-2017.4 ABATE THE INFESTATION CONSISTING OF ROACHES IN THE ENTIRE APARTMENT LOCATED AT APT 14I, 14th STORY, 1st APARTMENT FROM SOUTH AT WEST , SECTION AT NORTH",2024-04-02,19.0,VIOLATION CLOSED,2025-03-13,Original,Close,N,2024,2024.0,2025-10-06,345.0,2022-12-28
8276,LINDEN,BROOKLYN,1586,2021-12-28,185 WORTMAN AVENUE,185.0,WORTMAN AVENUE,185 WORTMAN AVENUE,17963428,809922,389838.0,3,185,183,189,WORTMAN AVENUE,C,2025-06-04,2025-06-06,06/28/2025,06/23/2025,,,06/13/2025,530.0,9825938.0,"§ 27-2005, 27-2007, 27-2041.1 HMC, §238, § 309; § 107 (2) ( C) MDL AND 28 RCNY §25-171: REPLACE OR REPAIR THE SELF-CLOSING DOORS THAT IS MISSING OR DEFECTIVE HINGES, AT BULKHEAD TO ROOF, STAIRWAY ''1'', 1ST PUBLIC STAIRS FROM NORTH. AT PUBLIC HALL, 14th STORY",2025-06-09,19.0,VIOLATION CLOSED,2025-06-23,Original,Close,N,2025,2025.0,2025-10-06,14.0,2022-12-28
8277,LINDEN,BROOKLYN,1586,2021-12-28,185 WORTMAN AVENUE,185.0,WORTMAN AVENUE,185 WORTMAN AVENUE,17963432,809922,389838.0,3,185,183,189,WORTMAN AVENUE,C,2025-06-04,2025-06-06,06/28/2025,06/23/2025,,,06/13/2025,530.0,9825938.0,"§ 27-2005, 27-2007, 27-2041.1 HMC, §238, § 309; § 107 (2) ( C) MDL AND 28 RCNY §25-171: REPLACE OR REPAIR THE SELF-CLOSING DOORS THAT IS MISSING OR DEFECTIVE HINGES, BUILDING FRONT ENTRANCE",2025-06-09,19.0,VIOLATION CLOSED,2025-06-23,Original,Close,N,2025,2025.0,2025-10-06,14.0,2022-12-28
8278,LINDEN,BROOKLYN,1586,2021-12-28,185 WORTMAN AVENUE,185.0,WORTMAN AVENUE,185 WORTMAN AVENUE,17660432,809922,389838.0,3,185,183,189,WORTMAN AVENUE,A,2025-01-30,2025-01-30,05/20/2025,05/06/2025,,,02/21/2025,1501.0,9607911.0,"§ 27-2046.1 HMC: POST A PROPER NOTICE OF CARBON MONOXIDE DETECTING DEVICE REQUIREMENTS, IN A FORM APPROVED BY THE COMMISSIONER, IN A COMMON AREA OF A CLASS A MULTIPLE DWELLING NEAR INSPECTION CERTIFICATE OR PROVIDE NOTICE TO TENANTS IN A PRIVATE DWELLING.",2025-01-31,19.0,VIOLATION CLOSED,2025-04-29,Original,Close,N,2025,2025.0,2025-10-06,88.0,2022-12-28
8279,LINDEN,BROOKLYN,1586,2021-12-28,185 WORTMAN AVENUE,185.0,WORTMAN AVENUE,185 WORTMAN AVENUE,17698353,809922,389838.0,3,185,183,189,WORTMAN AVENUE,C,2025-02-16,2025-02-19,03/11/2025,03/06/2025,,,03/06/2025,530.0,9636883.0,"§ 27-2005, 27-2007, 27-2041.1 HMC, §238, § 309; § 107 (2) ( C) MDL AND 28 RCNY §25-171: REPLACE OR REPAIR THE SELF-CLOSING DOORS THAT IS MISSING OR DEFECTIVE HINGES AT PUBLIC HALL, 7th STORY",2025-02-20,19.0,VIOLATION CLOSED,2025-05-30,Original,Close,N,2025,2025.0,2025-10-06,99.0,2022-12-28
8280,LINDEN,BROOKLYN,1586,2021-12-28,185 WORTMAN AVENUE,185.0,WORTMAN AVENUE,185 WORTMAN AVENUE,15307712,809922,389838.0,3,185,183,189,WORTMAN AVENUE,C,2022-08-04,2022-08-06,09/08/2022,09/03/2022,,,,550.0,7998083.0,"§ 27-2017.3 HMC: TRACE AND REPAIR THE SOURCE AND ABATE THE VISIBLE MOLD CONDITION... CEILING AND ALL WALLS APPROXIMATELY 100 SQUARE FEET IN THE BATHROOM LOCATED AT APT 7F, 7th STORY, 3rd APARTMENT FROM EAST AT SOUTH",2022-08-08,20.0,DEFECT LETTER ISSUED,2025-09-20,Original,Open,N,2022,2022.0,2025-10-06,1155.0,2022-12-28
8281,LINDEN,BROOKLYN,1586,2021-12-28,185 WORTMAN AVENUE,185.0,WORTMAN AVENUE,185 WORTMAN AVENUE,17883038,809922,389838.0,3,185,183,189,WORTMAN AVENUE,B,2025-05-05,2025-05-07,06/26/2025,06/12/2025,,,,502.0,9748383.0,"§ 27-2005 ADM CODE PROPERLY REPAIR WITH SIMILAR MATERIAL THE BROKEN OR DEFECTIVE VINYL TILES AT FLOOR IN THE 1st ROOM FROM EAST AT SOUTH LOCATED AT APT 8D, 8th STORY, 2nd APARTMENT FROM EAST AT SOUTH",2025-05-08,19.0,VIOLATION CLOSED,2025-05-30,Original,Close,N,2025,2025.0,2025-10-06,22.0,2022-12-28
8282,LINDEN,BROOKLYN,1586,2021-12-28,185 WORTMAN AVENUE,185.0,WORTMAN AVENUE,185 WORTMAN AVENUE,16233717,809922,389838.0,3,185,183,189,WORTMAN AVENUE,C,2023-07-27,2023-09-15,09/27/2023,09/22/2023,,,,619.0,8642787.0,§ 27-2056.4 ADM CODE- CORRECT FAILURE TO NOTIFY OCCUPANTS AND/OR TO INVESTIGATE LEAD-BASED PAINT HAZARDS.,2023-09-18,2.0,NOV SENT OUT,2023-09-18,Original,Open,N,2023,2023.0,2025-10-06,749.0,2022-12-28
8283,LINDEN,BROOKLYN,1586,2021-12-28,185 WORTMAN AVENUE,185.0,WORTMAN AVENUE,185 WORTMAN AVENUE,16786896,809922,389838.0,3,185,183,189,WORTMAN AVENUE,B,2024-04-01,2024-04-01,05/21/2024,05/07/2024,,,05/21/2024,508.0,9030969.0,"§ 27-2005 ADM CODE REPAIR THE BROKEN OR DEFECTIVE PLASTERED SURFACES AND PAINT IN A UNIFORM COLOR THE SOUTH WALL IN THE KITCHEN LOCATED AT APT 14I, 14th STORY, 1st APARTMENT FROM SOUTH AT WEST , SECTION AT NORTH",2024-04-02,19.0,VIOLATION CLOSED,2024-07-02,Original,Close,N,2024,2024.0,2025-10-06,91.0,2022-12-28
8284,LINDEN,BROOKLYN,1586,2021-12-28,185 WORTMAN AVENUE,185.0,WORTMAN AVENUE,185 WORTMAN AVENUE,17548156,809922,389838.0,3,185,183,189,WORTMAN AVENUE,C,2024-12-06,2024-12-13,01/16/2025,01/11/2025,,,01/10/2025,568.0,9538588.0,"HMC ADM CODE: § 27-2017.4 ABATE THE INFESTATION CONSISTING OF ROACHES IN THE ENTIRE APARTMENT LOCATED AT APT 7F, 7th STORY, 3rd APARTMENT FROM EAST AT SOUTH",2024-12-16,19.0,VIOLATION CLOSED,2025-03-13,Original,Close,N,2024,2024.0,2025-10-06,87.0,2022-12-28
8285,LINDEN,BROOKLYN,1586,2021-12-28,185 WORTMAN AVENUE,185.0,WORTMAN AVENUE,185 WORTMAN AVENUE,17883034,809922,389838.0,3,185,183,189,WORTMAN AVENUE,B,2025-05-05,2025-05-07,06/26/2025,06/12/2025,,,,502.0,9748383.0,"§ 27-2005 ADM CODE PROPERLY REPAIR WITH SIMILAR MATERIAL THE BROKEN OR DEFECTIVE VINYL TILES AT FLOOR IN THE 4th ROOM FROM EAST LOCATED AT APT 8D, 8th STORY, 2nd APARTMENT FROM EAST AT SOUTH",2025-05-08,19.0,VIOLATION CLOSED,2025-05-30,Original,Close,N,2025,2025.0,2025-10-06,22.0,2022-12-28
8286,LINDEN,BROOKLYN,1586,2021-12-28,185 WORTMAN AVENUE,185.0,WORTMAN AVENUE,185 WORTMAN AVENUE,17756512,809922,389838.0,3,185,183,189,WORTMAN AVENUE,B,2025-03-13,2025-03-14,05/05/2025,04/21/2025,,,,508.0,9673461.0,"§ 27-2005 ADM CODE REPAIR THE BROKEN OR DEFECTIVE PLASTERED SURFACES AND PAINT IN A UNIFORM COLOR AT CEILING IN THE BATHROOM LOCATED AT APT 6D, 6th STORY, 2nd APARTMENT FROM EAST AT SOUTH",2025-03-17,19.0,VIOLATION CLOSED,2025-05-30,Original,Close,N,2025,2025.0,2025-10-06,74.0,2022-12-28
8287,LINDEN,BROOKLYN,1586,2021-12-28,185 WORTMAN AVENUE,185.0,WORTMAN AVENUE,185 WORTMAN AVENUE,17943965,809922,389838.0,3,185,183,189,WORTMAN AVENUE,B,2025-06-03,2025-06-03,07/23/2025,07/09/2025,,,07/15/2025,506.0,9793359.0,"§ 27-2005 ADM CODE REPLACE WITH NEW THE MISSING ELECTRICAL OUTLET PLATE COVER AT WEST WALL IN THE 3rd ROOM FROM NORTH AT WEST LOCATED AT APT 12G, 12th STORY, 1st APARTMENT FROM SOUTH AT WEST",2025-06-04,19.0,VIOLATION CLOSED,2025-08-04,Original,Close,N,2025,2025.0,2025-10-06,61.0,2022-12-28
8288,LINDEN,BROOKLYN,1586,2021-12-28,185 WORTMAN AVENUE,185.0,WORTMAN AVENUE,185 WORTMAN AVENUE,18172648,809922,389838.0,3,185,183,189,WORTMAN AVENUE,C,2025-08-16,2025-08-21,09/10/2025,09/05/2025,,,09/09/2025,530.0,9962725.0,"§ 27-2005, 27-2007, 27-2041.1 HMC, §238, § 309; § 107 (2) ( C) MDL AND 28 RCNY §25-171: REPLACE OR REPAIR THE SELF-CLOSING DOORS THAT IS MISSING OR DEFECTIVE LATCH AT FIRE DOOR AT SECTION E - H AT PUBLIC HALL, 10th STORY",2025-08-22,19.0,VIOLATION CLOSED,2025-09-22,Original,Close,N,2025,2025.0,2025-10-06,31.0,2022-12-28
8289,LINDEN,BROOKLYN,1586,2021-12-28,185 WORTMAN AVENUE,185.0,WORTMAN AVENUE,185 WORTMAN AVENUE,15307715,809922,389838.0,3,185,183,189,WORTMAN AVENUE,C,2022-08-04,2022-08-06,08/27/2022,08/22/2022,,,,530.0,7998084.0,"§ 27-2005, 27-2007, 27-2041.1 HMC: REPLACE OR REPAIR THE SELF-CLOSING DOORS THAT IS MISSING OR DEFECTIVE IN THE ENTRANCE LOCATED AT APT 7F, 7th STORY, 3rd APARTMENT FROM EAST AT SOUTH",2022-08-08,19.0,VIOLATION CLOSED,2022-12-02,Original,Close,N,2022,2022.0,2025-10-06,116.0,2022-12-28
8290,LINDEN,BROOKLYN,1586,2021-12-28,185 WORTMAN AVENUE,185.0,WORTMAN AVENUE,185 WORTMAN AVENUE,15339723,809922,389838.0,3,185,183,189,WORTMAN AVENUE,B,2022-08-25,2022-08-26,10/17/2022,10/03/2022,,,,502.0,8019791.0,"§ 27-2005 ADM CODE PROPERLY REPAIR WITH SIMILAR MATERIAL THE BROKEN OR DEFECTIVE WOOD FLOOR IN THE KITCHEN LOCATED AT APT 12G, 12th STORY, 1st APARTMENT FROM WEST AT NORTH , SECTION AT WEST",2022-08-29,19.0,VIOLATION CLOSED,2024-06-25,Original,Close,N,2022,2022.0,2025-10-06,666.0,2022-12-28
8291,LINDEN,BROOKLYN,1586,2021-12-28,185 WORTMAN AVENUE,185.0,WORTMAN AVENUE,185 WORTMAN AVENUE,16248699,809922,389838.0,3,185,183,189,WORTMAN AVENUE,B,2023-09-19,2023-09-23,11/13/2023,10/30/2023,,,,623.0,8652817.0,"§ 27-2056.7, 27-2056.17 AND 27-2056.8 ADM CODE - CERTIFY COMPLIANCE WITH LEAD-BASED PAINT HAZARD CONTROL REQUIREMENTS DURING PERIOD OF UNIT VACANCY BY SUBMITTING REQUIRED SUPPORTING DOCUMENTATION AND AFFIDAVITS FOR APARTMENT LOCATED AT APT 2K, 2nd STORY, 3rd APARTMENT FROM SOUTH AT WEST , SECTION ''185'', 1st FROM WEST AT NORTH",2023-09-25,50.0,"LEAD DOCS SUBMITTED, NOT ACCEPTABLE",2025-09-03,Original,Open,N,2023,2023.0,2025-10-06,742.0,2022-12-28
8292,LINDEN,BROOKLYN,1586,2021-12-28,185 WORTMAN AVENUE,185.0,WORTMAN AVENUE,185 WORTMAN AVENUE,16248993,809922,389838.0,3,185,183,189,WORTMAN AVENUE,B,2023-09-19,2023-09-23,11/13/2023,10/30/2023,,,,623.0,8652812.0,"§ 27-2056.7, 27-2056.17 AND 27-2056.8 ADM CODE - CERTIFY COMPLIANCE WITH LEAD-BASED PAINT HAZARD CONTROL REQUIREMENTS DURING PERIOD OF UNIT VACANCY BY SUBMITTING REQUIRED SUPPORTING DOCUMENTATION AND AFFIDAVITS FOR APARTMENT LOCATED AT APT 12B, 12th STORY, 2nd APARTMENT FROM NORTH AT EAST , SECTION ''185'', AT SOUTH",2023-09-25,2.0,NOV SENT OUT,2023-09-25,Original,Open,N,2023,2023.0,2025-10-06,742.0,2022-12-28
8293,LINDEN,BROOKLYN,1586,2021-12-28,185 WORTMAN AVENUE,185.0,WORTMAN AVENUE,185 WORTMAN AVENUE,18115086,809922,389838.0,3,185,183,189,WORTMAN AVENUE,C,2025-07-28,2025-07-28,08/17/2025,08/12/2025,,,08/12/2025,530.0,9927807.0,"§ 27-2005, 27-2007, 27-2041.1 HMC, §238, § 309; § 107 (2) ( C) MDL AND 28 RCNY §25-171: REPLACE OR REPAIR THE SELF-CLOSING DOORS THAT IS MISSING OR DEFECTIVE LATCH AT 2ND FIRE DOOR , 10th STORY",2025-07-29,19.0,VIOLATION CLOSED,2025-09-22,Original,Close,N,2025,2025.0,2025-10-06,55.0,2022-12-28
8294,LINDEN,BROOKLYN,1586,2021-12-28,185 WORTMAN AVENUE,185.0,WORTMAN AVENUE,185 WORTMAN AVENUE,16605230,809922,389838.0,3,185,183,189,WORTMAN AVENUE,C,2024-01-19,2024-01-19,02/10/2024,02/05/2024,,,02/09/2024,530.0,8904186.0,"§ 27-2005, 27-2007, 27-2041.1 HMC, §238, § 309; § 107 (2) ( C) MDL AND 28 RCNY §25-171: REPLACE OR REPAIR THE SELF-CLOSING DOORS THAT IS MISSING OR DEFECTIVE HINGES AT FIRE DOOR AT EAST WALL AT NORTH SECTION AT PUBLIC HALL, 3rd STORY",2024-01-22,19.0,VIOLATION CLOSED,2024-02-15,Original,Close,N,2024,2024.0,2025-10-06,24.0,2022-12-28
8295,LINDEN,BROOKLYN,1586,2021-12-28,185 WORTMAN AVENUE,185.0,WORTMAN AVENUE,185 WORTMAN AVENUE,17520225,809922,389838.0,3,185,183,189,WORTMAN AVENUE,C,2024-11-29,2024-12-03,12/23/2024,12/18/2024,,,12/23/2024,530.0,9506646.0,"§ 27-2005, 27-2007, 27-2041.1 HMC, §238, § 309; § 107 (2) ( C) MDL AND 28 RCNY §25-171: REPLACE OR REPAIR THE SELF-CLOSING DOORS THAT IS MISSING OR DEFECTIVE HINGES AT HOPPER DOOR AT PUBLIC HALL, 8th STORY",2024-12-04,19.0,VIOLATION CLOSED,2025-01-17,Original,Close,N,2024,2024.0,2025-10-06,44.0,2022-12-28
8296,LINDEN,BROOKLYN,1586,2021-12-28,185 WORTMAN AVENUE,185.0,WORTMAN AVENUE,185 WORTMAN AVENUE,17873826,809922,389838.0,3,185,183,189,WORTMAN AVENUE,A,2025-05-01,2025-05-01,08/19/2025,08/05/2025,,,07/15/2025,556.0,9740124.0,"§ 27-2013 ADM CODE PAINT WITH LIGHT COLORED PAINT TO THE SATISFACTION OF THIS DEPARTMENT ALL PEELING PAINT SURFACES IN THE 3rd ROOM FROM NORTH AT EAST LOCATED AT APT 12G, 12th STORY, 1st APARTMENT FROM SOUTH AT WEST",2025-05-02,22.0,FIRST NO ACCESS TO RE- INSPECT VIOLATION,2025-09-29,Original,Open,N,2025,2025.0,2025-10-06,157.0,2022-12-28
8297,LINDEN,BROOKLYN,1586,2021-12-28,185 WORTMAN AVENUE,185.0,WORTMAN AVENUE,185 WORTMAN AVENUE,17944072,809922,389838.0,3,185,183,189,WORTMAN AVENUE,A,2025-06-03,2025-06-03,09/21/2025,09/07/2025,,,07/15/2025,556.0,9793358.0,"§ 27-2013 ADM CODE PAINT WITH LIGHT COLORED PAINT TO THE SATISFACTION OF THIS DEPARTMENT ALL PEELING PAINT SURFACES IN THE 3rd ROOM FROM NORTH AT EAST, THE FOYER LOCATED AT APT 12G, 12th STORY, 1st APARTMENT FROM SOUTH AT WEST",2025-06-04,22.0,FIRST NO ACCESS TO RE- INSPECT VIOLATION,2025-09-29,Original,Open,N,2025,2025.0,2025-10-06,124.0,2022-12-28
8298,LINDEN,BROOKLYN,1586,2021-12-28,185 WORTMAN AVENUE,185.0,WORTMAN AVENUE,185 WORTMAN AVENUE,18260953,809922,389838.0,3,185,183,189,WORTMAN AVENUE,C,2025-09-26,2025-09-29,10/19/2025,10/14/2025,,,,530.0,10013746.0,"§ 27-2005, 27-2007, 27-2041.1 HMC, §238, § 309; § 107 (2) ( C) MDL AND 28 RCNY §25-171: REPLACE OR REPAIR THE SELF-CLOSING DOORS THAT IS MISSING OR DEFECTIVE LATCH, BUILDING ENTRANCE",2025-09-30,2.0,NOV SENT OUT,2025-09-30,Original,Open,N,2025,2025.0,2025-10-06,6.0,2022-12-28
8299,LINDEN,BROOKLYN,1586,2021-12-28,180 WORTMAN AVENUE,180.0,WORTMAN AVENUE,180 WORTMAN AVENUE,17582724,398075,389839.0,3,180,180,180,WORTMAN AVENUE,B,2024-12-28,2024-12-29,02/17/2025,02/03/2025,,,02/13/2025,1503.0,9557095.0,"§ 27-2046.1 HMC: REPAIR OR REPLACE THE CARBON MONOXIDE DETECTING DEVICE(S). DEFECTIVE IN THE ENTIRE APARTMENT LOCATED AT APT 6H, 6th STORY, 2nd APARTMENT FROM SOUTH AT WEST",2024-12-30,9.0,VIOLATION DISMISSED,2025-04-28,Original,Close,N,2024,2024.0,2025-10-06,119.0,2022-12-28
8300,LINDEN,BROOKLYN,1586,2021-12-28,180 WORTMAN AVENUE,180.0,WORTMAN AVENUE,180 WORTMAN AVENUE,17582725,398075,389839.0,3,180,180,180,WORTMAN AVENUE,B,2024-12-28,2024-12-29,02/17/2025,02/03/2025,,,02/13/2025,702.0,9557095.0,"§ 27-2045 ADM CODE REPAIR OR REPLACE THE SMOKE DETECTOR DEFECTIVE IN THE ENTIRE APARTMENT LOCATED AT APT 6H, 6th STORY, 2nd APARTMENT FROM SOUTH AT WEST",2024-12-30,9.0,VIOLATION DISMISSED,2025-04-28,Original,Close,N,2024,2024.0,2025-10-06,119.0,2022-12-28
8301,LINDEN,BROOKLYN,1586,2021-12-28,180 WORTMAN AVENUE,180.0,WORTMAN AVENUE,180 WORTMAN AVENUE,17582729,398075,389839.0,3,180,180,180,WORTMAN AVENUE,C,2024-12-28,2024-12-29,01/18/2025,01/13/2025,,,01/14/2025,530.0,9557097.0,"§ 27-2005, 27-2007, 27-2041.1 HMC, §238, § 309; § 107 (2) ( C) MDL AND 28 RCNY §25-171: REPLACE OR REPAIR THE SELF-CLOSING DOORS THAT IS MISSING OR DEFECTIVE HINGES AT FIRE STAIR EXIT 1 DOOR AT WEST AT PUBLIC HALL, 1st STORY",2024-12-30,19.0,VIOLATION CLOSED,2025-03-18,Original,Close,N,2024,2024.0,2025-10-06,78.0,2022-12-28
8302,LINDEN,BROOKLYN,1586,2021-12-28,180 WORTMAN AVENUE,180.0,WORTMAN AVENUE,180 WORTMAN AVENUE,16244265,398075,389839.0,3,180,180,180,WORTMAN AVENUE,B,2023-09-22,2023-09-26,11/14/2023,10/31/2023,,,11/14/2023,501.0,8654622.0,"§ 27-2005 HMC: PROPERLY REPAIR OR REPLACE THE BROKEN OR DEFECTIVE ... IN THE ENTRANCE LOCATED AT APT 2H, 2nd STORY, 1st APARTMENT FROM SOUTH AT WEST",2023-09-26,9.0,VIOLATION DISMISSED,2024-01-25,Original,Close,N,2023,2023.0,2025-10-06,121.0,2022-12-28
8303,LINDEN,BROOKLYN,1586,2021-12-28,180 WORTMAN AVENUE,180.0,WORTMAN AVENUE,180 WORTMAN AVENUE,17582730,398075,389839.0,3,180,180,180,WORTMAN AVENUE,B,2024-12-28,2024-12-29,02/17/2025,02/03/2025,,,02/14/2025,689.0,9557094.0,"§ 27-2005, 2006, 2037 HMC: PROPERLY REPAIR AND ABATE UNSAFE ELECTRIC WIRING CONDITION CONSISTING OF EXPOSE ELECTRICAL WIRES ON EXIT SING AT PUBLIC HALL, 1st STORY",2024-12-30,9.0,VIOLATION DISMISSED,2025-04-28,Original,Close,N,2024,2024.0,2025-10-06,119.0,2022-12-28
8305,LINDEN,BROOKLYN,1586,2021-12-28,180 WORTMAN AVENUE,180.0,WORTMAN AVENUE,180 WORTMAN AVENUE,14823878,398075,389839.0,3,180,180,180,WORTMAN AVENUE,B,2022-02-11,2022-02-11,04/04/2022,03/21/2022,,,,502.0,7639743.0,"§ 27-2005 ADM CODE PROPERLY REPAIR WITH SIMILAR MATERIAL THE BROKEN OR DEFECTIVE WOOD PANEL IN BASE CABINET AT SOUTH WALL IN THE KITCHEN LOCATED AT APT 5H, 5th STORY, 2nd APARTMENT FROM SOUTH AT WEST",2022-02-14,19.0,VIOLATION CLOSED,2024-07-03,Original,Close,N,2022,2022.0,2025-10-06,870.0,2022-12-28
8306,LINDEN,BROOKLYN,1586,2021-12-28,180 WORTMAN AVENUE,180.0,WORTMAN AVENUE,180 WORTMAN AVENUE,14823881,398075,389839.0,3,180,180,180,WORTMAN AVENUE,B,2022-02-11,2022-02-11,04/04/2022,03/21/2022,,,,702.0,7639743.0,"§ 27-2045 ADM CODE REPAIR OR REPLACE THE SMOKE DETECTOR DEFECTIVE IN THE ENTIRE APARTMENT LOCATED AT APT 5H, 5th STORY, 2nd APARTMENT FROM SOUTH AT WEST",2022-02-14,19.0,VIOLATION CLOSED,2024-07-03,Original,Close,N,2022,2022.0,2025-10-06,870.0,2022-12-28
8307,LINDEN,BROOKLYN,1586,2021-12-28,180 WORTMAN AVENUE,180.0,WORTMAN AVENUE,180 WORTMAN AVENUE,14823879,398075,389839.0,3,180,180,180,WORTMAN AVENUE,C,2022-02-11,2022-02-11,03/17/2022,03/12/2022,,,,568.0,7639744.0,"HMC ADM CODE: § 27-2017.4 ABATE THE INFESTATION CONSISTING OF ROACHES IN THE ENTIRE APARTMENT LOCATED AT APT 5H, 5th STORY, 2nd APARTMENT FROM SOUTH AT WEST",2022-02-14,19.0,VIOLATION CLOSED,2024-10-17,Original,Close,N,2022,2022.0,2025-10-06,976.0,2022-12-28
8308,LINDEN,BROOKLYN,1586,2021-12-28,180 WORTMAN AVENUE,180.0,WORTMAN AVENUE,180 WORTMAN AVENUE,14823880,398075,389839.0,3,180,180,180,WORTMAN AVENUE,B,2022-02-11,2022-02-11,04/04/2022,03/21/2022,,,,1503.0,7639743.0,"§ 27-2046.1 HMC: REPAIR OR REPLACE THE CARBON MONOXIDE DETECTING DEVICE(S). DEFECTIVE IN THE ENTIRE APARTMENT LOCATED AT APT 5H, 5th STORY, 2nd APARTMENT FROM SOUTH AT WEST",2022-02-14,19.0,VIOLATION CLOSED,2024-07-03,Original,Close,N,2022,2022.0,2025-10-06,870.0,2022-12-28
8309,LINDEN,BROOKLYN,1586,2021-12-28,180 WORTMAN AVENUE,180.0,WORTMAN AVENUE,180 WORTMAN AVENUE,15861982,398075,389839.0,3,180,180,180,WORTMAN AVENUE,A,2023-03-27,2023-03-27,07/14/2023,06/30/2023,,,,1507.0,8397503.0,"(A) § HMC:FILE ANNUAL BEDBUG REPORT IN ACCORDANCE WITH HPD RULE AS DESCRIBED ON THE BACK OF THIS NOTICE OF VIOLATION OR AS DESCRIBED ON HPDS WEBSITE, WWW.NYC.GOV\HPD, SEARCH BED BUGS.",2023-03-27,9.0,VIOLATION DISMISSED,2023-04-24,Original,Close,N,2023,2023.0,2025-10-06,28.0,2022-12-28
8310,LINDEN,BROOKLYN,1586,2021-12-28,180 WORTMAN AVENUE,180.0,WORTMAN AVENUE,180 WORTMAN AVENUE,16244266,398075,389839.0,3,180,180,180,WORTMAN AVENUE,A,2023-09-22,2023-09-26,01/13/2024,12/30/2023,,,12/26/2023,508.0,8654621.0,"§ 27-2005 ADM CODE REPAIR THE BROKEN OR DEFECTIVE PLASTERED SURFACES AND PAINT IN A UNIFORM COLOR AT WEST WALL IN THE PRIVATE HALLWAY LOCATED AT APT 2H, 2nd STORY, 1st APARTMENT FROM SOUTH AT WEST",2023-09-26,9.0,VIOLATION DISMISSED,2024-03-07,Original,Close,N,2023,2023.0,2025-10-06,163.0,2022-12-28
8311,LINDEN,BROOKLYN,1586,2021-12-28,180 WORTMAN AVENUE,180.0,WORTMAN AVENUE,180 WORTMAN AVENUE,17582726,398075,389839.0,3,180,180,180,WORTMAN AVENUE,A,2024-12-28,2024-12-29,04/18/2025,04/04/2025,,,02/21/2025,484.0,9557093.0,"§ 329, M/D LAW AND DEPT. RULES AND REGS. PROVIDE A COMPLETED CERTIFICATE OF INSPECTION VISITS IN A PROPER FRAME AT OR NEAR MAILBOXES, BOTTOM EDGE OF FRAME BETWEEN 48-62 INCHES ABOVE FLOOR MISSING AT PUBLIC HALL, 1st STORY",2024-12-30,9.0,VIOLATION DISMISSED,2025-05-05,Original,Close,N,2024,2024.0,2025-10-06,126.0,2022-12-28
8312,LINDEN,BROOKLYN,1586,2021-12-28,180 WORTMAN AVENUE,180.0,WORTMAN AVENUE,180 WORTMAN AVENUE,17775303,398075,389839.0,3,180,180,180,WORTMAN AVENUE,C,2025-03-17,2025-03-18,04/07/2025,04/02/2025,,,04/03/2025,530.0,9676556.0,"§ 27-2005, 27-2007, 27-2041.1 HMC, §238, § 309; § 107 (2) ( C) MDL AND 28 RCNY §25-171: REPLACE OR REPAIR THE SELF-CLOSING DOORS THAT IS MISSING OR DEFECTIVE LATCH, AT BUILDING ENTRANCE, BUILDING FRONT",2025-03-19,19.0,VIOLATION CLOSED,2025-04-14,Original,Close,N,2025,2025.0,2025-10-06,26.0,2022-12-28
8313,LINDEN,BROOKLYN,1586,2021-12-28,180 WORTMAN AVENUE,180.0,WORTMAN AVENUE,180 WORTMAN AVENUE,17826910,398075,389839.0,3,180,180,180,WORTMAN AVENUE,A,2025-04-11,2025-04-14,08/02/2025,07/19/2025,,,05/16/2025,484.0,9715059.0,"§ 329, M/D LAW AND DEPT. RULES AND REGS. PROVIDE A COMPLETED CERTIFICATE OF INSPECTION VISITS IN A PROPER FRAME AT OR NEAR MAILBOXES, BOTTOM EDGE OF FRAME BETWEEN 48-62 INCHES ABOVE FLOOR AT PUBLIC HALL, 1st STORY",2025-04-15,19.0,VIOLATION CLOSED,2025-07-01,Original,Close,N,2025,2025.0,2025-10-06,77.0,2022-12-28
8314,LINDEN,BROOKLYN,1586,2021-12-28,180 WORTMAN AVENUE,180.0,WORTMAN AVENUE,180 WORTMAN AVENUE,18048276,398075,389839.0,3,180,180,180,WORTMAN AVENUE,C,2025-06-23,2025-06-24,07/16/2025,07/11/2025,,,07/11/2025,530.0,9885373.0,"§ 27-2005, 27-2007, 27-2041.1 HMC, §238, § 309; § 107 (2) ( C) MDL AND 28 RCNY §25-171: REPLACE OR REPAIR THE SELF-CLOSING DOORS THAT IS MISSING OR DEFECTIVE LATCH AT BUILDING FRONT ENTRANCE DOOR",2025-06-27,19.0,VIOLATION CLOSED,2025-08-04,Original,Close,N,2025,2025.0,2025-10-06,38.0,2022-12-28
8324,LINDEN,BROOKLYN,1586,2021-12-28,180 WORTMAN AVENUE,180.0,WORTMAN AVENUE,180 WORTMAN AVENUE,14959829,398075,389839.0,3,180,180,180,WORTMAN AVENUE,A,2022-03-02,2022-03-02,06/19/2022,06/05/2022,,,,1507.0,7758566.0,"(A) § HMC:FILE ANNUAL BEDBUG REPORT IN ACCORDANCE WITH HPD RULE AS DESCRIBED ON THE BACK OF THIS NOTICE OF VIOLATION OR AS DESCRIBED ON HPDS WEBSITE, WWW.NYC.GOV\HPD, SEARCH BED BUGS.",2022-03-02,9.0,VIOLATION DISMISSED,2023-04-24,Original,Close,N,2022,2022.0,2025-10-06,418.0,2022-12-28
8325,LINDEN,BROOKLYN,1586,2021-12-28,180 WORTMAN AVENUE,180.0,WORTMAN AVENUE,180 WORTMAN AVENUE,17549232,398075,389839.0,3,180,180,180,WORTMAN AVENUE,C,2024-12-11,2024-12-11,12/31/2024,12/26/2024,,,12/27/2024,530.0,9533519.0,"§ 27-2005, 27-2007, 27-2041.1 HMC, §238, § 309; § 107 (2) ( C) MDL AND 28 RCNY §25-171: REPLACE OR REPAIR THE SELF-CLOSING DOORS THAT IS MISSING OR DEFECTIVE HINGES AT (STAIRCASE 1) AT PUBLIC HALL STAIRS, 1st STORY",2024-12-12,19.0,VIOLATION CLOSED,2025-03-18,Original,Close,N,2024,2024.0,2025-10-06,96.0,2022-12-28
8326,LINDEN,BROOKLYN,1586,2021-12-28,180 WORTMAN AVENUE,180.0,WORTMAN AVENUE,180 WORTMAN AVENUE,17775305,398075,389839.0,3,180,180,180,WORTMAN AVENUE,B,2025-03-17,2025-03-18,05/07/2025,04/23/2025,,,04/22/2025,501.0,9676555.0,"§ 27-2005 HMC: PROPERLY REPAIR OR REPLACE THE BROKEN OR DEFECTIVE LATCH AT BUILDING ENTRANCE DOOR, BUILDING FRONT",2025-03-19,19.0,VIOLATION CLOSED,2025-07-01,Original,Close,N,2025,2025.0,2025-10-06,104.0,2022-12-28
8327,LINDEN,BROOKLYN,1586,2021-12-28,180 WORTMAN AVENUE,180.0,WORTMAN AVENUE,180 WORTMAN AVENUE,17582727,398075,389839.0,3,180,180,180,WORTMAN AVENUE,C,2024-12-28,2024-12-29,01/12/2025,01/05/2025,,,01/07/2025,526.0,9557096.0,"§ 27-2005, 2007 ADM CODE REMOVE THE ILLEGAL FASTENING UNACCEPTABLE ELECTROMAGNETIC LOCKING DEVICE INSTALLED AT BUILDING FIRE STAIR EXIT 1 DOOR AT WEST AT PUBLIC HALL, 1st STORY",2024-12-30,19.0,VIOLATION CLOSED,2025-06-23,Original,Close,Y,2024,2024.0,2025-10-06,175.0,2022-12-28
8328,LINDEN,BROOKLYN,1586,2021-12-28,180 WORTMAN AVENUE,180.0,WORTMAN AVENUE,180 WORTMAN AVENUE,17582728,398075,389839.0,3,180,180,180,WORTMAN AVENUE,B,2024-12-28,2024-12-29,02/17/2025,02/03/2025,,,02/14/2025,504.0,9557094.0,"§ 27-2005 ADM CODE PROVIDE SECURITY IN THE EVENT OF A POWER OUTAGE BY MEANS OF AN ACCEPTABLE MECHANICAL HEAVY DUTY LOCK AND LATCH SET AT BUILDING FIRE STAIR EXIT DOOR AT WEST AT PUBLIC HALL, 1st STORY",2024-12-30,9.0,VIOLATION DISMISSED,2025-04-28,Original,Close,N,2024,2024.0,2025-10-06,119.0,2022-12-28
