,Unnamed: 0,bbl,bldg#,m,direction,house_num,street_name,street_type,zip,full_address,index,development,transfer_date,borough,units,_merge,violationid,buildingid,registrationid,boroid,bin,housenumber,lowhousenumber,highhousenumber,streetname,class,inspectiondate,approveddate,originalcertifybydate,originalcorrectbydate,newcertifybydate,newcorrectbydate,certifieddate,ordernumber,novid,novdescription,novissueddate,currentstatusid,currentstatus,currentstatusdate,novtype,violationstatus,rentimpairing,inspectiondate_year,novissued_year
364,57,3018080174,8,M,,435,GATES,AVENUE,11216,435 GATES AVENUE,61,ARMSTRONG I,2/12/20,BROOKLYN,371,both,11228704,299413,389239.0,3,3322227.0,435,435,435,GATES AVENUE,C,2016-05-09,2016-05-12,05/25/2016,05/20/2016,,,,596.0,5428382.0,"§ 27-2026 ADM CODE REPLACE THE BROKEN OR DEFECTIVE WATER CLOSET IN THE BATHROOM LOCATED AT APT 4B, 4th STORY, 1st APARTMENT FROM WEST AT NORTH",2016-05-12,19.0,VIOLATION CLOSED,05/19/2016,Original,Close,Y,2016,2016.0
365,57,3018080174,8,M,,435,GATES,AVENUE,11216,435 GATES AVENUE,61,ARMSTRONG I,2/12/20,BROOKLYN,371,both,11228708,299413,389239.0,3,3322227.0,435,435,435,GATES AVENUE,B,2016-05-09,2016-05-12,06/30/2016,06/16/2016,,,,550.0,5428381.0,"§ 27-2005 HMC:TRACE AND REPAIR THE SOURCE AND ABATE THE NUISANCE CONSISTING OF MOLD ... AT CEILING, 20 SQUARE FEET IN THE BATHROOM LOCATED AT APT 4B, 4th STORY, 1st APARTMENT FROM WEST AT NORTH",2016-05-12,19.0,VIOLATION CLOSED,05/19/2016,Original,Close,N,2016,2016.0
366,57,3018080174,8,M,,435,GATES,AVENUE,11216,435 GATES AVENUE,61,ARMSTRONG I,2/12/20,BROOKLYN,371,both,11228744,299413,389239.0,3,3322227.0,435,435,435,GATES AVENUE,B,2016-05-09,2016-05-20,07/11/2016,06/27/2016,,,,502.0,5434861.0,"§ 27-2005 ADM CODE PROPERLY REPAIR WITH SIMILAR MATERIAL THE BROKEN OR DEFECTIVE WOOD FLOOR AT NORTH IN THE 3rd ROOM FROM EAST LOCATED AT APT 4B, 4th STORY, 1st APARTMENT FROM WEST AT NORTH",2016-05-23,19.0,VIOLATION CLOSED,04/18/2022,Original,Close,N,2016,2016.0
367,57,3018080174,8,M,,435,GATES,AVENUE,11216,435 GATES AVENUE,61,ARMSTRONG I,2/12/20,BROOKLYN,371,both,11228746,299413,389239.0,3,3322227.0,435,435,435,GATES AVENUE,A,2016-05-09,2016-05-20,09/09/2016,08/26/2016,,,,502.0,5434860.0,"§ 27-2005 ADM CODE PROPERLY REPAIR WITH SIMILAR MATERIAL THE BROKEN OR DEFECTIVE VINYL TILES AT FLOOR AT NORTH IN THE 3rd ROOM FROM EAST LOCATED AT APT 4B, 4th STORY, 1st APARTMENT FROM WEST AT NORTH",2016-05-23,19.0,VIOLATION CLOSED,04/18/2022,Original,Close,N,2016,2016.0
369,57,3018080174,8,M,,435,GATES,AVENUE,11216,435 GATES AVENUE,61,ARMSTRONG I,2/12/20,BROOKLYN,371,both,11228724,299413,389239.0,3,3322227.0,435,435,435,GATES AVENUE,B,2016-05-09,2016-05-20,07/11/2016,06/27/2016,,,,502.0,5434861.0,"§ 27-2005 ADM CODE PROPERLY REPAIR WITH SIMILAR MATERIAL THE BROKEN OR DEFECTIVE WOOD FLOOR AT WEST IN THE 5th ROOM FROM EAST LOCATED AT APT 4B, 4th STORY, 1st APARTMENT FROM WEST AT NORTH",2016-05-23,19.0,VIOLATION CLOSED,04/18/2022,Original,Close,N,2016,2016.0
370,57,3018080174,8,M,,435,GATES,AVENUE,11216,435 GATES AVENUE,61,ARMSTRONG I,2/12/20,BROOKLYN,371,both,11228727,299413,389239.0,3,3322227.0,435,435,435,GATES AVENUE,A,2016-05-09,2016-05-20,09/09/2016,08/26/2016,,,,502.0,5434860.0,"§ 27-2005 ADM CODE PROPERLY REPAIR WITH SIMILAR MATERIAL THE BROKEN OR DEFECTIVE VINYL TILES AT FLOOR, AT WEST IN THE 5th ROOM FROM EAST LOCATED AT APT 4B, 4th STORY, 1st APARTMENT FROM WEST AT NORTH",2016-05-23,19.0,VIOLATION CLOSED,04/18/2022,Original,Close,N,2016,2016.0
371,57,3018080174,8,M,,435,GATES,AVENUE,11216,435 GATES AVENUE,61,ARMSTRONG I,2/12/20,BROOKLYN,371,both,11228751,299413,389239.0,3,3322227.0,435,435,435,GATES AVENUE,A,2016-05-09,2016-05-12,08/29/2016,08/15/2016,,,,506.0,5428380.0,"§ 27-2005 ADM CODE REPLACE WITH NEW THE MISSING DRAWER AT BASE CABINET IN THE KITCHEN LOCATED AT APT 4B, 4th STORY, 1st APARTMENT FROM WEST AT NORTH",2016-05-12,19.0,VIOLATION CLOSED,05/19/2016,Original,Close,N,2016,2016.0
372,57,3018080174,8,M,,435,GATES,AVENUE,11216,435 GATES AVENUE,61,ARMSTRONG I,2/12/20,BROOKLYN,371,both,11228755,299413,389239.0,3,3322227.0,435,435,435,GATES AVENUE,A,2016-05-09,2016-05-12,08/29/2016,08/15/2016,,,,556.0,5428380.0,"§ 27-2013 ADM CODE PAINT WITH LIGHT COLORED PAINT TO THE SATISFACTION OF THIS DEPARTMENT ALL WALLS AND CEILING IN THE ENTIRE APARTMENT LOCATED AT APT 4B, 4th STORY, 1st APARTMENT FROM WEST AT NORTH",2016-05-12,19.0,VIOLATION CLOSED,05/19/2016,Original,Close,N,2016,2016.0
373,57,3018080174,8,M,,435,GATES,AVENUE,11216,435 GATES AVENUE,61,ARMSTRONG I,2/12/20,BROOKLYN,371,both,11228757,299413,389239.0,3,3322227.0,435,435,435,GATES AVENUE,A,2016-05-09,2016-05-12,08/29/2016,08/15/2016,,,,502.0,5428380.0,"§ 27-2005 ADM CODE PROPERLY REPAIR WITH SIMILAR MATERIAL THE BROKEN OR DEFECTIVE WOOD DOOR IN THE ENTRANCE IN THE 3rd ROOM FROM EAST LOCATED AT APT 4B, 4th STORY, 1st APARTMENT FROM WEST AT NORTH",2016-05-12,19.0,VIOLATION CLOSED,05/19/2016,Original,Close,N,2016,2016.0
374,57,3018080174,8,M,,435,GATES,AVENUE,11216,435 GATES AVENUE,61,ARMSTRONG I,2/12/20,BROOKLYN,371,both,11228767,299413,389239.0,3,3322227.0,435,435,435,GATES AVENUE,A,2016-05-09,2016-05-18,09/05/2016,08/22/2016,,,,501.0,5432823.0,"§ 27-2005 ADM CODE PROPERLY REPAIR THE BROKEN OR DEFECTIVE BELL/BUZZER, INTERCOM FROM BUILDING ENTRANCE TO APARTMENT LOCATED AT APT 4B, 4th STORY, 1st APARTMENT FROM WEST AT NORTH",2016-05-19,19.0,VIOLATION CLOSED,05/19/2016,Original,Close,N,2016,2016.0
375,57,3018080174,8,M,,435,GATES,AVENUE,11216,435 GATES AVENUE,61,ARMSTRONG I,2/12/20,BROOKLYN,371,both,11228772,299413,389239.0,3,3322227.0,435,435,435,GATES AVENUE,C,2016-05-09,2016-05-18,06/21/2016,06/16/2016,,,,790.0,5432825.0,"§ 27-2043.1 HMC INSTALL THE MISSING OR REPAIR/REPLACE THE DEFECTIVE WINDOW GUARD(S) IN ACCORDANCE WITH THE SPECIFICATIONS OF THE NEW YORK CITY HEALTH CODE SECTION 24 RCNY CHAPTER 12. WG TO INSTALL = 1; WG TO REPLACE = 0; WG TO REPAIR = 0; LOCATED AT APT 4B, 4th STORY, 1st APARTMENT FROM WEST AT NORTH",2016-05-19,19.0,VIOLATION CLOSED,05/19/2016,Original,Close,N,2016,2016.0
394,57,3018080174,8,M,,435,GATES,AVENUE,11216,435 GATES AVENUE,61,ARMSTRONG I,2/12/20,BROOKLYN,371,both,11228819,299413,389239.0,3,3322227.0,435,435,435,GATES AVENUE,B,2016-05-09,2016-05-18,07/07/2016,06/23/2016,,,,526.0,5432824.0,"§ 27-2005, 2007 ADM CODE REMOVE THE ILLEGAL FASTENING SLIDE BOLT CAPABLE FOR BEEING PADLOCKED INSTALLED AT DOOR IN THE ENTRANCE LOCATED AT APT 4B, 4th STORY, 1st APARTMENT FROM WEST AT NORTH",2016-05-19,19.0,VIOLATION CLOSED,05/19/2016,Original,Close,Y,2016,2016.0
395,57,3018080174,8,M,,435,GATES,AVENUE,11216,435 GATES AVENUE,61,ARMSTRONG I,2/12/20,BROOKLYN,371,both,11228824,299413,389239.0,3,3322227.0,435,435,435,GATES AVENUE,B,2016-05-09,2016-05-18,07/07/2016,06/23/2016,,,,502.0,5432824.0,"§ 27-2005 ADM CODE PROPERLY REPAIR WITH SIMILAR MATERIAL THE BROKEN OR DEFECTIVE CERAMIC TILES AT FLOOR IN THE BATHROOM LOCATED AT APT 4B, 4th STORY, 1st APARTMENT FROM WEST AT NORTH",2016-05-19,19.0,VIOLATION CLOSED,05/19/2016,Original,Close,N,2016,2016.0
396,57,3018080174,8,M,,435,GATES,AVENUE,11216,435 GATES AVENUE,61,ARMSTRONG I,2/12/20,BROOKLYN,371,both,11228829,299413,389239.0,3,3322227.0,435,435,435,GATES AVENUE,B,2016-05-09,2016-05-18,07/07/2016,06/23/2016,,,,649.0,5432824.0,"§ 27-2026 ADM CODE REMOVE ALL OBSTRUCTIONS AND REPAIR ALL DEFECTS IN WASTE LINE AT WASHBASIN IN THE BATHROOM LOCATED AT APT 4B, 4th STORY, 1st APARTMENT FROM WEST AT NORTH",2016-05-19,19.0,VIOLATION CLOSED,05/19/2016,Original,Close,Y,2016,2016.0
456,70,3018080162,9,M,,469,GATES,AVENUE,11216,469 GATES AVENUE,74,ARMSTRONG I,2/12/20,BROOKLYN,371,both,11106021,299435,821674.0,3,3050916.0,469,469,469,GATES AVENUE,A,2016-02-06,2016-02-11,05/31/2016,05/17/2016,,,,801.0,5363189.0,"§ 27-2005 ADMIN. CODE: PROPERLY REPAIR THE BROKEN OR DEFECTIVE ENTRANCE DOOR IN THE 1st ROOM FROM NORTH AT WEST LOCATED AT APT B, 2nd STORY, 1st APARTMENT FROM SOUTH AT WEST",2016-02-12,19.0,VIOLATION CLOSED,05/15/2022,Original,Close,N,2016,2016.0
457,70,3018080162,9,M,,469,GATES,AVENUE,11216,469 GATES AVENUE,74,ARMSTRONG I,2/12/20,BROOKLYN,371,both,11106011,299435,821674.0,3,3050916.0,469,469,469,GATES AVENUE,B,2016-02-06,2016-02-07,03/28/2016,03/14/2016,,,,949.0,5359777.0,"§ 27-2026 ADMIN. CODE: REMOVE ALL OBSTRUCTIONS AND REPAIR ALL DEFECTS IN THE DRAIN IN THE FOYER LOCATED AT APT B, 1st STORY, 1st APARTMENT FROM SOUTH AT WEST",2016-02-08,9.0,VIOLATION DISMISSED,05/15/2022,Original,Close,N,2016,2016.0
458,70,3018080162,9,M,,469,GATES,AVENUE,11216,469 GATES AVENUE,74,ARMSTRONG I,2/12/20,BROOKLYN,371,both,11106031,299435,821674.0,3,3050916.0,469,469,469,GATES AVENUE,A,2016-02-06,2016-02-07,05/27/2016,05/13/2016,,,,801.0,5359776.0,"§ 27-2005 ADMIN. CODE: PROPERLY REPAIR THE BROKEN OR DEFECTIVE BANISTER AT PUBLIC HALL, 1st STORY",2016-02-08,19.0,VIOLATION CLOSED,05/15/2022,Original,Close,N,2016,2016.0
651,84,3018090001,4,M,,775,MARCY,AVENUE,11216,775 MARCY AVENUE,88,ARMSTRONG II,2/12/20,BROOKLYN,248,both,5327887,808795,389260.0,3,3322228.0,775,775,775,MARCY AVENUE,B,2005-01-31,2005-02-01,10/18/2007,10/04/2007,,,,502.0,3078247.0,§ 27-2005 ADM CODE PROPERLY REPAIR WITH SIMILAR MATERIAL THE BROKEN OR DEFECTIVE CERAMIC TILES AT FLOOR IN THE 1st BATHROOM FROM NORTH AT WEST LOCATED AT APT 1A,2007-08-30,19.0,VIOLATION CLOSED,04/18/2022,Reissued,Close,N,2005,2007.0
652,84,3018090001,4,M,,775,MARCY,AVENUE,11216,775 MARCY AVENUE,88,ARMSTRONG II,2/12/20,BROOKLYN,248,both,5328707,808795,389260.0,3,3322228.0,775,775,775,MARCY AVENUE,B,2005-01-31,2005-02-01,10/18/2007,10/04/2007,,,,566.0,3078247.0,§ 27-2018 ADM CODE ABATE THE NUISANCE CONSISTING OF VERMIN ROACHES IN THE ENTIRE APARTMENT LOCATED AT APT 1A,2007-08-30,19.0,VIOLATION CLOSED,04/18/2022,Reissued,Close,N,2005,2007.0
653,84,3018090001,4,M,,775,MARCY,AVENUE,11216,775 MARCY AVENUE,88,ARMSTRONG II,2/12/20,BROOKLYN,248,both,5328715,808795,389260.0,3,3322228.0,775,775,775,MARCY AVENUE,C,2005-01-31,2005-02-01,09/10/2007,09/05/2007,,,,672.0,3078248.0,§ 27-2033 ADM CODE PROVIDE READY ACCESS TO BUILDINGS HEATING SYSTEM ; DOOR LOCKED AT CELLAR,2007-08-30,19.0,VIOLATION CLOSED,08/15/2022,Reissued,Close,N,2005,2007.0
654,84,3018090001,4,M,,775,MARCY,AVENUE,11216,775 MARCY AVENUE,88,ARMSTRONG II,2/12/20,BROOKLYN,248,both,5328717,808795,389260.0,3,3322228.0,775,775,775,MARCY AVENUE,A,2005-01-31,2005-02-01,12/17/2007,12/03/2007,,,,529.0,3078246.0,"§ 27-2005 ADM CODE REFIT VESTIBULE DOOR AT PUBLIC HALL, 1st STORY",2007-08-30,19.0,VIOLATION CLOSED,04/11/2022,Reissued,Close,N,2005,2007.0
655,84,3018090001,4,M,,775,MARCY,AVENUE,11216,775 MARCY AVENUE,88,ARMSTRONG II,2/12/20,BROOKLYN,248,both,5328721,808795,389260.0,3,3322228.0,775,775,775,MARCY AVENUE,B,2005-01-31,2005-02-01,10/18/2007,10/04/2007,,,,501.0,3078247.0,"§ 27-2005 ADM CODE PROPERLY REPAIR THE BROKEN OR DEFECTIVE ENTRANCE DOOR IN THE 1st ROOM FROM EAST LOCATED AT APT 1A, 1st STORY, APARTMENT AT NORTH",2007-08-30,19.0,VIOLATION CLOSED,04/18/2022,Reissued,Close,N,2005,2007.0
656,84,3018090001,4,M,,775,MARCY,AVENUE,11216,775 MARCY AVENUE,88,ARMSTRONG II,2/12/20,BROOKLYN,248,both,5328723,808795,389260.0,3,3322228.0,775,775,775,MARCY AVENUE,A,2005-01-31,2005-02-01,12/17/2007,12/03/2007,,,,529.0,3078246.0,"§ 27-2005 ADM CODE REFIT LOWER SASH WINDOW IN THE 3rd ROOM FROM NORTH AT WEST LOCATED AT APT 1A, 1st STORY, APARTMENT AT NORTH",2007-08-30,19.0,VIOLATION CLOSED,04/18/2022,Reissued,Close,N,2005,2007.0
657,84,3018090001,4,M,,775,MARCY,AVENUE,11216,775 MARCY AVENUE,88,ARMSTRONG II,2/12/20,BROOKLYN,248,both,5328728,808795,389260.0,3,3322228.0,775,775,775,MARCY AVENUE,B,2005-01-31,2005-02-01,10/18/2007,10/04/2007,,,,579.0,3078247.0,"§ 27-2026 ADM CODE REPAIR THE LEAKY AND/OR DEFECTIVE FAUCETS AT WASH BASIN IN THE 1st BATHROOM FROM NORTH AT EAST LOCATED AT APT 1A, 1st STORY, APARTMENT AT NORTH",2007-08-30,19.0,VIOLATION CLOSED,04/18/2022,Reissued,Close,N,2005,2007.0
658,84,3018090001,4,M,,775,MARCY,AVENUE,11216,775 MARCY AVENUE,88,ARMSTRONG II,2/12/20,BROOKLYN,248,both,5327966,808795,389260.0,3,3322228.0,775,775,775,MARCY AVENUE,B,2005-01-31,2005-02-01,10/18/2007,10/04/2007,,,,508.0,3078247.0,§ 27-2005 ADM CODE REPAIR THE BROKEN OR DEFECTIVE PLASTERED SURFACES AND PAINT IN A UNIFORM COLOR AT EAST WALL IN THE 1st BATHROOM FROM NORTH AT WEST LOCATED AT APT 1A,2007-08-30,19.0,VIOLATION CLOSED,04/18/2022,Reissued,Close,N,2005,2007.0
659,84,3018090001,4,M,,775,MARCY,AVENUE,11216,775 MARCY AVENUE,88,ARMSTRONG II,2/12/20,BROOKLYN,248,both,5328706,808795,389260.0,3,3322228.0,775,775,775,MARCY AVENUE,B,2005-01-31,2005-02-01,10/18/2007,10/04/2007,,,,566.0,3078247.0,§ 27-2018 ADM CODE ABATE THE NUISANCE CONSISTING OF VERMIN MICE IN THE ENTIRE APARTMENT LOCATED AT APT 1A,2007-08-30,19.0,VIOLATION CLOSED,04/18/2022,Reissued,Close,N,2005,2007.0
660,84,3018090001,4,M,,775,MARCY,AVENUE,11216,775 MARCY AVENUE,88,ARMSTRONG II,2/12/20,BROOKLYN,248,both,5328710,808795,389260.0,3,3322228.0,775,775,775,MARCY AVENUE,C,2005-01-31,2005-02-01,09/10/2007,09/05/2007,,,,670.0,3078248.0,§ 27-2031 ADM CODE PROVIDE HOT WATER AT ALL HOT WATER FIXTURES IN THE ENTIRE APARTMENT LOCATED AT APT 1A,2007-08-30,19.0,VIOLATION CLOSED,04/21/2022,Reissued,Close,Y,2005,2007.0
705,87,3018090062,5,M,,499,GATES,AVENUE,11216,499 GATES AVENUE,91,ARMSTRONG II,2/12/20,BROOKLYN,248,both,12670148,299458,392558.0,3,3322236.0,499,499,499,GATES AVENUE,I,2018-10-17,2018-10-17,,,,,,780.0,,"§27-2107 ADM CODE OWNER FAILED TO FILE A VALID REGISTRATION STATEMENT WITH THE DEPARTMENT AS REQUIRED BY ADM CODE §27-2097 AND IS THEREFORE SUBJECT TO CIVIL PENALTIES, PROHIBITED FROM CERTIFYING VIOLATIONS, AND DENIED THE RIGHT TO RECOVER POSSESSION OF PREMISES FOR NONPAYMENT OF RENT UNTIL A VALID REGISTRATION STATEMENT IS FILED.",,9.0,VIOLATION DISMISSED,01/16/2019,,Close,N,2018,
706,87,3018090062,5,M,,499,GATES,AVENUE,11216,499 GATES AVENUE,91,ARMSTRONG II,2/12/20,BROOKLYN,248,both,10573864,299458,392558.0,3,3322236.0,499,499,499,GATES AVENUE,I,2015-02-20,2015-02-20,,,,,,780.0,,"§27-2107 ADM CODE OWNER FAILED TO FILE A VALID REGISTRATION STATEMENT WITH THE DEPARTMENT AS REQUIRED BY ADM CODE §27-2097 AND IS THEREFORE SUBJECT TO CIVIL PENALTIES, PROHIBITED FROM CERTIFYING VIOLATIONS, AND DENIED THE RIGHT TO RECOVER POSSESSION OF PREMISES FOR NONPAYMENT OF RENT UNTIL A VALID REGISTRATION STATEMENT IS FILED.",,9.0,VIOLATION DISMISSED,01/16/2019,,Close,N,2015,
707,87,3018090062,5,M,,499,GATES,AVENUE,11216,499 GATES AVENUE,91,ARMSTRONG II,2/12/20,BROOKLYN,248,both,10930366,299458,392558.0,3,3322236.0,499,499,499,GATES AVENUE,I,2015-10-09,2015-10-09,,,,,,780.0,,"§27-2107 ADM CODE OWNER FAILED TO FILE A VALID REGISTRATION STATEMENT WITH THE DEPARTMENT AS REQUIRED BY ADM CODE §27-2097 AND IS THEREFORE SUBJECT TO CIVIL PENALTIES, PROHIBITED FROM CERTIFYING VIOLATIONS, AND DENIED THE RIGHT TO RECOVER POSSESSION OF PREMISES FOR NONPAYMENT OF RENT UNTIL A VALID REGISTRATION STATEMENT IS FILED.",,9.0,VIOLATION DISMISSED,01/16/2019,,Close,N,2015,
708,87,3018090062,5,M,,499,GATES,AVENUE,11216,499 GATES AVENUE,91,ARMSTRONG II,2/12/20,BROOKLYN,248,both,11497624,299458,392558.0,3,3322236.0,499,499,499,GATES AVENUE,I,2016-11-09,2016-11-09,,,,,,780.0,,"§27-2107 ADM CODE OWNER FAILED TO FILE A VALID REGISTRATION STATEMENT WITH THE DEPARTMENT AS REQUIRED BY ADM CODE §27-2097 AND IS THEREFORE SUBJECT TO CIVIL PENALTIES, PROHIBITED FROM CERTIFYING VIOLATIONS, AND DENIED THE RIGHT TO RECOVER POSSESSION OF PREMISES FOR NONPAYMENT OF RENT UNTIL A VALID REGISTRATION STATEMENT IS FILED.",,9.0,VIOLATION DISMISSED,01/16/2019,,Close,N,2016,
709,87,3018090062,5,M,,499,GATES,AVENUE,11216,499 GATES AVENUE,91,ARMSTRONG II,2/12/20,BROOKLYN,248,both,12092447,299458,392558.0,3,3322236.0,499,499,499,GATES AVENUE,I,2017-11-22,2017-11-22,,,,,,780.0,,"§27-2107 ADM CODE OWNER FAILED TO FILE A VALID REGISTRATION STATEMENT WITH THE DEPARTMENT AS REQUIRED BY ADM CODE §27-2097 AND IS THEREFORE SUBJECT TO CIVIL PENALTIES, PROHIBITED FROM CERTIFYING VIOLATIONS, AND DENIED THE RIGHT TO RECOVER POSSESSION OF PREMISES FOR NONPAYMENT OF RENT UNTIL A VALID REGISTRATION STATEMENT IS FILED.",,9.0,VIOLATION DISMISSED,01/16/2019,,Close,N,2017,
932,110,3040290001,2,M,,418,JEROME,STREET,11207,418 JEROME STREET,115,BELMONT-SUTTER AREA,12/28/21,BROOKLYN,72,both,12249864,808609,389831.0,3,3323715.0,418,418,426,JEROME STREET,B,2018-02-20,2018-02-21,04/12/2018,03/29/2018,,,,568.0,6023213.0,"§ 27-2018 ADMIN. CODE: ABATE THE NUISANCE CONSISTING OF ROACHES IN THE ENTIRE APARTMENT LOCATED AT APT 3C, 3rd STORY, 1st APARTMENT FROM SOUTH AT WEST",2018-02-22,19.0,VIOLATION CLOSED,03/15/2018,Original,Close,N,2018,2018.0
933,110,3040290001,2,M,,418,JEROME,STREET,11207,418 JEROME STREET,115,BELMONT-SUTTER AREA,12/28/21,BROOKLYN,72,both,12249978,808609,389831.0,3,3323715.0,418,418,426,JEROME STREET,A,2018-02-20,2018-02-21,06/11/2018,05/28/2018,,,,700.0,6023212.0,"§ 27-2045 ADM CODE POST A PROPER NOTICE OF SMOKE DETECTOR REQUIREMENTS, IN A FORM APPROVED BY THE COMMISSIONER, AT OR NEAR THE MAIL BOX MISSING AT PUBLIC HALL, 1st STORY",2018-02-22,19.0,VIOLATION CLOSED,03/15/2018,Original,Close,N,2018,2018.0
934,110,3040290001,2,M,,418,JEROME,STREET,11207,418 JEROME STREET,115,BELMONT-SUTTER AREA,12/28/21,BROOKLYN,72,both,12249984,808609,389831.0,3,3323715.0,418,418,426,JEROME STREET,A,2018-02-20,2018-02-21,06/11/2018,05/28/2018,,,,722.0,6023212.0,"§ 27-2053 ADM CODE POST SIGN ON WALL OF ENTRANCE STORY BEARING NAME, ADDRESS INCLUDING APARTMENT NUMBER IF ANY, AND TELEPHONE NUMBER OF SUPERINTENDENT, JANITOR OR HOUSEKEEPER. AT PUBLIC HALL, 1st STORY",2018-02-22,19.0,VIOLATION CLOSED,03/15/2018,Original,Close,N,2018,2018.0
947,110,3040290001,2,M,,418,JEROME,STREET,11207,418 JEROME STREET,115,BELMONT-SUTTER AREA,12/28/21,BROOKLYN,72,both,12249862,808609,389831.0,3,3323715.0,418,418,426,JEROME STREET,B,2018-02-20,2018-02-21,04/12/2018,03/29/2018,,,,569.0,6023213.0,"§ 27-2018 ADMIN. CODE: ABATE THE NUISANCE CONSISTING OF MICE IN THE ENTIRE APARTMENT LOCATED AT APT 3C, 3rd STORY, 1st APARTMENT FROM SOUTH AT WEST",2018-02-22,19.0,VIOLATION CLOSED,03/15/2018,Original,Close,N,2018,2018.0
948,110,3040290001,2,M,,418,JEROME,STREET,11207,418 JEROME STREET,115,BELMONT-SUTTER AREA,12/28/21,BROOKLYN,72,both,12249888,808609,389831.0,3,3323715.0,418,418,426,JEROME STREET,B,2018-02-20,2018-02-21,04/12/2018,03/29/2018,,,,508.0,6023213.0,"§ 27-2005 ADM CODE REPAIR THE BROKEN OR DEFECTIVE PLASTERED SURFACES AND PAINT IN A UNIFORM COLOR EAST AND SOUTH WALL IN THE BATHROOM LOCATED AT APT 3C, 3rd STORY, 1st APARTMENT FROM SOUTH AT WEST",2018-02-22,19.0,VIOLATION CLOSED,03/15/2018,Original,Close,N,2018,2018.0
949,110,3040290001,2,M,,418,JEROME,STREET,11207,418 JEROME STREET,115,BELMONT-SUTTER AREA,12/28/21,BROOKLYN,72,both,12249981,808609,389831.0,3,3323715.0,418,418,426,JEROME STREET,C,2018-02-20,2018-02-21,03/07/2018,03/02/2018,,,,671.0,6023214.0,"§ 27-2033 ADM CODE POST NOTICE, IN FORM APPROVED BY THE DEPARTMENT, STATING THE NAME AND LOCATION OF THE PERSON DESIGNATED BY THE OWNER TO HAVE KEY TO BUILDINGS HEATING SYSTEM MISSING AT PUBLIC HALL, 1st STORY",2018-02-22,19.0,VIOLATION CLOSED,03/15/2018,Original,Close,N,2018,2018.0
950,110,3040290001,2,M,,418,JEROME,STREET,11207,418 JEROME STREET,115,BELMONT-SUTTER AREA,12/28/21,BROOKLYN,72,both,12249988,808609,389831.0,3,3323715.0,418,418,426,JEROME STREET,A,2018-02-20,2018-02-21,06/11/2018,05/28/2018,,,,778.0,6023212.0,"§ 27-2104 ADM CODE POST AND MAINTAIN A PROPER SIGN ON WALL OF ENTRANCE STORY SHOWING THE REGISTRATION NUMBER ASSIGNED BY THE DEPARTMENT AND THE ADDRESS OF THE BUILDING. AT PUBLIC HALL, 1st STORY",2018-02-22,19.0,VIOLATION CLOSED,03/15/2018,Original,Close,N,2018,2018.0
958,110,3040290001,2,M,,418,JEROME,STREET,11207,418 JEROME STREET,115,BELMONT-SUTTER AREA,12/28/21,BROOKLYN,72,both,12249896,808609,389831.0,3,3323715.0,418,418,426,JEROME STREET,B,2018-02-20,2018-02-21,04/12/2018,03/29/2018,,,,550.0,6023213.0,"§ 27-2005 HMC:TRACE AND REPAIR THE SOURCE AND ABATE THE NUISANCE CONSISTING OF MOLD ... AT CEILING APPROX.8 SQ.FT. IN THE BATHROOM LOCATED AT APT 3C, 3rd STORY, 1st APARTMENT FROM SOUTH AT WEST",2018-02-22,19.0,VIOLATION CLOSED,03/15/2018,Original,Close,N,2018,2018.0
959,110,3040290001,2,M,,418,JEROME,STREET,11207,418 JEROME STREET,115,BELMONT-SUTTER AREA,12/28/21,BROOKLYN,72,both,12249948,808609,389831.0,3,3323715.0,418,418,426,JEROME STREET,B,2018-02-20,2018-02-21,04/12/2018,03/29/2018,,,,508.0,6023213.0,"§ 27-2005 ADM CODE REPAIR THE BROKEN OR DEFECTIVE PLASTERED SURFACES AND PAINT IN A UNIFORM COLOR CEILING IN THE 1st ROOM FROM EAST AT SOUTH LOCATED AT APT 3C, 3rd STORY, 1st APARTMENT FROM SOUTH AT WEST",2018-02-22,19.0,VIOLATION CLOSED,03/15/2018,Original,Close,N,2018,2018.0
960,110,3040290001,2,M,,418,JEROME,STREET,11207,418 JEROME STREET,115,BELMONT-SUTTER AREA,12/28/21,BROOKLYN,72,both,12249952,808609,389831.0,3,3323715.0,418,418,426,JEROME STREET,A,2018-02-20,2018-02-21,06/11/2018,05/28/2018,,,,484.0,6023212.0,"§ 329, M/D LAW AND DEPT. RULES AND REGS. PROVIDE A COMPLETED CERTIFICATE OF INSPECTION VISITS IN A PROPER FRAME AT OR NEAR MAILBOXES, BOTTOM EDGE OF FRAME BETWEEN 48-62 INCHES ABOVE FLOOR MISSING AT PUBLIC HALL, 1st STORY",2018-02-22,19.0,VIOLATION CLOSED,03/15/2018,Original,Close,N,2018,2018.0
961,110,3040290001,2,M,,418,JEROME,STREET,11207,418 JEROME STREET,115,BELMONT-SUTTER AREA,12/28/21,BROOKLYN,72,both,12249964,808609,389831.0,3,3323715.0,418,418,426,JEROME STREET,A,2018-02-20,2018-02-21,06/11/2018,05/28/2018,,,,1501.0,6023212.0,"§ 27-2046.1 HMC: POST A PROPER NOTICE OF CARBON MONOXIDE DETECTING DEVICE REQUIREMENTS, IN A FORM APPROVED BY THE COMMISSIONER, IN A COMMON AREA OF A CLASS A MULTIPLE DWELLING NEAR INSPECTION CERTIFICATE OR PROVIDE NOTICE TO TENANTS IN A PRIVATE DWELLING. AT PUBLIC HALL, 1st STORY",2018-02-22,19.0,VIOLATION CLOSED,03/15/2018,Original,Close,N,2018,2018.0
1008,151,3021570006,4,M,SOUTH,84,10,STREET,11249,84 SOUTH 10 STREET,159,BERRY STREET-SOUTH 9TH STREET,2/12/20,BROOKLYN,150,both,11238561,372689,389445.0,3,3255977.0,84,74,84,SOUTH 10 STREET,B,2016-05-17,2016-05-18,07/07/2016,06/23/2016,,,,868.0,5432894.0,"§ 27-2018 ADMIN. CODE: ABATE THE NUISANCE CONSISTING OF ROACHES IN THE ENTIRE APARTMENT LOCATED AT APT 2B, 2nd STORY",2016-05-19,19.0,VIOLATION CLOSED,09/01/2023,Original,Close,N,2016,2016.0
1018,151,3021570006,4,M,SOUTH,84,10,STREET,11249,84 SOUTH 10 STREET,159,BERRY STREET-SOUTH 9TH STREET,2/12/20,BROOKLYN,150,both,3445490,372689,389445.0,3,3255977.0,84,74,84,SOUTH 10 STREET,B,2000-03-29,2000-03-31,05/18/2000,05/13/2000,,,,510.0,1431204.0,"§ 27-2005 ADM CODE & 309 M/D LAW ABATE THE NUISANCE CONSISTING OF DAMPNESS PENETRATING CEILING IN THE BATHROOM LOCATED AT APT 2B, 2nd STORY",2000-04-03,19.0,VIOLATION CLOSED,09/01/2023,Original,Close,N,2000,2000.0
1062,155,2022690100,1,M,,400,BROOK,AVENUE,10454,400 BROOK AVENUE,163,BETANCES I,11/16/18,BRONX,309,both,12549371,806340,227971.0,2,2090994.0,400,400,404,BROOK AVENUE,B,2018-08-24,2018-08-28,10/17/2018,10/03/2018,,,,502.0,6178045.0,"§ 27-2005 ADM CODE PROPERLY REPAIR WITH SIMILAR MATERIAL THE BROKEN OR DEFECTIVE VINYL FLOOR TILES IN THE KITCHEN LOCATED AT APT 8G, 8th STORY, 1st APARTMENT FROM WEST AT NORTH",2018-08-29,19.0,VIOLATION CLOSED,09/06/2018,Original,Close,N,2018,2018.0
1076,155,2022690100,1,M,,400,BROOK,AVENUE,10454,400 BROOK AVENUE,163,BETANCES I,11/16/18,BRONX,309,both,12352796,806340,227971.0,2,2090994.0,400,400,404,BROOK AVENUE,C,2018-04-24,2018-04-26,05/10/2018,05/05/2018,,,,505.0,6075783.0,"§ 27-2005 ADM CODE REPLACE WITH NEW THE BROKEN OR DEFECTIVE UPPER SASH WINDOW GLASS IN THE KITCHEN LOCATED AT APT 8A, 8th STORY, 3rd APARTMENT FROM EAST AT SOUTH",2018-04-27,19.0,VIOLATION CLOSED,06/12/2018,Original,Close,N,2018,2018.0
1077,155,2022690100,1,M,,400,BROOK,AVENUE,10454,400 BROOK AVENUE,163,BETANCES I,11/16/18,BRONX,309,both,12549253,806340,227971.0,2,2090994.0,400,400,404,BROOK AVENUE,B,2018-08-24,2018-08-28,10/17/2018,10/03/2018,,,,508.0,6178045.0,"§ 27-2005 ADM CODE REPAIR THE BROKEN OR DEFECTIVE PLASTERED SURFACES AND PAINT IN A UNIFORM COLOR AT WEST WALL IN THE BATHROOM LOCATED AT APT 8G, 8th STORY, 1st APARTMENT FROM WEST AT NORTH",2018-08-29,19.0,VIOLATION CLOSED,09/06/2018,Original,Close,N,2018,2018.0
1078,155,2022690100,1,M,,400,BROOK,AVENUE,10454,400 BROOK AVENUE,163,BETANCES I,11/16/18,BRONX,309,both,12549308,806340,227971.0,2,2090994.0,400,400,404,BROOK AVENUE,B,2018-08-24,2018-08-28,10/17/2018,10/03/2018,,,,550.0,6178046.0,"§ 27-2005 HMC:TRACE AND REPAIR THE SOURCE AND ABATE THE NUISANCE CONSISTING OF MOLD ... AT CEILING IN THE BATHROOM LOCATED AT APT 8G, 8th STORY, 1st APARTMENT FROM WEST AT NORTH",2018-08-29,19.0,VIOLATION CLOSED,12/29/2020,Original,Close,N,2018,2018.0
1079,155,2022690100,1,M,,400,BROOK,AVENUE,10454,400 BROOK AVENUE,163,BETANCES I,11/16/18,BRONX,309,both,12549346,806340,227971.0,2,2090994.0,400,400,404,BROOK AVENUE,B,2018-08-24,2018-08-28,10/17/2018,10/03/2018,,,,508.0,6178045.0,"§ 27-2005 ADM CODE REPAIR THE BROKEN OR DEFECTIVE PLASTERED SURFACES AND PAINT IN A UNIFORM COLOR AT EAST WALL IN THE 1st ROOM FROM NORTH AT WEST LOCATED AT APT 8G, 8th STORY, 1st APARTMENT FROM WEST AT NORTH",2018-08-29,19.0,VIOLATION CLOSED,09/06/2018,Original,Close,N,2018,2018.0
1080,155,2022690100,1,M,,400,BROOK,AVENUE,10454,400 BROOK AVENUE,163,BETANCES I,11/16/18,BRONX,309,both,12549407,806340,227971.0,2,2090994.0,400,400,404,BROOK AVENUE,B,2018-08-24,2018-08-28,10/17/2018,10/03/2018,,,,530.0,6178045.0,"§ 27-2005, 2007, 204.1 HMC CODE: ARRANGE AND MAKE SELF-CLOSING THE DOORS AT APARTMENT IN THE ENTRANCE LOCATED AT APT 8G, 8th STORY, 1st APARTMENT FROM WEST AT NORTH",2018-08-29,19.0,VIOLATION CLOSED,09/06/2018,Original,Close,N,2018,2018.0
1081,155,2022690100,1,M,,400,BROOK,AVENUE,10454,400 BROOK AVENUE,163,BETANCES I,11/16/18,BRONX,309,both,12549439,806340,227971.0,2,2090994.0,400,400,404,BROOK AVENUE,B,2018-08-24,2018-08-28,10/17/2018,10/03/2018,,,,502.0,6178045.0,"§ 27-2005 ADM CODE PROPERLY REPAIR WITH SIMILAR MATERIAL THE BROKEN OR DEFECTIVE FLOOR TILES IN THE 1st ROOM FROM NORTH AT WEST LOCATED AT APT 8G, 8th STORY, 1st APARTMENT FROM WEST AT NORTH",2018-08-29,19.0,VIOLATION CLOSED,09/06/2018,Original,Close,N,2018,2018.0
1391,178,2022810010,2,M,EAST,416,137,STREET,10454,416 EAST 137 STREET,186,"BETANCES II, 18",11/16/18,BRONX,78,both,484203,62691,227962.0,2,2091008.0,416,406,424,EAST 137 STREET,B,1983-12-22,1983-12-22,03/12/1984,03/05/1984,,,,508.0,162338.0,"D26-10.01 ADM CODE REPAIR THE BROKEN OR DEFECTIVE PLASTERED SURFACES AND PAINT IN A UNIFORM COLOR CLG 1ST STY REAR SOUTH APT 4F BATHROOM. , SECTION '' ''",1984-01-16,19.0,VIOLATION CLOSED,07/17/2020,Original,Close,N,1983,1984.0
1401,178,2022810010,2,M,EAST,416,137,STREET,10454,416 EAST 137 STREET,186,"BETANCES II, 18",11/16/18,BRONX,78,both,10116042,62691,227962.0,2,2091008.0,416,406,424,EAST 137 STREET,A,2014-01-29,2014-01-30,05/20/2014,05/06/2014,,,,556.0,4770420.0,"§ 27-2013 ADM CODE PAINT WITH LIGHT COLORED PAINT TO THE SATISFACTION OF THIS DEPARTMENT ALL PEELING PAINT SURFACES IN THE 3rd ROOM FROM EAST, THE 1st BATHROOM , THE 2nd ROOM FROM EAST AT NORTH, THE 1st ROOM FROM EAST AT NORTH, THE 1st ROOM FROM EAST AT SOUTH, THE PRIVATE HALLWAY LOCATED AT APT 1G, 1st STORY, 4th APARTMENT FROM WEST AT NORTH",2014-01-31,19.0,VIOLATION CLOSED,07/17/2020,Original,Close,N,2014,2014.0
1722,217,2022720005,1,M,EAST,521,146,STREET,10455,521 EAST 146 STREET,205,BETANCES IV,11/16/18,BRONX,282,both,3821551,806502,227351.0,2,2090712.0,521,521,523,EAST 146 STREET,A,2001-05-02,2001-05-02,08/21/2001,08/16/2001,,,,772.0,1661457.0,§ 27-2098 ADM CODE FILE WITH THIS DEPARTMENT A REGISTRATION STATEMENT FOR BUILDING.,2001-05-08,9.0,VIOLATION DISMISSED,03/10/2015,Original,Close,Y,2001,2001.0
1727,217,2022720005,1,M,EAST,521,146,STREET,10455,521 EAST 146 STREET,205,BETANCES IV,11/16/18,BRONX,282,both,10601032,806502,227351.0,2,2090712.0,521,521,523,EAST 146 STREET,I,2015-03-02,2015-03-02,,,,,,780.0,,"§27-2107 ADM CODE OWNER FAILED TO FILE A VALID REGISTRATION STATEMENT WITH THE DEPARTMENT AS REQUIRED BY ADM CODE §27-2097 AND IS THEREFORE SUBJECT TO CIVIL PENALTIES, PROHIBITED FROM CERTIFYING VIOLATIONS, AND DENIED THE RIGHT TO RECOVER POSSESSION OF PREMISES FOR NONPAYMENT OF RENT UNTIL A VALID REGISTRATION STATEMENT IS FILED.",,9.0,VIOLATION DISMISSED,08/18/2015,,Close,N,2015,
1771,218,2022720005,2,M,EAST,525,146,STREET,10455,525 EAST 146 STREET,205,BETANCES IV,11/16/18,BRONX,282,both,10601034,806503,227352.0,2,2090713.0,525,525,527,EAST 146 STREET,I,2015-03-02,2015-03-02,,,,,,780.0,,"§27-2107 ADM CODE OWNER FAILED TO FILE A VALID REGISTRATION STATEMENT WITH THE DEPARTMENT AS REQUIRED BY ADM CODE §27-2097 AND IS THEREFORE SUBJECT TO CIVIL PENALTIES, PROHIBITED FROM CERTIFYING VIOLATIONS, AND DENIED THE RIGHT TO RECOVER POSSESSION OF PREMISES FOR NONPAYMENT OF RENT UNTIL A VALID REGISTRATION STATEMENT IS FILED.",,9.0,VIOLATION DISMISSED,08/18/2015,,Close,N,2015,
2287,249,2052630070,4,M,,2175,REEDS MILL,LANE,10475,2175 REEDS MILL LANE,251,BOSTON SECOR,9/26/24,BRONX,235,both,9082668,806885,229055.0,2,2093877.0,2175,2175,2185,REEDS MILL LANE,A,2011-08-26,2011-08-29,12/17/2011,12/03/2011,,,,501.0,4241706.0,"§ 27-2005 ADM CODE PROPERLY REPAIR THE BROKEN OR DEFECTIVE BELL BUZZER RETURN SYSTEM AT LOBBY, 1st STORY",2011-08-30,2.0,NOV SENT OUT,08/30/2011,Original,Open,N,2011,2011.0
2288,249,2052630070,4,M,,2175,REEDS MILL,LANE,10475,2175 REEDS MILL LANE,251,BOSTON SECOR,9/26/24,BRONX,235,both,9082644,806885,229055.0,2,2093877.0,2175,2175,2185,REEDS MILL LANE,B,2011-08-26,2011-08-29,10/18/2011,10/04/2011,,,,508.0,4241707.0,"§ 27-2005 ADM CODE REPAIR THE BROKEN OR DEFECTIVE PLASTERED SURFACES AND PAINT IN A UNIFORM COLOR THE WEST WALL IN THE KITCHEN LOCATED AT APT 11F, 11th STORY, 4th APARTMENT FROM EAST AT SOUTH",2011-08-30,2.0,NOV SENT OUT,08/30/2011,Original,Open,N,2011,2011.0
2289,249,2052630070,4,M,,2175,REEDS MILL,LANE,10475,2175 REEDS MILL LANE,251,BOSTON SECOR,9/26/24,BRONX,235,both,9082649,806885,229055.0,2,2093877.0,2175,2175,2185,REEDS MILL LANE,B,2011-08-26,2011-08-29,10/18/2011,10/04/2011,,,,505.0,4241707.0,"§ 27-2005 ADM CODE REPLACE WITH NEW THE BROKEN OR DEFECTIVE BROKEN GLASS AT LOWER SASH WINDOW IN THE 4th ROOM FROM EAST AT NORTH LOCATED AT APT 11F, 11th STORY, 4th APARTMENT FROM EAST AT SOUTH",2011-08-30,2.0,NOV SENT OUT,08/30/2011,Original,Open,N,2011,2011.0
2290,249,2052630070,4,M,,2175,REEDS MILL,LANE,10475,2175 REEDS MILL LANE,251,BOSTON SECOR,9/26/24,BRONX,235,both,9082650,806885,229055.0,2,2093877.0,2175,2175,2185,REEDS MILL LANE,B,2011-08-26,2011-08-29,10/18/2011,10/04/2011,,,,501.0,4241707.0,"§ 27-2005 ADM CODE PROPERLY REPAIR THE BROKEN OR DEFECTIVE ELECTRIC OUTLET AT NORTH WALL IN THE 3rd ROOM FROM EAST AT SOUTH LOCATED AT APT 11F, 11th STORY, 4th APARTMENT FROM EAST AT SOUTH",2011-08-30,2.0,NOV SENT OUT,08/30/2011,Original,Open,N,2011,2011.0
2291,249,2052630070,4,M,,2175,REEDS MILL,LANE,10475,2175 REEDS MILL LANE,251,BOSTON SECOR,9/26/24,BRONX,235,both,9082651,806885,229055.0,2,2093877.0,2175,2175,2185,REEDS MILL LANE,A,2011-08-26,2011-08-29,12/17/2011,12/03/2011,,,,508.0,4241706.0,"§ 27-2005 ADM CODE REPAIR THE BROKEN OR DEFECTIVE PLASTERED SURFACES AND PAINT IN A UNIFORM COLOR THE NORTH WALL IN THE FOYER LOCATED AT APT 11F, 11th STORY, 4th APARTMENT FROM EAST AT SOUTH",2011-08-30,2.0,NOV SENT OUT,08/30/2011,Original,Open,N,2011,2011.0
2292,249,2052630070,4,M,,2175,REEDS MILL,LANE,10475,2175 REEDS MILL LANE,251,BOSTON SECOR,9/26/24,BRONX,235,both,9082653,806885,229055.0,2,2093877.0,2175,2175,2185,REEDS MILL LANE,A,2011-08-26,2011-08-29,12/17/2011,12/03/2011,,,,508.0,4241706.0,"§ 27-2005 ADM CODE REPAIR THE BROKEN OR DEFECTIVE PLASTERED SURFACES AND PAINT IN A UNIFORM COLOR THE EAST WALL IN THE 1st ROOM FROM EAST LOCATED AT APT 11F, 11th STORY, 4th APARTMENT FROM EAST AT SOUTH",2011-08-30,2.0,NOV SENT OUT,08/30/2011,Original,Open,N,2011,2011.0
2293,249,2052630070,4,M,,2175,REEDS MILL,LANE,10475,2175 REEDS MILL LANE,251,BOSTON SECOR,9/26/24,BRONX,235,both,9082659,806885,229055.0,2,2093877.0,2175,2175,2185,REEDS MILL LANE,A,2011-08-26,2011-08-29,12/17/2011,12/03/2011,,,,554.0,4241706.0,"§ 27-2005 ADM CODE PAINT METAL IN ACCORDANCE WITH DEPT. REGULATION THE RISER IN THE 4th ROOM FROM EAST AT NORTH LOCATED AT APT 11F, 11th STORY, 4th APARTMENT FROM EAST AT SOUTH",2011-08-30,2.0,NOV SENT OUT,08/30/2011,Original,Open,N,2011,2011.0
2294,249,2052630070,4,M,,2175,REEDS MILL,LANE,10475,2175 REEDS MILL LANE,251,BOSTON SECOR,9/26/24,BRONX,235,both,9082665,806885,229055.0,2,2093877.0,2175,2175,2185,REEDS MILL LANE,B,2011-08-26,2011-08-29,10/18/2011,10/04/2011,,,,508.0,4241707.0,"§ 27-2005 ADM CODE REPAIR THE BROKEN OR DEFECTIVE PLASTERED SURFACES AND PAINT IN A UNIFORM COLOR THE CEILING AND SOUTH WALL IN THE BATHROOM LOCATED AT APT 11F, 11th STORY, 4th APARTMENT FROM EAST AT SOUTH",2011-08-30,2.0,NOV SENT OUT,08/30/2011,Original,Open,N,2011,2011.0
2495,258,3043770001,11,M,,845,SCHENCK,AVENUE,11207,845 SCHENCK AVENUE,266,BOULEVARD,12/28/21,BROOKLYN,1441,both,9151647,809353,389845.0,3,3324162.0,845,845,857,SCHENCK AVENUE,A,2011-10-08,2011-10-09,01/29/2012,01/15/2012,,,08/27/2024,556.0,4272858.0,"§ 27-2013 ADM CODE PAINT WITH LIGHT COLORED PAINT TO THE SATISFACTION OF THIS DEPARTMENT ALL PEELING PAINT SURFACES IN THE 1st ROOM FROM EAST AT SOUTH, THE 1st ROOM FROM EAST AT NORTH, THE PRIVATE HALLWAY , THE 3rd ROOM FROM EAST, THE BATHROOM , THE KITCHEN LOCATED AT APT 3A, 3rd STORY, 1st APARTMENT FROM NORTH AT EAST",2011-10-12,19.0,VIOLATION CLOSED,12/26/2024,Original,Close,N,2011,2011.0
2634,263,3043770001,13,,,726,STANLEY,AVENUE,11207,726 STANLEY AVENUE,266,BOULEVARD,12/28/21,BROOKLYN,1441,both,11354492,809554,389849.0,3,3324277.0,726,726,740,STANLEY AVENUE,B,2016-08-16,2016-08-17,10/06/2016,09/22/2016,,,,508.0,5496231.0,"§ 27-2005 ADM CODE REPAIR THE BROKEN OR DEFECTIVE PLASTERED SURFACES AND PAINT IN A UNIFORM COLOR CEILING IN THE BATHROOM LOCATED AT APT 2A, 2nd STORY, 1st APARTMENT FROM SOUTH AT WEST",2016-08-18,19.0,VIOLATION CLOSED,12/07/2021,Original,Close,N,2016,2016.0
2637,263,3043770001,13,,,726,STANLEY,AVENUE,11207,726 STANLEY AVENUE,266,BOULEVARD,12/28/21,BROOKLYN,1441,both,11354464,809554,389849.0,3,3324277.0,726,726,740,STANLEY AVENUE,B,2016-08-16,2016-08-17,10/06/2016,09/22/2016,,,,508.0,5496231.0,"§ 27-2005 ADM CODE REPAIR THE BROKEN OR DEFECTIVE PLASTERED SURFACES AND PAINT IN A UNIFORM COLOR CEILING IN THE BATHROOM LOCATED AT APT 2A, 2nd STORY, 1st APARTMENT FROM SOUTH AT WEST",2016-08-18,19.0,VIOLATION CLOSED,12/07/2021,Original,Close,N,2016,2016.0
2640,263,3043770001,13,,,726,STANLEY,AVENUE,11207,726 STANLEY AVENUE,266,BOULEVARD,12/28/21,BROOKLYN,1441,both,11354445,809554,389849.0,3,3324277.0,726,726,740,STANLEY AVENUE,A,2016-08-16,2016-08-17,12/05/2016,11/21/2016,,,,529.0,5496230.0,"§ 27-2005 ADM CODE REFIT WINDOWS LOWER SASH IN THE KITCHEN LOCATED AT APT 2A, 2nd STORY, APARTMENT AT WEST",2016-08-18,19.0,VIOLATION CLOSED,12/07/2021,Original,Close,N,2016,2016.0
2641,263,3043770001,13,,,726,STANLEY,AVENUE,11207,726 STANLEY AVENUE,266,BOULEVARD,12/28/21,BROOKLYN,1441,both,11354461,809554,389849.0,3,3324277.0,726,726,740,STANLEY AVENUE,B,2016-08-16,2016-08-17,10/06/2016,09/22/2016,,,,583.0,5496231.0,"§ 27-2026, 2027 HMC: PROPERLY REPAIR THE SOURCE AND ABATE THE EVIDENCE OF A WATER LEAK CEILING IN THE BATHROOM LOCATED AT APT 2A, 2nd STORY, 1st APARTMENT FROM SOUTH AT WEST",2016-08-18,19.0,VIOLATION CLOSED,12/07/2021,Original,Close,N,2016,2016.0
2656,263,3043770001,13,,,726,STANLEY,AVENUE,11207,726 STANLEY AVENUE,266,BOULEVARD,12/28/21,BROOKLYN,1441,both,2282880,809554,389849.0,3,3324277.0,726,726,740,STANLEY AVENUE,C,1991-12-05,1991-12-05,01/15/1992,01/13/1992,,,,555.0,1378877.0,"§ 27-2013 ADM CODE REMOVE OR COVER IN A MANNER APPROVED BY THE DEPARTMENT THE PEELING LEAD PAINT REAR NORTHEAST ROOM NORTH WALL 4 STY NORTH APT 4C REDDED 649 2852 ER1 3391 446. , SECTION '' ''",1991-12-24,50.0,"LEAD DOCS SUBMITTED, NOT ACCEPTABLE",11/17/2025,Original,Open,N,1991,1991.0
2657,263,3043770001,13,,,726,STANLEY,AVENUE,11207,726 STANLEY AVENUE,266,BOULEVARD,12/28/21,BROOKLYN,1441,both,2282881,809554,389849.0,3,3324277.0,726,726,740,STANLEY AVENUE,C,1991-12-05,1991-12-05,01/15/1992,01/13/1992,,,,555.0,1378877.0,"§ 27-2013 ADM CODE REMOVE OR COVER IN A MANNER APPROVED BY THE DEPARTMENT THE PEELING LEAD PAINT REAR NORTHWEST ROOM NORTH WALL 4 STY NORTH APT 4C REDDED 649 2852 ER1 3391 446. , SECTION '' ''",1991-12-24,50.0,"LEAD DOCS SUBMITTED, NOT ACCEPTABLE",11/17/2025,Original,Open,N,1991,1991.0
2658,263,3043770001,13,,,726,STANLEY,AVENUE,11207,726 STANLEY AVENUE,266,BOULEVARD,12/28/21,BROOKLYN,1441,both,2282882,809554,389849.0,3,3324277.0,726,726,740,STANLEY AVENUE,C,1991-12-05,1991-12-05,01/15/1992,01/13/1992,,,,555.0,1378877.0,"§ 27-2013 ADM CODE REMOVE OR COVER IN A MANNER APPROVED BY THE DEPARTMENT THE PEELING LEAD PAINT FRONT ROOM EAST WALL 4 STY NORTH APT 4C REDDED 649 2852 ER1 3391 446. , SECTION '' ''",1991-12-24,50.0,"LEAD DOCS SUBMITTED, NOT ACCEPTABLE",11/17/2025,Original,Open,N,1991,1991.0
2659,263,3043770001,13,,,726,STANLEY,AVENUE,11207,726 STANLEY AVENUE,266,BOULEVARD,12/28/21,BROOKLYN,1441,both,2282883,809554,389849.0,3,3324277.0,726,726,740,STANLEY AVENUE,C,1991-12-05,1991-12-05,01/15/1992,01/13/1992,,,,555.0,1378877.0,"§ 27-2013 ADM CODE REMOVE OR COVER IN A MANNER APPROVED BY THE DEPARTMENT THE PEELING LEAD PAINT PRIVATE HALL NORTH WALL 4 STY NORTH APT 4C 649 2852 ER1 3391 446. , SECTION '' ''",1991-12-24,50.0,"LEAD DOCS SUBMITTED, NOT ACCEPTABLE",11/17/2025,Original,Open,N,1991,1991.0
2662,263,3043770001,13,,,726,STANLEY,AVENUE,11207,726 STANLEY AVENUE,266,BOULEVARD,12/28/21,BROOKLYN,1441,both,2282878,809554,389849.0,3,3324277.0,726,726,740,STANLEY AVENUE,C,1991-12-05,1991-12-05,01/15/1992,01/13/1992,,,,555.0,1378877.0,"§ 27-2013 ADM CODE REMOVE OR COVER IN A MANNER APPROVED BY THE DEPARTMENT THE PEELING LEAD PAINT BATHROOM NORTH WALL 4 STY NORTH APT 4C REDDED 649 2852 ER1 3391 446. , SECTION '' ''",1991-12-24,50.0,"LEAD DOCS SUBMITTED, NOT ACCEPTABLE",11/17/2025,Original,Open,N,1991,1991.0
2663,263,3043770001,13,,,726,STANLEY,AVENUE,11207,726 STANLEY AVENUE,266,BOULEVARD,12/28/21,BROOKLYN,1441,both,2282879,809554,389849.0,3,3324277.0,726,726,740,STANLEY AVENUE,C,1991-12-05,1991-12-05,01/15/1992,01/13/1992,,,,555.0,1378877.0,"§ 27-2013 ADM CODE REMOVE OR COVER IN A MANNER APPROVED BY THE DEPARTMENT THE PEELING LEAD PAINT BATHROOM STEAM PIPE 4 STY NORTH APT 4C REDDOEL 649 2852 ER1 339 1446. , SECTION '' ''",1991-12-24,50.0,"LEAD DOCS SUBMITTED, NOT ACCEPTABLE",11/17/2025,Original,Open,N,1991,1991.0
3070,280,3043550001,5,M,,725,STANLEY,AVENUE,11207,725 STANLEY AVENUE,260,BOULEVARD,12/28/21,BROOKLYN,1441,both,11334636,809553,389881.0,3,3324294.0,725,725,725,STANLEY AVENUE,B,2016-07-29,2016-08-02,09/20/2016,09/06/2016,,,,568.0,5484845.0,"§ 27-2018 ADMIN. CODE: ABATE THE NUISANCE CONSISTING OF ROACHES IN THE ENTIRE APARTMENT LOCATED AT APT 14C, 14th STORY, APARTMENT AT SOUTH",2016-08-02,19.0,VIOLATION CLOSED,11/30/2021,Original,Close,N,2016,2016.0
3403,289,3032760001,10,M,,140,HIMROD,STREET,11221,140 HIMROD STREET,297,BUSHWICK II (GROUPS A & C),7/18/19,BROOKLYN,300,both,10962946,808531,375216.0,3,3325659.0,140,140,140,HIMROD STREET,I,2015-10-19,2015-10-19,,,,,,780.0,,"§27-2107 ADM CODE OWNER FAILED TO FILE A VALID REGISTRATION STATEMENT WITH THE DEPARTMENT AS REQUIRED BY ADM CODE §27-2097 AND IS THEREFORE SUBJECT TO CIVIL PENALTIES, PROHIBITED FROM CERTIFYING VIOLATIONS, AND DENIED THE RIGHT TO RECOVER POSSESSION OF PREMISES FOR NONPAYMENT OF RENT UNTIL A VALID REGISTRATION STATEMENT IS FILED.",,9.0,VIOLATION DISMISSED,01/17/2019,,Close,N,2015,
3404,289,3032760001,10,M,,140,HIMROD,STREET,11221,140 HIMROD STREET,297,BUSHWICK II (GROUPS A & C),7/18/19,BROOKLYN,300,both,12128052,808531,375216.0,3,3325659.0,140,140,140,HIMROD STREET,I,2017-12-06,2017-12-06,,,,,,780.0,,"§27-2107 ADM CODE OWNER FAILED TO FILE A VALID REGISTRATION STATEMENT WITH THE DEPARTMENT AS REQUIRED BY ADM CODE §27-2097 AND IS THEREFORE SUBJECT TO CIVIL PENALTIES, PROHIBITED FROM CERTIFYING VIOLATIONS, AND DENIED THE RIGHT TO RECOVER POSSESSION OF PREMISES FOR NONPAYMENT OF RENT UNTIL A VALID REGISTRATION STATEMENT IS FILED.",,9.0,VIOLATION DISMISSED,01/17/2019,,Close,N,2017,
3405,289,3032760001,10,M,,140,HIMROD,STREET,11221,140 HIMROD STREET,297,BUSHWICK II (GROUPS A & C),7/18/19,BROOKLYN,300,both,10601445,808531,375216.0,3,3325659.0,140,140,140,HIMROD STREET,I,2015-03-02,2015-03-02,,,,,,780.0,,"§27-2107 ADM CODE OWNER FAILED TO FILE A VALID REGISTRATION STATEMENT WITH THE DEPARTMENT AS REQUIRED BY ADM CODE §27-2097 AND IS THEREFORE SUBJECT TO CIVIL PENALTIES, PROHIBITED FROM CERTIFYING VIOLATIONS, AND DENIED THE RIGHT TO RECOVER POSSESSION OF PREMISES FOR NONPAYMENT OF RENT UNTIL A VALID REGISTRATION STATEMENT IS FILED.",,9.0,VIOLATION DISMISSED,01/17/2019,,Close,N,2015,
3406,289,3032760001,10,M,,140,HIMROD,STREET,11221,140 HIMROD STREET,297,BUSHWICK II (GROUPS A & C),7/18/19,BROOKLYN,300,both,11535096,808531,375216.0,3,3325659.0,140,140,140,HIMROD STREET,I,2016-11-23,2016-11-23,,,,,,780.0,,"§27-2107 ADM CODE OWNER FAILED TO FILE A VALID REGISTRATION STATEMENT WITH THE DEPARTMENT AS REQUIRED BY ADM CODE §27-2097 AND IS THEREFORE SUBJECT TO CIVIL PENALTIES, PROHIBITED FROM CERTIFYING VIOLATIONS, AND DENIED THE RIGHT TO RECOVER POSSESSION OF PREMISES FOR NONPAYMENT OF RENT UNTIL A VALID REGISTRATION STATEMENT IS FILED.",,9.0,VIOLATION DISMISSED,01/17/2019,,Close,N,2016,
3407,289,3032760001,10,M,,140,HIMROD,STREET,11221,140 HIMROD STREET,297,BUSHWICK II (GROUPS A & C),7/18/19,BROOKLYN,300,both,12701165,808531,375216.0,3,3325659.0,140,140,140,HIMROD STREET,I,2018-10-24,2018-10-24,,,,,,780.0,,"§27-2107 ADM CODE OWNER FAILED TO FILE A VALID REGISTRATION STATEMENT WITH THE DEPARTMENT AS REQUIRED BY ADM CODE §27-2097 AND IS THEREFORE SUBJECT TO CIVIL PENALTIES, PROHIBITED FROM CERTIFYING VIOLATIONS, AND DENIED THE RIGHT TO RECOVER POSSESSION OF PREMISES FOR NONPAYMENT OF RENT UNTIL A VALID REGISTRATION STATEMENT IS FILED.",,9.0,VIOLATION DISMISSED,01/17/2019,,Close,N,2018,
3410,289,3032760001,10,M,,140,HIMROD,STREET,11221,140 HIMROD STREET,297,BUSHWICK II (GROUPS A & C),7/18/19,BROOKLYN,300,both,1910265,808531,375216.0,3,3325659.0,140,140,140,HIMROD STREET,C,1991-11-19,1991-11-19,12/25/1991,12/23/1991,,,,672.0,1249560.0,§ 27-2033 ADM CODE PROVIDE READY ACCESS TO BUILDINGS HEATING SYSTEM CELLAR DOOR LOCKED.,1991-12-03,19.0,VIOLATION CLOSED,03/15/2019,Original,Close,N,1991,1991.0
3416,290,3032760001,11,M,,139,HARMAN,STREET,11221,139 HARMAN STREET,297,BUSHWICK II (GROUPS A & C),7/18/19,BROOKLYN,300,both,12128045,808480,375222.0,3,3325658.0,139,127,145,HARMAN STREET,I,2017-12-06,2017-12-06,,,,,,780.0,,"§27-2107 ADM CODE OWNER FAILED TO FILE A VALID REGISTRATION STATEMENT WITH THE DEPARTMENT AS REQUIRED BY ADM CODE §27-2097 AND IS THEREFORE SUBJECT TO CIVIL PENALTIES, PROHIBITED FROM CERTIFYING VIOLATIONS, AND DENIED THE RIGHT TO RECOVER POSSESSION OF PREMISES FOR NONPAYMENT OF RENT UNTIL A VALID REGISTRATION STATEMENT IS FILED.",,9.0,VIOLATION DISMISSED,01/17/2019,,Close,N,2017,
3426,290,3032760001,11,M,,139,HARMAN,STREET,11221,139 HARMAN STREET,297,BUSHWICK II (GROUPS A & C),7/18/19,BROOKLYN,300,both,10601447,808480,375222.0,3,3325658.0,139,127,145,HARMAN STREET,I,2015-03-02,2015-03-02,,,,,,780.0,,"§27-2107 ADM CODE OWNER FAILED TO FILE A VALID REGISTRATION STATEMENT WITH THE DEPARTMENT AS REQUIRED BY ADM CODE §27-2097 AND IS THEREFORE SUBJECT TO CIVIL PENALTIES, PROHIBITED FROM CERTIFYING VIOLATIONS, AND DENIED THE RIGHT TO RECOVER POSSESSION OF PREMISES FOR NONPAYMENT OF RENT UNTIL A VALID REGISTRATION STATEMENT IS FILED.",,9.0,VIOLATION DISMISSED,01/17/2019,,Close,N,2015,
3427,290,3032760001,11,M,,139,HARMAN,STREET,11221,139 HARMAN STREET,297,BUSHWICK II (GROUPS A & C),7/18/19,BROOKLYN,300,both,10962948,808480,375222.0,3,3325658.0,139,127,145,HARMAN STREET,I,2015-10-19,2015-10-19,,,,,,780.0,,"§27-2107 ADM CODE OWNER FAILED TO FILE A VALID REGISTRATION STATEMENT WITH THE DEPARTMENT AS REQUIRED BY ADM CODE §27-2097 AND IS THEREFORE SUBJECT TO CIVIL PENALTIES, PROHIBITED FROM CERTIFYING VIOLATIONS, AND DENIED THE RIGHT TO RECOVER POSSESSION OF PREMISES FOR NONPAYMENT OF RENT UNTIL A VALID REGISTRATION STATEMENT IS FILED.",,9.0,VIOLATION DISMISSED,01/17/2019,,Close,N,2015,
3428,290,3032760001,11,M,,139,HARMAN,STREET,11221,139 HARMAN STREET,297,BUSHWICK II (GROUPS A & C),7/18/19,BROOKLYN,300,both,11535098,808480,375222.0,3,3325658.0,139,127,145,HARMAN STREET,I,2016-11-23,2016-11-23,,,,,,780.0,,"§27-2107 ADM CODE OWNER FAILED TO FILE A VALID REGISTRATION STATEMENT WITH THE DEPARTMENT AS REQUIRED BY ADM CODE §27-2097 AND IS THEREFORE SUBJECT TO CIVIL PENALTIES, PROHIBITED FROM CERTIFYING VIOLATIONS, AND DENIED THE RIGHT TO RECOVER POSSESSION OF PREMISES FOR NONPAYMENT OF RENT UNTIL A VALID REGISTRATION STATEMENT IS FILED.",,9.0,VIOLATION DISMISSED,01/17/2019,,Close,N,2016,
3429,290,3032760001,11,M,,139,HARMAN,STREET,11221,139 HARMAN STREET,297,BUSHWICK II (GROUPS A & C),7/18/19,BROOKLYN,300,both,12701169,808480,375222.0,3,3325658.0,139,127,145,HARMAN STREET,I,2018-10-24,2018-10-24,,,,,,780.0,,"§27-2107 ADM CODE OWNER FAILED TO FILE A VALID REGISTRATION STATEMENT WITH THE DEPARTMENT AS REQUIRED BY ADM CODE §27-2097 AND IS THEREFORE SUBJECT TO CIVIL PENALTIES, PROHIBITED FROM CERTIFYING VIOLATIONS, AND DENIED THE RIGHT TO RECOVER POSSESSION OF PREMISES FOR NONPAYMENT OF RENT UNTIL A VALID REGISTRATION STATEMENT IS FILED.",,9.0,VIOLATION DISMISSED,01/17/2019,,Close,N,2018,
3478,291,3032760001,12,M,,251,CENTRAL,AVENUE,11221,251 CENTRAL AVENUE,297,BUSHWICK II (GROUPS A & C),7/18/19,BROOKLYN,300,both,10923652,218628,375211.0,3,3325657.0,251,239,253,CENTRAL AVENUE,I,2015-10-08,2015-10-08,,,,,,780.0,,"§27-2107 ADM CODE OWNER FAILED TO FILE A VALID REGISTRATION STATEMENT WITH THE DEPARTMENT AS REQUIRED BY ADM CODE §27-2097 AND IS THEREFORE SUBJECT TO CIVIL PENALTIES, PROHIBITED FROM CERTIFYING VIOLATIONS, AND DENIED THE RIGHT TO RECOVER POSSESSION OF PREMISES FOR NONPAYMENT OF RENT UNTIL A VALID REGISTRATION STATEMENT IS FILED.",,9.0,VIOLATION DISMISSED,01/15/2019,,Close,N,2015,
3479,291,3032760001,12,M,,251,CENTRAL,AVENUE,11221,251 CENTRAL AVENUE,297,BUSHWICK II (GROUPS A & C),7/18/19,BROOKLYN,300,both,12085539,218628,375211.0,3,3325657.0,251,239,253,CENTRAL AVENUE,I,2017-11-20,2017-11-20,,,,,,780.0,,"§27-2107 ADM CODE OWNER FAILED TO FILE A VALID REGISTRATION STATEMENT WITH THE DEPARTMENT AS REQUIRED BY ADM CODE §27-2097 AND IS THEREFORE SUBJECT TO CIVIL PENALTIES, PROHIBITED FROM CERTIFYING VIOLATIONS, AND DENIED THE RIGHT TO RECOVER POSSESSION OF PREMISES FOR NONPAYMENT OF RENT UNTIL A VALID REGISTRATION STATEMENT IS FILED.",,9.0,VIOLATION DISMISSED,01/15/2019,,Close,N,2017,
3480,291,3032760001,12,M,,251,CENTRAL,AVENUE,11221,251 CENTRAL AVENUE,297,BUSHWICK II (GROUPS A & C),7/18/19,BROOKLYN,300,both,12664413,218628,375211.0,3,3325657.0,251,239,253,CENTRAL AVENUE,I,2018-10-16,2018-10-16,,,,,,780.0,,"§27-2107 ADM CODE OWNER FAILED TO FILE A VALID REGISTRATION STATEMENT WITH THE DEPARTMENT AS REQUIRED BY ADM CODE §27-2097 AND IS THEREFORE SUBJECT TO CIVIL PENALTIES, PROHIBITED FROM CERTIFYING VIOLATIONS, AND DENIED THE RIGHT TO RECOVER POSSESSION OF PREMISES FOR NONPAYMENT OF RENT UNTIL A VALID REGISTRATION STATEMENT IS FILED.",,9.0,VIOLATION DISMISSED,01/15/2019,,Close,N,2018,
3481,291,3032760001,12,M,,251,CENTRAL,AVENUE,11221,251 CENTRAL AVENUE,297,BUSHWICK II (GROUPS A & C),7/18/19,BROOKLYN,300,both,10567304,218628,375211.0,3,3325657.0,251,239,253,CENTRAL AVENUE,I,2015-02-18,2015-02-18,,,,,,780.0,,"§27-2107 ADM CODE OWNER FAILED TO FILE A VALID REGISTRATION STATEMENT WITH THE DEPARTMENT AS REQUIRED BY ADM CODE §27-2097 AND IS THEREFORE SUBJECT TO CIVIL PENALTIES, PROHIBITED FROM CERTIFYING VIOLATIONS, AND DENIED THE RIGHT TO RECOVER POSSESSION OF PREMISES FOR NONPAYMENT OF RENT UNTIL A VALID REGISTRATION STATEMENT IS FILED.",,9.0,VIOLATION DISMISSED,01/15/2019,,Close,N,2015,
3482,291,3032760001,12,M,,251,CENTRAL,AVENUE,11221,251 CENTRAL AVENUE,297,BUSHWICK II (GROUPS A & C),7/18/19,BROOKLYN,300,both,11487778,218628,375211.0,3,3325657.0,251,239,253,CENTRAL AVENUE,I,2016-11-04,2016-11-04,,,,,,780.0,,"§27-2107 ADM CODE OWNER FAILED TO FILE A VALID REGISTRATION STATEMENT WITH THE DEPARTMENT AS REQUIRED BY ADM CODE §27-2097 AND IS THEREFORE SUBJECT TO CIVIL PENALTIES, PROHIBITED FROM CERTIFYING VIOLATIONS, AND DENIED THE RIGHT TO RECOVER POSSESSION OF PREMISES FOR NONPAYMENT OF RENT UNTIL A VALID REGISTRATION STATEMENT IS FILED.",,9.0,VIOLATION DISMISSED,01/15/2019,,Close,N,2016,
3544,294,3032960046,15,M,,310,CENTRAL,AVENUE,11221,310 CENTRAL AVENUE,302,BUSHWICK II (GROUPS A & C),7/18/19,BROOKLYN,300,both,10923648,218636,375165.0,3,3075382.0,310,300,320,CENTRAL AVENUE,I,2015-10-08,2015-10-08,,,,,,780.0,,"§27-2107 ADM CODE OWNER FAILED TO FILE A VALID REGISTRATION STATEMENT WITH THE DEPARTMENT AS REQUIRED BY ADM CODE §27-2097 AND IS THEREFORE SUBJECT TO CIVIL PENALTIES, PROHIBITED FROM CERTIFYING VIOLATIONS, AND DENIED THE RIGHT TO RECOVER POSSESSION OF PREMISES FOR NONPAYMENT OF RENT UNTIL A VALID REGISTRATION STATEMENT IS FILED.",,9.0,VIOLATION DISMISSED,01/15/2019,,Close,N,2015,
3545,294,3032960046,15,M,,310,CENTRAL,AVENUE,11221,310 CENTRAL AVENUE,302,BUSHWICK II (GROUPS A & C),7/18/19,BROOKLYN,300,both,10567302,218636,375165.0,3,3075382.0,310,300,320,CENTRAL AVENUE,I,2015-02-18,2015-02-18,,,,,,780.0,,"§27-2107 ADM CODE OWNER FAILED TO FILE A VALID REGISTRATION STATEMENT WITH THE DEPARTMENT AS REQUIRED BY ADM CODE §27-2097 AND IS THEREFORE SUBJECT TO CIVIL PENALTIES, PROHIBITED FROM CERTIFYING VIOLATIONS, AND DENIED THE RIGHT TO RECOVER POSSESSION OF PREMISES FOR NONPAYMENT OF RENT UNTIL A VALID REGISTRATION STATEMENT IS FILED.",,9.0,VIOLATION DISMISSED,01/15/2019,,Close,N,2015,
3546,294,3032960046,15,M,,310,CENTRAL,AVENUE,11221,310 CENTRAL AVENUE,302,BUSHWICK II (GROUPS A & C),7/18/19,BROOKLYN,300,both,11487774,218636,375165.0,3,3075382.0,310,300,320,CENTRAL AVENUE,I,2016-11-04,2016-11-04,,,,,,780.0,,"§27-2107 ADM CODE OWNER FAILED TO FILE A VALID REGISTRATION STATEMENT WITH THE DEPARTMENT AS REQUIRED BY ADM CODE §27-2097 AND IS THEREFORE SUBJECT TO CIVIL PENALTIES, PROHIBITED FROM CERTIFYING VIOLATIONS, AND DENIED THE RIGHT TO RECOVER POSSESSION OF PREMISES FOR NONPAYMENT OF RENT UNTIL A VALID REGISTRATION STATEMENT IS FILED.",,9.0,VIOLATION DISMISSED,01/15/2019,,Close,N,2016,
3547,294,3032960046,15,M,,310,CENTRAL,AVENUE,11221,310 CENTRAL AVENUE,302,BUSHWICK II (GROUPS A & C),7/18/19,BROOKLYN,300,both,12085541,218636,375165.0,3,3075382.0,310,300,320,CENTRAL AVENUE,I,2017-11-20,2017-11-20,,,,,,780.0,,"§27-2107 ADM CODE OWNER FAILED TO FILE A VALID REGISTRATION STATEMENT WITH THE DEPARTMENT AS REQUIRED BY ADM CODE §27-2097 AND IS THEREFORE SUBJECT TO CIVIL PENALTIES, PROHIBITED FROM CERTIFYING VIOLATIONS, AND DENIED THE RIGHT TO RECOVER POSSESSION OF PREMISES FOR NONPAYMENT OF RENT UNTIL A VALID REGISTRATION STATEMENT IS FILED.",,9.0,VIOLATION DISMISSED,01/15/2019,,Close,N,2017,
3550,294,3032960046,15,M,,310,CENTRAL,AVENUE,11221,310 CENTRAL AVENUE,302,BUSHWICK II (GROUPS A & C),7/18/19,BROOKLYN,300,both,7498848,218636,375165.0,3,3075382.0,310,300,320,CENTRAL AVENUE,B,2008-09-27,2008-10-08,11/27/2008,11/13/2008,,,,686.0,3480914.0,§ 27-2040 ADM CODE PROVIDE ADEQUATE LIGHTING AT OR NEAR THE OUTSIDE OF THE FRONT ENTRANCEWAY OF THE BUILDING AND KEEP SAME BURNING FROM SUNSET EVERY DAY TO SUNRISE ON THE DAY FOLLOWING 100 WATTS MINIMUM REQUIRED,2008-10-09,19.0,VIOLATION CLOSED,04/25/2022,Original,Close,N,2008,2008.0
3554,294,3032960046,15,M,,310,CENTRAL,AVENUE,11221,310 CENTRAL AVENUE,302,BUSHWICK II (GROUPS A & C),7/18/19,BROOKLYN,300,both,12664415,218636,375165.0,3,3075382.0,310,300,320,CENTRAL AVENUE,I,2018-10-16,2018-10-16,,,,,,780.0,,"§27-2107 ADM CODE OWNER FAILED TO FILE A VALID REGISTRATION STATEMENT WITH THE DEPARTMENT AS REQUIRED BY ADM CODE §27-2097 AND IS THEREFORE SUBJECT TO CIVIL PENALTIES, PROHIBITED FROM CERTIFYING VIOLATIONS, AND DENIED THE RIGHT TO RECOVER POSSESSION OF PREMISES FOR NONPAYMENT OF RENT UNTIL A VALID REGISTRATION STATEMENT IS FILED.",,9.0,VIOLATION DISMISSED,01/15/2019,,Close,N,2018,
3555,295,3032860001,16,M,,250,WILSON,AVENUE,11237,250 WILSON AVENUE,303,BUSHWICK II (GROUPS A & C),7/18/19,BROOKLYN,300,both,10601448,809896,375223.0,3,3325686.0,250,242,256,WILSON AVENUE,I,2015-03-02,2015-03-02,,,,,,780.0,,"§27-2107 ADM CODE OWNER FAILED TO FILE A VALID REGISTRATION STATEMENT WITH THE DEPARTMENT AS REQUIRED BY ADM CODE §27-2097 AND IS THEREFORE SUBJECT TO CIVIL PENALTIES, PROHIBITED FROM CERTIFYING VIOLATIONS, AND DENIED THE RIGHT TO RECOVER POSSESSION OF PREMISES FOR NONPAYMENT OF RENT UNTIL A VALID REGISTRATION STATEMENT IS FILED.",,9.0,VIOLATION DISMISSED,01/17/2019,,Close,N,2015,
3556,295,3032860001,16,M,,250,WILSON,AVENUE,11237,250 WILSON AVENUE,303,BUSHWICK II (GROUPS A & C),7/18/19,BROOKLYN,300,both,10962949,809896,375223.0,3,3325686.0,250,242,256,WILSON AVENUE,I,2015-10-19,2015-10-19,,,,,,780.0,,"§27-2107 ADM CODE OWNER FAILED TO FILE A VALID REGISTRATION STATEMENT WITH THE DEPARTMENT AS REQUIRED BY ADM CODE §27-2097 AND IS THEREFORE SUBJECT TO CIVIL PENALTIES, PROHIBITED FROM CERTIFYING VIOLATIONS, AND DENIED THE RIGHT TO RECOVER POSSESSION OF PREMISES FOR NONPAYMENT OF RENT UNTIL A VALID REGISTRATION STATEMENT IS FILED.",,9.0,VIOLATION DISMISSED,01/17/2019,,Close,N,2015,
3557,295,3032860001,16,M,,250,WILSON,AVENUE,11237,250 WILSON AVENUE,303,BUSHWICK II (GROUPS A & C),7/18/19,BROOKLYN,300,both,11535099,809896,375223.0,3,3325686.0,250,242,256,WILSON AVENUE,I,2016-11-23,2016-11-23,,,,,,780.0,,"§27-2107 ADM CODE OWNER FAILED TO FILE A VALID REGISTRATION STATEMENT WITH THE DEPARTMENT AS REQUIRED BY ADM CODE §27-2097 AND IS THEREFORE SUBJECT TO CIVIL PENALTIES, PROHIBITED FROM CERTIFYING VIOLATIONS, AND DENIED THE RIGHT TO RECOVER POSSESSION OF PREMISES FOR NONPAYMENT OF RENT UNTIL A VALID REGISTRATION STATEMENT IS FILED.",,9.0,VIOLATION DISMISSED,01/17/2019,,Close,N,2016,
3558,295,3032860001,16,M,,250,WILSON,AVENUE,11237,250 WILSON AVENUE,303,BUSHWICK II (GROUPS A & C),7/18/19,BROOKLYN,300,both,12128170,809896,375223.0,3,3325686.0,250,242,256,WILSON AVENUE,I,2017-12-06,2017-12-06,,,,,,780.0,,"§27-2107 ADM CODE OWNER FAILED TO FILE A VALID REGISTRATION STATEMENT WITH THE DEPARTMENT AS REQUIRED BY ADM CODE §27-2097 AND IS THEREFORE SUBJECT TO CIVIL PENALTIES, PROHIBITED FROM CERTIFYING VIOLATIONS, AND DENIED THE RIGHT TO RECOVER POSSESSION OF PREMISES FOR NONPAYMENT OF RENT UNTIL A VALID REGISTRATION STATEMENT IS FILED.",,9.0,VIOLATION DISMISSED,01/17/2019,,Close,N,2017,
3562,295,3032860001,16,M,,250,WILSON,AVENUE,11237,250 WILSON AVENUE,303,BUSHWICK II (GROUPS A & C),7/18/19,BROOKLYN,300,both,12709827,809896,375223.0,3,3325686.0,250,242,256,WILSON AVENUE,I,2018-10-25,2018-10-25,,,,,,780.0,,"§27-2107 ADM CODE OWNER FAILED TO FILE A VALID REGISTRATION STATEMENT WITH THE DEPARTMENT AS REQUIRED BY ADM CODE §27-2097 AND IS THEREFORE SUBJECT TO CIVIL PENALTIES, PROHIBITED FROM CERTIFYING VIOLATIONS, AND DENIED THE RIGHT TO RECOVER POSSESSION OF PREMISES FOR NONPAYMENT OF RENT UNTIL A VALID REGISTRATION STATEMENT IS FILED.",,9.0,VIOLATION DISMISSED,01/17/2019,,Close,N,2018,
3567,296,3032860001,17,M,,190,HARMAN,STREET,11221,190 HARMAN STREET,303,BUSHWICK II (GROUPS A & C),7/18/19,BROOKLYN,300,both,11535100,808481,375224.0,3,3325688.0,190,180,190,HARMAN STREET,I,2016-11-23,2016-11-23,,,,,,780.0,,"§27-2107 ADM CODE OWNER FAILED TO FILE A VALID REGISTRATION STATEMENT WITH THE DEPARTMENT AS REQUIRED BY ADM CODE §27-2097 AND IS THEREFORE SUBJECT TO CIVIL PENALTIES, PROHIBITED FROM CERTIFYING VIOLATIONS, AND DENIED THE RIGHT TO RECOVER POSSESSION OF PREMISES FOR NONPAYMENT OF RENT UNTIL A VALID REGISTRATION STATEMENT IS FILED.",,9.0,VIOLATION DISMISSED,01/17/2019,,Close,N,2016,
3570,296,3032860001,17,M,,190,HARMAN,STREET,11221,190 HARMAN STREET,303,BUSHWICK II (GROUPS A & C),7/18/19,BROOKLYN,300,both,10962950,808481,375224.0,3,3325688.0,190,180,190,HARMAN STREET,I,2015-10-19,2015-10-19,,,,,,780.0,,"§27-2107 ADM CODE OWNER FAILED TO FILE A VALID REGISTRATION STATEMENT WITH THE DEPARTMENT AS REQUIRED BY ADM CODE §27-2097 AND IS THEREFORE SUBJECT TO CIVIL PENALTIES, PROHIBITED FROM CERTIFYING VIOLATIONS, AND DENIED THE RIGHT TO RECOVER POSSESSION OF PREMISES FOR NONPAYMENT OF RENT UNTIL A VALID REGISTRATION STATEMENT IS FILED.",,9.0,VIOLATION DISMISSED,01/17/2019,,Close,N,2015,
3571,296,3032860001,17,M,,190,HARMAN,STREET,11221,190 HARMAN STREET,303,BUSHWICK II (GROUPS A & C),7/18/19,BROOKLYN,300,both,12701168,808481,375224.0,3,3325688.0,190,180,190,HARMAN STREET,I,2018-10-24,2018-10-24,,,,,,780.0,,"§27-2107 ADM CODE OWNER FAILED TO FILE A VALID REGISTRATION STATEMENT WITH THE DEPARTMENT AS REQUIRED BY ADM CODE §27-2097 AND IS THEREFORE SUBJECT TO CIVIL PENALTIES, PROHIBITED FROM CERTIFYING VIOLATIONS, AND DENIED THE RIGHT TO RECOVER POSSESSION OF PREMISES FOR NONPAYMENT OF RENT UNTIL A VALID REGISTRATION STATEMENT IS FILED.",,9.0,VIOLATION DISMISSED,01/17/2019,,Close,N,2018,
3572,296,3032860001,17,M,,190,HARMAN,STREET,11221,190 HARMAN STREET,303,BUSHWICK II (GROUPS A & C),7/18/19,BROOKLYN,300,both,10601449,808481,375224.0,3,3325688.0,190,180,190,HARMAN STREET,I,2015-03-02,2015-03-02,,,,,,780.0,,"§27-2107 ADM CODE OWNER FAILED TO FILE A VALID REGISTRATION STATEMENT WITH THE DEPARTMENT AS REQUIRED BY ADM CODE §27-2097 AND IS THEREFORE SUBJECT TO CIVIL PENALTIES, PROHIBITED FROM CERTIFYING VIOLATIONS, AND DENIED THE RIGHT TO RECOVER POSSESSION OF PREMISES FOR NONPAYMENT OF RENT UNTIL A VALID REGISTRATION STATEMENT IS FILED.",,9.0,VIOLATION DISMISSED,01/17/2019,,Close,N,2015,
3573,296,3032860001,17,M,,190,HARMAN,STREET,11221,190 HARMAN STREET,303,BUSHWICK II (GROUPS A & C),7/18/19,BROOKLYN,300,both,12128046,808481,375224.0,3,3325688.0,190,180,190,HARMAN STREET,I,2017-12-06,2017-12-06,,,,,,780.0,,"§27-2107 ADM CODE OWNER FAILED TO FILE A VALID REGISTRATION STATEMENT WITH THE DEPARTMENT AS REQUIRED BY ADM CODE §27-2097 AND IS THEREFORE SUBJECT TO CIVIL PENALTIES, PROHIBITED FROM CERTIFYING VIOLATIONS, AND DENIED THE RIGHT TO RECOVER POSSESSION OF PREMISES FOR NONPAYMENT OF RENT UNTIL A VALID REGISTRATION STATEMENT IS FILED.",,9.0,VIOLATION DISMISSED,01/17/2019,,Close,N,2017,
3581,297,3032860001,18,M,,1259,GREENE,AVENUE,11221,1259 GREENE AVENUE,303,BUSHWICK II (GROUPS A & C),7/18/19,BROOKLYN,300,both,10962951,808456,375225.0,3,3325685.0,1259,1259,1259,GREENE AVENUE,I,2015-10-19,2015-10-19,,,,,,780.0,,"§27-2107 ADM CODE OWNER FAILED TO FILE A VALID REGISTRATION STATEMENT WITH THE DEPARTMENT AS REQUIRED BY ADM CODE §27-2097 AND IS THEREFORE SUBJECT TO CIVIL PENALTIES, PROHIBITED FROM CERTIFYING VIOLATIONS, AND DENIED THE RIGHT TO RECOVER POSSESSION OF PREMISES FOR NONPAYMENT OF RENT UNTIL A VALID REGISTRATION STATEMENT IS FILED.",,9.0,VIOLATION DISMISSED,01/17/2019,,Close,N,2015,
3582,297,3032860001,18,M,,1259,GREENE,AVENUE,11221,1259 GREENE AVENUE,303,BUSHWICK II (GROUPS A & C),7/18/19,BROOKLYN,300,both,11535101,808456,375225.0,3,3325685.0,1259,1259,1259,GREENE AVENUE,I,2016-11-23,2016-11-23,,,,,,780.0,,"§27-2107 ADM CODE OWNER FAILED TO FILE A VALID REGISTRATION STATEMENT WITH THE DEPARTMENT AS REQUIRED BY ADM CODE §27-2097 AND IS THEREFORE SUBJECT TO CIVIL PENALTIES, PROHIBITED FROM CERTIFYING VIOLATIONS, AND DENIED THE RIGHT TO RECOVER POSSESSION OF PREMISES FOR NONPAYMENT OF RENT UNTIL A VALID REGISTRATION STATEMENT IS FILED.",,9.0,VIOLATION DISMISSED,01/17/2019,,Close,N,2016,
3592,297,3032860001,18,M,,1259,GREENE,AVENUE,11221,1259 GREENE AVENUE,303,BUSHWICK II (GROUPS A & C),7/18/19,BROOKLYN,300,both,10601450,808456,375225.0,3,3325685.0,1259,1259,1259,GREENE AVENUE,I,2015-03-02,2015-03-02,,,,,,780.0,,"§27-2107 ADM CODE OWNER FAILED TO FILE A VALID REGISTRATION STATEMENT WITH THE DEPARTMENT AS REQUIRED BY ADM CODE §27-2097 AND IS THEREFORE SUBJECT TO CIVIL PENALTIES, PROHIBITED FROM CERTIFYING VIOLATIONS, AND DENIED THE RIGHT TO RECOVER POSSESSION OF PREMISES FOR NONPAYMENT OF RENT UNTIL A VALID REGISTRATION STATEMENT IS FILED.",,9.0,VIOLATION DISMISSED,01/17/2019,,Close,N,2015,
3593,297,3032860001,18,M,,1259,GREENE,AVENUE,11221,1259 GREENE AVENUE,303,BUSHWICK II (GROUPS A & C),7/18/19,BROOKLYN,300,both,12128057,808456,375225.0,3,3325685.0,1259,1259,1259,GREENE AVENUE,I,2017-12-06,2017-12-06,,,,,,780.0,,"§27-2107 ADM CODE OWNER FAILED TO FILE A VALID REGISTRATION STATEMENT WITH THE DEPARTMENT AS REQUIRED BY ADM CODE §27-2097 AND IS THEREFORE SUBJECT TO CIVIL PENALTIES, PROHIBITED FROM CERTIFYING VIOLATIONS, AND DENIED THE RIGHT TO RECOVER POSSESSION OF PREMISES FOR NONPAYMENT OF RENT UNTIL A VALID REGISTRATION STATEMENT IS FILED.",,9.0,VIOLATION DISMISSED,01/17/2019,,Close,N,2017,
3594,297,3032860001,18,M,,1259,GREENE,AVENUE,11221,1259 GREENE AVENUE,303,BUSHWICK II (GROUPS A & C),7/18/19,BROOKLYN,300,both,12701172,808456,375225.0,3,3325685.0,1259,1259,1259,GREENE AVENUE,I,2018-10-24,2018-10-24,,,,,,780.0,,"§27-2107 ADM CODE OWNER FAILED TO FILE A VALID REGISTRATION STATEMENT WITH THE DEPARTMENT AS REQUIRED BY ADM CODE §27-2097 AND IS THEREFORE SUBJECT TO CIVIL PENALTIES, PROHIBITED FROM CERTIFYING VIOLATIONS, AND DENIED THE RIGHT TO RECOVER POSSESSION OF PREMISES FOR NONPAYMENT OF RENT UNTIL A VALID REGISTRATION STATEMENT IS FILED.",,9.0,VIOLATION DISMISSED,01/17/2019,,Close,N,2018,
3613,300,3032860001,20,M,,1229,GREENE,AVENUE,11221,1229 GREENE AVENUE,303,BUSHWICK II (GROUPS A & C),7/18/19,BROOKLYN,300,both,12701173,808455,375248.0,3,3325684.0,1229,1229,1229,GREENE AVENUE,I,2018-10-24,2018-10-24,,,,,,780.0,,"§27-2107 ADM CODE OWNER FAILED TO FILE A VALID REGISTRATION STATEMENT WITH THE DEPARTMENT AS REQUIRED BY ADM CODE §27-2097 AND IS THEREFORE SUBJECT TO CIVIL PENALTIES, PROHIBITED FROM CERTIFYING VIOLATIONS, AND DENIED THE RIGHT TO RECOVER POSSESSION OF PREMISES FOR NONPAYMENT OF RENT UNTIL A VALID REGISTRATION STATEMENT IS FILED.",,9.0,VIOLATION DISMISSED,01/17/2019,,Close,N,2018,
3614,300,3032860001,20,M,,1229,GREENE,AVENUE,11221,1229 GREENE AVENUE,303,BUSHWICK II (GROUPS A & C),7/18/19,BROOKLYN,300,both,12128043,808455,375248.0,3,3325684.0,1229,1229,1229,GREENE AVENUE,I,2017-12-06,2017-12-06,,,,,,780.0,,"§27-2107 ADM CODE OWNER FAILED TO FILE A VALID REGISTRATION STATEMENT WITH THE DEPARTMENT AS REQUIRED BY ADM CODE §27-2097 AND IS THEREFORE SUBJECT TO CIVIL PENALTIES, PROHIBITED FROM CERTIFYING VIOLATIONS, AND DENIED THE RIGHT TO RECOVER POSSESSION OF PREMISES FOR NONPAYMENT OF RENT UNTIL A VALID REGISTRATION STATEMENT IS FILED.",,9.0,VIOLATION DISMISSED,01/17/2019,,Close,N,2017,
3615,300,3032860001,20,M,,1229,GREENE,AVENUE,11221,1229 GREENE AVENUE,303,BUSHWICK II (GROUPS A & C),7/18/19,BROOKLYN,300,both,10962953,808455,375248.0,3,3325684.0,1229,1229,1229,GREENE AVENUE,I,2015-10-19,2015-10-19,,,,,,780.0,,"§27-2107 ADM CODE OWNER FAILED TO FILE A VALID REGISTRATION STATEMENT WITH THE DEPARTMENT AS REQUIRED BY ADM CODE §27-2097 AND IS THEREFORE SUBJECT TO CIVIL PENALTIES, PROHIBITED FROM CERTIFYING VIOLATIONS, AND DENIED THE RIGHT TO RECOVER POSSESSION OF PREMISES FOR NONPAYMENT OF RENT UNTIL A VALID REGISTRATION STATEMENT IS FILED.",,9.0,VIOLATION DISMISSED,01/17/2019,,Close,N,2015,
3619,300,3032860001,20,M,,1229,GREENE,AVENUE,11221,1229 GREENE AVENUE,303,BUSHWICK II (GROUPS A & C),7/18/19,BROOKLYN,300,both,11535103,808455,375248.0,3,3325684.0,1229,1229,1229,GREENE AVENUE,I,2016-11-23,2016-11-23,,,,,,780.0,,"§27-2107 ADM CODE OWNER FAILED TO FILE A VALID REGISTRATION STATEMENT WITH THE DEPARTMENT AS REQUIRED BY ADM CODE §27-2097 AND IS THEREFORE SUBJECT TO CIVIL PENALTIES, PROHIBITED FROM CERTIFYING VIOLATIONS, AND DENIED THE RIGHT TO RECOVER POSSESSION OF PREMISES FOR NONPAYMENT OF RENT UNTIL A VALID REGISTRATION STATEMENT IS FILED.",,9.0,VIOLATION DISMISSED,01/17/2019,,Close,N,2016,
3621,300,3032860001,20,M,,1229,GREENE,AVENUE,11221,1229 GREENE AVENUE,303,BUSHWICK II (GROUPS A & C),7/18/19,BROOKLYN,300,both,10601452,808455,375248.0,3,3325684.0,1229,1229,1229,GREENE AVENUE,I,2015-03-02,2015-03-02,,,,,,780.0,,"§27-2107 ADM CODE OWNER FAILED TO FILE A VALID REGISTRATION STATEMENT WITH THE DEPARTMENT AS REQUIRED BY ADM CODE §27-2097 AND IS THEREFORE SUBJECT TO CIVIL PENALTIES, PROHIBITED FROM CERTIFYING VIOLATIONS, AND DENIED THE RIGHT TO RECOVER POSSESSION OF PREMISES FOR NONPAYMENT OF RENT UNTIL A VALID REGISTRATION STATEMENT IS FILED.",,9.0,VIOLATION DISMISSED,01/17/2019,,Close,N,2015,
3628,302,3032970001,22,M,,270,WILSON,AVENUE,11237,270 WILSON AVENUE,310,BUSHWICK II (GROUPS A & C),7/18/19,BROOKLYN,300,both,12128163,809897,375243.0,3,3325697.0,270,262,270,WILSON AVENUE,I,2017-12-06,2017-12-06,,,,,,780.0,,"§27-2107 ADM CODE OWNER FAILED TO FILE A VALID REGISTRATION STATEMENT WITH THE DEPARTMENT AS REQUIRED BY ADM CODE §27-2097 AND IS THEREFORE SUBJECT TO CIVIL PENALTIES, PROHIBITED FROM CERTIFYING VIOLATIONS, AND DENIED THE RIGHT TO RECOVER POSSESSION OF PREMISES FOR NONPAYMENT OF RENT UNTIL A VALID REGISTRATION STATEMENT IS FILED.",,9.0,VIOLATION DISMISSED,01/17/2019,,Close,N,2017,
3629,302,3032970001,22,M,,270,WILSON,AVENUE,11237,270 WILSON AVENUE,310,BUSHWICK II (GROUPS A & C),7/18/19,BROOKLYN,300,both,10601451,809897,375243.0,3,3325697.0,270,262,270,WILSON AVENUE,I,2015-03-02,2015-03-02,,,,,,780.0,,"§27-2107 ADM CODE OWNER FAILED TO FILE A VALID REGISTRATION STATEMENT WITH THE DEPARTMENT AS REQUIRED BY ADM CODE §27-2097 AND IS THEREFORE SUBJECT TO CIVIL PENALTIES, PROHIBITED FROM CERTIFYING VIOLATIONS, AND DENIED THE RIGHT TO RECOVER POSSESSION OF PREMISES FOR NONPAYMENT OF RENT UNTIL A VALID REGISTRATION STATEMENT IS FILED.",,9.0,VIOLATION DISMISSED,01/17/2019,,Close,N,2015,
3630,302,3032970001,22,M,,270,WILSON,AVENUE,11237,270 WILSON AVENUE,310,BUSHWICK II (GROUPS A & C),7/18/19,BROOKLYN,300,both,10962952,809897,375243.0,3,3325697.0,270,262,270,WILSON AVENUE,I,2015-10-19,2015-10-19,,,,,,780.0,,"§27-2107 ADM CODE OWNER FAILED TO FILE A VALID REGISTRATION STATEMENT WITH THE DEPARTMENT AS REQUIRED BY ADM CODE §27-2097 AND IS THEREFORE SUBJECT TO CIVIL PENALTIES, PROHIBITED FROM CERTIFYING VIOLATIONS, AND DENIED THE RIGHT TO RECOVER POSSESSION OF PREMISES FOR NONPAYMENT OF RENT UNTIL A VALID REGISTRATION STATEMENT IS FILED.",,9.0,VIOLATION DISMISSED,01/17/2019,,Close,N,2015,
3636,302,3032970001,22,M,,270,WILSON,AVENUE,11237,270 WILSON AVENUE,310,BUSHWICK II (GROUPS A & C),7/18/19,BROOKLYN,300,both,11535102,809897,375243.0,3,3325697.0,270,262,270,WILSON AVENUE,I,2016-11-23,2016-11-23,,,,,,780.0,,"§27-2107 ADM CODE OWNER FAILED TO FILE A VALID REGISTRATION STATEMENT WITH THE DEPARTMENT AS REQUIRED BY ADM CODE §27-2097 AND IS THEREFORE SUBJECT TO CIVIL PENALTIES, PROHIBITED FROM CERTIFYING VIOLATIONS, AND DENIED THE RIGHT TO RECOVER POSSESSION OF PREMISES FOR NONPAYMENT OF RENT UNTIL A VALID REGISTRATION STATEMENT IS FILED.",,9.0,VIOLATION DISMISSED,01/17/2019,,Close,N,2016,
3637,302,3032970001,22,M,,270,WILSON,AVENUE,11237,270 WILSON AVENUE,310,BUSHWICK II (GROUPS A & C),7/18/19,BROOKLYN,300,both,12709828,809897,375243.0,3,3325697.0,270,262,270,WILSON AVENUE,I,2018-10-25,2018-10-25,,,,,,780.0,,"§27-2107 ADM CODE OWNER FAILED TO FILE A VALID REGISTRATION STATEMENT WITH THE DEPARTMENT AS REQUIRED BY ADM CODE §27-2097 AND IS THEREFORE SUBJECT TO CIVIL PENALTIES, PROHIBITED FROM CERTIFYING VIOLATIONS, AND DENIED THE RIGHT TO RECOVER POSSESSION OF PREMISES FOR NONPAYMENT OF RENT UNTIL A VALID REGISTRATION STATEMENT IS FILED.",,9.0,VIOLATION DISMISSED,01/17/2019,,Close,N,2018,
3638,303,3032970001,23,M,,1280,GREENE,AVENUE,11221,1280 GREENE AVENUE,310,BUSHWICK II (GROUPS A & C),7/18/19,BROOKLYN,300,both,12128048,808458,357190.0,3,3325696.0,1280,1270,1280,GREENE AVENUE,I,2017-12-06,2017-12-06,,,,,,780.0,,"§27-2107 ADM CODE OWNER FAILED TO FILE A VALID REGISTRATION STATEMENT WITH THE DEPARTMENT AS REQUIRED BY ADM CODE §27-2097 AND IS THEREFORE SUBJECT TO CIVIL PENALTIES, PROHIBITED FROM CERTIFYING VIOLATIONS, AND DENIED THE RIGHT TO RECOVER POSSESSION OF PREMISES FOR NONPAYMENT OF RENT UNTIL A VALID REGISTRATION STATEMENT IS FILED.",,9.0,VIOLATION DISMISSED,01/17/2019,,Close,N,2017,
3641,303,3032970001,23,M,,1280,GREENE,AVENUE,11221,1280 GREENE AVENUE,310,BUSHWICK II (GROUPS A & C),7/18/19,BROOKLYN,300,both,10601364,808458,357190.0,3,3325696.0,1280,1270,1280,GREENE AVENUE,I,2015-03-02,2015-03-02,,,,,,780.0,,"§27-2107 ADM CODE OWNER FAILED TO FILE A VALID REGISTRATION STATEMENT WITH THE DEPARTMENT AS REQUIRED BY ADM CODE §27-2097 AND IS THEREFORE SUBJECT TO CIVIL PENALTIES, PROHIBITED FROM CERTIFYING VIOLATIONS, AND DENIED THE RIGHT TO RECOVER POSSESSION OF PREMISES FOR NONPAYMENT OF RENT UNTIL A VALID REGISTRATION STATEMENT IS FILED.",,9.0,VIOLATION DISMISSED,01/17/2019,,Close,N,2015,
3642,303,3032970001,23,M,,1280,GREENE,AVENUE,11221,1280 GREENE AVENUE,310,BUSHWICK II (GROUPS A & C),7/18/19,BROOKLYN,300,both,11534982,808458,357190.0,3,3325696.0,1280,1270,1280,GREENE AVENUE,I,2016-11-23,2016-11-23,,,,,,780.0,,"§27-2107 ADM CODE OWNER FAILED TO FILE A VALID REGISTRATION STATEMENT WITH THE DEPARTMENT AS REQUIRED BY ADM CODE §27-2097 AND IS THEREFORE SUBJECT TO CIVIL PENALTIES, PROHIBITED FROM CERTIFYING VIOLATIONS, AND DENIED THE RIGHT TO RECOVER POSSESSION OF PREMISES FOR NONPAYMENT OF RENT UNTIL A VALID REGISTRATION STATEMENT IS FILED.",,9.0,VIOLATION DISMISSED,01/17/2019,,Close,N,2016,
3643,303,3032970001,23,M,,1280,GREENE,AVENUE,11221,1280 GREENE AVENUE,310,BUSHWICK II (GROUPS A & C),7/18/19,BROOKLYN,300,both,12701171,808458,357190.0,3,3325696.0,1280,1270,1280,GREENE AVENUE,I,2018-10-24,2018-10-24,,,,,,780.0,,"§27-2107 ADM CODE OWNER FAILED TO FILE A VALID REGISTRATION STATEMENT WITH THE DEPARTMENT AS REQUIRED BY ADM CODE §27-2097 AND IS THEREFORE SUBJECT TO CIVIL PENALTIES, PROHIBITED FROM CERTIFYING VIOLATIONS, AND DENIED THE RIGHT TO RECOVER POSSESSION OF PREMISES FOR NONPAYMENT OF RENT UNTIL A VALID REGISTRATION STATEMENT IS FILED.",,9.0,VIOLATION DISMISSED,01/17/2019,,Close,N,2018,
3645,303,3032970001,23,M,,1280,GREENE,AVENUE,11221,1280 GREENE AVENUE,310,BUSHWICK II (GROUPS A & C),7/18/19,BROOKLYN,300,both,10962798,808458,357190.0,3,3325696.0,1280,1270,1280,GREENE AVENUE,I,2015-10-19,2015-10-19,,,,,,780.0,,"§27-2107 ADM CODE OWNER FAILED TO FILE A VALID REGISTRATION STATEMENT WITH THE DEPARTMENT AS REQUIRED BY ADM CODE §27-2097 AND IS THEREFORE SUBJECT TO CIVIL PENALTIES, PROHIBITED FROM CERTIFYING VIOLATIONS, AND DENIED THE RIGHT TO RECOVER POSSESSION OF PREMISES FOR NONPAYMENT OF RENT UNTIL A VALID REGISTRATION STATEMENT IS FILED.",,9.0,VIOLATION DISMISSED,01/17/2019,,Close,N,2015,
3652,305,3032970001,25,M,,289,CENTRAL,AVENUE,11221,289 CENTRAL AVENUE,310,BUSHWICK II (GROUPS A & C),7/18/19,BROOKLYN,300,both,12085540,218634,375241.0,3,3325694.0,289,277,291,CENTRAL AVENUE,I,2017-11-20,2017-11-20,,,,,,780.0,,"§27-2107 ADM CODE OWNER FAILED TO FILE A VALID REGISTRATION STATEMENT WITH THE DEPARTMENT AS REQUIRED BY ADM CODE §27-2097 AND IS THEREFORE SUBJECT TO CIVIL PENALTIES, PROHIBITED FROM CERTIFYING VIOLATIONS, AND DENIED THE RIGHT TO RECOVER POSSESSION OF PREMISES FOR NONPAYMENT OF RENT UNTIL A VALID REGISTRATION STATEMENT IS FILED.",,9.0,VIOLATION DISMISSED,01/15/2019,,Close,N,2017,
3654,305,3032970001,25,M,,289,CENTRAL,AVENUE,11221,289 CENTRAL AVENUE,310,BUSHWICK II (GROUPS A & C),7/18/19,BROOKLYN,300,both,10567308,218634,375241.0,3,3325694.0,289,277,291,CENTRAL AVENUE,I,2015-02-18,2015-02-18,,,,,,780.0,,"§27-2107 ADM CODE OWNER FAILED TO FILE A VALID REGISTRATION STATEMENT WITH THE DEPARTMENT AS REQUIRED BY ADM CODE §27-2097 AND IS THEREFORE SUBJECT TO CIVIL PENALTIES, PROHIBITED FROM CERTIFYING VIOLATIONS, AND DENIED THE RIGHT TO RECOVER POSSESSION OF PREMISES FOR NONPAYMENT OF RENT UNTIL A VALID REGISTRATION STATEMENT IS FILED.",,9.0,VIOLATION DISMISSED,01/15/2019,,Close,N,2015,
3655,305,3032970001,25,M,,289,CENTRAL,AVENUE,11221,289 CENTRAL AVENUE,310,BUSHWICK II (GROUPS A & C),7/18/19,BROOKLYN,300,both,10923656,218634,375241.0,3,3325694.0,289,277,291,CENTRAL AVENUE,I,2015-10-08,2015-10-08,,,,,,780.0,,"§27-2107 ADM CODE OWNER FAILED TO FILE A VALID REGISTRATION STATEMENT WITH THE DEPARTMENT AS REQUIRED BY ADM CODE §27-2097 AND IS THEREFORE SUBJECT TO CIVIL PENALTIES, PROHIBITED FROM CERTIFYING VIOLATIONS, AND DENIED THE RIGHT TO RECOVER POSSESSION OF PREMISES FOR NONPAYMENT OF RENT UNTIL A VALID REGISTRATION STATEMENT IS FILED.",,9.0,VIOLATION DISMISSED,01/15/2019,,Close,N,2015,
3656,305,3032970001,25,M,,289,CENTRAL,AVENUE,11221,289 CENTRAL AVENUE,310,BUSHWICK II (GROUPS A & C),7/18/19,BROOKLYN,300,both,11487782,218634,375241.0,3,3325694.0,289,277,291,CENTRAL AVENUE,I,2016-11-04,2016-11-04,,,,,,780.0,,"§27-2107 ADM CODE OWNER FAILED TO FILE A VALID REGISTRATION STATEMENT WITH THE DEPARTMENT AS REQUIRED BY ADM CODE §27-2097 AND IS THEREFORE SUBJECT TO CIVIL PENALTIES, PROHIBITED FROM CERTIFYING VIOLATIONS, AND DENIED THE RIGHT TO RECOVER POSSESSION OF PREMISES FOR NONPAYMENT OF RENT UNTIL A VALID REGISTRATION STATEMENT IS FILED.",,9.0,VIOLATION DISMISSED,01/15/2019,,Close,N,2016,
3673,305,3032970001,25,M,,289,CENTRAL,AVENUE,11221,289 CENTRAL AVENUE,310,BUSHWICK II (GROUPS A & C),7/18/19,BROOKLYN,300,both,12664414,218634,375241.0,3,3325694.0,289,277,291,CENTRAL AVENUE,I,2018-10-16,2018-10-16,,,,,,780.0,,"§27-2107 ADM CODE OWNER FAILED TO FILE A VALID REGISTRATION STATEMENT WITH THE DEPARTMENT AS REQUIRED BY ADM CODE §27-2097 AND IS THEREFORE SUBJECT TO CIVIL PENALTIES, PROHIBITED FROM CERTIFYING VIOLATIONS, AND DENIED THE RIGHT TO RECOVER POSSESSION OF PREMISES FOR NONPAYMENT OF RENT UNTIL A VALID REGISTRATION STATEMENT IS FILED.",,9.0,VIOLATION DISMISSED,01/15/2019,,Close,N,2018,
3756,312,3032760001,9,M,,160,HIMROD,STREET,11221,160 HIMROD STREET,297,BUSHWICK II (GROUPS A & C),7/18/19,BROOKLYN,300,both,10601446,808532,375217.0,3,3325660.0,160,160,160,HIMROD STREET,I,2015-03-02,2015-03-02,,,,,,780.0,,"§27-2107 ADM CODE OWNER FAILED TO FILE A VALID REGISTRATION STATEMENT WITH THE DEPARTMENT AS REQUIRED BY ADM CODE §27-2097 AND IS THEREFORE SUBJECT TO CIVIL PENALTIES, PROHIBITED FROM CERTIFYING VIOLATIONS, AND DENIED THE RIGHT TO RECOVER POSSESSION OF PREMISES FOR NONPAYMENT OF RENT UNTIL A VALID REGISTRATION STATEMENT IS FILED.",,9.0,VIOLATION DISMISSED,01/17/2019,,Close,N,2015,
3757,312,3032760001,9,M,,160,HIMROD,STREET,11221,160 HIMROD STREET,297,BUSHWICK II (GROUPS A & C),7/18/19,BROOKLYN,300,both,10962947,808532,375217.0,3,3325660.0,160,160,160,HIMROD STREET,I,2015-10-19,2015-10-19,,,,,,780.0,,"§27-2107 ADM CODE OWNER FAILED TO FILE A VALID REGISTRATION STATEMENT WITH THE DEPARTMENT AS REQUIRED BY ADM CODE §27-2097 AND IS THEREFORE SUBJECT TO CIVIL PENALTIES, PROHIBITED FROM CERTIFYING VIOLATIONS, AND DENIED THE RIGHT TO RECOVER POSSESSION OF PREMISES FOR NONPAYMENT OF RENT UNTIL A VALID REGISTRATION STATEMENT IS FILED.",,9.0,VIOLATION DISMISSED,01/17/2019,,Close,N,2015,
3758,312,3032760001,9,M,,160,HIMROD,STREET,11221,160 HIMROD STREET,297,BUSHWICK II (GROUPS A & C),7/18/19,BROOKLYN,300,both,11535097,808532,375217.0,3,3325660.0,160,160,160,HIMROD STREET,I,2016-11-23,2016-11-23,,,,,,780.0,,"§27-2107 ADM CODE OWNER FAILED TO FILE A VALID REGISTRATION STATEMENT WITH THE DEPARTMENT AS REQUIRED BY ADM CODE §27-2097 AND IS THEREFORE SUBJECT TO CIVIL PENALTIES, PROHIBITED FROM CERTIFYING VIOLATIONS, AND DENIED THE RIGHT TO RECOVER POSSESSION OF PREMISES FOR NONPAYMENT OF RENT UNTIL A VALID REGISTRATION STATEMENT IS FILED.",,9.0,VIOLATION DISMISSED,01/17/2019,,Close,N,2016,
3759,312,3032760001,9,M,,160,HIMROD,STREET,11221,160 HIMROD STREET,297,BUSHWICK II (GROUPS A & C),7/18/19,BROOKLYN,300,both,12128053,808532,375217.0,3,3325660.0,160,160,160,HIMROD STREET,I,2017-12-06,2017-12-06,,,,,,780.0,,"§27-2107 ADM CODE OWNER FAILED TO FILE A VALID REGISTRATION STATEMENT WITH THE DEPARTMENT AS REQUIRED BY ADM CODE §27-2097 AND IS THEREFORE SUBJECT TO CIVIL PENALTIES, PROHIBITED FROM CERTIFYING VIOLATIONS, AND DENIED THE RIGHT TO RECOVER POSSESSION OF PREMISES FOR NONPAYMENT OF RENT UNTIL A VALID REGISTRATION STATEMENT IS FILED.",,9.0,VIOLATION DISMISSED,01/17/2019,,Close,N,2017,
3760,312,3032760001,9,M,,160,HIMROD,STREET,11221,160 HIMROD STREET,297,BUSHWICK II (GROUPS A & C),7/18/19,BROOKLYN,300,both,12701166,808532,375217.0,3,3325660.0,160,160,160,HIMROD STREET,I,2018-10-24,2018-10-24,,,,,,780.0,,"§27-2107 ADM CODE OWNER FAILED TO FILE A VALID REGISTRATION STATEMENT WITH THE DEPARTMENT AS REQUIRED BY ADM CODE §27-2097 AND IS THEREFORE SUBJECT TO CIVIL PENALTIES, PROHIBITED FROM CERTIFYING VIOLATIONS, AND DENIED THE RIGHT TO RECOVER POSSESSION OF PREMISES FOR NONPAYMENT OF RENT UNTIL A VALID REGISTRATION STATEMENT IS FILED.",,9.0,VIOLATION DISMISSED,01/17/2019,,Close,N,2018,
3909,325,3033590029,38,M,,440,CENTRAL,AVENUE,11221,440 CENTRAL AVENUE,333,BUSHWICK II (GROUPS B & D),7/18/19,BROOKLYN,300,both,11487777,218690,375200.0,3,3076768.0,440,432,450,CENTRAL AVENUE,I,2016-11-04,2016-11-04,,,,,,780.0,,"§27-2107 ADM CODE OWNER FAILED TO FILE A VALID REGISTRATION STATEMENT WITH THE DEPARTMENT AS REQUIRED BY ADM CODE §27-2097 AND IS THEREFORE SUBJECT TO CIVIL PENALTIES, PROHIBITED FROM CERTIFYING VIOLATIONS, AND DENIED THE RIGHT TO RECOVER POSSESSION OF PREMISES FOR NONPAYMENT OF RENT UNTIL A VALID REGISTRATION STATEMENT IS FILED.",,9.0,VIOLATION DISMISSED,01/15/2019,,Close,N,2016,
3910,325,3033590029,38,M,,440,CENTRAL,AVENUE,11221,440 CENTRAL AVENUE,333,BUSHWICK II (GROUPS B & D),7/18/19,BROOKLYN,300,both,10567303,218690,375200.0,3,3076768.0,440,432,450,CENTRAL AVENUE,I,2015-02-18,2015-02-18,,,,,,780.0,,"§27-2107 ADM CODE OWNER FAILED TO FILE A VALID REGISTRATION STATEMENT WITH THE DEPARTMENT AS REQUIRED BY ADM CODE §27-2097 AND IS THEREFORE SUBJECT TO CIVIL PENALTIES, PROHIBITED FROM CERTIFYING VIOLATIONS, AND DENIED THE RIGHT TO RECOVER POSSESSION OF PREMISES FOR NONPAYMENT OF RENT UNTIL A VALID REGISTRATION STATEMENT IS FILED.",,9.0,VIOLATION DISMISSED,01/15/2019,,Close,N,2015,
3926,325,3033590029,38,M,,440,CENTRAL,AVENUE,11221,440 CENTRAL AVENUE,333,BUSHWICK II (GROUPS B & D),7/18/19,BROOKLYN,300,both,10923650,218690,375200.0,3,3076768.0,440,432,450,CENTRAL AVENUE,I,2015-10-08,2015-10-08,,,,,,780.0,,"§27-2107 ADM CODE OWNER FAILED TO FILE A VALID REGISTRATION STATEMENT WITH THE DEPARTMENT AS REQUIRED BY ADM CODE §27-2097 AND IS THEREFORE SUBJECT TO CIVIL PENALTIES, PROHIBITED FROM CERTIFYING VIOLATIONS, AND DENIED THE RIGHT TO RECOVER POSSESSION OF PREMISES FOR NONPAYMENT OF RENT UNTIL A VALID REGISTRATION STATEMENT IS FILED.",,9.0,VIOLATION DISMISSED,01/15/2019,,Close,N,2015,
3927,325,3033590029,38,M,,440,CENTRAL,AVENUE,11221,440 CENTRAL AVENUE,333,BUSHWICK II (GROUPS B & D),7/18/19,BROOKLYN,300,both,12085550,218690,375200.0,3,3076768.0,440,432,450,CENTRAL AVENUE,I,2017-11-20,2017-11-20,,,,,,780.0,,"§27-2107 ADM CODE OWNER FAILED TO FILE A VALID REGISTRATION STATEMENT WITH THE DEPARTMENT AS REQUIRED BY ADM CODE §27-2097 AND IS THEREFORE SUBJECT TO CIVIL PENALTIES, PROHIBITED FROM CERTIFYING VIOLATIONS, AND DENIED THE RIGHT TO RECOVER POSSESSION OF PREMISES FOR NONPAYMENT OF RENT UNTIL A VALID REGISTRATION STATEMENT IS FILED.",,9.0,VIOLATION DISMISSED,01/15/2019,,Close,N,2017,
3928,325,3033590029,38,M,,440,CENTRAL,AVENUE,11221,440 CENTRAL AVENUE,333,BUSHWICK II (GROUPS B & D),7/18/19,BROOKLYN,300,both,12664427,218690,375200.0,3,3076768.0,440,432,450,CENTRAL AVENUE,I,2018-10-16,2018-10-16,,,,,,780.0,,"§27-2107 ADM CODE OWNER FAILED TO FILE A VALID REGISTRATION STATEMENT WITH THE DEPARTMENT AS REQUIRED BY ADM CODE §27-2097 AND IS THEREFORE SUBJECT TO CIVIL PENALTIES, PROHIBITED FROM CERTIFYING VIOLATIONS, AND DENIED THE RIGHT TO RECOVER POSSESSION OF PREMISES FOR NONPAYMENT OF RENT UNTIL A VALID REGISTRATION STATEMENT IS FILED.",,9.0,VIOLATION DISMISSED,01/15/2019,,Close,N,2018,
4296,385,2029280028,1,M,,544,CLAREMONT,PARKWAY,10457,544 CLAREMONT PARKWAY,387,CLAREMONT PARKWAY-FRANKLIN AVENUE,11/28/23,BRONX,188,both,16398962,56605,222289.0,2,2092128.0,544,544,560,CLAREMONT PARKWAY,I,2023-11-16,2023-11-16,,,,,,780.0,,"§27-2107 ADM CODE OWNER FAILED TO FILE A VALID REGISTRATION STATEMENT WITH THE DEPARTMENT AS REQUIRED BY ADM CODE §27-2097 AND IS THEREFORE SUBJECT TO CIVIL PENALTIES, PROHIBITED FROM CERTIFYING VIOLATIONS, AND DENIED THE RIGHT TO RECOVER POSSESSION OF PREMISES FOR NONPAYMENT OF RENT UNTIL A VALID REGISTRATION STATEMENT IS FILED.",,9.0,VIOLATION DISMISSED,11/29/2023,,Close,N,2023,
4297,385,2029280028,1,M,,544,CLAREMONT,PARKWAY,10457,544 CLAREMONT PARKWAY,387,CLAREMONT PARKWAY-FRANKLIN AVENUE,11/28/23,BRONX,188,both,10533540,56605,222289.0,2,2092128.0,544,544,560,CLAREMONT PARKWAY,I,2015-02-03,2015-02-03,,,,,,780.0,,"§27-2107 ADM CODE OWNER FAILED TO FILE A VALID REGISTRATION STATEMENT WITH THE DEPARTMENT AS REQUIRED BY ADM CODE §27-2097 AND IS THEREFORE SUBJECT TO CIVIL PENALTIES, PROHIBITED FROM CERTIFYING VIOLATIONS, AND DENIED THE RIGHT TO RECOVER POSSESSION OF PREMISES FOR NONPAYMENT OF RENT UNTIL A VALID REGISTRATION STATEMENT IS FILED.",,9.0,VIOLATION DISMISSED,01/15/2019,,Close,N,2015,
4298,385,2029280028,1,M,,544,CLAREMONT,PARKWAY,10457,544 CLAREMONT PARKWAY,387,CLAREMONT PARKWAY-FRANKLIN AVENUE,11/28/23,BRONX,188,both,12061143,56605,222289.0,2,2092128.0,544,544,560,CLAREMONT PARKWAY,I,2017-11-09,2017-11-09,,,,,,780.0,,"§27-2107 ADM CODE OWNER FAILED TO FILE A VALID REGISTRATION STATEMENT WITH THE DEPARTMENT AS REQUIRED BY ADM CODE §27-2097 AND IS THEREFORE SUBJECT TO CIVIL PENALTIES, PROHIBITED FROM CERTIFYING VIOLATIONS, AND DENIED THE RIGHT TO RECOVER POSSESSION OF PREMISES FOR NONPAYMENT OF RENT UNTIL A VALID REGISTRATION STATEMENT IS FILED.",,9.0,VIOLATION DISMISSED,01/15/2019,,Close,N,2017,
4299,385,2029280028,1,M,,544,CLAREMONT,PARKWAY,10457,544 CLAREMONT PARKWAY,387,CLAREMONT PARKWAY-FRANKLIN AVENUE,11/28/23,BRONX,188,both,10895768,56605,222289.0,2,2092128.0,544,544,560,CLAREMONT PARKWAY,I,2015-10-02,2015-10-02,,,,,,780.0,,"§27-2107 ADM CODE OWNER FAILED TO FILE A VALID REGISTRATION STATEMENT WITH THE DEPARTMENT AS REQUIRED BY ADM CODE §27-2097 AND IS THEREFORE SUBJECT TO CIVIL PENALTIES, PROHIBITED FROM CERTIFYING VIOLATIONS, AND DENIED THE RIGHT TO RECOVER POSSESSION OF PREMISES FOR NONPAYMENT OF RENT UNTIL A VALID REGISTRATION STATEMENT IS FILED.",,9.0,VIOLATION DISMISSED,01/15/2019,,Close,N,2015,
4300,385,2029280028,1,M,,544,CLAREMONT,PARKWAY,10457,544 CLAREMONT PARKWAY,387,CLAREMONT PARKWAY-FRANKLIN AVENUE,11/28/23,BRONX,188,both,11462577,56605,222289.0,2,2092128.0,544,544,560,CLAREMONT PARKWAY,I,2016-10-27,2016-10-27,,,,,,780.0,,"§27-2107 ADM CODE OWNER FAILED TO FILE A VALID REGISTRATION STATEMENT WITH THE DEPARTMENT AS REQUIRED BY ADM CODE §27-2097 AND IS THEREFORE SUBJECT TO CIVIL PENALTIES, PROHIBITED FROM CERTIFYING VIOLATIONS, AND DENIED THE RIGHT TO RECOVER POSSESSION OF PREMISES FOR NONPAYMENT OF RENT UNTIL A VALID REGISTRATION STATEMENT IS FILED.",,9.0,VIOLATION DISMISSED,01/15/2019,,Close,N,2016,
4301,385,2029280028,1,M,,544,CLAREMONT,PARKWAY,10457,544 CLAREMONT PARKWAY,387,CLAREMONT PARKWAY-FRANKLIN AVENUE,11/28/23,BRONX,188,both,12638134,56605,222289.0,2,2092128.0,544,544,560,CLAREMONT PARKWAY,I,2018-10-10,2018-10-10,,,,,,780.0,,"§27-2107 ADM CODE OWNER FAILED TO FILE A VALID REGISTRATION STATEMENT WITH THE DEPARTMENT AS REQUIRED BY ADM CODE §27-2097 AND IS THEREFORE SUBJECT TO CIVIL PENALTIES, PROHIBITED FROM CERTIFYING VIOLATIONS, AND DENIED THE RIGHT TO RECOVER POSSESSION OF PREMISES FOR NONPAYMENT OF RENT UNTIL A VALID REGISTRATION STATEMENT IS FILED.",,9.0,VIOLATION DISMISSED,01/15/2019,,Close,N,2018,
4334,396,3013690058,4,M,,1629,PARK,PLACE,11233,1629 PARK PLACE,404,CROWN HEIGHTS,11/28/23,BROOKLYN,121,both,10582183,351628,325960.0,3,3036364.0,1629,1629,1629,PARK PLACE,I,2015-02-24,2015-02-24,,,,,,780.0,,"§27-2107 ADM CODE OWNER FAILED TO FILE A VALID REGISTRATION STATEMENT WITH THE DEPARTMENT AS REQUIRED BY ADM CODE §27-2097 AND IS THEREFORE SUBJECT TO CIVIL PENALTIES, PROHIBITED FROM CERTIFYING VIOLATIONS, AND DENIED THE RIGHT TO RECOVER POSSESSION OF PREMISES FOR NONPAYMENT OF RENT UNTIL A VALID REGISTRATION STATEMENT IS FILED.",,9.0,VIOLATION DISMISSED,01/16/2019,,Close,N,2015,
4335,396,3013690058,4,M,,1629,PARK,PLACE,11233,1629 PARK PLACE,404,CROWN HEIGHTS,11/28/23,BROOKLYN,121,both,10935212,351628,325960.0,3,3036364.0,1629,1629,1629,PARK PLACE,I,2015-10-13,2015-10-13,,,,,,780.0,,"§27-2107 ADM CODE OWNER FAILED TO FILE A VALID REGISTRATION STATEMENT WITH THE DEPARTMENT AS REQUIRED BY ADM CODE §27-2097 AND IS THEREFORE SUBJECT TO CIVIL PENALTIES, PROHIBITED FROM CERTIFYING VIOLATIONS, AND DENIED THE RIGHT TO RECOVER POSSESSION OF PREMISES FOR NONPAYMENT OF RENT UNTIL A VALID REGISTRATION STATEMENT IS FILED.",,9.0,VIOLATION DISMISSED,01/16/2019,,Close,N,2015,
4336,396,3013690058,4,M,,1629,PARK,PLACE,11233,1629 PARK PLACE,404,CROWN HEIGHTS,11/28/23,BROOKLYN,121,both,11505615,351628,325960.0,3,3036364.0,1629,1629,1629,PARK PLACE,I,2016-11-14,2016-11-14,,,,,,780.0,,"§27-2107 ADM CODE OWNER FAILED TO FILE A VALID REGISTRATION STATEMENT WITH THE DEPARTMENT AS REQUIRED BY ADM CODE §27-2097 AND IS THEREFORE SUBJECT TO CIVIL PENALTIES, PROHIBITED FROM CERTIFYING VIOLATIONS, AND DENIED THE RIGHT TO RECOVER POSSESSION OF PREMISES FOR NONPAYMENT OF RENT UNTIL A VALID REGISTRATION STATEMENT IS FILED.",,9.0,VIOLATION DISMISSED,01/16/2019,,Close,N,2016,
4337,396,3013690058,4,M,,1629,PARK,PLACE,11233,1629 PARK PLACE,404,CROWN HEIGHTS,11/28/23,BROOKLYN,121,both,12683955,351628,325960.0,3,3036364.0,1629,1629,1629,PARK PLACE,I,2018-10-19,2018-10-19,,,,,,780.0,,"§27-2107 ADM CODE OWNER FAILED TO FILE A VALID REGISTRATION STATEMENT WITH THE DEPARTMENT AS REQUIRED BY ADM CODE §27-2097 AND IS THEREFORE SUBJECT TO CIVIL PENALTIES, PROHIBITED FROM CERTIFYING VIOLATIONS, AND DENIED THE RIGHT TO RECOVER POSSESSION OF PREMISES FOR NONPAYMENT OF RENT UNTIL A VALID REGISTRATION STATEMENT IS FILED.",,9.0,VIOLATION DISMISSED,01/16/2019,,Close,N,2018,
4346,396,3013690058,4,M,,1629,PARK,PLACE,11233,1629 PARK PLACE,404,CROWN HEIGHTS,11/28/23,BROOKLYN,121,both,12105592,351628,325960.0,3,3036364.0,1629,1629,1629,PARK PLACE,I,2017-11-28,2017-11-28,,,,,,780.0,,"§27-2107 ADM CODE OWNER FAILED TO FILE A VALID REGISTRATION STATEMENT WITH THE DEPARTMENT AS REQUIRED BY ADM CODE §27-2097 AND IS THEREFORE SUBJECT TO CIVIL PENALTIES, PROHIBITED FROM CERTIFYING VIOLATIONS, AND DENIED THE RIGHT TO RECOVER POSSESSION OF PREMISES FOR NONPAYMENT OF RENT UNTIL A VALID REGISTRATION STATEMENT IS FILED.",,9.0,VIOLATION DISMISSED,01/16/2019,,Close,N,2017,
4374,397,3013750029,5,M,,1630,PARK,PLACE,11233,1630 PARK PLACE,405,CROWN HEIGHTS,11/28/23,BROOKLYN,121,both,12683956,351629,363381.0,3,3036636.0,1630,1630,1630,PARK PLACE,I,2018-10-19,2018-10-19,,,,,,780.0,,"§27-2107 ADM CODE OWNER FAILED TO FILE A VALID REGISTRATION STATEMENT WITH THE DEPARTMENT AS REQUIRED BY ADM CODE §27-2097 AND IS THEREFORE SUBJECT TO CIVIL PENALTIES, PROHIBITED FROM CERTIFYING VIOLATIONS, AND DENIED THE RIGHT TO RECOVER POSSESSION OF PREMISES FOR NONPAYMENT OF RENT UNTIL A VALID REGISTRATION STATEMENT IS FILED.",,9.0,VIOLATION DISMISSED,01/16/2019,,Close,N,2018,
4375,397,3013750029,5,M,,1630,PARK,PLACE,11233,1630 PARK PLACE,405,CROWN HEIGHTS,11/28/23,BROOKLYN,121,both,10583614,351629,363381.0,3,3036636.0,1630,1630,1630,PARK PLACE,I,2015-02-24,2015-02-24,,,,,,780.0,,"§27-2107 ADM CODE OWNER FAILED TO FILE A VALID REGISTRATION STATEMENT WITH THE DEPARTMENT AS REQUIRED BY ADM CODE §27-2097 AND IS THEREFORE SUBJECT TO CIVIL PENALTIES, PROHIBITED FROM CERTIFYING VIOLATIONS, AND DENIED THE RIGHT TO RECOVER POSSESSION OF PREMISES FOR NONPAYMENT OF RENT UNTIL A VALID REGISTRATION STATEMENT IS FILED.",,9.0,VIOLATION DISMISSED,01/16/2019,,Close,N,2015,
4376,397,3013750029,5,M,,1630,PARK,PLACE,11233,1630 PARK PLACE,405,CROWN HEIGHTS,11/28/23,BROOKLYN,121,both,10937414,351629,363381.0,3,3036636.0,1630,1630,1630,PARK PLACE,I,2015-10-13,2015-10-13,,,,,,780.0,,"§27-2107 ADM CODE OWNER FAILED TO FILE A VALID REGISTRATION STATEMENT WITH THE DEPARTMENT AS REQUIRED BY ADM CODE §27-2097 AND IS THEREFORE SUBJECT TO CIVIL PENALTIES, PROHIBITED FROM CERTIFYING VIOLATIONS, AND DENIED THE RIGHT TO RECOVER POSSESSION OF PREMISES FOR NONPAYMENT OF RENT UNTIL A VALID REGISTRATION STATEMENT IS FILED.",,9.0,VIOLATION DISMISSED,01/16/2019,,Close,N,2015,
4377,397,3013750029,5,M,,1630,PARK,PLACE,11233,1630 PARK PLACE,405,CROWN HEIGHTS,11/28/23,BROOKLYN,121,both,12105593,351629,363381.0,3,3036636.0,1630,1630,1630,PARK PLACE,I,2017-11-28,2017-11-28,,,,,,780.0,,"§27-2107 ADM CODE OWNER FAILED TO FILE A VALID REGISTRATION STATEMENT WITH THE DEPARTMENT AS REQUIRED BY ADM CODE §27-2097 AND IS THEREFORE SUBJECT TO CIVIL PENALTIES, PROHIBITED FROM CERTIFYING VIOLATIONS, AND DENIED THE RIGHT TO RECOVER POSSESSION OF PREMISES FOR NONPAYMENT OF RENT UNTIL A VALID REGISTRATION STATEMENT IS FILED.",,9.0,VIOLATION DISMISSED,01/16/2019,,Close,N,2017,
4383,397,3013750029,5,M,,1630,PARK,PLACE,11233,1630 PARK PLACE,405,CROWN HEIGHTS,11/28/23,BROOKLYN,121,both,11506688,351629,363381.0,3,3036636.0,1630,1630,1630,PARK PLACE,I,2016-11-14,2016-11-14,,,,,,780.0,,"§27-2107 ADM CODE OWNER FAILED TO FILE A VALID REGISTRATION STATEMENT WITH THE DEPARTMENT AS REQUIRED BY ADM CODE §27-2097 AND IS THEREFORE SUBJECT TO CIVIL PENALTIES, PROHIBITED FROM CERTIFYING VIOLATIONS, AND DENIED THE RIGHT TO RECOVER POSSESSION OF PREMISES FOR NONPAYMENT OF RENT UNTIL A VALID REGISTRATION STATEMENT IS FILED.",,9.0,VIOLATION DISMISSED,01/16/2019,,Close,N,2016,
4387,398,3013750031,6,M,,1636,PARK,PLACE,11233,1636 PARK PLACE,406,CROWN HEIGHTS,11/28/23,BROOKLYN,121,both,12105594,351631,360510.0,3,3036637.0,1636,1636,1636,PARK PLACE,I,2017-11-28,2017-11-28,,,,,,780.0,,"§27-2107 ADM CODE OWNER FAILED TO FILE A VALID REGISTRATION STATEMENT WITH THE DEPARTMENT AS REQUIRED BY ADM CODE §27-2097 AND IS THEREFORE SUBJECT TO CIVIL PENALTIES, PROHIBITED FROM CERTIFYING VIOLATIONS, AND DENIED THE RIGHT TO RECOVER POSSESSION OF PREMISES FOR NONPAYMENT OF RENT UNTIL A VALID REGISTRATION STATEMENT IS FILED.",,9.0,VIOLATION DISMISSED,01/16/2019,,Close,N,2017,
4396,398,3013750031,6,M,,1636,PARK,PLACE,11233,1636 PARK PLACE,406,CROWN HEIGHTS,11/28/23,BROOKLYN,121,both,10583465,351631,360510.0,3,3036637.0,1636,1636,1636,PARK PLACE,I,2015-02-24,2015-02-24,,,,,,780.0,,"§27-2107 ADM CODE OWNER FAILED TO FILE A VALID REGISTRATION STATEMENT WITH THE DEPARTMENT AS REQUIRED BY ADM CODE §27-2097 AND IS THEREFORE SUBJECT TO CIVIL PENALTIES, PROHIBITED FROM CERTIFYING VIOLATIONS, AND DENIED THE RIGHT TO RECOVER POSSESSION OF PREMISES FOR NONPAYMENT OF RENT UNTIL A VALID REGISTRATION STATEMENT IS FILED.",,9.0,VIOLATION DISMISSED,01/16/2019,,Close,N,2015,
4397,398,3013750031,6,M,,1636,PARK,PLACE,11233,1636 PARK PLACE,406,CROWN HEIGHTS,11/28/23,BROOKLYN,121,both,10937257,351631,360510.0,3,3036637.0,1636,1636,1636,PARK PLACE,I,2015-10-13,2015-10-13,,,,,,780.0,,"§27-2107 ADM CODE OWNER FAILED TO FILE A VALID REGISTRATION STATEMENT WITH THE DEPARTMENT AS REQUIRED BY ADM CODE §27-2097 AND IS THEREFORE SUBJECT TO CIVIL PENALTIES, PROHIBITED FROM CERTIFYING VIOLATIONS, AND DENIED THE RIGHT TO RECOVER POSSESSION OF PREMISES FOR NONPAYMENT OF RENT UNTIL A VALID REGISTRATION STATEMENT IS FILED.",,9.0,VIOLATION DISMISSED,01/16/2019,,Close,N,2015,
4398,398,3013750031,6,M,,1636,PARK,PLACE,11233,1636 PARK PLACE,406,CROWN HEIGHTS,11/28/23,BROOKLYN,121,both,11506614,351631,360510.0,3,3036637.0,1636,1636,1636,PARK PLACE,I,2016-11-14,2016-11-14,,,,,,780.0,,"§27-2107 ADM CODE OWNER FAILED TO FILE A VALID REGISTRATION STATEMENT WITH THE DEPARTMENT AS REQUIRED BY ADM CODE §27-2097 AND IS THEREFORE SUBJECT TO CIVIL PENALTIES, PROHIBITED FROM CERTIFYING VIOLATIONS, AND DENIED THE RIGHT TO RECOVER POSSESSION OF PREMISES FOR NONPAYMENT OF RENT UNTIL A VALID REGISTRATION STATEMENT IS FILED.",,9.0,VIOLATION DISMISSED,01/16/2019,,Close,N,2016,
4399,398,3013750031,6,M,,1636,PARK,PLACE,11233,1636 PARK PLACE,406,CROWN HEIGHTS,11/28/23,BROOKLYN,121,both,12683957,351631,360510.0,3,3036637.0,1636,1636,1636,PARK PLACE,I,2018-10-19,2018-10-19,,,,,,780.0,,"§27-2107 ADM CODE OWNER FAILED TO FILE A VALID REGISTRATION STATEMENT WITH THE DEPARTMENT AS REQUIRED BY ADM CODE §27-2097 AND IS THEREFORE SUBJECT TO CIVIL PENALTIES, PROHIBITED FROM CERTIFYING VIOLATIONS, AND DENIED THE RIGHT TO RECOVER POSSESSION OF PREMISES FOR NONPAYMENT OF RENT UNTIL A VALID REGISTRATION STATEMENT IS FILED.",,9.0,VIOLATION DISMISSED,01/16/2019,,Close,N,2018,
4421,399,3013750034,7,M,,1640,PARK,PLACE,11233,1640 PARK PLACE,407,CROWN HEIGHTS,11/28/23,BROOKLYN,121,both,10581757,351633,316251.0,3,3036638.0,1640,1640,1640,PARK PLACE,I,2015-02-24,2015-02-24,,,,,,780.0,,"§27-2107 ADM CODE OWNER FAILED TO FILE A VALID REGISTRATION STATEMENT WITH THE DEPARTMENT AS REQUIRED BY ADM CODE §27-2097 AND IS THEREFORE SUBJECT TO CIVIL PENALTIES, PROHIBITED FROM CERTIFYING VIOLATIONS, AND DENIED THE RIGHT TO RECOVER POSSESSION OF PREMISES FOR NONPAYMENT OF RENT UNTIL A VALID REGISTRATION STATEMENT IS FILED.",,9.0,VIOLATION DISMISSED,01/16/2019,,Close,N,2015,
4427,399,3013750034,7,M,,1640,PARK,PLACE,11233,1640 PARK PLACE,407,CROWN HEIGHTS,11/28/23,BROOKLYN,121,both,10934529,351633,316251.0,3,3036638.0,1640,1640,1640,PARK PLACE,I,2015-10-13,2015-10-13,,,,,,780.0,,"§27-2107 ADM CODE OWNER FAILED TO FILE A VALID REGISTRATION STATEMENT WITH THE DEPARTMENT AS REQUIRED BY ADM CODE §27-2097 AND IS THEREFORE SUBJECT TO CIVIL PENALTIES, PROHIBITED FROM CERTIFYING VIOLATIONS, AND DENIED THE RIGHT TO RECOVER POSSESSION OF PREMISES FOR NONPAYMENT OF RENT UNTIL A VALID REGISTRATION STATEMENT IS FILED.",,9.0,VIOLATION DISMISSED,01/16/2019,,Close,N,2015,
4428,399,3013750034,7,M,,1640,PARK,PLACE,11233,1640 PARK PLACE,407,CROWN HEIGHTS,11/28/23,BROOKLYN,121,both,11505273,351633,316251.0,3,3036638.0,1640,1640,1640,PARK PLACE,I,2016-11-14,2016-11-14,,,,,,780.0,,"§27-2107 ADM CODE OWNER FAILED TO FILE A VALID REGISTRATION STATEMENT WITH THE DEPARTMENT AS REQUIRED BY ADM CODE §27-2097 AND IS THEREFORE SUBJECT TO CIVIL PENALTIES, PROHIBITED FROM CERTIFYING VIOLATIONS, AND DENIED THE RIGHT TO RECOVER POSSESSION OF PREMISES FOR NONPAYMENT OF RENT UNTIL A VALID REGISTRATION STATEMENT IS FILED.",,9.0,VIOLATION DISMISSED,01/16/2019,,Close,N,2016,
4429,399,3013750034,7,M,,1640,PARK,PLACE,11233,1640 PARK PLACE,407,CROWN HEIGHTS,11/28/23,BROOKLYN,121,both,12105595,351633,316251.0,3,3036638.0,1640,1640,1640,PARK PLACE,I,2017-11-28,2017-11-28,,,,,,780.0,,"§27-2107 ADM CODE OWNER FAILED TO FILE A VALID REGISTRATION STATEMENT WITH THE DEPARTMENT AS REQUIRED BY ADM CODE §27-2097 AND IS THEREFORE SUBJECT TO CIVIL PENALTIES, PROHIBITED FROM CERTIFYING VIOLATIONS, AND DENIED THE RIGHT TO RECOVER POSSESSION OF PREMISES FOR NONPAYMENT OF RENT UNTIL A VALID REGISTRATION STATEMENT IS FILED.",,9.0,VIOLATION DISMISSED,01/16/2019,,Close,N,2017,
4430,399,3013750034,7,M,,1640,PARK,PLACE,11233,1640 PARK PLACE,407,CROWN HEIGHTS,11/28/23,BROOKLYN,121,both,12684017,351633,316251.0,3,3036638.0,1640,1640,1640,PARK PLACE,I,2018-10-19,2018-10-19,,,,,,780.0,,"§27-2107 ADM CODE OWNER FAILED TO FILE A VALID REGISTRATION STATEMENT WITH THE DEPARTMENT AS REQUIRED BY ADM CODE §27-2097 AND IS THEREFORE SUBJECT TO CIVIL PENALTIES, PROHIBITED FROM CERTIFYING VIOLATIONS, AND DENIED THE RIGHT TO RECOVER POSSESSION OF PREMISES FOR NONPAYMENT OF RENT UNTIL A VALID REGISTRATION STATEMENT IS FILED.",,9.0,VIOLATION DISMISSED,01/16/2019,,Close,N,2018,
4451,400,3013750036,8,M,,1646,PARK,PLACE,11233,1646 PARK PLACE,408,CROWN HEIGHTS,11/28/23,BROOKLYN,121,both,10581690,351635,314407.0,3,3036639.0,1646,1646,1646,PARK PLACE,I,2015-02-24,2015-02-24,,,,,,780.0,,"§27-2107 ADM CODE OWNER FAILED TO FILE A VALID REGISTRATION STATEMENT WITH THE DEPARTMENT AS REQUIRED BY ADM CODE §27-2097 AND IS THEREFORE SUBJECT TO CIVIL PENALTIES, PROHIBITED FROM CERTIFYING VIOLATIONS, AND DENIED THE RIGHT TO RECOVER POSSESSION OF PREMISES FOR NONPAYMENT OF RENT UNTIL A VALID REGISTRATION STATEMENT IS FILED.",,9.0,VIOLATION DISMISSED,01/16/2019,,Close,N,2015,
4452,400,3013750036,8,M,,1646,PARK,PLACE,11233,1646 PARK PLACE,408,CROWN HEIGHTS,11/28/23,BROOKLYN,121,both,10934403,351635,314407.0,3,3036639.0,1646,1646,1646,PARK PLACE,I,2015-10-13,2015-10-13,,,,,,780.0,,"§27-2107 ADM CODE OWNER FAILED TO FILE A VALID REGISTRATION STATEMENT WITH THE DEPARTMENT AS REQUIRED BY ADM CODE §27-2097 AND IS THEREFORE SUBJECT TO CIVIL PENALTIES, PROHIBITED FROM CERTIFYING VIOLATIONS, AND DENIED THE RIGHT TO RECOVER POSSESSION OF PREMISES FOR NONPAYMENT OF RENT UNTIL A VALID REGISTRATION STATEMENT IS FILED.",,9.0,VIOLATION DISMISSED,01/16/2019,,Close,N,2015,
4453,400,3013750036,8,M,,1646,PARK,PLACE,11233,1646 PARK PLACE,408,CROWN HEIGHTS,11/28/23,BROOKLYN,121,both,11505200,351635,314407.0,3,3036639.0,1646,1646,1646,PARK PLACE,I,2016-11-14,2016-11-14,,,,,,780.0,,"§27-2107 ADM CODE OWNER FAILED TO FILE A VALID REGISTRATION STATEMENT WITH THE DEPARTMENT AS REQUIRED BY ADM CODE §27-2097 AND IS THEREFORE SUBJECT TO CIVIL PENALTIES, PROHIBITED FROM CERTIFYING VIOLATIONS, AND DENIED THE RIGHT TO RECOVER POSSESSION OF PREMISES FOR NONPAYMENT OF RENT UNTIL A VALID REGISTRATION STATEMENT IS FILED.",,9.0,VIOLATION DISMISSED,01/16/2019,,Close,N,2016,
4456,400,3013750036,8,M,,1646,PARK,PLACE,11233,1646 PARK PLACE,408,CROWN HEIGHTS,11/28/23,BROOKLYN,121,both,12105596,351635,314407.0,3,3036639.0,1646,1646,1646,PARK PLACE,I,2017-11-28,2017-11-28,,,,,,780.0,,"§27-2107 ADM CODE OWNER FAILED TO FILE A VALID REGISTRATION STATEMENT WITH THE DEPARTMENT AS REQUIRED BY ADM CODE §27-2097 AND IS THEREFORE SUBJECT TO CIVIL PENALTIES, PROHIBITED FROM CERTIFYING VIOLATIONS, AND DENIED THE RIGHT TO RECOVER POSSESSION OF PREMISES FOR NONPAYMENT OF RENT UNTIL A VALID REGISTRATION STATEMENT IS FILED.",,9.0,VIOLATION DISMISSED,01/16/2019,,Close,N,2017,
4460,400,3013750036,8,M,,1646,PARK,PLACE,11233,1646 PARK PLACE,408,CROWN HEIGHTS,11/28/23,BROOKLYN,121,both,12684018,351635,314407.0,3,3036639.0,1646,1646,1646,PARK PLACE,I,2018-10-19,2018-10-19,,,,,,780.0,,"§27-2107 ADM CODE OWNER FAILED TO FILE A VALID REGISTRATION STATEMENT WITH THE DEPARTMENT AS REQUIRED BY ADM CODE §27-2097 AND IS THEREFORE SUBJECT TO CIVIL PENALTIES, PROHIBITED FROM CERTIFYING VIOLATIONS, AND DENIED THE RIGHT TO RECOVER POSSESSION OF PREMISES FOR NONPAYMENT OF RENT UNTIL A VALID REGISTRATION STATEMENT IS FILED.",,9.0,VIOLATION DISMISSED,01/16/2019,,Close,N,2018,
4481,401,2026800019,1,M,,1150,UNION,AVENUE,10459,1150 UNION AVENUE,409,DAVIDSON,11/28/23,BRONX,175,both,16399894,116401,228807.0,2,2005038.0,1150,1150,1154,UNION AVENUE,I,2023-11-16,2023-11-16,,,,,,780.0,,"§27-2107 ADM CODE OWNER FAILED TO FILE A VALID REGISTRATION STATEMENT WITH THE DEPARTMENT AS REQUIRED BY ADM CODE §27-2097 AND IS THEREFORE SUBJECT TO CIVIL PENALTIES, PROHIBITED FROM CERTIFYING VIOLATIONS, AND DENIED THE RIGHT TO RECOVER POSSESSION OF PREMISES FOR NONPAYMENT OF RENT UNTIL A VALID REGISTRATION STATEMENT IS FILED.",,9.0,VIOLATION DISMISSED,11/24/2023,,Close,N,2023,
4486,406,2026200036,1,M,,905,EAGLE,AVENUE,10456,905 EAGLE AVENUE,413,EAGLE AVENUE-EAST 163RD STREET,11/28/23,BRONX,66,both,8750813,62336,228808.0,2,2004383.0,905,905,907,EAGLE AVENUE,B,2010-12-29,2010-12-30,02/21/2011,02/07/2011,,,,501.0,4083865.0,"§ 27-2005 ADM CODE PROPERLY REPAIR THE BROKEN OR DEFECTIVE SINK CABINET IN THE KITCHEN LOCATED AT APT 6L, 6th STORY, 2nd APARTMENT FROM WEST AT NORTH",2011-01-03,19.0,VIOLATION CLOSED,04/27/2023,Original,Close,N,2010,2011.0
4487,406,2026200036,1,M,,905,EAGLE,AVENUE,10456,905 EAGLE AVENUE,413,EAGLE AVENUE-EAST 163RD STREET,11/28/23,BRONX,66,both,16398554,62336,228808.0,2,2004383.0,905,905,907,EAGLE AVENUE,I,2023-11-16,2023-11-16,,,,,,780.0,,"§27-2107 ADM CODE OWNER FAILED TO FILE A VALID REGISTRATION STATEMENT WITH THE DEPARTMENT AS REQUIRED BY ADM CODE §27-2097 AND IS THEREFORE SUBJECT TO CIVIL PENALTIES, PROHIBITED FROM CERTIFYING VIOLATIONS, AND DENIED THE RIGHT TO RECOVER POSSESSION OF PREMISES FOR NONPAYMENT OF RENT UNTIL A VALID REGISTRATION STATEMENT IS FILED.",,9.0,VIOLATION DISMISSED,11/24/2023,,Close,N,2023,
4489,406,2026200036,1,M,,905,EAGLE,AVENUE,10456,905 EAGLE AVENUE,413,EAGLE AVENUE-EAST 163RD STREET,11/28/23,BRONX,66,both,7038490,62336,228808.0,2,2004383.0,905,905,907,EAGLE AVENUE,B,2007-12-01,2007-12-02,01/21/2008,01/07/2008,,,,566.0,3163178.0,"§ 27-2018 ADM CODE ABATE THE NUISANCE CONSISTING OF VERMIN ROACHES IN THE ENTIRE APARTMENT LOCATED AT APT 1G, 1st STORY, 2nd APARTMENT FROM NORTH AT EAST , SECTION AT SOUTH",2007-12-03,19.0,VIOLATION CLOSED,03/10/2023,Original,Close,N,2007,2007.0
4490,406,2026200036,1,M,,905,EAGLE,AVENUE,10456,905 EAGLE AVENUE,413,EAGLE AVENUE-EAST 163RD STREET,11/28/23,BRONX,66,both,7038462,62336,228808.0,2,2004383.0,905,905,907,EAGLE AVENUE,B,2007-12-01,2007-12-02,01/21/2008,01/07/2008,,,,508.0,3163178.0,"§ 27-2005 ADM CODE REPAIR THE BROKEN OR DEFECTIVE PLASTERED SURFACES AND PAINT IN A UNIFORM COLOR NORTH WALL IN THE KITCHEN LOCATED AT APT 1G, 1st STORY, 2nd APARTMENT FROM NORTH AT EAST , SECTION AT SOUTH",2007-12-03,19.0,VIOLATION CLOSED,03/10/2023,Original,Close,N,2007,2007.0
4491,406,2026200036,1,M,,905,EAGLE,AVENUE,10456,905 EAGLE AVENUE,413,EAGLE AVENUE-EAST 163RD STREET,11/28/23,BRONX,66,both,7038465,62336,228808.0,2,2004383.0,905,905,907,EAGLE AVENUE,B,2007-12-01,2007-12-02,01/21/2008,01/07/2008,,,,508.0,3163178.0,"§ 27-2005 ADM CODE REPAIR THE BROKEN OR DEFECTIVE PLASTERED SURFACES AND PAINT IN A UNIFORM COLOR NORTH AND SOUTH WALL IN THE 3rd ROOM FROM NORTH AT EAST LOCATED AT APT 1G, 1st STORY, 2nd APARTMENT FROM NORTH AT EAST , SECTION AT SOUTH",2007-12-03,19.0,VIOLATION CLOSED,03/10/2023,Original,Close,N,2007,2007.0
4492,406,2026200036,1,M,,905,EAGLE,AVENUE,10456,905 EAGLE AVENUE,413,EAGLE AVENUE-EAST 163RD STREET,11/28/23,BRONX,66,both,7038492,62336,228808.0,2,2004383.0,905,905,907,EAGLE AVENUE,A,2007-12-01,2007-12-02,03/21/2008,03/07/2008,,,,556.0,3163177.0,"§ 27-2013 ADM CODE PAINT WITH LIGHT COLORED PAINT TO THE SATISFACTION OF THIS DEPARTMENT CEILINGS, AND WALLS IN THE ENTIRE APARTMENT LOCATED AT APT 1G, 1st STORY, 2nd APARTMENT FROM NORTH AT EAST , SECTION AT SOUTH",2007-12-03,19.0,VIOLATION CLOSED,03/10/2023,Original,Close,N,2007,2007.0
4493,406,2026200036,1,M,,905,EAGLE,AVENUE,10456,905 EAGLE AVENUE,413,EAGLE AVENUE-EAST 163RD STREET,11/28/23,BRONX,66,both,8750815,62336,228808.0,2,2004383.0,905,905,907,EAGLE AVENUE,B,2010-12-29,2010-12-30,02/21/2011,02/07/2011,,,,501.0,4083865.0,"§ 27-2005 ADM CODE PROPERLY REPAIR THE BROKEN OR DEFECTIVE FLOOR IN THE KITCHEN LOCATED AT APT 6L, 6th STORY, 2nd APARTMENT FROM WEST AT NORTH",2011-01-03,19.0,VIOLATION CLOSED,04/27/2023,Original,Close,N,2010,2011.0
4494,406,2026200036,1,M,,905,EAGLE,AVENUE,10456,905 EAGLE AVENUE,413,EAGLE AVENUE-EAST 163RD STREET,11/28/23,BRONX,66,both,7038460,62336,228808.0,2,2004383.0,905,905,907,EAGLE AVENUE,B,2007-12-01,2007-12-02,01/21/2008,01/07/2008,,,,505.0,3163178.0,"§ 27-2005 ADM CODE REPLACE WITH NEW THE BROKEN OR DEFECTIVE KITCHENSINK CABINET IN THE KITCHEN LOCATED AT APT 1G, 1st STORY, 2nd APARTMENT FROM NORTH AT EAST , SECTION AT SOUTH",2007-12-03,19.0,VIOLATION CLOSED,03/10/2023,Original,Close,N,2007,2007.0
4501,406,2026200036,1,M,,905,EAGLE,AVENUE,10456,905 EAGLE AVENUE,413,EAGLE AVENUE-EAST 163RD STREET,11/28/23,BRONX,66,both,10958610,62336,228808.0,2,2004383.0,905,905,907,EAGLE AVENUE,B,2015-10-16,2015-10-16,12/07/2015,11/23/2015,,,,686.0,5278802.0,§ 27-2040 ADM CODE PROVIDE ADEQUATE LIGHTING AT OR NEAR THE OUTSIDE OF THE FRONT ENTRANCEWAY OF THE BUILDING AND KEEP SAME BURNING FROM SUNSET EVERY DAY TO SUNRISE ON THE DAY FOLLOWING 200 WATTS MINIMUM REQUIRED (LIGHT FIXTURES PRESENT),2015-10-19,2.0,NOV SENT OUT,10/19/2015,Original,Open,N,2015,2015.0
4512,406,2026200036,1,M,,905,EAGLE,AVENUE,10456,905 EAGLE AVENUE,413,EAGLE AVENUE-EAST 163RD STREET,11/28/23,BRONX,66,both,7038461,62336,228808.0,2,2004383.0,905,905,907,EAGLE AVENUE,B,2007-12-01,2007-12-02,01/21/2008,01/07/2008,,,,506.0,3163178.0,"§ 27-2005 ADM CODE REPLACE WITH NEW THE MISSING CABINET DRAW AT SOUTH WALL IN THE KITCHEN LOCATED AT APT 1G, 1st STORY, 2nd APARTMENT FROM NORTH AT EAST , SECTION AT SOUTH",2007-12-03,19.0,VIOLATION CLOSED,03/10/2023,Original,Close,N,2007,2007.0
4513,406,2026200036,1,M,,905,EAGLE,AVENUE,10456,905 EAGLE AVENUE,413,EAGLE AVENUE-EAST 163RD STREET,11/28/23,BRONX,66,both,7038466,62336,228808.0,2,2004383.0,905,905,907,EAGLE AVENUE,A,2007-12-01,2007-12-02,03/21/2008,03/07/2008,,,,501.0,3163177.0,"§ 27-2005 ADM CODE PROPERLY REPAIR THE BROKEN OR DEFECTIVE SLIDING CLOSET DOOR IN THE 3rd ROOM FROM NORTH AT EAST LOCATED AT APT 1G, 1st STORY, 2nd APARTMENT FROM NORTH AT EAST , SECTION AT SOUTH",2007-12-03,19.0,VIOLATION CLOSED,03/10/2023,Original,Close,N,2007,2007.0
4514,406,2026200036,1,M,,905,EAGLE,AVENUE,10456,905 EAGLE AVENUE,413,EAGLE AVENUE-EAST 163RD STREET,11/28/23,BRONX,66,both,7038467,62336,228808.0,2,2004383.0,905,905,907,EAGLE AVENUE,B,2007-12-01,2007-12-02,01/21/2008,01/07/2008,,,,508.0,3163178.0,"§ 27-2005 ADM CODE REPAIR THE BROKEN OR DEFECTIVE PLASTERED SURFACES AND PAINT IN A UNIFORM COLOR WEST WALL IN THE 1st PRIVATE HALLWAY FROM NORTH LOCATED AT APT 1G, 1st STORY, 2nd APARTMENT FROM NORTH AT EAST , SECTION AT SOUTH",2007-12-03,19.0,VIOLATION CLOSED,03/10/2023,Original,Close,N,2007,2007.0
4515,406,2026200036,1,M,,905,EAGLE,AVENUE,10456,905 EAGLE AVENUE,413,EAGLE AVENUE-EAST 163RD STREET,11/28/23,BRONX,66,both,7038468,62336,228808.0,2,2004383.0,905,905,907,EAGLE AVENUE,C,2007-12-01,2007-12-02,12/14/2007,12/09/2007,,,,510.0,3163179.0,"§ 27-2005 ADM CODE & 309 M/D LAW ABATE THE NUISANCE CONSISTING OF CONCEAL WATER LEAK OVER WATERCLOSET AT CEILING IN THE BATHROOM LOCATED AT APT 1G, 1st STORY, 2nd APARTMENT FROM NORTH AT EAST , SECTION AT SOUTH",2007-12-03,19.0,VIOLATION CLOSED,03/10/2023,Original,Close,N,2007,2007.0
4516,406,2026200036,1,M,,905,EAGLE,AVENUE,10456,905 EAGLE AVENUE,413,EAGLE AVENUE-EAST 163RD STREET,11/28/23,BRONX,66,both,7038476,62336,228808.0,2,2004383.0,905,905,907,EAGLE AVENUE,B,2007-12-01,2007-12-02,01/21/2008,01/07/2008,,,,508.0,3163178.0,"§ 27-2005 ADM CODE REPAIR THE BROKEN OR DEFECTIVE PLASTERED SURFACES AND PAINT IN A UNIFORM COLOR CEILING AND EAST WALL IN THE BATHROOM LOCATED AT APT 1G, 1st STORY, 2nd APARTMENT FROM NORTH AT EAST , SECTION AT SOUTH",2007-12-03,19.0,VIOLATION CLOSED,03/10/2023,Original,Close,N,2007,2007.0
4517,406,2026200036,1,M,,905,EAGLE,AVENUE,10456,905 EAGLE AVENUE,413,EAGLE AVENUE-EAST 163RD STREET,11/28/23,BRONX,66,both,7038477,62336,228808.0,2,2004383.0,905,905,907,EAGLE AVENUE,B,2007-12-01,2007-12-02,01/21/2008,01/07/2008,,,,649.0,3163178.0,"§ 27-2026 ADM CODE REMOVE ALL OBSTRUCTIONS AND REPAIR ALL DEFECTS IN AT BATHTUB DRAIN IN THE BATHROOM LOCATED AT APT 1G, 1st STORY, 2nd APARTMENT FROM NORTH AT EAST , SECTION AT SOUTH",2007-12-03,19.0,VIOLATION CLOSED,03/10/2023,Original,Close,Y,2007,2007.0
4518,406,2026200036,1,M,,905,EAGLE,AVENUE,10456,905 EAGLE AVENUE,413,EAGLE AVENUE-EAST 163RD STREET,11/28/23,BRONX,66,both,7038478,62336,228808.0,2,2004383.0,905,905,907,EAGLE AVENUE,A,2007-12-01,2007-12-02,03/21/2008,03/07/2008,,,,505.0,3163177.0,"§ 27-2005 ADM CODE REPLACE WITH NEW THE BROKEN OR DEFECTIVE TILE FLOOR IN THE 2nd ROOM FROM NORTH AT EAST LOCATED AT APT 1G, 1st STORY, 2nd APARTMENT FROM NORTH AT EAST , SECTION AT SOUTH",2007-12-03,19.0,VIOLATION CLOSED,03/10/2023,Original,Close,N,2007,2007.0
4519,406,2026200036,1,M,,905,EAGLE,AVENUE,10456,905 EAGLE AVENUE,413,EAGLE AVENUE-EAST 163RD STREET,11/28/23,BRONX,66,both,7038479,62336,228808.0,2,2004383.0,905,905,907,EAGLE AVENUE,A,2007-12-01,2007-12-02,03/21/2008,03/07/2008,,,,506.0,3163177.0,"§ 27-2005 ADM CODE REPLACE WITH NEW THE MISSING SLIDING CLOSET DOOR IN THE 2nd ROOM FROM NORTH AT EAST LOCATED AT APT 1G, 1st STORY, 2nd APARTMENT FROM NORTH AT EAST , SECTION AT SOUTH",2007-12-03,19.0,VIOLATION CLOSED,03/10/2023,Original,Close,N,2007,2007.0
4520,406,2026200036,1,M,,905,EAGLE,AVENUE,10456,905 EAGLE AVENUE,413,EAGLE AVENUE-EAST 163RD STREET,11/28/23,BRONX,66,both,7038482,62336,228808.0,2,2004383.0,905,905,907,EAGLE AVENUE,A,2007-12-01,2007-12-02,03/21/2008,03/07/2008,,,,501.0,3163177.0,"§ 27-2005 ADM CODE PROPERLY REPAIR THE BROKEN OR DEFECTIVE SLIDING CLOSET DOOR IN THE 2nd ROOM FROM NORTH LOCATED AT APT 1G, 1st STORY, 2nd APARTMENT FROM NORTH AT EAST , SECTION AT SOUTH",2007-12-03,19.0,VIOLATION CLOSED,03/10/2023,Original,Close,N,2007,2007.0
4521,406,2026200036,1,M,,905,EAGLE,AVENUE,10456,905 EAGLE AVENUE,413,EAGLE AVENUE-EAST 163RD STREET,11/28/23,BRONX,66,both,7038484,62336,228808.0,2,2004383.0,905,905,907,EAGLE AVENUE,B,2007-12-01,2007-12-02,01/21/2008,01/07/2008,,,,508.0,3163178.0,"§ 27-2005 ADM CODE REPAIR THE BROKEN OR DEFECTIVE PLASTERED SURFACES AND PAINT IN A UNIFORM COLOR WEST WALL OF CLOSET IN THE 2nd ROOM FROM NORTH LOCATED AT APT 1G, 1st STORY, 2nd APARTMENT FROM NORTH AT EAST , SECTION AT SOUTH",2007-12-03,19.0,VIOLATION CLOSED,03/10/2023,Original,Close,N,2007,2007.0
4522,406,2026200036,1,M,,905,EAGLE,AVENUE,10456,905 EAGLE AVENUE,413,EAGLE AVENUE-EAST 163RD STREET,11/28/23,BRONX,66,both,7038486,62336,228808.0,2,2004383.0,905,905,907,EAGLE AVENUE,B,2007-12-01,2007-12-02,01/21/2008,01/07/2008,,,,508.0,3163178.0,"§ 27-2005 ADM CODE REPAIR THE BROKEN OR DEFECTIVE PLASTERED SURFACES AND PAINT IN A UNIFORM COLOR SOUTH AND EAST WALL AND CEILING IN THE 1st LIVING ROOM FROM NORTH AT EAST LOCATED AT APT 1G, 1st STORY, 2nd APARTMENT FROM NORTH AT EAST , SECTION AT SOUTH",2007-12-03,19.0,VIOLATION CLOSED,03/10/2023,Original,Close,N,2007,2007.0
4523,406,2026200036,1,M,,905,EAGLE,AVENUE,10456,905 EAGLE AVENUE,413,EAGLE AVENUE-EAST 163RD STREET,11/28/23,BRONX,66,both,7038488,62336,228808.0,2,2004383.0,905,905,907,EAGLE AVENUE,B,2007-12-01,2007-12-02,01/21/2008,01/07/2008,,,,501.0,3163178.0,"§ 27-2005 ADM CODE PROPERLY REPAIR THE BROKEN OR DEFECTIVE ELECTRICAL OUTLET AT NORTH WALL IN THE 1st LIVING ROOM FROM NORTH AT EAST LOCATED AT APT 1G, 1st STORY, 2nd APARTMENT FROM NORTH AT EAST , SECTION AT SOUTH",2007-12-03,19.0,VIOLATION CLOSED,03/10/2023,Original,Close,N,2007,2007.0
4524,406,2026200036,1,M,,905,EAGLE,AVENUE,10456,905 EAGLE AVENUE,413,EAGLE AVENUE-EAST 163RD STREET,11/28/23,BRONX,66,both,7038489,62336,228808.0,2,2004383.0,905,905,907,EAGLE AVENUE,B,2007-12-01,2007-12-02,01/21/2008,01/07/2008,,,,566.0,3163178.0,"§ 27-2018 ADM CODE ABATE THE NUISANCE CONSISTING OF VERMIN MICE IN THE ENTIRE APARTMENT LOCATED AT APT 1G, 1st STORY, 2nd APARTMENT FROM NORTH AT EAST , SECTION AT SOUTH",2007-12-03,19.0,VIOLATION CLOSED,03/10/2023,Original,Close,N,2007,2007.0
4525,406,2026200036,1,M,,905,EAGLE,AVENUE,10456,905 EAGLE AVENUE,413,EAGLE AVENUE-EAST 163RD STREET,11/28/23,BRONX,66,both,7038491,62336,228808.0,2,2004383.0,905,905,907,EAGLE AVENUE,B,2007-12-01,2007-12-02,01/21/2008,01/07/2008,,,,566.0,3163178.0,"§ 27-2018 ADM CODE ABATE THE NUISANCE CONSISTING OF VERMIN WATERBUGS IN THE ENTIRE APARTMENT LOCATED AT APT 1G, 1st STORY, 2nd APARTMENT FROM NORTH AT EAST , SECTION AT SOUTH",2007-12-03,19.0,VIOLATION CLOSED,03/10/2023,Original,Close,N,2007,2007.0
4526,406,2026200036,1,M,,905,EAGLE,AVENUE,10456,905 EAGLE AVENUE,413,EAGLE AVENUE-EAST 163RD STREET,11/28/23,BRONX,66,both,8750814,62336,228808.0,2,2004383.0,905,905,907,EAGLE AVENUE,B,2010-12-29,2010-12-30,02/21/2011,02/07/2011,,,,508.0,4083865.0,"§ 27-2005 ADM CODE REPAIR THE BROKEN OR DEFECTIVE PLASTERED SURFACES AND PAINT IN A UNIFORM COLOR THE WALLS AND CEILINGS IN THE ENTIRE APARTMENT LOCATED AT APT 6L, 6th STORY, 2nd APARTMENT FROM WEST AT NORTH",2011-01-03,19.0,VIOLATION CLOSED,04/27/2023,Original,Close,N,2010,2011.0
4527,406,2026200036,1,M,,905,EAGLE,AVENUE,10456,905 EAGLE AVENUE,413,EAGLE AVENUE-EAST 163RD STREET,11/28/23,BRONX,66,both,8750816,62336,228808.0,2,2004383.0,905,905,907,EAGLE AVENUE,B,2010-12-29,2010-12-30,02/21/2011,02/07/2011,,,,501.0,4083865.0,"§ 27-2005 ADM CODE PROPERLY REPAIR THE BROKEN OR DEFECTIVE WENDOW SASHES TOP AND BOTTOM IN THE KITCHEN LOCATED AT APT 6L, 6th STORY, 2nd APARTMENT FROM WEST AT NORTH , SECTION AT NORTHWEST",2011-01-03,19.0,VIOLATION CLOSED,04/27/2023,Original,Close,N,2010,2011.0
4528,406,2026200036,1,M,,905,EAGLE,AVENUE,10456,905 EAGLE AVENUE,413,EAGLE AVENUE-EAST 163RD STREET,11/28/23,BRONX,66,both,8750817,62336,228808.0,2,2004383.0,905,905,907,EAGLE AVENUE,B,2010-12-29,2010-12-30,02/21/2011,02/07/2011,,,,569.0,4083865.0,"§ 27-2018 ADMIN. CODE: ABATE THE NUISANCE CONSISTING OF MICE IN THE ENTIRE APARTMENT LOCATED AT APT 6L, 6th STORY, 2nd APARTMENT FROM WEST AT NORTH",2011-01-03,19.0,VIOLATION CLOSED,04/27/2023,Original,Close,N,2010,2011.0
4529,406,2026200036,1,M,,905,EAGLE,AVENUE,10456,905 EAGLE AVENUE,413,EAGLE AVENUE-EAST 163RD STREET,11/28/23,BRONX,66,both,8750818,62336,228808.0,2,2004383.0,905,905,907,EAGLE AVENUE,B,2010-12-29,2010-12-30,02/21/2011,02/07/2011,,,,568.0,4083865.0,"§ 27-2018 ADMIN. CODE: ABATE THE NUISANCE CONSISTING OF ROACHES IN THE ENTIRE APARTMENT LOCATED AT APT 6L, 6th STORY, 2nd APARTMENT FROM WEST AT NORTH",2011-01-03,19.0,VIOLATION CLOSED,04/27/2023,Original,Close,N,2010,2011.0
4530,406,2026200036,1,M,,905,EAGLE,AVENUE,10456,905 EAGLE AVENUE,413,EAGLE AVENUE-EAST 163RD STREET,11/28/23,BRONX,66,both,8750819,62336,228808.0,2,2004383.0,905,905,907,EAGLE AVENUE,B,2010-12-29,2010-12-30,02/21/2011,02/07/2011,,,,501.0,4083865.0,"§ 27-2005 ADM CODE PROPERLY REPAIR THE BROKEN OR DEFECTIVE WINDOW SASHES TOPS AND BOTTOMS IN THE 2nd ROOM FROM EAST LOCATED AT APT 6L, 6th STORY, 2nd APARTMENT FROM WEST AT NORTH",2011-01-03,19.0,VIOLATION CLOSED,04/27/2023,Original,Close,N,2010,2011.0
4531,406,2026200036,1,M,,905,EAGLE,AVENUE,10456,905 EAGLE AVENUE,413,EAGLE AVENUE-EAST 163RD STREET,11/28/23,BRONX,66,both,8750820,62336,228808.0,2,2004383.0,905,905,907,EAGLE AVENUE,B,2010-12-29,2010-12-30,02/21/2011,02/07/2011,,,,501.0,4083865.0,"§ 27-2005 ADM CODE PROPERLY REPAIR THE BROKEN OR DEFECTIVE WINDOW SASHES TOPS AND BOTTOMS IN THE 3rd ROOM FROM EAST LOCATED AT APT 6L, 6th STORY, 2nd APARTMENT FROM WEST AT NORTH",2011-01-03,19.0,VIOLATION CLOSED,04/27/2023,Original,Close,N,2010,2011.0
4871,427,2049050001,19,M,EAST,1195,229,STREET,10466,1195 EAST 229 STREET,446,EDENWALD,6/27/23,BRONX,2039,both,921048,806647,228738.0,2,2094155.0,1195,1189,1195,EAST 229 STREET,A,1989-03-23,1989-03-23,12/30/2007,12/16/2007,,,,556.0,3108212.0,"§ 27-2013 ADM CODE PAINT WITH LIGHT COLORED PAINT TO THE SATISFACTION OF THIS DEPARTMENT WALL CLG 2 STY NORTH APT 2A KITCHEN & BATHROOM PRIVATE HALL. , SECTION '' ''",2007-09-12,19.0,VIOLATION CLOSED,05/30/2023,Reissued,Close,N,1989,2007.0
4872,427,2049050001,19,M,EAST,1195,229,STREET,10466,1195 EAST 229 STREET,446,EDENWALD,6/27/23,BRONX,2039,both,921049,806647,228738.0,2,2094155.0,1195,1189,1195,EAST 229 STREET,A,1989-03-23,1989-03-23,12/30/2007,12/16/2007,,,,508.0,3108212.0,"§ 27-2005 ADM CODE REPAIR THE BROKEN OR DEFECTIVE PLASTERED SURFACES AND PAINT IN A UNIFORM COLOR WALLS & CLG 2 STY NORTH APT 2A BATHROOM. , SECTION '' ''",2007-09-12,19.0,VIOLATION CLOSED,05/30/2023,Reissued,Close,N,1989,2007.0
4873,427,2049050001,19,M,EAST,1195,229,STREET,10466,1195 EAST 229 STREET,446,EDENWALD,6/27/23,BRONX,2039,both,921050,806647,228738.0,2,2094155.0,1195,1189,1195,EAST 229 STREET,A,1989-03-23,1989-03-23,12/30/2007,12/16/2007,,,,505.0,3108212.0,"§ 27-2005 ADM CODE REPLACE WITH NEW THE BROKEN OR DEFECTIVE LIGHT FIXTURE 2 STY NORTH APT 2A NORTH ROOM. , SECTION '' ''",2007-09-12,19.0,VIOLATION CLOSED,05/30/2023,Reissued,Close,N,1989,2007.0
4874,427,2049050001,19,M,EAST,1195,229,STREET,10466,1195 EAST 229 STREET,446,EDENWALD,6/27/23,BRONX,2039,both,921051,806647,228738.0,2,2094155.0,1195,1189,1195,EAST 229 STREET,A,1989-03-23,1989-03-23,12/30/2007,12/16/2007,,,,510.0,3108212.0,"§ 27-2005 ADM CODE & 309 M/D LAW ABATE THE NUISANCE CONSISTING OF CONCEALED LEAK CLG 2 STY NORTH APT 2A BATHROOM. , SECTION '' ''",2007-09-12,19.0,VIOLATION CLOSED,05/30/2023,Reissued,Close,N,1989,2007.0
5151,448,2049050001,3,M,,3861,BAYCHESTER,AVENUE,10466,3861 BAYCHESTER AVENUE,446,EDENWALD,6/27/23,BRONX,2039,both,12007249,806272,228735.0,2,2094141.0,3861,3861,3865,BAYCHESTER AVENUE,B,2017-10-05,2017-10-06,11/28/2017,11/14/2017,,,,507.0,5867541.0,"§ 27-2005 ADM CODE REPAIR THE ROOF SO THAT IT WILL NOT LEAK ... AT CEILING IN THE BATHROOM LOCATED AT APT 3D, 3rd STORY, 1st APARTMENT FROM NORTH AT EAST",2017-10-10,19.0,VIOLATION CLOSED,10/12/2017,Original,Close,Y,2017,2017.0
5152,448,2049050001,3,M,,3861,BAYCHESTER,AVENUE,10466,3861 BAYCHESTER AVENUE,446,EDENWALD,6/27/23,BRONX,2039,both,12007243,806272,228735.0,2,2094141.0,3861,3861,3865,BAYCHESTER AVENUE,B,2017-10-05,2017-10-06,11/28/2017,11/14/2017,,,,507.0,5867541.0,"§ 27-2005 ADM CODE REPAIR THE ROOF SO THAT IT WILL NOT LEAK ,,, AT CEILING AND NORTH WALL AT PUBLIC HALL, 3rd STORY",2017-10-10,19.0,VIOLATION CLOSED,10/12/2017,Original,Close,Y,2017,2017.0
5158,448,2049050001,3,M,,3861,BAYCHESTER,AVENUE,10466,3861 BAYCHESTER AVENUE,446,EDENWALD,6/27/23,BRONX,2039,both,12007245,806272,228735.0,2,2094141.0,3861,3861,3865,BAYCHESTER AVENUE,C,2017-10-05,2017-10-06,11/12/2017,11/07/2017,,,,790.0,5867543.0,"§ 27-2043.1 HMC INSTALL THE MISSING OR REPAIR/REPLACE THE DEFECTIVE WINDOW GUARD(S) IN ACCORDANCE WITH THE SPECIFICATIONS OF THE NEW YORK CITY HEALTH CODE SECTION 24 RCNY CHAPTER 12. WG TO INSTALL = 2; WG TO REPLACE = 0; WG TO REPAIR = 0; IN THE ENTIRE APARTMENT LOCATED AT APT 3D, 3rd STORY, 1st APARTMENT FROM NORTH AT EAST",2017-10-10,19.0,VIOLATION CLOSED,10/12/2017,Original,Close,N,2017,2017.0
5159,448,2049050001,3,M,,3861,BAYCHESTER,AVENUE,10466,3861 BAYCHESTER AVENUE,446,EDENWALD,6/27/23,BRONX,2039,both,12007246,806272,228735.0,2,2094141.0,3861,3861,3865,BAYCHESTER AVENUE,C,2017-10-05,2017-10-06,10/23/2017,10/18/2017,,,,505.0,5867542.0,"§ 27-2005 ADM CODE REPLACE WITH NEW THE BROKEN OR DEFECTIVE ... GLASS AT LOWER SASH WINDOW AT EAST WALL IN THE 1st ROOM FROM EAST AT NORTH LOCATED AT APT 3D, 3rd STORY, 1st APARTMENT FROM NORTH AT EAST",2017-10-10,19.0,VIOLATION CLOSED,10/12/2017,Original,Close,N,2017,2017.0
5160,448,2049050001,3,M,,3861,BAYCHESTER,AVENUE,10466,3861 BAYCHESTER AVENUE,446,EDENWALD,6/27/23,BRONX,2039,both,12007247,806272,228735.0,2,2094141.0,3861,3861,3865,BAYCHESTER AVENUE,C,2017-10-05,2017-10-06,10/23/2017,10/18/2017,,,,688.0,5867542.0,"§ 27-2037, 2038 HMC: PROVIDE A SAFE AND ADEQUATE SUPPLY OF ELECTRIC SERVICE TO THE FIXTURES ...OUTLET AT EAST WALL IN THE 1st ROOM FROM EAST AT NORTH LOCATED AT APT 3D, 3rd STORY, 1st APARTMENT FROM NORTH AT EAST",2017-10-10,19.0,VIOLATION CLOSED,10/12/2017,Original,Close,N,2017,2017.0
5161,448,2049050001,3,M,,3861,BAYCHESTER,AVENUE,10466,3861 BAYCHESTER AVENUE,446,EDENWALD,6/27/23,BRONX,2039,both,12007248,806272,228735.0,2,2094141.0,3861,3861,3865,BAYCHESTER AVENUE,C,2017-10-05,2017-10-06,10/23/2017,10/18/2017,,,,507.0,5867542.0,"§ 27-2005 ADM CODE REPAIR THE ROOF SO THAT IT WILL NOT LEAK ... AT CEILING IN THE KITCHEN LOCATED AT APT 3D, 3rd STORY, 1st APARTMENT FROM NORTH AT EAST",2017-10-10,19.0,VIOLATION CLOSED,10/12/2017,Original,Close,Y,2017,2017.0
5182,448,2049050001,3,M,,3861,BAYCHESTER,AVENUE,10466,3861 BAYCHESTER AVENUE,446,EDENWALD,6/27/23,BRONX,2039,both,12007244,806272,228735.0,2,2094141.0,3861,3861,3865,BAYCHESTER AVENUE,A,2017-10-05,2017-10-06,01/27/2018,01/13/2018,,,,554.0,5867540.0,"§ 27-2005 ADM CODE PAINT METAL IN ACCORDANCE WITH DEPT. REGULATION ... ALL RISERS AND RADIATORS IN THE ENTIRE APARTMENT LOCATED AT APT 3D, 3rd STORY, 1st APARTMENT FROM NORTH AT EAST",2017-10-10,19.0,VIOLATION CLOSED,10/12/2017,Original,Close,N,2017,2017.0
5210,450,2049050001,30,M,,1160,229 DRIVE,SOUTH,10466,1160 229 DRIVE SOUTH,446,EDENWALD,6/27/23,BRONX,2039,both,5809778,807151,228725.0,2,2094169.0,1160,1160,1160,229 DRIVE SOUTH,B,2005-10-31,2005-11-02,12/27/2005,12/13/2005,,,,510.0,2527729.0,"§ 27-2005 ADM CODE & 309 M/D LAW ABATE THE NUISANCE CONSISTING OF CONCEALED WATER LEAK AT CEILING IN THE BATHROOM LOCATED AT APT 7H, 7th STORY, 3rd APARTMENT FROM NORTH AT EAST",2005-11-03,19.0,VIOLATION CLOSED,09/01/2022,Original,Close,N,2005,2005.0
5267,452,2049050001,31,M,,1183,226,DRIVE,10466,1183 226 DRIVE,446,EDENWALD,6/27/23,BRONX,2039,both,11534739,807141,290046.0,2,2094166.0,1183,1183,1187,226 DRIVE,I,2016-11-23,2016-11-23,,,,,,780.0,,"§27-2107 ADM CODE OWNER FAILED TO FILE A VALID REGISTRATION STATEMENT WITH THE DEPARTMENT AS REQUIRED BY ADM CODE §27-2097 AND IS THEREFORE SUBJECT TO CIVIL PENALTIES, PROHIBITED FROM CERTIFYING VIOLATIONS, AND DENIED THE RIGHT TO RECOVER POSSESSION OF PREMISES FOR NONPAYMENT OF RENT UNTIL A VALID REGISTRATION STATEMENT IS FILED.",,9.0,VIOLATION DISMISSED,01/17/2019,,Close,N,2016,
5274,452,2049050001,31,M,,1183,226,DRIVE,10466,1183 226 DRIVE,446,EDENWALD,6/27/23,BRONX,2039,both,10601152,807141,290046.0,2,2094166.0,1183,1183,1187,226 DRIVE,I,2015-03-02,2015-03-02,,,,,,780.0,,"§27-2107 ADM CODE OWNER FAILED TO FILE A VALID REGISTRATION STATEMENT WITH THE DEPARTMENT AS REQUIRED BY ADM CODE §27-2097 AND IS THEREFORE SUBJECT TO CIVIL PENALTIES, PROHIBITED FROM CERTIFYING VIOLATIONS, AND DENIED THE RIGHT TO RECOVER POSSESSION OF PREMISES FOR NONPAYMENT OF RENT UNTIL A VALID REGISTRATION STATEMENT IS FILED.",,9.0,VIOLATION DISMISSED,01/17/2019,,Close,N,2015,
5275,452,2049050001,31,M,,1183,226,DRIVE,10466,1183 226 DRIVE,446,EDENWALD,6/27/23,BRONX,2039,both,10954278,807141,290046.0,2,2094166.0,1183,1183,1187,226 DRIVE,I,2015-10-16,2015-10-16,,,,,,780.0,,"§27-2107 ADM CODE OWNER FAILED TO FILE A VALID REGISTRATION STATEMENT WITH THE DEPARTMENT AS REQUIRED BY ADM CODE §27-2097 AND IS THEREFORE SUBJECT TO CIVIL PENALTIES, PROHIBITED FROM CERTIFYING VIOLATIONS, AND DENIED THE RIGHT TO RECOVER POSSESSION OF PREMISES FOR NONPAYMENT OF RENT UNTIL A VALID REGISTRATION STATEMENT IS FILED.",,9.0,VIOLATION DISMISSED,01/17/2019,,Close,N,2015,
5276,452,2049050001,31,M,,1183,226,DRIVE,10466,1183 226 DRIVE,446,EDENWALD,6/27/23,BRONX,2039,both,12127787,807141,290046.0,2,2094166.0,1183,1183,1187,226 DRIVE,I,2017-12-06,2017-12-06,,,,,,780.0,,"§27-2107 ADM CODE OWNER FAILED TO FILE A VALID REGISTRATION STATEMENT WITH THE DEPARTMENT AS REQUIRED BY ADM CODE §27-2097 AND IS THEREFORE SUBJECT TO CIVIL PENALTIES, PROHIBITED FROM CERTIFYING VIOLATIONS, AND DENIED THE RIGHT TO RECOVER POSSESSION OF PREMISES FOR NONPAYMENT OF RENT UNTIL A VALID REGISTRATION STATEMENT IS FILED.",,9.0,VIOLATION DISMISSED,01/17/2019,,Close,N,2017,
5277,452,2049050001,31,M,,1183,226,DRIVE,10466,1183 226 DRIVE,446,EDENWALD,6/27/23,BRONX,2039,both,12700987,807141,290046.0,2,2094166.0,1183,1183,1187,226 DRIVE,I,2018-10-24,2018-10-24,,,,,,780.0,,"§27-2107 ADM CODE OWNER FAILED TO FILE A VALID REGISTRATION STATEMENT WITH THE DEPARTMENT AS REQUIRED BY ADM CODE §27-2097 AND IS THEREFORE SUBJECT TO CIVIL PENALTIES, PROHIBITED FROM CERTIFYING VIOLATIONS, AND DENIED THE RIGHT TO RECOVER POSSESSION OF PREMISES FOR NONPAYMENT OF RENT UNTIL A VALID REGISTRATION STATEMENT IS FILED.",,9.0,VIOLATION DISMISSED,01/17/2019,,Close,N,2018,
5293,454,2049050001,32,M,,1165,226,DRIVE,10466,1165 226 DRIVE,446,EDENWALD,6/27/23,BRONX,2039,both,10601151,807140,290045.0,2,2094165.0,1165,1165,1169,226 DRIVE,I,2015-03-02,2015-03-02,,,,,,780.0,,"§27-2107 ADM CODE OWNER FAILED TO FILE A VALID REGISTRATION STATEMENT WITH THE DEPARTMENT AS REQUIRED BY ADM CODE §27-2097 AND IS THEREFORE SUBJECT TO CIVIL PENALTIES, PROHIBITED FROM CERTIFYING VIOLATIONS, AND DENIED THE RIGHT TO RECOVER POSSESSION OF PREMISES FOR NONPAYMENT OF RENT UNTIL A VALID REGISTRATION STATEMENT IS FILED.",,9.0,VIOLATION DISMISSED,01/17/2019,,Close,N,2015,
5295,454,2049050001,32,M,,1165,226,DRIVE,10466,1165 226 DRIVE,446,EDENWALD,6/27/23,BRONX,2039,both,12127786,807140,290045.0,2,2094165.0,1165,1165,1169,226 DRIVE,I,2017-12-06,2017-12-06,,,,,,780.0,,"§27-2107 ADM CODE OWNER FAILED TO FILE A VALID REGISTRATION STATEMENT WITH THE DEPARTMENT AS REQUIRED BY ADM CODE §27-2097 AND IS THEREFORE SUBJECT TO CIVIL PENALTIES, PROHIBITED FROM CERTIFYING VIOLATIONS, AND DENIED THE RIGHT TO RECOVER POSSESSION OF PREMISES FOR NONPAYMENT OF RENT UNTIL A VALID REGISTRATION STATEMENT IS FILED.",,9.0,VIOLATION DISMISSED,01/17/2019,,Close,N,2017,
5296,454,2049050001,32,M,,1165,226,DRIVE,10466,1165 226 DRIVE,446,EDENWALD,6/27/23,BRONX,2039,both,11534738,807140,290045.0,2,2094165.0,1165,1165,1169,226 DRIVE,I,2016-11-23,2016-11-23,,,,,,780.0,,"§27-2107 ADM CODE OWNER FAILED TO FILE A VALID REGISTRATION STATEMENT WITH THE DEPARTMENT AS REQUIRED BY ADM CODE §27-2097 AND IS THEREFORE SUBJECT TO CIVIL PENALTIES, PROHIBITED FROM CERTIFYING VIOLATIONS, AND DENIED THE RIGHT TO RECOVER POSSESSION OF PREMISES FOR NONPAYMENT OF RENT UNTIL A VALID REGISTRATION STATEMENT IS FILED.",,9.0,VIOLATION DISMISSED,01/17/2019,,Close,N,2016,
5297,454,2049050001,32,M,,1165,226,DRIVE,10466,1165 226 DRIVE,446,EDENWALD,6/27/23,BRONX,2039,both,12700986,807140,290045.0,2,2094165.0,1165,1165,1169,226 DRIVE,I,2018-10-24,2018-10-24,,,,,,780.0,,"§27-2107 ADM CODE OWNER FAILED TO FILE A VALID REGISTRATION STATEMENT WITH THE DEPARTMENT AS REQUIRED BY ADM CODE §27-2097 AND IS THEREFORE SUBJECT TO CIVIL PENALTIES, PROHIBITED FROM CERTIFYING VIOLATIONS, AND DENIED THE RIGHT TO RECOVER POSSESSION OF PREMISES FOR NONPAYMENT OF RENT UNTIL A VALID REGISTRATION STATEMENT IS FILED.",,9.0,VIOLATION DISMISSED,01/17/2019,,Close,N,2018,
5301,454,2049050001,32,M,,1165,226,DRIVE,10466,1165 226 DRIVE,446,EDENWALD,6/27/23,BRONX,2039,both,10954277,807140,290045.0,2,2094165.0,1165,1165,1169,226 DRIVE,I,2015-10-16,2015-10-16,,,,,,780.0,,"§27-2107 ADM CODE OWNER FAILED TO FILE A VALID REGISTRATION STATEMENT WITH THE DEPARTMENT AS REQUIRED BY ADM CODE §27-2097 AND IS THEREFORE SUBJECT TO CIVIL PENALTIES, PROHIBITED FROM CERTIFYING VIOLATIONS, AND DENIED THE RIGHT TO RECOVER POSSESSION OF PREMISES FOR NONPAYMENT OF RENT UNTIL A VALID REGISTRATION STATEMENT IS FILED.",,9.0,VIOLATION DISMISSED,01/17/2019,,Close,N,2015,
5305,457,2049050001,33,M,,1141,226,DRIVE,10466,1141 226 DRIVE,446,EDENWALD,6/27/23,BRONX,2039,both,15489808,1000029,290044.0,2,2094164.0,1141,1141,1151,226 DRIVE,I,2022-11-04,2022-11-04,,,,,,780.0,,"§27-2107 ADM CODE OWNER FAILED TO FILE A VALID REGISTRATION STATEMENT WITH THE DEPARTMENT AS REQUIRED BY ADM CODE §27-2097 AND IS THEREFORE SUBJECT TO CIVIL PENALTIES, PROHIBITED FROM CERTIFYING VIOLATIONS, AND DENIED THE RIGHT TO RECOVER POSSESSION OF PREMISES FOR NONPAYMENT OF RENT UNTIL A VALID REGISTRATION STATEMENT IS FILED.",,19.0,VIOLATION CLOSED,03/23/2023,,Close,N,2022,
5306,457,2049050001,33,M,,1141,226,DRIVE,10466,1141 226 DRIVE,446,EDENWALD,6/27/23,BRONX,2039,both,15028442,1000029,290044.0,2,2094164.0,1141,1141,1151,226 DRIVE,A,2022-03-10,2022-03-10,06/27/2022,06/13/2022,,,,1507.0,7819057.0,"(A) § HMC:FILE ANNUAL BEDBUG REPORT IN ACCORDANCE WITH HPD RULE AS DESCRIBED ON THE BACK OF THIS NOTICE OF VIOLATION OR AS DESCRIBED ON HPDS WEBSITE, WWW.NYC.GOV\HPD, SEARCH BED BUGS.",2022-03-10,19.0,VIOLATION CLOSED,03/23/2023,Original,Close,N,2022,2022.0
5307,457,2049050001,33,M,,1141,226,DRIVE,10466,1141 226 DRIVE,446,EDENWALD,6/27/23,BRONX,2039,both,12127789,1000029,290044.0,2,2094164.0,1141,1141,1151,226 DRIVE,I,2017-12-06,2017-12-06,,,,,,780.0,,"§27-2107 ADM CODE OWNER FAILED TO FILE A VALID REGISTRATION STATEMENT WITH THE DEPARTMENT AS REQUIRED BY ADM CODE §27-2097 AND IS THEREFORE SUBJECT TO CIVIL PENALTIES, PROHIBITED FROM CERTIFYING VIOLATIONS, AND DENIED THE RIGHT TO RECOVER POSSESSION OF PREMISES FOR NONPAYMENT OF RENT UNTIL A VALID REGISTRATION STATEMENT IS FILED.",,9.0,VIOLATION DISMISSED,01/17/2019,,Close,N,2017,
5308,457,2049050001,33,M,,1141,226,DRIVE,10466,1141 226 DRIVE,446,EDENWALD,6/27/23,BRONX,2039,both,10601150,1000029,290044.0,2,2094164.0,1141,1141,1151,226 DRIVE,I,2015-03-02,2015-03-02,,,,,,780.0,,"§27-2107 ADM CODE OWNER FAILED TO FILE A VALID REGISTRATION STATEMENT WITH THE DEPARTMENT AS REQUIRED BY ADM CODE §27-2097 AND IS THEREFORE SUBJECT TO CIVIL PENALTIES, PROHIBITED FROM CERTIFYING VIOLATIONS, AND DENIED THE RIGHT TO RECOVER POSSESSION OF PREMISES FOR NONPAYMENT OF RENT UNTIL A VALID REGISTRATION STATEMENT IS FILED.",,9.0,VIOLATION DISMISSED,01/17/2019,,Close,N,2015,
5309,457,2049050001,33,M,,1141,226,DRIVE,10466,1141 226 DRIVE,446,EDENWALD,6/27/23,BRONX,2039,both,10954276,1000029,290044.0,2,2094164.0,1141,1141,1151,226 DRIVE,I,2015-10-16,2015-10-16,,,,,,780.0,,"§27-2107 ADM CODE OWNER FAILED TO FILE A VALID REGISTRATION STATEMENT WITH THE DEPARTMENT AS REQUIRED BY ADM CODE §27-2097 AND IS THEREFORE SUBJECT TO CIVIL PENALTIES, PROHIBITED FROM CERTIFYING VIOLATIONS, AND DENIED THE RIGHT TO RECOVER POSSESSION OF PREMISES FOR NONPAYMENT OF RENT UNTIL A VALID REGISTRATION STATEMENT IS FILED.",,9.0,VIOLATION DISMISSED,01/17/2019,,Close,N,2015,
5310,457,2049050001,33,M,,1141,226,DRIVE,10466,1141 226 DRIVE,446,EDENWALD,6/27/23,BRONX,2039,both,11534737,1000029,290044.0,2,2094164.0,1141,1141,1151,226 DRIVE,I,2016-11-23,2016-11-23,,,,,,780.0,,"§27-2107 ADM CODE OWNER FAILED TO FILE A VALID REGISTRATION STATEMENT WITH THE DEPARTMENT AS REQUIRED BY ADM CODE §27-2097 AND IS THEREFORE SUBJECT TO CIVIL PENALTIES, PROHIBITED FROM CERTIFYING VIOLATIONS, AND DENIED THE RIGHT TO RECOVER POSSESSION OF PREMISES FOR NONPAYMENT OF RENT UNTIL A VALID REGISTRATION STATEMENT IS FILED.",,9.0,VIOLATION DISMISSED,01/17/2019,,Close,N,2016,
5311,457,2049050001,33,M,,1141,226,DRIVE,10466,1141 226 DRIVE,446,EDENWALD,6/27/23,BRONX,2039,both,12700989,1000029,290044.0,2,2094164.0,1141,1141,1151,226 DRIVE,I,2018-10-24,2018-10-24,,,,,,780.0,,"§27-2107 ADM CODE OWNER FAILED TO FILE A VALID REGISTRATION STATEMENT WITH THE DEPARTMENT AS REQUIRED BY ADM CODE §27-2097 AND IS THEREFORE SUBJECT TO CIVIL PENALTIES, PROHIBITED FROM CERTIFYING VIOLATIONS, AND DENIED THE RIGHT TO RECOVER POSSESSION OF PREMISES FOR NONPAYMENT OF RENT UNTIL A VALID REGISTRATION STATEMENT IS FILED.",,9.0,VIOLATION DISMISSED,01/17/2019,,Close,N,2018,
5314,458,2049050001,34,M,,1131,226,DRIVE,10466,1131 226 DRIVE,446,EDENWALD,6/27/23,BRONX,2039,both,12061502,44538,290043.0,2,2094163.0,1131,1131,1135,226 DRIVE,I,2017-11-09,2017-11-09,,,,,,780.0,,"§27-2107 ADM CODE OWNER FAILED TO FILE A VALID REGISTRATION STATEMENT WITH THE DEPARTMENT AS REQUIRED BY ADM CODE §27-2097 AND IS THEREFORE SUBJECT TO CIVIL PENALTIES, PROHIBITED FROM CERTIFYING VIOLATIONS, AND DENIED THE RIGHT TO RECOVER POSSESSION OF PREMISES FOR NONPAYMENT OF RENT UNTIL A VALID REGISTRATION STATEMENT IS FILED.",,9.0,VIOLATION DISMISSED,01/15/2019,,Close,N,2017,
5315,458,2049050001,34,M,,1131,226,DRIVE,10466,1131 226 DRIVE,446,EDENWALD,6/27/23,BRONX,2039,both,12638608,44538,290043.0,2,2094163.0,1131,1131,1135,226 DRIVE,I,2018-10-10,2018-10-10,,,,,,780.0,,"§27-2107 ADM CODE OWNER FAILED TO FILE A VALID REGISTRATION STATEMENT WITH THE DEPARTMENT AS REQUIRED BY ADM CODE §27-2097 AND IS THEREFORE SUBJECT TO CIVIL PENALTIES, PROHIBITED FROM CERTIFYING VIOLATIONS, AND DENIED THE RIGHT TO RECOVER POSSESSION OF PREMISES FOR NONPAYMENT OF RENT UNTIL A VALID REGISTRATION STATEMENT IS FILED.",,9.0,VIOLATION DISMISSED,01/15/2019,,Close,N,2018,
5318,458,2049050001,34,M,,1131,226,DRIVE,10466,1131 226 DRIVE,446,EDENWALD,6/27/23,BRONX,2039,both,10895976,44538,290043.0,2,2094163.0,1131,1131,1135,226 DRIVE,I,2015-10-02,2015-10-02,,,,,,780.0,,"§27-2107 ADM CODE OWNER FAILED TO FILE A VALID REGISTRATION STATEMENT WITH THE DEPARTMENT AS REQUIRED BY ADM CODE §27-2097 AND IS THEREFORE SUBJECT TO CIVIL PENALTIES, PROHIBITED FROM CERTIFYING VIOLATIONS, AND DENIED THE RIGHT TO RECOVER POSSESSION OF PREMISES FOR NONPAYMENT OF RENT UNTIL A VALID REGISTRATION STATEMENT IS FILED.",,9.0,VIOLATION DISMISSED,01/15/2019,,Close,N,2015,
5319,458,2049050001,34,M,,1131,226,DRIVE,10466,1131 226 DRIVE,446,EDENWALD,6/27/23,BRONX,2039,both,11462691,44538,290043.0,2,2094163.0,1131,1131,1135,226 DRIVE,I,2016-10-27,2016-10-27,,,,,,780.0,,"§27-2107 ADM CODE OWNER FAILED TO FILE A VALID REGISTRATION STATEMENT WITH THE DEPARTMENT AS REQUIRED BY ADM CODE §27-2097 AND IS THEREFORE SUBJECT TO CIVIL PENALTIES, PROHIBITED FROM CERTIFYING VIOLATIONS, AND DENIED THE RIGHT TO RECOVER POSSESSION OF PREMISES FOR NONPAYMENT OF RENT UNTIL A VALID REGISTRATION STATEMENT IS FILED.",,9.0,VIOLATION DISMISSED,01/15/2019,,Close,N,2016,
5320,458,2049050001,34,M,,1131,226,DRIVE,10466,1131 226 DRIVE,446,EDENWALD,6/27/23,BRONX,2039,both,3814834,44538,290043.0,2,2094163.0,1131,1131,1135,226 DRIVE,A,2001-05-02,2001-05-02,08/17/2001,08/12/2001,,,,772.0,1654230.0,§ 27-2098 ADM CODE FILE WITH THIS DEPARTMENT A REGISTRATION STATEMENT FOR BUILDING.,2001-05-04,9.0,VIOLATION DISMISSED,03/10/2015,Original,Close,Y,2001,2001.0
5323,458,2049050001,34,M,,1131,226,DRIVE,10466,1131 226 DRIVE,446,EDENWALD,6/27/23,BRONX,2039,both,10533644,44538,290043.0,2,2094163.0,1131,1131,1135,226 DRIVE,I,2015-02-03,2015-02-03,,,,,,780.0,,"§27-2107 ADM CODE OWNER FAILED TO FILE A VALID REGISTRATION STATEMENT WITH THE DEPARTMENT AS REQUIRED BY ADM CODE §27-2097 AND IS THEREFORE SUBJECT TO CIVIL PENALTIES, PROHIBITED FROM CERTIFYING VIOLATIONS, AND DENIED THE RIGHT TO RECOVER POSSESSION OF PREMISES FOR NONPAYMENT OF RENT UNTIL A VALID REGISTRATION STATEMENT IS FILED.",,9.0,VIOLATION DISMISSED,01/15/2019,,Close,N,2015,
5324,460,2049050001,35,M,,4000,LACONIA,AVENUE,10466,4000 LACONIA AVENUE,446,EDENWALD,6/27/23,BRONX,2039,both,6189827,806782,228732.0,2,2094171.0,4000,4000,4010,LACONIA AVENUE,B,2006-06-02,2006-06-03,07/29/2006,07/15/2006,,,,508.0,2685352.0,"§ 27-2005 ADM CODE REPAIR THE BROKEN OR DEFECTIVE PLASTERED SURFACES AND PAINT IN A UNIFORM COLOR ALL WALLS AND CEILINGS IN THE ENTIRE APARTMENT LOCATED AT APT 3C, 3rd STORY, 1st APARTMENT FROM WEST AT NORTH",2006-06-05,19.0,VIOLATION CLOSED,06/06/2023,Original,Close,N,2006,2006.0
5325,460,2049050001,35,M,,4000,LACONIA,AVENUE,10466,4000 LACONIA AVENUE,446,EDENWALD,6/27/23,BRONX,2039,both,6189831,806782,228732.0,2,2094171.0,4000,4000,4010,LACONIA AVENUE,B,2006-06-02,2006-06-03,07/29/2006,07/15/2006,,,,501.0,2685352.0,"§ 27-2005 ADM CODE PROPERLY REPAIR THE BROKEN OR DEFECTIVE UPPER SASH COUNTER BALANCE IN THE KITCHEN LOCATED AT APT 3C, 3rd STORY, 1st APARTMENT FROM WEST AT NORTH",2006-06-05,19.0,VIOLATION CLOSED,06/06/2023,Original,Close,N,2006,2006.0
5326,460,2049050001,35,M,,4000,LACONIA,AVENUE,10466,4000 LACONIA AVENUE,446,EDENWALD,6/27/23,BRONX,2039,both,6189832,806782,228732.0,2,2094171.0,4000,4000,4010,LACONIA AVENUE,B,2006-06-02,2006-06-03,07/29/2006,07/15/2006,,,,501.0,2685352.0,"§ 27-2005 ADM CODE PROPERLY REPAIR THE BROKEN OR DEFECTIVE INTERCOM SYSTEM IN THE PRIVATE HALLWAY LOCATED AT APT 3C, 3rd STORY, 1st APARTMENT FROM WEST AT NORTH",2006-06-05,19.0,VIOLATION CLOSED,06/06/2023,Original,Close,N,2006,2006.0
5327,460,2049050001,35,M,,4000,LACONIA,AVENUE,10466,4000 LACONIA AVENUE,446,EDENWALD,6/27/23,BRONX,2039,both,6189836,806782,228732.0,2,2094171.0,4000,4000,4010,LACONIA AVENUE,A,2006-06-02,2006-06-03,09/27/2006,09/13/2006,,,,554.0,2685351.0,"§ 27-2005 ADM CODE PAINT METAL IN ACCORDANCE WITH DEPT. REGULATION RADIATOR IN THE 1st ROOM FROM NORTH LOCATED AT APT 3C, 3rd STORY, 1st APARTMENT FROM WEST AT NORTH",2006-06-05,19.0,VIOLATION CLOSED,06/06/2023,Original,Close,N,2006,2006.0
5328,460,2049050001,35,M,,4000,LACONIA,AVENUE,10466,4000 LACONIA AVENUE,446,EDENWALD,6/27/23,BRONX,2039,both,6189837,806782,228732.0,2,2094171.0,4000,4000,4010,LACONIA AVENUE,A,2006-06-02,2006-06-03,09/27/2006,09/13/2006,,,,554.0,2685351.0,"§ 27-2005 ADM CODE PAINT METAL IN ACCORDANCE WITH DEPT. REGULATION RADIATOR IN THE 2nd ROOM FROM NORTH LOCATED AT APT 3C, 3rd STORY, 1st APARTMENT FROM WEST AT NORTH",2006-06-05,19.0,VIOLATION CLOSED,06/06/2023,Original,Close,N,2006,2006.0
5329,460,2049050001,35,M,,4000,LACONIA,AVENUE,10466,4000 LACONIA AVENUE,446,EDENWALD,6/27/23,BRONX,2039,both,6189838,806782,228732.0,2,2094171.0,4000,4000,4010,LACONIA AVENUE,A,2006-06-02,2006-06-03,09/27/2006,09/13/2006,,,,554.0,2685351.0,"§ 27-2005 ADM CODE PAINT METAL IN ACCORDANCE WITH DEPT. REGULATION RADIATOR IN THE BATHROOM LOCATED AT APT 3C, 3rd STORY, 1st APARTMENT FROM WEST AT NORTH",2006-06-05,19.0,VIOLATION CLOSED,06/06/2023,Original,Close,N,2006,2006.0
5353,465,2049050001,37,M,,1130,226,DRIVE,10466,1130 226 DRIVE,446,EDENWALD,6/27/23,BRONX,2039,both,10954279,807138,290047.0,2,2094173.0,1130,1130,1138,226 DRIVE,I,2015-10-16,2015-10-16,,,,,,780.0,,"§27-2107 ADM CODE OWNER FAILED TO FILE A VALID REGISTRATION STATEMENT WITH THE DEPARTMENT AS REQUIRED BY ADM CODE §27-2097 AND IS THEREFORE SUBJECT TO CIVIL PENALTIES, PROHIBITED FROM CERTIFYING VIOLATIONS, AND DENIED THE RIGHT TO RECOVER POSSESSION OF PREMISES FOR NONPAYMENT OF RENT UNTIL A VALID REGISTRATION STATEMENT IS FILED.",,9.0,VIOLATION DISMISSED,01/17/2019,,Close,N,2015,
5354,465,2049050001,37,M,,1130,226,DRIVE,10466,1130 226 DRIVE,446,EDENWALD,6/27/23,BRONX,2039,both,10601153,807138,290047.0,2,2094173.0,1130,1130,1138,226 DRIVE,I,2015-03-02,2015-03-02,,,,,,780.0,,"§27-2107 ADM CODE OWNER FAILED TO FILE A VALID REGISTRATION STATEMENT WITH THE DEPARTMENT AS REQUIRED BY ADM CODE §27-2097 AND IS THEREFORE SUBJECT TO CIVIL PENALTIES, PROHIBITED FROM CERTIFYING VIOLATIONS, AND DENIED THE RIGHT TO RECOVER POSSESSION OF PREMISES FOR NONPAYMENT OF RENT UNTIL A VALID REGISTRATION STATEMENT IS FILED.",,9.0,VIOLATION DISMISSED,01/17/2019,,Close,N,2015,
5355,465,2049050001,37,M,,1130,226,DRIVE,10466,1130 226 DRIVE,446,EDENWALD,6/27/23,BRONX,2039,both,11534740,807138,290047.0,2,2094173.0,1130,1130,1138,226 DRIVE,I,2016-11-23,2016-11-23,,,,,,780.0,,"§27-2107 ADM CODE OWNER FAILED TO FILE A VALID REGISTRATION STATEMENT WITH THE DEPARTMENT AS REQUIRED BY ADM CODE §27-2097 AND IS THEREFORE SUBJECT TO CIVIL PENALTIES, PROHIBITED FROM CERTIFYING VIOLATIONS, AND DENIED THE RIGHT TO RECOVER POSSESSION OF PREMISES FOR NONPAYMENT OF RENT UNTIL A VALID REGISTRATION STATEMENT IS FILED.",,9.0,VIOLATION DISMISSED,01/17/2019,,Close,N,2016,
5356,465,2049050001,37,M,,1130,226,DRIVE,10466,1130 226 DRIVE,446,EDENWALD,6/27/23,BRONX,2039,both,12127788,807138,290047.0,2,2094173.0,1130,1130,1138,226 DRIVE,I,2017-12-06,2017-12-06,,,,,,780.0,,"§27-2107 ADM CODE OWNER FAILED TO FILE A VALID REGISTRATION STATEMENT WITH THE DEPARTMENT AS REQUIRED BY ADM CODE §27-2097 AND IS THEREFORE SUBJECT TO CIVIL PENALTIES, PROHIBITED FROM CERTIFYING VIOLATIONS, AND DENIED THE RIGHT TO RECOVER POSSESSION OF PREMISES FOR NONPAYMENT OF RENT UNTIL A VALID REGISTRATION STATEMENT IS FILED.",,9.0,VIOLATION DISMISSED,01/17/2019,,Close,N,2017,
5357,465,2049050001,37,M,,1130,226,DRIVE,10466,1130 226 DRIVE,446,EDENWALD,6/27/23,BRONX,2039,both,12700983,807138,290047.0,2,2094173.0,1130,1130,1138,226 DRIVE,I,2018-10-24,2018-10-24,,,,,,780.0,,"§27-2107 ADM CODE OWNER FAILED TO FILE A VALID REGISTRATION STATEMENT WITH THE DEPARTMENT AS REQUIRED BY ADM CODE §27-2097 AND IS THEREFORE SUBJECT TO CIVIL PENALTIES, PROHIBITED FROM CERTIFYING VIOLATIONS, AND DENIED THE RIGHT TO RECOVER POSSESSION OF PREMISES FOR NONPAYMENT OF RENT UNTIL A VALID REGISTRATION STATEMENT IS FILED.",,9.0,VIOLATION DISMISSED,01/17/2019,,Close,N,2018,
5445,470,2049050001,4,M,,3841,BAYCHESTER,AVENUE,10466,3841 BAYCHESTER AVENUE,446,EDENWALD,6/27/23,BRONX,2039,both,11225039,806271,228736.0,2,2094140.0,3841,3841,3845,BAYCHESTER AVENUE,B,2016-05-05,2016-05-06,06/27/2016,06/13/2016,,,,501.0,5425350.0,"§ 27-2005 ADM CODE PROPERLY REPAIR THE BROKEN OR DEFECTIVE WOOD BASE CABINET IN THE KITCHEN LOCATED AT APT 2B, 2nd STORY, 1st APARTMENT FROM NORTH AT EAST",2016-05-09,19.0,VIOLATION CLOSED,03/17/2023,Original,Close,N,2016,2016.0
5639,486,3048180136,1,M,,752,FENIMORE,STREET,11203,752 FENIMORE STREET,525,FENIMORE-LEFFERTS,11/28/23,BROOKLYN,36,both,12729320,291710,824496.0,3,3107388.0,752,752,752,FENIMORE STREET,I,2018-10-31,2018-10-31,,,,,,780.0,,"§27-2107 ADM CODE OWNER FAILED TO FILE A VALID REGISTRATION STATEMENT WITH THE DEPARTMENT AS REQUIRED BY ADM CODE §27-2097 AND IS THEREFORE SUBJECT TO CIVIL PENALTIES, PROHIBITED FROM CERTIFYING VIOLATIONS, AND DENIED THE RIGHT TO RECOVER POSSESSION OF PREMISES FOR NONPAYMENT OF RENT UNTIL A VALID REGISTRATION STATEMENT IS FILED.",,9.0,VIOLATION DISMISSED,01/16/2019,,Close,N,2018,
5640,487,3048180027,10,M,,730,FENIMORE,STREET,11203,730 FENIMORE STREET,526,FENIMORE-LEFFERTS,11/28/23,BROOKLYN,36,both,12725038,291696,824497.0,3,3107349.0,730,730,730,FENIMORE STREET,I,2018-10-30,2018-10-30,,,,,,780.0,,"§27-2107 ADM CODE OWNER FAILED TO FILE A VALID REGISTRATION STATEMENT WITH THE DEPARTMENT AS REQUIRED BY ADM CODE §27-2097 AND IS THEREFORE SUBJECT TO CIVIL PENALTIES, PROHIBITED FROM CERTIFYING VIOLATIONS, AND DENIED THE RIGHT TO RECOVER POSSESSION OF PREMISES FOR NONPAYMENT OF RENT UNTIL A VALID REGISTRATION STATEMENT IS FILED.",,9.0,VIOLATION DISMISSED,01/16/2019,,Close,N,2018,
5641,488,3048180026,11,M,,728,FENIMORE,STREET,11203,728 FENIMORE STREET,527,FENIMORE-LEFFERTS,11/28/23,BROOKLYN,36,both,12725034,291694,824498.0,3,3107348.0,728,728,728,FENIMORE STREET,I,2018-10-30,2018-10-30,,,,,,780.0,,"§27-2107 ADM CODE OWNER FAILED TO FILE A VALID REGISTRATION STATEMENT WITH THE DEPARTMENT AS REQUIRED BY ADM CODE §27-2097 AND IS THEREFORE SUBJECT TO CIVIL PENALTIES, PROHIBITED FROM CERTIFYING VIOLATIONS, AND DENIED THE RIGHT TO RECOVER POSSESSION OF PREMISES FOR NONPAYMENT OF RENT UNTIL A VALID REGISTRATION STATEMENT IS FILED.",,9.0,VIOLATION DISMISSED,01/16/2019,,Close,N,2018,
5642,489,3048180025,12,M,,726,FENIMORE,STREET,11203,726 FENIMORE STREET,528,FENIMORE-LEFFERTS,11/28/23,BROOKLYN,36,both,12733754,291692,824499.0,3,3107347.0,726,726,726,FENIMORE STREET,I,2018-11-01,2018-11-01,,,,,,780.0,,"§27-2107 ADM CODE OWNER FAILED TO FILE A VALID REGISTRATION STATEMENT WITH THE DEPARTMENT AS REQUIRED BY ADM CODE §27-2097 AND IS THEREFORE SUBJECT TO CIVIL PENALTIES, PROHIBITED FROM CERTIFYING VIOLATIONS, AND DENIED THE RIGHT TO RECOVER POSSESSION OF PREMISES FOR NONPAYMENT OF RENT UNTIL A VALID REGISTRATION STATEMENT IS FILED.",,9.0,VIOLATION DISMISSED,01/16/2019,,Close,N,2018,
5643,490,3013300007,13,M,,334,LEFFERTS,AVENUE,11225,334 LEFFERTS AVENUE,529,FENIMORE-LEFFERTS,11/28/23,BROOKLYN,36,both,12729771,323513,824501.0,3,3035394.0,334,334,334,LEFFERTS AVENUE,I,2018-10-31,2018-10-31,,,,,,780.0,,"§27-2107 ADM CODE OWNER FAILED TO FILE A VALID REGISTRATION STATEMENT WITH THE DEPARTMENT AS REQUIRED BY ADM CODE §27-2097 AND IS THEREFORE SUBJECT TO CIVIL PENALTIES, PROHIBITED FROM CERTIFYING VIOLATIONS, AND DENIED THE RIGHT TO RECOVER POSSESSION OF PREMISES FOR NONPAYMENT OF RENT UNTIL A VALID REGISTRATION STATEMENT IS FILED.",,9.0,VIOLATION DISMISSED,01/16/2019,,Close,N,2018,
5644,491,3013300008,14,M,,336,LEFFERTS,AVENUE,11225,336 LEFFERTS AVENUE,530,FENIMORE-LEFFERTS,11/28/23,BROOKLYN,36,both,12729769,323515,824503.0,3,3035395.0,336,336,336,LEFFERTS AVENUE,I,2018-10-31,2018-10-31,,,,,,780.0,,"§27-2107 ADM CODE OWNER FAILED TO FILE A VALID REGISTRATION STATEMENT WITH THE DEPARTMENT AS REQUIRED BY ADM CODE §27-2097 AND IS THEREFORE SUBJECT TO CIVIL PENALTIES, PROHIBITED FROM CERTIFYING VIOLATIONS, AND DENIED THE RIGHT TO RECOVER POSSESSION OF PREMISES FOR NONPAYMENT OF RENT UNTIL A VALID REGISTRATION STATEMENT IS FILED.",,9.0,VIOLATION DISMISSED,01/16/2019,,Close,N,2018,
5648,492,3013300009,15,M,,338,LEFFERTS,AVENUE,11225,338 LEFFERTS AVENUE,531,FENIMORE-LEFFERTS,11/28/23,BROOKLYN,36,both,12725442,323516,824504.0,3,3035396.0,338,338,338,LEFFERTS AVENUE,I,2018-10-30,2018-10-30,,,,,,780.0,,"§27-2107 ADM CODE OWNER FAILED TO FILE A VALID REGISTRATION STATEMENT WITH THE DEPARTMENT AS REQUIRED BY ADM CODE §27-2097 AND IS THEREFORE SUBJECT TO CIVIL PENALTIES, PROHIBITED FROM CERTIFYING VIOLATIONS, AND DENIED THE RIGHT TO RECOVER POSSESSION OF PREMISES FOR NONPAYMENT OF RENT UNTIL A VALID REGISTRATION STATEMENT IS FILED.",,9.0,VIOLATION DISMISSED,01/16/2019,,Close,N,2018,
5664,493,3013300010,16,M,,340,LEFFERTS,AVENUE,11225,340 LEFFERTS AVENUE,532,FENIMORE-LEFFERTS,11/28/23,BROOKLYN,36,both,12725440,323517,824506.0,3,3035397.0,340,340,340,LEFFERTS AVENUE,I,2018-10-30,2018-10-30,,,,,,780.0,,"§27-2107 ADM CODE OWNER FAILED TO FILE A VALID REGISTRATION STATEMENT WITH THE DEPARTMENT AS REQUIRED BY ADM CODE §27-2097 AND IS THEREFORE SUBJECT TO CIVIL PENALTIES, PROHIBITED FROM CERTIFYING VIOLATIONS, AND DENIED THE RIGHT TO RECOVER POSSESSION OF PREMISES FOR NONPAYMENT OF RENT UNTIL A VALID REGISTRATION STATEMENT IS FILED.",,9.0,VIOLATION DISMISSED,01/16/2019,,Close,N,2018,
5665,494,3013300011,17,M,,342,LEFFERTS,AVENUE,11225,342 LEFFERTS AVENUE,533,FENIMORE-LEFFERTS,11/28/23,BROOKLYN,36,both,12725435,323518,824507.0,3,3035398.0,342,342,342,LEFFERTS AVENUE,I,2018-10-30,2018-10-30,,,,,,780.0,,"§27-2107 ADM CODE OWNER FAILED TO FILE A VALID REGISTRATION STATEMENT WITH THE DEPARTMENT AS REQUIRED BY ADM CODE §27-2097 AND IS THEREFORE SUBJECT TO CIVIL PENALTIES, PROHIBITED FROM CERTIFYING VIOLATIONS, AND DENIED THE RIGHT TO RECOVER POSSESSION OF PREMISES FOR NONPAYMENT OF RENT UNTIL A VALID REGISTRATION STATEMENT IS FILED.",,9.0,VIOLATION DISMISSED,01/16/2019,,Close,N,2018,
5667,495,3013300012,18,M,,344,LEFFERTS,AVENUE,11225,344 LEFFERTS AVENUE,534,FENIMORE-LEFFERTS,11/28/23,BROOKLYN,36,both,12725449,323519,824508.0,3,3035399.0,344,344,344,LEFFERTS AVENUE,I,2018-10-30,2018-10-30,,,,,,780.0,,"§27-2107 ADM CODE OWNER FAILED TO FILE A VALID REGISTRATION STATEMENT WITH THE DEPARTMENT AS REQUIRED BY ADM CODE §27-2097 AND IS THEREFORE SUBJECT TO CIVIL PENALTIES, PROHIBITED FROM CERTIFYING VIOLATIONS, AND DENIED THE RIGHT TO RECOVER POSSESSION OF PREMISES FOR NONPAYMENT OF RENT UNTIL A VALID REGISTRATION STATEMENT IS FILED.",,9.0,VIOLATION DISMISSED,01/16/2019,,Close,N,2018,
5668,496,3048180135,2,M,,750,FENIMORE,STREET,11203,750 FENIMORE STREET,535,FENIMORE-LEFFERTS,11/28/23,BROOKLYN,36,both,12725061,291709,824509.0,3,3107387.0,750,750,750,FENIMORE STREET,I,2018-10-30,2018-10-30,,,,,,780.0,,"§27-2107 ADM CODE OWNER FAILED TO FILE A VALID REGISTRATION STATEMENT WITH THE DEPARTMENT AS REQUIRED BY ADM CODE §27-2097 AND IS THEREFORE SUBJECT TO CIVIL PENALTIES, PROHIBITED FROM CERTIFYING VIOLATIONS, AND DENIED THE RIGHT TO RECOVER POSSESSION OF PREMISES FOR NONPAYMENT OF RENT UNTIL A VALID REGISTRATION STATEMENT IS FILED.",,9.0,VIOLATION DISMISSED,01/16/2019,,Close,N,2018,
5669,497,3048180134,3,M,,748,FENIMORE,STREET,11203,748 FENIMORE STREET,536,FENIMORE-LEFFERTS,11/28/23,BROOKLYN,36,both,5391870,291707,824513.0,3,3107386.0,748,748,748,FENIMORE STREET,B,2005-03-07,2005-03-08,08/04/2007,07/21/2007,,,,801.0,2989576.0,"§ 27-2005 ADMIN. CODE: PROPERLY REPAIR THE BROKEN OR DEFECTIVE MECHANICAL VENT IN THE BATHROOM LOCATED AT APT 1FL, 1st STORY",2007-06-06,2.0,NOV SENT OUT,06/06/2007,Reissued,Open,N,2005,2007.0
5670,497,3048180134,3,M,,748,FENIMORE,STREET,11203,748 FENIMORE STREET,536,FENIMORE-LEFFERTS,11/28/23,BROOKLYN,36,both,5391865,291707,824513.0,3,3107386.0,748,748,748,FENIMORE STREET,B,2005-03-07,2005-03-08,08/04/2007,07/21/2007,,,,801.0,2989576.0,"§ 27-2005 ADMIN. CODE: PROPERLY REPAIR THE BROKEN OR DEFECTIVE DRAIN STOPPER AT BATH TUB IN THE BATHROOM LOCATED AT APT 1FL, 1st STORY",2007-06-06,2.0,NOV SENT OUT,06/06/2007,Reissued,Open,N,2005,2007.0
5671,497,3048180134,3,M,,748,FENIMORE,STREET,11203,748 FENIMORE STREET,536,FENIMORE-LEFFERTS,11/28/23,BROOKLYN,36,both,5391862,291707,824513.0,3,3107386.0,748,748,748,FENIMORE STREET,C,2005-03-07,2005-03-08,06/27/2007,06/22/2007,,,,808.0,2989577.0,"§ 27-2005 ADMIN. CODE: REPAIR THE BROKEN OR DEFECTIVE PLASTERED SURFACES AND PAINT IN UNIFORM COLOR CEILING AND SOUTH WALL IN THE BATHROOM LOCATED AT APT 1FL, 1st STORY",2007-06-06,2.0,NOV SENT OUT,06/06/2007,Reissued,Open,N,2005,2007.0
5672,497,3048180134,3,M,,748,FENIMORE,STREET,11203,748 FENIMORE STREET,536,FENIMORE-LEFFERTS,11/28/23,BROOKLYN,36,both,5391873,291707,824513.0,3,3107386.0,748,748,748,FENIMORE STREET,B,2005-03-07,2005-03-08,08/04/2007,07/21/2007,,,,806.0,2989576.0,"§ 27-2005 ADMIN. CODE: REPLACE WITH NEW THE MISSING SLIDING DOORS AT CLOSET IN THE 3rd ROOM FROM NORTH LOCATED AT APT 1FL, 1st STORY",2007-06-06,2.0,NOV SENT OUT,06/06/2007,Reissued,Open,N,2005,2007.0
5673,497,3048180134,3,M,,748,FENIMORE,STREET,11203,748 FENIMORE STREET,536,FENIMORE-LEFFERTS,11/28/23,BROOKLYN,36,both,5391878,291707,824513.0,3,3107386.0,748,748,748,FENIMORE STREET,B,2005-03-07,2005-03-08,08/04/2007,07/21/2007,,,,801.0,2989576.0,"§ 27-2005 ADMIN. CODE: PROPERLY REPAIR THE BROKEN OR DEFECTIVE ELECTRICAL WALL SOCKETS IN THE 3rd ROOM FROM NORTH LOCATED AT APT 1FL, 1st STORY",2007-06-06,2.0,NOV SENT OUT,06/06/2007,Reissued,Open,N,2005,2007.0
5674,497,3048180134,3,M,,748,FENIMORE,STREET,11203,748 FENIMORE STREET,536,FENIMORE-LEFFERTS,11/28/23,BROOKLYN,36,both,5391880,291707,824513.0,3,3107386.0,748,748,748,FENIMORE STREET,B,2005-03-07,2005-03-08,08/04/2007,07/21/2007,,,,801.0,2989576.0,"§ 27-2005 ADMIN. CODE: PROPERLY REPAIR THE BROKEN OR DEFECTIVE ELECTRICAL WALL SOCKETS IN THE 1st ROOM FROM NORTH LOCATED AT APT 1FL, 1st STORY",2007-06-06,2.0,NOV SENT OUT,06/06/2007,Reissued,Open,N,2005,2007.0
5675,497,3048180134,3,M,,748,FENIMORE,STREET,11203,748 FENIMORE STREET,536,FENIMORE-LEFFERTS,11/28/23,BROOKLYN,36,both,5391886,291707,824513.0,3,3107386.0,748,748,748,FENIMORE STREET,B,2005-03-07,2005-03-08,08/04/2007,07/21/2007,,,,801.0,2989576.0,"§ 27-2005 ADMIN. CODE: PROPERLY REPAIR THE BROKEN OR DEFECTIVE MECHANICAL VENT IN THE KITCHEN LOCATED AT APT 1FL, 1st STORY",2007-06-06,2.0,NOV SENT OUT,06/06/2007,Reissued,Open,N,2005,2007.0
5676,498,3048180133,4,M,,746,FENIMORE,STREET,11203,746 FENIMORE STREET,537,FENIMORE-LEFFERTS,11/28/23,BROOKLYN,36,both,12729309,291706,824514.0,3,3107385.0,746,746,746,FENIMORE STREET,I,2018-10-31,2018-10-31,,,,,,780.0,,"§27-2107 ADM CODE OWNER FAILED TO FILE A VALID REGISTRATION STATEMENT WITH THE DEPARTMENT AS REQUIRED BY ADM CODE §27-2097 AND IS THEREFORE SUBJECT TO CIVIL PENALTIES, PROHIBITED FROM CERTIFYING VIOLATIONS, AND DENIED THE RIGHT TO RECOVER POSSESSION OF PREMISES FOR NONPAYMENT OF RENT UNTIL A VALID REGISTRATION STATEMENT IS FILED.",,9.0,VIOLATION DISMISSED,01/16/2019,,Close,N,2018,
5677,499,3048180033,5,M,,742,FENIMORE,STREET,11203,742 FENIMORE STREET,538,FENIMORE-LEFFERTS,11/28/23,BROOKLYN,36,both,12729306,291705,824515.0,3,3107354.0,742,742,742,FENIMORE STREET,I,2018-10-31,2018-10-31,,,,,,780.0,,"§27-2107 ADM CODE OWNER FAILED TO FILE A VALID REGISTRATION STATEMENT WITH THE DEPARTMENT AS REQUIRED BY ADM CODE §27-2097 AND IS THEREFORE SUBJECT TO CIVIL PENALTIES, PROHIBITED FROM CERTIFYING VIOLATIONS, AND DENIED THE RIGHT TO RECOVER POSSESSION OF PREMISES FOR NONPAYMENT OF RENT UNTIL A VALID REGISTRATION STATEMENT IS FILED.",,9.0,VIOLATION DISMISSED,01/16/2019,,Close,N,2018,
5678,500,3048180031,6,M,,740,FENIMORE,STREET,11203,740 FENIMORE STREET,539,FENIMORE-LEFFERTS,11/28/23,BROOKLYN,36,both,12725047,291703,824516.0,3,3107353.0,740,740,740,FENIMORE STREET,I,2018-10-30,2018-10-30,,,,,,780.0,,"§27-2107 ADM CODE OWNER FAILED TO FILE A VALID REGISTRATION STATEMENT WITH THE DEPARTMENT AS REQUIRED BY ADM CODE §27-2097 AND IS THEREFORE SUBJECT TO CIVIL PENALTIES, PROHIBITED FROM CERTIFYING VIOLATIONS, AND DENIED THE RIGHT TO RECOVER POSSESSION OF PREMISES FOR NONPAYMENT OF RENT UNTIL A VALID REGISTRATION STATEMENT IS FILED.",,9.0,VIOLATION DISMISSED,01/16/2019,,Close,N,2018,
5679,501,3048180030,7,M,,738,FENIMORE,STREET,11203,738 FENIMORE STREET,540,FENIMORE-LEFFERTS,11/28/23,BROOKLYN,36,both,12729331,291701,824517.0,3,3107352.0,738,738,738,FENIMORE STREET,I,2018-10-31,2018-10-31,,,,,,780.0,,"§27-2107 ADM CODE OWNER FAILED TO FILE A VALID REGISTRATION STATEMENT WITH THE DEPARTMENT AS REQUIRED BY ADM CODE §27-2097 AND IS THEREFORE SUBJECT TO CIVIL PENALTIES, PROHIBITED FROM CERTIFYING VIOLATIONS, AND DENIED THE RIGHT TO RECOVER POSSESSION OF PREMISES FOR NONPAYMENT OF RENT UNTIL A VALID REGISTRATION STATEMENT IS FILED.",,9.0,VIOLATION DISMISSED,01/16/2019,,Close,N,2018,
5680,502,3048180029,8,M,,736,FENIMORE,STREET,11203,736 FENIMORE STREET,541,FENIMORE-LEFFERTS,11/28/23,BROOKLYN,36,both,12733746,291699,824518.0,3,3107351.0,736,736,736,FENIMORE STREET,I,2018-11-01,2018-11-01,,,,,,780.0,,"§27-2107 ADM CODE OWNER FAILED TO FILE A VALID REGISTRATION STATEMENT WITH THE DEPARTMENT AS REQUIRED BY ADM CODE §27-2097 AND IS THEREFORE SUBJECT TO CIVIL PENALTIES, PROHIBITED FROM CERTIFYING VIOLATIONS, AND DENIED THE RIGHT TO RECOVER POSSESSION OF PREMISES FOR NONPAYMENT OF RENT UNTIL A VALID REGISTRATION STATEMENT IS FILED.",,9.0,VIOLATION DISMISSED,01/16/2019,,Close,N,2018,
5681,503,3048180028,9,M,,732,FENIMORE,STREET,11203,732 FENIMORE STREET,542,FENIMORE-LEFFERTS,11/28/23,BROOKLYN,36,both,12725057,291698,824519.0,3,3107350.0,732,732,732,FENIMORE STREET,I,2018-10-30,2018-10-30,,,,,,780.0,,"§27-2107 ADM CODE OWNER FAILED TO FILE A VALID REGISTRATION STATEMENT WITH THE DEPARTMENT AS REQUIRED BY ADM CODE §27-2097 AND IS THEREFORE SUBJECT TO CIVIL PENALTIES, PROHIBITED FROM CERTIFYING VIOLATIONS, AND DENIED THE RIGHT TO RECOVER POSSESSION OF PREMISES FOR NONPAYMENT OF RENT UNTIL A VALID REGISTRATION STATEMENT IS FILED.",,9.0,VIOLATION DISMISSED,01/16/2019,,Close,N,2018,
5686,505,3037250001,10,M,,320,MILLER,AVENUE,11207,320 MILLER AVENUE,544,FIORENTINO PLAZA,12/28/21,BROOKLYN,160,both,14679871,808855,389894.0,3,3327009.0,320,320,320,MILLER AVENUE,A,2021-11-17,2021-11-17,03/07/2022,02/21/2022,,,,556.0,7550597.0,"§ 27-2013 ADM CODE PAINT WITH LIGHT COLORED PAINT TO THE SATISFACTION OF THIS DEPARTMENT CEILING AND ALL WALLS IN THE 1st ROOM FROM NORTH LOCATED AT APT 1A, 1st STORY, 2nd APARTMENT FROM SOUTH AT WEST",2021-11-18,19.0,VIOLATION CLOSED,12/16/2024,Original,Close,N,2021,2021.0
5898,516,3037250001,9,,,330,MILLER,AVENUE,11207,330 MILLER AVENUE,544,FIORENTINO PLAZA,12/28/21,BROOKLYN,160,both,10613726,808856,389901.0,3,3327011.0,330,330,340,MILLER AVENUE,B,2015-03-04,2015-03-08,04/27/2015,04/13/2015,,,,502.0,5067490.0,"§ 27-2005 ADM CODE PROPERLY REPAIR WITH SIMILAR MATERIAL THE BROKEN OR DEFECTIVE SHEETROCK CEILING IN THE KITCHEN LOCATED AT APT 2B, 2nd STORY, 1st APARTMENT FROM EAST AT SOUTH",2015-03-09,19.0,VIOLATION CLOSED,12/06/2021,Original,Close,N,2015,2015.0
5944,516,3037250001,9,,,330,MILLER,AVENUE,11207,330 MILLER AVENUE,544,FIORENTINO PLAZA,12/28/21,BROOKLYN,160,both,10613723,808856,389901.0,3,3327011.0,330,330,340,MILLER AVENUE,B,2015-03-04,2015-03-08,04/27/2015,04/13/2015,,,,583.0,5067490.0,"§ 27-2026, 2027 HMC: PROPERLY REPAIR THE SOURCE AND ABATE THE EVIDENCE OF A WATER LEAK AT EAST WALL AND SOUTH WALL IN THE 1st ROOM FROM EAST AT SOUTH LOCATED AT APT 2B, 2nd STORY, 1st APARTMENT FROM EAST AT SOUTH",2015-03-09,19.0,VIOLATION CLOSED,12/06/2021,Original,Close,N,2015,2015.0
5945,516,3037250001,9,,,330,MILLER,AVENUE,11207,330 MILLER AVENUE,544,FIORENTINO PLAZA,12/28/21,BROOKLYN,160,both,10613724,808856,389901.0,3,3327011.0,330,330,340,MILLER AVENUE,B,2015-03-04,2015-03-08,04/27/2015,04/13/2015,,,,502.0,5067490.0,"§ 27-2005 ADM CODE PROPERLY REPAIR WITH SIMILAR MATERIAL THE BROKEN OR DEFECTIVE SHEETROCK WALLS IN THE NORTH 1 CLOSET IN THE 1st ROOM FROM EAST AT SOUTH LOCATED AT APT 2B, 2nd STORY, 1st APARTMENT FROM EAST AT SOUTH",2015-03-09,19.0,VIOLATION CLOSED,12/06/2021,Original,Close,N,2015,2015.0
5946,516,3037250001,9,,,330,MILLER,AVENUE,11207,330 MILLER AVENUE,544,FIORENTINO PLAZA,12/28/21,BROOKLYN,160,both,14682967,808856,389901.0,3,3327011.0,330,330,340,MILLER AVENUE,B,2021-11-20,2021-11-20,01/10/2022,12/27/2021,,,,508.0,7554274.0,"§ 27-2005 ADM CODE REPAIR THE BROKEN OR DEFECTIVE PLASTERED SURFACES AND PAINT IN A UNIFORM COLOR ALL WALLS IN THE KITCHEN LOCATED AT APT 4C, 4th STORY, 2nd APARTMENT FROM EAST AT SOUTH",2021-11-22,19.0,VIOLATION CLOSED,10/17/2024,Original,Close,N,2021,2021.0
5947,516,3037250001,9,,,330,MILLER,AVENUE,11207,330 MILLER AVENUE,544,FIORENTINO PLAZA,12/28/21,BROOKLYN,160,both,14682969,808856,389901.0,3,3327011.0,330,330,340,MILLER AVENUE,B,2021-11-20,2021-11-20,01/10/2022,12/27/2021,,,,508.0,7554274.0,"§ 27-2005 ADM CODE REPAIR THE BROKEN OR DEFECTIVE PLASTERED SURFACES AND PAINT IN A UNIFORM COLOR AT CEILING AND ALL WALLS IN THE 3rd ROOM FROM EAST LOCATED AT APT 4C, 4th STORY, 2nd APARTMENT FROM EAST AT SOUTH",2021-11-22,19.0,VIOLATION CLOSED,10/17/2024,Original,Close,N,2021,2021.0
6040,516,3037250001,9,,,330,MILLER,AVENUE,11207,330 MILLER AVENUE,544,FIORENTINO PLAZA,12/28/21,BROOKLYN,160,both,14682965,808856,389901.0,3,3327011.0,330,330,340,MILLER AVENUE,B,2021-11-20,2021-11-20,01/10/2022,12/27/2021,,,,501.0,7554274.0,"§ 27-2005 ADM CODE PROPERLY REPAIR THE BROKEN OR DEFECTIVE LOCKING DEVICE AT DOOR IN THE ENTRANCE LOCATED AT APT 4C, 4th STORY, 2nd APARTMENT FROM EAST AT SOUTH",2021-11-22,19.0,VIOLATION CLOSED,10/17/2024,Original,Close,N,2021,2021.0
6057,516,3037250001,9,,,330,MILLER,AVENUE,11207,330 MILLER AVENUE,544,FIORENTINO PLAZA,12/28/21,BROOKLYN,160,both,14682968,808856,389901.0,3,3327011.0,330,330,340,MILLER AVENUE,B,2021-11-20,2021-11-20,01/10/2022,12/27/2021,,,,508.0,7554274.0,"§ 27-2005 ADM CODE REPAIR THE BROKEN OR DEFECTIVE PLASTERED SURFACES AND PAINT IN A UNIFORM COLOR ALL WALLS IN THE 2nd ROOM FROM EAST LOCATED AT APT 4C, 4th STORY, 2nd APARTMENT FROM EAST AT SOUTH",2021-11-22,19.0,VIOLATION CLOSED,10/17/2024,Original,Close,N,2021,2021.0
6080,516,3037250001,9,,,330,MILLER,AVENUE,11207,330 MILLER AVENUE,544,FIORENTINO PLAZA,12/28/21,BROOKLYN,160,both,10613725,808856,389901.0,3,3327011.0,330,330,340,MILLER AVENUE,A,2015-03-04,2015-03-08,06/26/2015,06/12/2015,,,,550.0,5067489.0,"§ 27-2005 HMC:TRACE AND REPAIR THE SOURCE AND ABATE THE NUISANCE CONSISTING OF MOLD ... MOLDS AT EAST WALL APPROX 4 SQ.FT. IN THE 1st ROOM FROM EAST AT SOUTH LOCATED AT APT 2B, 2nd STORY, 1st APARTMENT FROM EAST AT SOUTH",2015-03-09,19.0,VIOLATION CLOSED,12/06/2021,Original,Close,N,2015,2015.0
6081,516,3037250001,9,,,330,MILLER,AVENUE,11207,330 MILLER AVENUE,544,FIORENTINO PLAZA,12/28/21,BROOKLYN,160,both,14682970,808856,389901.0,3,3327011.0,330,330,340,MILLER AVENUE,B,2021-11-20,2021-11-20,01/10/2022,12/27/2021,,,,508.0,7554274.0,"§ 27-2005 ADM CODE REPAIR THE BROKEN OR DEFECTIVE PLASTERED SURFACES AND PAINT IN A UNIFORM COLOR ALL WALLS IN THE 4th ROOM FROM EAST LOCATED AT APT 4C, 4th STORY, 2nd APARTMENT FROM EAST AT SOUTH",2021-11-22,19.0,VIOLATION CLOSED,10/17/2024,Original,Close,N,2021,2021.0
6082,516,3037250001,9,,,330,MILLER,AVENUE,11207,330 MILLER AVENUE,544,FIORENTINO PLAZA,12/28/21,BROOKLYN,160,both,14682971,808856,389901.0,3,3327011.0,330,330,340,MILLER AVENUE,B,2021-11-20,2021-11-20,01/10/2022,12/27/2021,,,,508.0,7554274.0,"§ 27-2005 ADM CODE REPAIR THE BROKEN OR DEFECTIVE PLASTERED SURFACES AND PAINT IN A UNIFORM COLOR AT CEILING AND ALL WALLS IN THE PRIVATE HALLWAY LOCATED AT APT 4C, 4th STORY, 2nd APARTMENT FROM EAST AT SOUTH",2021-11-22,19.0,VIOLATION CLOSED,10/17/2024,Original,Close,N,2021,2021.0
6083,516,3037250001,9,,,330,MILLER,AVENUE,11207,330 MILLER AVENUE,544,FIORENTINO PLAZA,12/28/21,BROOKLYN,160,both,14682972,808856,389901.0,3,3327011.0,330,330,340,MILLER AVENUE,B,2021-11-20,2021-11-20,01/10/2022,12/27/2021,,,,508.0,7554274.0,"§ 27-2005 ADM CODE REPAIR THE BROKEN OR DEFECTIVE PLASTERED SURFACES AND PAINT IN A UNIFORM COLOR AT CEILING AND ALL WALLS IN THE 5th ROOM FROM EAST LOCATED AT APT 4C, 4th STORY, 2nd APARTMENT FROM EAST AT SOUTH",2021-11-22,19.0,VIOLATION CLOSED,10/17/2024,Original,Close,N,2021,2021.0
6086,516,3037250001,9,,,330,MILLER,AVENUE,11207,330 MILLER AVENUE,544,FIORENTINO PLAZA,12/28/21,BROOKLYN,160,both,14682966,808856,389901.0,3,3327011.0,330,330,340,MILLER AVENUE,C,2021-11-20,2021-11-20,12/23/2021,12/18/2021,,,,568.0,7554275.0,"HMC ADM CODE: § 27-2017.4 ABATE THE INFESTATION CONSISTING OF ROACHES IN THE ENTIRE APARTMENT LOCATED AT APT 4C, 4th STORY, 2nd APARTMENT FROM EAST AT SOUTH",2021-11-22,19.0,VIOLATION CLOSED,02/19/2025,Original,Close,N,2021,2021.0
6098,519,2029310070,10,,,1375,FRANKLIN,AVENUE,10456,1375 FRANKLIN AVENUE,558,FRANKLIN AVENUE I CONVENTIONAL,11/30/18,BRONX,61,both,10901119,79308,213924.0,2,2009707.0,1375,1373,1375,FRANKLIN AVENUE,I,2015-10-05,2015-10-05,,,,,,780.0,,"§27-2107 ADM CODE OWNER FAILED TO FILE A VALID REGISTRATION STATEMENT WITH THE DEPARTMENT AS REQUIRED BY ADM CODE §27-2097 AND IS THEREFORE SUBJECT TO CIVIL PENALTIES, PROHIBITED FROM CERTIFYING VIOLATIONS, AND DENIED THE RIGHT TO RECOVER POSSESSION OF PREMISES FOR NONPAYMENT OF RENT UNTIL A VALID REGISTRATION STATEMENT IS FILED.",,9.0,VIOLATION DISMISSED,10/31/2018,,Close,N,2015,
6099,519,2029310070,10,,,1375,FRANKLIN,AVENUE,10456,1375 FRANKLIN AVENUE,558,FRANKLIN AVENUE I CONVENTIONAL,11/30/18,BRONX,61,both,10535899,79308,213924.0,2,2009707.0,1375,1373,1375,FRANKLIN AVENUE,I,2015-02-04,2015-02-04,,,,,,780.0,,"§27-2107 ADM CODE OWNER FAILED TO FILE A VALID REGISTRATION STATEMENT WITH THE DEPARTMENT AS REQUIRED BY ADM CODE §27-2097 AND IS THEREFORE SUBJECT TO CIVIL PENALTIES, PROHIBITED FROM CERTIFYING VIOLATIONS, AND DENIED THE RIGHT TO RECOVER POSSESSION OF PREMISES FOR NONPAYMENT OF RENT UNTIL A VALID REGISTRATION STATEMENT IS FILED.",,9.0,VIOLATION DISMISSED,10/31/2018,,Close,N,2015,
6100,519,2029310070,10,,,1375,FRANKLIN,AVENUE,10456,1375 FRANKLIN AVENUE,558,FRANKLIN AVENUE I CONVENTIONAL,11/30/18,BRONX,61,both,11465095,79308,213924.0,2,2009707.0,1375,1373,1375,FRANKLIN AVENUE,I,2016-10-28,2016-10-28,,,,,,780.0,,"§27-2107 ADM CODE OWNER FAILED TO FILE A VALID REGISTRATION STATEMENT WITH THE DEPARTMENT AS REQUIRED BY ADM CODE §27-2097 AND IS THEREFORE SUBJECT TO CIVIL PENALTIES, PROHIBITED FROM CERTIFYING VIOLATIONS, AND DENIED THE RIGHT TO RECOVER POSSESSION OF PREMISES FOR NONPAYMENT OF RENT UNTIL A VALID REGISTRATION STATEMENT IS FILED.",,9.0,VIOLATION DISMISSED,10/31/2018,,Close,N,2016,
6101,519,2029310070,10,,,1375,FRANKLIN,AVENUE,10456,1375 FRANKLIN AVENUE,558,FRANKLIN AVENUE I CONVENTIONAL,11/30/18,BRONX,61,both,12065192,79308,213924.0,2,2009707.0,1375,1373,1375,FRANKLIN AVENUE,I,2017-11-13,2017-11-13,,,,,,780.0,,"§27-2107 ADM CODE OWNER FAILED TO FILE A VALID REGISTRATION STATEMENT WITH THE DEPARTMENT AS REQUIRED BY ADM CODE §27-2097 AND IS THEREFORE SUBJECT TO CIVIL PENALTIES, PROHIBITED FROM CERTIFYING VIOLATIONS, AND DENIED THE RIGHT TO RECOVER POSSESSION OF PREMISES FOR NONPAYMENT OF RENT UNTIL A VALID REGISTRATION STATEMENT IS FILED.",,9.0,VIOLATION DISMISSED,10/31/2018,,Close,N,2017,
6102,519,2029310070,10,,,1375,FRANKLIN,AVENUE,10456,1375 FRANKLIN AVENUE,558,FRANKLIN AVENUE I CONVENTIONAL,11/30/18,BRONX,61,both,12642880,79308,213924.0,2,2009707.0,1375,1373,1375,FRANKLIN AVENUE,I,2018-10-11,2018-10-11,,,,,,780.0,,"§27-2107 ADM CODE OWNER FAILED TO FILE A VALID REGISTRATION STATEMENT WITH THE DEPARTMENT AS REQUIRED BY ADM CODE §27-2097 AND IS THEREFORE SUBJECT TO CIVIL PENALTIES, PROHIBITED FROM CERTIFYING VIOLATIONS, AND DENIED THE RIGHT TO RECOVER POSSESSION OF PREMISES FOR NONPAYMENT OF RENT UNTIL A VALID REGISTRATION STATEMENT IS FILED.",,9.0,VIOLATION DISMISSED,10/31/2018,,Close,N,2018,
6103,519,2029310070,10,,,1375,FRANKLIN,AVENUE,10456,1375 FRANKLIN AVENUE,558,FRANKLIN AVENUE I CONVENTIONAL,11/30/18,BRONX,61,both,3815382,79308,213924.0,2,2009707.0,1375,1373,1375,FRANKLIN AVENUE,A,2001-05-02,2001-05-02,08/17/2001,08/12/2001,,,,772.0,1654802.0,§ 27-2098 ADM CODE FILE WITH THIS DEPARTMENT A REGISTRATION STATEMENT FOR BUILDING.,2001-05-04,9.0,VIOLATION DISMISSED,03/10/2015,Original,Close,Y,2001,2001.0
6104,519,2029310070,10,,,1375,FRANKLIN,AVENUE,10456,1375 FRANKLIN AVENUE,558,FRANKLIN AVENUE I CONVENTIONAL,11/30/18,BRONX,61,both,596497,79308,213924.0,2,2009707.0,1375,1373,1375,FRANKLIN AVENUE,C,1980-07-28,1976-09-24,11/11/1976,11/09/1976,,,,552.0,207444.0,"D26-11.01, 11.03, 11.05 ADM CODE REMOVE THE ACCUMULATION OF REFUSE AND/OR RUBBISH AND MAINTAIN IN A CLEAN CONDITION THE YARD CAUSTS & ROOF THROUGHOUT.",1976-10-12,19.0,VIOLATION CLOSED,10/31/2018,Original,Close,N,1980,1976.0
6110,521,2029310066,8,,,1383,FRANKLIN,AVENUE,10456,1383 FRANKLIN AVENUE,560,FRANKLIN AVENUE I CONVENTIONAL,11/30/18,BRONX,61,both,10535893,79310,213884.0,2,2009705.0,1383,1381,1383,FRANKLIN AVENUE,I,2015-02-04,2015-02-04,,,,,,780.0,,"§27-2107 ADM CODE OWNER FAILED TO FILE A VALID REGISTRATION STATEMENT WITH THE DEPARTMENT AS REQUIRED BY ADM CODE §27-2097 AND IS THEREFORE SUBJECT TO CIVIL PENALTIES, PROHIBITED FROM CERTIFYING VIOLATIONS, AND DENIED THE RIGHT TO RECOVER POSSESSION OF PREMISES FOR NONPAYMENT OF RENT UNTIL A VALID REGISTRATION STATEMENT IS FILED.",,9.0,VIOLATION DISMISSED,11/27/2018,,Close,N,2015,
6111,521,2029310066,8,,,1383,FRANKLIN,AVENUE,10456,1383 FRANKLIN AVENUE,560,FRANKLIN AVENUE I CONVENTIONAL,11/30/18,BRONX,61,both,10901111,79310,213884.0,2,2009705.0,1383,1381,1383,FRANKLIN AVENUE,I,2015-10-05,2015-10-05,,,,,,780.0,,"§27-2107 ADM CODE OWNER FAILED TO FILE A VALID REGISTRATION STATEMENT WITH THE DEPARTMENT AS REQUIRED BY ADM CODE §27-2097 AND IS THEREFORE SUBJECT TO CIVIL PENALTIES, PROHIBITED FROM CERTIFYING VIOLATIONS, AND DENIED THE RIGHT TO RECOVER POSSESSION OF PREMISES FOR NONPAYMENT OF RENT UNTIL A VALID REGISTRATION STATEMENT IS FILED.",,9.0,VIOLATION DISMISSED,11/27/2018,,Close,N,2015,
6112,521,2029310066,8,,,1383,FRANKLIN,AVENUE,10456,1383 FRANKLIN AVENUE,560,FRANKLIN AVENUE I CONVENTIONAL,11/30/18,BRONX,61,both,11465089,79310,213884.0,2,2009705.0,1383,1381,1383,FRANKLIN AVENUE,I,2016-10-28,2016-10-28,,,,,,780.0,,"§27-2107 ADM CODE OWNER FAILED TO FILE A VALID REGISTRATION STATEMENT WITH THE DEPARTMENT AS REQUIRED BY ADM CODE §27-2097 AND IS THEREFORE SUBJECT TO CIVIL PENALTIES, PROHIBITED FROM CERTIFYING VIOLATIONS, AND DENIED THE RIGHT TO RECOVER POSSESSION OF PREMISES FOR NONPAYMENT OF RENT UNTIL A VALID REGISTRATION STATEMENT IS FILED.",,9.0,VIOLATION DISMISSED,11/27/2018,,Close,N,2016,
6113,521,2029310066,8,,,1383,FRANKLIN,AVENUE,10456,1383 FRANKLIN AVENUE,560,FRANKLIN AVENUE I CONVENTIONAL,11/30/18,BRONX,61,both,12065193,79310,213884.0,2,2009705.0,1383,1381,1383,FRANKLIN AVENUE,I,2017-11-13,2017-11-13,,,,,,780.0,,"§27-2107 ADM CODE OWNER FAILED TO FILE A VALID REGISTRATION STATEMENT WITH THE DEPARTMENT AS REQUIRED BY ADM CODE §27-2097 AND IS THEREFORE SUBJECT TO CIVIL PENALTIES, PROHIBITED FROM CERTIFYING VIOLATIONS, AND DENIED THE RIGHT TO RECOVER POSSESSION OF PREMISES FOR NONPAYMENT OF RENT UNTIL A VALID REGISTRATION STATEMENT IS FILED.",,9.0,VIOLATION DISMISSED,11/27/2018,,Close,N,2017,
6114,521,2029310066,8,,,1383,FRANKLIN,AVENUE,10456,1383 FRANKLIN AVENUE,560,FRANKLIN AVENUE I CONVENTIONAL,11/30/18,BRONX,61,both,12642881,79310,213884.0,2,2009705.0,1383,1381,1383,FRANKLIN AVENUE,I,2018-10-11,2018-10-11,,,,,,780.0,,"§27-2107 ADM CODE OWNER FAILED TO FILE A VALID REGISTRATION STATEMENT WITH THE DEPARTMENT AS REQUIRED BY ADM CODE §27-2097 AND IS THEREFORE SUBJECT TO CIVIL PENALTIES, PROHIBITED FROM CERTIFYING VIOLATIONS, AND DENIED THE RIGHT TO RECOVER POSSESSION OF PREMISES FOR NONPAYMENT OF RENT UNTIL A VALID REGISTRATION STATEMENT IS FILED.",,9.0,VIOLATION DISMISSED,11/27/2018,,Close,N,2018,
6128,524,2029310068,9,,,1379,FRANKLIN,AVENUE,10456,1379 FRANKLIN AVENUE,562,FRANKLIN AVENUE I CONVENTIONAL,11/30/18,BRONX,61,both,10900418,79309,209873.0,2,2009706.0,1379,1377,1379,FRANKLIN AVENUE,I,2015-10-05,2015-10-05,,,,,,780.0,,"§27-2107 ADM CODE OWNER FAILED TO FILE A VALID REGISTRATION STATEMENT WITH THE DEPARTMENT AS REQUIRED BY ADM CODE §27-2097 AND IS THEREFORE SUBJECT TO CIVIL PENALTIES, PROHIBITED FROM CERTIFYING VIOLATIONS, AND DENIED THE RIGHT TO RECOVER POSSESSION OF PREMISES FOR NONPAYMENT OF RENT UNTIL A VALID REGISTRATION STATEMENT IS FILED.",,9.0,VIOLATION DISMISSED,08/30/2017,,Close,N,2015,
6132,524,2029310068,9,,,1379,FRANKLIN,AVENUE,10456,1379 FRANKLIN AVENUE,562,FRANKLIN AVENUE I CONVENTIONAL,11/30/18,BRONX,61,both,10535413,79309,209873.0,2,2009706.0,1379,1377,1379,FRANKLIN AVENUE,I,2015-02-04,2015-02-04,,,,,,780.0,,"§27-2107 ADM CODE OWNER FAILED TO FILE A VALID REGISTRATION STATEMENT WITH THE DEPARTMENT AS REQUIRED BY ADM CODE §27-2097 AND IS THEREFORE SUBJECT TO CIVIL PENALTIES, PROHIBITED FROM CERTIFYING VIOLATIONS, AND DENIED THE RIGHT TO RECOVER POSSESSION OF PREMISES FOR NONPAYMENT OF RENT UNTIL A VALID REGISTRATION STATEMENT IS FILED.",,9.0,VIOLATION DISMISSED,08/30/2017,,Close,N,2015,
6133,524,2029310068,9,,,1379,FRANKLIN,AVENUE,10456,1379 FRANKLIN AVENUE,562,FRANKLIN AVENUE I CONVENTIONAL,11/30/18,BRONX,61,both,11464668,79309,209873.0,2,2009706.0,1379,1377,1379,FRANKLIN AVENUE,I,2016-10-28,2016-10-28,,,,,,780.0,,"§27-2107 ADM CODE OWNER FAILED TO FILE A VALID REGISTRATION STATEMENT WITH THE DEPARTMENT AS REQUIRED BY ADM CODE §27-2097 AND IS THEREFORE SUBJECT TO CIVIL PENALTIES, PROHIBITED FROM CERTIFYING VIOLATIONS, AND DENIED THE RIGHT TO RECOVER POSSESSION OF PREMISES FOR NONPAYMENT OF RENT UNTIL A VALID REGISTRATION STATEMENT IS FILED.",,9.0,VIOLATION DISMISSED,08/30/2017,,Close,N,2016,
6148,527,2029350005,5,M,,1392,FRANKLIN,AVENUE,10456,1392 FRANKLIN AVENUE,566,FRANKLIN AVENUE II CONVENTIONAL,11/30/18,BRONX,45,both,596544,79315,203677.0,2,2009766.0,1392,1392,1392,FRANKLIN AVENUE,A,1978-08-14,1978-08-14,08/18/1982,08/11/1982,08/18/1982,08/01/1982,,508.0,207474.0,"D26-10.01 ADM CODE REPAIR THE BROKEN OR DEFECTIVE PLASTERED SURFACES AND PAINT IN A UNIFORM COLOR WALL 5 STY REAR APT 3E BATHROOM. , SECTION '' ''",1978-09-05,9.0,VIOLATION DISMISSED,06/12/2019,Original,Close,N,1978,1978.0
6149,527,2029350005,5,M,,1392,FRANKLIN,AVENUE,10456,1392 FRANKLIN AVENUE,566,FRANKLIN AVENUE II CONVENTIONAL,11/30/18,BRONX,45,both,596557,79315,203677.0,2,2009766.0,1392,1392,1392,FRANKLIN AVENUE,C,1979-01-25,1979-01-25,08/09/1982,08/07/1982,08/09/1982,08/01/1982,,670.0,207479.0,"D26-17.07 ADM CODE PROVIDE HOT WATER AT ALL HOT WATER FIXTURES 4TH STY SOUTHEAST APT 3D KITCHEN & BATHROOM. , SECTION '' ''",1979-02-26,9.0,VIOLATION DISMISSED,06/12/2019,Original,Close,Y,1979,1979.0
6150,527,2029350005,5,M,,1392,FRANKLIN,AVENUE,10456,1392 FRANKLIN AVENUE,566,FRANKLIN AVENUE II CONVENTIONAL,11/30/18,BRONX,45,both,9382917,79315,203677.0,2,2009766.0,1392,1392,1392,FRANKLIN AVENUE,B,2012-03-27,2012-03-28,05/17/2012,05/03/2012,,,,686.0,4384388.0,§ 27-2040 ADM CODE PROVIDE ADEQUATE LIGHTING AT OR NEAR THE OUTSIDE OF THE FRONT ENTRANCEWAY OF THE BUILDING AND KEEP SAME BURNING FROM SUNSET EVERY DAY TO SUNRISE ON THE DAY FOLLOWING A MINIMUM OF 100 WATTS INCANDESCENT LIGHT REQUIRED.,2012-03-29,19.0,VIOLATION CLOSED,06/12/2019,Original,Close,N,2012,2012.0
6165,529,2029350030,7,M,,631,JEFFERSON,PLACE,10456,631 JEFFERSON PLACE,568,FRANKLIN AVENUE III CONVENTIONAL,11/30/18,BRONX,15,both,9010047,88675,202836.0,2,2009780.0,631,631,631,JEFFERSON PLACE,B,2011-07-07,2011-07-07,08/26/2011,08/12/2011,,,,686.0,4206566.0,§ 27-2040 ADM CODE PROVIDE ADEQUATE LIGHTING AT OR NEAR THE OUTSIDE OF THE FRONT ENTRANCEWAY OF THE BUILDING AND KEEP SAME BURNING FROM SUNSET EVERY DAY TO SUNRISE ON THE DAY FOLLOWING ***MINIMUM 100 WATTS OF INCANDESCENT LIGHT REQUIRED***,2011-07-08,19.0,VIOLATION CLOSED,02/27/2020,Original,Close,N,2011,2011.0
6331,543,1020370011,2,,,2650,ADAM C POWELL,BOULEVARD,10039,2650 ADAM C POWELL BOULEVARD,570,HARLEM RIVER,2/17/22,MANHATTAN,577,both,8950446,847377,142520.0,1,1086095.0,2650,2650,2650,ADAM C POWELL BOULEVARD,C,2011-05-18,2011-05-19,05/31/2011,05/26/2011,,,,550.0,4177559.0,"§ 27-2005 HMC:TRACE AND REPAIR THE SOURCE AND ABATE THE NUISANCE CONSISTING OF MOLD ... AT THE SOUTH WALL IN THE 3rd ROOM FROM NORTH AT EAST LOCATED AT APT 4A, 4th STORY, 1st APARTMENT FROM WEST AT NORTH",2011-05-20,19.0,VIOLATION CLOSED,05/19/2025,Original,Close,N,2011,2011.0
6332,543,1020370011,2,,,2650,ADAM C POWELL,BOULEVARD,10039,2650 ADAM C POWELL BOULEVARD,570,HARLEM RIVER,2/17/22,MANHATTAN,577,both,8950447,847377,142520.0,1,1086095.0,2650,2650,2650,ADAM C POWELL BOULEVARD,B,2011-05-18,2011-05-19,07/08/2011,06/24/2011,,,,508.0,4177558.0,"§ 27-2005 ADM CODE REPAIR THE BROKEN OR DEFECTIVE PLASTERED SURFACES AND PAINT IN A UNIFORM COLOR THE CEILING IN THE 3rd ROOM FROM NORTH AT EAST LOCATED AT APT 4A, 4th STORY, 1st APARTMENT FROM WEST AT NORTH",2011-05-20,19.0,VIOLATION CLOSED,05/19/2025,Original,Close,N,2011,2011.0
6333,543,1020370011,2,,,2650,ADAM C POWELL,BOULEVARD,10039,2650 ADAM C POWELL BOULEVARD,570,HARLEM RIVER,2/17/22,MANHATTAN,577,both,8950448,847377,142520.0,1,1086095.0,2650,2650,2650,ADAM C POWELL BOULEVARD,B,2011-05-18,2011-05-19,07/08/2011,06/24/2011,,,,508.0,4177558.0,"§ 27-2005 ADM CODE REPAIR THE BROKEN OR DEFECTIVE PLASTERED SURFACES AND PAINT IN A UNIFORM COLOR THE WEST WALL IN THE 3rd ROOM FROM NORTH AT EAST LOCATED AT APT 4A, 4th STORY, 1st APARTMENT FROM WEST AT NORTH",2011-05-20,19.0,VIOLATION CLOSED,05/19/2025,Original,Close,N,2011,2011.0
6334,543,1020370011,2,,,2650,ADAM C POWELL,BOULEVARD,10039,2650 ADAM C POWELL BOULEVARD,570,HARLEM RIVER,2/17/22,MANHATTAN,577,both,8950449,847377,142520.0,1,1086095.0,2650,2650,2650,ADAM C POWELL BOULEVARD,B,2011-05-18,2011-05-19,07/08/2011,06/24/2011,,,,550.0,4177558.0,"§ 27-2005 HMC:TRACE AND REPAIR THE SOURCE AND ABATE THE NUISANCE CONSISTING OF MOLD ... AT THE EAST WALL IN THE 3rd ROOM FROM NORTH AT EAST LOCATED AT APT 4A, 4th STORY, 1st APARTMENT FROM WEST AT NORTH",2011-05-20,19.0,VIOLATION CLOSED,05/19/2025,Original,Close,N,2011,2011.0
6335,543,1020370011,2,,,2650,ADAM C POWELL,BOULEVARD,10039,2650 ADAM C POWELL BOULEVARD,570,HARLEM RIVER,2/17/22,MANHATTAN,577,both,8950450,847377,142520.0,1,1086095.0,2650,2650,2650,ADAM C POWELL BOULEVARD,C,2011-05-18,2011-05-19,05/31/2011,05/26/2011,,,,550.0,4177559.0,"§ 27-2005 HMC:TRACE AND REPAIR THE SOURCE AND ABATE THE NUISANCE CONSISTING OF MOLD ... AT THE EAST WALL IN THE 2nd ROOM FROM NORTH AT WEST LOCATED AT APT 4A, 4th STORY, 2nd APARTMENT FROM WEST AT NORTH",2011-05-20,19.0,VIOLATION CLOSED,05/19/2025,Original,Close,N,2011,2011.0
6336,543,1020370011,2,,,2650,ADAM C POWELL,BOULEVARD,10039,2650 ADAM C POWELL BOULEVARD,570,HARLEM RIVER,2/17/22,MANHATTAN,577,both,8950451,847377,142520.0,1,1086095.0,2650,2650,2650,ADAM C POWELL BOULEVARD,B,2011-05-18,2011-05-19,07/08/2011,06/24/2011,,,,508.0,4177558.0,"§ 27-2005 ADM CODE REPAIR THE BROKEN OR DEFECTIVE PLASTERED SURFACES AND PAINT IN A UNIFORM COLOR THE SOUTH WALL IN THE 2nd ROOM FROM NORTH AT WEST LOCATED AT APT 4A, 4th STORY, 2nd APARTMENT FROM WEST AT NORTH",2011-05-20,19.0,VIOLATION CLOSED,05/19/2025,Original,Close,N,2011,2011.0
6337,543,1020370011,2,,,2650,ADAM C POWELL,BOULEVARD,10039,2650 ADAM C POWELL BOULEVARD,570,HARLEM RIVER,2/17/22,MANHATTAN,577,both,8950453,847377,142520.0,1,1086095.0,2650,2650,2650,ADAM C POWELL BOULEVARD,B,2011-05-18,2011-05-19,07/08/2011,06/24/2011,,,,508.0,4177558.0,"§ 27-2005 ADM CODE REPAIR THE BROKEN OR DEFECTIVE PLASTERED SURFACES AND PAINT IN A UNIFORM COLOR THE CEILING IN THE FOYER LOCATED AT APT 4A, 4th STORY, 1st APARTMENT FROM WEST AT NORTH , SECTION AT EAST",2011-05-20,19.0,VIOLATION CLOSED,05/19/2025,Original,Close,N,2011,2011.0
6454,578,1020370011,5,M,,44,MACOMBS,PLACE,10039,44 MACOMBS PLACE,570,HARLEM RIVER,2/17/22,MANHATTAN,577,both,12263617,24534,144958.0,1,1084153.0,44,40,58,MACOMBS PLACE,A,2018-02-25,2018-03-01,06/18/2018,06/04/2018,,,,501.0,6028925.0,"§ 27-2005 ADM CODE PROPERLY REPAIR THE BROKEN OR DEFECTIVE LIGHT FIXTURE AT SOUTH WALL IN THE 1st ROOM FROM NORTH AT WEST LOCATED AT APT 1B, 1st STORY, 1st APARTMENT FROM WEST AT NORTH",2018-03-01,19.0,VIOLATION CLOSED,11/02/2020,Original,Close,N,2018,2018.0
6470,578,1020370011,5,M,,44,MACOMBS,PLACE,10039,44 MACOMBS PLACE,570,HARLEM RIVER,2/17/22,MANHATTAN,577,both,14847227,24534,144958.0,1,1084153.0,44,40,58,MACOMBS PLACE,A,2022-02-15,2022-02-15,06/04/2022,05/21/2022,,,,1507.0,7647302.0,"(A) § HMC:FILE ANNUAL BEDBUG REPORT IN ACCORDANCE WITH HPD RULE AS DESCRIBED ON THE BACK OF THIS NOTICE OF VIOLATION OR AS DESCRIBED ON HPDS WEBSITE, WWW.NYC.GOV\HPD, SEARCH BED BUGS.",2022-02-15,9.0,VIOLATION DISMISSED,05/04/2023,Original,Close,N,2022,2022.0
6576,595,1020160060,7,,,2621,ADAM C POWELL,BOULEVARD,10039,2621 ADAM C POWELL BOULEVARD,620,HARLEM RIVER,2/17/22,MANHATTAN,577,both,14847167,3652,144956.0,1,1060197.0,2621,2621,2637,ADAM C POWELL BOULEVARD,A,2022-02-15,2022-02-15,06/04/2022,05/21/2022,,,,1507.0,7641576.0,"(A) § HMC:FILE ANNUAL BEDBUG REPORT IN ACCORDANCE WITH HPD RULE AS DESCRIBED ON THE BACK OF THIS NOTICE OF VIOLATION OR AS DESCRIBED ON HPDS WEBSITE, WWW.NYC.GOV\HPD, SEARCH BED BUGS.",2022-02-15,9.0,VIOLATION DISMISSED,05/04/2023,Original,Close,N,2022,2022.0
6722,601,1020370001,8,M,,2850,FREDERICK DOUGLASS,BOULEVARD,10039,2850 FREDERICK DOUGLASS BOULEVARD,640,HARLEM RIVER II ,2/17/22,MANHATTAN,116,both,14847207,4186,144954.0,1,1060604.0,2850,2850,2850,FREDERICK DOUGLASS BOULEVARD,A,2022-02-15,2022-02-15,06/04/2022,05/21/2022,,,,1507.0,7641694.0,"(A) § HMC:FILE ANNUAL BEDBUG REPORT IN ACCORDANCE WITH HPD RULE AS DESCRIBED ON THE BACK OF THIS NOTICE OF VIOLATION OR AS DESCRIBED ON HPDS WEBSITE, WWW.NYC.GOV\HPD, SEARCH BED BUGS.",2022-02-15,9.0,VIOLATION DISMISSED,05/04/2023,Original,Close,N,2022,2022.0
6756,601,1020370001,8,M,,2850,FREDERICK DOUGLASS,BOULEVARD,10039,2850 FREDERICK DOUGLASS BOULEVARD,640,HARLEM RIVER II ,2/17/22,MANHATTAN,116,both,9046247,4186,144954.0,1,1060604.0,2850,2850,2850,FREDERICK DOUGLASS BOULEVARD,C,2011-08-02,2011-08-06,08/19/2011,08/14/2011,,,,510.0,4226748.0,"§ 27-2005 ADM CODE & 309 M/D LAW ABATE THE NUISANCE CONSISTING OF CONCEALED WATER LEAK AT THE CEILING IN THE BATHROOM LOCATED AT APT 9B, 9th STORY, 1st APARTMENT FROM EAST AT SOUTH",2011-08-08,19.0,VIOLATION CLOSED,11/02/2020,Original,Close,N,2011,2011.0
6757,601,1020370001,8,M,,2850,FREDERICK DOUGLASS,BOULEVARD,10039,2850 FREDERICK DOUGLASS BOULEVARD,640,HARLEM RIVER II ,2/17/22,MANHATTAN,116,both,9046248,4186,144954.0,1,1060604.0,2850,2850,2850,FREDERICK DOUGLASS BOULEVARD,B,2011-08-02,2011-08-06,09/26/2011,09/12/2011,,,,508.0,4226747.0,"§ 27-2005 ADM CODE REPAIR THE BROKEN OR DEFECTIVE PLASTERED SURFACES AND PAINT IN A UNIFORM COLOR THE CEILING IN THE BATHROOM LOCATED AT APT 9B, 9th STORY, 1st APARTMENT FROM EAST AT SOUTH",2011-08-08,19.0,VIOLATION CLOSED,11/02/2020,Original,Close,N,2011,2011.0
6758,601,1020370001,8,M,,2850,FREDERICK DOUGLASS,BOULEVARD,10039,2850 FREDERICK DOUGLASS BOULEVARD,640,HARLEM RIVER II ,2/17/22,MANHATTAN,116,both,9046252,4186,144954.0,1,1060604.0,2850,2850,2850,FREDERICK DOUGLASS BOULEVARD,B,2011-08-02,2011-08-06,09/26/2011,09/12/2011,,,,508.0,4226747.0,"§ 27-2005 ADM CODE REPAIR THE BROKEN OR DEFECTIVE PLASTERED SURFACES AND PAINT IN A UNIFORM COLOR THE NORTH WALL IN THE BATHROOM LOCATED AT APT 9B, 9th STORY, 1st APARTMENT FROM EAST AT SOUTH",2011-08-08,19.0,VIOLATION CLOSED,11/18/2020,Original,Close,N,2011,2011.0
6873,615,2025140067,3,M,,1139,NELSON,AVENUE,10452,1139 NELSON AVENUE,654,HIGHBRIDGE REHABS (NELSON AVENUE),11/30/18,BRONX,80,both,741696,99125,228003.0,2,2003274.0,1139,1139,1139,NELSON AVENUE,B,1980-11-21,1980-11-21,10/16/2007,10/02/2007,,,,501.0,3066527.0,"D26-10.01 ADM CODE PROPERLY REPAIR THE BROKEN OR DEFECTIVE WINDOW SASH 5TH STY SOUTH APT 5D CENTER ROOM & SOUTH WEST ROOM. , SECTION '' ''",2007-08-28,19.0,VIOLATION CLOSED,06/12/2019,Reissued,Close,N,1980,2007.0
6874,615,2025140067,3,M,,1139,NELSON,AVENUE,10452,1139 NELSON AVENUE,654,HIGHBRIDGE REHABS (NELSON AVENUE),11/30/18,BRONX,80,both,741697,99125,228003.0,2,2003274.0,1139,1139,1139,NELSON AVENUE,B,1980-11-21,1980-11-21,10/16/2007,10/02/2007,,,,508.0,3066527.0,"D26-10.01 ADM CODE REPAIR THE BROKEN OR DEFECTIVE PLASTERED SURFACES AND PAINT IN A UNIFORM COLOR SOUTH WALL 5TH STY SOUTH APT 5D BATHROOM. , SECTION '' ''",2007-08-28,19.0,VIOLATION CLOSED,06/12/2019,Reissued,Close,N,1980,2007.0
6875,615,2025140067,3,M,,1139,NELSON,AVENUE,10452,1139 NELSON AVENUE,654,HIGHBRIDGE REHABS (NELSON AVENUE),11/30/18,BRONX,80,both,741698,99125,228003.0,2,2003274.0,1139,1139,1139,NELSON AVENUE,B,1980-11-21,1980-11-21,10/16/2007,10/02/2007,,,,505.0,3066527.0,"D26-10.01 ADM CODE REPLACE WITH NEW THE BROKEN OR DEFECTIVE WINDOW GLASS 5TH STY SOUTH APT 5D SOUTH WEST ROOM. , SECTION '' ''",2007-08-28,19.0,VIOLATION CLOSED,06/12/2019,Reissued,Close,N,1980,2007.0
6876,615,2025140067,3,M,,1139,NELSON,AVENUE,10452,1139 NELSON AVENUE,654,HIGHBRIDGE REHABS (NELSON AVENUE),11/30/18,BRONX,80,both,741699,99125,228003.0,2,2003274.0,1139,1139,1139,NELSON AVENUE,B,1980-11-21,1980-11-21,10/16/2007,10/02/2007,,,,579.0,3066527.0,"D26-16.01 ADM CODE REPAIR THE LEAKY AND/OR DEFECTIVE FAUCETS BATHTUB 5TH STY SOUTH APT 5D BATHROOM. , SECTION '' ''",2007-08-28,19.0,VIOLATION CLOSED,06/12/2019,Reissued,Close,N,1980,2007.0
6877,615,2025140067,3,M,,1139,NELSON,AVENUE,10452,1139 NELSON AVENUE,654,HIGHBRIDGE REHABS (NELSON AVENUE),11/30/18,BRONX,80,both,741700,99125,228003.0,2,2003274.0,1139,1139,1139,NELSON AVENUE,A,1980-11-21,1980-11-21,12/15/2007,12/01/2007,,,,556.0,3066526.0,"D26-12.01 ADM CODE PAINT WITH LIGHT COLORED PAINT TO THE SATISFACTION OF THIS DEPARTMENT CEILINGS & WALLS 5TH STY SOUTH APT 5D THROUGHOUT. , SECTION '' ''",2007-08-28,19.0,VIOLATION CLOSED,06/12/2019,Reissued,Close,N,1980,2007.0
6878,615,2025140067,3,M,,1139,NELSON,AVENUE,10452,1139 NELSON AVENUE,654,HIGHBRIDGE REHABS (NELSON AVENUE),11/30/18,BRONX,80,both,741701,99125,228003.0,2,2003274.0,1139,1139,1139,NELSON AVENUE,A,1980-11-21,1980-11-21,12/15/2007,12/01/2007,,,,593.0,3066526.0,"D26-16.01 ADM CODE REPAIR THE FLUSHING APPARATUS AND MAINTAIN SAME SO AS TO FLUSH EFFECTIVELY THE WATER CLOSET 5TH STY SOUTH APT 5D BATHROOM. , SECTION '' ''",2007-08-28,19.0,VIOLATION CLOSED,06/12/2019,Reissued,Close,Y,1980,2007.0
6879,615,2025140067,3,M,,1139,NELSON,AVENUE,10452,1139 NELSON AVENUE,654,HIGHBRIDGE REHABS (NELSON AVENUE),11/30/18,BRONX,80,both,741702,99125,228003.0,2,2003274.0,1139,1139,1139,NELSON AVENUE,A,1980-11-21,1980-11-21,12/15/2007,12/01/2007,,,,506.0,3066526.0,"D26-10.01 ADM CODE REPLACE WITH NEW THE MISSING FREEZER COMPARTMENT DOOR OF REFRIGERATOR 5TH STY SOUTH APT 5D KITCHEN. , SECTION '' ''",2007-08-28,19.0,VIOLATION CLOSED,06/12/2019,Reissued,Close,N,1980,2007.0
6880,615,2025140067,3,M,,1139,NELSON,AVENUE,10452,1139 NELSON AVENUE,654,HIGHBRIDGE REHABS (NELSON AVENUE),11/30/18,BRONX,80,both,741703,99125,228003.0,2,2003274.0,1139,1139,1139,NELSON AVENUE,A,1980-11-21,1980-11-21,12/15/2007,12/01/2007,,,,501.0,3066526.0,"D26-10.01 ADM CODE PROPERLY REPAIR THE BROKEN OR DEFECTIVE MORTISE LOCK AT ENTRANCE DOOR TO 5TH STY SOUTH APT 5D. , SECTION '' ''",2007-08-28,19.0,VIOLATION CLOSED,06/12/2019,Reissued,Close,N,1980,2007.0
6881,615,2025140067,3,M,,1139,NELSON,AVENUE,10452,1139 NELSON AVENUE,654,HIGHBRIDGE REHABS (NELSON AVENUE),11/30/18,BRONX,80,both,741706,99125,228003.0,2,2003274.0,1139,1139,1139,NELSON AVENUE,B,1982-10-12,1981-11-01,10/16/2007,10/02/2007,,,,686.0,3066527.0,D26-19.07 ADM CODE PROVIDE ADEQUATE LIGHTING AT OR NEAR THE OUTSIDE OF THE FRONT ENTRANCEWAY OF THE BUILDING AND KEEP SAME BURNING FROM SUNSET EVERY DAY TO SUNRISE ON THE DAY FOLLOWING NIGHT INSPECTION FIXTURES PRESENT LIGHTS NOT ON.,2007-08-28,19.0,VIOLATION CLOSED,06/12/2019,Reissued,Close,N,1982,2007.0
6882,615,2025140067,3,M,,1139,NELSON,AVENUE,10452,1139 NELSON AVENUE,654,HIGHBRIDGE REHABS (NELSON AVENUE),11/30/18,BRONX,80,both,741711,99125,228003.0,2,2003274.0,1139,1139,1139,NELSON AVENUE,C,1982-02-11,1982-02-11,09/08/2007,09/03/2007,,,,670.0,3066528.0,"D26-17.07 ADM CODE PROVIDE HOT WATER AT ALL HOT WATER FIXTURES 6TH STY SOUTHEAST APT 6B KITCHEN & BATHROOM ER1. , SECTION '' ''",2007-08-28,19.0,VIOLATION CLOSED,06/12/2019,Reissued,Close,Y,1982,2007.0
6883,615,2025140067,3,M,,1139,NELSON,AVENUE,10452,1139 NELSON AVENUE,654,HIGHBRIDGE REHABS (NELSON AVENUE),11/30/18,BRONX,80,both,741713,99125,228003.0,2,2003274.0,1139,1139,1139,NELSON AVENUE,C,1982-10-04,1982-02-23,09/08/2007,09/03/2007,,,,510.0,3066528.0,"D26-10.01 ADM CODE & 309 M/D LAW ABATE THE NUISANCE CONSISTING OF CONCEALED CASCADING WATER LEAK AT CLG 2ND STY FRONT NORTH APT 2A BATHROOM ER1. , SECTION '' ''",2007-08-28,19.0,VIOLATION CLOSED,06/12/2019,Reissued,Close,N,1982,2007.0
6884,615,2025140067,3,M,,1139,NELSON,AVENUE,10452,1139 NELSON AVENUE,654,HIGHBRIDGE REHABS (NELSON AVENUE),11/30/18,BRONX,80,both,741714,99125,228003.0,2,2003274.0,1139,1139,1139,NELSON AVENUE,C,1982-10-04,1982-02-23,09/08/2007,09/03/2007,,,,508.0,3066528.0,"D26-10.01 ADM CODE REPAIR THE BROKEN OR DEFECTIVE PLASTERED SURFACES AND PAINT IN A UNIFORM COLOR CLG 2ND STY FRONT NORTH APT 2A BATHROOM ER1. , SECTION '' ''",2007-08-28,19.0,VIOLATION CLOSED,06/12/2019,Reissued,Close,N,1982,2007.0
6885,615,2025140067,3,M,,1139,NELSON,AVENUE,10452,1139 NELSON AVENUE,654,HIGHBRIDGE REHABS (NELSON AVENUE),11/30/18,BRONX,80,both,741717,99125,228003.0,2,2003274.0,1139,1139,1139,NELSON AVENUE,C,1982-10-04,1982-05-13,09/08/2007,09/03/2007,,,,510.0,3066528.0,"D26-10.01 ADM CODE & 309 M/D LAW ABATE THE NUISANCE CONSISTING OF CONCEALED CASCADING WATER LEAK 4TH STY WEST APT 4D CLGS OF BATHROOM & EAST ROOM ER1. , SECTION '' ''",2007-08-28,19.0,VIOLATION CLOSED,06/18/2019,Reissued,Close,N,1982,2007.0
6886,615,2025140067,3,M,,1139,NELSON,AVENUE,10452,1139 NELSON AVENUE,654,HIGHBRIDGE REHABS (NELSON AVENUE),11/30/18,BRONX,80,both,741718,99125,228003.0,2,2003274.0,1139,1139,1139,NELSON AVENUE,B,1982-10-04,1982-05-13,10/16/2007,10/02/2007,,,,508.0,3066527.0,"D26-10.01 ADM CODE REPAIR THE BROKEN OR DEFECTIVE PLASTERED SURFACES AND PAINT IN A UNIFORM COLOR CLGS & WALLS 4TH STY WEST APT 4D ALL ROOMS. , SECTION '' ''",2007-08-28,19.0,VIOLATION CLOSED,06/18/2019,Reissued,Close,N,1982,2007.0
6896,618,3033150001,2,M,,140,MENAHAN,STREET,11221,140 MENAHAN STREET,655,HOPE GARDENS,7/18/19,BROOKLYN,330,both,12619795,978203,388808.0,3,3394310.0,140,140,140,MENAHAN STREET,A,2018-09-29,2018-10-04,01/22/2019,01/08/2019,,,,502.0,6212220.0,"§ 27-2005 ADM CODE PROPERLY REPAIR WITH SIMILAR MATERIAL THE BROKEN OR DEFECTIVE VINYL FLOOR TILE IN THE 4th ROOM FROM EAST LOCATED AT APT 6G, 6th STORY, 4th APARTMENT FROM SOUTH AT WEST",2018-10-05,19.0,VIOLATION CLOSED,04/24/2022,Original,Close,N,2018,2018.0
6897,618,3033150001,2,M,,140,MENAHAN,STREET,11221,140 MENAHAN STREET,655,HOPE GARDENS,7/18/19,BROOKLYN,330,both,12619796,978203,388808.0,3,3394310.0,140,140,140,MENAHAN STREET,B,2018-09-29,2018-10-03,11/22/2018,11/08/2018,,,,508.0,6211015.0,"§ 27-2005 ADM CODE REPAIR THE BROKEN OR DEFECTIVE PLASTERED SURFACES AND PAINT IN A UNIFORM COLOR CEILING IN THE PRIVATE HALLWAY LOCATED AT APT 6G, 6th STORY, 4th APARTMENT FROM SOUTH AT WEST",2018-10-04,19.0,VIOLATION CLOSED,04/24/2022,Original,Close,N,2018,2018.0
6898,618,3033150001,2,M,,140,MENAHAN,STREET,11221,140 MENAHAN STREET,655,HOPE GARDENS,7/18/19,BROOKLYN,330,both,12619797,978203,388808.0,3,3394310.0,140,140,140,MENAHAN STREET,B,2018-09-29,2018-10-03,11/22/2018,11/08/2018,,,,508.0,6211015.0,"§ 27-2005 ADM CODE REPAIR THE BROKEN OR DEFECTIVE PLASTERED SURFACES AND PAINT IN A UNIFORM COLOR CLOSET CEILING EAST AND SOUTH WALL IN THE 4th ROOM FROM EAST LOCATED AT APT 6G, 6th STORY, 4th APARTMENT FROM SOUTH AT WEST",2018-10-04,19.0,VIOLATION CLOSED,04/24/2022,Original,Close,N,2018,2018.0
6899,618,3033150001,2,M,,140,MENAHAN,STREET,11221,140 MENAHAN STREET,655,HOPE GARDENS,7/18/19,BROOKLYN,330,both,12619798,978203,388808.0,3,3394310.0,140,140,140,MENAHAN STREET,B,2018-09-29,2018-10-03,11/22/2018,11/08/2018,,,,508.0,6211015.0,"§ 27-2005 ADM CODE REPAIR THE BROKEN OR DEFECTIVE PLASTERED SURFACES AND PAINT IN A UNIFORM COLOR CEILING IN THE KITCHEN LOCATED AT APT 6G, 6th STORY, 4th APARTMENT FROM SOUTH AT WEST",2018-10-04,19.0,VIOLATION CLOSED,04/24/2022,Original,Close,N,2018,2018.0
6900,618,3033150001,2,M,,140,MENAHAN,STREET,11221,140 MENAHAN STREET,655,HOPE GARDENS,7/18/19,BROOKLYN,330,both,12619799,978203,388808.0,3,3394310.0,140,140,140,MENAHAN STREET,B,2018-09-29,2018-10-03,11/22/2018,11/08/2018,,,,508.0,6211015.0,"§ 27-2005 ADM CODE REPAIR THE BROKEN OR DEFECTIVE PLASTERED SURFACES AND PAINT IN A UNIFORM COLOR CEILING. IN THE 4th ROOM FROM NORTH LOCATED AT APT 6G, 7th STORY, 4th APARTMENT FROM SOUTH AT WEST",2018-10-04,19.0,VIOLATION CLOSED,04/24/2022,Original,Close,N,2018,2018.0
7043,644,3035110046,4,M,,602,HOWARD,AVENUE,11212,602 HOWARD AVENUE,683,HOWARD AVENUE,11/28/23,BROOKLYN,150,both,9864794,314185,390914.0,3,3255190.0,602,602,616,HOWARD AVENUE,B,2013-06-10,2013-06-11,07/31/2013,07/17/2013,,,,686.0,4636268.0,§ 27-2040 ADM CODE PROVIDE ADEQUATE LIGHTING AT OR NEAR THE OUTSIDE OF THE FRONT ENTRANCEWAY OF THE BUILDING AND KEEP SAME BURNING FROM SUNSET EVERY DAY TO SUNRISE ON THE DAY FOLLOWING ***MINIMUM 100 WATTS OF INCANDESCENT LIGHT REQUIRED.(FIXTURE PRESENT)***,2013-06-12,19.0,VIOLATION CLOSED,05/26/2023,Original,Close,N,2013,2013.0
7094,744,3014700011,5,M,,537,RALPH,AVENUE,11233,537 RALPH AVENUE,783,HOWARD AVENUE-PARK PLACE,11/28/23,BROOKLYN,156,both,15909267,1007924,390544.0,3,3406671.0,537,537,537,RALPH AVENUE,A,2023-04-03,2023-04-03,07/21/2023,07/07/2023,,,,1507.0,8437559.0,"(A) § HMC:FILE ANNUAL BEDBUG REPORT IN ACCORDANCE WITH HPD RULE AS DESCRIBED ON THE BACK OF THIS NOTICE OF VIOLATION OR AS DESCRIBED ON HPDS WEBSITE, WWW.NYC.GOV\HPD, SEARCH BED BUGS.",2023-04-03,9.0,VIOLATION DISMISSED,07/26/2024,Original,Close,N,2023,2023.0
7097,747,3014700011,5,M,,539,RALPH,AVENUE,11233,539 RALPH AVENUE,783,HOWARD AVENUE-PARK PLACE,11/28/23,BROOKLYN,156,both,15909268,1007925,390545.0,3,3426866.0,539,539A,539B,RALPH AVENUE,A,2023-04-03,2023-04-03,07/21/2023,07/07/2023,,,,1507.0,8437560.0,"(A) § HMC:FILE ANNUAL BEDBUG REPORT IN ACCORDANCE WITH HPD RULE AS DESCRIBED ON THE BACK OF THIS NOTICE OF VIOLATION OR AS DESCRIBED ON HPDS WEBSITE, WWW.NYC.GOV\HPD, SEARCH BED BUGS.",2023-04-03,2.0,NOV SENT OUT,04/03/2023,Original,Open,N,2023,2023.0
7100,758,3014700008,5,M,,545,RALPH,AVENUE,11233,545 RALPH AVENUE,797,HOWARD AVENUE-PARK PLACE,11/28/23,BROOKLYN,156,both,11909675,360156,390947.0,3,3393283.0,545,545A,545B,RALPH AVENUE,C,2017-08-02,2017-08-03,08/17/2017,08/12/2017,,,,508.0,5818107.0,"§ 27-2005 ADM CODE REPAIR THE BROKEN OR DEFECTIVE PLASTERED SURFACES AND PAINT IN A UNIFORM COLOR CEILING IN THE KITCHEN LOCATED AT APT 45A, 1st STORY, APARTMENT AT EAST",2017-08-04,19.0,VIOLATION CLOSED,08/17/2017,Original,Close,N,2017,2017.0
7101,758,3014700008,5,M,,545,RALPH,AVENUE,11233,545 RALPH AVENUE,797,HOWARD AVENUE-PARK PLACE,11/28/23,BROOKLYN,156,both,11909704,360156,390947.0,3,3393283.0,545,545A,545B,RALPH AVENUE,B,2017-08-02,2017-08-03,09/22/2017,09/08/2017,,,,508.0,5818106.0,"§ 27-2005 ADM CODE REPAIR THE BROKEN OR DEFECTIVE PLASTERED SURFACES AND PAINT IN A UNIFORM COLOR CEILING AND SOUTH WALL IN THE FOYER LOCATED AT APT 45A, 1st STORY, APARTMENT AT EAST",2017-08-04,19.0,VIOLATION CLOSED,08/17/2017,Original,Close,N,2017,2017.0
7102,758,3014700008,5,M,,545,RALPH,AVENUE,11233,545 RALPH AVENUE,797,HOWARD AVENUE-PARK PLACE,11/28/23,BROOKLYN,156,both,11909709,360156,390947.0,3,3393283.0,545,545A,545B,RALPH AVENUE,B,2017-08-02,2017-08-03,09/22/2017,09/08/2017,,,,583.0,5818106.0,"§ 27-2026, 2027 HMC: PROPERLY REPAIR THE SOURCE AND ABATE THE EVIDENCE OF A WATER LEAK AT CEILING IN THE FOYER LOCATED AT APT 45A, 1st STORY, APARTMENT AT EAST",2017-08-04,19.0,VIOLATION CLOSED,08/17/2017,Original,Close,N,2017,2017.0
7103,758,3014700008,5,M,,545,RALPH,AVENUE,11233,545 RALPH AVENUE,797,HOWARD AVENUE-PARK PLACE,11/28/23,BROOKLYN,156,both,11909693,360156,390947.0,3,3393283.0,545,545A,545B,RALPH AVENUE,C,2017-08-02,2017-08-03,08/17/2017,08/12/2017,,,,583.0,5818107.0,"§ 27-2026, 2027 HMC: PROPERLY REPAIR THE SOURCE AND ABATE THE EVIDENCE OF A WATER LEAK AT CEILING IN THE KITCHEN LOCATED AT APT 45A, 1st STORY, APARTMENT AT EAST",2017-08-04,19.0,VIOLATION CLOSED,08/17/2017,Original,Close,N,2017,2017.0
7109,767,3014700003,5,M,,551,RALPH,AVENUE,11233,551 RALPH AVENUE,800,HOWARD AVENUE-PARK PLACE,11/28/23,BROOKLYN,156,both,12144043,373857,390951.0,3,3348345.0,551,551A,551B,RALPH AVENUE,I,2017-12-12,2017-12-12,,,,,,780.0,,"§27-2107 ADM CODE OWNER FAILED TO FILE A VALID REGISTRATION STATEMENT WITH THE DEPARTMENT AS REQUIRED BY ADM CODE §27-2097 AND IS THEREFORE SUBJECT TO CIVIL PENALTIES, PROHIBITED FROM CERTIFYING VIOLATIONS, AND DENIED THE RIGHT TO RECOVER POSSESSION OF PREMISES FOR NONPAYMENT OF RENT UNTIL A VALID REGISTRATION STATEMENT IS FILED.",,9.0,VIOLATION DISMISSED,01/18/2019,,Close,N,2017,
7110,767,3014700003,5,M,,551,RALPH,AVENUE,11233,551 RALPH AVENUE,800,HOWARD AVENUE-PARK PLACE,11/28/23,BROOKLYN,156,both,12722380,373857,390951.0,3,3348345.0,551,551A,551B,RALPH AVENUE,I,2018-10-29,2018-10-29,,,,,,780.0,,"§27-2107 ADM CODE OWNER FAILED TO FILE A VALID REGISTRATION STATEMENT WITH THE DEPARTMENT AS REQUIRED BY ADM CODE §27-2097 AND IS THEREFORE SUBJECT TO CIVIL PENALTIES, PROHIBITED FROM CERTIFYING VIOLATIONS, AND DENIED THE RIGHT TO RECOVER POSSESSION OF PREMISES FOR NONPAYMENT OF RENT UNTIL A VALID REGISTRATION STATEMENT IS FILED.",,9.0,VIOLATION DISMISSED,01/18/2019,,Close,N,2018,
7145,793,3014700020,6,M,,1732,STERLING,PLACE,11233,1732 STERLING PLACE,829,HOWARD AVENUE-PARK PLACE,11/28/23,BROOKLYN,156,both,11306324,376547,372436.0,3,3251210.0,1732,1732A,1732B,STERLING PLACE,B,2016-07-10,2016-07-11,08/30/2016,08/16/2016,,,,509.0,5469866.0,"§ 27-2005 ADM CODE PROPERLY SECURE THE LOOSE BASEBOARD HEATER COVER AT NORTH WALL, IN THE 1st ROOM FROM NORTH LOCATED AT APT 32 LOWER LEVEL, 2nd STORY, 1st APARTMENT FROM NORTH AT EAST",2016-07-12,19.0,VIOLATION CLOSED,07/14/2016,Original,Close,N,2016,2016.0
7146,793,3014700020,6,M,,1732,STERLING,PLACE,11233,1732 STERLING PLACE,829,HOWARD AVENUE-PARK PLACE,11/28/23,BROOKLYN,156,both,11306327,376547,372436.0,3,3251210.0,1732,1732A,1732B,STERLING PLACE,B,2016-07-10,2016-07-11,08/30/2016,08/16/2016,,,,509.0,5469866.0,"§ 27-2005 ADM CODE PROPERLY SECURE THE LOOSE ELECTRIC OUTLET AT SOUTH WALL, IN THE KITCHEN LOCATED AT APT 32 LOWER LEVEL, 2nd STORY, 1st APARTMENT FROM NORTH AT EAST",2016-07-12,19.0,VIOLATION CLOSED,07/14/2016,Original,Close,N,2016,2016.0
7150,793,3014700020,6,M,,1732,STERLING,PLACE,11233,1732 STERLING PLACE,829,HOWARD AVENUE-PARK PLACE,11/28/23,BROOKLYN,156,both,11306287,376547,372436.0,3,3251210.0,1732,1732A,1732B,STERLING PLACE,B,2016-07-10,2016-07-11,08/30/2016,08/16/2016,,,,505.0,5469866.0,"§ 27-2005 ADM CODE REPLACE WITH NEW THE BROKEN OR DEFECTIVE WOOD SINK BASE CABINET, (ROTTED) IN THE KITCHEN LOCATED AT APT 32 LOWER LEVEL, 2nd STORY, 1st APARTMENT FROM NORTH AT EAST",2016-07-12,19.0,VIOLATION CLOSED,07/14/2016,Original,Close,N,2016,2016.0
7151,793,3014700020,6,M,,1732,STERLING,PLACE,11233,1732 STERLING PLACE,829,HOWARD AVENUE-PARK PLACE,11/28/23,BROOKLYN,156,both,11306290,376547,372436.0,3,3251210.0,1732,1732A,1732B,STERLING PLACE,A,2016-07-10,2016-07-11,10/29/2016,10/15/2016,,,,502.0,5469865.0,"§ 27-2005 ADM CODE PROPERLY REPAIR WITH SIMILAR MATERIAL THE BROKEN OR DEFECTIVE VINYL FLOOR TILE, IN THE KITCHEN LOCATED AT APT 32 LOWER LEVEL, 2nd STORY, 1st APARTMENT FROM NORTH AT EAST",2016-07-12,19.0,VIOLATION CLOSED,07/14/2016,Original,Close,N,2016,2016.0
7152,793,3014700020,6,M,,1732,STERLING,PLACE,11233,1732 STERLING PLACE,829,HOWARD AVENUE-PARK PLACE,11/28/23,BROOKLYN,156,both,11306293,376547,372436.0,3,3251210.0,1732,1732A,1732B,STERLING PLACE,B,2016-07-10,2016-07-11,08/30/2016,08/16/2016,,,,649.0,5469866.0,"§ 27-2026 ADM CODE REMOVE ALL OBSTRUCTIONS AND REPAIR ALL DEFECTS IN WASHBASIN WASTELINE, IN THE BATHROOM LOCATED AT APT 32 UPPER LEVEL, 2nd STORY, 1st APARTMENT FROM NORTH AT EAST",2016-07-12,19.0,VIOLATION CLOSED,07/14/2016,Original,Close,Y,2016,2016.0
7153,802,3014710011,7,M,,497,HOWARD,AVENUE,11233,497 HOWARD AVENUE,841,HOWARD AVENUE-PARK PLACE,11/28/23,BROOKLYN,156,both,11693726,314149,390962.0,3,3392621.0,497,497,497,HOWARD AVENUE,B,2017-03-16,2017-03-17,05/08/2017,04/24/2017,,,,506.0,5707213.0,"§ 27-2005 ADM CODE REPLACE WITH NEW THE MISSING BASE BOARD MOLDING AT WEST WALL IN THE 1st ROOM FROM EAST LOCATED AT APT 99, 2nd STORY, APARTMENT AT EAST",2017-03-20,2.0,NOV SENT OUT,03/20/2017,Original,Open,N,2017,2017.0
7155,802,3014710011,7,M,,497,HOWARD,AVENUE,11233,497 HOWARD AVENUE,841,HOWARD AVENUE-PARK PLACE,11/28/23,BROOKLYN,156,both,11693724,314149,390962.0,3,3392621.0,497,497,497,HOWARD AVENUE,B,2017-03-16,2017-03-17,05/08/2017,04/24/2017,,,,506.0,5707213.0,"§ 27-2005 ADM CODE REPLACE WITH NEW THE MISSING RADIATOR COVER IN THE 1st ROOM FROM EAST LOCATED AT APT 99, 2nd STORY, APARTMENT AT EAST",2017-03-20,2.0,NOV SENT OUT,03/20/2017,Original,Open,N,2017,2017.0
7182,811,3014710009,7,M,,503,HOWARD,AVENUE,11233,503 HOWARD AVENUE,850,HOWARD AVENUE-PARK PLACE,11/28/23,BROOKLYN,156,both,9726665,314155,390966.0,3,3393522.0,503,503,503,HOWARD AVENUE,C,2013-02-02,2013-02-05,03/09/2013,03/04/2013,,,,616.0,4563789.0,"§ 27-2056.6 ADM CODE - CORRECT THE LEAD-BASED PAINT HAZARD - PRESUMED LEAD PAINT THAT IS PEELING OR ON A DETERIORATED SUBSURFACE USING WORK PRACTICES SET FORTH IN 28 RCNY §11-06(B)(2) NORTH WALL IN THE BATHROOM LOCATED AT APT O3B, 2nd STORY, 1st APARTMENT FROM NORTH AT EAST",2013-02-06,19.0,VIOLATION CLOSED,03/27/2013,Original,Close,N,2013,2013.0
7183,811,3014710009,7,M,,503,HOWARD,AVENUE,11233,503 HOWARD AVENUE,850,HOWARD AVENUE-PARK PLACE,11/28/23,BROOKLYN,156,both,9726667,314155,390966.0,3,3393522.0,503,503,503,HOWARD AVENUE,C,2013-02-02,2013-02-05,03/09/2013,03/04/2013,,,,616.0,4563789.0,"§ 27-2056.6 ADM CODE - CORRECT THE LEAD-BASED PAINT HAZARD - PRESUMED LEAD PAINT THAT IS PEELING OR ON A DETERIORATED SUBSURFACE USING WORK PRACTICES SET FORTH IN 28 RCNY §11-06(B)(2) CEILING IN THE 1st ROOM FROM EAST LOCATED AT APT O3B, 2nd STORY, 1st APARTMENT FROM NORTH AT EAST",2013-02-06,19.0,VIOLATION CLOSED,03/27/2013,Original,Close,N,2013,2013.0
7185,811,3014710009,7,M,,503,HOWARD,AVENUE,11233,503 HOWARD AVENUE,850,HOWARD AVENUE-PARK PLACE,11/28/23,BROOKLYN,156,both,9726666,314155,390966.0,3,3393522.0,503,503,503,HOWARD AVENUE,C,2013-02-02,2013-02-05,03/09/2013,03/04/2013,,,,616.0,4563789.0,"§ 27-2056.6 ADM CODE - CORRECT THE LEAD-BASED PAINT HAZARD - PRESUMED LEAD PAINT THAT IS PEELING OR ON A DETERIORATED SUBSURFACE USING WORK PRACTICES SET FORTH IN 28 RCNY §11-06(B)(2) CEILING IN THE 2nd ROOM FROM EAST LOCATED AT APT O3B, 2nd STORY, 1st APARTMENT FROM NORTH AT EAST",2013-02-06,19.0,VIOLATION CLOSED,03/27/2013,Original,Close,N,2013,2013.0
7217,820,3014710006,7,M,,509,HOWARD,AVENUE,11233,509 HOWARD AVENUE,859,HOWARD AVENUE-PARK PLACE,11/28/23,BROOKLYN,156,both,8561399,314159,390969.0,3,3393518.0,509,509,509,HOWARD AVENUE,B,2010-08-17,2010-08-18,10/07/2010,09/23/2010,,,,1503.0,3998068.0,"§ 27-2046.1 HMC: REPAIR OR REPLACE THE CARBON MONOXIDE DETECTING DEVICE(S). .. IN THE ENTIRE APARTMENT LOCATED AT APT A, 1st STORY",2010-08-19,2.0,NOV SENT OUT,08/19/2010,Original,Open,N,2010,2010.0
7270,858,3021720001,1,M,,85,TAYLOR,STREET,11249,85 TAYLOR STREET,897,INDEPENDENCE,2/12/20,BROOKLYN,744,both,8772269,809667,389452.0,3,3334990.0,85,83,85,TAYLOR STREET,A,2011-01-16,2011-01-18,05/08/2011,04/24/2011,,,,505.0,4094950.0,"§ 27-2005 ADM CODE REPLACE WITH NEW THE BROKEN OR DEFECTIVE SHOWER HEAD IN THE BATHROOM LOCATED AT APT 13F, 13th STORY, 1st APARTMENT FROM WEST AT NORTH",2011-01-19,19.0,VIOLATION CLOSED,02/13/2017,Original,Close,N,2011,2011.0
7271,858,3021720001,1,M,,85,TAYLOR,STREET,11249,85 TAYLOR STREET,897,INDEPENDENCE,2/12/20,BROOKLYN,744,both,8772270,809667,389452.0,3,3334990.0,85,83,85,TAYLOR STREET,B,2011-01-16,2011-01-18,03/09/2011,02/23/2011,,,,501.0,4094951.0,"§ 27-2005 ADM CODE PROPERLY REPAIR THE BROKEN OR DEFECTIVE DOOR AT WEST CLOSET IN THE 2nd ROOM FROM EAST LOCATED AT APT 13F, 13th STORY, 1st APARTMENT FROM WEST AT NORTH",2011-01-19,19.0,VIOLATION CLOSED,02/13/2017,Original,Close,N,2011,2011.0
7301,858,3021720001,1,M,,85,TAYLOR,STREET,11249,85 TAYLOR STREET,897,INDEPENDENCE,2/12/20,BROOKLYN,744,both,8772266,809667,389452.0,3,3334990.0,85,83,85,TAYLOR STREET,A,2011-01-16,2011-01-18,05/08/2011,04/24/2011,,,,556.0,4094950.0,"§ 27-2013 ADM CODE PAINT WITH LIGHT COLORED PAINT TO THE SATISFACTION OF THIS DEPARTMENT AT CEILING IN THE 2nd ROOM FROM EAST LOCATED AT APT 13F, 13th STORY, 1st APARTMENT FROM WEST AT NORTH",2011-01-19,19.0,VIOLATION CLOSED,02/13/2017,Original,Close,N,2011,2011.0
7302,858,3021720001,1,M,,85,TAYLOR,STREET,11249,85 TAYLOR STREET,897,INDEPENDENCE,2/12/20,BROOKLYN,744,both,8772267,809667,389452.0,3,3334990.0,85,83,85,TAYLOR STREET,B,2011-01-16,2011-01-18,03/09/2011,02/23/2011,,,,502.0,4094951.0,"§ 27-2005 ADM CODE PROPERLY REPAIR WITH SIMILAR MATERIAL THE BROKEN OR DEFECTIVE CERAMIC TILE AT NORTH AND SOUTH WALL IN THE BATHROOM LOCATED AT APT 13F, 13th STORY, 1st APARTMENT FROM WEST AT NORTH",2011-01-19,19.0,VIOLATION CLOSED,02/13/2017,Original,Close,N,2011,2011.0
7303,858,3021720001,1,M,,85,TAYLOR,STREET,11249,85 TAYLOR STREET,897,INDEPENDENCE,2/12/20,BROOKLYN,744,both,8772268,809667,389452.0,3,3334990.0,85,83,85,TAYLOR STREET,A,2011-01-16,2011-01-18,05/08/2011,04/24/2011,,,,508.0,4094950.0,"§ 27-2005 ADM CODE REPAIR THE BROKEN OR DEFECTIVE PLASTERED SURFACES AND PAINT IN A UNIFORM COLOR NORTH AND SOUTH WALLS IN THE PRIVATE HALLWAY LOCATED AT APT 13F, 13th STORY, 1st APARTMENT FROM WEST AT NORTH",2011-01-19,19.0,VIOLATION CLOSED,02/13/2017,Original,Close,N,2011,2011.0
7398,875,3046710007,1,M,,1142,LENOX,ROAD,11212,1142 LENOX ROAD,914,LENOX ROAD-ROCKAWAY PARKWAY,11/28/23,BROOKLYN,74,both,11505674,363151,328137.0,3,3101906.0,1142,1142,1142,LENOX ROAD,I,2016-11-14,2016-11-14,,,,,,780.0,,"§27-2107 ADM CODE OWNER FAILED TO FILE A VALID REGISTRATION STATEMENT WITH THE DEPARTMENT AS REQUIRED BY ADM CODE §27-2097 AND IS THEREFORE SUBJECT TO CIVIL PENALTIES, PROHIBITED FROM CERTIFYING VIOLATIONS, AND DENIED THE RIGHT TO RECOVER POSSESSION OF PREMISES FOR NONPAYMENT OF RENT UNTIL A VALID REGISTRATION STATEMENT IS FILED.",,9.0,VIOLATION DISMISSED,06/26/2017,,Close,N,2016,
7399,875,3046710007,1,M,,1142,LENOX,ROAD,11212,1142 LENOX ROAD,914,LENOX ROAD-ROCKAWAY PARKWAY,11/28/23,BROOKLYN,74,both,10010617,363151,328137.0,3,3101906.0,1142,1142,1142,LENOX ROAD,B,2013-10-18,2013-10-18,12/09/2013,11/25/2013,,,,579.0,4711289.0,"§ 27-2026 ADM CODE REPAIR THE LEAKY AND/OR DEFECTIVE FAUCETS AT BATHTUB IN THE BATHROOM LOCATED AT APT 1B, 1st STORY, 1st APARTMENT FROM WEST AT NORTH , SECTION AT NORTH",2013-10-21,2.0,NOV SENT OUT,10/21/2013,Original,Open,N,2013,2013.0
7400,875,3046710007,1,M,,1142,LENOX,ROAD,11212,1142 LENOX ROAD,914,LENOX ROAD-ROCKAWAY PARKWAY,11/28/23,BROOKLYN,74,both,10010603,363151,328137.0,3,3101906.0,1142,1142,1142,LENOX ROAD,C,2013-10-18,2013-10-18,11/03/2013,10/29/2013,,,,583.0,4711290.0,"§ 27-2026, 2027 HMC: PROPERLY REPAIR THE SOURCE AND ABATE THE EVIDENCE OF A WATER LEAK AT CEILING IN THE BATHROOM LOCATED AT APT 1B, 1st STORY, 1st APARTMENT FROM WEST AT NORTH , SECTION AT NORTH",2013-10-21,2.0,NOV SENT OUT,10/21/2013,Original,Open,N,2013,2013.0
7401,875,3046710007,1,M,,1142,LENOX,ROAD,11212,1142 LENOX ROAD,914,LENOX ROAD-ROCKAWAY PARKWAY,11/28/23,BROOKLYN,74,both,10010613,363151,328137.0,3,3101906.0,1142,1142,1142,LENOX ROAD,C,2013-10-18,2013-10-18,11/03/2013,10/29/2013,,,,550.0,4711290.0,"§ 27-2005 HMC:TRACE AND REPAIR THE SOURCE AND ABATE THE NUISANCE CONSISTING OF MOLD ... AND MILDEW AT CEILING, WEST AND NORTH WALLS / 40 SQUARE FEET / IN THE BATHROOM LOCATED AT APT 1B, 1st STORY, 1st APARTMENT FROM WEST AT NORTH , SECTION AT NORTH",2013-10-21,2.0,NOV SENT OUT,10/21/2013,Original,Open,N,2013,2013.0
7402,875,3046710007,1,M,,1142,LENOX,ROAD,11212,1142 LENOX ROAD,914,LENOX ROAD-ROCKAWAY PARKWAY,11/28/23,BROOKLYN,74,both,10010621,363151,328137.0,3,3101906.0,1142,1142,1142,LENOX ROAD,B,2013-10-18,2013-10-18,12/09/2013,11/25/2013,,,,502.0,4711289.0,"§ 27-2005 ADM CODE PROPERLY REPAIR WITH SIMILAR MATERIAL THE BROKEN OR DEFECTIVE CERAMIC TILE FLOOR IN THE 5th ROOM FROM EAST LOCATED AT APT 1B, 1st STORY, 1st APARTMENT FROM WEST AT NORTH , SECTION AT NORTH",2013-10-21,2.0,NOV SENT OUT,10/21/2013,Original,Open,N,2013,2013.0
7403,875,3046710007,1,M,,1142,LENOX,ROAD,11212,1142 LENOX ROAD,914,LENOX ROAD-ROCKAWAY PARKWAY,11/28/23,BROOKLYN,74,both,10010627,363151,328137.0,3,3101906.0,1142,1142,1142,LENOX ROAD,B,2013-10-18,2013-10-18,12/09/2013,11/25/2013,,,,501.0,4711289.0,"§ 27-2005 ADM CODE PROPERLY REPAIR THE BROKEN OR DEFECTIVE AND/OR UNHINGED DOOR IN THE 1st ROOM FROM EAST LOCATED AT APT 1B, 1st STORY, 1st APARTMENT FROM WEST AT NORTH , SECTION AT NORTH",2013-10-21,2.0,NOV SENT OUT,10/21/2013,Original,Open,N,2013,2013.0
7404,875,3046710007,1,M,,1142,LENOX,ROAD,11212,1142 LENOX ROAD,914,LENOX ROAD-ROCKAWAY PARKWAY,11/28/23,BROOKLYN,74,both,10010672,363151,328137.0,3,3101906.0,1142,1142,1142,LENOX ROAD,B,2013-10-18,2013-10-18,12/09/2013,11/25/2013,,,,579.0,4711289.0,"§ 27-2026 ADM CODE REPAIR THE LEAKY AND/OR DEFECTIVE FAUCETS AT WASHBASIN IN THE BATHROOM LOCATED AT APT 1B, 1st STORY, 1st APARTMENT FROM WEST AT NORTH , SECTION AT NORTH",2013-10-21,2.0,NOV SENT OUT,10/21/2013,Original,Open,N,2013,2013.0
7405,875,3046710007,1,M,,1142,LENOX,ROAD,11212,1142 LENOX ROAD,914,LENOX ROAD-ROCKAWAY PARKWAY,11/28/23,BROOKLYN,74,both,10010691,363151,328137.0,3,3101906.0,1142,1142,1142,LENOX ROAD,C,2013-10-18,2013-10-18,11/03/2013,10/29/2013,,,,508.0,4711290.0,"§ 27-2005 ADM CODE REPAIR THE BROKEN OR DEFECTIVE PLASTERED SURFACES AND PAINT IN A UNIFORM COLOR CEILING IN THE BATHROOM LOCATED AT APT 1B, 1st STORY, 1st APARTMENT FROM WEST AT NORTH , SECTION AT NORTH",2013-10-21,2.0,NOV SENT OUT,10/21/2013,Original,Open,N,2013,2013.0
7406,875,3046710007,1,M,,1142,LENOX,ROAD,11212,1142 LENOX ROAD,914,LENOX ROAD-ROCKAWAY PARKWAY,11/28/23,BROOKLYN,74,both,10010696,363151,328137.0,3,3101906.0,1142,1142,1142,LENOX ROAD,B,2013-10-18,2013-10-18,12/09/2013,11/25/2013,,,,508.0,4711289.0,"§ 27-2005 ADM CODE REPAIR THE BROKEN OR DEFECTIVE PLASTERED SURFACES AND PAINT IN A UNIFORM COLOR SOUTH, WEST AND NORTH WALLS IN THE BATHROOM LOCATED AT APT 1B, 1st STORY, 1st APARTMENT FROM WEST AT NORTH , SECTION AT NORTH",2013-10-21,2.0,NOV SENT OUT,10/21/2013,Original,Open,N,2013,2013.0
7407,875,3046710007,1,M,,1142,LENOX,ROAD,11212,1142 LENOX ROAD,914,LENOX ROAD-ROCKAWAY PARKWAY,11/28/23,BROOKLYN,74,both,10010701,363151,328137.0,3,3101906.0,1142,1142,1142,LENOX ROAD,B,2013-10-18,2013-10-18,12/09/2013,11/25/2013,,,,702.0,4711289.0,"§ 27-2045 ADM CODE REPAIR OR REPLACE THE SMOKE DETECTOR INOPERATIVE IN THE ENTIRE APARTMENT LOCATED AT APT 1B, 1st STORY, 1st APARTMENT FROM WEST AT NORTH , SECTION AT NORTH",2013-10-21,2.0,NOV SENT OUT,10/21/2013,Original,Open,N,2013,2013.0
7408,875,3046710007,1,M,,1142,LENOX,ROAD,11212,1142 LENOX ROAD,914,LENOX ROAD-ROCKAWAY PARKWAY,11/28/23,BROOKLYN,74,both,10010716,363151,328137.0,3,3101906.0,1142,1142,1142,LENOX ROAD,B,2013-10-18,2013-10-18,12/09/2013,11/25/2013,,,,501.0,4711289.0,"§ 27-2005 ADM CODE PROPERLY REPAIR THE BROKEN OR DEFECTIVE INTERCOM SYSTEM FROM 1ST STORY PUBLIC HALL VESTIBULE TO IN THE ENTIRE APARTMENT LOCATED AT APT 1B, 1st STORY, 1st APARTMENT FROM WEST AT NORTH , SECTION AT NORTH",2013-10-21,2.0,NOV SENT OUT,10/21/2013,Original,Open,N,2013,2013.0
7409,875,3046710007,1,M,,1142,LENOX,ROAD,11212,1142 LENOX ROAD,914,LENOX ROAD-ROCKAWAY PARKWAY,11/28/23,BROOKLYN,74,both,10582230,363151,328137.0,3,3101906.0,1142,1142,1142,LENOX ROAD,I,2015-02-24,2015-02-24,,,,,,780.0,,"§27-2107 ADM CODE OWNER FAILED TO FILE A VALID REGISTRATION STATEMENT WITH THE DEPARTMENT AS REQUIRED BY ADM CODE §27-2097 AND IS THEREFORE SUBJECT TO CIVIL PENALTIES, PROHIBITED FROM CERTIFYING VIOLATIONS, AND DENIED THE RIGHT TO RECOVER POSSESSION OF PREMISES FOR NONPAYMENT OF RENT UNTIL A VALID REGISTRATION STATEMENT IS FILED.",,9.0,VIOLATION DISMISSED,06/26/2017,,Close,N,2015,
7410,875,3046710007,1,M,,1142,LENOX,ROAD,11212,1142 LENOX ROAD,914,LENOX ROAD-ROCKAWAY PARKWAY,11/28/23,BROOKLYN,74,both,10935332,363151,328137.0,3,3101906.0,1142,1142,1142,LENOX ROAD,I,2015-10-13,2015-10-13,,,,,,780.0,,"§27-2107 ADM CODE OWNER FAILED TO FILE A VALID REGISTRATION STATEMENT WITH THE DEPARTMENT AS REQUIRED BY ADM CODE §27-2097 AND IS THEREFORE SUBJECT TO CIVIL PENALTIES, PROHIBITED FROM CERTIFYING VIOLATIONS, AND DENIED THE RIGHT TO RECOVER POSSESSION OF PREMISES FOR NONPAYMENT OF RENT UNTIL A VALID REGISTRATION STATEMENT IS FILED.",,9.0,VIOLATION DISMISSED,06/26/2017,,Close,N,2015,
7413,875,3046710007,1,M,,1142,LENOX,ROAD,11212,1142 LENOX ROAD,914,LENOX ROAD-ROCKAWAY PARKWAY,11/28/23,BROOKLYN,74,both,10010661,363151,328137.0,3,3101906.0,1142,1142,1142,LENOX ROAD,B,2013-10-18,2013-10-18,12/09/2013,11/25/2013,,,,598.0,4711289.0,"§ 27-2026 ADM CODE REPAIR THE BROKEN OR DEFECTIVE CONNECTION AT DRAIN PIPE TO SINK IN THE KITCHEN LOCATED AT APT 1B, 1st STORY, 1st APARTMENT FROM WEST AT NORTH , SECTION AT NORTH",2013-10-21,2.0,NOV SENT OUT,10/21/2013,Original,Open,N,2013,2013.0
7434,876,3046720001,2,M,,1144,LENOX,ROAD,11212,1144 LENOX ROAD,915,LENOX ROAD-ROCKAWAY PARKWAY,11/28/23,BROOKLYN,74,both,11179619,324051,300787.0,3,3101952.0,1144,1144,1144,LENOX ROAD,C,2016-03-31,2016-04-01,04/17/2016,04/12/2016,,,,671.0,5400739.0,"§ 27-2033 ADM CODE POST NOTICE, IN FORM APPROVED BY THE DEPARTMENT, STATING THE NAME AND LOCATION OF THE PERSON DESIGNATED BY THE OWNER TO HAVE KEY TO BUILDINGS HEATING SYSTEM AT OR NEAR MAILBOXES AT PUBLIC HALL, 1st STORY",2016-04-04,19.0,VIOLATION CLOSED,05/26/2023,Original,Close,N,2016,2016.0
7435,876,3046720001,2,M,,1144,LENOX,ROAD,11212,1144 LENOX ROAD,915,LENOX ROAD-ROCKAWAY PARKWAY,11/28/23,BROOKLYN,74,both,10925458,324051,300787.0,3,3101952.0,1144,1144,1144,LENOX ROAD,I,2015-10-09,2015-10-09,,,,,,780.0,,"§27-2107 ADM CODE OWNER FAILED TO FILE A VALID REGISTRATION STATEMENT WITH THE DEPARTMENT AS REQUIRED BY ADM CODE §27-2097 AND IS THEREFORE SUBJECT TO CIVIL PENALTIES, PROHIBITED FROM CERTIFYING VIOLATIONS, AND DENIED THE RIGHT TO RECOVER POSSESSION OF PREMISES FOR NONPAYMENT OF RENT UNTIL A VALID REGISTRATION STATEMENT IS FILED.",,9.0,VIOLATION DISMISSED,06/26/2017,,Close,N,2015,
7436,876,3046720001,2,M,,1144,LENOX,ROAD,11212,1144 LENOX ROAD,915,LENOX ROAD-ROCKAWAY PARKWAY,11/28/23,BROOKLYN,74,both,11499788,324051,300787.0,3,3101952.0,1144,1144,1144,LENOX ROAD,I,2016-11-10,2016-11-10,,,,,,780.0,,"§27-2107 ADM CODE OWNER FAILED TO FILE A VALID REGISTRATION STATEMENT WITH THE DEPARTMENT AS REQUIRED BY ADM CODE §27-2097 AND IS THEREFORE SUBJECT TO CIVIL PENALTIES, PROHIBITED FROM CERTIFYING VIOLATIONS, AND DENIED THE RIGHT TO RECOVER POSSESSION OF PREMISES FOR NONPAYMENT OF RENT UNTIL A VALID REGISTRATION STATEMENT IS FILED.",,9.0,VIOLATION DISMISSED,06/26/2017,,Close,N,2016,
7437,876,3046720001,2,M,,1144,LENOX,ROAD,11212,1144 LENOX ROAD,915,LENOX ROAD-ROCKAWAY PARKWAY,11/28/23,BROOKLYN,74,both,9584081,324051,300787.0,3,3101952.0,1144,1144,1144,LENOX ROAD,C,2012-09-21,2012-09-22,10/05/2012,09/30/2012,,,,501.0,4490787.0,"§ 27-2005 ADM CODE PROPERLY REPAIR THE BROKEN OR DEFECTIVE LOCKING DEVICE AT VESTIBULE DOOR AT PUBLIC HALL, 1st STORY",2012-09-24,19.0,VIOLATION CLOSED,05/26/2023,Original,Close,N,2012,2012.0
7440,876,3046720001,2,M,,1144,LENOX,ROAD,11212,1144 LENOX ROAD,915,LENOX ROAD-ROCKAWAY PARKWAY,11/28/23,BROOKLYN,74,both,9584050,324051,300787.0,3,3101952.0,1144,1144,1144,LENOX ROAD,B,2012-09-21,2012-09-22,11/12/2012,10/29/2012,,,,568.0,4490786.0,"§ 27-2018 ADMIN. CODE: ABATE THE NUISANCE CONSISTING OF ROACHES IN THE ENTIRE APARTMENT LOCATED AT APT 2B, 2nd STORY, 1st APARTMENT FROM WEST AT NORTH , SECTION AT NORTH",2012-09-24,19.0,VIOLATION CLOSED,07/24/2023,Original,Close,N,2012,2012.0
7442,876,3046720001,2,M,,1144,LENOX,ROAD,11212,1144 LENOX ROAD,915,LENOX ROAD-ROCKAWAY PARKWAY,11/28/23,BROOKLYN,74,both,9584016,324051,300787.0,3,3101952.0,1144,1144,1144,LENOX ROAD,B,2012-09-21,2012-09-24,11/13/2012,10/30/2012,,,,583.0,4491681.0,"§ 27-2026, 2027 HMC: PROPERLY REPAIR THE SOURCE AND ABATE THE EVIDENCE OF A WATER LEAK AT CEILING IN THE BATHROOM LOCATED AT APT 2B, 2nd STORY, 1st APARTMENT FROM WEST AT NORTH , SECTION AT NORTH",2012-09-25,19.0,VIOLATION CLOSED,07/24/2023,Original,Close,N,2012,2012.0
7443,876,3046720001,2,M,,1144,LENOX,ROAD,11212,1144 LENOX ROAD,915,LENOX ROAD-ROCKAWAY PARKWAY,11/28/23,BROOKLYN,74,both,10577023,324051,300787.0,3,3101952.0,1144,1144,1144,LENOX ROAD,I,2015-02-23,2015-02-23,,,,,,780.0,,"§27-2107 ADM CODE OWNER FAILED TO FILE A VALID REGISTRATION STATEMENT WITH THE DEPARTMENT AS REQUIRED BY ADM CODE §27-2097 AND IS THEREFORE SUBJECT TO CIVIL PENALTIES, PROHIBITED FROM CERTIFYING VIOLATIONS, AND DENIED THE RIGHT TO RECOVER POSSESSION OF PREMISES FOR NONPAYMENT OF RENT UNTIL A VALID REGISTRATION STATEMENT IS FILED.",,9.0,VIOLATION DISMISSED,06/26/2017,,Close,N,2015,
7444,876,3046720001,2,M,,1144,LENOX,ROAD,11212,1144 LENOX ROAD,915,LENOX ROAD-ROCKAWAY PARKWAY,11/28/23,BROOKLYN,74,both,11179620,324051,300787.0,3,3101952.0,1144,1144,1144,LENOX ROAD,B,2016-03-31,2016-04-01,05/23/2016,05/09/2016,,,,721.0,5400738.0,"§ 27-2053 ADM CODE PROVIDE DWELLING WITH A JANITOR OR RESPONSIBLE PERSON OR JANITORIAL SERVICE. AT PUBLIC HALL, 1st STORY",2016-04-04,19.0,VIOLATION CLOSED,05/26/2023,Original,Close,Y,2016,2016.0
7445,876,3046720001,2,M,,1144,LENOX,ROAD,11212,1144 LENOX ROAD,915,LENOX ROAD-ROCKAWAY PARKWAY,11/28/23,BROOKLYN,74,both,11179623,324051,300787.0,3,3101952.0,1144,1144,1144,LENOX ROAD,A,2016-03-31,2016-04-01,07/22/2016,07/08/2016,,,,778.0,5400737.0,"§ 27-2104 ADM CODE POST AND MAINTAIN A PROPER SIGN ON WALL OF ENTRANCE STORY SHOWING THE REGISTRATION NUMBER ASSIGNED BY THE DEPARTMENT AND THE ADDRESS OF THE BUILDING. AT PUBLIC HALL, 1st STORY",2016-04-04,19.0,VIOLATION CLOSED,05/26/2023,Original,Close,N,2016,2016.0
7460,876,3046720001,2,M,,1144,LENOX,ROAD,11212,1144 LENOX ROAD,915,LENOX ROAD-ROCKAWAY PARKWAY,11/28/23,BROOKLYN,74,both,9584024,324051,300787.0,3,3101952.0,1144,1144,1144,LENOX ROAD,B,2012-09-21,2012-09-22,11/12/2012,10/29/2012,,,,550.0,4490786.0,"§ 27-2005 HMC:TRACE AND REPAIR THE SOURCE AND ABATE THE NUISANCE CONSISTING OF MOLD ... APPROX 10 SQUARE FEET AT CEILING IN THE BATHROOM LOCATED AT APT 2B, 2nd STORY, 1st APARTMENT FROM WEST AT NORTH , SECTION AT NORTH",2012-09-24,19.0,VIOLATION CLOSED,07/24/2023,Original,Close,N,2012,2012.0
7461,876,3046720001,2,M,,1144,LENOX,ROAD,11212,1144 LENOX ROAD,915,LENOX ROAD-ROCKAWAY PARKWAY,11/28/23,BROOKLYN,74,both,9584035,324051,300787.0,3,3101952.0,1144,1144,1144,LENOX ROAD,A,2012-09-21,2012-09-22,01/11/2013,12/28/2012,,,,529.0,4490785.0,"§ 27-2005 ADM CODE REFIT ALL WINDOWS IN THE ENTIRE APARTMENT LOCATED AT APT 2B, 2nd STORY, 1st APARTMENT FROM WEST AT NORTH , SECTION AT NORTH",2012-09-24,19.0,VIOLATION CLOSED,07/24/2023,Original,Close,N,2012,2012.0
7462,876,3046720001,2,M,,1144,LENOX,ROAD,11212,1144 LENOX ROAD,915,LENOX ROAD-ROCKAWAY PARKWAY,11/28/23,BROOKLYN,74,both,9584041,324051,300787.0,3,3101952.0,1144,1144,1144,LENOX ROAD,B,2012-09-21,2012-09-22,11/12/2012,10/29/2012,,,,501.0,4490786.0,"§ 27-2005 ADM CODE PROPERLY REPAIR THE BROKEN OR DEFECTIVE MAIL -BOX AT EAST WALL AT PUBLIC HALL, 1st STORY",2012-09-24,2.0,NOV SENT OUT,09/24/2012,Original,Open,N,2012,2012.0
7463,876,3046720001,2,M,,1144,LENOX,ROAD,11212,1144 LENOX ROAD,915,LENOX ROAD-ROCKAWAY PARKWAY,11/28/23,BROOKLYN,74,both,9584048,324051,300787.0,3,3101952.0,1144,1144,1144,LENOX ROAD,B,2012-09-21,2012-09-22,11/12/2012,10/29/2012,,,,569.0,4490786.0,"§ 27-2018 ADMIN. CODE: ABATE THE NUISANCE CONSISTING OF MICE IN THE ENTIRE APARTMENT LOCATED AT APT 2B, 2nd STORY, 1st APARTMENT FROM WEST AT NORTH , SECTION AT NORTH",2012-09-24,19.0,VIOLATION CLOSED,07/24/2023,Original,Close,N,2012,2012.0
7464,876,3046720001,2,M,,1144,LENOX,ROAD,11212,1144 LENOX ROAD,915,LENOX ROAD-ROCKAWAY PARKWAY,11/28/23,BROOKLYN,74,both,9584064,324051,300787.0,3,3101952.0,1144,1144,1144,LENOX ROAD,C,2012-09-21,2012-09-22,10/05/2012,09/30/2012,,,,508.0,4490787.0,"§ 27-2005 ADM CODE REPAIR THE BROKEN OR DEFECTIVE PLASTERED SURFACES AND PAINT IN A UNIFORM COLOR AT CEILING IN THE BATHROOM LOCATED AT APT 2B, 2nd STORY, 1st APARTMENT FROM WEST AT NORTH , SECTION AT NORTH",2012-09-24,19.0,VIOLATION CLOSED,11/30/2012,Original,Close,N,2012,2012.0
7465,876,3046720001,2,M,,1144,LENOX,ROAD,11212,1144 LENOX ROAD,915,LENOX ROAD-ROCKAWAY PARKWAY,11/28/23,BROOKLYN,74,both,9584074,324051,300787.0,3,3101952.0,1144,1144,1144,LENOX ROAD,A,2012-09-21,2012-09-22,01/11/2013,12/28/2012,,,,106.0,4490785.0,"§ 53, 187, 231 M/D LAW AND DEPARTMENT RULES AND REGULATIONS. PROVIDE A SHOE PROPERLY SECURED TO BOTTOM OF STRING OF DROPLADDER AT NORTH / WEST AT FRONT AT FIRE ESCAPE",2012-09-24,19.0,VIOLATION CLOSED,05/26/2023,Original,Close,N,2012,2012.0
7466,876,3046720001,2,M,,1144,LENOX,ROAD,11212,1144 LENOX ROAD,915,LENOX ROAD-ROCKAWAY PARKWAY,11/28/23,BROOKLYN,74,both,11179622,324051,300787.0,3,3101952.0,1144,1144,1144,LENOX ROAD,A,2016-03-31,2016-04-01,07/22/2016,07/08/2016,,,,722.0,5400737.0,"§ 27-2053 ADM CODE POST SIGN ON WALL OF ENTRANCE STORY BEARING NAME, ADDRESS INCLUDING APARTMENT NUMBER IF ANY, AND TELEPHONE NUMBER OF SUPERINTENDENT, JANITOR OR HOUSEKEEPER. AT PUBLIC HALL, 1st STORY",2016-04-04,19.0,VIOLATION CLOSED,05/26/2023,Original,Close,N,2016,2016.0
7480,877,3046520045,3,M,,1145,LENOX,ROAD,11212,1145 LENOX ROAD,916,LENOX ROAD-ROCKAWAY PARKWAY,11/28/23,BROOKLYN,74,both,10944939,324052,390959.0,3,3101290.0,1145,1143,1147,LENOX ROAD,B,2015-10-13,2015-10-14,12/03/2015,11/19/2015,,,,583.0,5267315.0,"§ 27-2026, 2027 HMC: PROPERLY REPAIR THE SOURCE AND ABATE THE EVIDENCE OF A WATER LEAK AT CEILING IN THE KITCHEN LOCATED AT APT 1A, 1st STORY, 1st APARTMENT FROM WEST AT NORTH",2015-10-15,19.0,VIOLATION CLOSED,10/15/2015,Original,Close,N,2015,2015.0
7481,877,3046520045,3,M,,1145,LENOX,ROAD,11212,1145 LENOX ROAD,916,LENOX ROAD-ROCKAWAY PARKWAY,11/28/23,BROOKLYN,74,both,1655513,324052,390959.0,3,3101290.0,1145,1143,1147,LENOX ROAD,C,1988-12-20,1988-12-20,02/15/1989,02/13/1989,,,,526.0,1144832.0,"§ 27-2005, 2007 ADM CODE REMOVE THE ILLEGAL FASTENING HASP & EYE AT PUBLIC STAIR BULKHEAD.",1989-01-24,19.0,VIOLATION CLOSED,10/15/2015,Original,Close,Y,1988,1989.0
7483,877,3046520045,3,M,,1145,LENOX,ROAD,11212,1145 LENOX ROAD,916,LENOX ROAD-ROCKAWAY PARKWAY,11/28/23,BROOKLYN,74,both,10944941,324052,390959.0,3,3101290.0,1145,1143,1147,LENOX ROAD,B,2015-10-13,2015-10-14,12/03/2015,11/19/2015,,,,505.0,5267315.0,"§ 27-2005 ADM CODE REPLACE WITH NEW THE BROKEN OR DEFECTIVE CERAMIC TILES AT FLOOR IN THE BATHROOM LOCATED AT APT 1A, 1st STORY, 1st APARTMENT FROM WEST AT NORTH",2015-10-15,19.0,VIOLATION CLOSED,10/15/2015,Original,Close,N,2015,2015.0
7484,877,3046520045,3,M,,1145,LENOX,ROAD,11212,1145 LENOX ROAD,916,LENOX ROAD-ROCKAWAY PARKWAY,11/28/23,BROOKLYN,74,both,10945012,324052,390959.0,3,3101290.0,1145,1143,1147,LENOX ROAD,A,2015-10-13,2015-10-16,02/05/2016,01/22/2016,,,,500.0,5279164.0,§ 26-1103 ADMIN. CODE: POST AND MAINTAIN A PROPER NOTICE ON WALL OF THE ENTRANCE STORY IN ENGLISH AND SPANISH ON THE AVAILABILITY OF THE AGENCYS HOUSING INFORMATION GUIDE. A SAMPLE NOTICE CAN BE FOUND AT WWW.NYC.GOV/HPD.,2015-10-19,19.0,VIOLATION CLOSED,05/26/2023,Original,Close,N,2015,2015.0
7489,877,3046520045,3,M,,1145,LENOX,ROAD,11212,1145 LENOX ROAD,916,LENOX ROAD-ROCKAWAY PARKWAY,11/28/23,BROOKLYN,74,both,10944940,324052,390959.0,3,3101290.0,1145,1143,1147,LENOX ROAD,B,2015-10-13,2015-10-14,12/03/2015,11/19/2015,,,,508.0,5267315.0,"§ 27-2005 ADM CODE REPAIR THE BROKEN OR DEFECTIVE PLASTERED SURFACES AND PAINT IN A UNIFORM COLOR .,. CEILING IN THE KITCHEN LOCATED AT APT 1A, 1st STORY, 1st APARTMENT FROM WEST AT NORTH",2015-10-15,19.0,VIOLATION CLOSED,10/15/2015,Original,Close,N,2015,2015.0
7492,878,3043710001,1,M,,570,STANLEY,AVENUE,11207,570 STANLEY AVENUE,917,LINDEN,12/28/21,BROOKLYN,1586,both,5679508,809549,389890.0,3,3324019.0,570,570,570,STANLEY AVENUE,B,2005-08-24,2005-08-25,10/19/2005,10/05/2005,,,,702.0,2479959.0,"§ 27-2045 ADM CODE REPAIR OR REPLACE THE SMOKE DETECTOR (DEFECTIVE) IN THE ENTIRE APARTMENT LOCATED AT APT 1B, 1st STORY, 2nd APARTMENT FROM SOUTH AT WEST , SECTION ''NORTH ''",2005-08-26,19.0,VIOLATION CLOSED,02/13/2017,Original,Close,N,2005,2005.0
7548,878,3043710001,1,M,,570,STANLEY,AVENUE,11207,570 STANLEY AVENUE,917,LINDEN,12/28/21,BROOKLYN,1586,both,5678159,809549,389890.0,3,3324019.0,570,570,570,STANLEY AVENUE,B,2005-08-24,2005-08-25,10/19/2005,10/05/2005,,,,550.0,2479959.0,"§ 27-2005 HMC:TRACE AND REPAIR THE SOURCE AND ABATE THE NUISANCE CONSISTING OF MOLD ... AT WEST WALL IN THE 1st ROOM FROM NORTH LOCATED AT APT 1B, 1st STORY, 4th APARTMENT FROM SOUTH AT WEST",2005-08-26,19.0,VIOLATION CLOSED,02/13/2017,Original,Close,N,2005,2005.0
7549,878,3043710001,1,M,,570,STANLEY,AVENUE,11207,570 STANLEY AVENUE,917,LINDEN,12/28/21,BROOKLYN,1586,both,5678161,809549,389890.0,3,3324019.0,570,570,570,STANLEY AVENUE,B,2005-08-24,2005-08-25,10/19/2005,10/05/2005,,,,550.0,2479959.0,"§ 27-2005 HMC:TRACE AND REPAIR THE SOURCE AND ABATE THE NUISANCE CONSISTING OF MOLD ... AT FLOOR IN THE 2nd ROOM FROM NORTH LOCATED AT APT 1B, 1st STORY, 4th APARTMENT FROM SOUTH AT WEST",2005-08-26,19.0,VIOLATION CLOSED,02/13/2017,Original,Close,N,2005,2005.0
7550,878,3043710001,1,M,,570,STANLEY,AVENUE,11207,570 STANLEY AVENUE,917,LINDEN,12/28/21,BROOKLYN,1586,both,5678226,809549,389890.0,3,3324019.0,570,570,570,STANLEY AVENUE,B,2005-08-24,2005-08-25,10/19/2005,10/05/2005,,,,501.0,2479959.0,"§ 27-2005 ADM CODE PROPERLY REPAIR THE BROKEN OR DEFECTIVE GASKETS AT REFRIGERATOR IN THE KITCHEN LOCATED AT APT 1B, 1st STORY, 2nd APARTMENT FROM SOUTH AT WEST , SECTION ''NORTH''",2005-08-26,19.0,VIOLATION CLOSED,02/13/2017,Original,Close,N,2005,2005.0
7551,878,3043710001,1,M,,570,STANLEY,AVENUE,11207,570 STANLEY AVENUE,917,LINDEN,12/28/21,BROOKLYN,1586,both,5679521,809549,389890.0,3,3324019.0,570,570,570,STANLEY AVENUE,B,2005-08-24,2005-08-25,10/19/2005,10/05/2005,,,,1502.0,2479959.0,"§ 27-2046.1, 2046.2 HMC: PROVIDE AN APPROVED AND OPERATIONAL CARBON MONOXIDE DETECTING DEVICE, INSTALLED IN ACCORDANCE WITH APPLICABLE LAW AND RULES. IN THE ENTIRE APARTMENT LOCATED AT APT 1B, 1st STORY, 2nd APARTMENT FROM SOUTH AT WEST , SECTION ''NORTH''",2005-08-26,19.0,VIOLATION CLOSED,02/13/2017,Original,Close,N,2005,2005.0
7561,878,3043710001,1,M,,570,STANLEY,AVENUE,11207,570 STANLEY AVENUE,917,LINDEN,12/28/21,BROOKLYN,1586,both,5678276,809549,389890.0,3,3324019.0,570,570,570,STANLEY AVENUE,B,2005-08-24,2005-08-25,10/19/2005,10/05/2005,,,,501.0,2479959.0,"§ 27-2005 ADM CODE PROPERLY REPAIR THE BROKEN OR DEFECTIVE AND MAKE OPERABLE; MECHANICAL VENTILATOR AT WALL IN THE BATHROOM LOCATED AT APT 1B, 1st STORY, 2nd APARTMENT FROM SOUTH AT WEST , SECTION ''NORTH''",2005-08-26,19.0,VIOLATION CLOSED,02/13/2017,Original,Close,N,2005,2005.0
7562,878,3043710001,1,M,,570,STANLEY,AVENUE,11207,570 STANLEY AVENUE,917,LINDEN,12/28/21,BROOKLYN,1586,both,5679452,809549,389890.0,3,3324019.0,570,570,570,STANLEY AVENUE,B,2005-08-24,2005-08-25,10/19/2005,10/05/2005,,,,502.0,2479959.0,§ 27-2005 ADM CODE PROPERLY REPAIR WITH SIMILAR MATERIAL THE BROKEN OR DEFECTIVE BRICK AND MORTAR; NORTH AND WEST FACADE,2005-08-26,19.0,VIOLATION CLOSED,02/13/2017,Original,Close,N,2005,2005.0
7564,878,3043710001,1,M,,570,STANLEY,AVENUE,11207,570 STANLEY AVENUE,917,LINDEN,12/28/21,BROOKLYN,1586,both,5678243,809549,389890.0,3,3324019.0,570,570,570,STANLEY AVENUE,B,2005-08-24,2005-08-25,10/19/2005,10/05/2005,,,,566.0,2479959.0,"§ 27-2018 ADM CODE ABATE THE NUISANCE CONSISTING OF VERMIN (MICE) IN THE ENTIRE APARTMENT LOCATED AT APT 1B, 1st STORY, 2nd APARTMENT FROM SOUTH AT WEST , SECTION ''NORTH''",2005-08-26,19.0,VIOLATION CLOSED,02/13/2017,Original,Close,N,2005,2005.0
7565,878,3043710001,1,M,,570,STANLEY,AVENUE,11207,570 STANLEY AVENUE,917,LINDEN,12/28/21,BROOKLYN,1586,both,5678255,809549,389890.0,3,3324019.0,570,570,570,STANLEY AVENUE,B,2005-08-24,2005-08-25,10/19/2005,10/05/2005,,,,566.0,2479959.0,"§ 27-2018 ADM CODE ABATE THE NUISANCE CONSISTING OF VERMIN (ROACHES) IN THE ENTIRE APARTMENT LOCATED AT APT 1B, 1st STORY, 2nd APARTMENT FROM SOUTH AT WEST , SECTION ''NORTH''",2005-08-26,19.0,VIOLATION CLOSED,02/13/2017,Original,Close,N,2005,2005.0
7679,881,3043930001,12,M,,250,WORTMAN,AVENUE,11207,250 WORTMAN AVENUE,918,LINDEN,12/28/21,BROOKLYN,1586,both,12667330,809927,389887.0,3,3337069.0,250,250,250,WORTMAN AVENUE,A,2018-10-16,2018-10-19,02/08/2019,01/25/2019,,,,550.0,6262202.0,"§ 27-2005 HMC:TRACE AND REPAIR THE SOURCE AND ABATE THE NUISANCE CONSISTING OF MOLD ... APPROX., 5 SQ.FT. AT THE CEILING IN THE 3rd ROOM FROM NORTH LOCATED AT APT 2D, 2nd STORY, 2nd APARTMENT FROM SOUTH AT WEST",2018-10-22,19.0,VIOLATION CLOSED,10/29/2018,Original,Close,N,2018,2018.0
7686,881,3043930001,12,M,,250,WORTMAN,AVENUE,11207,250 WORTMAN AVENUE,918,LINDEN,12/28/21,BROOKLYN,1586,both,12667329,809927,389887.0,3,3337069.0,250,250,250,WORTMAN AVENUE,B,2018-10-16,2018-10-19,12/10/2018,11/26/2018,,,,702.0,6262201.0,"§ 27-2045 ADM CODE REPAIR OR REPLACE THE SMOKE DETECTOR DEFECTIVE LOCATED AT APT 2D, 2nd STORY, 2nd APARTMENT FROM SOUTH AT WEST",2018-10-22,19.0,VIOLATION CLOSED,10/29/2018,Original,Close,N,2018,2018.0
7704,882,3043930001,13,M,,245,COZINE,AVENUE,11207,245 COZINE AVENUE,918,LINDEN,12/28/21,BROOKLYN,1586,both,11130702,808025,389886.0,3,3337065.0,245,245,245,COZINE AVENUE,B,2016-02-25,2016-03-02,04/21/2016,04/07/2016,,,,1503.0,5378096.0,"§ 27-2046.1 HMC: REPAIR OR REPLACE THE CARBON MONOXIDE DETECTING DEVICE(S). AT APARTMENT LOCATED AT APT 1D, 1st STORY, 2nd APARTMENT FROM EAST AT SOUTH",2016-03-03,19.0,VIOLATION CLOSED,12/13/2024,Original,Close,N,2016,2016.0
7705,882,3043930001,13,M,,245,COZINE,AVENUE,11207,245 COZINE AVENUE,918,LINDEN,12/28/21,BROOKLYN,1586,both,11130697,808025,389886.0,3,3337065.0,245,245,245,COZINE AVENUE,B,2016-02-25,2016-02-26,04/18/2016,04/04/2016,,,,502.0,5374755.0,"§ 27-2005 ADM CODE PROPERLY REPAIR WITH SIMILAR MATERIAL THE BROKEN OR DEFECTIVE FLOOR TILES IN THE ENTIRE APARTMENT LOCATED AT APT 1D, 1st STORY, 2nd APARTMENT FROM EAST AT SOUTH",2016-02-29,19.0,VIOLATION CLOSED,03/01/2016,Original,Close,N,2016,2016.0
7711,882,3043930001,13,M,,245,COZINE,AVENUE,11207,245 COZINE AVENUE,918,LINDEN,12/28/21,BROOKLYN,1586,both,11130699,808025,389886.0,3,3337065.0,245,245,245,COZINE AVENUE,B,2016-02-25,2016-02-26,04/18/2016,04/04/2016,,,,508.0,5374755.0,"§ 27-2005 ADM CODE REPAIR THE BROKEN OR DEFECTIVE PLASTERED SURFACES AND PAINT IN A UNIFORM COLOR CEILINGS IN THE ENTIRE APARTMENT LOCATED AT APT 1D, 1st STORY, 2nd APARTMENT FROM EAST AT SOUTH",2016-02-29,19.0,VIOLATION CLOSED,03/01/2016,Original,Close,N,2016,2016.0
7712,882,3043930001,13,M,,245,COZINE,AVENUE,11207,245 COZINE AVENUE,918,LINDEN,12/28/21,BROOKLYN,1586,both,11130700,808025,389886.0,3,3337065.0,245,245,245,COZINE AVENUE,B,2016-02-25,2016-02-26,04/18/2016,04/04/2016,,,,508.0,5374755.0,"§ 27-2005 ADM CODE REPAIR THE BROKEN OR DEFECTIVE PLASTERED SURFACES AND PAINT IN A UNIFORM COLOR WALLS IN THE ENTIRE APARTMENT LOCATED AT APT 1D, 1st STORY, 2nd APARTMENT FROM EAST AT SOUTH",2016-02-29,19.0,VIOLATION CLOSED,03/01/2016,Original,Close,N,2016,2016.0
7736,882,3043930001,13,M,,245,COZINE,AVENUE,11207,245 COZINE AVENUE,918,LINDEN,12/28/21,BROOKLYN,1586,both,7507635,808025,389886.0,3,3337065.0,245,245,245,COZINE AVENUE,B,2008-10-03,2008-10-07,11/26/2008,11/12/2008,,,,509.0,3480158.0,"§ 27-2005 ADM CODE PROPERLY SECURE THE LOOSE MASONITE ON THE WALLS AROUND THE BATHTUB, IN THE BATHROOM LOCATED AT APT 3H, 3rd STORY",2008-10-08,19.0,VIOLATION CLOSED,03/01/2016,Original,Close,N,2008,2008.0
8065,890,3043970001,19,M,,285,COZINE,AVENUE,11207,285 COZINE AVENUE,926,LINDEN,12/28/21,BROOKLYN,1586,both,5652119,808026,389828.0,3,3324282.0,285,285,285,COZINE AVENUE,A,2005-08-10,2005-08-14,12/07/2005,11/23/2005,,,,556.0,2472353.0,"§ 27-2013 ADM CODE PAINT WITH LIGHT COLORED PAINT TO THE SATISFACTION OF THIS DEPARTMENT .. IN THE ENTIRE APARTMENT LOCATED AT APT 1B, 1st STORY",2005-08-15,22.0,FIRST NO ACCESS TO RE- INSPECT VIOLATION,11/01/2025,Original,Open,N,2005,2005.0
8066,890,3043970001,19,M,,285,COZINE,AVENUE,11207,285 COZINE AVENUE,926,LINDEN,12/28/21,BROOKLYN,1586,both,5652140,808026,389828.0,3,3324282.0,285,285,285,COZINE AVENUE,B,2005-08-10,2005-08-14,10/08/2005,09/24/2005,,,,502.0,2472354.0,"§ 27-2005 ADM CODE PROPERLY REPAIR WITH SIMILAR MATERIAL THE BROKEN OR DEFECTIVE VINYL TILES ON FLOOR SURFACE IN THE KITCHEN LOCATED AT APT 1B, 1st STORY",2005-08-15,22.0,FIRST NO ACCESS TO RE- INSPECT VIOLATION,11/01/2025,Original,Open,N,2005,2005.0
8067,890,3043970001,19,M,,285,COZINE,AVENUE,11207,285 COZINE AVENUE,926,LINDEN,12/28/21,BROOKLYN,1586,both,5652206,808026,389828.0,3,3324282.0,285,285,285,COZINE AVENUE,B,2005-08-10,2005-08-14,10/08/2005,09/24/2005,,,,505.0,2472354.0,"§ 27-2005 ADM CODE REPLACE WITH NEW THE BROKEN OR DEFECTIVE TOP SASH AT SOUTH-EAST WINDOW LOCATED AT APT 1B, 1st STORY",2005-08-15,22.0,FIRST NO ACCESS TO RE- INSPECT VIOLATION,11/01/2025,Original,Open,N,2005,2005.0
8068,890,3043970001,19,M,,285,COZINE,AVENUE,11207,285 COZINE AVENUE,926,LINDEN,12/28/21,BROOKLYN,1586,both,5652331,808026,389828.0,3,3324282.0,285,285,285,COZINE AVENUE,A,2005-08-10,2005-08-14,12/07/2005,11/23/2005,,,,508.0,2472353.0,"§ 27-2005 ADM CODE REPAIR THE BROKEN OR DEFECTIVE PLASTERED SURFACES AND PAINT IN A UNIFORM COLOR RADIATOR AT NORTH WALL IN THE 1st ROOM FROM NORTH LOCATED AT APT 1B, 1st STORY",2005-08-15,22.0,FIRST NO ACCESS TO RE- INSPECT VIOLATION,11/01/2025,Original,Open,N,2005,2005.0
8069,890,3043970001,19,M,,285,COZINE,AVENUE,11207,285 COZINE AVENUE,926,LINDEN,12/28/21,BROOKLYN,1586,both,5652516,808026,389828.0,3,3324282.0,285,285,285,COZINE AVENUE,B,2005-08-10,2005-08-14,10/08/2005,09/24/2005,,,,566.0,2472354.0,"§ 27-2018 ADM CODE ABATE THE NUISANCE CONSISTING OF VERMIN ROACHES IN THE ENTIRE APARTMENT LOCATED AT APT 1B, 1st STORY",2005-08-15,22.0,FIRST NO ACCESS TO RE- INSPECT VIOLATION,11/01/2025,Original,Open,N,2005,2005.0
8070,890,3043970001,19,M,,285,COZINE,AVENUE,11207,285 COZINE AVENUE,926,LINDEN,12/28/21,BROOKLYN,1586,both,5652632,808026,389828.0,3,3324282.0,285,285,285,COZINE AVENUE,A,2005-08-10,2005-08-14,12/07/2005,11/23/2005,,,,554.0,2472353.0,"§ 27-2005 ADM CODE PAINT METAL IN ACCORDANCE WITH DEPT. REGULATION RISERS AT NORTH ONE AND NORTH TWO ROOMS LOCATED AT APT 1B, 1st STORY",2005-08-15,22.0,FIRST NO ACCESS TO RE- INSPECT VIOLATION,11/01/2025,Original,Open,N,2005,2005.0
8416,902,3043710001,7,M,,215,WORTMAN,AVENUE,11207,215 WORTMAN AVENUE,917,LINDEN,12/28/21,BROOKLYN,1586,both,8319355,398076,389837.0,3,3324022.0,215,215,215,WORTMAN AVENUE,B,2010-03-09,2010-03-11,04/30/2010,04/16/2010,,,,550.0,3887999.0,"§ 27-2005 HMC:TRACE AND REPAIR THE SOURCE AND ABATE THE NUISANCE CONSISTING OF MOLD ... NORTH WALL 5 SQ FT AND EAST WALL I0 SQ FT IN THE 1st ROOM FROM NORTH LOCATED AT APT 7E, 7th STORY, 3rd APARTMENT FROM NORTH AT EAST",2010-03-12,19.0,VIOLATION CLOSED,07/02/2024,Original,Close,N,2010,2010.0
8417,902,3043710001,7,M,,215,WORTMAN,AVENUE,11207,215 WORTMAN AVENUE,917,LINDEN,12/28/21,BROOKLYN,1586,both,8319198,398076,389837.0,3,3324022.0,215,215,215,WORTMAN AVENUE,B,2010-03-09,2010-03-13,05/03/2010,04/19/2010,,,,579.0,3889106.0,"§ 27-2026 ADM CODE REPAIR THE LEAKY AND/OR DEFECTIVE FAUCETS AT SINK IN THE KITCHEN LOCATED AT APT 7E, 7th STORY, 3rd APARTMENT FROM NORTH AT EAST",2010-03-15,19.0,VIOLATION CLOSED,07/02/2024,Original,Close,N,2010,2010.0
8424,902,3043710001,7,M,,215,WORTMAN,AVENUE,11207,215 WORTMAN AVENUE,917,LINDEN,12/28/21,BROOKLYN,1586,both,8319197,398076,389837.0,3,3324022.0,215,215,215,WORTMAN AVENUE,B,2010-03-09,2010-03-13,05/03/2010,04/19/2010,,,,579.0,3889106.0,"§ 27-2026 ADM CODE REPAIR THE LEAKY AND/OR DEFECTIVE FAUCETS WASHBASIN IN THE BATHROOM LOCATED AT APT 7E, 7th STORY, 3rd APARTMENT FROM NORTH AT EAST",2010-03-15,19.0,VIOLATION CLOSED,07/02/2024,Original,Close,N,2010,2010.0
8425,902,3043710001,7,M,,215,WORTMAN,AVENUE,11207,215 WORTMAN AVENUE,917,LINDEN,12/28/21,BROOKLYN,1586,both,8319199,398076,389837.0,3,3324022.0,215,215,215,WORTMAN AVENUE,C,2010-03-09,2010-03-13,03/26/2010,03/21/2010,,,,598.0,3889107.0,"§ 27-2026 ADM CODE REPAIR THE BROKEN OR DEFECTIVE CONNECTION WASTE LINE AT SINK IN THE KITCHEN LOCATED AT APT 7E, 7th STORY, 3rd APARTMENT FROM NORTH AT EAST",2010-03-15,19.0,VIOLATION CLOSED,07/02/2024,Original,Close,N,2010,2010.0
8426,902,3043710001,7,M,,215,WORTMAN,AVENUE,11207,215 WORTMAN AVENUE,917,LINDEN,12/28/21,BROOKLYN,1586,both,8319200,398076,389837.0,3,3324022.0,215,215,215,WORTMAN AVENUE,B,2010-03-09,2010-03-10,04/29/2010,04/15/2010,,,,501.0,3887076.0,"§ 27-2005 ADM CODE PROPERLY REPAIR THE BROKEN OR DEFECTIVE UPPER AND LOWER WINDOW SASH COUNTER BALANCES IN THE 1st ROOM FROM NORTH LOCATED AT APT 7E, 7th STORY, 3rd APARTMENT FROM NORTH AT EAST",2010-03-11,19.0,VIOLATION CLOSED,07/02/2024,Original,Close,N,2010,2010.0
8427,902,3043710001,7,M,,215,WORTMAN,AVENUE,11207,215 WORTMAN AVENUE,917,LINDEN,12/28/21,BROOKLYN,1586,both,8319201,398076,389837.0,3,3324022.0,215,215,215,WORTMAN AVENUE,C,2010-03-09,2010-03-10,03/22/2010,03/17/2010,,,,510.0,3887077.0,"§ 27-2005 ADM CODE & 309 M/D LAW ABATE THE NUISANCE CONSISTING OF CONCEALED WATER LEAK AT CEILING IN THE BATHROOM LOCATED AT APT 7E, 7th STORY, 3rd APARTMENT FROM NORTH AT EAST",2010-03-11,19.0,VIOLATION CLOSED,07/02/2024,Original,Close,N,2010,2010.0
8428,902,3043710001,7,M,,215,WORTMAN,AVENUE,11207,215 WORTMAN AVENUE,917,LINDEN,12/28/21,BROOKLYN,1586,both,8319202,398076,389837.0,3,3324022.0,215,215,215,WORTMAN AVENUE,B,2010-03-09,2010-03-10,04/29/2010,04/15/2010,,,,508.0,3887076.0,"§ 27-2005 ADM CODE REPAIR THE BROKEN OR DEFECTIVE PLASTERED SURFACES AND PAINT IN A UNIFORM COLOR CEILING IN THE BATHROOM LOCATED AT APT 7E, 7th STORY, 3rd APARTMENT FROM NORTH AT EAST",2010-03-11,19.0,VIOLATION CLOSED,07/02/2024,Original,Close,N,2010,2010.0
8429,902,3043710001,7,M,,215,WORTMAN,AVENUE,11207,215 WORTMAN AVENUE,917,LINDEN,12/28/21,BROOKLYN,1586,both,8319328,398076,389837.0,3,3324022.0,215,215,215,WORTMAN AVENUE,B,2010-03-09,2010-03-10,04/29/2010,04/15/2010,,,,501.0,3887076.0,"§ 27-2005 ADM CODE PROPERLY REPAIR THE BROKEN OR DEFECTIVE COUNTER BALANCES AT UPPER AND LOWER SASHES EAST WINDOW IN THE 1st ROOM FROM NORTH LOCATED AT APT 7E, 7th STORY, 3rd APARTMENT FROM NORTH AT EAST",2010-03-11,19.0,VIOLATION CLOSED,07/02/2024,Original,Close,N,2010,2010.0
8436,902,3043710001,7,M,,215,WORTMAN,AVENUE,11207,215 WORTMAN AVENUE,917,LINDEN,12/28/21,BROOKLYN,1586,both,8319337,398076,389837.0,3,3324022.0,215,215,215,WORTMAN AVENUE,B,2010-03-09,2010-03-10,04/29/2010,04/15/2010,,,,508.0,3887076.0,"§ 27-2005 ADM CODE REPAIR THE BROKEN OR DEFECTIVE PLASTERED SURFACES AND PAINT IN A UNIFORM COLOR EAST WALL IN THE PRIVATE HALLWAY LOCATED AT APT 7E, 7th STORY, 3rd APARTMENT FROM NORTH AT EAST",2010-03-11,19.0,VIOLATION CLOSED,08/11/2025,Original,Close,N,2010,2010.0
8437,902,3043710001,7,M,,215,WORTMAN,AVENUE,11207,215 WORTMAN AVENUE,917,LINDEN,12/28/21,BROOKLYN,1586,both,8319341,398076,389837.0,3,3324022.0,215,215,215,WORTMAN AVENUE,B,2010-03-09,2010-03-10,04/29/2010,04/15/2010,,,,568.0,3887076.0,"§ 27-2018 ADMIN. CODE: ABATE THE NUISANCE CONSISTING OF ROACHES IN THE ENTIRE APARTMENT LOCATED AT APT 7E, 7th STORY, 3rd APARTMENT FROM NORTH AT EAST",2010-03-11,19.0,VIOLATION CLOSED,04/13/2025,Original,Close,N,2010,2010.0
8438,902,3043710001,7,M,,215,WORTMAN,AVENUE,11207,215 WORTMAN AVENUE,917,LINDEN,12/28/21,BROOKLYN,1586,both,8319345,398076,389837.0,3,3324022.0,215,215,215,WORTMAN AVENUE,A,2010-03-09,2010-03-10,06/28/2010,06/14/2010,,,,556.0,3887075.0,"§ 27-2013 ADM CODE PAINT WITH LIGHT COLORED PAINT TO THE SATISFACTION OF THIS DEPARTMENT CEILING WALLS AND WOOD WORK IN THE ENTIRE APARTMENT LOCATED AT APT 7E, 7th STORY, 3rd APARTMENT FROM NORTH AT EAST",2010-03-11,19.0,VIOLATION CLOSED,08/11/2025,Original,Close,N,2010,2010.0
8550,906,3043930001,9,M,,180,WORTMAN,AVENUE,11207,180 WORTMAN AVENUE,918,LINDEN,12/28/21,BROOKLYN,1586,both,2270431,398075,389839.0,3,3337066.0,180,180,180,WORTMAN AVENUE,B,1990-05-04,1990-05-04,10/18/2007,10/04/2007,,,,506.0,3078212.0,"§ 27-2005 ADM CODE REPLACE WITH NEW THE MISSING DRAWERS AT CABINET SINK 2 STY SOUTHWEST APT 2G KITCHEN. , SECTION '' ''",2007-08-30,19.0,VIOLATION CLOSED,07/03/2024,Reissued,Close,N,1990,2007.0
8558,906,3043930001,9,M,,180,WORTMAN,AVENUE,11207,180 WORTMAN AVENUE,918,LINDEN,12/28/21,BROOKLYN,1586,both,2270425,398075,389839.0,3,3337066.0,180,180,180,WORTMAN AVENUE,B,1990-05-04,1990-05-04,10/18/2007,10/04/2007,,,,701.0,3078212.0,"§ 27-2045, 2046 ADM CODE PROVIDE AN APPROVED AND OPERATIONAL SMOKE DETECTING DEVICE, INSTALLED IN ACCORDANCE WITH DEPARTMENT OF BUILDINGS RULES AND REGULATIONS MISSING 2 STY SOUTHWEST APT 2G. , SECTION '' ''",2007-08-30,19.0,VIOLATION CLOSED,07/03/2024,Reissued,Close,N,1990,2007.0
8559,906,3043930001,9,M,,180,WORTMAN,AVENUE,11207,180 WORTMAN AVENUE,918,LINDEN,12/28/21,BROOKLYN,1586,both,2270426,398075,389839.0,3,3337066.0,180,180,180,WORTMAN AVENUE,B,1990-05-04,1990-05-04,10/18/2007,10/04/2007,,,,501.0,3078212.0,"§ 27-2005 ADM CODE PROPERLY REPAIR THE BROKEN OR DEFECTIVE WOODBASE UNDER SINK AT CABINET 2 STY SOUTHWEST APT 2G KITCHEN. , SECTION '' ''",2007-08-30,19.0,VIOLATION CLOSED,07/03/2024,Reissued,Close,N,1990,2007.0
8560,906,3043930001,9,M,,180,WORTMAN,AVENUE,11207,180 WORTMAN AVENUE,918,LINDEN,12/28/21,BROOKLYN,1586,both,2270427,398075,389839.0,3,3337066.0,180,180,180,WORTMAN AVENUE,B,1990-05-04,1990-05-04,10/18/2007,10/04/2007,,,,508.0,3078212.0,"§ 27-2005 ADM CODE REPAIR THE BROKEN OR DEFECTIVE PLASTERED SURFACES AND PAINT IN A UNIFORM COLOR WALLS & CEILING THRU OUT 2 STY SOUTHWEST APT 2G. , SECTION '' ''",2007-08-30,19.0,VIOLATION CLOSED,07/03/2024,Reissued,Close,N,1990,2007.0
8561,906,3043930001,9,M,,180,WORTMAN,AVENUE,11207,180 WORTMAN AVENUE,918,LINDEN,12/28/21,BROOKLYN,1586,both,2270428,398075,389839.0,3,3337066.0,180,180,180,WORTMAN AVENUE,B,1990-05-04,1990-05-04,10/18/2007,10/04/2007,,,,501.0,3078212.0,"§ 27-2005 ADM CODE PROPERLY REPAIR THE BROKEN OR DEFECTIVE CAULKING AROUND BATHTUB 2 STY SOUTHWEST APT 2G BATHROOM. , SECTION '' ''",2007-08-30,19.0,VIOLATION CLOSED,07/03/2024,Reissued,Close,N,1990,2007.0
8562,906,3043930001,9,M,,180,WORTMAN,AVENUE,11207,180 WORTMAN AVENUE,918,LINDEN,12/28/21,BROOKLYN,1586,both,2270429,398075,389839.0,3,3337066.0,180,180,180,WORTMAN AVENUE,A,1990-05-04,1990-05-04,12/17/2007,12/03/2007,,,,556.0,3078211.0,"§ 27-2013 ADM CODE PAINT WITH LIGHT COLORED PAINT TO THE SATISFACTION OF THIS DEPARTMENT WALLS & CEILING THRU OUT 2 STY SOUTHWEST APT 2G. , SECTION '' ''",2007-08-30,19.0,VIOLATION CLOSED,07/03/2024,Reissued,Close,N,1990,2007.0
8563,906,3043930001,9,M,,180,WORTMAN,AVENUE,11207,180 WORTMAN AVENUE,918,LINDEN,12/28/21,BROOKLYN,1586,both,2270430,398075,389839.0,3,3337066.0,180,180,180,WORTMAN AVENUE,A,1990-05-04,1990-05-04,12/17/2007,12/03/2007,,,,529.0,3078211.0,"§ 27-2005 ADM CODE REFIT DOOR CLOSET AT PRIVATE HALL 2 STY SOUTHWEST APT 2G. , SECTION '' ''",2007-08-30,19.0,VIOLATION CLOSED,07/03/2024,Reissued,Close,N,1990,2007.0
8564,906,3043930001,9,M,,180,WORTMAN,AVENUE,11207,180 WORTMAN AVENUE,918,LINDEN,12/28/21,BROOKLYN,1586,both,2270432,398075,389839.0,3,3337066.0,180,180,180,WORTMAN AVENUE,B,1990-05-04,1990-05-04,10/18/2007,10/04/2007,,,,510.0,3078212.0,"§ 27-2005 ADM CODE & 309 M/D LAW ABATE THE NUISANCE CONSISTING OF CONCEALED WATER LEAK CEILING 2 STY SOUTHWEST APT 2G BATHROOM. , SECTION '' ''",2007-08-30,19.0,VIOLATION CLOSED,07/03/2024,Reissued,Close,N,1990,2007.0
8565,906,3043930001,9,M,,180,WORTMAN,AVENUE,11207,180 WORTMAN AVENUE,918,LINDEN,12/28/21,BROOKLYN,1586,both,2270433,398075,389839.0,3,3337066.0,180,180,180,WORTMAN AVENUE,B,1990-05-04,1990-05-04,10/18/2007,10/04/2007,,,,508.0,3078212.0,"§ 27-2005 ADM CODE REPAIR THE BROKEN OR DEFECTIVE PLASTERED SURFACES AND PAINT IN A UNIFORM COLOR WALLS & CEILING AT CLOSET 2 STY SOUTHWEST APT 2G SOUTHEAST ROOM. , SECTION '' ''",2007-08-30,19.0,VIOLATION CLOSED,07/03/2024,Reissued,Close,N,1990,2007.0
8566,906,3043930001,9,M,,180,WORTMAN,AVENUE,11207,180 WORTMAN AVENUE,918,LINDEN,12/28/21,BROOKLYN,1586,both,2270434,398075,389839.0,3,3337066.0,180,180,180,WORTMAN AVENUE,B,1990-05-04,1990-05-04,10/18/2007,10/04/2007,,,,501.0,3078212.0,"§ 27-2005 ADM CODE PROPERLY REPAIR THE BROKEN OR DEFECTIVE DOOR KNOB 2 STY SOUTHWEST APT 2G SOUTHWEST ROOM. , SECTION '' ''",2007-08-30,19.0,VIOLATION CLOSED,07/03/2024,Reissued,Close,N,1990,2007.0
8577,908,1019840001,1,M,WEST,545,126,STREET,10027,545 WEST 126 STREET,946,MANHATTANVILLE,12/12/24,MANHATTAN,1272,both,17447364,877821,145263.0,1,1084125.0,545,545,555,WEST 126 STREET,I,2024-11-22,2024-11-22,,,,,,780.0,,"§27-2107 ADM CODE OWNER FAILED TO FILE A VALID REGISTRATION STATEMENT WITH THE DEPARTMENT AS REQUIRED BY ADM CODE §27-2097 AND IS THEREFORE SUBJECT TO CIVIL PENALTIES, PROHIBITED FROM CERTIFYING VIOLATIONS, AND DENIED THE RIGHT TO RECOVER POSSESSION OF PREMISES FOR NONPAYMENT OF RENT UNTIL A VALID REGISTRATION STATEMENT IS FILED.",,9.0,VIOLATION DISMISSED,03/31/2025,,Close,N,2024,
8662,910,1019840001,2,,,3240,BROADWAY,STREET,10027,3240 BROADWAY,946,MANHATTANVILLE,12/12/24,MANHATTAN,1272,both,17447336,804146,145264.0,1,1084124.0,3240,3240,3250,BROADWAY,I,2024-11-22,2024-11-22,,,,,,780.0,,"§27-2107 ADM CODE OWNER FAILED TO FILE A VALID REGISTRATION STATEMENT WITH THE DEPARTMENT AS REQUIRED BY ADM CODE §27-2097 AND IS THEREFORE SUBJECT TO CIVIL PENALTIES, PROHIBITED FROM CERTIFYING VIOLATIONS, AND DENIED THE RIGHT TO RECOVER POSSESSION OF PREMISES FOR NONPAYMENT OF RENT UNTIL A VALID REGISTRATION STATEMENT IS FILED.",,9.0,VIOLATION DISMISSED,03/31/2025,,Close,N,2024,
8687,914,1019840001,4,M,,1430,AMSTERDAM,AVENUE,10027,1430 AMSTERDAM AVENUE,946,MANHATTANVILLE,12/12/24,MANHATTAN,1272,both,7296302,804005,145266.0,1,1084128.0,1430,1430,1430,AMSTERDAM AVENUE,B,2008-05-19,2008-05-21,07/10/2008,06/26/2008,,,,508.0,3279272.0,"§ 27-2005 ADM CODE REPAIR THE BROKEN OR DEFECTIVE PLASTERED SURFACES AND PAINT IN A UNIFORM COLOR NORTH WALL IN THE PRIVATE HALLWAY LOCATED AT APT 6F, 6th STORY, 1st APARTMENT FROM EAST AT SOUTH",2008-05-22,19.0,VIOLATION CLOSED,08/02/2023,Original,Close,N,2008,2008.0
8688,914,1019840001,4,M,,1430,AMSTERDAM,AVENUE,10027,1430 AMSTERDAM AVENUE,946,MANHATTANVILLE,12/12/24,MANHATTAN,1272,both,7296303,804005,145266.0,1,1084128.0,1430,1430,1430,AMSTERDAM AVENUE,B,2008-05-19,2008-05-21,07/10/2008,06/26/2008,,,,508.0,3279272.0,"§ 27-2005 ADM CODE REPAIR THE BROKEN OR DEFECTIVE PLASTERED SURFACES AND PAINT IN A UNIFORM COLOR SOUTH WALL IN THE KITCHEN LOCATED AT APT 6F, 6th STORY, 1st APARTMENT FROM EAST AT SOUTH",2008-05-22,19.0,VIOLATION CLOSED,08/02/2023,Original,Close,N,2008,2008.0
8691,914,1019840001,4,M,,1430,AMSTERDAM,AVENUE,10027,1430 AMSTERDAM AVENUE,946,MANHATTANVILLE,12/12/24,MANHATTAN,1272,both,7296304,804005,145266.0,1,1084128.0,1430,1430,1430,AMSTERDAM AVENUE,B,2008-05-19,2008-05-21,07/10/2008,06/26/2008,,,,509.0,3279272.0,"§ 27-2005 ADM CODE PROPERLY SECURE THE LOOSE ELECTRICAL WALL OUTLET AT WEST WALL IN THE 3rd ROOM FROM EAST LOCATED AT APT 6F, 6th STORY, 1st APARTMENT FROM EAST AT SOUTH",2008-05-22,19.0,VIOLATION CLOSED,08/02/2023,Original,Close,N,2008,2008.0
8692,914,1019840001,4,M,,1430,AMSTERDAM,AVENUE,10027,1430 AMSTERDAM AVENUE,946,MANHATTANVILLE,12/12/24,MANHATTAN,1272,both,7296306,804005,145266.0,1,1084128.0,1430,1430,1430,AMSTERDAM AVENUE,B,2008-05-19,2008-05-21,07/10/2008,06/26/2008,,,,501.0,3279272.0,"§ 27-2005 ADM CODE PROPERLY REPAIR THE BROKEN OR DEFECTIVE LIGHT FIXTURE AT WEST WALL IN THE 1st ROOM FROM EAST AT NORTH LOCATED AT APT 6F, 6th STORY, 1st APARTMENT FROM EAST AT SOUTH",2008-05-22,19.0,VIOLATION CLOSED,08/02/2023,Original,Close,N,2008,2008.0
8694,914,1019840001,4,M,,1430,AMSTERDAM,AVENUE,10027,1430 AMSTERDAM AVENUE,946,MANHATTANVILLE,12/12/24,MANHATTAN,1272,both,7298394,804005,145266.0,1,1084128.0,1430,1430,1430,AMSTERDAM AVENUE,B,2008-05-19,2008-05-22,07/11/2008,06/27/2008,,,,1502.0,3280142.0,"§ 27-2046.1, 2046.2 HMC: PROVIDE AN APPROVED AND OPERATIONAL CARBON MONOXIDE DETECTING DEVICE, INSTALLED IN ACCORDANCE WITH APPLICABLE LAW AND RULES. IN THE ENTIRE APARTMENT LOCATED AT APT 6F, 6th STORY, 1st APARTMENT FROM EAST AT SOUTH",2008-05-23,19.0,VIOLATION CLOSED,10/21/2025,Original,Close,N,2008,2008.0
8702,914,1019840001,4,M,,1430,AMSTERDAM,AVENUE,10027,1430 AMSTERDAM AVENUE,946,MANHATTANVILLE,12/12/24,MANHATTAN,1272,both,17447335,804005,145266.0,1,1084128.0,1430,1430,1430,AMSTERDAM AVENUE,I,2024-11-22,2024-11-22,,,,,,780.0,,"§27-2107 ADM CODE OWNER FAILED TO FILE A VALID REGISTRATION STATEMENT WITH THE DEPARTMENT AS REQUIRED BY ADM CODE §27-2097 AND IS THEREFORE SUBJECT TO CIVIL PENALTIES, PROHIBITED FROM CERTIFYING VIOLATIONS, AND DENIED THE RIGHT TO RECOVER POSSESSION OF PREMISES FOR NONPAYMENT OF RENT UNTIL A VALID REGISTRATION STATEMENT IS FILED.",,9.0,VIOLATION DISMISSED,03/31/2025,,Close,N,2024,
8719,914,1019840001,4,M,,1430,AMSTERDAM,AVENUE,10027,1430 AMSTERDAM AVENUE,946,MANHATTANVILLE,12/12/24,MANHATTAN,1272,both,6463052,804005,145266.0,1,1084128.0,1430,1430,1430,AMSTERDAM AVENUE,A,2006-11-14,2006-11-17,03/14/2007,02/28/2007,,,,529.0,2852648.0,"§ 27-2005 ADM CODE REFIT DOORS IN THE ENTIRE APARTMENT LOCATED AT APT 9H, 9th STORY",2006-11-20,19.0,VIOLATION CLOSED,08/02/2023,Original,Close,N,2006,2006.0
8720,914,1019840001,4,M,,1430,AMSTERDAM,AVENUE,10027,1430 AMSTERDAM AVENUE,946,MANHATTANVILLE,12/12/24,MANHATTAN,1272,both,6463099,804005,145266.0,1,1084128.0,1430,1430,1430,AMSTERDAM AVENUE,A,2006-11-14,2006-11-17,03/14/2007,02/28/2007,,,,506.0,2852648.0,"§ 27-2005 ADM CODE REPLACE WITH NEW THE MISSING FLOOR TILES IN THE KITCHEN LOCATED AT APT 9H, 6th STORY",2006-11-20,19.0,VIOLATION CLOSED,08/02/2023,Original,Close,N,2006,2006.0
8721,914,1019840001,4,M,,1430,AMSTERDAM,AVENUE,10027,1430 AMSTERDAM AVENUE,946,MANHATTANVILLE,12/12/24,MANHATTAN,1272,both,6463109,804005,145266.0,1,1084128.0,1430,1430,1430,AMSTERDAM AVENUE,B,2006-11-14,2006-11-17,01/13/2007,12/30/2006,,,,530.0,2852649.0,"§ 27-2005, 27-2007, 27-2041.1 HMC: REPLACE OR REPAIR THE SELF-CLOSING DOORS THAT IS MISSING OR DEFECTIVE .. IN THE ENTRANCE LOCATED AT APT 9H, 9th STORY",2006-11-20,19.0,VIOLATION CLOSED,08/02/2023,Original,Close,N,2006,2006.0
8722,914,1019840001,4,M,,1430,AMSTERDAM,AVENUE,10027,1430 AMSTERDAM AVENUE,946,MANHATTANVILLE,12/12/24,MANHATTAN,1272,both,6463383,804005,145266.0,1,1084128.0,1430,1430,1430,AMSTERDAM AVENUE,A,2006-11-14,2006-11-17,03/14/2007,02/28/2007,,,,508.0,2852648.0,"§ 27-2005 ADM CODE REPAIR THE BROKEN OR DEFECTIVE PLASTERED SURFACES AND PAINT IN A UNIFORM COLOR CEILING IN THE 1st ROOM FROM NORTH LOCATED AT APT 9H, 9th STORY",2006-11-20,19.0,VIOLATION CLOSED,08/02/2023,Original,Close,N,2006,2006.0
8723,914,1019840001,4,M,,1430,AMSTERDAM,AVENUE,10027,1430 AMSTERDAM AVENUE,946,MANHATTANVILLE,12/12/24,MANHATTAN,1272,both,7296305,804005,145266.0,1,1084128.0,1430,1430,1430,AMSTERDAM AVENUE,B,2008-05-19,2008-05-21,07/10/2008,06/26/2008,,,,501.0,3279272.0,"§ 27-2005 ADM CODE PROPERLY REPAIR THE BROKEN OR DEFECTIVE ELECTRICAL WALL OUTLET AT WEST WALL IN THE 2nd ROOM FROM EAST LOCATED AT APT 6F, 6th STORY, 1st APARTMENT FROM EAST AT SOUTH",2008-05-22,19.0,VIOLATION CLOSED,08/02/2023,Original,Close,N,2008,2008.0
8724,914,1019840001,4,M,,1430,AMSTERDAM,AVENUE,10027,1430 AMSTERDAM AVENUE,946,MANHATTANVILLE,12/12/24,MANHATTAN,1272,both,7296307,804005,145266.0,1,1084128.0,1430,1430,1430,AMSTERDAM AVENUE,C,2008-05-19,2008-05-22,06/03/2008,05/29/2008,,,,526.0,3280143.0,"§ 27-2005, 2007 ADM CODE REMOVE THE ILLEGAL FASTENING A DOUBLE CYLINDER LOCK KEY OPERATED AT APT ENTRANCE DOOR LOCATED AT APT 6F, 6th STORY, 1st APARTMENT FROM EAST AT SOUTH",2008-05-23,19.0,VIOLATION CLOSED,08/02/2023,Original,Close,Y,2008,2008.0
8759,914,1019840001,4,M,,1430,AMSTERDAM,AVENUE,10027,1430 AMSTERDAM AVENUE,946,MANHATTANVILLE,12/12/24,MANHATTAN,1272,both,7296300,804005,145266.0,1,1084128.0,1430,1430,1430,AMSTERDAM AVENUE,B,2008-05-19,2008-05-21,07/10/2008,06/26/2008,,,,501.0,3279272.0,"§ 27-2005 ADM CODE PROPERLY REPAIR THE BROKEN OR DEFECTIVE OVEN AT GAS STOVE IN THE KITCHEN LOCATED AT APT 6F, 6th STORY, 1st APARTMENT FROM EAST AT SOUTH",2008-05-22,19.0,VIOLATION CLOSED,08/02/2023,Original,Close,N,2008,2008.0
8760,914,1019840001,4,M,,1430,AMSTERDAM,AVENUE,10027,1430 AMSTERDAM AVENUE,946,MANHATTANVILLE,12/12/24,MANHATTAN,1272,both,7296301,804005,145266.0,1,1084128.0,1430,1430,1430,AMSTERDAM AVENUE,B,2008-05-19,2008-05-21,07/10/2008,06/26/2008,,,,508.0,3279272.0,"§ 27-2005 ADM CODE REPAIR THE BROKEN OR DEFECTIVE PLASTERED SURFACES AND PAINT IN A UNIFORM COLOR SOUTH WALL IN THE FOYER LOCATED AT APT 6F, 6th STORY, 1st APARTMENT FROM EAST AT SOUTH",2008-05-22,19.0,VIOLATION CLOSED,08/02/2023,Original,Close,N,2008,2008.0
8838,915,1019840001,5,M,,1470,AMSTERDAM,AVENUE,10027,1470 AMSTERDAM AVENUE,946,MANHATTANVILLE,12/12/24,MANHATTAN,1272,both,13490415,5571,199995.0,1,1084129.0,1470,1444,1470,AMSTERDAM AVENUE,B,2020-01-03,2020-01-07,02/25/2020,02/11/2020,,,,505.0,6784721.0,"§ 27-2005 ADM CODE REPLACE WITH NEW THE BROKEN OR DEFECTIVE VINYL FLOOR TILES IN THE 2nd KITCHEN FROM NORTH LOCATED AT APT 16D, 16th STORY, 2nd APARTMENT FROM NORTH AT EAST",2020-01-07,2.0,NOV SENT OUT,01/07/2020,Original,Close,N,2020,2020.0
8839,915,1019840001,5,M,,1470,AMSTERDAM,AVENUE,10027,1470 AMSTERDAM AVENUE,946,MANHATTANVILLE,12/12/24,MANHATTAN,1272,both,13490416,5571,199995.0,1,1084129.0,1470,1444,1470,AMSTERDAM AVENUE,C,2020-01-03,2020-01-07,02/02/2020,01/28/2020,,,,568.0,6784722.0,"HMC ADM CODE: § 27-2017.4 ABATE THE INFESTATION CONSISTING OF ROACHES IN THE 1st ENTIRE APARTMENT FROM EAST LOCATED AT APT 16D, 16th STORY, 2nd APARTMENT FROM NORTH AT EAST",2020-01-07,47.0,NOTICE OF ISSUANCE SENT TO TENANT,01/07/2020,Original,Close,N,2020,2020.0
8931,915,1019840001,5,M,,1470,AMSTERDAM,AVENUE,10027,1470 AMSTERDAM AVENUE,946,MANHATTANVILLE,12/12/24,MANHATTAN,1272,both,17446912,5571,145267.0,1,1084129.0,1470,1444,1470,AMSTERDAM AVENUE,I,2024-11-22,2024-11-22,,,,,,780.0,,"§27-2107 ADM CODE OWNER FAILED TO FILE A VALID REGISTRATION STATEMENT WITH THE DEPARTMENT AS REQUIRED BY ADM CODE §27-2097 AND IS THEREFORE SUBJECT TO CIVIL PENALTIES, PROHIBITED FROM CERTIFYING VIOLATIONS, AND DENIED THE RIGHT TO RECOVER POSSESSION OF PREMISES FOR NONPAYMENT OF RENT UNTIL A VALID REGISTRATION STATEMENT IS FILED.",,9.0,VIOLATION DISMISSED,03/31/2025,,Close,N,2024,
8976,918,1019880020,1,M,WEST,515,134,STREET,10031,515 WEST 134 STREET,957,MANHATTANVILLE REHAB (GROUP 2),11/30/20,MANHATTAN,46,both,12027813,40685,144850.0,1,1059758.0,515,515,515,WEST 134 STREET,B,2017-10-19,2017-10-24,12/13/2017,11/29/2017,,,,501.0,5879824.0,"§ 27-2005 ADM CODE PROPERLY REPAIR THE BROKEN OR DEFECTIVE INTERCOM SYSYTEM LOCATED AT APT 4D, 4th STORY, 2nd APARTMENT FROM EAST AT SOUTH",2017-10-25,19.0,VIOLATION CLOSED,08/14/2025,Original,Close,N,2017,2017.0
9046,920,1019880031,3,M,,1504,AMSTERDAM,AVENUE,10031,1504 AMSTERDAM AVENUE,959,MANHATTANVILLE REHAB (GROUP 2),11/30/20,MANHATTAN,46,both,10689077,5584,124199.0,1,1059765.0,1504,1504,1506,AMSTERDAM AVENUE,B,2015-04-25,2015-04-26,06/15/2015,06/01/2015,,,,501.0,5106644.0,"§ 27-2005 ADM CODE PROPERLY REPAIR THE BROKEN OR DEFECTIVE BASEBOARD HEATERS IN THE 1st ROOM FROM EAST AT SOUTH LOCATED AT APT 2C, 2nd STORY, 1st APARTMENT FROM NORTH AT EAST , SECTION AT EAST",2015-04-27,19.0,VIOLATION CLOSED,03/06/2023,Original,Close,N,2015,2015.0
9051,920,1019880031,3,M,,1504,AMSTERDAM,AVENUE,10031,1504 AMSTERDAM AVENUE,959,MANHATTANVILLE REHAB (GROUP 2),11/30/20,MANHATTAN,46,both,10689091,5584,124199.0,1,1059765.0,1504,1504,1506,AMSTERDAM AVENUE,B,2015-04-25,2015-04-26,06/15/2015,06/01/2015,,,,502.0,5106644.0,"§ 27-2005 ADM CODE PROPERLY REPAIR WITH SIMILAR MATERIAL THE BROKEN OR DEFECTIVE CERAMIC TILE FLOOR IN THE BATHROOM LOCATED AT APT 2C, 2nd STORY, 1st APARTMENT FROM NORTH AT EAST , SECTION AT EAST",2015-04-27,19.0,VIOLATION CLOSED,03/06/2023,Original,Close,N,2015,2015.0
9059,920,1019880031,3,M,,1504,AMSTERDAM,AVENUE,10031,1504 AMSTERDAM AVENUE,959,MANHATTANVILLE REHAB (GROUP 2),11/30/20,MANHATTAN,46,both,10689086,5584,124199.0,1,1059765.0,1504,1504,1506,AMSTERDAM AVENUE,B,2015-04-25,2015-04-26,06/15/2015,06/01/2015,,,06/30/2021,550.0,5106644.0,"§ 27-2005 HMC:TRACE AND REPAIR THE SOURCE AND ABATE THE NUISANCE CONSISTING OF MOLD ... AT GROUT AROUND BATHTUB IN THE BATHROOM LOCATED AT APT 2C, 2nd STORY, 1st APARTMENT FROM NORTH AT EAST , SECTION AT EAST",2015-04-27,19.0,VIOLATION CLOSED,03/06/2023,Original,Close,N,2015,2015.0
9107,920,1019880031,3,M,,1504,AMSTERDAM,AVENUE,10031,1504 AMSTERDAM AVENUE,959,MANHATTANVILLE REHAB (GROUP 2),11/30/20,MANHATTAN,46,both,10689041,5584,124199.0,1,1059765.0,1504,1504,1506,AMSTERDAM AVENUE,B,2015-04-25,2015-04-26,06/15/2015,06/01/2015,,,,689.0,5106644.0,"§ 27-2005, 2006, 2037 HMC: PROPERLY REPAIR AND ABATE UNSAFE ELECTRIC WIRING CONDITION CONSISTING OF DEFECTIVE ELECTRICAL OUTLET AT WEST WALL IN THE 1st ROOM FROM EAST AT SOUTH LOCATED AT APT 2C, 2nd STORY, 1st APARTMENT FROM NORTH AT EAST , SECTION AT EAST",2015-04-27,19.0,VIOLATION CLOSED,03/06/2023,Original,Close,N,2015,2015.0
9108,920,1019880031,3,M,,1504,AMSTERDAM,AVENUE,10031,1504 AMSTERDAM AVENUE,959,MANHATTANVILLE REHAB (GROUP 2),11/30/20,MANHATTAN,46,both,10689084,5584,124199.0,1,1059765.0,1504,1504,1506,AMSTERDAM AVENUE,B,2015-04-25,2015-04-26,06/15/2015,06/01/2015,,,,508.0,5106644.0,"§ 27-2005 ADM CODE REPAIR THE BROKEN OR DEFECTIVE PLASTERED SURFACES AND PAINT IN A UNIFORM COLOR AT NORTH WALL IN THE BATHROOM LOCATED AT APT 2C, 2nd STORY, 1st APARTMENT FROM NORTH AT EAST , SECTION AT EAST",2015-04-27,19.0,VIOLATION CLOSED,03/06/2023,Original,Close,N,2015,2015.0
9127,921,1019870017,1,M,WEST,529,133,STREET,10027,529 WEST 133 STREET,960,MANHATTANVILLE REHAB (GROUP 3),11/30/20,MANHATTAN,51,both,8929980,805936,144851.0,1,1079738.0,529,529,531,WEST 133 STREET,B,2011-05-04,2011-05-05,06/24/2011,06/10/2011,,,,686.0,4168276.0,"§ 27-2040 ADM CODE PROVIDE ADEQUATE LIGHTING AT OR NEAR THE OUTSIDE OF THE FRONT ENTRANCEWAY OF THE BUILDING AND KEEP SAME BURNING FROM SUNSET EVERY DAY TO SUNRISE ON THE DAY FOLLOWING , 100 WATTS REQUIRED.",2011-05-06,9.0,VIOLATION DISMISSED,04/16/2023,Original,Close,N,2011,2011.0
9246,933,3017980077,2,,,305,LEXINGTON,AVENUE,11216,305 LEXINGTON AVENUE,972,MARCY AVENUE-GREENE AVENUE SITE B,2/12/20,BROOKLYN,30,both,3818380,325050,377394.0,3,3343342.0,305,305,313,LEXINGTON AVENUE,A,2001-05-02,2001-05-02,12/23/2007,12/09/2007,,,,772.0,3088453.0,§ 27-2098 ADM CODE FILE WITH THIS DEPARTMENT A REGISTRATION STATEMENT FOR BUILDING.,2007-09-05,9.0,VIOLATION DISMISSED,03/10/2015,Reissued,Close,Y,2001,2007.0
9270,933,3017980077,2,,,305,LEXINGTON,AVENUE,11216,305 LEXINGTON AVENUE,972,MARCY AVENUE-GREENE AVENUE SITE B,2/12/20,BROOKLYN,30,both,4535002,325050,377394.0,3,3343342.0,305,305,313,LEXINGTON AVENUE,B,2003-04-06,2003-04-07,10/24/2007,10/10/2007,,,,501.0,3088454.0,"§ 27-2005 ADM CODE PROPERLY REPAIR THE BROKEN OR DEFECTIVE AND MAKE OPERABLE LOWER SASH EAST WINDOW IN THE 1st ROOM FROM EAST AT SOUTH LOCATED AT APT 2B, 2nd STORY",2007-09-05,19.0,VIOLATION CLOSED,04/18/2022,Reissued,Close,N,2003,2007.0
9271,933,3017980077,2,,,305,LEXINGTON,AVENUE,11216,305 LEXINGTON AVENUE,972,MARCY AVENUE-GREENE AVENUE SITE B,2/12/20,BROOKLYN,30,both,4535005,325050,377394.0,3,3343342.0,305,305,313,LEXINGTON AVENUE,B,2003-04-06,2003-04-07,10/24/2007,10/10/2007,,,,566.0,3088454.0,"§ 27-2018 ADM CODE ABATE THE NUISANCE CONSISTING OF VERMIN MICE AND ROACHES IN THE ENTIRE APARTMENT LOCATED AT APT 2B, 2nd STORY, APARTMENT AT EAST",2007-09-05,19.0,VIOLATION CLOSED,04/18/2022,Reissued,Close,N,2003,2007.0
9272,933,3017980077,2,,,305,LEXINGTON,AVENUE,11216,305 LEXINGTON AVENUE,972,MARCY AVENUE-GREENE AVENUE SITE B,2/12/20,BROOKLYN,30,both,4535009,325050,377394.0,3,3343342.0,305,305,313,LEXINGTON AVENUE,B,2003-04-06,2003-04-07,10/24/2007,10/10/2007,,,,508.0,3088454.0,"§ 27-2005 ADM CODE REPAIR THE BROKEN OR DEFECTIVE PLASTERED SURFACES AND PAINT IN A UNIFORM COLOR ALL WALLS IN THE 2nd ROOM FROM NORTH AT EAST LOCATED AT APT 2B, 2nd STORY, APARTMENT AT EAST",2007-09-05,19.0,VIOLATION CLOSED,04/18/2022,Reissued,Close,N,2003,2007.0
9273,933,3017980077,2,,,305,LEXINGTON,AVENUE,11216,305 LEXINGTON AVENUE,972,MARCY AVENUE-GREENE AVENUE SITE B,2/12/20,BROOKLYN,30,both,4535013,325050,377394.0,3,3343342.0,305,305,313,LEXINGTON AVENUE,B,2003-04-06,2003-04-07,10/24/2007,10/10/2007,,,,501.0,3088454.0,"§ 27-2005 ADM CODE PROPERLY REPAIR THE BROKEN OR DEFECTIVE AND MAKE OPERABLE OVEN OF GAS RANGE IN THE KITCHEN LOCATED AT APT 2B, 2nd STORY, APARTMENT AT EAST",2007-09-05,19.0,VIOLATION CLOSED,04/18/2022,Reissued,Close,N,2003,2007.0
9274,933,3017980077,2,,,305,LEXINGTON,AVENUE,11216,305 LEXINGTON AVENUE,972,MARCY AVENUE-GREENE AVENUE SITE B,2/12/20,BROOKLYN,30,both,4535017,325050,377394.0,3,3343342.0,305,305,313,LEXINGTON AVENUE,B,2003-04-06,2003-04-07,10/24/2007,10/10/2007,,,,508.0,3088454.0,"§ 27-2005 ADM CODE REPAIR THE BROKEN OR DEFECTIVE PLASTERED SURFACES AND PAINT IN A UNIFORM COLOR ALL WALLS IN THE FOYER LOCATED AT APT 2B, 2nd STORY, APARTMENT AT EAST",2007-09-05,19.0,VIOLATION CLOSED,04/18/2022,Reissued,Close,N,2003,2007.0
9275,933,3017980077,2,,,305,LEXINGTON,AVENUE,11216,305 LEXINGTON AVENUE,972,MARCY AVENUE-GREENE AVENUE SITE B,2/12/20,BROOKLYN,30,both,4535018,325050,377394.0,3,3343342.0,305,305,313,LEXINGTON AVENUE,B,2003-04-06,2003-04-07,10/24/2007,10/10/2007,,,,501.0,3088454.0,"§ 27-2005 ADM CODE PROPERLY REPAIR THE BROKEN OR DEFECTIVE MECHANICAL VENTILATION IN THE BATHROOM LOCATED AT APT 2B, 2nd STORY, APARTMENT AT EAST",2007-09-05,19.0,VIOLATION CLOSED,04/18/2022,Reissued,Close,N,2003,2007.0
9276,933,3017980077,2,,,305,LEXINGTON,AVENUE,11216,305 LEXINGTON AVENUE,972,MARCY AVENUE-GREENE AVENUE SITE B,2/12/20,BROOKLYN,30,both,4535027,325050,377394.0,3,3343342.0,305,305,313,LEXINGTON AVENUE,B,2003-04-06,2003-04-07,10/24/2007,10/10/2007,,,,702.0,3088454.0,"§ 27-2045 ADM CODE REPAIR OR REPLACE THE SMOKE DETECTOR DEFECTIVE IN THE ENTIRE APARTMENT LOCATED AT APT 2B, 2nd STORY, APARTMENT AT NORTH",2007-09-05,19.0,VIOLATION CLOSED,04/18/2022,Reissued,Close,N,2003,2007.0
9277,933,3017980077,2,,,305,LEXINGTON,AVENUE,11216,305 LEXINGTON AVENUE,972,MARCY AVENUE-GREENE AVENUE SITE B,2/12/20,BROOKLYN,30,both,7319918,325050,377394.0,3,3343342.0,305,305,313,LEXINGTON AVENUE,A,2008-06-04,2008-06-08,09/26/2008,09/12/2008,,,,506.0,3305595.0,"§ 27-2005 ADM CODE REPLACE WITH NEW THE MISSING CLOSET DOORS IN THE PRIVATE HALLWAY LOCATED AT APT 1A, 1st STORY, 1st APARTMENT FROM WEST AT NORTH",2008-06-09,19.0,VIOLATION CLOSED,04/11/2022,Original,Close,N,2008,2008.0
9278,933,3017980077,2,,,305,LEXINGTON,AVENUE,11216,305 LEXINGTON AVENUE,972,MARCY AVENUE-GREENE AVENUE SITE B,2/12/20,BROOKLYN,30,both,7319920,325050,377394.0,3,3343342.0,305,305,313,LEXINGTON AVENUE,A,2008-06-04,2008-06-08,09/26/2008,09/12/2008,,,,501.0,3305595.0,"§ 27-2005 ADM CODE PROPERLY REPAIR THE BROKEN OR DEFECTIVE MEDICINE -CABENET AT NORTH WALL IN THE 2nd BATHROOM FROM NORTH AT EAST LOCATED AT APT 1A, 1st STORY",2008-06-09,19.0,VIOLATION CLOSED,04/11/2022,Original,Close,N,2008,2008.0
9279,933,3017980077,2,,,305,LEXINGTON,AVENUE,11216,305 LEXINGTON AVENUE,972,MARCY AVENUE-GREENE AVENUE SITE B,2/12/20,BROOKLYN,30,both,7319921,325050,377394.0,3,3343342.0,305,305,313,LEXINGTON AVENUE,A,2008-06-04,2008-06-08,09/26/2008,09/12/2008,,,,690.0,3305595.0,"§ 27-2041 ADM CODE PROVIDE A PEEP HOLE IN ENTRANCE DOOR OF THE DWELLING UNIT SO LOCATED SO AS TO PERMIT A PERSON INSIDE THE DWELLING TO VIEW ANY PERSON OUTSIDE ENTRANCE DOOR DOOR PEEP-HOLE IN THE ENTRANCE LOCATED AT APT 1A, 1st STORY, 1st APARTMENT FROM WEST AT NORTH",2008-06-09,19.0,VIOLATION CLOSED,04/11/2022,Original,Close,N,2008,2008.0
9280,933,3017980077,2,,,305,LEXINGTON,AVENUE,11216,305 LEXINGTON AVENUE,972,MARCY AVENUE-GREENE AVENUE SITE B,2/12/20,BROOKLYN,30,both,7319922,325050,377394.0,3,3343342.0,305,305,313,LEXINGTON AVENUE,A,2008-06-04,2008-06-08,09/26/2008,09/12/2008,,,,508.0,3305595.0,"§ 27-2005 ADM CODE REPAIR THE BROKEN OR DEFECTIVE PLASTERED SURFACES AND PAINT IN A UNIFORM COLOR ALL WALLS AND CEILINGS IN THE ENTIRE APARTMENT LOCATED AT APT 1A, 1st STORY, 1st APARTMENT FROM WEST AT NORTH",2008-06-09,19.0,VIOLATION CLOSED,04/11/2022,Original,Close,N,2008,2008.0
9281,933,3017980077,2,,,305,LEXINGTON,AVENUE,11216,305 LEXINGTON AVENUE,972,MARCY AVENUE-GREENE AVENUE SITE B,2/12/20,BROOKLYN,30,both,7319923,325050,377394.0,3,3343342.0,305,305,313,LEXINGTON AVENUE,B,2008-06-04,2008-06-08,07/28/2008,07/14/2008,,,,1502.0,3305596.0,"§ 27-2046.1, 2046.2 HMC: PROVIDE AN APPROVED AND OPERATIONAL CARBON MONOXIDE DETECTING DEVICE, INSTALLED IN ACCORDANCE WITH APPLICABLE LAW AND RULES. IN THE ENTIRE APARTMENT LOCATED AT APT 1A, 1st STORY, 1st APARTMENT FROM WEST AT NORTH",2008-06-09,19.0,VIOLATION CLOSED,04/11/2022,Original,Close,N,2008,2008.0
9282,933,3017980077,2,,,305,LEXINGTON,AVENUE,11216,305 LEXINGTON AVENUE,972,MARCY AVENUE-GREENE AVENUE SITE B,2/12/20,BROOKLYN,30,both,7319924,325050,377394.0,3,3343342.0,305,305,313,LEXINGTON AVENUE,B,2008-06-04,2008-06-08,07/28/2008,07/14/2008,,,,566.0,3305596.0,"§ 27-2018 ADM CODE ABATE THE NUISANCE CONSISTING OF VERMIN MICE IN THE ENTIRE APARTMENT LOCATED AT APT 1A, 1st STORY, 1st APARTMENT FROM WEST AT NORTH",2008-06-09,19.0,VIOLATION CLOSED,04/11/2022,Original,Close,N,2008,2008.0
9283,933,3017980077,2,,,305,LEXINGTON,AVENUE,11216,305 LEXINGTON AVENUE,972,MARCY AVENUE-GREENE AVENUE SITE B,2/12/20,BROOKLYN,30,both,7319925,325050,377394.0,3,3343342.0,305,305,313,LEXINGTON AVENUE,B,2008-06-04,2008-06-08,07/28/2008,07/14/2008,,,,566.0,3305596.0,"§ 27-2018 ADM CODE ABATE THE NUISANCE CONSISTING OF VERMIN ROACHES IN THE ENTIRE APARTMENT LOCATED AT APT 1A, 1st STORY, 1st APARTMENT FROM WEST AT NORTH",2008-06-09,19.0,VIOLATION CLOSED,04/11/2022,Original,Close,N,2008,2008.0
9284,933,3017980077,2,,,305,LEXINGTON,AVENUE,11216,305 LEXINGTON AVENUE,972,MARCY AVENUE-GREENE AVENUE SITE B,2/12/20,BROOKLYN,30,both,7319926,325050,377394.0,3,3343342.0,305,305,313,LEXINGTON AVENUE,B,2008-06-04,2008-06-08,07/28/2008,07/14/2008,,,,702.0,3305596.0,"§ 27-2045 ADM CODE REPAIR OR REPLACE THE SMOKE DETECTOR MISSING IN THE ENTIRE APARTMENT LOCATED AT APT 1A, 1st STORY, 1st APARTMENT FROM WEST AT NORTH",2008-06-09,19.0,VIOLATION CLOSED,04/11/2022,Original,Close,N,2008,2008.0
9285,933,3017980077,2,,,305,LEXINGTON,AVENUE,11216,305 LEXINGTON AVENUE,972,MARCY AVENUE-GREENE AVENUE SITE B,2/12/20,BROOKLYN,30,both,7319927,325050,377394.0,3,3343342.0,305,305,313,LEXINGTON AVENUE,B,2008-06-04,2008-06-08,07/28/2008,07/14/2008,,,,596.0,3305596.0,"§ 27-2026 ADM CODE REPLACE THE BROKEN OR DEFECTIVE WATERCLOSET TANK IN THE 1st BATHROOM FROM NORTH AT EAST LOCATED AT APT 1A, 1st STORY, 1st APARTMENT FROM WEST AT NORTH",2008-06-09,19.0,VIOLATION CLOSED,04/11/2022,Original,Close,Y,2008,2008.0
9286,933,3017980077,2,,,305,LEXINGTON,AVENUE,11216,305 LEXINGTON AVENUE,972,MARCY AVENUE-GREENE AVENUE SITE B,2/12/20,BROOKLYN,30,both,7319928,325050,377394.0,3,3343342.0,305,305,313,LEXINGTON AVENUE,A,2008-06-04,2008-06-08,09/26/2008,09/12/2008,,,,596.0,3305595.0,"§ 27-2026 ADM CODE REPLACE THE BROKEN OR DEFECTIVE WATERCLOSET TANK IN THE 2nd BATHROOM FROM NORTH AT EAST LOCATED AT APT 1A, 1st STORY, 1st APARTMENT FROM WEST AT NORTH",2008-06-09,19.0,VIOLATION CLOSED,04/11/2022,Original,Close,Y,2008,2008.0
9287,933,3017980077,2,,,305,LEXINGTON,AVENUE,11216,305 LEXINGTON AVENUE,972,MARCY AVENUE-GREENE AVENUE SITE B,2/12/20,BROOKLYN,30,both,7319929,325050,377394.0,3,3343342.0,305,305,313,LEXINGTON AVENUE,A,2008-06-04,2008-06-08,09/26/2008,09/12/2008,,,,506.0,3305595.0,"§ 27-2005 ADM CODE REPLACE WITH NEW THE MISSING CLOSET DOORS IN THE 1st BEDROOM FROM NORTH AT CENTER LOCATED AT APT 1A, 1st STORY, 1st APARTMENT FROM WEST AT NORTH",2008-06-09,19.0,VIOLATION CLOSED,04/11/2022,Original,Close,N,2008,2008.0
9288,933,3017980077,2,,,305,LEXINGTON,AVENUE,11216,305 LEXINGTON AVENUE,972,MARCY AVENUE-GREENE AVENUE SITE B,2/12/20,BROOKLYN,30,both,7324467,325050,377394.0,3,3343342.0,305,305,313,LEXINGTON AVENUE,B,2008-06-05,2008-06-09,07/29/2008,07/15/2008,,,,502.0,3311020.0,"§ 27-2005 ADM CODE PROPERLY REPAIR WITH SIMILAR MATERIAL THE BROKEN OR DEFECTIVE CERAMIC WALL TILES.ALL WALLS IN THE 1st BATHROOM FROM NORTH AT WEST LOCATED AT APT 3A, 3rd STORY, 1st APARTMENT FROM WEST AT NORTH",2008-06-10,19.0,VIOLATION CLOSED,04/18/2022,Original,Close,N,2008,2008.0
9289,933,3017980077,2,,,305,LEXINGTON,AVENUE,11216,305 LEXINGTON AVENUE,972,MARCY AVENUE-GREENE AVENUE SITE B,2/12/20,BROOKLYN,30,both,7324469,325050,377394.0,3,3343342.0,305,305,313,LEXINGTON AVENUE,B,2008-06-05,2008-06-09,07/29/2008,07/15/2008,,,,593.0,3311020.0,"§ 27-2026 ADM CODE REPAIR THE FLUSHING APPARATUS AND MAINTAIN SAME SO AS TO FLUSH EFFECTIVELY THE WATER CLOSET TOILET IN THE 1st BATHROOM FROM NORTH AT WEST LOCATED AT APT 3A, 3rd STORY, 1st APARTMENT FROM WEST AT NORTH",2008-06-10,19.0,VIOLATION CLOSED,04/18/2022,Original,Close,Y,2008,2008.0
9290,933,3017980077,2,,,305,LEXINGTON,AVENUE,11216,305 LEXINGTON AVENUE,972,MARCY AVENUE-GREENE AVENUE SITE B,2/12/20,BROOKLYN,30,both,7324487,325050,377394.0,3,3343342.0,305,305,313,LEXINGTON AVENUE,B,2008-06-05,2008-06-09,07/29/2008,07/15/2008,,,,501.0,3311020.0,"§ 27-2005 ADM CODE PROPERLY REPAIR THE BROKEN OR DEFECTIVE WEST WALL ELECTRIC OUTLET IN THE 2nd BEDROOM 2 FROM NORTH LOCATED AT APT 3A, 3rd STORY, 1st APARTMENT FROM WEST AT NORTH",2008-06-10,19.0,VIOLATION CLOSED,04/18/2022,Original,Close,N,2008,2008.0
9291,933,3017980077,2,,,305,LEXINGTON,AVENUE,11216,305 LEXINGTON AVENUE,972,MARCY AVENUE-GREENE AVENUE SITE B,2/12/20,BROOKLYN,30,both,7324493,325050,377394.0,3,3343342.0,305,305,313,LEXINGTON AVENUE,B,2008-06-05,2008-06-09,07/29/2008,07/15/2008,,,,501.0,3311020.0,"§ 27-2005 ADM CODE PROPERLY REPAIR THE BROKEN OR DEFECTIVE EAST WALL ELECTRIC OUTLET. IN THE KITCHEN LOCATED AT APT 3A, 3rd STORY, 1st APARTMENT FROM WEST AT NORTH",2008-06-10,19.0,VIOLATION CLOSED,04/18/2022,Original,Close,N,2008,2008.0
9292,933,3017980077,2,,,305,LEXINGTON,AVENUE,11216,305 LEXINGTON AVENUE,972,MARCY AVENUE-GREENE AVENUE SITE B,2/12/20,BROOKLYN,30,both,7324497,325050,377394.0,3,3343342.0,305,305,313,LEXINGTON AVENUE,B,2008-06-05,2008-06-09,07/29/2008,07/15/2008,,,,508.0,3311020.0,"§ 27-2005 ADM CODE REPAIR THE BROKEN OR DEFECTIVE PLASTERED SURFACES AND PAINT IN A UNIFORM COLOR CEILING AND WALLS IN THE ENTIRE APARTMENT LOCATED AT APT 3A, 3rd STORY, 1st APARTMENT FROM WEST AT NORTH",2008-06-10,19.0,VIOLATION CLOSED,04/18/2022,Original,Close,N,2008,2008.0
9293,933,3017980077,2,,,305,LEXINGTON,AVENUE,11216,305 LEXINGTON AVENUE,972,MARCY AVENUE-GREENE AVENUE SITE B,2/12/20,BROOKLYN,30,both,7324501,325050,377394.0,3,3343342.0,305,305,313,LEXINGTON AVENUE,B,2008-06-05,2008-06-09,07/29/2008,07/15/2008,,,,505.0,3311020.0,"§ 27-2005 ADM CODE REPLACE WITH NEW THE BROKEN OR DEFECTIVE INOPERATIVE INTERCOM SYSTEM LOCATED AT APT 3A, 3rd STORY, 1st APARTMENT FROM WEST AT NORTH",2008-06-10,19.0,VIOLATION CLOSED,04/18/2022,Original,Close,N,2008,2008.0
9294,933,3017980077,2,,,305,LEXINGTON,AVENUE,11216,305 LEXINGTON AVENUE,972,MARCY AVENUE-GREENE AVENUE SITE B,2/12/20,BROOKLYN,30,both,7324508,325050,377394.0,3,3343342.0,305,305,313,LEXINGTON AVENUE,B,2008-06-05,2008-06-09,07/29/2008,07/15/2008,,,,505.0,3311020.0,"§ 27-2005 ADM CODE REPLACE WITH NEW THE BROKEN OR DEFECTIVE INOPERATIVE MECHANICAL BATHTUB STOPPER IN THE BATHROOM LOCATED AT APT 3A, 3rd STORY, 1st APARTMENT FROM WEST AT NORTH",2008-06-10,19.0,VIOLATION CLOSED,04/18/2022,Original,Close,N,2008,2008.0
9295,933,3017980077,2,,,305,LEXINGTON,AVENUE,11216,305 LEXINGTON AVENUE,972,MARCY AVENUE-GREENE AVENUE SITE B,2/12/20,BROOKLYN,30,both,7324510,325050,377394.0,3,3343342.0,305,305,313,LEXINGTON AVENUE,B,2008-06-05,2008-06-09,07/29/2008,07/15/2008,,,,566.0,3311020.0,"§ 27-2018 ADM CODE ABATE THE NUISANCE CONSISTING OF VERMIN EVIDENCE OF MICE DROPPING IN THE ENTIRE APARTMENT LOCATED AT APT 3A, 3rd STORY, 1st APARTMENT FROM WEST AT NORTH",2008-06-10,19.0,VIOLATION CLOSED,04/18/2022,Original,Close,N,2008,2008.0
9296,933,3017980077,2,,,305,LEXINGTON,AVENUE,11216,305 LEXINGTON AVENUE,972,MARCY AVENUE-GREENE AVENUE SITE B,2/12/20,BROOKLYN,30,both,7324513,325050,377394.0,3,3343342.0,305,305,313,LEXINGTON AVENUE,B,2008-06-05,2008-06-09,07/29/2008,07/15/2008,,,,507.0,3311020.0,"§ 27-2005 ADM CODE REPAIR THE ROOF SO THAT IT WILL NOT LEAK .. IN THE ENTIRE APARTMENT LOCATED AT APT 3A, 3rd STORY, 1st APARTMENT FROM WEST AT NORTH",2008-06-10,19.0,VIOLATION CLOSED,04/18/2022,Original,Close,Y,2008,2008.0
9345,945,1021160033,1,M,,1970,AMSTERDAM,AVENUE,10032,1970 AMSTERDAM AVENUE,984,MARSHALL PLAZA,1/10/23,MANHATTAN,180,both,15474569,5727,144953.0,1,1076742.0,1970,1968,1978,AMSTERDAM AVENUE,I,2022-11-02,2022-11-02,,,,,,780.0,,"§27-2107 ADM CODE OWNER FAILED TO FILE A VALID REGISTRATION STATEMENT WITH THE DEPARTMENT AS REQUIRED BY ADM CODE §27-2097 AND IS THEREFORE SUBJECT TO CIVIL PENALTIES, PROHIBITED FROM CERTIFYING VIOLATIONS, AND DENIED THE RIGHT TO RECOVER POSSESSION OF PREMISES FOR NONPAYMENT OF RENT UNTIL A VALID REGISTRATION STATEMENT IS FILED.",,9.0,VIOLATION DISMISSED,11/08/2023,,Close,N,2022,
9371,945,1021160033,1,M,,1970,AMSTERDAM,AVENUE,10032,1970 AMSTERDAM AVENUE,984,MARSHALL PLAZA,1/10/23,MANHATTAN,180,both,14846093,5727,144953.0,1,1076742.0,1970,1968,1978,AMSTERDAM AVENUE,A,2022-02-15,2022-02-15,06/04/2022,05/21/2022,,,,1507.0,7642113.0,"(A) § HMC:FILE ANNUAL BEDBUG REPORT IN ACCORDANCE WITH HPD RULE AS DESCRIBED ON THE BACK OF THIS NOTICE OF VIOLATION OR AS DESCRIBED ON HPDS WEBSITE, WWW.NYC.GOV\HPD, SEARCH BED BUGS.",2022-02-15,9.0,VIOLATION DISMISSED,01/05/2024,Original,Close,N,2022,2022.0
9477,947,2041710024,1,M,,3033,MIDDLETOWN,ROAD,10461,3033 MIDDLETOWN ROAD,986,MIDDLETOWN PLAZA,9/26/24,BRONX,179,both,7281363,96365,229060.0,2,2046141.0,3033,3031,3035,MIDDLETOWN ROAD,B,2008-05-08,2008-05-09,06/30/2008,06/16/2008,,,,742.0,3268266.0,"§ 27-2070 ADM CODE PROVIDE AN ADEQUATE SUPPLY OF GAS TO THE FIXTURES STOVE ,SHUT OFF AT VAVLE IN THE KITCHEN LOCATED AT APT 14C, 13th STORY, 2nd APARTMENT FROM EAST AT SOUTH",2008-05-12,2.0,NOV SENT OUT,05/12/2008,Original,Open,Y,2008,2008.0
9478,947,2041710024,1,M,,3033,MIDDLETOWN,ROAD,10461,3033 MIDDLETOWN ROAD,986,MIDDLETOWN PLAZA,9/26/24,BRONX,179,both,7281362,96365,229060.0,2,2046141.0,3033,3031,3035,MIDDLETOWN ROAD,A,2008-05-08,2008-05-09,08/29/2008,08/15/2008,,,,556.0,3268265.0,"§ 27-2013 ADM CODE PAINT WITH LIGHT COLORED PAINT TO THE SATISFACTION OF THIS DEPARTMENT WALLS & CEILINGS IN THE ENTIRE APARTMENT LOCATED AT APT 14C, 13th STORY",2008-05-12,2.0,NOV SENT OUT,05/12/2008,Original,Open,N,2008,2008.0
9479,947,2041710024,1,M,,3033,MIDDLETOWN,ROAD,10461,3033 MIDDLETOWN ROAD,986,MIDDLETOWN PLAZA,9/26/24,BRONX,179,both,7281364,96365,229060.0,2,2046141.0,3033,3031,3035,MIDDLETOWN ROAD,B,2008-05-08,2008-05-09,06/30/2008,06/16/2008,,,,593.0,3268266.0,"§ 27-2026 ADM CODE REPAIR THE FLUSHING APPARATUS AND MAINTAIN SAME SO AS TO FLUSH EFFECTIVELY THE WATER CLOSET .. IN THE BATHROOM LOCATED AT APT 14C, 13th STORY, 2nd APARTMENT FROM EAST AT SOUTH",2008-05-12,2.0,NOV SENT OUT,05/12/2008,Original,Open,Y,2008,2008.0
9932,963,4160020001,16,M,,54-22,BEACH CHANNEL,DRIVE,11692,54-22 BEACH CHANNEL DRIVE,995,OCEAN BAY (BAYSIDE),12/31/16,QUEENS,1395,both,338569,811218,432095.0,4,4436451.0,54-22,54-22,54-22,BEACH CHANNEL DRIVE,A,1982-05-07,1982-05-07,09/02/1982,08/26/1982,,,,772.0,105532.0,D26-41.03 ADM CODE FILE WITH THIS DEPARTMENT A REGISTRATION AND OCCUPANCY STATEMENT OF BUILDING.,1982-05-10,9.0,VIOLATION DISMISSED,03/10/2015,Original,Close,Y,1982,1982.0
9963,964,4160020001,17,M,,54-30,BEACH CHANNEL,DRIVE,11692,54-30 BEACH CHANNEL DRIVE,995,OCEAN BAY (BAYSIDE),12/31/16,QUEENS,1395,both,338570,811219,432087.0,4,4436452.0,54-30,54-30,54-30,BEACH CHANNEL DRIVE,A,1982-05-07,1982-05-07,09/02/1982,08/26/1982,,,,772.0,105533.0,D26-41.03 ADM CODE FILE WITH THIS DEPARTMENT A REGISTRATION AND OCCUPANCY STATEMENT OF BUILDING.,1982-05-10,9.0,VIOLATION DISMISSED,03/10/2015,Original,Close,Y,1982,1982.0
10118,965,4160020001,18,M,,56-10,BEACH CHANNEL,DRIVE,11692,56-10 BEACH CHANNEL DRIVE,995,OCEAN BAY (BAYSIDE),12/31/16,QUEENS,1395,both,9322516,637117,432086.0,4,4436453.0,56-10,56-10,56-10,BEACH CHANNEL DRIVE,B,2012-02-09,2012-02-10,04/04/2012,03/21/2012,,,,510.0,4356484.0,"§ 27-2005 ADM CODE & 309 M/D LAW ABATE THE NUISANCE CONSISTING OF WATER LEAKS WAST LINE CEILING IN THE BATHROOM LOCATED AT APT 6A, 6th STORY",2012-02-15,19.0,VIOLATION CLOSED,07/19/2013,Original,Close,N,2012,2012.0
10204,966,4160020001,19,M,,56-16,BEACH CHANNEL,DRIVE,11692,56-16 BEACH CHANNEL DRIVE,995,OCEAN BAY (BAYSIDE),12/31/16,QUEENS,1395,both,10615249,955148,432085.0,4,4436454.0,56-16,56-16,56-16,BEACH CHANNEL DRIVE,I,2015-03-05,2015-03-05,,,,,,780.0,,"§27-2107 ADM CODE OWNER FAILED TO FILE A VALID REGISTRATION STATEMENT WITH THE DEPARTMENT AS REQUIRED BY ADM CODE §27-2097 AND IS THEREFORE SUBJECT TO CIVIL PENALTIES, PROHIBITED FROM CERTIFYING VIOLATIONS, AND DENIED THE RIGHT TO RECOVER POSSESSION OF PREMISES FOR NONPAYMENT OF RENT UNTIL A VALID REGISTRATION STATEMENT IS FILED.",,19.0,VIOLATION CLOSED,12/12/2016,,Close,N,2015,
10205,966,4160020001,19,M,,56-16,BEACH CHANNEL,DRIVE,11692,56-16 BEACH CHANNEL DRIVE,995,OCEAN BAY (BAYSIDE),12/31/16,QUEENS,1395,both,10971911,955148,432085.0,4,4436454.0,56-16,56-16,56-16,BEACH CHANNEL DRIVE,I,2015-10-20,2015-10-20,,,,,,780.0,,"§27-2107 ADM CODE OWNER FAILED TO FILE A VALID REGISTRATION STATEMENT WITH THE DEPARTMENT AS REQUIRED BY ADM CODE §27-2097 AND IS THEREFORE SUBJECT TO CIVIL PENALTIES, PROHIBITED FROM CERTIFYING VIOLATIONS, AND DENIED THE RIGHT TO RECOVER POSSESSION OF PREMISES FOR NONPAYMENT OF RENT UNTIL A VALID REGISTRATION STATEMENT IS FILED.",,19.0,VIOLATION CLOSED,12/12/2016,,Close,N,2015,
10206,966,4160020001,19,M,,56-16,BEACH CHANNEL,DRIVE,11692,56-16 BEACH CHANNEL DRIVE,995,OCEAN BAY (BAYSIDE),12/31/16,QUEENS,1395,both,11549243,955148,432085.0,4,4436454.0,56-16,56-16,56-16,BEACH CHANNEL DRIVE,I,2016-11-29,2016-11-29,,,,,,780.0,,"§27-2107 ADM CODE OWNER FAILED TO FILE A VALID REGISTRATION STATEMENT WITH THE DEPARTMENT AS REQUIRED BY ADM CODE §27-2097 AND IS THEREFORE SUBJECT TO CIVIL PENALTIES, PROHIBITED FROM CERTIFYING VIOLATIONS, AND DENIED THE RIGHT TO RECOVER POSSESSION OF PREMISES FOR NONPAYMENT OF RENT UNTIL A VALID REGISTRATION STATEMENT IS FILED.",,19.0,VIOLATION CLOSED,12/12/2016,,Close,N,2016,
10402,970,4160010002,21,M,,441,BEACH 51,STREET,11691,441 BEACH 51 STREET,996,OCEAN BAY (BAYSIDE),12/31/16,QUEENS,1395,both,338999,811245,432082.0,4,4436437.0,441,441,445,BEACH 51 STREET,B,1991-01-29,1991-01-29,04/15/1991,04/08/1991,,,,501.0,105702.0,"§ 27-2005 ADM CODE PROPERLY REPAIR THE BROKEN OR DEFECTIVE CABINET UNDER SINK KITCHEN 2 STY APT 2C . , SECTION '' ''",1991-02-19,19.0,VIOLATION CLOSED,12/09/2016,Original,Close,N,1991,1991.0
10403,970,4160010002,21,M,,441,BEACH 51,STREET,11691,441 BEACH 51 STREET,996,OCEAN BAY (BAYSIDE),12/31/16,QUEENS,1395,both,339000,811245,432082.0,4,4436437.0,441,441,445,BEACH 51 STREET,B,1991-01-29,1991-01-29,04/15/1991,04/08/1991,,,,501.0,105702.0,"§ 27-2005 ADM CODE PROPERLY REPAIR THE BROKEN OR DEFECTIVE WALL ELECTRICAL OUTLET REAR ROOMS 2 STY APT 2C. , SECTION '' ''",1991-02-19,19.0,VIOLATION CLOSED,12/09/2016,Original,Close,N,1991,1991.0
10405,970,4160010002,21,M,,441,BEACH 51,STREET,11691,441 BEACH 51 STREET,996,OCEAN BAY (BAYSIDE),12/31/16,QUEENS,1395,both,338998,811245,432082.0,4,4436437.0,441,441,445,BEACH 51 STREET,B,1991-01-29,1991-01-29,04/15/1991,04/08/1991,,,,505.0,105702.0,"§ 27-2005 ADM CODE REPLACE WITH NEW THE BROKEN OR DEFECTIVE BATHROOM DOOR 2 STY APT 2C. , SECTION '' ''",1991-02-19,19.0,VIOLATION CLOSED,12/09/2016,Original,Close,N,1991,1991.0
10442,972,4160010002,22,,,430,BEACH 54,STREET,11692,430 BEACH 54 STREET,996,OCEAN BAY (BAYSIDE),12/31/16,QUEENS,1395,both,8618104,811248,432078.0,4,4436439.0,430,430,444,BEACH 54 STREET,B,2010-09-23,2010-09-27,11/16/2010,11/02/2010,,,,702.0,4024602.0,"§ 27-2045 ADM CODE REPAIR OR REPLACE THE SMOKE DETECTOR MISSING LOCATED AT APT 7C, 7th STORY, 2nd APARTMENT FROM EAST AT SOUTH",2010-09-28,19.0,VIOLATION CLOSED,08/02/2016,Original,Close,N,2010,2010.0
10443,972,4160010002,22,,,430,BEACH 54,STREET,11692,430 BEACH 54 STREET,996,OCEAN BAY (BAYSIDE),12/31/16,QUEENS,1395,both,8618123,811248,432078.0,4,4436439.0,430,430,444,BEACH 54 STREET,B,2010-09-23,2010-09-27,11/16/2010,11/02/2010,,,,1503.0,4024602.0,"§ 27-2046.1 HMC: REPAIR OR REPLACE THE CARBON MONOXIDE DETECTING DEVICE(S). MISSING LOCATED AT APT 7C, 7th STORY, 2nd APARTMENT FROM EAST AT SOUTH",2010-09-28,19.0,VIOLATION CLOSED,08/02/2016,Original,Close,N,2010,2010.0
10473,976,4160020001,23,M,,439,BEACH 54,STREET,11692,439 BEACH 54 STREET,995,OCEAN BAY (BAYSIDE),12/31/16,QUEENS,1395,both,339001,811249,432101.0,4,4436448.0,439,439,447,BEACH 54 STREET,B,1998-07-22,1998-07-22,10/05/1998,09/28/1998,,,,507.0,105703.0,"§ 27-2005 ADM CODE REPAIR THE ROOF SO THAT IT WILL NOT LEAK OVER 9 STY APT 9D SOUTH SECTION. , SECTION '' ''",1998-08-11,19.0,VIOLATION CLOSED,12/09/2016,Original,Close,Y,1998,1998.0
10474,976,4160020001,23,M,,439,BEACH 54,STREET,11692,439 BEACH 54 STREET,995,OCEAN BAY (BAYSIDE),12/31/16,QUEENS,1395,both,339003,811249,432101.0,4,4436448.0,439,439,447,BEACH 54 STREET,B,1998-07-22,1998-07-22,10/05/1998,09/28/1998,,,,702.0,105703.0,"§ 27-2045 ADM CODE REPAIR OR REPLACE THE SMOKE DETECTOR DEFECTIVE 9 STY APT 9D CLARK. , SECTION '' ''",1998-08-11,19.0,VIOLATION CLOSED,12/09/2016,Original,Close,N,1998,1998.0
10514,976,4160020001,23,M,,439,BEACH 54,STREET,11692,439 BEACH 54 STREET,995,OCEAN BAY (BAYSIDE),12/31/16,QUEENS,1395,both,339002,811249,432101.0,4,4436448.0,439,439,447,BEACH 54 STREET,B,1998-07-22,1998-07-22,10/05/1998,09/28/1998,,,,508.0,105703.0,"§ 27-2005 ADM CODE REPAIR THE BROKEN OR DEFECTIVE PLASTERED SURFACES AND PAINT IN A UNIFORM COLOR WALLS AND CEILING BATHROOM PRIVATE HALL AND SOUTH EAST ROOM 9 STY APT 9D. , SECTION '' ''",1998-08-11,19.0,VIOLATION CLOSED,12/09/2016,Original,Close,N,1998,1998.0
10583,979,4160020001,24,M,,434,BEACH 58,STREET,11692,434 BEACH 58 STREET,995,OCEAN BAY (BAYSIDE),12/31/16,QUEENS,1395,both,338040,811183,432089.0,4,4436450.0,434,434,440,BEACH 58 STREET,A,1982-05-07,1982-05-07,09/02/1982,08/26/1982,,,,772.0,105315.0,D26-41.03 ADM CODE FILE WITH THIS DEPARTMENT A REGISTRATION AND OCCUPANCY STATEMENT OF BUILDING.,1982-05-10,9.0,VIOLATION DISMISSED,03/10/2015,Original,Close,Y,1982,1982.0
11188,988,3014310037,1,M,,2041,PACIFIC,STREET,11233,2041 PACIFIC STREET,1027,OCEAN HILL-BROWNSVILLE,11/28/23,BROOKLYN,125,both,10557037,349919,390950.0,3,3038518.0,2041,2041,2041,PACIFIC STREET,B,2015-02-13,2015-02-16,04/07/2015,03/24/2015,,,,508.0,5019325.0,"§ 27-2005 ADM CODE REPAIR THE BROKEN OR DEFECTIVE PLASTERED SURFACES AND PAINT IN A UNIFORM COLOR CEILING IN THE 1st ROOM FROM NORTH AT EAST LOCATED AT APT 1A, 1st STORY, 2nd APARTMENT FROM NORTH AT EAST",2015-02-17,2.0,NOV SENT OUT,02/17/2015,Original,Open,N,2015,2015.0
11189,988,3014310037,1,M,,2041,PACIFIC,STREET,11233,2041 PACIFIC STREET,1027,OCEAN HILL-BROWNSVILLE,11/28/23,BROOKLYN,125,both,10557038,349919,390950.0,3,3038518.0,2041,2041,2041,PACIFIC STREET,B,2015-02-13,2015-02-16,04/07/2015,03/24/2015,,,,508.0,5019325.0,"§ 27-2005 ADM CODE REPAIR THE BROKEN OR DEFECTIVE PLASTERED SURFACES AND PAINT IN A UNIFORM COLOR WALLS IN THE 1st ROOM FROM NORTH AT EAST LOCATED AT APT 1A, 1st STORY, 2nd APARTMENT FROM NORTH AT EAST",2015-02-17,2.0,NOV SENT OUT,02/17/2015,Original,Open,N,2015,2015.0
11214,988,3014310037,1,M,,2041,PACIFIC,STREET,11233,2041 PACIFIC STREET,1027,OCEAN HILL-BROWNSVILLE,11/28/23,BROOKLYN,125,both,8056360,349919,390950.0,3,3038518.0,2041,2041,2041,PACIFIC STREET,B,2009-09-07,2009-09-15,11/04/2009,10/21/2009,,,,686.0,3750471.0,§ 27-2040 ADM CODE PROVIDE ADEQUATE LIGHTING AT OR NEAR THE OUTSIDE OF THE FRONT ENTRANCEWAY OF THE BUILDING AND KEEP SAME BURNING FROM SUNSET EVERY DAY TO SUNRISE ON THE DAY FOLLOWING ***MINIMUM 100 WATTS REQUIRED***,2009-09-16,19.0,VIOLATION CLOSED,05/26/2023,Original,Close,N,2009,2009.0
11217,988,3014310037,1,M,,2041,PACIFIC,STREET,11233,2041 PACIFIC STREET,1027,OCEAN HILL-BROWNSVILLE,11/28/23,BROOKLYN,125,both,10557039,349919,390950.0,3,3038518.0,2041,2041,2041,PACIFIC STREET,B,2015-02-13,2015-02-16,04/07/2015,03/24/2015,,,,550.0,5019325.0,"§ 27-2005 HMC:TRACE AND REPAIR THE SOURCE AND ABATE THE NUISANCE CONSISTING OF MOLD ... ON CEILING 4 SQ / FT IN THE 1st ROOM FROM NORTH AT EAST LOCATED AT APT 1A, 1st STORY, 2nd APARTMENT FROM NORTH AT EAST",2015-02-17,2.0,NOV SENT OUT,02/17/2015,Original,Open,N,2015,2015.0
11260,990,3014310043,2,M,,334,HOWARD,AVENUE,11233,334 HOWARD AVENUE,1028,OCEAN HILL-BROWNSVILLE,11/28/23,BROOKLYN,125,both,10578651,314093,344519.0,3,3038520.0,334,332,336,HOWARD AVENUE,I,2015-02-23,2015-02-23,,,,,,780.0,,"§27-2107 ADM CODE OWNER FAILED TO FILE A VALID REGISTRATION STATEMENT WITH THE DEPARTMENT AS REQUIRED BY ADM CODE §27-2097 AND IS THEREFORE SUBJECT TO CIVIL PENALTIES, PROHIBITED FROM CERTIFYING VIOLATIONS, AND DENIED THE RIGHT TO RECOVER POSSESSION OF PREMISES FOR NONPAYMENT OF RENT UNTIL A VALID REGISTRATION STATEMENT IS FILED.",,9.0,VIOLATION DISMISSED,06/15/2017,,Close,N,2015,
11261,990,3014310043,2,M,,334,HOWARD,AVENUE,11233,334 HOWARD AVENUE,1028,OCEAN HILL-BROWNSVILLE,11/28/23,BROOKLYN,125,both,10928102,314093,344519.0,3,3038520.0,334,332,336,HOWARD AVENUE,I,2015-10-09,2015-10-09,,,,,,780.0,,"§27-2107 ADM CODE OWNER FAILED TO FILE A VALID REGISTRATION STATEMENT WITH THE DEPARTMENT AS REQUIRED BY ADM CODE §27-2097 AND IS THEREFORE SUBJECT TO CIVIL PENALTIES, PROHIBITED FROM CERTIFYING VIOLATIONS, AND DENIED THE RIGHT TO RECOVER POSSESSION OF PREMISES FOR NONPAYMENT OF RENT UNTIL A VALID REGISTRATION STATEMENT IS FILED.",,9.0,VIOLATION DISMISSED,06/15/2017,,Close,N,2015,
11262,990,3014310043,2,M,,334,HOWARD,AVENUE,11233,334 HOWARD AVENUE,1028,OCEAN HILL-BROWNSVILLE,11/28/23,BROOKLYN,125,both,11496484,314093,344519.0,3,3038520.0,334,332,336,HOWARD AVENUE,I,2016-11-09,2016-11-09,,,,,,780.0,,"§27-2107 ADM CODE OWNER FAILED TO FILE A VALID REGISTRATION STATEMENT WITH THE DEPARTMENT AS REQUIRED BY ADM CODE §27-2097 AND IS THEREFORE SUBJECT TO CIVIL PENALTIES, PROHIBITED FROM CERTIFYING VIOLATIONS, AND DENIED THE RIGHT TO RECOVER POSSESSION OF PREMISES FOR NONPAYMENT OF RENT UNTIL A VALID REGISTRATION STATEMENT IS FILED.",,9.0,VIOLATION DISMISSED,06/15/2017,,Close,N,2016,
11281,991,3014310039,3,M,,324,HOWARD,AVENUE,11233,324 HOWARD AVENUE,1030,OCEAN HILL-BROWNSVILLE,11/28/23,BROOKLYN,125,both,10578521,314092,340929.0,3,3038519.0,324,324,330,HOWARD AVENUE,I,2015-02-23,2015-02-23,,,,,,780.0,,"§27-2107 ADM CODE OWNER FAILED TO FILE A VALID REGISTRATION STATEMENT WITH THE DEPARTMENT AS REQUIRED BY ADM CODE §27-2097 AND IS THEREFORE SUBJECT TO CIVIL PENALTIES, PROHIBITED FROM CERTIFYING VIOLATIONS, AND DENIED THE RIGHT TO RECOVER POSSESSION OF PREMISES FOR NONPAYMENT OF RENT UNTIL A VALID REGISTRATION STATEMENT IS FILED.",,9.0,VIOLATION DISMISSED,06/15/2017,,Close,N,2015,
11282,991,3014310039,3,M,,324,HOWARD,AVENUE,11233,324 HOWARD AVENUE,1030,OCEAN HILL-BROWNSVILLE,11/28/23,BROOKLYN,125,both,10927867,314092,340929.0,3,3038519.0,324,324,330,HOWARD AVENUE,I,2015-10-09,2015-10-09,,,,,,780.0,,"§27-2107 ADM CODE OWNER FAILED TO FILE A VALID REGISTRATION STATEMENT WITH THE DEPARTMENT AS REQUIRED BY ADM CODE §27-2097 AND IS THEREFORE SUBJECT TO CIVIL PENALTIES, PROHIBITED FROM CERTIFYING VIOLATIONS, AND DENIED THE RIGHT TO RECOVER POSSESSION OF PREMISES FOR NONPAYMENT OF RENT UNTIL A VALID REGISTRATION STATEMENT IS FILED.",,9.0,VIOLATION DISMISSED,06/15/2017,,Close,N,2015,
11305,991,3014310039,3,M,,324,HOWARD,AVENUE,11233,324 HOWARD AVENUE,1030,OCEAN HILL-BROWNSVILLE,11/28/23,BROOKLYN,125,both,11496375,314092,340929.0,3,3038519.0,324,324,330,HOWARD AVENUE,I,2016-11-09,2016-11-09,,,,,,780.0,,"§27-2107 ADM CODE OWNER FAILED TO FILE A VALID REGISTRATION STATEMENT WITH THE DEPARTMENT AS REQUIRED BY ADM CODE §27-2097 AND IS THEREFORE SUBJECT TO CIVIL PENALTIES, PROHIBITED FROM CERTIFYING VIOLATIONS, AND DENIED THE RIGHT TO RECOVER POSSESSION OF PREMISES FOR NONPAYMENT OF RENT UNTIL A VALID REGISTRATION STATEMENT IS FILED.",,9.0,VIOLATION DISMISSED,06/15/2017,,Close,N,2016,
11341,993,3014390001,5,M,,2065,DEAN,STREET,11233,2065 DEAN STREET,1032,OCEAN HILL-BROWNSVILLE,11/28/23,BROOKLYN,125,both,11155892,314099,312610.0,3,3038671.0,2065,2065,2065,DEAN STREET,A,2016-03-14,2016-03-15,07/03/2016,06/19/2016,,,,529.0,5387776.0,"§ 27-2005 ADM CODE REFIT THE UPPER AND LOWER SASHES AT NORTH 1 WINDOW IN THE 5th ROOM FROM EAST AT NORTH LOCATED AT APT 1C, 1st STORY, 1st APARTMENT FROM NORTH AT EAST",2016-03-16,19.0,VIOLATION CLOSED,08/07/2023,Original,Close,N,2016,2016.0
11342,993,3014390001,5,M,,2065,DEAN,STREET,11233,2065 DEAN STREET,1032,OCEAN HILL-BROWNSVILLE,11/28/23,BROOKLYN,125,both,11155905,314099,312610.0,3,3038671.0,2065,2065,2065,DEAN STREET,B,2016-03-14,2016-03-15,05/04/2016,04/20/2016,,,,504.0,5387777.0,"§ 27-2005 ADM CODE PROVIDE MECHANICAL VENTILATOR AT THE CEILING IN THE KITCHEN LOCATED AT APT 1C, 1st STORY, 1st APARTMENT FROM NORTH AT EAST",2016-03-16,19.0,VIOLATION CLOSED,08/07/2023,Original,Close,N,2016,2016.0
11343,993,3014390001,5,M,,2065,DEAN,STREET,11233,2065 DEAN STREET,1032,OCEAN HILL-BROWNSVILLE,11/28/23,BROOKLYN,125,both,11155898,314099,312610.0,3,3038671.0,2065,2065,2065,DEAN STREET,B,2016-03-14,2016-03-15,05/04/2016,04/20/2016,,,,508.0,5387777.0,"§ 27-2005 ADM CODE REPAIR THE BROKEN OR DEFECTIVE PLASTERED SURFACES AND PAINT IN A UNIFORM COLOR THE EAST WALL IN THE CLOSET AT SOUTH IN THE 1st ROOM FROM EAST AT NORTH LOCATED AT APT 1C, 1st STORY, 1st APARTMENT FROM NORTH AT EAST",2016-03-16,19.0,VIOLATION CLOSED,08/07/2023,Original,Close,N,2016,2016.0
11360,993,3014390001,5,M,,2065,DEAN,STREET,11233,2065 DEAN STREET,1032,OCEAN HILL-BROWNSVILLE,11/28/23,BROOKLYN,125,both,9752371,314099,312610.0,3,3038671.0,2065,2065,2065,DEAN STREET,B,2013-02-27,2013-02-28,04/19/2013,04/05/2013,,,,501.0,4576770.0,"§ 27-2005 ADM CODE PROPERLY REPAIR THE BROKEN OR DEFECTIVE SPRINGBALANCE LOWER SASH AT SOUTH ONE AND TWO WINDOW IN THE 1st ROOM FROM EAST LOCATED AT APT 2A, 2nd STORY, 2nd APARTMENT FROM EAST AT SOUTH",2013-03-01,19.0,VIOLATION CLOSED,08/07/2023,Original,Close,N,2013,2013.0
11365,993,3014390001,5,M,,2065,DEAN,STREET,11233,2065 DEAN STREET,1032,OCEAN HILL-BROWNSVILLE,11/28/23,BROOKLYN,125,both,11155884,314099,312610.0,3,3038671.0,2065,2065,2065,DEAN STREET,B,2016-03-14,2016-03-15,05/04/2016,04/20/2016,,,,508.0,5387777.0,"§ 27-2005 ADM CODE REPAIR THE BROKEN OR DEFECTIVE PLASTERED SURFACES AND PAINT IN A UNIFORM COLOR THE CEILING IN THE KITCHEN LOCATED AT APT 1C, 1st STORY, 1st APARTMENT FROM NORTH AT EAST",2016-03-16,19.0,VIOLATION CLOSED,08/07/2023,Original,Close,N,2016,2016.0
11394,993,3014390001,5,M,,2065,DEAN,STREET,11233,2065 DEAN STREET,1032,OCEAN HILL-BROWNSVILLE,11/28/23,BROOKLYN,125,both,11155886,314099,312610.0,3,3038671.0,2065,2065,2065,DEAN STREET,B,2016-03-14,2016-03-15,05/04/2016,04/20/2016,,,,508.0,5387777.0,"§ 27-2005 ADM CODE REPAIR THE BROKEN OR DEFECTIVE PLASTERED SURFACES AND PAINT IN A UNIFORM COLOR THE CEILING IN THE 1st ROOM FROM EAST AT NORTH LOCATED AT APT 1C, 1st STORY, 1st APARTMENT FROM NORTH AT EAST",2016-03-16,19.0,VIOLATION CLOSED,08/07/2023,Original,Close,N,2016,2016.0
11395,993,3014390001,5,M,,2065,DEAN,STREET,11233,2065 DEAN STREET,1032,OCEAN HILL-BROWNSVILLE,11/28/23,BROOKLYN,125,both,11155893,314099,312610.0,3,3038671.0,2065,2065,2065,DEAN STREET,A,2016-03-14,2016-03-15,07/03/2016,06/19/2016,,,,529.0,5387776.0,"§ 27-2005 ADM CODE REFIT THE UPPER AND LOWER SASHES AT NORTH 2 WINDOW IN THE 5th ROOM FROM EAST AT NORTH LOCATED AT APT 1C, 1st STORY, 1st APARTMENT FROM NORTH AT EAST",2016-03-16,19.0,VIOLATION CLOSED,08/07/2023,Original,Close,N,2016,2016.0
11396,993,3014390001,5,M,,2065,DEAN,STREET,11233,2065 DEAN STREET,1032,OCEAN HILL-BROWNSVILLE,11/28/23,BROOKLYN,125,both,11155897,314099,312610.0,3,3038671.0,2065,2065,2065,DEAN STREET,B,2016-03-14,2016-03-15,05/04/2016,04/20/2016,,,,502.0,5387777.0,"§ 27-2005 ADM CODE PROPERLY REPAIR WITH SIMILAR MATERIAL THE BROKEN OR DEFECTIVE WOOD AND VINYL TILE FLOOR IN THE ENTIRE APARTMENT LOCATED AT APT 1C, 1st STORY, 1st APARTMENT FROM NORTH AT EAST",2016-03-16,19.0,VIOLATION CLOSED,08/07/2023,Original,Close,N,2016,2016.0
11397,993,3014390001,5,M,,2065,DEAN,STREET,11233,2065 DEAN STREET,1032,OCEAN HILL-BROWNSVILLE,11/28/23,BROOKLYN,125,both,11155900,314099,312610.0,3,3038671.0,2065,2065,2065,DEAN STREET,B,2016-03-14,2016-03-15,05/04/2016,04/20/2016,,,,522.0,5387777.0,"§ 27-2005, 2007 ADM CODE FIRE EGRESS DEFECTIVE. REMOVE OBSTRUCTING BARS OR UNLAWFUL GATES FROM AT LEAST 1 WINDOW OR PROVIDE APPROVED TYPE GATE IN THE ENTIRE APARTMENT LOCATED AT APT 1C, 1st STORY, 1st APARTMENT FROM NORTH AT EAST",2016-03-16,19.0,VIOLATION CLOSED,08/07/2023,Original,Close,N,2016,2016.0
11441,996,1017710010,2,M,EAST,115,122,STREET,10035,115 EAST 122 STREET,1035,"PARK AVENUE-EAST 112ND, 123RD STREETS",11/30/20,MANHATTAN,90,both,7266675,20371,144826.0,1,1054411.0,115,115,131,EAST 122 STREET,B,2008-04-29,2008-04-30,06/19/2008,06/05/2008,,,,566.0,3261545.0,"§ 27-2018 ADM CODE ABATE THE NUISANCE CONSISTING OF VERMIN MICE IN THE ENTIRE APARTMENT LOCATED AT APT 5E, 5th STORY, 2nd APARTMENT FROM EAST AT SOUTH",2008-05-01,9.0,VIOLATION DISMISSED,06/23/2024,Original,Close,N,2008,2008.0
11454,996,1017710010,2,M,EAST,115,122,STREET,10035,115 EAST 122 STREET,1035,"PARK AVENUE-EAST 112ND, 123RD STREETS",11/30/20,MANHATTAN,90,both,7266672,20371,144826.0,1,1054411.0,115,115,131,EAST 122 STREET,B,2008-04-29,2008-04-30,06/19/2008,06/05/2008,,,,566.0,3261545.0,"§ 27-2018 ADM CODE ABATE THE NUISANCE CONSISTING OF VERMIN ROACHES IN THE ENTIRE APARTMENT LOCATED AT APT 5E, 5th STORY, 2nd APARTMENT FROM EAST AT SOUTH",2008-05-01,9.0,VIOLATION DISMISSED,06/23/2024,Original,Close,N,2008,2008.0
11455,996,1017710010,2,M,EAST,115,122,STREET,10035,115 EAST 122 STREET,1035,"PARK AVENUE-EAST 112ND, 123RD STREETS",11/30/20,MANHATTAN,90,both,7266673,20371,144826.0,1,1054411.0,115,115,131,EAST 122 STREET,B,2008-04-29,2008-04-30,06/19/2008,06/05/2008,,,,502.0,3261545.0,"§ 27-2005 ADM CODE PROPERLY REPAIR WITH SIMILAR MATERIAL THE BROKEN OR DEFECTIVE WOOD FLOOR IN THE 3rd ROOM FROM EAST LOCATED AT APT 5E, 5th STORY, 2nd APARTMENT FROM EAST AT SOUTH",2008-05-01,19.0,VIOLATION CLOSED,06/22/2024,Original,Close,N,2008,2008.0
11456,996,1017710010,2,M,EAST,115,122,STREET,10035,115 EAST 122 STREET,1035,"PARK AVENUE-EAST 112ND, 123RD STREETS",11/30/20,MANHATTAN,90,both,7266674,20371,144826.0,1,1054411.0,115,115,131,EAST 122 STREET,C,2008-04-29,2008-04-30,05/12/2008,05/07/2008,,,,508.0,3261546.0,"§ 27-2005 ADM CODE REPAIR THE BROKEN OR DEFECTIVE PLASTERED SURFACES AND PAINT IN A UNIFORM COLOR CEILING IN THE 2nd ROOM FROM EAST LOCATED AT APT 5E, 5th STORY, 2nd APARTMENT FROM EAST AT SOUTH",2008-05-01,19.0,VIOLATION CLOSED,06/22/2024,Original,Close,N,2008,2008.0
11493,999,3013730034,1,M,,1468,PARK,PLACE,11213,1468 PARK PLACE,1038,PARK ROCK REHAB,11/28/23,BROOKLYN,134,both,11505310,351576,317091.0,3,3036563.0,1468,1468,1468,PARK PLACE,I,2016-11-14,2016-11-14,,,,,,780.0,,"§27-2107 ADM CODE OWNER FAILED TO FILE A VALID REGISTRATION STATEMENT WITH THE DEPARTMENT AS REQUIRED BY ADM CODE §27-2097 AND IS THEREFORE SUBJECT TO CIVIL PENALTIES, PROHIBITED FROM CERTIFYING VIOLATIONS, AND DENIED THE RIGHT TO RECOVER POSSESSION OF PREMISES FOR NONPAYMENT OF RENT UNTIL A VALID REGISTRATION STATEMENT IS FILED.",,9.0,VIOLATION DISMISSED,06/15/2017,,Close,N,2016,
11500,999,3013730034,1,M,,1468,PARK,PLACE,11213,1468 PARK PLACE,1038,PARK ROCK REHAB,11/28/23,BROOKLYN,134,both,10581794,351576,317091.0,3,3036563.0,1468,1468,1468,PARK PLACE,I,2015-02-24,2015-02-24,,,,,,780.0,,"§27-2107 ADM CODE OWNER FAILED TO FILE A VALID REGISTRATION STATEMENT WITH THE DEPARTMENT AS REQUIRED BY ADM CODE §27-2097 AND IS THEREFORE SUBJECT TO CIVIL PENALTIES, PROHIBITED FROM CERTIFYING VIOLATIONS, AND DENIED THE RIGHT TO RECOVER POSSESSION OF PREMISES FOR NONPAYMENT OF RENT UNTIL A VALID REGISTRATION STATEMENT IS FILED.",,9.0,VIOLATION DISMISSED,06/15/2017,,Close,N,2015,
11501,999,3013730034,1,M,,1468,PARK,PLACE,11213,1468 PARK PLACE,1038,PARK ROCK REHAB,11/28/23,BROOKLYN,134,both,10934580,351576,317091.0,3,3036563.0,1468,1468,1468,PARK PLACE,I,2015-10-13,2015-10-13,,,,,,780.0,,"§27-2107 ADM CODE OWNER FAILED TO FILE A VALID REGISTRATION STATEMENT WITH THE DEPARTMENT AS REQUIRED BY ADM CODE §27-2097 AND IS THEREFORE SUBJECT TO CIVIL PENALTIES, PROHIBITED FROM CERTIFYING VIOLATIONS, AND DENIED THE RIGHT TO RECOVER POSSESSION OF PREMISES FOR NONPAYMENT OF RENT UNTIL A VALID REGISTRATION STATEMENT IS FILED.",,9.0,VIOLATION DISMISSED,06/15/2017,,Close,N,2015,
11559,1000,3013730037,2,M,,1474,PARK,PLACE,11213,1474 PARK PLACE,1039,PARK ROCK REHAB,11/28/23,BROOKLYN,134,both,10934581,351577,317092.0,3,3036564.0,1474,1474,1474,PARK PLACE,I,2015-10-13,2015-10-13,,,,,,780.0,,"§27-2107 ADM CODE OWNER FAILED TO FILE A VALID REGISTRATION STATEMENT WITH THE DEPARTMENT AS REQUIRED BY ADM CODE §27-2097 AND IS THEREFORE SUBJECT TO CIVIL PENALTIES, PROHIBITED FROM CERTIFYING VIOLATIONS, AND DENIED THE RIGHT TO RECOVER POSSESSION OF PREMISES FOR NONPAYMENT OF RENT UNTIL A VALID REGISTRATION STATEMENT IS FILED.",,9.0,VIOLATION DISMISSED,06/15/2017,,Close,N,2015,
11574,1000,3013730037,2,M,,1474,PARK,PLACE,11213,1474 PARK PLACE,1039,PARK ROCK REHAB,11/28/23,BROOKLYN,134,both,10581795,351577,317092.0,3,3036564.0,1474,1474,1474,PARK PLACE,I,2015-02-24,2015-02-24,,,,,,780.0,,"§27-2107 ADM CODE OWNER FAILED TO FILE A VALID REGISTRATION STATEMENT WITH THE DEPARTMENT AS REQUIRED BY ADM CODE §27-2097 AND IS THEREFORE SUBJECT TO CIVIL PENALTIES, PROHIBITED FROM CERTIFYING VIOLATIONS, AND DENIED THE RIGHT TO RECOVER POSSESSION OF PREMISES FOR NONPAYMENT OF RENT UNTIL A VALID REGISTRATION STATEMENT IS FILED.",,9.0,VIOLATION DISMISSED,06/15/2017,,Close,N,2015,
11575,1000,3013730037,2,M,,1474,PARK,PLACE,11213,1474 PARK PLACE,1039,PARK ROCK REHAB,11/28/23,BROOKLYN,134,both,11505311,351577,317092.0,3,3036564.0,1474,1474,1474,PARK PLACE,I,2016-11-14,2016-11-14,,,,,,780.0,,"§27-2107 ADM CODE OWNER FAILED TO FILE A VALID REGISTRATION STATEMENT WITH THE DEPARTMENT AS REQUIRED BY ADM CODE §27-2097 AND IS THEREFORE SUBJECT TO CIVIL PENALTIES, PROHIBITED FROM CERTIFYING VIOLATIONS, AND DENIED THE RIGHT TO RECOVER POSSESSION OF PREMISES FOR NONPAYMENT OF RENT UNTIL A VALID REGISTRATION STATEMENT IS FILED.",,9.0,VIOLATION DISMISSED,06/15/2017,,Close,N,2016,
11677,1002,3013730040,3,,,1484,PARK,PLACE,11213,1484 PARK PLACE,1040,PARK ROCK REHAB,11/28/23,BROOKLYN,134,both,10581796,351578,317094.0,3,3036565.0,1484,1480,1484,PARK PLACE,I,2015-02-24,2015-02-24,,,,,,780.0,,"§27-2107 ADM CODE OWNER FAILED TO FILE A VALID REGISTRATION STATEMENT WITH THE DEPARTMENT AS REQUIRED BY ADM CODE §27-2097 AND IS THEREFORE SUBJECT TO CIVIL PENALTIES, PROHIBITED FROM CERTIFYING VIOLATIONS, AND DENIED THE RIGHT TO RECOVER POSSESSION OF PREMISES FOR NONPAYMENT OF RENT UNTIL A VALID REGISTRATION STATEMENT IS FILED.",,9.0,VIOLATION DISMISSED,06/16/2017,,Close,N,2015,
11694,1002,3013730040,3,,,1484,PARK,PLACE,11213,1484 PARK PLACE,1040,PARK ROCK REHAB,11/28/23,BROOKLYN,134,both,10934582,351578,317094.0,3,3036565.0,1484,1480,1484,PARK PLACE,I,2015-10-13,2015-10-13,,,,,,780.0,,"§27-2107 ADM CODE OWNER FAILED TO FILE A VALID REGISTRATION STATEMENT WITH THE DEPARTMENT AS REQUIRED BY ADM CODE §27-2097 AND IS THEREFORE SUBJECT TO CIVIL PENALTIES, PROHIBITED FROM CERTIFYING VIOLATIONS, AND DENIED THE RIGHT TO RECOVER POSSESSION OF PREMISES FOR NONPAYMENT OF RENT UNTIL A VALID REGISTRATION STATEMENT IS FILED.",,9.0,VIOLATION DISMISSED,06/16/2017,,Close,N,2015,
11715,1002,3013730040,3,,,1484,PARK,PLACE,11213,1484 PARK PLACE,1040,PARK ROCK REHAB,11/28/23,BROOKLYN,134,both,11505313,351578,317094.0,3,3036565.0,1484,1480,1484,PARK PLACE,I,2016-11-14,2016-11-14,,,,,,780.0,,"§27-2107 ADM CODE OWNER FAILED TO FILE A VALID REGISTRATION STATEMENT WITH THE DEPARTMENT AS REQUIRED BY ADM CODE §27-2097 AND IS THEREFORE SUBJECT TO CIVIL PENALTIES, PROHIBITED FROM CERTIFYING VIOLATIONS, AND DENIED THE RIGHT TO RECOVER POSSESSION OF PREMISES FOR NONPAYMENT OF RENT UNTIL A VALID REGISTRATION STATEMENT IS FILED.",,9.0,VIOLATION DISMISSED,06/16/2017,,Close,N,2016,
11765,1003,3013730043,4,M,,208,ROCHESTER,AVENUE,11213,208 ROCHESTER AVENUE,1042,PARK ROCK REHAB,11/28/23,BROOKLYN,134,both,10934578,362393,317089.0,3,3036566.0,208,208,208,ROCHESTER AVENUE,I,2015-10-13,2015-10-13,,,,,,780.0,,"§27-2107 ADM CODE OWNER FAILED TO FILE A VALID REGISTRATION STATEMENT WITH THE DEPARTMENT AS REQUIRED BY ADM CODE §27-2097 AND IS THEREFORE SUBJECT TO CIVIL PENALTIES, PROHIBITED FROM CERTIFYING VIOLATIONS, AND DENIED THE RIGHT TO RECOVER POSSESSION OF PREMISES FOR NONPAYMENT OF RENT UNTIL A VALID REGISTRATION STATEMENT IS FILED.",,9.0,VIOLATION DISMISSED,06/08/2017,,Close,N,2015,
11772,1003,3013730043,4,M,,208,ROCHESTER,AVENUE,11213,208 ROCHESTER AVENUE,1042,PARK ROCK REHAB,11/28/23,BROOKLYN,134,both,10581792,362393,317089.0,3,3036566.0,208,208,208,ROCHESTER AVENUE,I,2015-02-24,2015-02-24,,,,,,780.0,,"§27-2107 ADM CODE OWNER FAILED TO FILE A VALID REGISTRATION STATEMENT WITH THE DEPARTMENT AS REQUIRED BY ADM CODE §27-2097 AND IS THEREFORE SUBJECT TO CIVIL PENALTIES, PROHIBITED FROM CERTIFYING VIOLATIONS, AND DENIED THE RIGHT TO RECOVER POSSESSION OF PREMISES FOR NONPAYMENT OF RENT UNTIL A VALID REGISTRATION STATEMENT IS FILED.",,9.0,VIOLATION DISMISSED,06/08/2017,,Close,N,2015,
11773,1003,3013730043,4,M,,208,ROCHESTER,AVENUE,11213,208 ROCHESTER AVENUE,1042,PARK ROCK REHAB,11/28/23,BROOKLYN,134,both,11505308,362393,317089.0,3,3036566.0,208,208,208,ROCHESTER AVENUE,I,2016-11-14,2016-11-14,,,,,,780.0,,"§27-2107 ADM CODE OWNER FAILED TO FILE A VALID REGISTRATION STATEMENT WITH THE DEPARTMENT AS REQUIRED BY ADM CODE §27-2097 AND IS THEREFORE SUBJECT TO CIVIL PENALTIES, PROHIBITED FROM CERTIFYING VIOLATIONS, AND DENIED THE RIGHT TO RECOVER POSSESSION OF PREMISES FOR NONPAYMENT OF RENT UNTIL A VALID REGISTRATION STATEMENT IS FILED.",,9.0,VIOLATION DISMISSED,06/08/2017,,Close,N,2016,
11818,1004,3013730046,5,M,,218,ROCHESTER,AVENUE,11213,218 ROCHESTER AVENUE,1043,PARK ROCK REHAB,11/28/23,BROOKLYN,134,both,10934579,362396,317090.0,3,3036567.0,218,216,218,ROCHESTER AVENUE,I,2015-10-13,2015-10-13,,,,,,780.0,,"§27-2107 ADM CODE OWNER FAILED TO FILE A VALID REGISTRATION STATEMENT WITH THE DEPARTMENT AS REQUIRED BY ADM CODE §27-2097 AND IS THEREFORE SUBJECT TO CIVIL PENALTIES, PROHIBITED FROM CERTIFYING VIOLATIONS, AND DENIED THE RIGHT TO RECOVER POSSESSION OF PREMISES FOR NONPAYMENT OF RENT UNTIL A VALID REGISTRATION STATEMENT IS FILED.",,9.0,VIOLATION DISMISSED,01/16/2019,,Close,N,2015,
11819,1004,3013730046,5,M,,218,ROCHESTER,AVENUE,11213,218 ROCHESTER AVENUE,1043,PARK ROCK REHAB,11/28/23,BROOKLYN,134,both,12682112,362396,317090.0,3,3036567.0,218,216,218,ROCHESTER AVENUE,I,2018-10-19,2018-10-19,,,,,,780.0,,"§27-2107 ADM CODE OWNER FAILED TO FILE A VALID REGISTRATION STATEMENT WITH THE DEPARTMENT AS REQUIRED BY ADM CODE §27-2097 AND IS THEREFORE SUBJECT TO CIVIL PENALTIES, PROHIBITED FROM CERTIFYING VIOLATIONS, AND DENIED THE RIGHT TO RECOVER POSSESSION OF PREMISES FOR NONPAYMENT OF RENT UNTIL A VALID REGISTRATION STATEMENT IS FILED.",,9.0,VIOLATION DISMISSED,01/16/2019,,Close,N,2018,
11828,1004,3013730046,5,M,,218,ROCHESTER,AVENUE,11213,218 ROCHESTER AVENUE,1043,PARK ROCK REHAB,11/28/23,BROOKLYN,134,both,10581793,362396,317090.0,3,3036567.0,218,216,218,ROCHESTER AVENUE,I,2015-02-24,2015-02-24,,,,,,780.0,,"§27-2107 ADM CODE OWNER FAILED TO FILE A VALID REGISTRATION STATEMENT WITH THE DEPARTMENT AS REQUIRED BY ADM CODE §27-2097 AND IS THEREFORE SUBJECT TO CIVIL PENALTIES, PROHIBITED FROM CERTIFYING VIOLATIONS, AND DENIED THE RIGHT TO RECOVER POSSESSION OF PREMISES FOR NONPAYMENT OF RENT UNTIL A VALID REGISTRATION STATEMENT IS FILED.",,9.0,VIOLATION DISMISSED,01/16/2019,,Close,N,2015,
11829,1004,3013730046,5,M,,218,ROCHESTER,AVENUE,11213,218 ROCHESTER AVENUE,1043,PARK ROCK REHAB,11/28/23,BROOKLYN,134,both,11505309,362396,317090.0,3,3036567.0,218,216,218,ROCHESTER AVENUE,I,2016-11-14,2016-11-14,,,,,,780.0,,"§27-2107 ADM CODE OWNER FAILED TO FILE A VALID REGISTRATION STATEMENT WITH THE DEPARTMENT AS REQUIRED BY ADM CODE §27-2097 AND IS THEREFORE SUBJECT TO CIVIL PENALTIES, PROHIBITED FROM CERTIFYING VIOLATIONS, AND DENIED THE RIGHT TO RECOVER POSSESSION OF PREMISES FOR NONPAYMENT OF RENT UNTIL A VALID REGISTRATION STATEMENT IS FILED.",,9.0,VIOLATION DISMISSED,01/16/2019,,Close,N,2016,
11830,1004,3013730046,5,M,,218,ROCHESTER,AVENUE,11213,218 ROCHESTER AVENUE,1043,PARK ROCK REHAB,11/28/23,BROOKLYN,134,both,12104463,362396,317090.0,3,3036567.0,218,216,218,ROCHESTER AVENUE,I,2017-11-28,2017-11-28,,,,,,780.0,,"§27-2107 ADM CODE OWNER FAILED TO FILE A VALID REGISTRATION STATEMENT WITH THE DEPARTMENT AS REQUIRED BY ADM CODE §27-2097 AND IS THEREFORE SUBJECT TO CIVIL PENALTIES, PROHIBITED FROM CERTIFYING VIOLATIONS, AND DENIED THE RIGHT TO RECOVER POSSESSION OF PREMISES FOR NONPAYMENT OF RENT UNTIL A VALID REGISTRATION STATEMENT IS FILED.",,9.0,VIOLATION DISMISSED,01/16/2019,,Close,N,2017,
11837,1005,3013730049,6,M,,1521,STERLING,PLACE,11213,1521 STERLING PLACE,1044,PARK ROCK REHAB,11/28/23,BROOKLYN,134,both,10581356,376479,304244.0,3,3036568.0,1521,1517,1525,STERLING PLACE,I,2015-02-24,2015-02-24,,,,,,780.0,,"§27-2107 ADM CODE OWNER FAILED TO FILE A VALID REGISTRATION STATEMENT WITH THE DEPARTMENT AS REQUIRED BY ADM CODE §27-2097 AND IS THEREFORE SUBJECT TO CIVIL PENALTIES, PROHIBITED FROM CERTIFYING VIOLATIONS, AND DENIED THE RIGHT TO RECOVER POSSESSION OF PREMISES FOR NONPAYMENT OF RENT UNTIL A VALID REGISTRATION STATEMENT IS FILED.",,9.0,VIOLATION DISMISSED,06/08/2017,,Close,N,2015,
11839,1005,3013730049,6,M,,1521,STERLING,PLACE,11213,1521 STERLING PLACE,1044,PARK ROCK REHAB,11/28/23,BROOKLYN,134,both,10940011,376479,304244.0,3,3036568.0,1521,1517,1525,STERLING PLACE,I,2015-10-14,2015-10-14,,,,,,780.0,,"§27-2107 ADM CODE OWNER FAILED TO FILE A VALID REGISTRATION STATEMENT WITH THE DEPARTMENT AS REQUIRED BY ADM CODE §27-2097 AND IS THEREFORE SUBJECT TO CIVIL PENALTIES, PROHIBITED FROM CERTIFYING VIOLATIONS, AND DENIED THE RIGHT TO RECOVER POSSESSION OF PREMISES FOR NONPAYMENT OF RENT UNTIL A VALID REGISTRATION STATEMENT IS FILED.",,9.0,VIOLATION DISMISSED,06/08/2017,,Close,N,2015,
11840,1005,3013730049,6,M,,1521,STERLING,PLACE,11213,1521 STERLING PLACE,1044,PARK ROCK REHAB,11/28/23,BROOKLYN,134,both,11508517,376479,304244.0,3,3036568.0,1521,1517,1525,STERLING PLACE,I,2016-11-15,2016-11-15,,,,,,780.0,,"§27-2107 ADM CODE OWNER FAILED TO FILE A VALID REGISTRATION STATEMENT WITH THE DEPARTMENT AS REQUIRED BY ADM CODE §27-2097 AND IS THEREFORE SUBJECT TO CIVIL PENALTIES, PROHIBITED FROM CERTIFYING VIOLATIONS, AND DENIED THE RIGHT TO RECOVER POSSESSION OF PREMISES FOR NONPAYMENT OF RENT UNTIL A VALID REGISTRATION STATEMENT IS FILED.",,9.0,VIOLATION DISMISSED,06/08/2017,,Close,N,2016,
11866,1006,3013790039,7,M,,1522,STERLING,PLACE,11213,1522 STERLING PLACE,1045,PARK ROCK REHAB,11/28/23,BROOKLYN,134,both,10939931,376480,302559.0,3,3036863.0,1522,1516,1526,STERLING PLACE,I,2015-10-14,2015-10-14,,,,,,780.0,,"§27-2107 ADM CODE OWNER FAILED TO FILE A VALID REGISTRATION STATEMENT WITH THE DEPARTMENT AS REQUIRED BY ADM CODE §27-2097 AND IS THEREFORE SUBJECT TO CIVIL PENALTIES, PROHIBITED FROM CERTIFYING VIOLATIONS, AND DENIED THE RIGHT TO RECOVER POSSESSION OF PREMISES FOR NONPAYMENT OF RENT UNTIL A VALID REGISTRATION STATEMENT IS FILED.",,9.0,VIOLATION DISMISSED,06/08/2017,,Close,N,2015,
11871,1006,3013790039,7,M,,1522,STERLING,PLACE,11213,1522 STERLING PLACE,1045,PARK ROCK REHAB,11/28/23,BROOKLYN,134,both,10581322,376480,302559.0,3,3036863.0,1522,1516,1526,STERLING PLACE,I,2015-02-24,2015-02-24,,,,,,780.0,,"§27-2107 ADM CODE OWNER FAILED TO FILE A VALID REGISTRATION STATEMENT WITH THE DEPARTMENT AS REQUIRED BY ADM CODE §27-2097 AND IS THEREFORE SUBJECT TO CIVIL PENALTIES, PROHIBITED FROM CERTIFYING VIOLATIONS, AND DENIED THE RIGHT TO RECOVER POSSESSION OF PREMISES FOR NONPAYMENT OF RENT UNTIL A VALID REGISTRATION STATEMENT IS FILED.",,9.0,VIOLATION DISMISSED,06/08/2017,,Close,N,2015,
11872,1006,3013790039,7,M,,1522,STERLING,PLACE,11213,1522 STERLING PLACE,1045,PARK ROCK REHAB,11/28/23,BROOKLYN,134,both,11508482,376480,302559.0,3,3036863.0,1522,1516,1526,STERLING PLACE,I,2016-11-15,2016-11-15,,,,,,780.0,,"§27-2107 ADM CODE OWNER FAILED TO FILE A VALID REGISTRATION STATEMENT WITH THE DEPARTMENT AS REQUIRED BY ADM CODE §27-2097 AND IS THEREFORE SUBJECT TO CIVIL PENALTIES, PROHIBITED FROM CERTIFYING VIOLATIONS, AND DENIED THE RIGHT TO RECOVER POSSESSION OF PREMISES FOR NONPAYMENT OF RENT UNTIL A VALID REGISTRATION STATEMENT IS FILED.",,9.0,VIOLATION DISMISSED,06/08/2017,,Close,N,2016,
11873,1008,3013790041,8,M,,232,ROCHESTER,AVENUE,11213,232 ROCHESTER AVENUE,1047,PARK ROCK REHAB,11/28/23,BROOKLYN,134,both,12572760,362401,390937.0,3,3036864.0,232,232,232,ROCHESTER AVENUE,B,2018-09-07,2018-09-10,10/30/2018,10/16/2018,,,,583.0,6188544.0,"§ 27-2026, 2027 HMC: PROPERLY REPAIR THE SOURCE AND ABATE THE EVIDENCE OF A WATER LEAK AT CEILING IN THE 1st ROOM FROM NORTH AT WEST LOCATED AT APT 1A, 1st STORY, 1st APARTMENT FROM WEST AT NORTH",2018-09-11,19.0,VIOLATION CLOSED,09/12/2018,Original,Close,N,2018,2018.0
11875,1008,3013790041,8,M,,232,ROCHESTER,AVENUE,11213,232 ROCHESTER AVENUE,1047,PARK ROCK REHAB,11/28/23,BROOKLYN,134,both,12572769,362401,390937.0,3,3036864.0,232,232,232,ROCHESTER AVENUE,A,2018-09-07,2018-09-10,12/29/2018,12/15/2018,,,,508.0,6188543.0,"§ 27-2005 ADM CODE REPAIR THE BROKEN OR DEFECTIVE PLASTERED SURFACES AND PAINT IN A UNIFORM COLOR THE CEILING IN THE 1st ROOM FROM NORTH AT WEST LOCATED AT APT 1A, 1st STORY, 1st APARTMENT FROM WEST AT NORTH",2018-09-11,19.0,VIOLATION CLOSED,09/12/2018,Original,Close,N,2018,2018.0
11969,1010,3043690001,1,M,,875,PENNSYLVANIA,AVENUE,11207,875 PENNSYLVANIA AVENUE,1049,PENNSYLVANIA AVENUE-WORTMAN AVENUE,12/28/21,BROOKLYN,336,both,5344860,809165,389840.0,3,3324011.0,875,875,895,PENNSYLVANIA AVENUE,B,2005-02-09,2005-02-10,04/06/2005,03/23/2005,,,,566.0,2343249.0,"§ 27-2018 ADM CODE ABATE THE NUISANCE CONSISTING OF VERMIN MICE IN THE ENTIRE APARTMENT LOCATED AT APT 11L, 11th STORY, 1st APARTMENT FROM NORTH AT EAST",2005-02-11,19.0,VIOLATION CLOSED,10/19/2021,Original,Close,N,2005,2005.0
11970,1010,3043690001,1,M,,875,PENNSYLVANIA,AVENUE,11207,875 PENNSYLVANIA AVENUE,1049,PENNSYLVANIA AVENUE-WORTMAN AVENUE,12/28/21,BROOKLYN,336,both,5344861,809165,389840.0,3,3324011.0,875,875,895,PENNSYLVANIA AVENUE,B,2005-02-09,2005-02-11,04/09/2005,03/26/2005,,,,566.0,2344381.0,"§ 27-2018 ADM CODE ABATE THE NUISANCE CONSISTING OF VERMIN ROACHES IN THE ENTIRE APARTMENT LOCATED AT APT 11L, 11th STORY, 1st APARTMENT FROM NORTH AT EAST",2005-02-14,19.0,VIOLATION CLOSED,10/19/2021,Original,Close,N,2005,2005.0
12118,1019,1020080013,1,M,WEST,120,140,STREET,10030,120 WEST 140 STREET,1058,PUBLIC SCHOOL 139 (CONVERSION),11/30/20,MANHATTAN,125,both,3127411,41400,140419.0,1,1060054.0,120,112,136,WEST 140 STREET,B,1991-08-30,1991-08-30,11/18/1991,11/11/1991,,,,566.0,678646.0,§ 27-2018 ADM CODE ABATE THE NUISANCE CONSISTING OF VERMIN WATER BUGS 1 STY NORTHEAST APT NIP.,1991-09-24,19.0,VIOLATION CLOSED,10/27/2023,Original,Close,N,1991,1991.0
12119,1019,1020080013,1,M,WEST,120,140,STREET,10030,120 WEST 140 STREET,1058,PUBLIC SCHOOL 139 (CONVERSION),11/30/20,MANHATTAN,125,both,3127415,41400,140419.0,1,1060054.0,120,112,136,WEST 140 STREET,A,1995-09-13,1995-09-13,11/26/2006,11/12/2006,,,,501.0,2770874.0,"§ 27-2005 ADM CODE PROPERLY REPAIR THE BROKEN OR DEFECTIVE IMPROPERLY COUNTERBALANCE LOWER WINDOW SASHES THRU OUT 3 STY SOUTHEAST APT N3R. , SECTION '' ''",2006-07-28,19.0,VIOLATION CLOSED,07/18/2022,Reissued,Close,N,1995,2006.0
12120,1019,1020080013,1,M,WEST,120,140,STREET,10030,120 WEST 140 STREET,1058,PUBLIC SCHOOL 139 (CONVERSION),11/30/20,MANHATTAN,125,both,3127416,41400,140419.0,1,1060054.0,120,112,136,WEST 140 STREET,A,1995-09-13,1995-09-13,11/26/2006,11/12/2006,,,,509.0,2770874.0,"§ 27-2005 ADM CODE PROPERLY SECURE THE LOOSE WASHBASIN AT NORTH WALL AT BATHROOM 3 STY SOUTHEAST APT N3R. , SECTION '' ''",2006-07-28,19.0,VIOLATION CLOSED,07/18/2022,Reissued,Close,N,1995,2006.0
12125,1019,1020080013,1,M,WEST,120,140,STREET,10030,120 WEST 140 STREET,1058,PUBLIC SCHOOL 139 (CONVERSION),11/30/20,MANHATTAN,125,both,3127419,41400,140419.0,1,1060054.0,120,112,136,WEST 140 STREET,B,1996-04-02,1996-04-02,06/10/1996,06/03/1996,,,,566.0,678651.0,"§ 27-2018 ADM CODE ABATE THE NUISANCE CONSISTING OF VERMIN MICE KITCHEN 3 STY NORTHWEST APT S3P. , SECTION '' ''",1996-04-16,19.0,VIOLATION CLOSED,07/18/2022,Original,Close,N,1996,1996.0
12128,1019,1020080013,1,M,WEST,120,140,STREET,10030,120 WEST 140 STREET,1058,PUBLIC SCHOOL 139 (CONVERSION),11/30/20,MANHATTAN,125,both,12460085,41400,140419.0,1,1060054.0,120,112,136,WEST 140 STREET,C,2018-07-02,2018-07-06,07/22/2018,07/17/2018,,,,526.0,6133515.0,"§ 27-2005, 2007 ADM CODE REMOVE THE ILLEGAL FASTENING CONSISTING OF AN UNACCEPTABLE ELECTROMAGNETIC LOCKING DEVICE INSTALLEDAT THE BUILDING ENTRANCE DOOR , 1st STORY",2018-07-09,19.0,VIOLATION CLOSED,07/18/2022,Original,Close,Y,2018,2018.0
12129,1019,1020080013,1,M,WEST,120,140,STREET,10030,120 WEST 140 STREET,1058,PUBLIC SCHOOL 139 (CONVERSION),11/30/20,MANHATTAN,125,both,12460093,41400,140419.0,1,1060054.0,120,112,136,WEST 140 STREET,B,2018-07-02,2018-07-06,08/27/2018,08/13/2018,,,,504.0,6133514.0,"§ 27-2005 ADM CODE PROVIDE SECURITY IN THE EVENT OF A POWER OUTAGE BY MEANS OF A HEAVY DUTY LOCK AND LATCH SET AT THE BUILDING ENTRANCE DOOR , 1st STORY",2018-07-09,19.0,VIOLATION CLOSED,07/18/2022,Original,Close,N,2018,2018.0
12130,1019,1020080013,1,M,WEST,120,140,STREET,10030,120 WEST 140 STREET,1058,PUBLIC SCHOOL 139 (CONVERSION),11/30/20,MANHATTAN,125,both,3127408,41400,140419.0,1,1060054.0,120,112,136,WEST 140 STREET,A,1991-06-13,1991-06-13,11/26/2006,11/12/2006,,,,529.0,2770874.0,"§ 27-2005 ADM CODE REFIT WINDOWS THRU OUT 2 STY NORTH APT N2H. , SECTION '' ''",2006-07-28,19.0,VIOLATION CLOSED,07/28/2022,Reissued,Close,N,1991,2006.0
12131,1019,1020080013,1,M,WEST,120,140,STREET,10030,120 WEST 140 STREET,1058,PUBLIC SCHOOL 139 (CONVERSION),11/30/20,MANHATTAN,125,both,10532594,41400,140419.0,1,1060054.0,120,112,136,WEST 140 STREET,I,2015-02-03,2015-02-03,,,,,,780.0,,"§27-2107 ADM CODE OWNER FAILED TO FILE A VALID REGISTRATION STATEMENT WITH THE DEPARTMENT AS REQUIRED BY ADM CODE §27-2097 AND IS THEREFORE SUBJECT TO CIVIL PENALTIES, PROHIBITED FROM CERTIFYING VIOLATIONS, AND DENIED THE RIGHT TO RECOVER POSSESSION OF PREMISES FOR NONPAYMENT OF RENT UNTIL A VALID REGISTRATION STATEMENT IS FILED.",,9.0,VIOLATION DISMISSED,01/15/2019,,Close,N,2015,
12132,1019,1020080013,1,M,WEST,120,140,STREET,10030,120 WEST 140 STREET,1058,PUBLIC SCHOOL 139 (CONVERSION),11/30/20,MANHATTAN,125,both,10893886,41400,140419.0,1,1060054.0,120,112,136,WEST 140 STREET,I,2015-10-02,2015-10-02,,,,,,780.0,,"§27-2107 ADM CODE OWNER FAILED TO FILE A VALID REGISTRATION STATEMENT WITH THE DEPARTMENT AS REQUIRED BY ADM CODE §27-2097 AND IS THEREFORE SUBJECT TO CIVIL PENALTIES, PROHIBITED FROM CERTIFYING VIOLATIONS, AND DENIED THE RIGHT TO RECOVER POSSESSION OF PREMISES FOR NONPAYMENT OF RENT UNTIL A VALID REGISTRATION STATEMENT IS FILED.",,9.0,VIOLATION DISMISSED,01/15/2019,,Close,N,2015,
12133,1019,1020080013,1,M,WEST,120,140,STREET,10030,120 WEST 140 STREET,1058,PUBLIC SCHOOL 139 (CONVERSION),11/30/20,MANHATTAN,125,both,11461549,41400,140419.0,1,1060054.0,120,112,136,WEST 140 STREET,I,2016-10-27,2016-10-27,,,,,,780.0,,"§27-2107 ADM CODE OWNER FAILED TO FILE A VALID REGISTRATION STATEMENT WITH THE DEPARTMENT AS REQUIRED BY ADM CODE §27-2097 AND IS THEREFORE SUBJECT TO CIVIL PENALTIES, PROHIBITED FROM CERTIFYING VIOLATIONS, AND DENIED THE RIGHT TO RECOVER POSSESSION OF PREMISES FOR NONPAYMENT OF RENT UNTIL A VALID REGISTRATION STATEMENT IS FILED.",,9.0,VIOLATION DISMISSED,01/15/2019,,Close,N,2016,
12134,1019,1020080013,1,M,WEST,120,140,STREET,10030,120 WEST 140 STREET,1058,PUBLIC SCHOOL 139 (CONVERSION),11/30/20,MANHATTAN,125,both,12060430,41400,140419.0,1,1060054.0,120,112,136,WEST 140 STREET,I,2017-11-09,2017-11-09,,,,,,780.0,,"§27-2107 ADM CODE OWNER FAILED TO FILE A VALID REGISTRATION STATEMENT WITH THE DEPARTMENT AS REQUIRED BY ADM CODE §27-2097 AND IS THEREFORE SUBJECT TO CIVIL PENALTIES, PROHIBITED FROM CERTIFYING VIOLATIONS, AND DENIED THE RIGHT TO RECOVER POSSESSION OF PREMISES FOR NONPAYMENT OF RENT UNTIL A VALID REGISTRATION STATEMENT IS FILED.",,9.0,VIOLATION DISMISSED,01/15/2019,,Close,N,2017,
12135,1019,1020080013,1,M,WEST,120,140,STREET,10030,120 WEST 140 STREET,1058,PUBLIC SCHOOL 139 (CONVERSION),11/30/20,MANHATTAN,125,both,12637127,41400,140419.0,1,1060054.0,120,112,136,WEST 140 STREET,I,2018-10-10,2018-10-10,,,,,,780.0,,"§27-2107 ADM CODE OWNER FAILED TO FILE A VALID REGISTRATION STATEMENT WITH THE DEPARTMENT AS REQUIRED BY ADM CODE §27-2097 AND IS THEREFORE SUBJECT TO CIVIL PENALTIES, PROHIBITED FROM CERTIFYING VIOLATIONS, AND DENIED THE RIGHT TO RECOVER POSSESSION OF PREMISES FOR NONPAYMENT OF RENT UNTIL A VALID REGISTRATION STATEMENT IS FILED.",,9.0,VIOLATION DISMISSED,01/15/2019,,Close,N,2018,
12146,1019,1020080013,1,M,WEST,120,140,STREET,10030,120 WEST 140 STREET,1058,PUBLIC SCHOOL 139 (CONVERSION),11/30/20,MANHATTAN,125,both,3127404,41400,140419.0,1,1060054.0,120,112,136,WEST 140 STREET,B,1990-01-07,1990-01-07,03/26/1990,03/19/1990,,,,579.0,678643.0,"§ 27-2026 ADM CODE REPAIR THE LEAKY AND/OR DEFECTIVE FAUCETS BATHROOM BATHTUB 1 STY SOUTH APT S1H. , SECTION '' ''",1990-01-30,19.0,VIOLATION CLOSED,04/19/2023,Original,Close,N,1990,1990.0
12147,1019,1020080013,1,M,WEST,120,140,STREET,10030,120 WEST 140 STREET,1058,PUBLIC SCHOOL 139 (CONVERSION),11/30/20,MANHATTAN,125,both,3127405,41400,140419.0,1,1060054.0,120,112,136,WEST 140 STREET,A,1991-06-13,1991-06-13,11/26/2006,11/12/2006,,,,556.0,2770874.0,"§ 27-2013 ADM CODE PAINT WITH LIGHT COLORED PAINT TO THE SATISFACTION OF THIS DEPARTMENT WALLS CEILING AND WOODWORK THRU OUT 2 STY NORTH APT N2H. , SECTION '' ''",2006-07-28,19.0,VIOLATION CLOSED,07/28/2022,Reissued,Close,N,1991,2006.0
12148,1019,1020080013,1,M,WEST,120,140,STREET,10030,120 WEST 140 STREET,1058,PUBLIC SCHOOL 139 (CONVERSION),11/30/20,MANHATTAN,125,both,3127406,41400,140419.0,1,1060054.0,120,112,136,WEST 140 STREET,B,1991-06-13,1991-06-13,08/19/1991,08/12/1991,,,,508.0,678645.0,"§ 27-2005 ADM CODE REPAIR THE BROKEN OR DEFECTIVE PLASTERED SURFACES AND PAINT IN A UNIFORM COLOR WALLS WEST ROOM 2 STY NORTH APT N2H. , SECTION '' ''",1991-06-25,19.0,VIOLATION CLOSED,07/28/2022,Original,Close,N,1991,1991.0
12149,1019,1020080013,1,M,WEST,120,140,STREET,10030,120 WEST 140 STREET,1058,PUBLIC SCHOOL 139 (CONVERSION),11/30/20,MANHATTAN,125,both,3127407,41400,140419.0,1,1060054.0,120,112,136,WEST 140 STREET,B,1991-06-13,1991-06-13,08/19/1991,08/12/1991,,,,566.0,678645.0,"§ 27-2018 ADM CODE ABATE THE NUISANCE CONSISTING OF VERMIN MICE AND ROACHES 2 STY NORTH APT N2H KITCHEN. , SECTION '' ''",1991-06-25,19.0,VIOLATION CLOSED,07/28/2022,Original,Close,N,1991,1991.0
12150,1019,1020080013,1,M,WEST,120,140,STREET,10030,120 WEST 140 STREET,1058,PUBLIC SCHOOL 139 (CONVERSION),11/30/20,MANHATTAN,125,both,3127409,41400,140419.0,1,1060054.0,120,112,136,WEST 140 STREET,A,1991-06-13,1991-06-13,11/26/2006,11/12/2006,,,,505.0,2770874.0,"§ 27-2005 ADM CODE REPLACE WITH NEW THE BROKEN OR DEFECTIVE ASPHALT MOULDING AT FRONT ROOM AND KITCHEN 2 STY NORTH APT N2H. , SECTION '' ''",2006-07-28,19.0,VIOLATION CLOSED,07/28/2022,Reissued,Close,N,1991,2006.0
12151,1019,1020080013,1,M,WEST,120,140,STREET,10030,120 WEST 140 STREET,1058,PUBLIC SCHOOL 139 (CONVERSION),11/30/20,MANHATTAN,125,both,3127410,41400,140419.0,1,1060054.0,120,112,136,WEST 140 STREET,B,1991-08-30,1991-08-30,11/18/1991,11/11/1991,,,,505.0,678646.0,§ 27-2005 ADM CODE REPLACE WITH NEW THE BROKEN OR DEFECTIVE LOWER SASH WINDOW GLASS NORTHEAST ROOM 1 STY NORTHEAST APT NIP.,1991-09-24,19.0,VIOLATION CLOSED,10/27/2023,Original,Close,N,1991,1991.0
12152,1019,1020080013,1,M,WEST,120,140,STREET,10030,120 WEST 140 STREET,1058,PUBLIC SCHOOL 139 (CONVERSION),11/30/20,MANHATTAN,125,both,3127413,41400,140419.0,1,1060054.0,120,112,136,WEST 140 STREET,B,1993-06-30,1993-06-30,09/06/1993,08/30/1993,,,,501.0,678648.0,"§ 27-2005 ADM CODE PROPERLY REPAIR THE BROKEN OR DEFECTIVE AMD OR MAKE OPERABLE WINDOW 3 STY SOUTHEAST AT EAST APT N3R. , SECTION '' ''",1993-07-13,19.0,VIOLATION CLOSED,07/18/2022,Original,Close,N,1993,1993.0
12153,1019,1020080013,1,M,WEST,120,140,STREET,10030,120 WEST 140 STREET,1058,PUBLIC SCHOOL 139 (CONVERSION),11/30/20,MANHATTAN,125,both,3127414,41400,140419.0,1,1060054.0,120,112,136,WEST 140 STREET,B,1993-06-30,1993-06-30,09/06/1993,08/30/1993,,,,501.0,678648.0,"§ 27-2005 ADM CODE PROPERLY REPAIR THE BROKEN OR DEFECTIVE RESTORE CLOSET DOORS ON TRACK AT PRIVATE HALL 3 STY SOUTHEAST AT WEST SECTION APT N3R. , SECTION '' ''",1993-07-13,19.0,VIOLATION CLOSED,07/18/2022,Original,Close,N,1993,1993.0
12154,1019,1020080013,1,M,WEST,120,140,STREET,10030,120 WEST 140 STREET,1058,PUBLIC SCHOOL 139 (CONVERSION),11/30/20,MANHATTAN,125,both,3127417,41400,140419.0,1,1060054.0,120,112,136,WEST 140 STREET,C,1995-10-05,1995-10-05,11/22/1995,11/20/1995,,,,670.0,678650.0,"§ 27-2031 ADM CODE PROVIDE HOT WATER AT ALL HOT WATER FIXTURES BATHROOM AND KITCHEN 4 STY APT 4A. , SECTION '' ''",1995-10-31,19.0,VIOLATION CLOSED,08/01/2022,Original,Close,Y,1995,1995.0
12155,1019,1020080013,1,M,WEST,120,140,STREET,10030,120 WEST 140 STREET,1058,PUBLIC SCHOOL 139 (CONVERSION),11/30/20,MANHATTAN,125,both,3127418,41400,140419.0,1,1060054.0,120,112,136,WEST 140 STREET,B,1996-04-02,1996-04-02,06/10/1996,06/03/1996,,,,501.0,678651.0,"§ 27-2005 ADM CODE PROPERLY REPAIR THE BROKEN OR DEFECTIVE CONTROL VALVE OVEN STOVE KITCHEN 3 STY NORTHWEST APT S3P. , SECTION '' ''",1996-04-16,19.0,VIOLATION CLOSED,07/18/2022,Original,Close,N,1996,1996.0
12156,1019,1020080013,1,M,WEST,120,140,STREET,10030,120 WEST 140 STREET,1058,PUBLIC SCHOOL 139 (CONVERSION),11/30/20,MANHATTAN,125,both,3127420,41400,140419.0,1,1060054.0,120,112,136,WEST 140 STREET,B,1996-04-02,1996-04-02,06/10/1996,06/03/1996,,,,506.0,678651.0,"§ 27-2005 ADM CODE REPLACE WITH NEW THE MISSING BASEBOARD MOLDING NORTHEAST ROOM & PRIVATE HALL 3 STY NORTHWEST APT S3P. , SECTION '' ''",1996-04-16,19.0,VIOLATION CLOSED,07/18/2022,Original,Close,N,1996,1996.0
12157,1019,1020080013,1,M,WEST,120,140,STREET,10030,120 WEST 140 STREET,1058,PUBLIC SCHOOL 139 (CONVERSION),11/30/20,MANHATTAN,125,both,3127421,41400,140419.0,1,1060054.0,120,112,136,WEST 140 STREET,A,1996-11-06,1996-11-06,11/26/2006,11/12/2006,,,,772.0,2770874.0,§ 27-2098 ADM CODE FILE WITH THIS DEPARTMENT A REGISTRATION STATEMENT FOR BUILDING.,2006-07-28,9.0,VIOLATION DISMISSED,03/10/2015,Reissued,Close,Y,1996,2006.0
12158,1019,1020080013,1,M,WEST,120,140,STREET,10030,120 WEST 140 STREET,1058,PUBLIC SCHOOL 139 (CONVERSION),11/30/20,MANHATTAN,125,both,3127422,41400,140419.0,1,1060054.0,120,112,136,WEST 140 STREET,B,1997-09-12,1997-09-12,11/17/1997,11/10/1997,,,,501.0,678653.0,"§ 27-2005 ADM CODE PROPERLY REPAIR THE BROKEN OR DEFECTIVE RUBBERIZED BASEBOARD MOLDING THRU OUT 3 STY SOUTH SECTION APT S3P. , SECTION '' ''",1997-09-23,19.0,VIOLATION CLOSED,07/18/2022,Original,Close,N,1997,1997.0
12159,1019,1020080013,1,M,WEST,120,140,STREET,10030,120 WEST 140 STREET,1058,PUBLIC SCHOOL 139 (CONVERSION),11/30/20,MANHATTAN,125,both,3127423,41400,140419.0,1,1060054.0,120,112,136,WEST 140 STREET,B,1997-09-12,1997-09-12,11/17/1997,11/10/1997,,,,593.0,678653.0,"§ 27-2026 ADM CODE REPAIR THE FLUSHING APPARATUS AND MAINTAIN SAME SO AS TO FLUSH EFFECTIVELY THE WATER CLOSET WATERCLOSET 3 STY SOUTH SECTION APT S3P. , SECTION '' ''",1997-09-23,19.0,VIOLATION CLOSED,07/18/2022,Original,Close,Y,1997,1997.0
12160,1019,1020080013,1,M,WEST,120,140,STREET,10030,120 WEST 140 STREET,1058,PUBLIC SCHOOL 139 (CONVERSION),11/30/20,MANHATTAN,125,both,3127424,41400,140419.0,1,1060054.0,120,112,136,WEST 140 STREET,B,1997-09-12,1997-09-12,11/17/1997,11/10/1997,,,,508.0,678653.0,"§ 27-2005 ADM CODE REPAIR THE BROKEN OR DEFECTIVE PLASTERED SURFACES AND PAINT IN A UNIFORM COLOR WALLS AT BASEBOARD THRU OUT 3 STY SOUTH SECTION APT S3P. , SECTION '' ''",1997-09-23,19.0,VIOLATION CLOSED,07/18/2022,Original,Close,N,1997,1997.0
12161,1019,1020080013,1,M,WEST,120,140,STREET,10030,120 WEST 140 STREET,1058,PUBLIC SCHOOL 139 (CONVERSION),11/30/20,MANHATTAN,125,both,3127425,41400,140419.0,1,1060054.0,120,112,136,WEST 140 STREET,B,1997-09-12,1997-09-12,11/17/1997,11/10/1997,,,,501.0,678653.0,"§ 27-2005 ADM CODE PROPERLY REPAIR THE BROKEN OR DEFECTIVE INTERCOM SYSTEM 3 STY SOUTH SECTION APT S3P. , SECTION '' ''",1997-09-23,19.0,VIOLATION CLOSED,07/18/2022,Original,Close,N,1997,1997.0
12162,1019,1020080013,1,M,WEST,120,140,STREET,10030,120 WEST 140 STREET,1058,PUBLIC SCHOOL 139 (CONVERSION),11/30/20,MANHATTAN,125,both,3127426,41400,140419.0,1,1060054.0,120,112,136,WEST 140 STREET,B,1997-09-12,1997-09-12,11/17/1997,11/10/1997,,,,566.0,678653.0,"§ 27-2018 ADM CODE ABATE THE NUISANCE CONSISTING OF VERMIN MICE AND ROACHES THRU OUT 3 STY SOUTH SECTION APT S3P. , SECTION '' ''",1997-09-23,19.0,VIOLATION CLOSED,04/26/2023,Original,Close,N,1997,1997.0
12163,1019,1020080013,1,M,WEST,120,140,STREET,10030,120 WEST 140 STREET,1058,PUBLIC SCHOOL 139 (CONVERSION),11/30/20,MANHATTAN,125,both,3127427,41400,140419.0,1,1060054.0,120,112,136,WEST 140 STREET,B,1998-02-05,1998-02-05,04/20/1998,04/13/1998,,,,702.0,678654.0,"§ 27-2045 ADM CODE REPAIR OR REPLACE THE SMOKE DETECTOR DEFECTIVE 1 STY SOUTH APT N1S ELAM. , SECTION '' ''",1998-02-24,19.0,VIOLATION CLOSED,07/18/2022,Original,Close,N,1998,1998.0
12164,1019,1020080013,1,M,WEST,120,140,STREET,10030,120 WEST 140 STREET,1058,PUBLIC SCHOOL 139 (CONVERSION),11/30/20,MANHATTAN,125,both,3127428,41400,140419.0,1,1060054.0,120,112,136,WEST 140 STREET,B,1998-05-19,1998-05-19,08/03/1998,07/27/1998,,,,566.0,678656.0,§ 27-2018 ADM CODE ABATE THE NUISANCE CONSISTING OF VERMIN FLIES THROUGHOUT 1 STY NORTHEAST APT NIP.,1998-06-09,19.0,VIOLATION CLOSED,10/27/2023,Original,Close,N,1998,1998.0
12165,1019,1020080013,1,M,WEST,120,140,STREET,10030,120 WEST 140 STREET,1058,PUBLIC SCHOOL 139 (CONVERSION),11/30/20,MANHATTAN,125,both,3127429,41400,140419.0,1,1060054.0,120,112,136,WEST 140 STREET,A,1998-05-19,1998-05-19,11/26/2006,11/12/2006,,,,529.0,2770874.0,§ 27-2005 ADM CODE REFIT WINDOWS NORTHEAST ROOM 1 STY NORTHEAST APT NIP.,2006-07-28,19.0,VIOLATION CLOSED,10/27/2023,Reissued,Close,N,1998,2006.0
12170,1025,3035080042,2,M,,672,RALPH,AVENUE,11212,672 RALPH AVENUE,1064,RALPH AVENUE REHAB,11/28/23,BROOKLYN,118,both,2052779,360186,390929.0,3,3080789.0,672,664,672,RALPH AVENUE,C,1989-10-23,1989-10-23,09/21/2007,09/16/2007,,,,670.0,3098012.0,"§ 27-2031 ADM CODE PROVIDE HOT WATER AT ALL HOT WATER FIXTURES 3 STY APT 3C KITCHEN & BATHROOM. , SECTION '' ''",2007-09-10,19.0,VIOLATION CLOSED,07/24/2023,Reissued,Close,Y,1989,2007.0
12178,1025,3035080042,2,M,,672,RALPH,AVENUE,11212,672 RALPH AVENUE,1064,RALPH AVENUE REHAB,11/28/23,BROOKLYN,118,both,1978831,360186,390929.0,3,3080789.0,672,664,672,RALPH AVENUE,B,1999-08-19,1999-08-19,10/29/2007,10/15/2007,,,,579.0,3098011.0,"§ 27-2026 ADM CODE REPAIR THE LEAKY AND/OR DEFECTIVE FAUCETS KITCHEN SINK 1 STY NORTH APT 1A , SECTION '' ''",2007-09-10,2.0,NOV SENT OUT,09/10/2007,Reissued,Open,N,1999,2007.0
12179,1025,3035080042,2,M,,672,RALPH,AVENUE,11212,672 RALPH AVENUE,1064,RALPH AVENUE REHAB,11/28/23,BROOKLYN,118,both,1978832,360186,390929.0,3,3080789.0,672,664,672,RALPH AVENUE,B,1999-08-19,1999-08-19,10/29/2007,10/15/2007,,,,506.0,3098011.0,"§ 27-2005 ADM CODE REPLACE WITH NEW THE MISSING OVEN DOOR AT GAS RANGE KITCHEN 1 STY NORTH APT 1A , SECTION '' ''",2007-09-10,2.0,NOV SENT OUT,09/10/2007,Reissued,Open,N,1999,2007.0
12180,1025,3035080042,2,M,,672,RALPH,AVENUE,11212,672 RALPH AVENUE,1064,RALPH AVENUE REHAB,11/28/23,BROOKLYN,118,both,1978834,360186,390929.0,3,3080789.0,672,664,672,RALPH AVENUE,B,1999-08-19,1999-08-19,10/29/2007,10/15/2007,,,,593.0,3098011.0,"§ 27-2026 ADM CODE REPAIR THE FLUSHING APPARATUS AND MAINTAIN SAME SO AS TO FLUSH EFFECTIVELY THE WATER CLOSET BALL COCK ASSEMBLY AT TANK OF WATER CLOSET BATHROOM 1 STY NORTH APT 1A , SECTION '' ''",2007-09-10,2.0,NOV SENT OUT,09/10/2007,Reissued,Open,Y,1999,2007.0
12181,1025,3035080042,2,M,,672,RALPH,AVENUE,11212,672 RALPH AVENUE,1064,RALPH AVENUE REHAB,11/28/23,BROOKLYN,118,both,2052780,360186,390929.0,3,3080789.0,672,664,672,RALPH AVENUE,A,1989-12-23,1989-12-23,12/28/2007,12/14/2007,,,,529.0,3098010.0,§ 27-2005 ADM CODE REFIT DOUBLE CYLINDER KEY OPERATED LOCK INSTALLED ENTRANCE DOOR VESTIBULE TO 1 STY PUBLIC HALL.,2007-09-10,2.0,NOV SENT OUT,09/10/2007,Reissued,Open,N,1989,2007.0
12182,1025,3035080042,2,M,,672,RALPH,AVENUE,11212,672 RALPH AVENUE,1064,RALPH AVENUE REHAB,11/28/23,BROOKLYN,118,both,2052781,360186,390929.0,3,3080789.0,672,664,672,RALPH AVENUE,B,1999-08-19,1999-08-19,10/29/2007,10/15/2007,,,,505.0,3098011.0,"§ 27-2005 ADM CODE REPLACE WITH NEW THE BROKEN OR DEFECTIVE WINDOW GLASS UPPER SASH AT CENTER ROOM AND REAR ROOM 1 STY NORTH APT 1A , SECTION '' ''",2007-09-10,2.0,NOV SENT OUT,09/10/2007,Reissued,Open,N,1999,2007.0
12183,1025,3035080042,2,M,,672,RALPH,AVENUE,11212,672 RALPH AVENUE,1064,RALPH AVENUE REHAB,11/28/23,BROOKLYN,118,both,8056373,360186,390929.0,3,3080789.0,672,664,672,RALPH AVENUE,B,2009-09-08,2009-09-15,11/04/2009,10/21/2009,,,,686.0,3750501.0,§ 27-2040 ADM CODE PROVIDE ADEQUATE LIGHTING AT OR NEAR THE OUTSIDE OF THE FRONT ENTRANCEWAY OF THE BUILDING AND KEEP SAME BURNING FROM SUNSET EVERY DAY TO SUNRISE ON THE DAY FOLLOWING ***MINIMUM 100 WATTS REQUIERD***,2009-09-16,19.0,VIOLATION CLOSED,05/26/2023,Original,Close,N,2009,2009.0
12184,1025,3035080042,2,M,,672,RALPH,AVENUE,11212,672 RALPH AVENUE,1064,RALPH AVENUE REHAB,11/28/23,BROOKLYN,118,both,1978833,360186,390929.0,3,3080789.0,672,664,672,RALPH AVENUE,B,1999-08-19,1999-08-19,10/29/2007,10/15/2007,,,,505.0,3098011.0,"§ 27-2005 ADM CODE REPLACE WITH NEW THE BROKEN OR DEFECTIVE WINDOW GLASS UPPER SASH NORTHWEST ROOM 1 STY NORTH APT 1A , SECTION '' ''",2007-09-10,2.0,NOV SENT OUT,09/10/2007,Reissued,Open,N,1999,2007.0
12208,1026,3035080046,3,M,,682,RALPH,AVENUE,11212,682 RALPH AVENUE,1065,RALPH AVENUE REHAB,11/28/23,BROOKLYN,118,both,10581325,360190,302619.0,3,3080790.0,682,674,682,RALPH AVENUE,I,2015-02-24,2015-02-24,,,,,,780.0,,"§27-2107 ADM CODE OWNER FAILED TO FILE A VALID REGISTRATION STATEMENT WITH THE DEPARTMENT AS REQUIRED BY ADM CODE §27-2097 AND IS THEREFORE SUBJECT TO CIVIL PENALTIES, PROHIBITED FROM CERTIFYING VIOLATIONS, AND DENIED THE RIGHT TO RECOVER POSSESSION OF PREMISES FOR NONPAYMENT OF RENT UNTIL A VALID REGISTRATION STATEMENT IS FILED.",,9.0,VIOLATION DISMISSED,06/01/2017,,Close,N,2015,
12209,1026,3035080046,3,M,,682,RALPH,AVENUE,11212,682 RALPH AVENUE,1065,RALPH AVENUE REHAB,11/28/23,BROOKLYN,118,both,11504899,360190,302619.0,3,3080790.0,682,674,682,RALPH AVENUE,I,2016-11-14,2016-11-14,,,,,,780.0,,"§27-2107 ADM CODE OWNER FAILED TO FILE A VALID REGISTRATION STATEMENT WITH THE DEPARTMENT AS REQUIRED BY ADM CODE §27-2097 AND IS THEREFORE SUBJECT TO CIVIL PENALTIES, PROHIBITED FROM CERTIFYING VIOLATIONS, AND DENIED THE RIGHT TO RECOVER POSSESSION OF PREMISES FOR NONPAYMENT OF RENT UNTIL A VALID REGISTRATION STATEMENT IS FILED.",,9.0,VIOLATION DISMISSED,06/01/2017,,Close,N,2016,
12211,1026,3035080046,3,M,,682,RALPH,AVENUE,11212,682 RALPH AVENUE,1065,RALPH AVENUE REHAB,11/28/23,BROOKLYN,118,both,10933727,360190,302619.0,3,3080790.0,682,674,682,RALPH AVENUE,I,2015-10-13,2015-10-13,,,,,,780.0,,"§27-2107 ADM CODE OWNER FAILED TO FILE A VALID REGISTRATION STATEMENT WITH THE DEPARTMENT AS REQUIRED BY ADM CODE §27-2097 AND IS THEREFORE SUBJECT TO CIVIL PENALTIES, PROHIBITED FROM CERTIFYING VIOLATIONS, AND DENIED THE RIGHT TO RECOVER POSSESSION OF PREMISES FOR NONPAYMENT OF RENT UNTIL A VALID REGISTRATION STATEMENT IS FILED.",,9.0,VIOLATION DISMISSED,06/01/2017,,Close,N,2015,
12236,1026,3035080046,3,M,,682,RALPH,AVENUE,11212,682 RALPH AVENUE,1065,RALPH AVENUE REHAB,11/28/23,BROOKLYN,118,both,1978841,360190,302619.0,3,3080790.0,682,674,682,RALPH AVENUE,C,1989-11-03,1989-11-03,12/27/1989,12/25/1989,,,,672.0,1276461.0,§ 27-2033 ADM CODE PROVIDE READY ACCESS TO BUILDINGS HEATING SYSTEM CELLAR DOOR LOCKED.,1989-12-05,21.0,NOT COMPLIED WITH,06/24/2012,Original,Open,N,1989,1989.0
12237,1026,3035080046,3,M,,682,RALPH,AVENUE,11212,682 RALPH AVENUE,1065,RALPH AVENUE REHAB,11/28/23,BROOKLYN,118,both,2052786,360190,302619.0,3,3080790.0,682,674,682,RALPH AVENUE,A,1991-07-25,1986-12-23,06/26/1987,06/19/1987,,,,772.0,1276460.0,D26-41.03 ADM CODE FILE WITH THIS DEPARTMENT A REGISTRATION STATEMENT FOR BUILDING.,1987-03-03,9.0,VIOLATION DISMISSED,03/10/2015,Original,Close,Y,1991,1987.0
12238,1026,3035080046,3,M,,682,RALPH,AVENUE,11212,682 RALPH AVENUE,1065,RALPH AVENUE REHAB,11/28/23,BROOKLYN,118,both,2052788,360190,302619.0,3,3080790.0,682,674,682,RALPH AVENUE,A,1989-12-12,1989-12-12,04/13/1990,04/06/1990,,,,772.0,1276462.0,D26-41.03 ADM CODE FILE WITH THIS DEPARTMENT A REGISTRATION STATEMENT FOR BUILDING.,1989-12-19,9.0,VIOLATION DISMISSED,03/10/2015,Original,Close,Y,1989,1989.0
12239,1026,3035080046,3,M,,682,RALPH,AVENUE,11212,682 RALPH AVENUE,1065,RALPH AVENUE REHAB,11/28/23,BROOKLYN,118,both,3346780,360190,302619.0,3,3080790.0,682,674,682,RALPH AVENUE,A,1999-10-06,1999-10-06,03/11/2000,03/04/2000,,,,556.0,1389683.0,"§ 27-2013 ADM CODE PAINT WITH LIGHT COLORED PAINT TO THE SATISFACTION OF THIS DEPARTMENT WALLS CEILINGS AND TRIMS THRU OUT 2 STY WEST APT 2C LOCATED AT APT 2C, 2nd STORY, SECTION '' ''",1999-11-16,21.0,NOT COMPLIED WITH,09/19/2012,Original,Open,N,1999,1999.0
12271,1027,3035080050,4,M,,692,RALPH,AVENUE,11212,692 RALPH AVENUE,1066,RALPH AVENUE REHAB,11/28/23,BROOKLYN,118,both,11811793,360193,300904.0,3,3080791.0,692,684,692,RALPH AVENUE,C,2017-06-03,2017-06-03,06/18/2017,06/13/2017,,,,508.0,5767027.0,"§ 27-2005 ADM CODE REPAIR THE BROKEN OR DEFECTIVE PLASTERED SURFACES AND PAINT IN A UNIFORM COLOR 10 SQ FEET AT CEILING IN THE 2nd ROOM FROM NORTH AT EAST LOCATED AT APT 1C, 1st STORY, 2nd APARTMENT FROM EAST AT SOUTH",2017-06-05,19.0,VIOLATION CLOSED,06/23/2017,Original,Close,N,2017,2017.0
12272,1027,3035080050,4,M,,692,RALPH,AVENUE,11212,692 RALPH AVENUE,1066,RALPH AVENUE REHAB,11/28/23,BROOKLYN,118,both,11811796,360193,300904.0,3,3080791.0,692,684,692,RALPH AVENUE,B,2017-06-03,2017-06-03,07/24/2017,07/10/2017,,,,508.0,5767026.0,"§ 27-2005 ADM CODE REPAIR THE BROKEN OR DEFECTIVE PLASTERED SURFACES AND PAINT IN A UNIFORM COLOR THE EAST WALL IN THE 2nd ROOM FROM NORTH AT EAST LOCATED AT APT 1C, 1st STORY, 2nd APARTMENT FROM EAST AT SOUTH",2017-06-05,19.0,VIOLATION CLOSED,11/20/2025,Original,Close,N,2017,2017.0
12273,1027,3035080050,4,M,,692,RALPH,AVENUE,11212,692 RALPH AVENUE,1066,RALPH AVENUE REHAB,11/28/23,BROOKLYN,118,both,12104435,360193,300904.0,3,3080791.0,692,684,692,RALPH AVENUE,I,2017-11-28,2017-11-28,,,,,,780.0,,"§27-2107 ADM CODE OWNER FAILED TO FILE A VALID REGISTRATION STATEMENT WITH THE DEPARTMENT AS REQUIRED BY ADM CODE §27-2097 AND IS THEREFORE SUBJECT TO CIVIL PENALTIES, PROHIBITED FROM CERTIFYING VIOLATIONS, AND DENIED THE RIGHT TO RECOVER POSSESSION OF PREMISES FOR NONPAYMENT OF RENT UNTIL A VALID REGISTRATION STATEMENT IS FILED.",,9.0,VIOLATION DISMISSED,01/16/2019,,Close,N,2017,
12274,1027,3035080050,4,M,,692,RALPH,AVENUE,11212,692 RALPH AVENUE,1066,RALPH AVENUE REHAB,11/28/23,BROOKLYN,118,both,2278572,360193,300904.0,3,3080791.0,692,684,692,RALPH AVENUE,A,1996-11-06,1996-11-06,12/08/2007,11/24/2007,,,,772.0,3057213.0,§ 27-2098 ADM CODE FILE WITH THIS DEPARTMENT A REGISTRATION STATEMENT FOR BUILDING.,2007-08-21,9.0,VIOLATION DISMISSED,03/10/2015,Reissued,Close,Y,1996,2007.0
12275,1027,3035080050,4,M,,692,RALPH,AVENUE,11212,692 RALPH AVENUE,1066,RALPH AVENUE REHAB,11/28/23,BROOKLYN,118,both,11101593,360193,300904.0,3,3080791.0,692,684,692,RALPH AVENUE,B,2016-02-03,2016-02-04,03/25/2016,03/11/2016,,,,570.0,5358379.0,"§ 27-2018 ADMIN. CODE: ABATE THE NUISANCE CONSISTING OF BEDBUGS LOCATED AT APT 2B, 2nd STORY, 1st APARTMENT FROM EAST AT SOUTH , SECTION AT EAST",2016-02-05,19.0,VIOLATION CLOSED,11/20/2025,Original,Close,N,2016,2016.0
12276,1027,3035080050,4,M,,692,RALPH,AVENUE,11212,692 RALPH AVENUE,1066,RALPH AVENUE REHAB,11/28/23,BROOKLYN,118,both,11101597,360193,300904.0,3,3080791.0,692,684,692,RALPH AVENUE,A,2016-02-03,2016-02-04,05/24/2016,05/10/2016,,,,501.0,5358378.0,"§ 27-2005 ADM CODE PROPERLY REPAIR THE BROKEN OR DEFECTIVE COUNTER BALANCE AT LOWER WINDOW SASH, EAST WALL IN THE KITCHEN LOCATED AT APT 2B, 2nd STORY, 1st APARTMENT FROM EAST AT SOUTH , SECTION AT EAST",2016-02-05,19.0,VIOLATION CLOSED,11/20/2025,Original,Close,N,2016,2016.0
12277,1027,3035080050,4,M,,692,RALPH,AVENUE,11212,692 RALPH AVENUE,1066,RALPH AVENUE REHAB,11/28/23,BROOKLYN,118,both,11473226,360193,300904.0,3,3080791.0,692,684,692,RALPH AVENUE,B,2016-10-31,2016-11-01,12/21/2016,12/07/2016,,,,577.0,5567659.0,"§ 27-2024 ADM CODE PROVIDE ADEQUATE SUPPLY OF HOT WATER FOR THE FIXTURES AT WASH BASIN IN THE BATHROOM LOCATED AT APT 2C, 2nd STORY, 1st APARTMENT FROM SOUTH AT WEST",2016-11-02,19.0,VIOLATION CLOSED,11/20/2025,Original,Close,Y,2016,2016.0
12278,1027,3035080050,4,M,,692,RALPH,AVENUE,11212,692 RALPH AVENUE,1066,RALPH AVENUE REHAB,11/28/23,BROOKLYN,118,both,2278558,360193,300904.0,3,3080791.0,692,684,692,RALPH AVENUE,C,1989-11-14,1989-11-14,09/01/2007,08/27/2007,,,,672.0,3057215.0,§ 27-2033 ADM CODE PROVIDE READY ACCESS TO BUILDINGS HEATING SYSTEM CELLAR DOOR LOCKED.,2007-08-21,19.0,VIOLATION CLOSED,11/20/2025,Reissued,Close,N,1989,2007.0
12283,1027,3035080050,4,M,,692,RALPH,AVENUE,11212,692 RALPH AVENUE,1066,RALPH AVENUE REHAB,11/28/23,BROOKLYN,118,both,11473219,360193,300904.0,3,3080791.0,692,684,692,RALPH AVENUE,C,2016-10-31,2016-11-01,11/15/2016,11/10/2016,,,,510.0,5567660.0,"§ 27-2005 ADM CODE & 309 M/D LAW ABATE THE NUISANCE CONSISTING OF SCALDING HOT WATER EXCEEDS THE MAXIMUM ALLOWED OF130 DEGREES FOUND HOT WATER TO BE 136 DEGREES THERMOMETER #92024 IN THE KITCHEN LOCATED AT APT 2C, 2nd STORY, 1st APARTMENT FROM SOUTH AT WEST",2016-11-02,19.0,VIOLATION CLOSED,11/20/2025,Original,Close,N,2016,2016.0
12284,1027,3035080050,4,M,,692,RALPH,AVENUE,11212,692 RALPH AVENUE,1066,RALPH AVENUE REHAB,11/28/23,BROOKLYN,118,both,11504856,360193,300904.0,3,3080791.0,692,684,692,RALPH AVENUE,I,2016-11-14,2016-11-14,,,,,,780.0,,"§27-2107 ADM CODE OWNER FAILED TO FILE A VALID REGISTRATION STATEMENT WITH THE DEPARTMENT AS REQUIRED BY ADM CODE §27-2097 AND IS THEREFORE SUBJECT TO CIVIL PENALTIES, PROHIBITED FROM CERTIFYING VIOLATIONS, AND DENIED THE RIGHT TO RECOVER POSSESSION OF PREMISES FOR NONPAYMENT OF RENT UNTIL A VALID REGISTRATION STATEMENT IS FILED.",,9.0,VIOLATION DISMISSED,01/16/2019,,Close,N,2016,
12292,1027,3035080050,4,M,,692,RALPH,AVENUE,11212,692 RALPH AVENUE,1066,RALPH AVENUE REHAB,11/28/23,BROOKLYN,118,both,2278556,360193,300904.0,3,3080791.0,692,684,692,RALPH AVENUE,C,1989-11-14,1989-11-14,09/01/2007,08/27/2007,,,,526.0,3057215.0,"§ 27-2005, 2007 ADM CODE REMOVE THE ILLEGAL FASTENING DOUBLE CYLINDER KEY OPERATED LOCK ENTRANCE DOOR 2 STY EAST APT 2D REAR SECTION. LOCATED AT APT 2D",2007-08-21,19.0,VIOLATION CLOSED,11/20/2025,Reissued,Close,Y,1989,2007.0
12293,1027,3035080050,4,M,,692,RALPH,AVENUE,11212,692 RALPH AVENUE,1066,RALPH AVENUE REHAB,11/28/23,BROOKLYN,118,both,10933632,360193,300904.0,3,3080791.0,692,684,692,RALPH AVENUE,I,2015-10-13,2015-10-13,,,,,,780.0,,"§27-2107 ADM CODE OWNER FAILED TO FILE A VALID REGISTRATION STATEMENT WITH THE DEPARTMENT AS REQUIRED BY ADM CODE §27-2097 AND IS THEREFORE SUBJECT TO CIVIL PENALTIES, PROHIBITED FROM CERTIFYING VIOLATIONS, AND DENIED THE RIGHT TO RECOVER POSSESSION OF PREMISES FOR NONPAYMENT OF RENT UNTIL A VALID REGISTRATION STATEMENT IS FILED.",,9.0,VIOLATION DISMISSED,01/16/2019,,Close,N,2015,
12294,1027,3035080050,4,M,,692,RALPH,AVENUE,11212,692 RALPH AVENUE,1066,RALPH AVENUE REHAB,11/28/23,BROOKLYN,118,both,12681910,360193,300904.0,3,3080791.0,692,684,692,RALPH AVENUE,I,2018-10-19,2018-10-19,,,,,,780.0,,"§27-2107 ADM CODE OWNER FAILED TO FILE A VALID REGISTRATION STATEMENT WITH THE DEPARTMENT AS REQUIRED BY ADM CODE §27-2097 AND IS THEREFORE SUBJECT TO CIVIL PENALTIES, PROHIBITED FROM CERTIFYING VIOLATIONS, AND DENIED THE RIGHT TO RECOVER POSSESSION OF PREMISES FOR NONPAYMENT OF RENT UNTIL A VALID REGISTRATION STATEMENT IS FILED.",,9.0,VIOLATION DISMISSED,01/16/2019,,Close,N,2018,
12316,1027,3035080050,4,M,,692,RALPH,AVENUE,11212,692 RALPH AVENUE,1066,RALPH AVENUE REHAB,11/28/23,BROOKLYN,118,both,2052802,360193,300904.0,3,3080791.0,692,684,692,RALPH AVENUE,A,1987-12-29,1987-12-29,05/14/1988,05/07/1988,,,,772.0,1276478.0,D26-41.03 ADM CODE FILE WITH THIS DEPARTMENT A REGISTRATION STATEMENT FOR BUILDING.,1988-01-19,9.0,VIOLATION DISMISSED,03/10/2015,Original,Close,Y,1987,1988.0
12317,1027,3035080050,4,M,,692,RALPH,AVENUE,11212,692 RALPH AVENUE,1066,RALPH AVENUE REHAB,11/28/23,BROOKLYN,118,both,2052803,360193,300904.0,3,3080791.0,692,684,692,RALPH AVENUE,A,1990-10-19,1990-10-19,02/15/1991,02/08/1991,,,,772.0,1276479.0,§ 27-2098 ADM CODE FILE WITH THIS DEPARTMENT A REGISTRATION STATEMENT FOR BUILDING.,1990-10-23,9.0,VIOLATION DISMISSED,03/10/2015,Original,Close,Y,1990,1990.0
12321,1027,3035080050,4,M,,692,RALPH,AVENUE,11212,692 RALPH AVENUE,1066,RALPH AVENUE REHAB,11/28/23,BROOKLYN,118,both,2278560,360193,300904.0,3,3080791.0,692,684,692,RALPH AVENUE,B,1991-11-06,1991-11-06,10/09/2007,09/25/2007,,,,526.0,3057214.0,"§ 27-2005, 2007 ADM CODE REMOVE THE ILLEGAL FASTENING DOUBLE CYLINDER KEY OPERATED LOCK INSTALLED ON ENTRANCE DOOR TO 1 STY SOUTHWEST APT 1C , SECTION '' ''",2007-08-21,19.0,VIOLATION CLOSED,11/20/2025,Reissued,Close,Y,1991,2007.0
12322,1027,3035080050,4,M,,692,RALPH,AVENUE,11212,692 RALPH AVENUE,1066,RALPH AVENUE REHAB,11/28/23,BROOKLYN,118,both,2278561,360193,300904.0,3,3080791.0,692,684,692,RALPH AVENUE,A,1992-10-26,1992-10-26,12/08/2007,11/24/2007,,,,529.0,3057213.0,"§ 27-2005 ADM CODE REFIT WINDOW AT SOUTH ROOM 3 STY SOUTHWEST APT 3F , SECTION '' ''",2007-08-21,22.0,FIRST NO ACCESS TO RE- INSPECT VIOLATION,11/20/2025,Reissued,Open,N,1992,2007.0
12323,1027,3035080050,4,M,,692,RALPH,AVENUE,11212,692 RALPH AVENUE,1066,RALPH AVENUE REHAB,11/28/23,BROOKLYN,118,both,11101599,360193,300904.0,3,3080791.0,692,684,692,RALPH AVENUE,A,2016-02-03,2016-02-03,05/23/2016,05/09/2016,,,,501.0,5357430.0,"§ 27-2005 ADM CODE PROPERLY REPAIR THE BROKEN OR DEFECTIVE MAILBOX DOOR LOCK , 1ST STORY PUBLIC HALL",2016-02-04,19.0,VIOLATION CLOSED,11/20/2025,Original,Close,N,2016,2016.0
12326,1027,3035080050,4,M,,692,RALPH,AVENUE,11212,692 RALPH AVENUE,1066,RALPH AVENUE REHAB,11/28/23,BROOKLYN,118,both,2278568,360193,300904.0,3,3080791.0,692,684,692,RALPH AVENUE,B,1992-10-26,1992-10-26,10/09/2007,09/25/2007,,,,506.0,3057214.0,"§ 27-2005 ADM CODE REPLACE WITH NEW THE MISSING LOCKING DEVICE CENTER ROOM 3 STY SOUTHWEST APT 3F , SECTION '' ''",2007-08-21,22.0,FIRST NO ACCESS TO RE- INSPECT VIOLATION,11/20/2025,Reissued,Open,N,1992,2007.0
12339,1027,3035080050,4,M,,692,RALPH,AVENUE,11212,692 RALPH AVENUE,1066,RALPH AVENUE REHAB,11/28/23,BROOKLYN,118,both,11101594,360193,300904.0,3,3080791.0,692,684,692,RALPH AVENUE,B,2016-02-03,2016-02-04,03/25/2016,03/11/2016,,,,569.0,5358379.0,"§ 27-2018 ADMIN. CODE: ABATE THE NUISANCE CONSISTING OF MICE LOCATED AT APT 2B, 2nd STORY, 1st APARTMENT FROM EAST AT SOUTH , SECTION AT EAST",2016-02-05,19.0,VIOLATION CLOSED,11/20/2025,Original,Close,N,2016,2016.0
12340,1027,3035080050,4,M,,692,RALPH,AVENUE,11212,692 RALPH AVENUE,1066,RALPH AVENUE REHAB,11/28/23,BROOKLYN,118,both,11811748,360193,300904.0,3,3080791.0,692,684,692,RALPH AVENUE,B,2017-06-03,2017-06-03,07/24/2017,07/10/2017,,,,550.0,5767026.0,"§ 27-2005 HMC:TRACE AND REPAIR THE SOURCE AND ABATE THE NUISANCE CONSISTING OF MOLD ... 5 SQ FEET AT CEILING IN THE 2nd ROOM FROM NORTH AT EAST LOCATED AT APT 1C, 1st STORY, 2nd APARTMENT FROM EAST AT SOUTH",2017-06-05,19.0,VIOLATION CLOSED,11/20/2025,Original,Close,N,2017,2017.0
12341,1027,3035080050,4,M,,692,RALPH,AVENUE,11212,692 RALPH AVENUE,1066,RALPH AVENUE REHAB,11/28/23,BROOKLYN,118,both,11811761,360193,300904.0,3,3080791.0,692,684,692,RALPH AVENUE,C,2017-06-03,2017-06-03,06/18/2017,06/13/2017,,,,583.0,5767027.0,"§ 27-2026, 2027 HMC: PROPERLY REPAIR THE SOURCE AND ABATE THE EVIDENCE OF A WATER LEAK FROM CEILING TO WALL IN THE 2nd ROOM FROM NORTH AT EAST LOCATED AT APT 1C, 1st STORY, 2nd APARTMENT FROM EAST AT SOUTH",2017-06-05,19.0,VIOLATION CLOSED,06/20/2017,Original,Close,N,2017,2017.0
12354,1027,3035080050,4,M,,692,RALPH,AVENUE,11212,692 RALPH AVENUE,1066,RALPH AVENUE REHAB,11/28/23,BROOKLYN,118,both,11101600,360193,300904.0,3,3080791.0,692,684,692,RALPH AVENUE,A,2016-02-03,2016-02-03,05/23/2016,05/09/2016,,,,501.0,5357430.0,§ 27-2005 ADM CODE PROPERLY REPAIR THE BROKEN OR DEFECTIVE HEAVY DUTY LOCK AT DOOR ENTRANCE TO BUILDING,2016-02-04,19.0,VIOLATION CLOSED,11/20/2025,Original,Close,N,2016,2016.0
12355,1027,3035080050,4,M,,692,RALPH,AVENUE,11212,692 RALPH AVENUE,1066,RALPH AVENUE REHAB,11/28/23,BROOKLYN,118,both,10581272,360193,300904.0,3,3080791.0,692,684,692,RALPH AVENUE,I,2015-02-24,2015-02-24,,,,,,780.0,,"§27-2107 ADM CODE OWNER FAILED TO FILE A VALID REGISTRATION STATEMENT WITH THE DEPARTMENT AS REQUIRED BY ADM CODE §27-2097 AND IS THEREFORE SUBJECT TO CIVIL PENALTIES, PROHIBITED FROM CERTIFYING VIOLATIONS, AND DENIED THE RIGHT TO RECOVER POSSESSION OF PREMISES FOR NONPAYMENT OF RENT UNTIL A VALID REGISTRATION STATEMENT IS FILED.",,9.0,VIOLATION DISMISSED,01/16/2019,,Close,N,2015,
12369,1027,3035080050,4,M,,692,RALPH,AVENUE,11212,692 RALPH AVENUE,1066,RALPH AVENUE REHAB,11/28/23,BROOKLYN,118,both,11101595,360193,300904.0,3,3080791.0,692,684,692,RALPH AVENUE,A,2016-02-03,2016-02-04,05/24/2016,05/10/2016,,,,502.0,5358378.0,"§ 27-2005 ADM CODE PROPERLY REPAIR WITH SIMILAR MATERIAL THE BROKEN OR DEFECTIVE BASEBOARD AT NORTH WALL, AND SOUTH WALL IN THE KITCHEN LOCATED AT APT 2B, 2nd STORY, 1st APARTMENT FROM EAST AT SOUTH , SECTION AT EAST",2016-02-05,19.0,VIOLATION CLOSED,11/20/2025,Original,Close,N,2016,2016.0
12370,1027,3035080050,4,M,,692,RALPH,AVENUE,11212,692 RALPH AVENUE,1066,RALPH AVENUE REHAB,11/28/23,BROOKLYN,118,both,11101596,360193,300904.0,3,3080791.0,692,684,692,RALPH AVENUE,A,2016-02-03,2016-02-04,05/24/2016,05/10/2016,,,,688.0,5358378.0,"§ 27-2037, 2038 HMC: PROVIDE A SAFE AND ADEQUATE SUPPLY OF ELECTRIC SERVICE TO THE FIXTURES ELECTRICAL OUTLET AT NORTH WALL,AND EAST WALL IN THE 2nd ROOM FROM NORTH LOCATED AT APT 2B, 2nd STORY, 1st APARTMENT FROM EAST AT SOUTH , SECTION AT EAST",2016-02-05,19.0,VIOLATION CLOSED,11/20/2025,Original,Close,N,2016,2016.0
12371,1027,3035080050,4,M,,692,RALPH,AVENUE,11212,692 RALPH AVENUE,1066,RALPH AVENUE REHAB,11/28/23,BROOKLYN,118,both,11101598,360193,300904.0,3,3080791.0,692,684,692,RALPH AVENUE,A,2016-02-03,2016-02-04,05/24/2016,05/10/2016,,,,502.0,5358378.0,"§ 27-2005 ADM CODE PROPERLY REPAIR WITH SIMILAR MATERIAL THE BROKEN OR DEFECTIVE WOOD FLOOR IN THE 3rd ROOM FROM NORTH AT WEST LOCATED AT APT 2B, 2nd STORY, 1st APARTMENT FROM EAST AT SOUTH , SECTION AT EAST",2016-02-05,19.0,VIOLATION CLOSED,11/20/2025,Original,Close,N,2016,2016.0
12372,1027,3035080050,4,M,,692,RALPH,AVENUE,11212,692 RALPH AVENUE,1066,RALPH AVENUE REHAB,11/28/23,BROOKLYN,118,both,11473228,360193,300904.0,3,3080791.0,692,684,692,RALPH AVENUE,B,2016-10-31,2016-11-01,12/21/2016,12/07/2016,,,,1502.0,5567659.0,"§ 27-2046.1, 2046.2 HMC: PROVIDE AN APPROVED AND OPERATIONAL CARBON MONOXIDE DETECTING DEVICE, INSTALLED IN ACCORDANCE WITH APPLICABLE LAW AND RULES. IN THE ENTIRE APARTMENT LOCATED AT APT 2C, 2nd STORY, 1st APARTMENT FROM SOUTH AT WEST",2016-11-02,19.0,VIOLATION CLOSED,11/20/2025,Original,Close,N,2016,2016.0
12373,1027,3035080050,4,M,,692,RALPH,AVENUE,11212,692 RALPH AVENUE,1066,RALPH AVENUE REHAB,11/28/23,BROOKLYN,118,both,11473229,360193,300904.0,3,3080791.0,692,684,692,RALPH AVENUE,B,2016-10-31,2016-11-01,12/21/2016,12/07/2016,,,,502.0,5567659.0,"§ 27-2005 ADM CODE PROPERLY REPAIR WITH SIMILAR MATERIAL THE BROKEN OR DEFECTIVE FIRE RETARDING MATERIALS PLASTER CEILING AT PUBLIC HALL, 1st STORY",2016-11-02,19.0,VIOLATION CLOSED,11/20/2025,Original,Close,N,2016,2016.0
12374,1027,3035080050,4,M,,692,RALPH,AVENUE,11212,692 RALPH AVENUE,1066,RALPH AVENUE REHAB,11/28/23,BROOKLYN,118,both,11473231,360193,300904.0,3,3080791.0,692,684,692,RALPH AVENUE,A,2016-10-31,2016-11-01,02/19/2017,02/05/2017,,,,556.0,5567658.0,"§ 27-2013 ADM CODE PAINT WITH LIGHT COLORED PAINT TO THE SATISFACTION OF THIS DEPARTMENT THE CEILING AT PUBLIC HALL, 1st STORY",2016-11-02,19.0,VIOLATION CLOSED,11/20/2025,Original,Close,N,2016,2016.0
12409,1027,3035080050,4,M,,692,RALPH,AVENUE,11212,692 RALPH AVENUE,1066,RALPH AVENUE REHAB,11/28/23,BROOKLYN,118,both,2278552,360193,300904.0,3,3080791.0,692,684,692,RALPH AVENUE,C,1989-02-09,1989-02-09,09/01/2007,08/27/2007,,,,671.0,3057215.0,"§ 27-2033 ADM CODE POST NOTICE, IN FORM APPROVED BY THE DEPARTMENT, STATING THE NAME AND LOCATION OF THE PERSON DESIGNATED BY THE OWNER TO HAVE KEY TO BUILDINGS HEATING SYSTEM 1 STY PUBLIC HALL & ON BOILER ROOM DOOR.",2007-08-21,19.0,VIOLATION CLOSED,11/20/2025,Reissued,Close,N,1989,2007.0
12410,1027,3035080050,4,M,,692,RALPH,AVENUE,11212,692 RALPH AVENUE,1066,RALPH AVENUE REHAB,11/28/23,BROOKLYN,118,both,2278553,360193,300904.0,3,3080791.0,692,684,692,RALPH AVENUE,C,1989-02-09,1989-02-09,09/01/2007,08/27/2007,,,,672.0,3057215.0,§ 27-2033 ADM CODE PROVIDE READY ACCESS TO BUILDINGS HEATING SYSTEM CELLAR DOOR PADLOCKED.,2007-08-21,19.0,VIOLATION CLOSED,11/20/2025,Reissued,Close,N,1989,2007.0
12411,1027,3035080050,4,M,,692,RALPH,AVENUE,11212,692 RALPH AVENUE,1066,RALPH AVENUE REHAB,11/28/23,BROOKLYN,118,both,2278554,360193,300904.0,3,3080791.0,692,684,692,RALPH AVENUE,B,1989-05-30,1989-05-30,10/09/2007,09/25/2007,,,,701.0,3057214.0,"§ 27-2045, 2046 ADM CODE PROVIDE AN APPROVED AND OPERATIONAL SMOKE DETECTING DEVICE, INSTALLED IN ACCORDANCE WITH DEPARTMENT OF BUILDINGS RULES AND REGULATIONS MISSING 2 STY NORTHEAST APT 2B. , SECTION '' ''",2007-08-21,19.0,VIOLATION CLOSED,11/20/2025,Reissued,Close,N,1989,2007.0
12412,1027,3035080050,4,M,,692,RALPH,AVENUE,11212,692 RALPH AVENUE,1066,RALPH AVENUE REHAB,11/28/23,BROOKLYN,118,both,2278555,360193,300904.0,3,3080791.0,692,684,692,RALPH AVENUE,C,1989-11-14,1989-11-14,09/01/2007,08/27/2007,,,,670.0,3057215.0,§ 27-2031 ADM CODE PROVIDE HOT WATER AT ALL HOT WATER FIXTURES 2 STY EAST APT 2D REAR SECTION KITCHEN & BATHROOM. LOCATED AT APT 2D,2007-08-21,19.0,VIOLATION CLOSED,11/20/2025,Reissued,Close,Y,1989,2007.0
12413,1027,3035080050,4,M,,692,RALPH,AVENUE,11212,692 RALPH AVENUE,1066,RALPH AVENUE REHAB,11/28/23,BROOKLYN,118,both,2278557,360193,300904.0,3,3080791.0,692,684,692,RALPH AVENUE,C,1989-11-14,1989-11-14,09/01/2007,08/27/2007,,,,671.0,3057215.0,"§ 27-2033 ADM CODE POST NOTICE, IN FORM APPROVED BY THE DEPARTMENT, STATING THE NAME AND LOCATION OF THE PERSON DESIGNATED BY THE OWNER TO HAVE KEY TO BUILDINGS HEATING SYSTEM 1 STY PUBLIC HALL & ON BOILER ROOM DOOR.",2007-08-21,19.0,VIOLATION CLOSED,11/20/2025,Reissued,Close,N,1989,2007.0
12414,1027,3035080050,4,M,,692,RALPH,AVENUE,11212,692 RALPH AVENUE,1066,RALPH AVENUE REHAB,11/28/23,BROOKLYN,118,both,2278562,360193,300904.0,3,3080791.0,692,684,692,RALPH AVENUE,B,1992-10-26,1992-10-26,10/09/2007,09/25/2007,,,,593.0,3057214.0,"§ 27-2026 ADM CODE REPAIR THE FLUSHING APPARATUS AND MAINTAIN SAME SO AS TO FLUSH EFFECTIVELY THE WATER CLOSET BATHROOM 3 STY SOUTHWEST APT 3F , SECTION '' ''",2007-08-21,22.0,FIRST NO ACCESS TO RE- INSPECT VIOLATION,11/20/2025,Reissued,Open,Y,1992,2007.0
12415,1027,3035080050,4,M,,692,RALPH,AVENUE,11212,692 RALPH AVENUE,1066,RALPH AVENUE REHAB,11/28/23,BROOKLYN,118,both,2278563,360193,300904.0,3,3080791.0,692,684,692,RALPH AVENUE,B,1992-10-26,1992-10-26,10/09/2007,09/25/2007,,,,501.0,3057214.0,"§ 27-2005 ADM CODE PROPERLY REPAIR THE BROKEN OR DEFECTIVE COLD WATER SUPPLY LINE WATER CLOSET BATHROOM 3 STY SOUTHWEST APT 3F , SECTION '' ''",2007-08-21,22.0,FIRST NO ACCESS TO RE- INSPECT VIOLATION,11/20/2025,Reissued,Open,N,1992,2007.0
12416,1027,3035080050,4,M,,692,RALPH,AVENUE,11212,692 RALPH AVENUE,1066,RALPH AVENUE REHAB,11/28/23,BROOKLYN,118,both,2278564,360193,300904.0,3,3080791.0,692,684,692,RALPH AVENUE,B,1992-10-26,1992-10-26,10/09/2007,09/25/2007,,,,508.0,3057214.0,"§ 27-2005 ADM CODE REPAIR THE BROKEN OR DEFECTIVE PLASTERED SURFACES AND PAINT IN A UNIFORM COLOR CEILING KITCHEN 3 STY SOUTHWEST APT 3F , SECTION '' ''",2007-08-21,22.0,FIRST NO ACCESS TO RE- INSPECT VIOLATION,11/20/2025,Reissued,Open,N,1992,2007.0
12417,1027,3035080050,4,M,,692,RALPH,AVENUE,11212,692 RALPH AVENUE,1066,RALPH AVENUE REHAB,11/28/23,BROOKLYN,118,both,2278565,360193,300904.0,3,3080791.0,692,684,692,RALPH AVENUE,A,1992-10-26,1992-10-26,12/08/2007,11/24/2007,,,,556.0,3057213.0,"§ 27-2013 ADM CODE PAINT WITH LIGHT COLORED PAINT TO THE SATISFACTION OF THIS DEPARTMENT WALLS CEILINGS AND WOODWORK THRU OUT 3 STY SOUTHWEST APT 3F , SECTION '' ''",2007-08-21,22.0,FIRST NO ACCESS TO RE- INSPECT VIOLATION,11/20/2025,Reissued,Open,N,1992,2007.0
12418,1027,3035080050,4,M,,692,RALPH,AVENUE,11212,692 RALPH AVENUE,1066,RALPH AVENUE REHAB,11/28/23,BROOKLYN,118,both,2278566,360193,300904.0,3,3080791.0,692,684,692,RALPH AVENUE,B,1992-10-26,1992-10-26,10/09/2007,09/25/2007,,,,566.0,3057214.0,"§ 27-2018 ADM CODE ABATE THE NUISANCE CONSISTING OF VERMIN MICE AND ROACHESD THRU OUT 3 STY SOUTHWEST APT 3F , SECTION '' ''",2007-08-21,22.0,FIRST NO ACCESS TO RE- INSPECT VIOLATION,11/20/2025,Reissued,Open,N,1992,2007.0
12419,1027,3035080050,4,M,,692,RALPH,AVENUE,11212,692 RALPH AVENUE,1066,RALPH AVENUE REHAB,11/28/23,BROOKLYN,118,both,2278567,360193,300904.0,3,3080791.0,692,684,692,RALPH AVENUE,B,1992-10-26,1992-10-26,10/09/2007,09/25/2007,,,,505.0,3057214.0,"§ 27-2005 ADM CODE REPLACE WITH NEW THE BROKEN OR DEFECTIVE DOOR AT SOUTH ROOM 3 STY SOUTHWEST APT 3F , SECTION '' ''",2007-08-21,22.0,FIRST NO ACCESS TO RE- INSPECT VIOLATION,11/20/2025,Reissued,Open,N,1992,2007.0
12420,1027,3035080050,4,M,,692,RALPH,AVENUE,11212,692 RALPH AVENUE,1066,RALPH AVENUE REHAB,11/28/23,BROOKLYN,118,both,2278569,360193,300904.0,3,3080791.0,692,684,692,RALPH AVENUE,B,1992-10-26,1992-10-26,10/09/2007,09/25/2007,,,,508.0,3057214.0,"§ 27-2005 ADM CODE REPAIR THE BROKEN OR DEFECTIVE PLASTERED SURFACES AND PAINT IN A UNIFORM COLOR WALLS BATHROOM 3 STY SOUTHWEST APT 3F , SECTION '' ''",2007-08-21,22.0,FIRST NO ACCESS TO RE- INSPECT VIOLATION,11/20/2025,Reissued,Open,N,1992,2007.0
12421,1027,3035080050,4,M,,692,RALPH,AVENUE,11212,692 RALPH AVENUE,1066,RALPH AVENUE REHAB,11/28/23,BROOKLYN,118,both,2278570,360193,300904.0,3,3080791.0,692,684,692,RALPH AVENUE,C,1993-05-17,1993-05-17,09/01/2007,08/27/2007,,,,526.0,3057215.0,"§ 27-2005, 2007 ADM CODE REMOVE THE ILLEGAL FASTENING DOUBLE CYLINDER KEY OPERATED LOCK INSTALLED ENTRANCE 1 STY SOUTHWEST APT 1C. , SECTION '' ''",2007-08-21,19.0,VIOLATION CLOSED,11/20/2025,Reissued,Close,Y,1993,2007.0
12422,1027,3035080050,4,M,,692,RALPH,AVENUE,11212,692 RALPH AVENUE,1066,RALPH AVENUE REHAB,11/28/23,BROOKLYN,118,both,2278571,360193,300904.0,3,3080791.0,692,684,692,RALPH AVENUE,A,1993-05-17,1993-05-17,12/08/2007,11/24/2007,,,,556.0,3057213.0,"§ 27-2013 ADM CODE PAINT WITH LIGHT COLORED PAINT TO THE SATISFACTION OF THIS DEPARTMENT WALLS & CEILING SOUTHWEST ROOM 1 STY SOUTHWEST APT 1C. , SECTION '' ''",2007-08-21,19.0,VIOLATION CLOSED,11/20/2025,Reissued,Close,N,1993,2007.0
12443,1028,3035080054,5,M,,698,RALPH,AVENUE,11212,698 RALPH AVENUE,1067,RALPH AVENUE REHAB,11/28/23,BROOKLYN,118,both,11572443,360199,327378.0,3,3080792.0,698,694,698,RALPH AVENUE,A,2016-12-14,2016-12-15,04/04/2017,03/21/2017,,,,1501.0,5640314.0,"§ 27-2046.1 HMC: POST A PROPER NOTICE OF CARBON MONOXIDE DETECTING DEVICE REQUIREMENTS, IN A FORM APPROVED BY THE COMMISSIONER, IN A COMMON AREA OF A CLASS A MULTIPLE DWELLING NEAR INSPECTION CERTIFICATE OR PROVIDE NOTICE TO TENANTS IN A PRIVATE DWELLING. AT PUBLIC HALL, 1st STORY",2016-12-16,19.0,VIOLATION CLOSED,05/26/2023,Original,Close,N,2016,2016.0
12454,1028,3035080054,5,M,,698,RALPH,AVENUE,11212,698 RALPH AVENUE,1067,RALPH AVENUE REHAB,11/28/23,BROOKLYN,118,both,11505660,360199,327378.0,3,3080792.0,698,694,698,RALPH AVENUE,I,2016-11-14,2016-11-14,,,,,,780.0,,"§27-2107 ADM CODE OWNER FAILED TO FILE A VALID REGISTRATION STATEMENT WITH THE DEPARTMENT AS REQUIRED BY ADM CODE §27-2097 AND IS THEREFORE SUBJECT TO CIVIL PENALTIES, PROHIBITED FROM CERTIFYING VIOLATIONS, AND DENIED THE RIGHT TO RECOVER POSSESSION OF PREMISES FOR NONPAYMENT OF RENT UNTIL A VALID REGISTRATION STATEMENT IS FILED.",,9.0,VIOLATION DISMISSED,06/01/2017,,Close,N,2016,
12455,1028,3035080054,5,M,,698,RALPH,AVENUE,11212,698 RALPH AVENUE,1067,RALPH AVENUE REHAB,11/28/23,BROOKLYN,118,both,11572431,360199,327378.0,3,3080792.0,698,694,698,RALPH AVENUE,C,2016-12-14,2016-12-15,12/29/2016,12/24/2016,,,,513.0,5640315.0,"§ 27-2005 ADM CODE FIRE ESCAPE DEFECTIVE. ADJUST THE DROPLADDER SO THAT IT WILL SLIDE EASILY IN THE GUIDE RODS , NORTH FIRE ESCAPE DROP LADDER EXTENDED TO GROUND AT NORTH COURT",2016-12-16,19.0,VIOLATION CLOSED,05/26/2023,Original,Close,Y,2016,2016.0
12456,1028,3035080054,5,M,,698,RALPH,AVENUE,11212,698 RALPH AVENUE,1067,RALPH AVENUE REHAB,11/28/23,BROOKLYN,118,both,11572444,360199,327378.0,3,3080792.0,698,694,698,RALPH AVENUE,A,2016-12-14,2016-12-15,04/04/2017,03/21/2017,,,,700.0,5640314.0,"§ 27-2045 ADM CODE POST A PROPER NOTICE OF SMOKE DETECTOR REQUIREMENTS, IN A FORM APPROVED BY THE COMMISSIONER, AT OR NEAR THE MAIL BOX NOTICE MISSING FROM THE WALL AT PUBLIC HALL, 1st STORY",2016-12-16,19.0,VIOLATION CLOSED,05/26/2023,Original,Close,N,2016,2016.0
12457,1028,3035080054,5,M,,698,RALPH,AVENUE,11212,698 RALPH AVENUE,1067,RALPH AVENUE REHAB,11/28/23,BROOKLYN,118,both,1978897,360199,327378.0,3,3080792.0,698,694,698,RALPH AVENUE,B,1991-03-19,1991-03-19,06/03/1991,05/27/1991,,,,508.0,1276498.0,"§ 27-2005 ADM CODE REPAIR THE BROKEN OR DEFECTIVE PLASTERED SURFACES AND PAINT IN A UNIFORM COLOR WALLS AT BASEBOARD HEATERS THRU OUT 2 STY NORTHWEST APT 2E. , SECTION '' ''",1991-04-09,2.0,NOV SENT OUT,04/09/1991,Original,Open,N,1991,1991.0
12460,1028,3035080054,5,M,,698,RALPH,AVENUE,11212,698 RALPH AVENUE,1067,RALPH AVENUE REHAB,11/28/23,BROOKLYN,118,both,2052822,360199,327378.0,3,3080792.0,698,694,698,RALPH AVENUE,B,1991-06-06,1991-06-06,08/19/1991,08/12/1991,,,,566.0,1276500.0,"§ 27-2018 ADM CODE ABATE THE NUISANCE CONSISTING OF VERMIN MICE AND ROACHES THRU OUT 2 STY NORTHWEST APT 2E. , SECTION '' ''",1991-06-25,2.0,NOV SENT OUT,06/25/1991,Original,Open,N,1991,1991.0
12461,1028,3035080054,5,M,,698,RALPH,AVENUE,11212,698 RALPH AVENUE,1067,RALPH AVENUE REHAB,11/28/23,BROOKLYN,118,both,11572445,360199,327378.0,3,3080792.0,698,694,698,RALPH AVENUE,C,2016-12-14,2016-12-15,12/29/2016,12/24/2016,,,,671.0,5640315.0,"§ 27-2033 ADM CODE POST NOTICE, IN FORM APPROVED BY THE DEPARTMENT, STATING THE NAME AND LOCATION OF THE PERSON DESIGNATED BY THE OWNER TO HAVE KEY TO BUILDINGS HEATING SYSTEM ON THE WALL AT 1ST STY PUBLIC HALL AND ON THE DOOR OUTSIDE THE BOILER ROOM AT BASEMENT",2016-12-16,19.0,VIOLATION CLOSED,05/26/2023,Original,Close,N,2016,2016.0
12463,1028,3035080054,5,M,,698,RALPH,AVENUE,11212,698 RALPH AVENUE,1067,RALPH AVENUE REHAB,11/28/23,BROOKLYN,118,both,10998081,360199,327378.0,3,3080792.0,698,694,698,RALPH AVENUE,A,2015-11-10,2015-11-10,02/29/2016,02/15/2016,,,,556.0,5304661.0,"§ 27-2013 ADM CODE PAINT WITH LIGHT COLORED PAINT TO THE SATISFACTION OF THIS DEPARTMENT ALL WALLS AT PUBLIC HALL STAIRS, 1st STORY, SECTION ''698''",2015-11-12,2.0,NOV SENT OUT,11/12/2015,Original,Open,N,2015,2015.0
12464,1028,3035080054,5,M,,698,RALPH,AVENUE,11212,698 RALPH AVENUE,1067,RALPH AVENUE REHAB,11/28/23,BROOKLYN,118,both,1978915,360199,327378.0,3,3080792.0,698,694,698,RALPH AVENUE,B,1992-09-18,1992-09-18,12/21/1992,12/14/1992,,,,701.0,1276506.0,"§ 27-2045, 2046 ADM CODE PROVIDE AN APPROVED AND OPERATIONAL SMOKE DETECTING DEVICE, INSTALLED IN ACCORDANCE WITH DEPARTMENT OF BUILDINGS RULES AND REGULATIONS MISSING 3 STY WEST APT 3C LOCATED AT APT 3C",1992-10-27,2.0,NOV SENT OUT,10/27/1992,Original,Open,N,1992,1992.0
12466,1028,3035080054,5,M,,698,RALPH,AVENUE,11212,698 RALPH AVENUE,1067,RALPH AVENUE REHAB,11/28/23,BROOKLYN,118,both,2052828,360199,327378.0,3,3080792.0,698,694,698,RALPH AVENUE,B,1994-06-08,1994-06-08,08/15/1994,08/08/1994,,,,566.0,1276509.0,"§ 27-2018 ADM CODE ABATE THE NUISANCE CONSISTING OF VERMIN MICE THRU OUT 2 STY NORTHWEST APT 2E , SECTION '' ''",1994-06-21,2.0,NOV SENT OUT,06/21/1994,Original,Open,N,1994,1994.0
12467,1028,3035080054,5,M,,698,RALPH,AVENUE,11212,698 RALPH AVENUE,1067,RALPH AVENUE REHAB,11/28/23,BROOKLYN,118,both,2052829,360199,327378.0,3,3080792.0,698,694,698,RALPH AVENUE,A,1996-11-06,1996-11-06,12/08/2006,11/24/2006,,,,772.0,2779589.0,§ 27-2098 ADM CODE FILE WITH THIS DEPARTMENT A REGISTRATION STATEMENT FOR BUILDING.,2006-07-28,9.0,VIOLATION DISMISSED,03/10/2015,Reissued,Close,Y,1996,2006.0
12469,1028,3035080054,5,M,,698,RALPH,AVENUE,11212,698 RALPH AVENUE,1067,RALPH AVENUE REHAB,11/28/23,BROOKLYN,118,both,10582219,360199,327378.0,3,3080792.0,698,694,698,RALPH AVENUE,I,2015-02-24,2015-02-24,,,,,,780.0,,"§27-2107 ADM CODE OWNER FAILED TO FILE A VALID REGISTRATION STATEMENT WITH THE DEPARTMENT AS REQUIRED BY ADM CODE §27-2097 AND IS THEREFORE SUBJECT TO CIVIL PENALTIES, PROHIBITED FROM CERTIFYING VIOLATIONS, AND DENIED THE RIGHT TO RECOVER POSSESSION OF PREMISES FOR NONPAYMENT OF RENT UNTIL A VALID REGISTRATION STATEMENT IS FILED.",,9.0,VIOLATION DISMISSED,06/01/2017,,Close,N,2015,
12470,1028,3035080054,5,M,,698,RALPH,AVENUE,11212,698 RALPH AVENUE,1067,RALPH AVENUE REHAB,11/28/23,BROOKLYN,118,both,10935304,360199,327378.0,3,3080792.0,698,694,698,RALPH AVENUE,I,2015-10-13,2015-10-13,,,,,,780.0,,"§27-2107 ADM CODE OWNER FAILED TO FILE A VALID REGISTRATION STATEMENT WITH THE DEPARTMENT AS REQUIRED BY ADM CODE §27-2097 AND IS THEREFORE SUBJECT TO CIVIL PENALTIES, PROHIBITED FROM CERTIFYING VIOLATIONS, AND DENIED THE RIGHT TO RECOVER POSSESSION OF PREMISES FOR NONPAYMENT OF RENT UNTIL A VALID REGISTRATION STATEMENT IS FILED.",,9.0,VIOLATION DISMISSED,06/01/2017,,Close,N,2015,
12471,1028,3035080054,5,M,,698,RALPH,AVENUE,11212,698 RALPH AVENUE,1067,RALPH AVENUE REHAB,11/28/23,BROOKLYN,118,both,11572438,360199,327378.0,3,3080792.0,698,694,698,RALPH AVENUE,A,2016-12-14,2016-12-15,04/04/2017,03/21/2017,,,,484.0,5640314.0,"§ 329, M/D LAW AND DEPT. RULES AND REGS. PROVIDE A COMPLETED CERTIFICATE OF INSPECTION VISITS IN A PROPER FRAME AT OR NEAR MAILBOXES, BOTTOM EDGE OF FRAME BETWEEN 48-62 INCHES ABOVE FLOOR FRAME MISSING FROM THE WALL AT PUBLIC HALL, 1st STORY",2016-12-16,19.0,VIOLATION CLOSED,05/26/2023,Original,Close,N,2016,2016.0
12472,1028,3035080054,5,M,,698,RALPH,AVENUE,11212,698 RALPH AVENUE,1067,RALPH AVENUE REHAB,11/28/23,BROOKLYN,118,both,11572439,360199,327378.0,3,3080792.0,698,694,698,RALPH AVENUE,A,2016-12-14,2016-12-15,04/04/2017,03/21/2017,,,,500.0,5640314.0,"§ 26-1103 ADMIN. CODE: POST AND MAINTAIN A PROPER NOTICE ON WALL OF THE ENTRANCE STORY IN ENGLISH AND SPANISH ON THE AVAILABILITY OF THE AGENCYS HOUSING INFORMATION GUIDE. A SAMPLE NOTICE CAN BE FOUND AT WWW.NYC.GOV/HPD. AT PUBLIC HALL, 1st STORY",2016-12-16,19.0,VIOLATION CLOSED,05/26/2023,Original,Close,N,2016,2016.0
12473,1028,3035080054,5,M,,698,RALPH,AVENUE,11212,698 RALPH AVENUE,1067,RALPH AVENUE REHAB,11/28/23,BROOKLYN,118,both,11572441,360199,327378.0,3,3080792.0,698,694,698,RALPH AVENUE,A,2016-12-14,2016-12-15,04/04/2017,03/21/2017,,,,778.0,5640314.0,"§ 27-2104 ADM CODE POST AND MAINTAIN A PROPER SIGN ON WALL OF ENTRANCE STORY SHOWING THE REGISTRATION NUMBER ASSIGNED BY THE DEPARTMENT AND THE ADDRESS OF THE BUILDING. AT PUBLIC HALL, 1st STORY",2016-12-16,19.0,VIOLATION CLOSED,05/26/2023,Original,Close,N,2016,2016.0
12484,1028,3035080054,5,M,,698,RALPH,AVENUE,11212,698 RALPH AVENUE,1067,RALPH AVENUE REHAB,11/28/23,BROOKLYN,118,both,1978891,360199,327378.0,3,3080792.0,698,694,698,RALPH AVENUE,B,1989-02-16,1989-02-16,06/19/1989,06/12/1989,,,,502.0,1276496.0,"§ 27-2005 ADM CODE PROPERLY REPAIR WITH SIMILAR MATERIAL THE BROKEN OR DEFECTIVE PLASTERBOARD CEILING 1 STY SOUTHWEST APT 1C CENTER ROOM. , SECTION '' ''",1989-04-25,2.0,NOV SENT OUT,04/25/1989,Original,Open,N,1989,1989.0
12485,1028,3035080054,5,M,,698,RALPH,AVENUE,11212,698 RALPH AVENUE,1067,RALPH AVENUE REHAB,11/28/23,BROOKLYN,118,both,1978893,360199,327378.0,3,3080792.0,698,694,698,RALPH AVENUE,B,1991-03-19,1991-03-19,06/03/1991,05/27/1991,,,,501.0,1276498.0,"§ 27-2005 ADM CODE PROPERLY REPAIR THE BROKEN OR DEFECTIVE GROUT AROUND BATHTUB 2 STY NORTHWEST APT 2E BATHROOM. , SECTION '' ''",1991-04-09,2.0,NOV SENT OUT,04/09/1991,Original,Open,N,1991,1991.0
12486,1028,3035080054,5,M,,698,RALPH,AVENUE,11212,698 RALPH AVENUE,1067,RALPH AVENUE REHAB,11/28/23,BROOKLYN,118,both,1978894,360199,327378.0,3,3080792.0,698,694,698,RALPH AVENUE,B,1991-03-19,1991-03-19,06/03/1991,05/27/1991,,,,501.0,1276498.0,"§ 27-2005 ADM CODE PROPERLY REPAIR THE BROKEN OR DEFECTIVE WOOD BASE EAST WALL 2 SYT NORTHWEST APT 2E PRIVATE HALL. , SECTION '' ''",1991-04-09,2.0,NOV SENT OUT,04/09/1991,Original,Open,N,1991,1991.0
12487,1028,3035080054,5,M,,698,RALPH,AVENUE,11212,698 RALPH AVENUE,1067,RALPH AVENUE REHAB,11/28/23,BROOKLYN,118,both,1978895,360199,327378.0,3,3080792.0,698,694,698,RALPH AVENUE,A,1991-03-19,1991-03-19,12/08/2006,11/24/2006,,,,529.0,2779589.0,"§ 27-2005 ADM CODE REFIT DOORS CLOSETS UNHINGED THRU OUT 2 STY NORTHWEST APT 2E. , SECTION '' ''",2006-07-28,2.0,NOV SENT OUT,07/28/2006,Reissued,Open,N,1991,2006.0
12488,1028,3035080054,5,M,,698,RALPH,AVENUE,11212,698 RALPH AVENUE,1067,RALPH AVENUE REHAB,11/28/23,BROOKLYN,118,both,1978896,360199,327378.0,3,3080792.0,698,694,698,RALPH AVENUE,B,1991-03-19,1991-03-19,06/03/1991,05/27/1991,,,,501.0,1276498.0,"§ 27-2005 ADM CODE PROPERLY REPAIR THE BROKEN OR DEFECTIVE METAL DOOR FRAME 2 STY NORTHWEST APT 2E CENTER WEST ROOM. , SECTION '' ''",1991-04-09,2.0,NOV SENT OUT,04/09/1991,Original,Open,N,1991,1991.0
12489,1028,3035080054,5,M,,698,RALPH,AVENUE,11212,698 RALPH AVENUE,1067,RALPH AVENUE REHAB,11/28/23,BROOKLYN,118,both,1978899,360199,327378.0,3,3080792.0,698,694,698,RALPH AVENUE,A,1991-06-06,1991-06-06,12/08/2006,11/24/2006,,,,510.0,2779589.0,"§ 27-2005 ADM CODE & 309 M/D LAW ABATE THE NUISANCE CONSISTING OF PAINTED CERAMIC TILE FLOOR BATHROOM 2 STY NORTHWEST APT 2E. , SECTION '' ''",2006-07-28,2.0,NOV SENT OUT,07/28/2006,Reissued,Open,N,1991,2006.0
12490,1028,3035080054,5,M,,698,RALPH,AVENUE,11212,698 RALPH AVENUE,1067,RALPH AVENUE REHAB,11/28/23,BROOKLYN,118,both,1978900,360199,327378.0,3,3080792.0,698,694,698,RALPH AVENUE,A,1991-06-06,1991-06-06,12/08/2006,11/24/2006,,,,692.0,2779589.0,"§ 27-2043 ADM CODE PROVIDE A LOCK AND KEY TO THE ENTRANCE DOOR OF DWELLING UNIT AND, IF A CL A MULTIPLE DWELLING, ALSO CHAIN DOOR GUARD ENTRANCE 2 STY NORTHWEST APT 2E. , SECTION '' ''",2006-07-28,2.0,NOV SENT OUT,07/28/2006,Reissued,Open,N,1991,2006.0
12491,1028,3035080054,5,M,,698,RALPH,AVENUE,11212,698 RALPH AVENUE,1067,RALPH AVENUE REHAB,11/28/23,BROOKLYN,118,both,1978903,360199,327378.0,3,3080792.0,698,694,698,RALPH AVENUE,B,1992-06-17,1992-06-17,09/21/1992,09/14/1992,,,,566.0,1276503.0,"§ 27-2018 ADM CODE ABATE THE NUISANCE CONSISTING OF VERMIN MICE & ROACHES 2 STY NORTHWEST APT 2E. , SECTION '' ''",1992-07-28,2.0,NOV SENT OUT,07/28/1992,Original,Open,N,1992,1992.0
12492,1028,3035080054,5,M,,698,RALPH,AVENUE,11212,698 RALPH AVENUE,1067,RALPH AVENUE REHAB,11/28/23,BROOKLYN,118,both,1978904,360199,327378.0,3,3080792.0,698,694,698,RALPH AVENUE,B,1992-06-17,1992-06-17,09/21/1992,09/14/1992,,,,508.0,1276503.0,"§ 27-2005 ADM CODE REPAIR THE BROKEN OR DEFECTIVE PLASTERED SURFACES AND PAINT IN A UNIFORM COLOR WALLS RISER SOUTH ROOM & KITCHEN 2 STY NORTHWEST APT 2E. , SECTION '' ''",1992-07-28,2.0,NOV SENT OUT,07/28/1992,Original,Open,N,1992,1992.0
12493,1028,3035080054,5,M,,698,RALPH,AVENUE,11212,698 RALPH AVENUE,1067,RALPH AVENUE REHAB,11/28/23,BROOKLYN,118,both,1978905,360199,327378.0,3,3080792.0,698,694,698,RALPH AVENUE,B,1992-06-17,1992-06-17,09/21/1992,09/14/1992,,,,501.0,1276503.0,"§ 27-2005 ADM CODE PROPERLY REPAIR THE BROKEN OR DEFECTIVE COUNTER BALANCE SPRING BATHROOM 2 STY NORTHWEST APT 2E. , SECTION '' ''",1992-07-28,2.0,NOV SENT OUT,07/28/1992,Original,Open,N,1992,1992.0
12494,1028,3035080054,5,M,,698,RALPH,AVENUE,11212,698 RALPH AVENUE,1067,RALPH AVENUE REHAB,11/28/23,BROOKLYN,118,both,1978906,360199,327378.0,3,3080792.0,698,694,698,RALPH AVENUE,B,1992-06-17,1992-06-17,09/21/1992,09/14/1992,,,,502.0,1276503.0,"§ 27-2005 ADM CODE PROPERLY REPAIR WITH SIMILAR MATERIAL THE BROKEN OR DEFECTIVE GROUT WALL AROUND BATHTUB BATHROOM 2 STY NORTHWEST APT 2E. , SECTION '' ''",1992-07-28,2.0,NOV SENT OUT,07/28/1992,Original,Open,N,1992,1992.0
12495,1028,3035080054,5,M,,698,RALPH,AVENUE,11212,698 RALPH AVENUE,1067,RALPH AVENUE REHAB,11/28/23,BROOKLYN,118,both,1978907,360199,327378.0,3,3080792.0,698,694,698,RALPH AVENUE,B,1992-06-17,1992-06-17,09/21/1992,09/14/1992,,,,510.0,1276503.0,"§ 27-2005 ADM CODE & 309 M/D LAW ABATE THE NUISANCE CONSISTING OF EXPOSED ELECTRICAL WIRES CEILING FOYER 2 STY NORTHWEST APT 2E. , SECTION '' ''",1992-07-28,2.0,NOV SENT OUT,07/28/1992,Original,Open,N,1992,1992.0
12496,1028,3035080054,5,M,,698,RALPH,AVENUE,11212,698 RALPH AVENUE,1067,RALPH AVENUE REHAB,11/28/23,BROOKLYN,118,both,1978909,360199,327378.0,3,3080792.0,698,694,698,RALPH AVENUE,B,1992-08-14,1992-08-14,12/07/1992,11/30/1992,,,,501.0,1276505.0,"§ 27-2005 ADM CODE PROPERLY REPAIR THE BROKEN OR DEFECTIVE BASEBOARD KITCHEN 2 STY NORTHWEST APT 2E , SECTION '' ''",1992-10-13,2.0,NOV SENT OUT,10/13/1992,Original,Open,N,1992,1992.0
12497,1028,3035080054,5,M,,698,RALPH,AVENUE,11212,698 RALPH AVENUE,1067,RALPH AVENUE REHAB,11/28/23,BROOKLYN,118,both,1978911,360199,327378.0,3,3080792.0,698,694,698,RALPH AVENUE,A,1992-08-14,1992-08-14,12/08/2006,11/24/2006,,,,529.0,2779589.0,"§ 27-2005 ADM CODE REFIT UNHINGED PANTRY DOOR KITCHEN 2 STY NORTHWEST APT 2E , SECTION '' ''",2006-07-28,2.0,NOV SENT OUT,07/28/2006,Reissued,Open,N,1992,2006.0
12498,1028,3035080054,5,M,,698,RALPH,AVENUE,11212,698 RALPH AVENUE,1067,RALPH AVENUE REHAB,11/28/23,BROOKLYN,118,both,1978912,360199,327378.0,3,3080792.0,698,694,698,RALPH AVENUE,B,1992-08-14,1992-08-14,12/07/1992,11/30/1992,,,,649.0,1276505.0,"§ 27-2026 ADM CODE REMOVE ALL OBSTRUCTIONS AND REPAIR ALL DEFECTS IN SINK KITCHEN 2 STY NORTHWEST APT 2E , SECTION '' ''",1992-10-13,2.0,NOV SENT OUT,10/13/1992,Original,Open,Y,1992,1992.0
12499,1028,3035080054,5,M,,698,RALPH,AVENUE,11212,698 RALPH AVENUE,1067,RALPH AVENUE REHAB,11/28/23,BROOKLYN,118,both,1978913,360199,327378.0,3,3080792.0,698,694,698,RALPH AVENUE,B,1992-08-14,1992-08-14,12/07/1992,11/30/1992,,,,702.0,1276505.0,"§ 27-2045 ADM CODE REPAIR OR REPLACE THE SMOKE DETECTOR DEFECTIVE 2 STY NORTHWEST APT 2E CROMWELL , SECTION '' ''",1992-10-13,2.0,NOV SENT OUT,10/13/1992,Original,Open,N,1992,1992.0
12500,1028,3035080054,5,M,,698,RALPH,AVENUE,11212,698 RALPH AVENUE,1067,RALPH AVENUE REHAB,11/28/23,BROOKLYN,118,both,1978918,360199,327378.0,3,3080792.0,698,694,698,RALPH AVENUE,A,1994-06-08,1994-06-08,12/08/2006,11/24/2006,,,,529.0,2779589.0,"§ 27-2005 ADM CODE REFIT TOP AND BOTTOM SASHES WINDOWS THRU OUT 2 STY NORTHWEST APT 2E , SECTION '' ''",2006-07-28,2.0,NOV SENT OUT,07/28/2006,Reissued,Open,N,1994,2006.0
12501,1028,3035080054,5,M,,698,RALPH,AVENUE,11212,698 RALPH AVENUE,1067,RALPH AVENUE REHAB,11/28/23,BROOKLYN,118,both,2052820,360199,327378.0,3,3080792.0,698,694,698,RALPH AVENUE,B,1989-02-16,1989-02-16,06/19/1989,06/12/1989,,,,510.0,1276496.0,"§ 27-2005 ADM CODE & 309 M/D LAW ABATE THE NUISANCE CONSISTING OF CONCEALED LEAK CEILING 1 STY SOUTHWEST APT 1C CENTER ROOM. , SECTION '' ''",1989-04-25,2.0,NOV SENT OUT,04/25/1989,Original,Open,N,1989,1989.0
12502,1028,3035080054,5,M,,698,RALPH,AVENUE,11212,698 RALPH AVENUE,1067,RALPH AVENUE REHAB,11/28/23,BROOKLYN,118,both,2052821,360199,327378.0,3,3080792.0,698,694,698,RALPH AVENUE,B,1991-03-19,1991-03-19,06/03/1991,05/27/1991,,,,566.0,1276498.0,"§ 27-2018 ADM CODE ABATE THE NUISANCE CONSISTING OF VERMIN MICE AND ROACHES THRU OUT 2 STY NORTHWEST APT 2E. , SECTION '' ''",1991-04-09,2.0,NOV SENT OUT,04/09/1991,Original,Open,N,1991,1991.0
12503,1028,3035080054,5,M,,698,RALPH,AVENUE,11212,698 RALPH AVENUE,1067,RALPH AVENUE REHAB,11/28/23,BROOKLYN,118,both,2052824,360199,327378.0,3,3080792.0,698,694,698,RALPH AVENUE,A,1992-06-17,1992-06-17,12/08/2006,11/24/2006,,,,529.0,2779589.0,"§ 27-2005 ADM CODE REFIT ENTRANCE DOOR NORTH ROOM 2 STY NORTHWEST APT 2E. , SECTION '' ''",2006-07-28,2.0,NOV SENT OUT,07/28/2006,Reissued,Open,N,1992,2006.0
12504,1028,3035080054,5,M,,698,RALPH,AVENUE,11212,698 RALPH AVENUE,1067,RALPH AVENUE REHAB,11/28/23,BROOKLYN,118,both,2052825,360199,327378.0,3,3080792.0,698,694,698,RALPH AVENUE,B,1992-08-14,1992-08-14,12/07/1992,11/30/1992,,,,566.0,1276505.0,"§ 27-2018 ADM CODE ABATE THE NUISANCE CONSISTING OF VERMIN MICE AND ROACHES THRU OUT 2 STY NORTHWEST APT 2E , SECTION '' ''",1992-10-13,2.0,NOV SENT OUT,10/13/1992,Original,Open,N,1992,1992.0
12505,1028,3035080054,5,M,,698,RALPH,AVENUE,11212,698 RALPH AVENUE,1067,RALPH AVENUE REHAB,11/28/23,BROOKLYN,118,both,2052826,360199,327378.0,3,3080792.0,698,694,698,RALPH AVENUE,B,1992-09-18,1992-09-18,12/21/1992,12/14/1992,,,,508.0,1276506.0,§ 27-2005 ADM CODE REPAIR THE BROKEN OR DEFECTIVE PLASTERED SURFACES AND PAINT IN A UNIFORM COLOR WALLS AND CEILINGS ALL STYS PUBLIC HALL,1992-10-27,2.0,NOV SENT OUT,10/27/1992,Original,Open,N,1992,1992.0
12506,1028,3035080054,5,M,,698,RALPH,AVENUE,11212,698 RALPH AVENUE,1067,RALPH AVENUE REHAB,11/28/23,BROOKLYN,118,both,2052827,360199,327378.0,3,3080792.0,698,694,698,RALPH AVENUE,B,1993-09-03,1993-09-03,11/22/1993,11/15/1993,,,,566.0,1276507.0,"§ 27-2018 ADM CODE ABATE THE NUISANCE CONSISTING OF VERMIN MICE & ROACHES 2 STY NORTHWEST APT 2E. , SECTION '' ''",1993-09-28,2.0,NOV SENT OUT,09/28/1993,Original,Open,N,1993,1993.0
12513,1028,3035080054,5,M,,698,RALPH,AVENUE,11212,698 RALPH AVENUE,1067,RALPH AVENUE REHAB,11/28/23,BROOKLYN,118,both,1978910,360199,327378.0,3,3080792.0,698,694,698,RALPH AVENUE,A,1992-08-14,1992-08-14,12/08/2006,11/24/2006,,,,529.0,2779589.0,"§ 27-2005 ADM CODE REFIT WINDOWS THRU OUT 2 STY NORTHWEST APT 2E , SECTION '' ''",2006-07-28,2.0,NOV SENT OUT,07/28/2006,Reissued,Open,N,1992,2006.0
12542,1035,3045940064,1,M,,955,RUTLAND,ROAD,11212,955 RUTLAND ROAD,1074,RUTLAND TOWERS,11/28/23,BROOKLYN,61,both,2010520,365021,385981.0,3,3099358.0,955,955,955,RUTLAND ROAD,C,1989-03-24,1989-03-24,09/10/2007,09/05/2007,,,,526.0,3077974.0,"§ 27-2005, 2007 ADM CODE REMOVE THE ILLEGAL FASTENING DOUBLE CYLINDER KEY OPERATED LOCK ENTRANCE DOOR TO 6 STY SOUTH APT 6E. , SECTION '' ''",2007-08-30,2.0,NOV SENT OUT,08/30/2007,Reissued,Open,Y,1989,2007.0
12545,1035,3045940064,1,M,,955,RUTLAND,ROAD,11212,955 RUTLAND ROAD,1074,RUTLAND TOWERS,11/28/23,BROOKLYN,61,both,10469256,365021,385981.0,3,3099358.0,955,955,955,RUTLAND ROAD,C,2014-12-06,2014-12-06,01/10/2015,01/05/2015,,,,790.0,4963022.0,"§ 27-2043.1 HMC INSTALL THE MISSING OR REPAIR/REPLACE THE DEFECTIVE WINDOW GUARD(S) IN ACCORDANCE WITH THE SPECIFICATIONS OF THE NEW YORK CITY HEALTH CODE SECTION 24 RCNY CHAPTER 12. WG TO INSTALL = 2; WG TO REPLACE = 0; WG TO REPAIR = 0; LOCATED AT APT 5K, 5th STORY, 3rd APARTMENT FROM WEST AT NORTH",2014-12-08,19.0,VIOLATION CLOSED,03/12/2015,Original,Close,N,2014,2014.0
12546,1035,3045940064,1,M,,955,RUTLAND,ROAD,11212,955 RUTLAND ROAD,1074,RUTLAND TOWERS,11/28/23,BROOKLYN,61,both,10469257,365021,385981.0,3,3099358.0,955,955,955,RUTLAND ROAD,B,2014-12-06,2014-12-06,01/26/2015,01/12/2015,,,,702.0,4963021.0,"§ 27-2045 ADM CODE REPAIR OR REPLACE THE SMOKE DETECTOR MISSING LOCATED AT APT 5K, 5th STORY, 3rd APARTMENT FROM WEST AT NORTH",2014-12-08,19.0,VIOLATION CLOSED,07/24/2023,Original,Close,N,2014,2014.0
12553,1035,3045940064,1,M,,955,RUTLAND,ROAD,11212,955 RUTLAND ROAD,1074,RUTLAND TOWERS,11/28/23,BROOKLYN,61,both,10469249,365021,385981.0,3,3099358.0,955,955,955,RUTLAND ROAD,B,2014-12-06,2014-12-06,01/26/2015,01/12/2015,,,,570.0,4963021.0,"§ 27-2018 ADMIN. CODE: ABATE THE NUISANCE CONSISTING OF BEDBUGS LOCATED AT APT 5K, 5th STORY, 3rd APARTMENT FROM WEST AT NORTH",2014-12-08,19.0,VIOLATION CLOSED,07/24/2023,Original,Close,N,2014,2014.0
12556,1035,3045940064,1,M,,955,RUTLAND,ROAD,11212,955 RUTLAND ROAD,1074,RUTLAND TOWERS,11/28/23,BROOKLYN,61,both,12094595,365021,385981.0,3,3099358.0,955,955,955,RUTLAND ROAD,B,2017-11-22,2017-11-24,01/15/2018,01/01/2018,,,,583.0,5925797.0,"§ 27-2026, 2027 HMC: PROPERLY REPAIR THE SOURCE AND ABATE THE EVIDENCE OF A WATER LEAK AT CEILING IN THE KITCHEN LOCATED AT APT 1G, 1st STORY, 5th APARTMENT FROM EAST AT SOUTH",2017-11-27,19.0,VIOLATION CLOSED,07/24/2023,Original,Close,N,2017,2017.0
12557,1035,3045940064,1,M,,955,RUTLAND,ROAD,11212,955 RUTLAND ROAD,1074,RUTLAND TOWERS,11/28/23,BROOKLYN,61,both,12094607,365021,385981.0,3,3099358.0,955,955,955,RUTLAND ROAD,B,2017-11-22,2017-11-24,01/15/2018,01/01/2018,,,,508.0,5925798.0,"§ 27-2005 ADM CODE REPAIR THE BROKEN OR DEFECTIVE PLASTERED SURFACES AND PAINT IN A UNIFORM COLOR THE CEILING IN THE KITCHEN LOCATED AT APT 1G, 1st STORY, 5th APARTMENT FROM EAST AT SOUTH",2017-11-27,19.0,VIOLATION CLOSED,07/24/2023,Original,Close,N,2017,2017.0
12573,1035,3045940064,1,M,,955,RUTLAND,ROAD,11212,955 RUTLAND ROAD,1074,RUTLAND TOWERS,11/28/23,BROOKLYN,61,both,2010521,365021,385981.0,3,3099358.0,955,955,955,RUTLAND ROAD,B,1989-03-24,1989-03-24,10/18/2007,10/04/2007,,,,508.0,3077973.0,"§ 27-2005 ADM CODE REPAIR THE BROKEN OR DEFECTIVE PLASTERED SURFACES AND PAINT IN A UNIFORM COLOR WALLS UNDER KITCHEN SINK IN CABINET 6 STY SOUTH APT 6E. , SECTION '' ''",2007-08-30,2.0,NOV SENT OUT,08/30/2007,Reissued,Open,N,1989,2007.0
12574,1035,3045940064,1,M,,955,RUTLAND,ROAD,11212,955 RUTLAND ROAD,1074,RUTLAND TOWERS,11/28/23,BROOKLYN,61,both,2010523,365021,385981.0,3,3099358.0,955,955,955,RUTLAND ROAD,A,1994-07-11,1994-07-11,12/17/2007,12/03/2007,,,,556.0,3077972.0,§ 27-2013 ADM CODE PAINT WITH LIGHT COLORED PAINT TO THE SATISFACTION OF THIS DEPARTMENT WALLS CEILINGS & WOODWORK THRU OUT 6 STY SOUTH WEST APT 6H. LOCATED AT APT 6H,2007-08-30,19.0,VIOLATION CLOSED,07/24/2023,Reissued,Close,N,1994,2007.0
12575,1035,3045940064,1,M,,955,RUTLAND,ROAD,11212,955 RUTLAND ROAD,1074,RUTLAND TOWERS,11/28/23,BROOKLYN,61,both,2010524,365021,385981.0,3,3099358.0,955,955,955,RUTLAND ROAD,A,1994-07-11,1994-07-11,12/17/2007,12/03/2007,,,,508.0,3077972.0,§ 27-2005 ADM CODE REPAIR THE BROKEN OR DEFECTIVE PLASTERED SURFACES AND PAINT IN A UNIFORM COLOR CEILING NORTH & SOUTH WEST ROOMS 6 STY SOUTH WEST APT 6H. LOCATED AT APT 6H,2007-08-30,19.0,VIOLATION CLOSED,07/24/2023,Reissued,Close,N,1994,2007.0
12576,1035,3045940064,1,M,,955,RUTLAND,ROAD,11212,955 RUTLAND ROAD,1074,RUTLAND TOWERS,11/28/23,BROOKLYN,61,both,2010525,365021,385981.0,3,3099358.0,955,955,955,RUTLAND ROAD,B,1994-07-11,1994-07-11,10/18/2007,10/04/2007,,,,702.0,3077973.0,§ 27-2045 ADM CODE REPAIR OR REPLACE THE SMOKE DETECTOR DEFECTIVE 6 STY SOUTH WEST APT 6H SMITH. LOCATED AT APT 6H,2007-08-30,19.0,VIOLATION CLOSED,07/24/2023,Reissued,Close,N,1994,2007.0
12577,1035,3045940064,1,M,,955,RUTLAND,ROAD,11212,955 RUTLAND ROAD,1074,RUTLAND TOWERS,11/28/23,BROOKLYN,61,both,2010526,365021,385981.0,3,3099358.0,955,955,955,RUTLAND ROAD,A,1994-07-11,1994-07-11,12/17/2007,12/03/2007,,,,692.0,3077972.0,"§ 27-2043 ADM CODE PROVIDE A LOCK AND KEY TO THE ENTRANCE DOOR OF DWELLING UNIT AND, IF A CL A MULTIPLE DWELLING, ALSO CHAIN DOOR GUARD ENTRANCE DOOR 6 STY WEST APT 6H. LOCATED AT APT 6H",2007-08-30,19.0,VIOLATION CLOSED,07/24/2023,Reissued,Close,N,1994,2007.0
12578,1035,3045940064,1,M,,955,RUTLAND,ROAD,11212,955 RUTLAND ROAD,1074,RUTLAND TOWERS,11/28/23,BROOKLYN,61,both,2062018,365021,385981.0,3,3099358.0,955,955,955,RUTLAND ROAD,A,1983-08-23,1982-05-07,12/17/2007,12/03/2007,,,,772.0,3077972.0,D26-41.03 ADM CODE FILE WITH THIS DEPARTMENT A REGISTRATION AND OCCUPANCY STATEMENT OF BUILDING.,2007-08-30,9.0,VIOLATION DISMISSED,03/10/2015,Reissued,Close,Y,1983,2007.0
12579,1035,3045940064,1,M,,955,RUTLAND,ROAD,11212,955 RUTLAND ROAD,1074,RUTLAND TOWERS,11/28/23,BROOKLYN,61,both,2062019,365021,385981.0,3,3099358.0,955,955,955,RUTLAND ROAD,B,1983-08-23,1982-07-19,10/18/2007,10/04/2007,,,,506.0,3077973.0,"D26-10.01 ADM CODE REPLACE WITH NEW THE MISSING CERAMIC TILE BATHROOM FLOOR 5 STY NORTHWEST APT 4F. , SECTION '' ''",2007-08-30,2.0,NOV SENT OUT,08/30/2007,Reissued,Open,N,1983,2007.0
12580,1035,3045940064,1,M,,955,RUTLAND,ROAD,11212,955 RUTLAND ROAD,1074,RUTLAND TOWERS,11/28/23,BROOKLYN,61,both,2062020,365021,385981.0,3,3099358.0,955,955,955,RUTLAND ROAD,B,1989-03-24,1989-03-24,10/18/2007,10/04/2007,,,,508.0,3077973.0,"§ 27-2005 ADM CODE REPAIR THE BROKEN OR DEFECTIVE PLASTERED SURFACES AND PAINT IN A UNIFORM COLOR WALLS & CEILING 6 STY SOUTH APT 6E. , SECTION '' ''",2007-08-30,2.0,NOV SENT OUT,08/30/2007,Reissued,Open,N,1989,2007.0
12581,1035,3045940064,1,M,,955,RUTLAND,ROAD,11212,955 RUTLAND ROAD,1074,RUTLAND TOWERS,11/28/23,BROOKLYN,61,both,2062021,365021,385981.0,3,3099358.0,955,955,955,RUTLAND ROAD,B,1994-07-11,1994-07-11,10/18/2007,10/04/2007,,,,508.0,3077973.0,§ 27-2005 ADM CODE REPAIR THE BROKEN OR DEFECTIVE PLASTERED SURFACES AND PAINT IN A UNIFORM COLOR WEST WALL 6 STY PUBLIC HALL.,2007-08-30,2.0,NOV SENT OUT,08/30/2007,Reissued,Open,N,1994,2007.0
12582,1035,3045940064,1,M,,955,RUTLAND,ROAD,11212,955 RUTLAND ROAD,1074,RUTLAND TOWERS,11/28/23,BROOKLYN,61,both,8473480,365021,385981.0,3,3099358.0,955,955,955,RUTLAND ROAD,A,2010-06-16,2010-06-19,10/08/2010,09/24/2010,,,,556.0,3958271.0,"§ 27-2013 ADM CODE PAINT WITH LIGHT COLORED PAINT TO THE SATISFACTION OF THIS DEPARTMENT SOUTH WALL IN THE BATHROOM LOCATED AT APT 2A, 2nd STORY, 4th APARTMENT FROM WEST AT NORTH",2010-06-21,19.0,VIOLATION CLOSED,07/24/2023,Original,Close,N,2010,2010.0
12583,1035,3045940064,1,M,,955,RUTLAND,ROAD,11212,955 RUTLAND ROAD,1074,RUTLAND TOWERS,11/28/23,BROOKLYN,61,both,8473481,365021,385981.0,3,3099358.0,955,955,955,RUTLAND ROAD,A,2010-06-16,2010-06-19,10/08/2010,09/24/2010,,,,556.0,3958271.0,"§ 27-2013 ADM CODE PAINT WITH LIGHT COLORED PAINT TO THE SATISFACTION OF THIS DEPARTMENT EAST & WEST WALLS IN THE KITCHEN LOCATED AT APT 2A, 2nd STORY, 4th APARTMENT FROM WEST AT NORTH",2010-06-21,19.0,VIOLATION CLOSED,07/24/2023,Original,Close,N,2010,2010.0
12584,1035,3045940064,1,M,,955,RUTLAND,ROAD,11212,955 RUTLAND ROAD,1074,RUTLAND TOWERS,11/28/23,BROOKLYN,61,both,8473482,365021,385981.0,3,3099358.0,955,955,955,RUTLAND ROAD,A,2010-06-16,2010-06-19,10/08/2010,09/24/2010,,,,502.0,3958271.0,"§ 27-2005 ADM CODE PROPERLY REPAIR WITH SIMILAR MATERIAL THE BROKEN OR DEFECTIVE CONCRETE FLOOR IN THE KITCHEN LOCATED AT APT 2A, 2nd STORY, 4th APARTMENT FROM WEST AT NORTH",2010-06-21,19.0,VIOLATION CLOSED,07/24/2023,Original,Close,N,2010,2010.0
12590,1035,3045940064,1,M,,955,RUTLAND,ROAD,11212,955 RUTLAND ROAD,1074,RUTLAND TOWERS,11/28/23,BROOKLYN,61,both,12094616,365021,385981.0,3,3099358.0,955,955,955,RUTLAND ROAD,B,2017-11-22,2017-11-24,01/15/2018,01/01/2018,,,,583.0,5925798.0,"§ 27-2026, 2027 HMC: PROPERLY REPAIR THE SOURCE AND ABATE THE EVIDENCE OF A WATER LEAK AT CEILING IN THE 1st ROOM FROM NORTH AT CENTER LOCATED AT APT 1G, 1st STORY, 5th APARTMENT FROM EAST AT SOUTH",2017-11-27,19.0,VIOLATION CLOSED,07/24/2023,Original,Close,N,2017,2017.0
12591,1035,3045940064,1,M,,955,RUTLAND,ROAD,11212,955 RUTLAND ROAD,1074,RUTLAND TOWERS,11/28/23,BROOKLYN,61,both,12094624,365021,385981.0,3,3099358.0,955,955,955,RUTLAND ROAD,B,2017-11-22,2017-11-24,01/15/2018,01/01/2018,,,,508.0,5925798.0,"§ 27-2005 ADM CODE REPAIR THE BROKEN OR DEFECTIVE PLASTERED SURFACES AND PAINT IN A UNIFORM COLOR CEILING AND SOUTH WALL IN THE 1st ROOM FROM NORTH AT CENTER LOCATED AT APT 1G, 1st STORY, 5th APARTMENT FROM EAST AT SOUTH",2017-11-27,19.0,VIOLATION CLOSED,07/24/2023,Original,Close,N,2017,2017.0
12593,1035,3045940064,1,M,,955,RUTLAND,ROAD,11212,955 RUTLAND ROAD,1074,RUTLAND TOWERS,11/28/23,BROOKLYN,61,both,10469251,365021,385981.0,3,3099358.0,955,955,955,RUTLAND ROAD,B,2014-12-06,2014-12-06,01/26/2015,01/12/2015,,,,569.0,4963021.0,"§ 27-2018 ADMIN. CODE: ABATE THE NUISANCE CONSISTING OF MICE LOCATED AT APT 5K, 5th STORY, 3rd APARTMENT FROM WEST AT NORTH",2014-12-08,19.0,VIOLATION CLOSED,07/24/2023,Original,Close,N,2014,2014.0
12594,1035,3045940064,1,M,,955,RUTLAND,ROAD,11212,955 RUTLAND ROAD,1074,RUTLAND TOWERS,11/28/23,BROOKLYN,61,both,10469254,365021,385981.0,3,3099358.0,955,955,955,RUTLAND ROAD,B,2014-12-06,2014-12-06,01/26/2015,01/12/2015,,,,579.0,4963021.0,"§ 27-2026 ADM CODE REPAIR THE LEAKY AND/OR DEFECTIVE FAUCETS .. IN THE KITCHEN LOCATED AT APT 5K, 5th STORY, 3rd APARTMENT FROM WEST AT NORTH",2014-12-08,19.0,VIOLATION CLOSED,07/24/2023,Original,Close,N,2014,2014.0
12632,1038,2035930001,3,M,,710,CROES,AVENUE,10473,710 CROES AVENUE,1075,SACK WERN,6/26/24,BRONX,413,both,10815368,806406,229020.0,2,2092698.0,710,710,712,CROES AVENUE,A,2015-08-10,2015-08-11,11/29/2015,11/15/2015,,,,508.0,5177803.0,"§ 27-2005 ADM CODE REPAIR THE BROKEN OR DEFECTIVE PLASTERED SURFACES AND PAINT IN A UNIFORM COLOR ALL WALLS AND CEILING IN THE 4th ROOM FROM NORTH LOCATED AT APT 6J, 6th STORY, 1st APARTMENT FROM NORTH AT EAST",2015-08-12,2.0,NOV SENT OUT,08/12/2015,Original,Open,N,2015,2015.0
12646,1038,2035930001,3,M,,710,CROES,AVENUE,10473,710 CROES AVENUE,1075,SACK WERN,6/26/24,BRONX,413,both,11702588,806406,229020.0,2,2092698.0,710,710,712,CROES AVENUE,B,2017-03-22,2017-03-23,05/12/2017,04/28/2017,,,,513.0,5711629.0,§ 27-2005 ADM CODE FIRE ESCAPE DEFECTIVE. ADJUST THE DROPLADDER SO THAT IT WILL SLIDE EASILY IN THE GUIDE RODS : AT FRONT OF BUILDING AT 3rd FIRE ESCAPE FROM EAST AT SOUTH,2017-03-24,19.0,VIOLATION CLOSED,05/23/2023,Original,Close,Y,2017,2017.0
12673,1038,2035930001,3,M,,710,CROES,AVENUE,10473,710 CROES AVENUE,1075,SACK WERN,6/26/24,BRONX,413,both,10815369,806406,229020.0,2,2092698.0,710,710,712,CROES AVENUE,B,2015-08-10,2015-08-11,09/30/2015,09/16/2015,,,,568.0,5177804.0,"§ 27-2018 ADMIN. CODE: ABATE THE NUISANCE CONSISTING OF ROACHES IN THE ENTIRE APARTMENT LOCATED AT APT 6J, 6th STORY, 1st APARTMENT FROM NORTH AT EAST",2015-08-12,2.0,NOV SENT OUT,08/12/2015,Original,Open,N,2015,2015.0
12899,1052,1020130026,1,M,WEST,109,144,STREET,10030,109 WEST 144 STREET,1091,SAMUEL (CITY),9/26/24,MANHATTAN,664,both,12637068,41773,105001.0,1,1060169.0,109,109,111,WEST 144 STREET,I,2018-10-10,2018-10-10,,,,,,780.0,,"§27-2107 ADM CODE OWNER FAILED TO FILE A VALID REGISTRATION STATEMENT WITH THE DEPARTMENT AS REQUIRED BY ADM CODE §27-2097 AND IS THEREFORE SUBJECT TO CIVIL PENALTIES, PROHIBITED FROM CERTIFYING VIOLATIONS, AND DENIED THE RIGHT TO RECOVER POSSESSION OF PREMISES FOR NONPAYMENT OF RENT UNTIL A VALID REGISTRATION STATEMENT IS FILED.",,9.0,VIOLATION DISMISSED,10/22/2018,,Close,N,2018,
12901,1052,1020130026,1,M,WEST,109,144,STREET,10030,109 WEST 144 STREET,1091,SAMUEL (CITY),9/26/24,MANHATTAN,664,both,12060397,41773,105001.0,1,1060169.0,109,109,111,WEST 144 STREET,I,2017-11-09,2017-11-09,,,,,,780.0,,"§27-2107 ADM CODE OWNER FAILED TO FILE A VALID REGISTRATION STATEMENT WITH THE DEPARTMENT AS REQUIRED BY ADM CODE §27-2097 AND IS THEREFORE SUBJECT TO CIVIL PENALTIES, PROHIBITED FROM CERTIFYING VIOLATIONS, AND DENIED THE RIGHT TO RECOVER POSSESSION OF PREMISES FOR NONPAYMENT OF RENT UNTIL A VALID REGISTRATION STATEMENT IS FILED.",,9.0,VIOLATION DISMISSED,10/22/2018,,Close,N,2017,
12918,1060,1020120063,15,M,,2473,ADAM C POWELL,BOULEVARD,10030,2473 ADAM C POWELL BOULEVARD,1099,SAMUEL (CITY),9/26/24,MANHATTAN,664,both,10526485,3608,108278.0,1,1060156.0,2473,2473,2475,ADAM C POWELL BOULEVARD,I,2015-02-02,2015-02-02,,,,,,780.0,,"§27-2107 ADM CODE OWNER FAILED TO FILE A VALID REGISTRATION STATEMENT WITH THE DEPARTMENT AS REQUIRED BY ADM CODE §27-2097 AND IS THEREFORE SUBJECT TO CIVIL PENALTIES, PROHIBITED FROM CERTIFYING VIOLATIONS, AND DENIED THE RIGHT TO RECOVER POSSESSION OF PREMISES FOR NONPAYMENT OF RENT UNTIL A VALID REGISTRATION STATEMENT IS FILED.",,9.0,VIOLATION DISMISSED,05/09/2017,,Close,N,2015,
12919,1060,1020120063,15,M,,2473,ADAM C POWELL,BOULEVARD,10030,2473 ADAM C POWELL BOULEVARD,1099,SAMUEL (CITY),9/26/24,MANHATTAN,664,both,11448679,3608,108278.0,1,1060156.0,2473,2473,2475,ADAM C POWELL BOULEVARD,I,2016-10-24,2016-10-24,,,,,,780.0,,"§27-2107 ADM CODE OWNER FAILED TO FILE A VALID REGISTRATION STATEMENT WITH THE DEPARTMENT AS REQUIRED BY ADM CODE §27-2097 AND IS THEREFORE SUBJECT TO CIVIL PENALTIES, PROHIBITED FROM CERTIFYING VIOLATIONS, AND DENIED THE RIGHT TO RECOVER POSSESSION OF PREMISES FOR NONPAYMENT OF RENT UNTIL A VALID REGISTRATION STATEMENT IS FILED.",,9.0,VIOLATION DISMISSED,05/09/2017,,Close,N,2016,
12933,1060,1020120063,15,M,,2473,ADAM C POWELL,BOULEVARD,10030,2473 ADAM C POWELL BOULEVARD,1099,SAMUEL (CITY),9/26/24,MANHATTAN,664,both,10885606,3608,108278.0,1,1060156.0,2473,2473,2475,ADAM C POWELL BOULEVARD,I,2015-10-01,2015-10-01,,,,,,780.0,,"§27-2107 ADM CODE OWNER FAILED TO FILE A VALID REGISTRATION STATEMENT WITH THE DEPARTMENT AS REQUIRED BY ADM CODE §27-2097 AND IS THEREFORE SUBJECT TO CIVIL PENALTIES, PROHIBITED FROM CERTIFYING VIOLATIONS, AND DENIED THE RIGHT TO RECOVER POSSESSION OF PREMISES FOR NONPAYMENT OF RENT UNTIL A VALID REGISTRATION STATEMENT IS FILED.",,9.0,VIOLATION DISMISSED,05/09/2017,,Close,N,2015,
13065,1066,1020130024,2,M,WEST,113,144,STREET,10030,113 WEST 144 STREET,1105,SAMUEL (CITY),9/26/24,MANHATTAN,664,both,6358922,41776,105002.0,1,1060168.0,113,113,115,WEST 144 STREET,B,2006-09-09,2006-09-10,11/05/2006,10/22/2006,,,,566.0,2810047.0,"§ 27-2018 ADM CODE ABATE THE NUISANCE CONSISTING OF VERMIN MICE IN THE ENTIRE APARTMENT LOCATED AT APT 1A, 1st STORY, 1st APARTMENT FROM WEST AT NORTH",2006-09-12,22.0,FIRST NO ACCESS TO RE- INSPECT VIOLATION,09/09/2012,Original,Open,N,2006,2006.0
13082,1066,1020130024,2,M,WEST,113,144,STREET,10030,113 WEST 144 STREET,1105,SAMUEL (CITY),9/26/24,MANHATTAN,664,both,6358924,41776,105002.0,1,1060168.0,113,113,115,WEST 144 STREET,B,2006-09-09,2006-09-10,11/05/2006,10/22/2006,,,,502.0,2810047.0,"§ 27-2005 ADM CODE PROPERLY REPAIR WITH SIMILAR MATERIAL THE BROKEN OR DEFECTIVE VINYL TILES IN THE KITCHEN LOCATED AT APT 1A, 1st STORY, 1st APARTMENT FROM WEST AT NORTH",2006-09-12,22.0,FIRST NO ACCESS TO RE- INSPECT VIOLATION,09/09/2012,Original,Open,N,2006,2006.0
13083,1066,1020130024,2,M,WEST,113,144,STREET,10030,113 WEST 144 STREET,1105,SAMUEL (CITY),9/26/24,MANHATTAN,664,both,6358926,41776,105002.0,1,1060168.0,113,113,115,WEST 144 STREET,B,2006-09-09,2006-09-10,11/05/2006,10/22/2006,,,,508.0,2810047.0,"§ 27-2005 ADM CODE REPAIR THE BROKEN OR DEFECTIVE PLASTERED SURFACES AND PAINT IN A UNIFORM COLOR CEILING IN THE BATHROOM LOCATED AT APT 1A, 1st STORY, 1st APARTMENT FROM WEST AT NORTH",2006-09-12,22.0,FIRST NO ACCESS TO RE- INSPECT VIOLATION,09/09/2012,Original,Open,N,2006,2006.0
13084,1066,1020130024,2,M,WEST,113,144,STREET,10030,113 WEST 144 STREET,1105,SAMUEL (CITY),9/26/24,MANHATTAN,664,both,6358931,41776,105002.0,1,1060168.0,113,113,115,WEST 144 STREET,B,2006-09-09,2006-09-10,11/05/2006,10/22/2006,,,,508.0,2810047.0,"§ 27-2005 ADM CODE REPAIR THE BROKEN OR DEFECTIVE PLASTERED SURFACES AND PAINT IN A UNIFORM COLOR CEILING IN THE 3rd ROOM FROM NORTH LOCATED AT APT 1A, 1st STORY",2006-09-12,22.0,FIRST NO ACCESS TO RE- INSPECT VIOLATION,09/09/2012,Original,Open,N,2006,2006.0
13111,1068,1020120011,21,M,WEST,151,143,STREET,10030,151 WEST 143 STREET,1107,SAMUEL (CITY),9/26/24,MANHATTAN,664,both,6504838,41709,102082.0,1,1060132.0,151,151,153,WEST 143 STREET,A,2006-12-11,2006-12-12,04/06/2007,03/23/2007,,,,529.0,2869008.0,"§ 27-2005 ADM CODE REFIT DOOR IN THE ENTRANCE LOCATED AT APT 1B, 1st STORY, 2nd APARTMENT FROM NORTH AT EAST",2006-12-13,22.0,FIRST NO ACCESS TO RE- INSPECT VIOLATION,10/10/2012,Original,Open,N,2006,2006.0
13113,1068,1020120011,21,M,WEST,151,143,STREET,10030,151 WEST 143 STREET,1107,SAMUEL (CITY),9/26/24,MANHATTAN,664,both,6504836,41709,102082.0,1,1060132.0,151,151,153,WEST 143 STREET,B,2006-12-11,2006-12-12,02/05/2007,01/22/2007,,,,508.0,2869009.0,"§ 27-2005 ADM CODE REPAIR THE BROKEN OR DEFECTIVE PLASTERED SURFACES AND PAINT IN A UNIFORM COLOR EAST WALL IN THE BATHROOM LOCATED AT APT 1B, 1st STORY, 2nd APARTMENT FROM NORTH AT EAST",2006-12-13,22.0,FIRST NO ACCESS TO RE- INSPECT VIOLATION,10/10/2012,Original,Open,N,2006,2006.0
13114,1068,1020120011,21,M,WEST,151,143,STREET,10030,151 WEST 143 STREET,1107,SAMUEL (CITY),9/26/24,MANHATTAN,664,both,6504834,41709,102082.0,1,1060132.0,151,151,153,WEST 143 STREET,B,2006-12-11,2006-12-12,02/05/2007,01/22/2007,,,,501.0,2869009.0,"§ 27-2005 ADM CODE PROPERLY REPAIR THE BROKEN OR DEFECTIVE LOCK AT DOOR IN THE ENTRANCE LOCATED AT APT 1B, 1st STORY, 2nd APARTMENT FROM NORTH AT EAST",2006-12-13,22.0,FIRST NO ACCESS TO RE- INSPECT VIOLATION,10/10/2012,Original,Open,N,2006,2006.0
13115,1068,1020120011,21,M,WEST,151,143,STREET,10030,151 WEST 143 STREET,1107,SAMUEL (CITY),9/26/24,MANHATTAN,664,both,6504835,41709,102082.0,1,1060132.0,151,151,153,WEST 143 STREET,B,2006-12-11,2006-12-12,02/05/2007,01/22/2007,,,,501.0,2869009.0,"§ 27-2005 ADM CODE PROPERLY REPAIR THE BROKEN OR DEFECTIVE LOWER WINDOW SASH IN THE ENTIRE APARTMENT LOCATED AT APT 1B, 1st STORY, 2nd APARTMENT FROM NORTH AT EAST",2006-12-13,22.0,FIRST NO ACCESS TO RE- INSPECT VIOLATION,10/10/2012,Original,Open,N,2006,2006.0
13116,1068,1020120011,21,M,WEST,151,143,STREET,10030,151 WEST 143 STREET,1107,SAMUEL (CITY),9/26/24,MANHATTAN,664,both,6504837,41709,102082.0,1,1060132.0,151,151,153,WEST 143 STREET,B,2006-12-11,2006-12-12,02/05/2007,01/22/2007,,,,508.0,2869009.0,"§ 27-2005 ADM CODE REPAIR THE BROKEN OR DEFECTIVE PLASTERED SURFACES AND PAINT IN A UNIFORM COLOR CEILING, NORTH AND EAST WALL IN THE FOYER LOCATED AT APT 1B, 1st STORY, 2nd APARTMENT FROM NORTH AT EAST",2006-12-13,22.0,FIRST NO ACCESS TO RE- INSPECT VIOLATION,10/10/2012,Original,Open,N,2006,2006.0
13208,1072,1020120020,25,M,WEST,131,143,STREET,10030,131 WEST 143 STREET,1111,SAMUEL (CITY),9/26/24,MANHATTAN,664,both,12060393,41702,145231.0,1,1060137.0,131,131,133,WEST 143 STREET,I,2017-11-09,2017-11-09,,,,,,780.0,,"§27-2107 ADM CODE OWNER FAILED TO FILE A VALID REGISTRATION STATEMENT WITH THE DEPARTMENT AS REQUIRED BY ADM CODE §27-2097 AND IS THEREFORE SUBJECT TO CIVIL PENALTIES, PROHIBITED FROM CERTIFYING VIOLATIONS, AND DENIED THE RIGHT TO RECOVER POSSESSION OF PREMISES FOR NONPAYMENT OF RENT UNTIL A VALID REGISTRATION STATEMENT IS FILED.",,9.0,VIOLATION DISMISSED,01/15/2019,,Close,N,2017,
13209,1072,1020120020,25,M,WEST,131,143,STREET,10030,131 WEST 143 STREET,1111,SAMUEL (CITY),9/26/24,MANHATTAN,664,both,12637066,41702,145231.0,1,1060137.0,131,131,133,WEST 143 STREET,I,2018-10-10,2018-10-10,,,,,,780.0,,"§27-2107 ADM CODE OWNER FAILED TO FILE A VALID REGISTRATION STATEMENT WITH THE DEPARTMENT AS REQUIRED BY ADM CODE §27-2097 AND IS THEREFORE SUBJECT TO CIVIL PENALTIES, PROHIBITED FROM CERTIFYING VIOLATIONS, AND DENIED THE RIGHT TO RECOVER POSSESSION OF PREMISES FOR NONPAYMENT OF RENT UNTIL A VALID REGISTRATION STATEMENT IS FILED.",,9.0,VIOLATION DISMISSED,01/15/2019,,Close,N,2018,
13240,1075,1020110022,28,M,WEST,129,142,STREET,10030,129 WEST 142 STREET,1114,SAMUEL (CITY),9/26/24,MANHATTAN,664,both,12637063,41588,145233.0,1,1060111.0,129,129,129,WEST 142 STREET,I,2018-10-10,2018-10-10,,,,,,780.0,,"§27-2107 ADM CODE OWNER FAILED TO FILE A VALID REGISTRATION STATEMENT WITH THE DEPARTMENT AS REQUIRED BY ADM CODE §27-2097 AND IS THEREFORE SUBJECT TO CIVIL PENALTIES, PROHIBITED FROM CERTIFYING VIOLATIONS, AND DENIED THE RIGHT TO RECOVER POSSESSION OF PREMISES FOR NONPAYMENT OF RENT UNTIL A VALID REGISTRATION STATEMENT IS FILED.",,9.0,VIOLATION DISMISSED,01/15/2019,,Close,N,2018,
13243,1075,1020110022,28,M,WEST,129,142,STREET,10030,129 WEST 142 STREET,1114,SAMUEL (CITY),9/26/24,MANHATTAN,664,both,12060391,41588,145233.0,1,1060111.0,129,129,129,WEST 142 STREET,I,2017-11-09,2017-11-09,,,,,,780.0,,"§27-2107 ADM CODE OWNER FAILED TO FILE A VALID REGISTRATION STATEMENT WITH THE DEPARTMENT AS REQUIRED BY ADM CODE §27-2097 AND IS THEREFORE SUBJECT TO CIVIL PENALTIES, PROHIBITED FROM CERTIFYING VIOLATIONS, AND DENIED THE RIGHT TO RECOVER POSSESSION OF PREMISES FOR NONPAYMENT OF RENT UNTIL A VALID REGISTRATION STATEMENT IS FILED.",,9.0,VIOLATION DISMISSED,01/15/2019,,Close,N,2017,
13309,1077,1020130022,3,M,WEST,117,144,STREET,10030,117 WEST 144 STREET,1116,SAMUEL (CITY),9/26/24,MANHATTAN,664,both,12637069,41777,145216.0,1,1060167.0,117,117,119,WEST 144 STREET,I,2018-10-10,2018-10-10,,,,,,780.0,,"§27-2107 ADM CODE OWNER FAILED TO FILE A VALID REGISTRATION STATEMENT WITH THE DEPARTMENT AS REQUIRED BY ADM CODE §27-2097 AND IS THEREFORE SUBJECT TO CIVIL PENALTIES, PROHIBITED FROM CERTIFYING VIOLATIONS, AND DENIED THE RIGHT TO RECOVER POSSESSION OF PREMISES FOR NONPAYMENT OF RENT UNTIL A VALID REGISTRATION STATEMENT IS FILED.",,9.0,VIOLATION DISMISSED,10/22/2018,,Close,N,2018,
13311,1077,1020130022,3,M,WEST,117,144,STREET,10030,117 WEST 144 STREET,1116,SAMUEL (CITY),9/26/24,MANHATTAN,664,both,12060399,41777,145216.0,1,1060167.0,117,117,119,WEST 144 STREET,I,2017-11-09,2017-11-09,,,,,,780.0,,"§27-2107 ADM CODE OWNER FAILED TO FILE A VALID REGISTRATION STATEMENT WITH THE DEPARTMENT AS REQUIRED BY ADM CODE §27-2097 AND IS THEREFORE SUBJECT TO CIVIL PENALTIES, PROHIBITED FROM CERTIFYING VIOLATIONS, AND DENIED THE RIGHT TO RECOVER POSSESSION OF PREMISES FOR NONPAYMENT OF RENT UNTIL A VALID REGISTRATION STATEMENT IS FILED.",,9.0,VIOLATION DISMISSED,10/22/2018,,Close,N,2017,
13321,1078,1020110014,30,M,WEST,143,142,STREET,10030,143 WEST 142 STREET,1117,SAMUEL (CITY),9/26/24,MANHATTAN,664,both,3143131,41595,144916.0,1,1060106.0,143,143,143,WEST 142 STREET,B,1980-05-20,1977-05-10,07/24/1977,07/17/1977,,,,552.0,684345.0,"D26-11.01, 11.03, 11.05 ADM CODE REMOVE THE ACCUMULATION OF REFUSE AND/OR RUBBISH AND MAINTAIN IN A CLEAN CONDITION THE REAR YARD AIR SHAFT EAST & WEST COURTS.",1977-05-30,22.0,FIRST NO ACCESS TO RE- INSPECT VIOLATION,09/25/2012,Original,Open,N,1980,1977.0
13323,1078,1020110014,30,M,WEST,143,142,STREET,10030,143 WEST 142 STREET,1117,SAMUEL (CITY),9/26/24,MANHATTAN,664,both,3814514,41595,144916.0,1,1060106.0,143,143,143,WEST 142 STREET,A,2001-05-02,2001-05-02,08/17/2001,08/12/2001,,,,772.0,1653907.0,§ 27-2098 ADM CODE FILE WITH THIS DEPARTMENT A REGISTRATION STATEMENT FOR BUILDING.,2001-05-04,9.0,VIOLATION DISMISSED,03/10/2015,Original,Close,Y,2001,2001.0
13359,1082,1020110063,34,M,,2449,ADAM C POWELL,BOULEVARD,10030,2449 ADAM C POWELL BOULEVARD,1121,SAMUEL (CITY),9/26/24,MANHATTAN,664,both,2338314,3600,144878.0,1,1060127.0,2449,2449,2451,ADAM C POWELL BOULEVARD,B,1998-02-13,1998-02-13,10/29/2007,10/15/2007,,,,566.0,3093227.0,"§ 27-2018 ADM CODE ABATE THE NUISANCE CONSISTING OF VERMIN MICE KITCHEN THRU OUT 4 STY EAST APT 4B. , SECTION '' ''",2007-09-10,2.0,NOV SENT OUT,09/10/2007,Reissued,Open,N,1998,2007.0
13360,1082,1020110063,34,M,,2449,ADAM C POWELL,BOULEVARD,10030,2449 ADAM C POWELL BOULEVARD,1121,SAMUEL (CITY),9/26/24,MANHATTAN,664,both,2338316,3600,144878.0,1,1060127.0,2449,2449,2451,ADAM C POWELL BOULEVARD,A,1998-02-13,1998-02-13,12/28/2007,12/14/2007,,,,506.0,3093226.0,"§ 27-2005 ADM CODE REPLACE WITH NEW THE MISSING OUTLET COVER WALL EAST ROOM 4 STY EAST APT 4B. , SECTION '' ''",2007-09-10,2.0,NOV SENT OUT,09/10/2007,Reissued,Open,N,1998,2007.0
13385,1082,1020110063,34,M,,2449,ADAM C POWELL,BOULEVARD,10030,2449 ADAM C POWELL BOULEVARD,1121,SAMUEL (CITY),9/26/24,MANHATTAN,664,both,2338312,3600,144878.0,1,1060127.0,2449,2449,2451,ADAM C POWELL BOULEVARD,C,1981-07-13,1978-11-06,09/21/2007,09/16/2007,,,,552.0,3093228.0,"D26-11.01, 11.03, 11.05 ADM CODE REMOVE THE ACCUMULATION OF REFUSE AND/OR RUBBISH AND MAINTAIN IN A CLEAN CONDITION THE CENTER COURT ER1.",2007-09-10,2.0,NOV SENT OUT,09/10/2007,Reissued,Open,N,1981,2007.0
13386,1082,1020110063,34,M,,2449,ADAM C POWELL,BOULEVARD,10030,2449 ADAM C POWELL BOULEVARD,1121,SAMUEL (CITY),9/26/24,MANHATTAN,664,both,2338313,3600,144878.0,1,1060127.0,2449,2449,2451,ADAM C POWELL BOULEVARD,B,1998-01-23,1998-01-23,10/29/2007,10/15/2007,,,,768.0,3093227.0,"§ 27-2089 ADM CODE THE PREMISES FORMERLY A VACANT BUILDING ARE NOW OCCUPIED BY OTHER THAN A CARETAKER WITHOUT OBTAINING A CERTIFICATE OF OCCUPANCY 4 STY EAST APT 4B , SECTION '' ''",2007-09-10,22.0,FIRST NO ACCESS TO RE- INSPECT VIOLATION,04/16/2009,Reissued,Open,Y,1998,2007.0
13387,1082,1020110063,34,M,,2449,ADAM C POWELL,BOULEVARD,10030,2449 ADAM C POWELL BOULEVARD,1121,SAMUEL (CITY),9/26/24,MANHATTAN,664,both,2338315,3600,144878.0,1,1060127.0,2449,2449,2451,ADAM C POWELL BOULEVARD,A,1998-02-13,1998-02-13,12/28/2007,12/14/2007,,,,506.0,3093226.0,"§ 27-2005 ADM CODE REPLACE WITH NEW THE MISSING CAULKING AROUND COUNTER TOP SINK CABINET KITCHEN 4 STY EAST APT 4B. , SECTION '' ''",2007-09-10,2.0,NOV SENT OUT,09/10/2007,Reissued,Open,N,1998,2007.0
13388,1082,1020110063,34,M,,2449,ADAM C POWELL,BOULEVARD,10030,2449 ADAM C POWELL BOULEVARD,1121,SAMUEL (CITY),9/26/24,MANHATTAN,664,both,2338317,3600,144878.0,1,1060127.0,2449,2449,2451,ADAM C POWELL BOULEVARD,A,1998-02-13,1998-02-13,12/28/2007,12/14/2007,,,,509.0,3093226.0,"§ 27-2005 ADM CODE PROPERLY SECURE THE LOOSE ELECTRICAL WALL OUTLET WEST ROOM 4 STY EAST APT 4B. , SECTION '' ''",2007-09-10,2.0,NOV SENT OUT,09/10/2007,Reissued,Open,N,1998,2007.0
13389,1082,1020110063,34,M,,2449,ADAM C POWELL,BOULEVARD,10030,2449 ADAM C POWELL BOULEVARD,1121,SAMUEL (CITY),9/26/24,MANHATTAN,664,both,2338318,3600,144878.0,1,1060127.0,2449,2449,2451,ADAM C POWELL BOULEVARD,A,1998-02-13,1998-02-13,12/28/2007,12/14/2007,,,,501.0,3093226.0,"§ 27-2005 ADM CODE PROPERLY REPAIR THE BROKEN OR DEFECTIVE LOCKING ASSEMBLY ENTRANCE DOOR TO 4 STY EAST APT 4B. , SECTION '' ''",2007-09-10,2.0,NOV SENT OUT,09/10/2007,Reissued,Open,N,1998,2007.0
13458,1083,1020110001,35,M,,2441,ADAM C POWELL,BOULEVARD,10030,2441 ADAM C POWELL BOULEVARD,1122,SAMUEL (CITY),9/26/24,MANHATTAN,664,both,6429620,3599,110825.0,1,1060101.0,2441,2441,2441,ADAM C POWELL BOULEVARD,B,2006-10-23,2006-10-24,12/18/2006,12/04/2006,,,,508.0,2837371.0,"§ 27-2005 ADM CODE REPAIR THE BROKEN OR DEFECTIVE PLASTERED SURFACES AND PAINT IN A UNIFORM COLOR WALL, BEHIND STOVE, IN THE KITCHEN LOCATED AT APT 5E, 5th STORY, 1st APARTMENT FROM NORTH AT EAST",2006-10-25,19.0,VIOLATION CLOSED,01/20/2023,Original,Close,N,2006,2006.0
13461,1083,1020110001,35,M,,2441,ADAM C POWELL,BOULEVARD,10030,2441 ADAM C POWELL BOULEVARD,1122,SAMUEL (CITY),9/26/24,MANHATTAN,664,both,6429624,3599,110825.0,1,1060101.0,2441,2441,2441,ADAM C POWELL BOULEVARD,B,2006-10-23,2006-10-24,12/18/2006,12/04/2006,,,,566.0,2837371.0,"§ 27-2018 ADM CODE ABATE THE NUISANCE CONSISTING OF VERMIN MICE, IN THE ENTIRE APARTMENT LOCATED AT APT 5E, 5th STORY, 1st APARTMENT FROM NORTH AT EAST",2006-10-25,19.0,VIOLATION CLOSED,01/20/2023,Original,Close,N,2006,2006.0
13474,1083,1020110001,35,M,,2441,ADAM C POWELL,BOULEVARD,10030,2441 ADAM C POWELL BOULEVARD,1122,SAMUEL (CITY),9/26/24,MANHATTAN,664,both,6429614,3599,110825.0,1,1060101.0,2441,2441,2441,ADAM C POWELL BOULEVARD,B,2006-10-23,2006-10-24,12/18/2006,12/04/2006,,,,508.0,2837371.0,"§ 27-2005 ADM CODE REPAIR THE BROKEN OR DEFECTIVE PLASTERED SURFACES AND PAINT IN A UNIFORM COLOR WALL, INTERIOR OF CLOSET, IN THE 1st ROOM FROM EAST AT NORTH LOCATED AT APT 5E, 5th STORY, 1st APARTMENT FROM NORTH AT EAST",2006-10-25,19.0,VIOLATION CLOSED,01/20/2023,Original,Close,N,2006,2006.0
13539,1087,1020130018,4,M,WEST,125,144,STREET,10030,125 WEST 144 STREET,1126,SAMUEL (CITY),9/26/24,MANHATTAN,664,both,8266140,41779,145217.0,1,1060165.0,125,125,127,WEST 144 STREET,B,2010-02-01,2010-02-04,03/26/2010,03/12/2010,,,,508.0,3862632.0,"§ 27-2005 ADM CODE REPAIR THE BROKEN OR DEFECTIVE PLASTERED SURFACES AND PAINT IN A UNIFORM COLOR CEILING IN THE 1st ROOM FROM EAST LOCATED AT APT 5C, 5th STORY, 1st APARTMENT FROM EAST AT SOUTH",2010-02-05,19.0,VIOLATION CLOSED,09/01/2022,Original,Close,N,2010,2010.0
13557,1088,1020070045,44,M,WEST,116,139,STREET,10030,116 WEST 139 STREET,1127,SAMUEL (CITY),9/26/24,MANHATTAN,664,both,3123238,41277,144913.0,1,1060039.0,116,116,116,WEST 139 STREET,B,1974-01-25,1973-08-28,10/09/2007,09/25/2007,,,,552.0,3054808.0,"D26-11.01, 11.03, 11.05 ADM CODE REMOVE THE ACCUMULATION OF REFUSE AND/OR RUBBISH AND MAINTAIN IN A CLEAN CONDITION THE CENTER EAST AIRSHAFT.",2007-08-21,2.0,NOV SENT OUT,08/21/2007,Reissued,Open,N,1974,2007.0
13558,1088,1020070045,44,M,WEST,116,139,STREET,10030,116 WEST 139 STREET,1127,SAMUEL (CITY),9/26/24,MANHATTAN,664,both,3123232,41277,144913.0,1,1060039.0,116,116,116,WEST 139 STREET,A,1972-08-23,1969-06-16,12/08/2007,11/24/2007,,,,552.0,3054807.0,"D26-11.01, 11.03, 11.05 ADM CODE REMOVE THE ACCUMULATION OF REFUSE AND/OR RUBBISH AND MAINTAIN IN A CLEAN CONDITION THE EAST AND WEST SHAFTS AND EAST COURT.",2007-08-21,2.0,NOV SENT OUT,08/21/2007,Reissued,Open,N,1972,2007.0
13559,1088,1020070045,44,M,WEST,116,139,STREET,10030,116 WEST 139 STREET,1127,SAMUEL (CITY),9/26/24,MANHATTAN,664,both,3123233,41277,144913.0,1,1060039.0,116,116,116,WEST 139 STREET,C,1972-03-20,1969-11-25,09/01/2007,08/27/2007,,,,567.0,3054809.0,"D26-13.03 ADM CODE ABATE THE NUISANCE CONSISTING OF RODENTS RAT EXCRETA PRESENT AT WALL OF KITCHEN 5TH STORY EAST APT 5E. , SECTION '' ''",2007-08-21,2.0,NOV SENT OUT,08/21/2007,Reissued,Open,Y,1972,2007.0
13560,1088,1020070045,44,M,WEST,116,139,STREET,10030,116 WEST 139 STREET,1127,SAMUEL (CITY),9/26/24,MANHATTAN,664,both,3123234,41277,144913.0,1,1060039.0,116,116,116,WEST 139 STREET,A,1972-08-23,1970-04-30,12/08/2007,11/24/2007,,,,552.0,3054807.0,"D26-11.01, 11.03, 11.05 ADM CODE REMOVE THE ACCUMULATION OF REFUSE AND/OR RUBBISH AND MAINTAIN IN A CLEAN CONDITION THE ROOF YARD AND EAST AND WEST COURT AREAWAYS.",2007-08-21,2.0,NOV SENT OUT,08/21/2007,Reissued,Open,N,1972,2007.0
13561,1088,1020070045,44,M,WEST,116,139,STREET,10030,116 WEST 139 STREET,1127,SAMUEL (CITY),9/26/24,MANHATTAN,664,both,3123235,41277,144913.0,1,1060039.0,116,116,116,WEST 139 STREET,B,1974-01-25,1973-08-16,10/09/2007,09/25/2007,,,,552.0,3054808.0,"D26-11.01, 11.03, 11.05 ADM CODE REMOVE THE ACCUMULATION OF REFUSE AND/OR RUBBISH AND MAINTAIN IN A CLEAN CONDITION THE ROOF & REAR YARD.",2007-08-21,2.0,NOV SENT OUT,08/21/2007,Reissued,Open,N,1974,2007.0
13562,1088,1020070045,44,M,WEST,116,139,STREET,10030,116 WEST 139 STREET,1127,SAMUEL (CITY),9/26/24,MANHATTAN,664,both,3123236,41277,144913.0,1,1060039.0,116,116,116,WEST 139 STREET,B,1974-01-25,1973-08-28,10/09/2007,09/25/2007,,,,552.0,3054808.0,"D26-11.01, 11.03, 11.05 ADM CODE REMOVE THE ACCUMULATION OF REFUSE AND/OR RUBBISH AND MAINTAIN IN A CLEAN CONDITION THE FRONT EAST AIRSHAFT.",2007-08-21,2.0,NOV SENT OUT,08/21/2007,Reissued,Open,N,1974,2007.0
13563,1088,1020070045,44,M,WEST,116,139,STREET,10030,116 WEST 139 STREET,1127,SAMUEL (CITY),9/26/24,MANHATTAN,664,both,3123237,41277,144913.0,1,1060039.0,116,116,116,WEST 139 STREET,B,1974-01-25,1973-08-28,10/09/2007,09/25/2007,,,,552.0,3054808.0,"D26-11.01, 11.03, 11.05 ADM CODE REMOVE THE ACCUMULATION OF REFUSE AND/OR RUBBISH AND MAINTAIN IN A CLEAN CONDITION THE FRONT WEST AIRSHAFT.",2007-08-21,2.0,NOV SENT OUT,08/21/2007,Reissued,Open,N,1974,2007.0
13564,1088,1020070045,44,M,WEST,116,139,STREET,10030,116 WEST 139 STREET,1127,SAMUEL (CITY),9/26/24,MANHATTAN,664,both,3123239,41277,144913.0,1,1060039.0,116,116,116,WEST 139 STREET,B,1974-01-25,1973-08-28,10/09/2007,09/25/2007,,,,552.0,3054808.0,"D26-11.01, 11.03, 11.05 ADM CODE REMOVE THE ACCUMULATION OF REFUSE AND/OR RUBBISH AND MAINTAIN IN A CLEAN CONDITION THE CENTER WEST AIRSHAFT.",2007-08-21,2.0,NOV SENT OUT,08/21/2007,Reissued,Open,N,1974,2007.0
13565,1088,1020070045,44,M,WEST,116,139,STREET,10030,116 WEST 139 STREET,1127,SAMUEL (CITY),9/26/24,MANHATTAN,664,both,3123240,41277,144913.0,1,1060039.0,116,116,116,WEST 139 STREET,B,1974-01-25,1973-08-28,10/09/2007,09/25/2007,,,,552.0,3054808.0,"D26-11.01, 11.03, 11.05 ADM CODE REMOVE THE ACCUMULATION OF REFUSE AND/OR RUBBISH AND MAINTAIN IN A CLEAN CONDITION THE REAR YARD.",2007-08-21,2.0,NOV SENT OUT,08/21/2007,Reissued,Open,N,1974,2007.0
13566,1088,1020070045,44,M,WEST,116,139,STREET,10030,116 WEST 139 STREET,1127,SAMUEL (CITY),9/26/24,MANHATTAN,664,both,3123241,41277,144913.0,1,1060039.0,116,116,116,WEST 139 STREET,B,1974-01-25,1973-08-28,10/09/2007,09/25/2007,,,,552.0,3054808.0,"D26-11.01, 11.03, 11.05 ADM CODE REMOVE THE ACCUMULATION OF REFUSE AND/OR RUBBISH AND MAINTAIN IN A CLEAN CONDITION THE REAR EAST COURT.",2007-08-21,2.0,NOV SENT OUT,08/21/2007,Reissued,Open,N,1974,2007.0
13567,1088,1020070045,44,M,WEST,116,139,STREET,10030,116 WEST 139 STREET,1127,SAMUEL (CITY),9/26/24,MANHATTAN,664,both,3123242,41277,144913.0,1,1060039.0,116,116,116,WEST 139 STREET,B,1974-01-25,1973-08-28,10/09/2007,09/25/2007,,,,552.0,3054808.0,"D26-11.01, 11.03, 11.05 ADM CODE REMOVE THE ACCUMULATION OF REFUSE AND/OR RUBBISH AND MAINTAIN IN A CLEAN CONDITION THE REAR WEST COURT.",2007-08-21,2.0,NOV SENT OUT,08/21/2007,Reissued,Open,N,1974,2007.0
13568,1088,1020070045,44,M,WEST,116,139,STREET,10030,116 WEST 139 STREET,1127,SAMUEL (CITY),9/26/24,MANHATTAN,664,both,3123243,41277,144913.0,1,1060039.0,116,116,116,WEST 139 STREET,B,1974-01-25,1973-08-28,10/09/2007,09/25/2007,,,,539.0,3054808.0,"D26-10.01, 10.05 ADM CODE AND DEPT. RULES AND REGULATIONS. REMOVE THE ENCUMBRANCE OBSTRUCTING EGRESS FROM FIRE ESCAPES 2 3 4 STORY BALCONIES REAR FIRE ESCAPE.",2007-08-21,2.0,NOV SENT OUT,08/21/2007,Reissued,Open,N,1974,2007.0
13569,1088,1020070045,44,M,WEST,116,139,STREET,10030,116 WEST 139 STREET,1127,SAMUEL (CITY),9/26/24,MANHATTAN,664,both,3123244,41277,144913.0,1,1060039.0,116,116,116,WEST 139 STREET,A,1973-11-28,1973-11-28,12/08/2007,11/24/2007,,,,552.0,3054807.0,"D26-11.01, 11.03, 11.05 ADM CODE REMOVE THE ACCUMULATION OF REFUSE AND/OR RUBBISH AND MAINTAIN IN A CLEAN CONDITION THE CELLAR THROUGHOUT & FRONT AREAWAY.",2007-08-21,2.0,NOV SENT OUT,08/21/2007,Reissued,Open,N,1973,2007.0
13570,1088,1020070045,44,M,WEST,116,139,STREET,10030,116 WEST 139 STREET,1127,SAMUEL (CITY),9/26/24,MANHATTAN,664,both,3123245,41277,144913.0,1,1060039.0,116,116,116,WEST 139 STREET,A,1973-12-13,1973-12-13,12/08/2007,11/24/2007,,,,552.0,3054807.0,"D26-11.01, 11.03, 11.05 ADM CODE REMOVE THE ACCUMULATION OF REFUSE AND/OR RUBBISH AND MAINTAIN IN A CLEAN CONDITION THE FRONT AREAWAY.",2007-08-21,2.0,NOV SENT OUT,08/21/2007,Reissued,Open,N,1973,2007.0
13571,1088,1020070045,44,M,WEST,116,139,STREET,10030,116 WEST 139 STREET,1127,SAMUEL (CITY),9/26/24,MANHATTAN,664,both,3123246,41277,144913.0,1,1060039.0,116,116,116,WEST 139 STREET,B,1978-08-31,1978-08-31,10/09/2007,09/25/2007,,,,552.0,3054808.0,"D26-11.01, 11.03, 11.05 ADM CODE REMOVE THE ACCUMULATION OF REFUSE AND/OR RUBBISH AND MAINTAIN IN A CLEAN CONDITION THE FRONT AREAWAY.",2007-08-21,2.0,NOV SENT OUT,08/21/2007,Reissued,Open,N,1978,2007.0
13572,1088,1020070045,44,M,WEST,116,139,STREET,10030,116 WEST 139 STREET,1127,SAMUEL (CITY),9/26/24,MANHATTAN,664,both,3123247,41277,144913.0,1,1060039.0,116,116,116,WEST 139 STREET,B,1998-11-29,1998-11-29,10/09/2007,09/25/2007,,,,686.0,3054808.0,§ 27-2040 ADM CODE PROVIDE ADEQUATE LIGHTING AT OR NEAR THE OUTSIDE OF THE FRONT ENTRANCEWAY OF THE BUILDING AND KEEP SAME BURNING FROM SUNSET EVERY DAY TO SUNRISE ON THE DAY FOLLOWING 100 WATTS MINIMUM REQUIRED FIXTURE PRESENT LIGHT NOT ON.,2007-08-21,2.0,NOV SENT OUT,08/21/2007,Reissued,Open,N,1998,2007.0
13573,1088,1020070045,44,M,WEST,116,139,STREET,10030,116 WEST 139 STREET,1127,SAMUEL (CITY),9/26/24,MANHATTAN,664,both,3814449,41277,144913.0,1,1060039.0,116,116,116,WEST 139 STREET,A,2001-05-02,2001-05-02,12/08/2007,11/24/2007,,,,772.0,3054807.0,§ 27-2098 ADM CODE FILE WITH THIS DEPARTMENT A REGISTRATION STATEMENT FOR BUILDING.,2007-08-21,9.0,VIOLATION DISMISSED,03/10/2015,Reissued,Close,Y,2001,2007.0
13583,1089,1020070043,45,M,WEST,112,139,STREET,10030,112 WEST 139 STREET,1128,SAMUEL (CITY),9/26/24,MANHATTAN,664,both,12060403,41275,145240.0,1,1060038.0,112,112,112,WEST 139 STREET,I,2017-11-09,2017-11-09,,,,,,780.0,,"§27-2107 ADM CODE OWNER FAILED TO FILE A VALID REGISTRATION STATEMENT WITH THE DEPARTMENT AS REQUIRED BY ADM CODE §27-2097 AND IS THEREFORE SUBJECT TO CIVIL PENALTIES, PROHIBITED FROM CERTIFYING VIOLATIONS, AND DENIED THE RIGHT TO RECOVER POSSESSION OF PREMISES FOR NONPAYMENT OF RENT UNTIL A VALID REGISTRATION STATEMENT IS FILED.",,9.0,VIOLATION DISMISSED,01/15/2019,,Close,N,2017,
13584,1089,1020070043,45,M,WEST,112,139,STREET,10030,112 WEST 139 STREET,1128,SAMUEL (CITY),9/26/24,MANHATTAN,664,both,12637097,41275,145240.0,1,1060038.0,112,112,112,WEST 139 STREET,I,2018-10-10,2018-10-10,,,,,,780.0,,"§27-2107 ADM CODE OWNER FAILED TO FILE A VALID REGISTRATION STATEMENT WITH THE DEPARTMENT AS REQUIRED BY ADM CODE §27-2097 AND IS THEREFORE SUBJECT TO CIVIL PENALTIES, PROHIBITED FROM CERTIFYING VIOLATIONS, AND DENIED THE RIGHT TO RECOVER POSSESSION OF PREMISES FOR NONPAYMENT OF RENT UNTIL A VALID REGISTRATION STATEMENT IS FILED.",,9.0,VIOLATION DISMISSED,01/15/2019,,Close,N,2018,
13599,1093,1020130016,5,M,WEST,129,144,STREET,10030,129 WEST 144 STREET,1132,SAMUEL (CITY),9/26/24,MANHATTAN,664,both,7741606,41780,105005.0,1,1060164.0,129,129,131,WEST 144 STREET,C,2009-02-19,2009-02-25,03/09/2009,03/04/2009,,,,508.0,3580961.0,"§ 27-2005 ADM CODE REPAIR THE BROKEN OR DEFECTIVE PLASTERED SURFACES AND PAINT IN A UNIFORM COLOR CEILING IN THE 1st ROOM FROM NORTH LOCATED AT APT 1A, 1st STORY, 1st APARTMENT FROM WEST AT NORTH",2009-02-26,22.0,FIRST NO ACCESS TO RE- INSPECT VIOLATION,09/09/2012,Original,Open,N,2009,2009.0
13601,1093,1020130016,5,M,WEST,129,144,STREET,10030,129 WEST 144 STREET,1132,SAMUEL (CITY),9/26/24,MANHATTAN,664,both,7741600,41780,105005.0,1,1060164.0,129,129,131,WEST 144 STREET,B,2009-02-19,2009-02-25,04/16/2009,04/02/2009,,,,508.0,3580960.0,"§ 27-2005 ADM CODE REPAIR THE BROKEN OR DEFECTIVE PLASTERED SURFACES AND PAINT IN A UNIFORM COLOR ALL WALLS IN THE 1st ROOM FROM NORTH LOCATED AT APT 1A, 1st STORY, 1st APARTMENT FROM WEST AT NORTH",2009-02-26,22.0,FIRST NO ACCESS TO RE- INSPECT VIOLATION,09/09/2012,Original,Open,N,2009,2009.0
13665,1097,1020120058,9,M,WEST,162,144,STREET,10030,162 WEST 144 STREET,1136,SAMUEL (CITY),9/26/24,MANHATTAN,664,both,3454642,41790,133374.0,1,1060154.0,162,162,162,WEST 144 STREET,A,2000-04-07,2000-04-11,12/30/2007,12/16/2007,,,,508.0,3105338.0,"§ 27-2005 ADM CODE REPAIR THE BROKEN OR DEFECTIVE PLASTERED SURFACES AND PAINT IN A UNIFORM COLOR WEST WALL IN THE 5th ROOM FROM NORTH AT WEST LOCATED AT APT 3C, 3rd STORY, 1st APARTMENT FROM NORTH AT EAST",2007-09-12,19.0,VIOLATION CLOSED,09/01/2022,Reissued,Close,N,2000,2007.0
13675,1097,1020120058,9,M,WEST,162,144,STREET,10030,162 WEST 144 STREET,1136,SAMUEL (CITY),9/26/24,MANHATTAN,664,both,3454637,41790,133374.0,1,1060154.0,162,162,162,WEST 144 STREET,B,2000-04-07,2000-04-11,10/31/2007,10/17/2007,,,,508.0,3105339.0,"§ 27-2005 ADM CODE REPAIR THE BROKEN OR DEFECTIVE PLASTERED SURFACES AND PAINT IN A UNIFORM COLOR CEILING AND NORTH WALL IN THE BATHROOM LOCATED AT APT 3C, 3rd STORY, 1st APARTMENT FROM NORTH AT EAST",2007-09-12,19.0,VIOLATION CLOSED,09/01/2022,Reissued,Close,N,2000,2007.0
13676,1097,1020120058,9,M,WEST,162,144,STREET,10030,162 WEST 144 STREET,1136,SAMUEL (CITY),9/26/24,MANHATTAN,664,both,3454644,41790,133374.0,1,1060154.0,162,162,162,WEST 144 STREET,A,2000-04-07,2000-04-11,12/30/2007,12/16/2007,,,,508.0,3105338.0,"§ 27-2005 ADM CODE REPAIR THE BROKEN OR DEFECTIVE PLASTERED SURFACES AND PAINT IN A UNIFORM COLOR WEST WALL IN THE PRIVATE HALLWAY LOCATED AT APT 3C, 3rd STORY, 1st APARTMENT FROM NORTH AT EAST",2007-09-12,19.0,VIOLATION CLOSED,09/01/2022,Reissued,Close,N,2000,2007.0
13677,1097,1020120058,9,M,WEST,162,144,STREET,10030,162 WEST 144 STREET,1136,SAMUEL (CITY),9/26/24,MANHATTAN,664,both,3454649,41790,133374.0,1,1060154.0,162,162,162,WEST 144 STREET,A,2000-04-07,2000-04-11,12/30/2007,12/16/2007,,,,556.0,3105338.0,"§ 27-2013 ADM CODE PAINT WITH LIGHT COLORED PAINT TO THE SATISFACTION OF THIS DEPARTMENT CEILINGS WALLS AND TRIMS IN THE ENTIRE APARTMENT LOCATED AT APT 3C, 3rd STORY, 1st APARTMENT FROM NORTH AT EAST",2007-09-12,19.0,VIOLATION CLOSED,09/01/2022,Reissued,Close,N,2000,2007.0
13678,1097,1020120058,9,M,WEST,162,144,STREET,10030,162 WEST 144 STREET,1136,SAMUEL (CITY),9/26/24,MANHATTAN,664,both,3814556,41790,133374.0,1,1060154.0,162,162,162,WEST 144 STREET,A,2001-05-02,2001-05-02,12/30/2007,12/16/2007,,,,772.0,3105338.0,§ 27-2098 ADM CODE FILE WITH THIS DEPARTMENT A REGISTRATION STATEMENT FOR BUILDING.,2007-09-12,9.0,VIOLATION DISMISSED,03/10/2015,Reissued,Close,Y,2001,2007.0
13721,1099,1020090003,40,M,,2403,ADAM C POWELL,BOULEVARD,10030,2403 ADAM C POWELL BOULEVARD,1138,SAMUEL (MHOP) I,11/30/20,MANHATTAN,53,both,12053781,3585,144835.0,1,1060059.0,2403,2403,2403,ADAM C POWELL BOULEVARD,I,2017-11-06,2017-11-06,,,,,,780.0,,"§27-2107 ADM CODE OWNER FAILED TO FILE A VALID REGISTRATION STATEMENT WITH THE DEPARTMENT AS REQUIRED BY ADM CODE §27-2097 AND IS THEREFORE SUBJECT TO CIVIL PENALTIES, PROHIBITED FROM CERTIFYING VIOLATIONS, AND DENIED THE RIGHT TO RECOVER POSSESSION OF PREMISES FOR NONPAYMENT OF RENT UNTIL A VALID REGISTRATION STATEMENT IS FILED.",,9.0,VIOLATION DISMISSED,03/05/2018,,Close,N,2017,
13784,1107,2026260001,1,M,,845,CAULDWELL,AVENUE,10456,845 CAULDWELL AVENUE,1146,SOUTH BRONX AREA (SITE 402),11/28/23,BRONX,114,both,16398765,806371,222341.0,2,2091326.0,845,845,865,CAULDWELL AVENUE,I,2023-11-16,2023-11-16,,,,,,780.0,,"§27-2107 ADM CODE OWNER FAILED TO FILE A VALID REGISTRATION STATEMENT WITH THE DEPARTMENT AS REQUIRED BY ADM CODE §27-2097 AND IS THEREFORE SUBJECT TO CIVIL PENALTIES, PROHIBITED FROM CERTIFYING VIOLATIONS, AND DENIED THE RIGHT TO RECOVER POSSESSION OF PREMISES FOR NONPAYMENT OF RENT UNTIL A VALID REGISTRATION STATEMENT IS FILED.",,9.0,VIOLATION DISMISSED,11/24/2023,,Close,N,2023,
13797,1112,2026260001,2,M,,821,CAULDWELL,AVENUE,10456,821 CAULDWELL AVENUE,1146,SOUTH BRONX AREA (SITE 402),11/28/23,BRONX,114,both,16398764,806370,222340.0,2,2091325.0,821,821,831,CAULDWELL AVENUE,I,2023-11-16,2023-11-16,,,,,,780.0,,"§27-2107 ADM CODE OWNER FAILED TO FILE A VALID REGISTRATION STATEMENT WITH THE DEPARTMENT AS REQUIRED BY ADM CODE §27-2097 AND IS THEREFORE SUBJECT TO CIVIL PENALTIES, PROHIBITED FROM CERTIFYING VIOLATIONS, AND DENIED THE RIGHT TO RECOVER POSSESSION OF PREMISES FOR NONPAYMENT OF RENT UNTIL A VALID REGISTRATION STATEMENT IS FILED.",,9.0,VIOLATION DISMISSED,11/24/2023,,Close,N,2023,
13799,1115,2026260001,3,M,EAST,611,158,STREET,10456,611 EAST 158 STREET,1146,SOUTH BRONX AREA (SITE 402),11/28/23,BRONX,114,both,503376,64216,222343.0,2,2091328.0,611,611,645,EAST 158 STREET,C,1998-01-13,1998-01-13,09/23/2007,09/18/2007,,,,672.0,3107117.0,§ 27-2033 ADM CODE PROVIDE READY ACCESS TO BUILDINGS HEATING SYSTEM BOILER ROOM DOOR LOCKED CELLAR.,2007-09-12,19.0,VIOLATION CLOSED,05/12/2023,Reissued,Close,N,1998,2007.0
13807,1115,2026260001,3,M,EAST,611,158,STREET,10456,611 EAST 158 STREET,1146,SOUTH BRONX AREA (SITE 402),11/28/23,BRONX,114,both,503374,64216,222343.0,2,2091328.0,611,611,645,EAST 158 STREET,C,1998-01-13,1998-01-13,09/23/2007,09/18/2007,,,,670.0,3107117.0,§ 27-2031 ADM CODE PROVIDE HOT WATER AT ALL HOT WATER FIXTURES KITCHEN FIXTURES 1ST STY NORTHWEST APT 1A BLDG 615. LOCATED AT APT 1A,2007-09-12,19.0,VIOLATION CLOSED,05/12/2023,Reissued,Close,Y,1998,2007.0
13808,1115,2026260001,3,M,EAST,611,158,STREET,10456,611 EAST 158 STREET,1146,SOUTH BRONX AREA (SITE 402),11/28/23,BRONX,114,both,16398556,64216,222343.0,2,2091328.0,611,611,645,EAST 158 STREET,I,2023-11-16,2023-11-16,,,,,,780.0,,"§27-2107 ADM CODE OWNER FAILED TO FILE A VALID REGISTRATION STATEMENT WITH THE DEPARTMENT AS REQUIRED BY ADM CODE §27-2097 AND IS THEREFORE SUBJECT TO CIVIL PENALTIES, PROHIBITED FROM CERTIFYING VIOLATIONS, AND DENIED THE RIGHT TO RECOVER POSSESSION OF PREMISES FOR NONPAYMENT OF RENT UNTIL A VALID REGISTRATION STATEMENT IS FILED.",,9.0,VIOLATION DISMISSED,11/28/2023,,Close,N,2023,
13811,1115,2026260001,3,M,EAST,611,158,STREET,10456,611 EAST 158 STREET,1146,SOUTH BRONX AREA (SITE 402),11/28/23,BRONX,114,both,503372,64216,222343.0,2,2091328.0,611,611,645,EAST 158 STREET,A,1996-11-06,1996-11-06,12/30/2007,12/16/2007,,,,772.0,3107116.0,§ 27-2098 ADM CODE FILE WITH THIS DEPARTMENT A REGISTRATION STATEMENT FOR BUILDING.,2007-09-12,9.0,VIOLATION DISMISSED,03/10/2015,Reissued,Close,Y,1996,2007.0
13812,1115,2026260001,3,M,EAST,611,158,STREET,10456,611 EAST 158 STREET,1146,SOUTH BRONX AREA (SITE 402),11/28/23,BRONX,114,both,503373,64216,222343.0,2,2091328.0,611,611,645,EAST 158 STREET,C,1998-01-13,1998-01-13,09/23/2007,09/18/2007,,,,670.0,3107117.0,§ 27-2031 ADM CODE PROVIDE HOT WATER AT ALL HOT WATER FIXTURES KITCHEN FIXTURES 2ND STY NORTHEAST APT 2B BLDG 615. LOCATED AT APT 2B,2007-09-12,19.0,VIOLATION CLOSED,05/12/2023,Reissued,Close,Y,1998,2007.0
13813,1115,2026260001,3,M,EAST,611,158,STREET,10456,611 EAST 158 STREET,1146,SOUTH BRONX AREA (SITE 402),11/28/23,BRONX,114,both,503375,64216,222343.0,2,2091328.0,611,611,645,EAST 158 STREET,C,1998-01-13,1998-01-13,09/23/2007,09/18/2007,,,,671.0,3107117.0,"§ 27-2033 ADM CODE POST NOTICE, IN FORM APPROVED BY THE DEPARTMENT, STATING THE NAME AND LOCATION OF THE PERSON DESIGNATED BY THE OWNER TO HAVE KEY TO BUILDINGS HEATING SYSTEM NEAR MAILBOXES 1ST STY PUBLIC HALL BLDG 615.",2007-09-12,19.0,VIOLATION CLOSED,05/12/2023,Reissued,Close,N,1998,2007.0
13814,1125,2026260001,4,M,,830,EAGLE,AVENUE,10456,830 EAGLE AVENUE,1146,SOUTH BRONX AREA (SITE 402),11/28/23,BRONX,114,both,16398770,807153,222833.0,2,2091327.0,830,830,854,EAGLE AVENUE,I,2023-11-16,2023-11-16,,,,,,780.0,,"§27-2107 ADM CODE OWNER FAILED TO FILE A VALID REGISTRATION STATEMENT WITH THE DEPARTMENT AS REQUIRED BY ADM CODE §27-2097 AND IS THEREFORE SUBJECT TO CIVIL PENALTIES, PROHIBITED FROM CERTIFYING VIOLATIONS, AND DENIED THE RIGHT TO RECOVER POSSESSION OF PREMISES FOR NONPAYMENT OF RENT UNTIL A VALID REGISTRATION STATEMENT IS FILED.",,9.0,VIOLATION DISMISSED,11/28/2023,,Close,N,2023,
13828,1143,3013790031,3,M,,1506,STERLING,PLACE,11213,1506 STERLING PLACE,1182,STERLING PLACE REHABS (SAINT JOHNS-STERLING),11/28/23,BROOKLYN,83,both,8471886,376474,302971.0,3,3036861.0,1506,1500,1506,STERLING PLACE,B,2010-06-15,2010-06-17,08/06/2010,07/23/2010,,,,501.0,3957077.0,"§ 27-2005 ADM CODE PROPERLY REPAIR THE BROKEN OR DEFECTIVE LOCK AND ASSEMBLY AT THE DOOR IN THE ENTRANCE LOCATED AT APT 3A, 3rd STORY, 2nd APARTMENT FROM EAST AT SOUTH",2010-06-18,19.0,VIOLATION CLOSED,08/07/2023,Original,Close,N,2010,2010.0
13850,1143,3013790031,3,M,,1506,STERLING,PLACE,11213,1506 STERLING PLACE,1182,STERLING PLACE REHABS (SAINT JOHNS-STERLING),11/28/23,BROOKLYN,83,both,8471879,376474,302971.0,3,3036861.0,1506,1500,1506,STERLING PLACE,B,2010-06-15,2010-06-17,08/06/2010,07/23/2010,,,,569.0,3957077.0,"§ 27-2018 ADMIN. CODE: ABATE THE NUISANCE CONSISTING OF MICE IN THE ENTIRE APARTMENT LOCATED AT APT 3A, 3rd STORY, 2nd APARTMENT FROM EAST AT SOUTH",2010-06-18,19.0,VIOLATION CLOSED,08/07/2023,Original,Close,N,2010,2010.0
13851,1143,3013790031,3,M,,1506,STERLING,PLACE,11213,1506 STERLING PLACE,1182,STERLING PLACE REHABS (SAINT JOHNS-STERLING),11/28/23,BROOKLYN,83,both,8471880,376474,302971.0,3,3036861.0,1506,1500,1506,STERLING PLACE,B,2010-06-15,2010-06-17,08/06/2010,07/23/2010,,,,568.0,3957077.0,"§ 27-2018 ADMIN. CODE: ABATE THE NUISANCE CONSISTING OF ROACHES IN THE ENTIRE APARTMENT LOCATED AT APT 3A, 3rd STORY, 2nd APARTMENT FROM EAST AT SOUTH",2010-06-18,19.0,VIOLATION CLOSED,08/07/2023,Original,Close,N,2010,2010.0
13852,1143,3013790031,3,M,,1506,STERLING,PLACE,11213,1506 STERLING PLACE,1182,STERLING PLACE REHABS (SAINT JOHNS-STERLING),11/28/23,BROOKLYN,83,both,8471881,376474,302971.0,3,3036861.0,1506,1500,1506,STERLING PLACE,B,2010-06-15,2010-06-17,08/06/2010,07/23/2010,,,,508.0,3957077.0,"§ 27-2005 ADM CODE REPAIR THE BROKEN OR DEFECTIVE PLASTERED SURFACES AND PAINT IN A UNIFORM COLOR EAST AND WEST WALLS IN THE PRIVATE HALLWAY LOCATED AT APT 3A, 3rd STORY, 2nd APARTMENT FROM EAST AT SOUTH",2010-06-18,19.0,VIOLATION CLOSED,08/07/2023,Original,Close,N,2010,2010.0
13853,1143,3013790031,3,M,,1506,STERLING,PLACE,11213,1506 STERLING PLACE,1182,STERLING PLACE REHABS (SAINT JOHNS-STERLING),11/28/23,BROOKLYN,83,both,8471882,376474,302971.0,3,3036861.0,1506,1500,1506,STERLING PLACE,B,2010-06-15,2010-06-17,08/06/2010,07/23/2010,,,,508.0,3957077.0,"§ 27-2005 ADM CODE REPAIR THE BROKEN OR DEFECTIVE PLASTERED SURFACES AND PAINT IN A UNIFORM COLOR SOUTH AND WEST WALLS IN THE BATHROOM LOCATED AT APT 3A, 3rd STORY, 2nd APARTMENT FROM EAST AT SOUTH",2010-06-18,19.0,VIOLATION CLOSED,08/07/2023,Original,Close,N,2010,2010.0
13854,1143,3013790031,3,M,,1506,STERLING,PLACE,11213,1506 STERLING PLACE,1182,STERLING PLACE REHABS (SAINT JOHNS-STERLING),11/28/23,BROOKLYN,83,both,8471883,376474,302971.0,3,3036861.0,1506,1500,1506,STERLING PLACE,B,2010-06-15,2010-06-17,08/06/2010,07/23/2010,,,,505.0,3957077.0,"§ 27-2005 ADM CODE REPLACE WITH NEW THE BROKEN OR DEFECTIVE DOOR AT THE ENTRANCE IN THE 3rd ROOM FROM NORTH AT WEST LOCATED AT APT 3A, 3rd STORY, 2nd APARTMENT FROM EAST AT SOUTH",2010-06-18,19.0,VIOLATION CLOSED,08/07/2023,Original,Close,N,2010,2010.0
13855,1143,3013790031,3,M,,1506,STERLING,PLACE,11213,1506 STERLING PLACE,1182,STERLING PLACE REHABS (SAINT JOHNS-STERLING),11/28/23,BROOKLYN,83,both,8471884,376474,302971.0,3,3036861.0,1506,1500,1506,STERLING PLACE,C,2010-06-15,2010-06-17,06/29/2010,06/24/2010,,,,502.0,3957078.0,"§ 27-2005 ADM CODE PROPERLY REPAIR WITH SIMILAR MATERIAL THE BROKEN OR DEFECTIVE WOOD FLOOR IN THE KITCHEN LOCATED AT APT 3A, 3rd STORY, 2nd APARTMENT FROM EAST AT SOUTH",2010-06-18,19.0,VIOLATION CLOSED,08/07/2023,Original,Close,N,2010,2010.0
13856,1143,3013790031,3,M,,1506,STERLING,PLACE,11213,1506 STERLING PLACE,1182,STERLING PLACE REHABS (SAINT JOHNS-STERLING),11/28/23,BROOKLYN,83,both,8471885,376474,302971.0,3,3036861.0,1506,1500,1506,STERLING PLACE,B,2010-06-15,2010-06-17,08/06/2010,07/23/2010,,,,505.0,3957077.0,"§ 27-2005 ADM CODE REPLACE WITH NEW THE BROKEN OR DEFECTIVE GLASS LOWER SASH WEST WINDOW IN THE 4th ROOM FROM NORTH AT WEST LOCATED AT APT 3A, 3rd STORY, 2nd APARTMENT FROM EAST AT SOUTH",2010-06-18,19.0,VIOLATION CLOSED,08/07/2023,Original,Close,N,2010,2010.0
13857,1143,3013790031,3,M,,1506,STERLING,PLACE,11213,1506 STERLING PLACE,1182,STERLING PLACE REHABS (SAINT JOHNS-STERLING),11/28/23,BROOKLYN,83,both,8589168,376474,302971.0,3,3036861.0,1506,1500,1506,STERLING PLACE,B,2010-09-06,2010-09-08,10/28/2010,10/14/2010,,,,686.0,4011547.0,§ 27-2040 ADM CODE PROVIDE ADEQUATE LIGHTING AT OR NEAR THE OUTSIDE OF THE FRONT ENTRANCEWAY OF THE BUILDING AND KEEP SAME BURNING FROM SUNSET EVERY DAY TO SUNRISE ON THE DAY FOLLOWING ***MINIMUM 200 WATTS OF INCANDESCENT LIGHT REQUIRED***,2010-09-09,2.0,NOV SENT OUT,09/09/2010,Original,Open,N,2010,2010.0
13871,1144,3013730054,4,M,,1511,STERLING,PLACE,11213,1511 STERLING PLACE,1183,STERLING PLACE REHABS (SAINT JOHNS-STERLING),11/28/23,BROOKLYN,83,both,2168841,376476,327045.0,3,3036569.0,1511,1511,1511,STERLING PLACE,C,1987-06-08,1981-08-24,10/06/1981,10/04/1981,,,,552.0,1325379.0,"D26-11.01, 11.03, 11.05 ADM CODE REMOVE THE ACCUMULATION OF REFUSE AND/OR RUBBISH AND MAINTAIN IN A CLEAN CONDITION THE EAST COURT EAST FIRE PASSAGEWAY & REAR YARD ER1.",1981-09-14,19.0,VIOLATION CLOSED,08/07/2023,Original,Close,N,1987,1981.0
13872,1144,3013730054,4,M,,1511,STERLING,PLACE,11213,1511 STERLING PLACE,1183,STERLING PLACE REHABS (SAINT JOHNS-STERLING),11/28/23,BROOKLYN,83,both,2168842,376476,327045.0,3,3036569.0,1511,1511,1511,STERLING PLACE,C,1983-09-28,1981-09-04,10/27/1981,10/25/1981,,,,552.0,1325380.0,"D26-11.01, 11.03, 11.05 ADM CODE REMOVE THE ACCUMULATION OF REFUSE AND/OR RUBBISH AND MAINTAIN IN A CLEAN CONDITION THE REAR YARD & EAST COURT ER1.",1981-10-05,19.0,VIOLATION CLOSED,08/07/2023,Original,Close,N,1983,1981.0
13875,1144,3013730054,4,M,,1511,STERLING,PLACE,11213,1511 STERLING PLACE,1183,STERLING PLACE REHABS (SAINT JOHNS-STERLING),11/28/23,BROOKLYN,83,both,2168848,376476,327045.0,3,3036569.0,1511,1511,1511,STERLING PLACE,A,1996-11-06,1996-11-06,03/14/1997,03/07/1997,,,,772.0,1325386.0,§ 27-2098 ADM CODE FILE WITH THIS DEPARTMENT A REGISTRATION STATEMENT FOR BUILDING.,1996-11-19,19.0,VIOLATION CLOSED,08/07/2023,Original,Close,Y,1996,1996.0
13876,1144,3013730054,4,M,,1511,STERLING,PLACE,11213,1511 STERLING PLACE,1183,STERLING PLACE REHABS (SAINT JOHNS-STERLING),11/28/23,BROOKLYN,83,both,9659205,376476,327045.0,3,3036569.0,1511,1511,1511,STERLING PLACE,B,2012-12-02,2012-12-03,01/22/2013,01/08/2013,,,,686.0,4529068.0,§ 27-2040 ADM CODE PROVIDE ADEQUATE LIGHTING AT OR NEAR THE OUTSIDE OF THE FRONT ENTRANCEWAY OF THE BUILDING AND KEEP SAME BURNING FROM SUNSET EVERY DAY TO SUNRISE ON THE DAY FOLLOWING ***MINIMUM 100 WATTS OF INCANDESCENT LIGHT REQUIRED***,2012-12-04,19.0,VIOLATION CLOSED,05/26/2023,Original,Close,N,2012,2012.0
13887,1144,3013730054,4,M,,1511,STERLING,PLACE,11213,1511 STERLING PLACE,1183,STERLING PLACE REHABS (SAINT JOHNS-STERLING),11/28/23,BROOKLYN,83,both,2129265,376476,327045.0,3,3036569.0,1511,1511,1511,STERLING PLACE,B,1992-01-16,1992-01-16,05/04/1992,04/27/1992,,,,521.0,1325385.0,"§ 27-2005, 2007 ADM CODE FIRE EGRESS DEFECTIVE. REMOVE OBSTRUCTING BARS OR UNLAWFUL GATES FROM WINDOW TO FIRE ESCAPE OR PROVIDE APPROVED TYPE GATE 3 STY NORTH APT 3B. , SECTION '' ''",1992-03-10,19.0,VIOLATION CLOSED,08/07/2023,Original,Close,N,1992,1992.0
13888,1144,3013730054,4,M,,1511,STERLING,PLACE,11213,1511 STERLING PLACE,1183,STERLING PLACE REHABS (SAINT JOHNS-STERLING),11/28/23,BROOKLYN,83,both,2168843,376476,327045.0,3,3036569.0,1511,1511,1511,STERLING PLACE,C,1983-09-28,1981-11-05,12/22/1981,12/20/1981,,,,552.0,1325381.0,"D26-11.01, 11.03, 11.05 ADM CODE REMOVE THE ACCUMULATION OF REFUSE AND/OR RUBBISH AND MAINTAIN IN A CLEAN CONDITION THE EAST COURT ER1.",1981-11-30,19.0,VIOLATION CLOSED,08/07/2023,Original,Close,N,1983,1981.0
13889,1144,3013730054,4,M,,1511,STERLING,PLACE,11213,1511 STERLING PLACE,1183,STERLING PLACE REHABS (SAINT JOHNS-STERLING),11/28/23,BROOKLYN,83,both,2168844,376476,327045.0,3,3036569.0,1511,1511,1511,STERLING PLACE,C,1983-09-28,1981-12-02,01/12/1982,01/10/1982,,,,552.0,1325382.0,"D26-11.01, 11.03, 11.05 ADM CODE REMOVE THE ACCUMULATION OF REFUSE AND/OR RUBBISH AND MAINTAIN IN A CLEAN CONDITION THE EAST COURT FRONT & REAR EAST PASSAGE & REAR YARD ER1.",1981-12-21,19.0,VIOLATION CLOSED,08/07/2023,Original,Close,N,1983,1981.0
13890,1144,3013730054,4,M,,1511,STERLING,PLACE,11213,1511 STERLING PLACE,1183,STERLING PLACE REHABS (SAINT JOHNS-STERLING),11/28/23,BROOKLYN,83,both,2168845,376476,327045.0,3,3036569.0,1511,1511,1511,STERLING PLACE,B,1983-07-26,1982-11-22,02/13/1983,02/06/1983,,,,552.0,1325383.0,"D26-11.01, 11.03, 11.05 ADM CODE REMOVE THE ACCUMULATION OF REFUSE AND/OR RUBBISH AND MAINTAIN IN A CLEAN CONDITION THE THRU OUT EAST WEST FRONT AND REAR COURTS.",1982-12-20,19.0,VIOLATION CLOSED,08/07/2023,Original,Close,N,1983,1982.0
13891,1144,3013730054,4,M,,1511,STERLING,PLACE,11213,1511 STERLING PLACE,1183,STERLING PLACE REHABS (SAINT JOHNS-STERLING),11/28/23,BROOKLYN,83,both,2168846,376476,327045.0,3,3036569.0,1511,1511,1511,STERLING PLACE,A,1987-06-08,1983-06-17,10/13/1983,10/06/1983,,,,772.0,1325384.0,D26-41.03 ADM CODE FILE WITH THIS DEPARTMENT A REGISTRATION AND OCCUPANCY STATEMENT OF BUILDING.,1983-06-20,19.0,VIOLATION CLOSED,08/07/2023,Original,Close,Y,1987,1983.0
13892,1144,3013730054,4,M,,1511,STERLING,PLACE,11213,1511 STERLING PLACE,1183,STERLING PLACE REHABS (SAINT JOHNS-STERLING),11/28/23,BROOKLYN,83,both,2168847,376476,327045.0,3,3036569.0,1511,1511,1511,STERLING PLACE,B,1992-01-16,1992-01-16,05/04/1992,04/27/1992,,,,702.0,1325385.0,"§ 27-2045 ADM CODE REPAIR OR REPLACE THE SMOKE DETECTOR DEFECTIVE 3 STY NORTH APT 3B RIGUEFME , SECTION '' ''",1992-03-10,19.0,VIOLATION CLOSED,08/07/2023,Original,Close,N,1992,1992.0
13916,1145,3013810018,5,M,,1640,STERLING,PLACE,11233,1640 STERLING PLACE,1184,STERLING PLACE REHABS (SAINT JOHNS-STERLING),11/28/23,BROOKLYN,83,both,2168986,376506,390924.0,3,3036911.0,1640,1640,1640,STERLING PLACE,B,1993-06-21,1993-06-21,08/30/1993,08/23/1993,,,,768.0,1325554.0,"§ 27-2089 ADM CODE THE PREMISES FORMERLY A VACANT BUILDING ARE NOW OCCUPIED BY OTHER THAN A CARETAKER WITHOUT OBTAINING A CERTIFICATE OF OCCUPANCY 1 STY NORTHEAST APT 1E. , SECTION '' ''",1993-07-06,19.0,VIOLATION CLOSED,05/26/2023,Original,Close,Y,1993,1993.0
13964,1145,3013810018,5,M,,1640,STERLING,PLACE,11233,1640 STERLING PLACE,1184,STERLING PLACE REHABS (SAINT JOHNS-STERLING),11/28/23,BROOKLYN,83,both,2129543,376506,390924.0,3,3036911.0,1640,1640,1640,STERLING PLACE,B,1993-03-09,1993-03-09,05/17/1993,05/10/1993,,,,566.0,1325553.0,"§ 27-2018 ADM CODE ABATE THE NUISANCE CONSISTING OF VERMIN MICE & ROACHES 1 STY NORTH EAST APT 1E. , SECTION '' ''",1993-03-23,19.0,VIOLATION CLOSED,05/26/2023,Original,Close,N,1993,1993.0
13965,1145,3013810018,5,M,,1640,STERLING,PLACE,11233,1640 STERLING PLACE,1184,STERLING PLACE REHABS (SAINT JOHNS-STERLING),11/28/23,BROOKLYN,83,both,2129544,376506,390924.0,3,3036911.0,1640,1640,1640,STERLING PLACE,B,1993-03-09,1993-03-09,05/17/1993,05/10/1993,,,,598.0,1325553.0,"§ 27-2026 ADM CODE REPAIR THE BROKEN OR DEFECTIVE CONNECTION BASEBOARD RADIATOR CONNECTION BATHROOM 1 STY NORTH EAST APT 1E. , SECTION '' ''",1993-03-23,19.0,VIOLATION CLOSED,05/26/2023,Original,Close,N,1993,1993.0
13966,1145,3013810018,5,M,,1640,STERLING,PLACE,11233,1640 STERLING PLACE,1184,STERLING PLACE REHABS (SAINT JOHNS-STERLING),11/28/23,BROOKLYN,83,both,2168980,376506,390924.0,3,3036911.0,1640,1640,1640,STERLING PLACE,A,1983-07-25,1970-06-11,01/25/1976,01/18/1976,,,,552.0,1325547.0,"D26-11.01, 11.03, 11.05 ADM CODE REMOVE THE ACCUMULATION OF REFUSE AND/OR RUBBISH AND MAINTAIN IN A CLEAN CONDITION THE REAR YARD.",1970-07-27,19.0,VIOLATION CLOSED,05/26/2023,Original,Close,N,1983,1970.0
13967,1145,3013810018,5,M,,1640,STERLING,PLACE,11233,1640 STERLING PLACE,1184,STERLING PLACE REHABS (SAINT JOHNS-STERLING),11/28/23,BROOKLYN,83,both,2168981,376506,390924.0,3,3036911.0,1640,1640,1640,STERLING PLACE,B,1983-07-25,1977-07-21,10/31/1977,10/24/1977,,,,552.0,1325548.0,"D26-11.01, 11.03, 11.05 ADM CODE REMOVE THE ACCUMULATION OF REFUSE AND/OR RUBBISH AND MAINTAIN IN A CLEAN CONDITION THE AT FRONT EAST & WEST FIRE PASSAGE & REAR.",1977-09-06,19.0,VIOLATION CLOSED,05/26/2023,Original,Close,N,1983,1977.0
13968,1145,3013810018,5,M,,1640,STERLING,PLACE,11233,1640 STERLING PLACE,1184,STERLING PLACE REHABS (SAINT JOHNS-STERLING),11/28/23,BROOKLYN,83,both,2168982,376506,390924.0,3,3036911.0,1640,1640,1640,STERLING PLACE,C,1983-07-25,1978-12-18,04/03/1979,04/01/1979,,,,552.0,1325549.0,"D26-11.01, 11.03, 11.05 ADM CODE REMOVE THE ACCUMULATION OF REFUSE AND/OR RUBBISH AND MAINTAIN IN A CLEAN CONDITION THE CENTER EAST COURT ER1.",1979-03-12,19.0,VIOLATION CLOSED,05/26/2023,Original,Close,N,1983,1979.0
13969,1145,3013810018,5,M,,1640,STERLING,PLACE,11233,1640 STERLING PLACE,1184,STERLING PLACE REHABS (SAINT JOHNS-STERLING),11/28/23,BROOKLYN,83,both,2168983,376506,390924.0,3,3036911.0,1640,1640,1640,STERLING PLACE,I,1983-07-25,1979-03-12,06/22/1979,06/15/1979,,,,767.0,1325550.0,D26-35.01 ADM CODE THE PREMISES HAVE BEEN VACATED BY AN ORDER OF THIS DEPARTMENT AND CANNOT BE REOCCUPIED EXCEPT FOR CARETAKER UNTIL A NEW CERTIFICATE OF OCCUPANCY HAS BEEN OBTAINED.,1979-04-16,19.0,VIOLATION CLOSED,05/26/2023,Original,Close,N,1983,1979.0
13970,1145,3013810018,5,M,,1640,STERLING,PLACE,11233,1640 STERLING PLACE,1184,STERLING PLACE REHABS (SAINT JOHNS-STERLING),11/28/23,BROOKLYN,83,both,2168984,376506,390924.0,3,3036911.0,1640,1640,1640,STERLING PLACE,A,1983-07-25,1982-05-07,09/02/1982,08/26/1982,,,,772.0,1325551.0,D26-41.03 ADM CODE FILE WITH THIS DEPARTMENT A REGISTRATION AND OCCUPANCY STATEMENT OF BUILDING.,1982-05-10,19.0,VIOLATION CLOSED,05/26/2023,Original,Close,Y,1983,1982.0
13971,1145,3013810018,5,M,,1640,STERLING,PLACE,11233,1640 STERLING PLACE,1184,STERLING PLACE REHABS (SAINT JOHNS-STERLING),11/28/23,BROOKLYN,83,both,2168985,376506,390924.0,3,3036911.0,1640,1640,1640,STERLING PLACE,A,1993-03-09,1993-03-09,07/16/1993,07/09/1993,,,,501.0,1325552.0,"§ 27-2005 ADM CODE PROPERLY REPAIR THE BROKEN OR DEFECTIVE COUNTER BALANCE SPRING LOWER SASH WINDOW KITCHEN 1 STY NORTH EAST APT 1E. , SECTION '' ''",1993-03-23,19.0,VIOLATION CLOSED,05/26/2023,Original,Close,N,1993,1993.0
13972,1145,3013810018,5,M,,1640,STERLING,PLACE,11233,1640 STERLING PLACE,1184,STERLING PLACE REHABS (SAINT JOHNS-STERLING),11/28/23,BROOKLYN,83,both,2168987,376506,390924.0,3,3036911.0,1640,1640,1640,STERLING PLACE,A,1996-11-06,1996-11-06,03/14/1997,03/07/1997,,,,772.0,1325555.0,§ 27-2098 ADM CODE FILE WITH THIS DEPARTMENT A REGISTRATION STATEMENT FOR BUILDING.,1996-11-19,19.0,VIOLATION CLOSED,05/26/2023,Original,Close,Y,1996,1996.0
13973,1145,3013810018,5,M,,1640,STERLING,PLACE,11233,1640 STERLING PLACE,1184,STERLING PLACE REHABS (SAINT JOHNS-STERLING),11/28/23,BROOKLYN,83,both,3637673,376506,390924.0,3,3036911.0,1640,1640,1640,STERLING PLACE,B,2000-10-19,2000-10-20,12/08/2000,12/03/2000,,,,768.0,1516233.0,"§ 27-2089 ADM CODE THE PREMISES FORMERLY A VACANT BUILDING ARE NOW OCCUPIED BY OTHER THAN A CARETAKER WITHOUT OBTAINING A CERTIFICATE OF OCCUPANCY , IN THE ENTIRE APARTMENT LOCATED AT APT 2C, 2nd STORY, 1st APARTMENT FROM SOUTH AT WEST",2000-10-24,19.0,VIOLATION CLOSED,05/26/2023,Original,Close,Y,2000,2000.0
14032,1146,3013790008,1,M,,1448,STERLING,PLACE,11213,1448 STERLING PLACE,1185,STERLING PLACE REHABS (STERLING-BUFFALO),11/28/23,BROOKLYN,125,both,2128266,376440,304296.0,3,3036855.0,1448,1448,1448,STERLING PLACE,C,1984-01-03,1984-01-03,03/15/1984,03/13/1984,,,,508.0,1325059.0,"D26-10.01 ADM CODE REPAIR THE BROKEN OR DEFECTIVE PLASTERED SURFACES AND PAINT IN A UNIFORM COLOR FRONT ROOM CLG 1 STY FRONT WEST APT 2A ER1. , SECTION '' ''",1984-02-21,19.0,VIOLATION CLOSED,05/30/2023,Original,Close,N,1984,1984.0
14033,1146,3013790008,1,M,,1448,STERLING,PLACE,11213,1448 STERLING PLACE,1185,STERLING PLACE REHABS (STERLING-BUFFALO),11/28/23,BROOKLYN,125,both,2128271,376440,304296.0,3,3036855.0,1448,1448,1448,STERLING PLACE,B,1994-07-08,1994-07-08,09/19/1994,09/12/1994,,,,501.0,1325063.0,"§ 27-2005 ADM CODE PROPERLY REPAIR THE BROKEN OR DEFECTIVE AND MAKE OPERABLE LOWER SASH KITCHEN 2 STY APT 2B , SECTION '' ''",1994-07-26,19.0,VIOLATION CLOSED,05/30/2023,Original,Close,N,1994,1994.0
14034,1146,3013790008,1,M,,1448,STERLING,PLACE,11213,1448 STERLING PLACE,1185,STERLING PLACE REHABS (STERLING-BUFFALO),11/28/23,BROOKLYN,125,both,2168637,376440,304296.0,3,3036855.0,1448,1448,1448,STERLING PLACE,A,1984-10-03,1982-05-07,09/02/1982,08/26/1982,,,,772.0,1325057.0,D26-41.03 ADM CODE FILE WITH THIS DEPARTMENT A REGISTRATION AND OCCUPANCY STATEMENT OF BUILDING.,1982-05-10,19.0,VIOLATION CLOSED,05/30/2023,Original,Close,Y,1984,1982.0
14035,1146,3013790008,1,M,,1448,STERLING,PLACE,11213,1448 STERLING PLACE,1185,STERLING PLACE REHABS (STERLING-BUFFALO),11/28/23,BROOKLYN,125,both,2168638,376440,304296.0,3,3036855.0,1448,1448,1448,STERLING PLACE,C,1984-01-03,1984-01-03,03/15/1984,03/13/1984,,,,510.0,1325059.0,"D26-10.01 ADM CODE & 309 M/D LAW ABATE THE NUISANCE CONSISTING OF CONCEALED WATER LEAK BATHROOM CLG 1 STY FRONT WEST APT 2A ER1. , SECTION '' ''",1984-02-21,19.0,VIOLATION CLOSED,05/30/2023,Original,Close,N,1984,1984.0
14036,1146,3013790008,1,M,,1448,STERLING,PLACE,11213,1448 STERLING PLACE,1185,STERLING PLACE REHABS (STERLING-BUFFALO),11/28/23,BROOKLYN,125,both,2168641,376440,304296.0,3,3036855.0,1448,1448,1448,STERLING PLACE,C,1994-07-08,1994-07-08,08/17/1994,08/15/1994,,,,649.0,1325064.0,"§ 27-2026 ADM CODE REMOVE ALL OBSTRUCTIONS AND REPAIR ALL DEFECTS IN WASHBASIN BATHROOM 2 STY APT 2B ER1 , SECTION '' ''",1994-07-26,19.0,VIOLATION CLOSED,05/30/2023,Original,Close,Y,1994,1994.0
14055,1146,3013790008,1,M,,1448,STERLING,PLACE,11213,1448 STERLING PLACE,1185,STERLING PLACE REHABS (STERLING-BUFFALO),11/28/23,BROOKLYN,125,both,2128267,376440,304296.0,3,3036855.0,1448,1448,1448,STERLING PLACE,A,1984-01-03,1984-01-03,06/16/1984,06/09/1984,,,,508.0,1325058.0,"D26-10.01 ADM CODE REPAIR THE BROKEN OR DEFECTIVE PLASTERED SURFACES AND PAINT IN A UNIFORM COLOR BATHROOM CLG 1 STY FRONT WEST APT 2A. , SECTION '' ''",1984-02-21,19.0,VIOLATION CLOSED,05/30/2023,Original,Close,N,1984,1984.0
14056,1146,3013790008,1,M,,1448,STERLING,PLACE,11213,1448 STERLING PLACE,1185,STERLING PLACE REHABS (STERLING-BUFFALO),11/28/23,BROOKLYN,125,both,2128272,376440,304296.0,3,3036855.0,1448,1448,1448,STERLING PLACE,B,1994-07-08,1994-07-08,09/19/1994,09/12/1994,,,,501.0,1325063.0,"§ 27-2005 ADM CODE PROPERLY REPAIR THE BROKEN OR DEFECTIVE AND MAKE OPERABLE LOWER SASH SOUTH ROOM 2 STY APT 2B , SECTION '' ''",1994-07-26,19.0,VIOLATION CLOSED,05/30/2023,Original,Close,N,1994,1994.0
14057,1146,3013790008,1,M,,1448,STERLING,PLACE,11213,1448 STERLING PLACE,1185,STERLING PLACE REHABS (STERLING-BUFFALO),11/28/23,BROOKLYN,125,both,2128273,376440,304296.0,3,3036855.0,1448,1448,1448,STERLING PLACE,B,1994-07-08,1994-07-08,09/19/1994,09/12/1994,,,,502.0,1325063.0,"§ 27-2005 ADM CODE PROPERLY REPAIR WITH SIMILAR MATERIAL THE BROKEN OR DEFECTIVE PLASTERBOARD WEST WALL SOUTH ROOM 2 STY APT 2B , SECTION '' ''",1994-07-26,19.0,VIOLATION CLOSED,05/30/2023,Original,Close,N,1994,1994.0
14058,1146,3013790008,1,M,,1448,STERLING,PLACE,11213,1448 STERLING PLACE,1185,STERLING PLACE REHABS (STERLING-BUFFALO),11/28/23,BROOKLYN,125,both,2128274,376440,304296.0,3,3036855.0,1448,1448,1448,STERLING PLACE,A,1994-07-08,1994-07-08,11/18/1994,11/11/1994,,,,556.0,1325062.0,"§ 27-2013 ADM CODE PAINT WITH LIGHT COLORED PAINT TO THE SATISFACTION OF THIS DEPARTMENT WEST WALL SOUTH ROOM 2 STY APT 2B , SECTION '' ''",1994-07-26,19.0,VIOLATION CLOSED,05/30/2023,Original,Close,N,1994,1994.0
14059,1146,3013790008,1,M,,1448,STERLING,PLACE,11213,1448 STERLING PLACE,1185,STERLING PLACE REHABS (STERLING-BUFFALO),11/28/23,BROOKLYN,125,both,2168639,376440,304296.0,3,3036855.0,1448,1448,1448,STERLING PLACE,A,1984-01-20,1984-01-20,05/18/1984,05/11/1984,,,,772.0,1325060.0,D26-41.03 ADM CODE FILE WITH THIS DEPARTMENT A REGISTRATION STATEMENT FOR BUILDING.,1984-01-23,19.0,VIOLATION CLOSED,05/30/2023,Original,Close,Y,1984,1984.0
14060,1146,3013790008,1,M,,1448,STERLING,PLACE,11213,1448 STERLING PLACE,1185,STERLING PLACE REHABS (STERLING-BUFFALO),11/28/23,BROOKLYN,125,both,2168640,376440,304296.0,3,3036855.0,1448,1448,1448,STERLING PLACE,C,1986-09-09,1986-09-09,02/04/1987,02/02/1987,,,,502.0,1325061.0,D26-10.01 ADM CODE PROPERLY REPAIR WITH SIMILAR MATERIAL THE BROKEN OR DEFECTIVE CONCRETE OPENING SIDEWALK TO CELLAR BLDG WEST ER1.,1987-01-13,19.0,VIOLATION CLOSED,05/30/2023,Original,Close,N,1986,1987.0
14097,1147,3013790011,2,M,,1452,STERLING,PLACE,11213,1452 STERLING PLACE,1186,SUTTER AVENUE-UNION STREET,11/28/23,BROOKLYN,100,both,2168642,376441,304783.0,3,3036856.0,1452,1452,1452,STERLING PLACE,B,1991-03-28,1977-10-21,01/08/1978,01/01/1978,,,,552.0,1325065.0,"D26-11.01, 11.03, 11.05 ADM CODE REMOVE THE ACCUMULATION OF REFUSE AND/OR RUBBISH AND MAINTAIN IN A CLEAN CONDITION THE EAST COURT REAR YARD.",1977-11-14,19.0,VIOLATION CLOSED,05/26/2023,Original,Close,N,1991,1977.0
14098,1147,3013790011,2,M,,1452,STERLING,PLACE,11213,1452 STERLING PLACE,1186,SUTTER AVENUE-UNION STREET,11/28/23,BROOKLYN,100,both,2128279,376441,304783.0,3,3036856.0,1452,1452,1452,STERLING PLACE,B,1993-04-02,1993-04-02,06/07/1993,05/31/1993,,,,505.0,1325069.0,"§ 27-2005 ADM CODE REPLACE WITH NEW THE BROKEN OR DEFECTIVE GLASS PANE UPPER SASH WINDOW NORTH ROOM 3 STY SOUTHEAST APT 3A. , SECTION '' ''",1993-04-13,19.0,VIOLATION CLOSED,05/26/2023,Original,Close,N,1993,1993.0
14099,1147,3013790011,2,M,,1452,STERLING,PLACE,11213,1452 STERLING PLACE,1186,SUTTER AVENUE-UNION STREET,11/28/23,BROOKLYN,100,both,2168647,376441,304783.0,3,3036856.0,1452,1452,1452,STERLING PLACE,B,1995-05-24,1995-05-24,07/31/1995,07/24/1995,,,,505.0,1325071.0,"§ 27-2005 ADM CODE REPLACE WITH NEW THE BROKEN OR DEFECTIVE GLASS UPPER SASH 2ND ROOM FROM FRONT 2 STY SOUTH APT 2A. , SECTION '' ''",1995-06-06,19.0,VIOLATION CLOSED,05/26/2023,Original,Close,N,1995,1995.0
14100,1147,3013790011,2,M,,1452,STERLING,PLACE,11213,1452 STERLING PLACE,1186,SUTTER AVENUE-UNION STREET,11/28/23,BROOKLYN,100,both,2168648,376441,304783.0,3,3036856.0,1452,1452,1452,STERLING PLACE,B,1995-10-16,1995-10-16,12/25/1995,12/18/1995,,,,501.0,1325072.0,"§ 27-2005 ADM CODE PROPERLY REPAIR THE BROKEN OR DEFECTIVE UPPER AND LOWER SASHES WINDOWS THRU OUT 3 STY NORTHEAST APT 3D , SECTION '' ''",1995-10-31,19.0,VIOLATION CLOSED,05/26/2023,Original,Close,N,1995,1995.0
14101,1147,3013790011,2,M,,1452,STERLING,PLACE,11213,1452 STERLING PLACE,1186,SUTTER AVENUE-UNION STREET,11/28/23,BROOKLYN,100,both,2168646,376441,304783.0,3,3036856.0,1452,1452,1452,STERLING PLACE,B,1993-05-13,1993-05-13,07/19/1993,07/12/1993,,,,566.0,1325070.0,§ 27-2018 ADM CODE ABATE THE NUISANCE CONSISTING OF VERMIN MICE & ROACHES CELLAR THRU OUT.,1993-05-25,19.0,VIOLATION CLOSED,05/26/2023,Original,Close,N,1993,1993.0
14119,1147,3013790011,2,M,,1452,STERLING,PLACE,11213,1452 STERLING PLACE,1186,SUTTER AVENUE-UNION STREET,11/28/23,BROOKLYN,100,both,2128282,376441,304783.0,3,3036856.0,1452,1452,1452,STERLING PLACE,B,1993-04-02,1993-04-02,06/07/1993,05/31/1993,,,,502.0,1325069.0,"§ 27-2005 ADM CODE PROPERLY REPAIR WITH SIMILAR MATERIAL THE BROKEN OR DEFECTIVE GROUT WALL TILES & AROUND BATHTUB BATHROOM 3 STY SOUTHEAST APT 3A. , SECTION '' ''",1993-04-13,19.0,VIOLATION CLOSED,05/26/2023,Original,Close,N,1993,1993.0
14120,1147,3013790011,2,M,,1452,STERLING,PLACE,11213,1452 STERLING PLACE,1186,SUTTER AVENUE-UNION STREET,11/28/23,BROOKLYN,100,both,2128286,376441,304783.0,3,3036856.0,1452,1452,1452,STERLING PLACE,B,1995-05-24,1995-05-24,07/31/1995,07/24/1995,,,,501.0,1325071.0,"§ 27-2005 ADM CODE PROPERLY REPAIR THE BROKEN OR DEFECTIVE WINDOW LOWER SASH 2ND ROOM FROM FRONT 2 STY SOUTH APT 2A. , SECTION '' ''",1995-06-06,19.0,VIOLATION CLOSED,05/26/2023,Original,Close,N,1995,1995.0
14121,1147,3013790011,2,M,,1452,STERLING,PLACE,11213,1452 STERLING PLACE,1186,SUTTER AVENUE-UNION STREET,11/28/23,BROOKLYN,100,both,2128287,376441,304783.0,3,3036856.0,1452,1452,1452,STERLING PLACE,B,1995-05-24,1995-05-24,07/31/1995,07/24/1995,,,,501.0,1325071.0,"§ 27-2005 ADM CODE PROPERLY REPAIR THE BROKEN OR DEFECTIVE WOOD FLOOR PRIVATE HALL 2 STY SOUTH APT 2A. , SECTION '' ''",1995-06-06,19.0,VIOLATION CLOSED,05/26/2023,Original,Close,N,1995,1995.0
14122,1147,3013790011,2,M,,1452,STERLING,PLACE,11213,1452 STERLING PLACE,1186,SUTTER AVENUE-UNION STREET,11/28/23,BROOKLYN,100,both,2128288,376441,304783.0,3,3036856.0,1452,1452,1452,STERLING PLACE,B,1995-05-24,1995-05-24,07/31/1995,07/24/1995,,,,502.0,1325071.0,"§ 27-2005 ADM CODE PROPERLY REPAIR WITH SIMILAR MATERIAL THE BROKEN OR DEFECTIVE VINYL FLOOR TILES PRIVATE HALL 2 STY SOUTH APT 2A. , SECTION '' ''",1995-06-06,19.0,VIOLATION CLOSED,05/26/2023,Original,Close,N,1995,1995.0
14123,1147,3013790011,2,M,,1452,STERLING,PLACE,11213,1452 STERLING PLACE,1186,SUTTER AVENUE-UNION STREET,11/28/23,BROOKLYN,100,both,2128289,376441,304783.0,3,3036856.0,1452,1452,1452,STERLING PLACE,B,1995-05-24,1995-05-24,07/31/1995,07/24/1995,,,,505.0,1325071.0,"§ 27-2005 ADM CODE REPLACE WITH NEW THE BROKEN OR DEFECTIVE GLASS WINDOW UPPER SASH REAR ROOM 2 STY SOUTH APT 2A. , SECTION '' ''",1995-06-06,19.0,VIOLATION CLOSED,05/26/2023,Original,Close,N,1995,1995.0
14124,1147,3013790011,2,M,,1452,STERLING,PLACE,11213,1452 STERLING PLACE,1186,SUTTER AVENUE-UNION STREET,11/28/23,BROOKLYN,100,both,2128290,376441,304783.0,3,3036856.0,1452,1452,1452,STERLING PLACE,B,1995-05-24,1995-05-24,07/31/1995,07/24/1995,,,,566.0,1325071.0,"§ 27-2018 ADM CODE ABATE THE NUISANCE CONSISTING OF VERMIN MICE AND ROACHES THRU OUT 2 STY SOUTH APT 2A. , SECTION '' ''",1995-06-06,19.0,VIOLATION CLOSED,05/26/2023,Original,Close,N,1995,1995.0
14125,1147,3013790011,2,M,,1452,STERLING,PLACE,11213,1452 STERLING PLACE,1186,SUTTER AVENUE-UNION STREET,11/28/23,BROOKLYN,100,both,2128292,376441,304783.0,3,3036856.0,1452,1452,1452,STERLING PLACE,B,1995-10-16,1995-10-16,12/25/1995,12/18/1995,,,,501.0,1325072.0,"§ 27-2005 ADM CODE PROPERLY REPAIR THE BROKEN OR DEFECTIVE BELL FOR 3 STY NORTHEAST APT 3D , SECTION '' ''",1995-10-31,19.0,VIOLATION CLOSED,05/26/2023,Original,Close,N,1995,1995.0
14126,1147,3013790011,2,M,,1452,STERLING,PLACE,11213,1452 STERLING PLACE,1186,SUTTER AVENUE-UNION STREET,11/28/23,BROOKLYN,100,both,2128293,376441,304783.0,3,3036856.0,1452,1452,1452,STERLING PLACE,B,1995-10-16,1995-10-16,12/25/1995,12/18/1995,,,,508.0,1325072.0,"§ 27-2005 ADM CODE REPAIR THE BROKEN OR DEFECTIVE PLASTERED SURFACES AND PAINT IN A UNIFORM COLOR WALLS AND CEILING NORTHEAST ROOM 3 STY NORTHEAST APT 3D , SECTION '' ''",1995-10-31,19.0,VIOLATION CLOSED,05/26/2023,Original,Close,N,1995,1995.0
14127,1147,3013790011,2,M,,1452,STERLING,PLACE,11213,1452 STERLING PLACE,1186,SUTTER AVENUE-UNION STREET,11/28/23,BROOKLYN,100,both,2128294,376441,304783.0,3,3036856.0,1452,1452,1452,STERLING PLACE,B,1995-10-16,1995-10-16,12/25/1995,12/18/1995,,,,566.0,1325072.0,"§ 27-2018 ADM CODE ABATE THE NUISANCE CONSISTING OF VERMIN MICE AND ROACHES THRU OUT 3 STY NORTHEAST APT 3D , SECTION '' ''",1995-10-31,19.0,VIOLATION CLOSED,05/26/2023,Original,Close,N,1995,1995.0
14128,1147,3013790011,2,M,,1452,STERLING,PLACE,11213,1452 STERLING PLACE,1186,SUTTER AVENUE-UNION STREET,11/28/23,BROOKLYN,100,both,2168643,376441,304783.0,3,3036856.0,1452,1452,1452,STERLING PLACE,B,1991-03-28,1980-09-22,01/04/1981,12/28/1980,,,,775.0,1325066.0,D26-41.05 ADM CODE FILE WITH THIS DEPARTMENT REGISTRATION STATEMENT FOR CHANGE OF OWNERSHIP OF BUILDING.,1980-11-10,19.0,VIOLATION CLOSED,05/26/2023,Original,Close,Y,1991,1980.0
14129,1147,3013790011,2,M,,1452,STERLING,PLACE,11213,1452 STERLING PLACE,1186,SUTTER AVENUE-UNION STREET,11/28/23,BROOKLYN,100,both,2168644,376441,304783.0,3,3036856.0,1452,1452,1452,STERLING PLACE,A,1991-03-28,1982-05-07,09/02/1982,08/26/1982,,,,772.0,1325067.0,D26-41.03 ADM CODE FILE WITH THIS DEPARTMENT A REGISTRATION AND OCCUPANCY STATEMENT OF BUILDING.,1982-05-10,19.0,VIOLATION CLOSED,05/26/2023,Original,Close,Y,1991,1982.0
14130,1147,3013790011,2,M,,1452,STERLING,PLACE,11213,1452 STERLING PLACE,1186,SUTTER AVENUE-UNION STREET,11/28/23,BROOKLYN,100,both,2168645,376441,304783.0,3,3036856.0,1452,1452,1452,STERLING PLACE,B,1993-04-02,1993-04-02,06/07/1993,05/31/1993,,,,566.0,1325069.0,"§ 27-2018 ADM CODE ABATE THE NUISANCE CONSISTING OF VERMIN MICE & ROACHES 3 STY SOUTHEAST APT 3A. , SECTION '' ''",1993-04-13,19.0,VIOLATION CLOSED,05/26/2023,Original,Close,N,1993,1993.0
14131,1147,3013790011,2,M,,1452,STERLING,PLACE,11213,1452 STERLING PLACE,1186,SUTTER AVENUE-UNION STREET,11/28/23,BROOKLYN,100,both,8589169,376441,304783.0,3,3036856.0,1452,1452,1452,STERLING PLACE,B,2010-09-06,2010-09-08,10/28/2010,10/14/2010,,,,686.0,4011546.0,§ 27-2040 ADM CODE PROVIDE ADEQUATE LIGHTING AT OR NEAR THE OUTSIDE OF THE FRONT ENTRANCEWAY OF THE BUILDING AND KEEP SAME BURNING FROM SUNSET EVERY DAY TO SUNRISE ON THE DAY FOLLOWING ***MINIMUM 200 WATTS OF INCANDESCENT LIGHT REQUIRED***,2010-09-09,19.0,VIOLATION CLOSED,05/26/2023,Original,Close,N,2010,2010.0
14132,1147,3013790011,2,M,,1452,STERLING,PLACE,11213,1452 STERLING PLACE,1186,SUTTER AVENUE-UNION STREET,11/28/23,BROOKLYN,100,both,9518536,376441,304783.0,3,3036856.0,1452,1452,1452,STERLING PLACE,B,2012-07-04,2012-07-27,09/17/2012,09/03/2012,,,,686.0,4458329.0,§ 27-2040 ADM CODE PROVIDE ADEQUATE LIGHTING AT OR NEAR THE OUTSIDE OF THE FRONT ENTRANCEWAY OF THE BUILDING AND KEEP SAME BURNING FROM SUNSET EVERY DAY TO SUNRISE ON THE DAY FOLLOWING 100 WATTS MINIMUM REQUIRED,2012-07-30,19.0,VIOLATION CLOSED,05/26/2023,Original,Close,N,2012,2012.0
14134,1147,3013790011,2,M,,1452,STERLING,PLACE,11213,1452 STERLING PLACE,1186,SUTTER AVENUE-UNION STREET,11/28/23,BROOKLYN,100,both,2128280,376441,304783.0,3,3036856.0,1452,1452,1452,STERLING PLACE,B,1993-04-02,1993-04-02,06/07/1993,05/31/1993,,,,510.0,1325069.0,"§ 27-2005 ADM CODE & 309 M/D LAW ABATE THE NUISANCE CONSISTING OF CONCEALED WATER LEAK CEILING NORTH ROOM 3 STY SOUTHEAST APT 3A. , SECTION '' ''",1993-04-13,19.0,VIOLATION CLOSED,05/26/2023,Original,Close,N,1993,1993.0
14135,1147,3013790011,2,M,,1452,STERLING,PLACE,11213,1452 STERLING PLACE,1186,SUTTER AVENUE-UNION STREET,11/28/23,BROOKLYN,100,both,2128281,376441,304783.0,3,3036856.0,1452,1452,1452,STERLING PLACE,B,1993-04-02,1993-04-02,06/07/1993,05/31/1993,,,,501.0,1325069.0,"§ 27-2005 ADM CODE PROPERLY REPAIR THE BROKEN OR DEFECTIVE RADIATOR NORTH ROOM & BATHROOM 3 STY SOUTHEAST APT 3A. , SECTION '' ''",1993-04-13,19.0,VIOLATION CLOSED,05/26/2023,Original,Close,N,1993,1993.0
14136,1147,3013790011,2,M,,1452,STERLING,PLACE,11213,1452 STERLING PLACE,1186,SUTTER AVENUE-UNION STREET,11/28/23,BROOKLYN,100,both,2128283,376441,304783.0,3,3036856.0,1452,1452,1452,STERLING PLACE,A,1993-04-02,1993-04-02,08/06/1993,07/30/1993,,,,506.0,1325068.0,"§ 27-2005 ADM CODE REPLACE WITH NEW THE MISSING CERAMIC WALL DISH BATHROOM 3 STY SOUTHEAST APT 3A. , SECTION '' ''",1993-04-13,19.0,VIOLATION CLOSED,05/26/2023,Original,Close,N,1993,1993.0
14142,1148,3013800025,3,M,,1568,STERLING,PLACE,11213,1568 STERLING PLACE,1187,SUTTER AVENUE-UNION STREET,11/28/23,BROOKLYN,100,both,11719884,376490,325452.0,3,3036888.0,1568,1568,1568,STERLING PLACE,B,2017-04-03,2017-04-04,05/24/2017,05/10/2017,,,,504.0,5720454.0,"§ 27-2005 ADM CODE PROVIDE SECURITY IN THE EVENT OF A POWER OUTAGE BY MEANS OF AN ACCEPTABLE MECHANICAL HEAVY DUTY LOCK AND LATCH SET AT THE BUILDING ENTRANCE DOOR AT PUBLIC HALL, 1st STORY",2017-04-05,19.0,VIOLATION CLOSED,05/26/2023,Original,Close,N,2017,2017.0
14143,1148,3013800025,3,M,,1568,STERLING,PLACE,11213,1568 STERLING PLACE,1187,SUTTER AVENUE-UNION STREET,11/28/23,BROOKLYN,100,both,2129436,376490,325452.0,3,3036888.0,1568,1568,1568,STERLING PLACE,B,1995-07-10,1995-07-10,09/18/1995,09/11/1995,,,,508.0,1325481.0,§ 27-2005 ADM CODE REPAIR THE BROKEN OR DEFECTIVE PLASTERED SURFACES AND PAINT IN A UNIFORM COLOR CEILING 4 STY PUBLIC HALL.,1995-07-25,19.0,VIOLATION CLOSED,05/26/2023,Original,Close,N,1995,1995.0
14144,1148,3013800025,3,M,,1568,STERLING,PLACE,11213,1568 STERLING PLACE,1187,SUTTER AVENUE-UNION STREET,11/28/23,BROOKLYN,100,both,11719885,376490,325452.0,3,3036888.0,1568,1568,1568,STERLING PLACE,C,2017-04-03,2017-04-04,04/18/2017,04/13/2017,,,,526.0,5720455.0,"§ 27-2005, 2007 ADM CODE REMOVE THE ILLEGAL FASTENING CONSISTING OF AN UNACCEPTABLE ELETROMAGNETIC LOCKING DEVICE INSTALL AT THE BUILDING ENTRANCE DOOR AT PUBLIC HALL, 1st STORY",2017-04-05,19.0,VIOLATION CLOSED,05/26/2023,Original,Close,Y,2017,2017.0
14147,1148,3013800025,3,M,,1568,STERLING,PLACE,11213,1568 STERLING PLACE,1187,SUTTER AVENUE-UNION STREET,11/28/23,BROOKLYN,100,both,11719887,376490,325452.0,3,3036888.0,1568,1568,1568,STERLING PLACE,C,2017-04-03,2017-04-04,04/18/2017,04/13/2017,,,,502.0,5720455.0,"§ 27-2005 ADM CODE PROPERLY REPAIR WITH SIMILAR MATERIAL THE BROKEN OR DEFECTIVE FIRE RETARDANT PLASTER CEILING AT PUBLIC HALL, 1st STORY",2017-04-05,2.0,NOV SENT OUT,04/05/2017,Original,Open,N,2017,2017.0
14148,1148,3013800025,3,M,,1568,STERLING,PLACE,11213,1568 STERLING PLACE,1187,SUTTER AVENUE-UNION STREET,11/28/23,BROOKLYN,100,both,11719886,376490,325452.0,3,3036888.0,1568,1568,1568,STERLING PLACE,A,2017-04-03,2017-04-04,07/23/2017,07/09/2017,,,,556.0,5720453.0,"§ 27-2013 ADM CODE PAINT WITH LIGHT COLORED PAINT TO THE SATISFACTION OF THIS DEPARTMENT CEILING AT PUBLIC HALL, 1st STORY",2017-04-05,19.0,VIOLATION CLOSED,05/26/2023,Original,Close,N,2017,2017.0
14154,1148,3013800025,3,M,,1568,STERLING,PLACE,11213,1568 STERLING PLACE,1187,SUTTER AVENUE-UNION STREET,11/28/23,BROOKLYN,100,both,2129433,376490,325452.0,3,3036888.0,1568,1568,1568,STERLING PLACE,B,1995-07-10,1995-07-10,09/18/1995,09/11/1995,,,,508.0,1325481.0,§ 27-2005 ADM CODE REPAIR THE BROKEN OR DEFECTIVE PLASTERED SURFACES AND PAINT IN A UNIFORM COLOR WALLS & CEILINGS SOUTH ROOM 4 STY NORTHEAST APT 4B. LOCATED AT APT 4B,1995-07-25,2.0,NOV SENT OUT,07/25/1995,Original,Open,N,1995,1995.0
14155,1148,3013800025,3,M,,1568,STERLING,PLACE,11213,1568 STERLING PLACE,1187,SUTTER AVENUE-UNION STREET,11/28/23,BROOKLYN,100,both,2129434,376490,325452.0,3,3036888.0,1568,1568,1568,STERLING PLACE,B,1995-07-10,1995-07-10,09/18/1995,09/11/1995,,,,505.0,1325481.0,§ 27-2005 ADM CODE REPLACE WITH NEW THE BROKEN OR DEFECTIVE RADIATOR METAL COVER EAST WALL SOUTH ROOM 4 STY NORTHEAST APT 4B. LOCATED AT APT 4B,1995-07-25,2.0,NOV SENT OUT,07/25/1995,Original,Open,N,1995,1995.0
14156,1148,3013800025,3,M,,1568,STERLING,PLACE,11213,1568 STERLING PLACE,1187,SUTTER AVENUE-UNION STREET,11/28/23,BROOKLYN,100,both,2129435,376490,325452.0,3,3036888.0,1568,1568,1568,STERLING PLACE,C,1995-07-10,1995-07-10,08/16/1995,08/14/1995,,,,526.0,1325482.0,"§ 27-2005, 2007 ADM CODE REMOVE THE ILLEGAL FASTENING DOUBLE CYLINDER KEY OPERATED LOCK INSTALLED ENTRANCE DOOR 4 STY NORTHEAST APT 4B. LOCATED AT APT 4B",1995-07-25,2.0,NOV SENT OUT,07/25/1995,Original,Open,Y,1995,1995.0
14157,1148,3013800025,3,M,,1568,STERLING,PLACE,11213,1568 STERLING PLACE,1187,SUTTER AVENUE-UNION STREET,11/28/23,BROOKLYN,100,both,2168918,376490,325452.0,3,3036888.0,1568,1568,1568,STERLING PLACE,B,1991-05-23,1978-04-26,08/13/1978,08/06/1978,,,,552.0,1325479.0,"D26-11.01, 11.03, 11.05 ADM CODE REMOVE THE ACCUMULATION OF REFUSE AND/OR RUBBISH AND MAINTAIN IN A CLEAN CONDITION THE EAST FIRE PASSAGE.",1978-06-19,19.0,VIOLATION CLOSED,05/26/2023,Original,Close,N,1991,1978.0
14158,1148,3013800025,3,M,,1568,STERLING,PLACE,11213,1568 STERLING PLACE,1187,SUTTER AVENUE-UNION STREET,11/28/23,BROOKLYN,100,both,2168919,376490,325452.0,3,3036888.0,1568,1568,1568,STERLING PLACE,A,1991-05-23,1982-05-07,09/02/1982,08/26/1982,,,,772.0,1325480.0,D26-41.03 ADM CODE FILE WITH THIS DEPARTMENT A REGISTRATION AND OCCUPANCY STATEMENT OF BUILDING.,1982-05-10,9.0,VIOLATION DISMISSED,03/10/2015,Original,Close,Y,1991,1982.0
14159,1148,3013800025,3,M,,1568,STERLING,PLACE,11213,1568 STERLING PLACE,1187,SUTTER AVENUE-UNION STREET,11/28/23,BROOKLYN,100,both,2168920,376490,325452.0,3,3036888.0,1568,1568,1568,STERLING PLACE,B,1995-07-10,1995-07-10,09/18/1995,09/11/1995,,,,510.0,1325481.0,§ 27-2005 ADM CODE & 309 M/D LAW ABATE THE NUISANCE CONSISTING OF CONCEALED CEILING WATER LEAK SOUTH ROOM 4 STY NORTHEAST APT 4B. LOCATED AT APT 4B,1995-07-25,2.0,NOV SENT OUT,07/25/1995,Original,Open,N,1995,1995.0
14160,1148,3013800025,3,M,,1568,STERLING,PLACE,11213,1568 STERLING PLACE,1187,SUTTER AVENUE-UNION STREET,11/28/23,BROOKLYN,100,both,8589165,376490,325452.0,3,3036888.0,1568,1568,1568,STERLING PLACE,B,2010-09-06,2010-09-08,10/28/2010,10/14/2010,,,,686.0,4011549.0,§ 27-2040 ADM CODE PROVIDE ADEQUATE LIGHTING AT OR NEAR THE OUTSIDE OF THE FRONT ENTRANCEWAY OF THE BUILDING AND KEEP SAME BURNING FROM SUNSET EVERY DAY TO SUNRISE ON THE DAY FOLLOWING ***MINIMUM 100 WATTS OF INCANDESCENT LIGHT REQUIRED***,2010-09-09,19.0,VIOLATION CLOSED,05/26/2023,Original,Close,N,2010,2010.0
14165,1149,3013800028,4,M,,1578,STERLING,PLACE,11213,1578 STERLING PLACE,1188,SUTTER AVENUE-UNION STREET,11/28/23,BROOKLYN,100,both,3528105,376492,325451.0,3,3036889.0,1578,1578,1578,STERLING PLACE,B,2000-06-26,2000-06-28,08/13/2000,08/08/2000,,,,566.0,1464144.0,"§ 27-2018 ADM CODE ABATE THE NUISANCE CONSISTING OF VERMIN MICE AND ROACHES IN THE KITCHEN LOCATED AT APT 2-A, 2nd STORY",2000-06-29,2.0,NOV SENT OUT,06/29/2000,Original,Open,N,2000,2000.0
14167,1149,3013800028,4,M,,1578,STERLING,PLACE,11213,1578 STERLING PLACE,1188,SUTTER AVENUE-UNION STREET,11/28/23,BROOKLYN,100,both,3528051,376492,325451.0,3,3036889.0,1578,1578,1578,STERLING PLACE,B,2000-06-26,2000-06-28,08/13/2000,08/08/2000,,,,505.0,1464144.0,"§ 27-2005 ADM CODE REPLACE WITH NEW THE BROKEN OR DEFECTIVE LOWER WINDOW GLASS IN THE BATHROOM LOCATED AT APT 2-A, 2nd STORY",2000-06-29,2.0,NOV SENT OUT,06/29/2000,Original,Open,N,2000,2000.0
14178,1149,3013800028,4,M,,1578,STERLING,PLACE,11213,1578 STERLING PLACE,1188,SUTTER AVENUE-UNION STREET,11/28/23,BROOKLYN,100,both,2168932,376492,325451.0,3,3036889.0,1578,1578,1578,STERLING PLACE,B,1991-05-23,1977-06-22,10/16/1977,10/09/1977,,,10/26/1977,552.0,1325495.0,"D26-11.01, 11.03, 11.05 ADM CODE REMOVE THE ACCUMULATION OF REFUSE AND/OR RUBBISH AND MAINTAIN IN A CLEAN CONDITION THE ALL YARDS COURTS & PASSAGEWAYS R152.",1977-08-22,19.0,VIOLATION CLOSED,05/26/2023,Original,Close,N,1991,1977.0
14179,1149,3013800028,4,M,,1578,STERLING,PLACE,11213,1578 STERLING PLACE,1188,SUTTER AVENUE-UNION STREET,11/28/23,BROOKLYN,100,both,2168933,376492,325451.0,3,3036889.0,1578,1578,1578,STERLING PLACE,A,1991-05-23,1982-05-07,09/02/1982,08/26/1982,,,,772.0,1325496.0,D26-41.03 ADM CODE FILE WITH THIS DEPARTMENT A REGISTRATION AND OCCUPANCY STATEMENT OF BUILDING.,1982-05-10,9.0,VIOLATION DISMISSED,03/10/2015,Original,Close,Y,1991,1982.0
14180,1149,3013800028,4,M,,1578,STERLING,PLACE,11213,1578 STERLING PLACE,1188,SUTTER AVENUE-UNION STREET,11/28/23,BROOKLYN,100,both,12107885,376492,325451.0,3,3036889.0,1578,1578,1578,STERLING PLACE,I,2017-11-29,2017-11-29,,,,,,780.0,,"§27-2107 ADM CODE OWNER FAILED TO FILE A VALID REGISTRATION STATEMENT WITH THE DEPARTMENT AS REQUIRED BY ADM CODE §27-2097 AND IS THEREFORE SUBJECT TO CIVIL PENALTIES, PROHIBITED FROM CERTIFYING VIOLATIONS, AND DENIED THE RIGHT TO RECOVER POSSESSION OF PREMISES FOR NONPAYMENT OF RENT UNTIL A VALID REGISTRATION STATEMENT IS FILED.",,9.0,VIOLATION DISMISSED,01/16/2019,,Close,N,2017,
14181,1149,3013800028,4,M,,1578,STERLING,PLACE,11213,1578 STERLING PLACE,1188,SUTTER AVENUE-UNION STREET,11/28/23,BROOKLYN,100,both,12682089,376492,325451.0,3,3036889.0,1578,1578,1578,STERLING PLACE,I,2018-10-19,2018-10-19,,,,,,780.0,,"§27-2107 ADM CODE OWNER FAILED TO FILE A VALID REGISTRATION STATEMENT WITH THE DEPARTMENT AS REQUIRED BY ADM CODE §27-2097 AND IS THEREFORE SUBJECT TO CIVIL PENALTIES, PROHIBITED FROM CERTIFYING VIOLATIONS, AND DENIED THE RIGHT TO RECOVER POSSESSION OF PREMISES FOR NONPAYMENT OF RENT UNTIL A VALID REGISTRATION STATEMENT IS FILED.",,9.0,VIOLATION DISMISSED,01/16/2019,,Close,N,2018,
14188,1149,3013800028,4,M,,1578,STERLING,PLACE,11213,1578 STERLING PLACE,1188,SUTTER AVENUE-UNION STREET,11/28/23,BROOKLYN,100,both,2129461,376492,325451.0,3,3036889.0,1578,1578,1578,STERLING PLACE,A,1995-03-13,1995-03-13,07/21/1995,07/14/1995,,,,553.0,1325497.0,§ 27-2011 ADM CODE CLEANSE TO THE SATISFACTION OF THIS DEPARTMENT THE 1 STY PUBLIC HALL,1995-03-28,19.0,VIOLATION CLOSED,05/26/2023,Original,Close,N,1995,1995.0
14189,1149,3013800028,4,M,,1578,STERLING,PLACE,11213,1578 STERLING PLACE,1188,SUTTER AVENUE-UNION STREET,11/28/23,BROOKLYN,100,both,2129462,376492,325451.0,3,3036889.0,1578,1578,1578,STERLING PLACE,B,1995-03-13,1995-03-13,05/22/1995,05/15/1995,,,,501.0,1325498.0,§ 27-2005 ADM CODE PROPERLY REPAIR THE BROKEN OR DEFECTIVE MAILBOXES AT 1 STY PUBLIC HALL TO 1 STY SOUTH APT 1B LOCATED AT APT 1B,1995-03-28,2.0,NOV SENT OUT,03/28/1995,Original,Open,N,1995,1995.0
14190,1149,3013800028,4,M,,1578,STERLING,PLACE,11213,1578 STERLING PLACE,1188,SUTTER AVENUE-UNION STREET,11/28/23,BROOKLYN,100,both,2129463,376492,325451.0,3,3036889.0,1578,1578,1578,STERLING PLACE,B,1995-03-13,1995-03-13,05/22/1995,05/15/1995,,,,501.0,1325498.0,§ 27-2005 ADM CODE PROPERLY REPAIR THE BROKEN OR DEFECTIVE LOCKING DEVICE AT VESTIBULE DOOR TO 1 STY PUBLIC HALL,1995-03-28,19.0,VIOLATION CLOSED,05/26/2023,Original,Close,N,1995,1995.0
14191,1149,3013800028,4,M,,1578,STERLING,PLACE,11213,1578 STERLING PLACE,1188,SUTTER AVENUE-UNION STREET,11/28/23,BROOKLYN,100,both,2129464,376492,325451.0,3,3036889.0,1578,1578,1578,STERLING PLACE,B,1995-03-13,1995-03-13,05/22/1995,05/15/1995,,,,566.0,1325498.0,§ 27-2018 ADM CODE ABATE THE NUISANCE CONSISTING OF VERMIN MICE AND ROACHES THRU OUT 1 STY SOUTH APT 1B LOCATED AT APT 1B,1995-03-28,2.0,NOV SENT OUT,03/28/1995,Original,Open,N,1995,1995.0
14192,1149,3013800028,4,M,,1578,STERLING,PLACE,11213,1578 STERLING PLACE,1188,SUTTER AVENUE-UNION STREET,11/28/23,BROOKLYN,100,both,2129466,376492,325451.0,3,3036889.0,1578,1578,1578,STERLING PLACE,B,1995-10-06,1995-10-06,12/25/1995,12/18/1995,,,,502.0,1325499.0,§ 27-2005 ADM CODE PROPERLY REPAIR WITH SIMILAR MATERIAL THE BROKEN OR DEFECTIVE CEMENT MORTAR WALL AND CEILING BULKHEAD 4 STY PUBLIC HALL TO ROOF.,1995-10-31,2.0,NOV SENT OUT,10/31/1995,Original,Open,N,1995,1995.0
14193,1149,3013800028,4,M,,1578,STERLING,PLACE,11213,1578 STERLING PLACE,1188,SUTTER AVENUE-UNION STREET,11/28/23,BROOKLYN,100,both,2129467,376492,325451.0,3,3036889.0,1578,1578,1578,STERLING PLACE,B,1995-10-06,1995-10-06,12/25/1995,12/18/1995,,,,508.0,1325499.0,§ 27-2005 ADM CODE REPAIR THE BROKEN OR DEFECTIVE PLASTERED SURFACES AND PAINT IN A UNIFORM COLOR WALLS NORTH WEST BATHROOM 4 STY NORTHEAST APT 4E. LOCATED AT APT 4E,1995-10-31,19.0,VIOLATION CLOSED,08/07/2023,Original,Close,N,1995,1995.0
14194,1149,3013800028,4,M,,1578,STERLING,PLACE,11213,1578 STERLING PLACE,1188,SUTTER AVENUE-UNION STREET,11/28/23,BROOKLYN,100,both,2129468,376492,325451.0,3,3036889.0,1578,1578,1578,STERLING PLACE,B,1995-10-06,1995-10-06,12/25/1995,12/18/1995,,,,501.0,1325499.0,§ 27-2005 ADM CODE PROPERLY REPAIR THE BROKEN OR DEFECTIVE INOPERABLE BOTTOM SASH NORTHWEST ROOM WINDOW 4 STY NORTHEAST APT 4E. LOCATED AT APT 4E,1995-10-31,19.0,VIOLATION CLOSED,08/07/2023,Original,Close,N,1995,1995.0
14195,1149,3013800028,4,M,,1578,STERLING,PLACE,11213,1578 STERLING PLACE,1188,SUTTER AVENUE-UNION STREET,11/28/23,BROOKLYN,100,both,2168934,376492,325451.0,3,3036889.0,1578,1578,1578,STERLING PLACE,B,1995-03-13,1995-03-13,05/22/1995,05/15/1995,,,,505.0,1325498.0,§ 27-2005 ADM CODE REPLACE WITH NEW THE BROKEN OR DEFECTIVE GLASS LOWER SASH WINDOW SOUTHWEST ROOM 1 STY SOUTH APT 1B LOCATED AT APT 1B,1995-03-28,2.0,NOV SENT OUT,03/28/1995,Original,Open,N,1995,1995.0
14196,1149,3013800028,4,M,,1578,STERLING,PLACE,11213,1578 STERLING PLACE,1188,SUTTER AVENUE-UNION STREET,11/28/23,BROOKLYN,100,both,2168935,376492,325451.0,3,3036889.0,1578,1578,1578,STERLING PLACE,B,1995-10-06,1995-10-06,12/25/1995,12/18/1995,,,,507.0,1325499.0,§ 27-2005 ADM CODE REPAIR THE ROOF SO THAT IT WILL NOT LEAK OVER CEILING NORTH CENTER ROOM 4 STY NORTHEAST APT 4E. LOCATED AT APT 4E,1995-10-31,19.0,VIOLATION CLOSED,08/07/2023,Original,Close,Y,1995,1995.0
14197,1149,3013800028,4,M,,1578,STERLING,PLACE,11213,1578 STERLING PLACE,1188,SUTTER AVENUE-UNION STREET,11/28/23,BROOKLYN,100,both,3528075,376492,325451.0,3,3036889.0,1578,1578,1578,STERLING PLACE,B,2000-06-26,2000-06-28,08/13/2000,08/08/2000,,,,501.0,1464144.0,"§ 27-2005 ADM CODE PROPERLY REPAIR THE BROKEN OR DEFECTIVE UPPER AND LOWER WINDOW SASHES NORTH AND SOUTH ROOMS IN THE 1st BEDROOM FROM NORTH LOCATED AT APT 2-A, 2nd STORY",2000-06-29,2.0,NOV SENT OUT,06/29/2000,Original,Open,N,2000,2000.0
14198,1149,3013800028,4,M,,1578,STERLING,PLACE,11213,1578 STERLING PLACE,1188,SUTTER AVENUE-UNION STREET,11/28/23,BROOKLYN,100,both,3528102,376492,325451.0,3,3036889.0,1578,1578,1578,STERLING PLACE,B,2000-06-26,2000-06-28,08/13/2000,08/08/2000,,,,508.0,1464144.0,"§ 27-2005 ADM CODE REPAIR THE BROKEN OR DEFECTIVE PLASTERED SURFACES AND PAINT IN A UNIFORM COLOR WALLS AND CEILING IN THE ENTIRE APARTMENT LOCATED AT APT 2-A, 2nd STORY",2000-06-29,2.0,NOV SENT OUT,06/29/2000,Original,Open,N,2000,2000.0
14199,1149,3013800028,4,M,,1578,STERLING,PLACE,11213,1578 STERLING PLACE,1188,SUTTER AVENUE-UNION STREET,11/28/23,BROOKLYN,100,both,8582086,376492,325451.0,3,3036889.0,1578,1578,1578,STERLING PLACE,B,2010-09-01,2010-09-01,10/21/2010,10/07/2010,,,,686.0,4007533.0,§ 27-2040 ADM CODE PROVIDE ADEQUATE LIGHTING AT OR NEAR THE OUTSIDE OF THE FRONT ENTRANCEWAY OF THE BUILDING AND KEEP SAME BURNING FROM SUNSET EVERY DAY TO SUNRISE ON THE DAY FOLLOWING ***MINIMUM 100 WATTS OF INCANDESCENT LIGHT REQUIRED***,2010-09-02,19.0,VIOLATION CLOSED,05/26/2023,Original,Close,N,2010,2010.0
14207,1149,3013800028,4,M,,1578,STERLING,PLACE,11213,1578 STERLING PLACE,1188,SUTTER AVENUE-UNION STREET,11/28/23,BROOKLYN,100,both,2129460,376492,325451.0,3,3036889.0,1578,1578,1578,STERLING PLACE,B,1995-03-13,1995-03-13,05/22/1995,05/15/1995,,,,501.0,1325498.0,§ 27-2005 ADM CODE PROPERLY REPAIR THE BROKEN OR DEFECTIVE HOLE AT ENTRANCE DOOR TO 1 STY SOUTH APT 1B LOCATED AT APT 1B,1995-03-28,2.0,NOV SENT OUT,03/28/1995,Original,Open,N,1995,1995.0
14243,1150,3013800031,5,M,,1588,STERLING,PLACE,11213,1588 STERLING PLACE,1189,SUTTER AVENUE-UNION STREET,11/28/23,BROOKLYN,100,both,2129485,376494,325450.0,3,3036890.0,1588,1588,1588,STERLING PLACE,B,1995-07-19,1995-07-19,09/25/1995,09/18/1995,,,,501.0,1325508.0,§ 27-2005 ADM CODE PROPERLY REPAIR THE BROKEN OR DEFECTIVE LOCKSET ENTRANCE DOOR TO BUILDING.,1995-08-01,19.0,VIOLATION CLOSED,05/26/2023,Original,Close,N,1995,1995.0
14250,1150,3013800031,5,M,,1588,STERLING,PLACE,11213,1588 STERLING PLACE,1189,SUTTER AVENUE-UNION STREET,11/28/23,BROOKLYN,100,both,2129483,376494,325450.0,3,3036890.0,1588,1588,1588,STERLING PLACE,B,1995-07-19,1995-07-19,09/25/1995,09/18/1995,,,,702.0,1325508.0,§ 27-2045 ADM CODE REPAIR OR REPLACE THE SMOKE DETECTOR MISSING 1 STY SOUTHWEST APT 1E COBBS. LOCATED AT APT 1E,1995-08-01,19.0,VIOLATION CLOSED,05/26/2023,Original,Close,N,1995,1995.0
14269,1150,3013800031,5,M,,1588,STERLING,PLACE,11213,1588 STERLING PLACE,1189,SUTTER AVENUE-UNION STREET,11/28/23,BROOKLYN,100,both,2129479,376494,325450.0,3,3036890.0,1588,1588,1588,STERLING PLACE,B,1995-07-19,1995-07-19,09/25/1995,09/18/1995,,,,508.0,1325508.0,§ 27-2005 ADM CODE REPAIR THE BROKEN OR DEFECTIVE PLASTERED SURFACES AND PAINT IN A UNIFORM COLOR CEILINGS NORTH AND 1ST FROM NORTH ROOMS 1 STY SOUTHEAST APT 1E. LOCATED AT APT 1E,1995-08-01,19.0,VIOLATION CLOSED,05/26/2023,Original,Close,N,1995,1995.0
14270,1150,3013800031,5,M,,1588,STERLING,PLACE,11213,1588 STERLING PLACE,1189,SUTTER AVENUE-UNION STREET,11/28/23,BROOKLYN,100,both,2129480,376494,325450.0,3,3036890.0,1588,1588,1588,STERLING PLACE,B,1995-07-19,1995-07-19,09/25/1995,09/18/1995,,,,501.0,1325508.0,§ 27-2005 ADM CODE PROPERLY REPAIR THE BROKEN OR DEFECTIVE WALL OUTLET NORTH ROOM 1 STY SOUTHEAST APT 1E. LOCATED AT APT 1E,1995-08-01,19.0,VIOLATION CLOSED,05/26/2023,Original,Close,N,1995,1995.0
14271,1150,3013800031,5,M,,1588,STERLING,PLACE,11213,1588 STERLING PLACE,1189,SUTTER AVENUE-UNION STREET,11/28/23,BROOKLYN,100,both,2129481,376494,325450.0,3,3036890.0,1588,1588,1588,STERLING PLACE,B,1995-07-19,1995-07-19,09/25/1995,09/18/1995,,,,505.0,1325508.0,§ 27-2005 ADM CODE REPLACE WITH NEW THE BROKEN OR DEFECTIVE FLOOR TILES 1ST FROM NORTH ROOM AND PRIVATE HALL 1 STY SOUTHEAST APT 1E. LOCATED AT APT 1E,1995-08-01,19.0,VIOLATION CLOSED,05/26/2023,Original,Close,N,1995,1995.0
14272,1150,3013800031,5,M,,1588,STERLING,PLACE,11213,1588 STERLING PLACE,1189,SUTTER AVENUE-UNION STREET,11/28/23,BROOKLYN,100,both,2129482,376494,325450.0,3,3036890.0,1588,1588,1588,STERLING PLACE,B,1995-07-19,1995-07-19,09/25/1995,09/18/1995,,,,501.0,1325508.0,§ 27-2005 ADM CODE PROPERLY REPAIR THE BROKEN OR DEFECTIVE COUNTER BALANCE SPRING LOWER SASH WINDOW BATHROOM 1 STY SOUTHEAST APT 1E. LOCATED AT APT 1E,1995-08-01,19.0,VIOLATION CLOSED,05/26/2023,Original,Close,N,1995,1995.0
14273,1150,3013800031,5,M,,1588,STERLING,PLACE,11213,1588 STERLING PLACE,1189,SUTTER AVENUE-UNION STREET,11/28/23,BROOKLYN,100,both,2129484,376494,325450.0,3,3036890.0,1588,1588,1588,STERLING PLACE,B,1995-07-19,1995-07-19,09/25/1995,09/18/1995,,,,506.0,1325508.0,§ 27-2005 ADM CODE REPLACE WITH NEW THE MISSING GLASS PANE VESTIBULE WALL 1 STY PUBLIC HALL.,1995-08-01,19.0,VIOLATION CLOSED,05/26/2023,Original,Close,N,1995,1995.0
14274,1150,3013800031,5,M,,1588,STERLING,PLACE,11213,1588 STERLING PLACE,1189,SUTTER AVENUE-UNION STREET,11/28/23,BROOKLYN,100,both,2129487,376494,325450.0,3,3036890.0,1588,1588,1588,STERLING PLACE,B,1996-03-14,1996-03-14,05/20/1996,05/13/1996,,,,508.0,1325509.0,§ 27-2005 ADM CODE REPAIR THE BROKEN OR DEFECTIVE PLASTERED SURFACES AND PAINT IN A UNIFORM COLOR CEILINGS NORTH AND CENTER ROOMS 1 STY SOUTHWEST APT 1E. LOCATED AT APT 1E,1996-03-26,19.0,VIOLATION CLOSED,05/26/2023,Original,Close,N,1996,1996.0
14275,1150,3013800031,5,M,,1588,STERLING,PLACE,11213,1588 STERLING PLACE,1189,SUTTER AVENUE-UNION STREET,11/28/23,BROOKLYN,100,both,2129488,376494,325450.0,3,3036890.0,1588,1588,1588,STERLING PLACE,B,1996-03-14,1996-03-14,05/20/1996,05/13/1996,,,,510.0,1325509.0,§ 27-2005 ADM CODE & 309 M/D LAW ABATE THE NUISANCE CONSISTING OF EVIDENCE OF CONCEALED WATER LEAK CEILINGS NORTH AND CENTER ROOMS 1 STY SOUTHWEST APT 1E. LOCATED AT APT 1E,1996-03-26,19.0,VIOLATION CLOSED,05/26/2023,Original,Close,N,1996,1996.0
14276,1150,3013800031,5,M,,1588,STERLING,PLACE,11213,1588 STERLING PLACE,1189,SUTTER AVENUE-UNION STREET,11/28/23,BROOKLYN,100,both,2129489,376494,325450.0,3,3036890.0,1588,1588,1588,STERLING PLACE,B,1996-03-14,1996-03-14,05/20/1996,05/13/1996,,,,505.0,1325509.0,§ 27-2005 ADM CODE REPLACE WITH NEW THE BROKEN OR DEFECTIVE VINYL FLOOR TILES THRU OUT 1 STY SOUTHWEST APT 1E. LOCATED AT APT 1E,1996-03-26,19.0,VIOLATION CLOSED,05/26/2023,Original,Close,N,1996,1996.0
14277,1150,3013800031,5,M,,1588,STERLING,PLACE,11213,1588 STERLING PLACE,1189,SUTTER AVENUE-UNION STREET,11/28/23,BROOKLYN,100,both,2129490,376494,325450.0,3,3036890.0,1588,1588,1588,STERLING PLACE,B,1996-03-14,1996-03-14,05/20/1996,05/13/1996,,,,508.0,1325509.0,§ 27-2005 ADM CODE REPAIR THE BROKEN OR DEFECTIVE PLASTERED SURFACES AND PAINT IN A UNIFORM COLOR CEILING 1 STY PUBLIC HALL.,1996-03-26,19.0,VIOLATION CLOSED,05/26/2023,Original,Close,N,1996,1996.0
14278,1150,3013800031,5,M,,1588,STERLING,PLACE,11213,1588 STERLING PLACE,1189,SUTTER AVENUE-UNION STREET,11/28/23,BROOKLYN,100,both,2168940,376494,325450.0,3,3036890.0,1588,1588,1588,STERLING PLACE,A,1991-07-19,1978-09-26,05/17/1979,05/10/1979,,,,552.0,1325505.0,"D26-11.01, 11.03, 11.05 ADM CODE REMOVE THE ACCUMULATION OF REFUSE AND/OR RUBBISH AND MAINTAIN IN A CLEAN CONDITION THE AT WEST COURT YARD THROUGHOUT.",1979-01-22,19.0,VIOLATION CLOSED,05/26/2023,Original,Close,N,1991,1979.0
14279,1150,3013800031,5,M,,1588,STERLING,PLACE,11213,1588 STERLING PLACE,1189,SUTTER AVENUE-UNION STREET,11/28/23,BROOKLYN,100,both,2168941,376494,325450.0,3,3036890.0,1588,1588,1588,STERLING PLACE,A,1991-07-19,1982-05-07,09/02/1982,08/26/1982,,,,772.0,1325506.0,D26-41.03 ADM CODE FILE WITH THIS DEPARTMENT A REGISTRATION AND OCCUPANCY STATEMENT OF BUILDING.,1982-05-10,19.0,VIOLATION CLOSED,05/26/2023,Original,Close,Y,1991,1982.0
14280,1150,3013800031,5,M,,1588,STERLING,PLACE,11213,1588 STERLING PLACE,1189,SUTTER AVENUE-UNION STREET,11/28/23,BROOKLYN,100,both,2168942,376494,325450.0,3,3036890.0,1588,1588,1588,STERLING PLACE,A,1991-07-19,1984-01-20,05/18/1984,05/11/1984,,,,772.0,1325507.0,D26-41.03 ADM CODE FILE WITH THIS DEPARTMENT A REGISTRATION STATEMENT FOR BUILDING.,1984-01-23,19.0,VIOLATION CLOSED,05/26/2023,Original,Close,Y,1991,1984.0
14281,1150,3013800031,5,M,,1588,STERLING,PLACE,11213,1588 STERLING PLACE,1189,SUTTER AVENUE-UNION STREET,11/28/23,BROOKLYN,100,both,2168943,376494,325450.0,3,3036890.0,1588,1588,1588,STERLING PLACE,B,1995-07-19,1995-07-19,09/25/1995,09/18/1995,,,,510.0,1325508.0,§ 27-2005 ADM CODE & 309 M/D LAW ABATE THE NUISANCE CONSISTING OF CONCEALED WATER LEAK CEILINGS NORTH AND 1ST FROOM NORTH ROOMS 1 STY SOUTHEAST APT 1E. LOCATED AT APT 1E,1995-08-01,19.0,VIOLATION CLOSED,05/26/2023,Original,Close,N,1995,1995.0
14282,1150,3013800031,5,M,,1588,STERLING,PLACE,11213,1588 STERLING PLACE,1189,SUTTER AVENUE-UNION STREET,11/28/23,BROOKLYN,100,both,2168944,376494,325450.0,3,3036890.0,1588,1588,1588,STERLING PLACE,B,1996-03-14,1996-03-14,05/20/1996,05/13/1996,,,,501.0,1325509.0,§ 27-2005 ADM CODE PROPERLY REPAIR THE BROKEN OR DEFECTIVE ELECTRICAL OUTLETS WALLS NORTH ROOM 1 STY SOUTHWEST APT 1E. LOCATED AT APT 1E,1996-03-26,19.0,VIOLATION CLOSED,05/26/2023,Original,Close,N,1996,1996.0
14379,1151,3013800034,6,M,,1598,STERLING,PLACE,11213,1598 STERLING PLACE,1190,SUTTER AVENUE-UNION STREET,11/28/23,BROOKLYN,100,both,2129504,376498,328001.0,3,3036891.0,1598,1598,1598,STERLING PLACE,B,1995-06-19,1995-06-19,08/27/1995,08/20/1995,,,,510.0,1325521.0,"§ 27-2005 ADM CODE & 309 M/D LAW ABATE THE NUISANCE CONSISTING OF CONCEALED WATER LEAK CEILINGS NORTH AND 1ST FROM NORTH ROOMS 4 STY SOUTHEAST APT 4A. , SECTION '' ''",1995-07-03,19.0,VIOLATION CLOSED,05/26/2023,Original,Close,N,1995,1995.0
14380,1151,3013800034,6,M,,1598,STERLING,PLACE,11213,1598 STERLING PLACE,1190,SUTTER AVENUE-UNION STREET,11/28/23,BROOKLYN,100,both,2168954,376498,328001.0,3,3036891.0,1598,1598,1598,STERLING PLACE,A,1991-05-23,1979-04-24,09/06/1979,08/30/1979,,,,552.0,1325519.0,"D26-11.01, 11.03, 11.05 ADM CODE REMOVE THE ACCUMULATION OF REFUSE AND/OR RUBBISH AND MAINTAIN IN A CLEAN CONDITION THE WEST COURT & REAR WEST FIRE PASSAGEWAY.",1979-05-14,19.0,VIOLATION CLOSED,05/26/2023,Original,Close,N,1991,1979.0
14381,1151,3013800034,6,M,,1598,STERLING,PLACE,11213,1598 STERLING PLACE,1190,SUTTER AVENUE-UNION STREET,11/28/23,BROOKLYN,100,both,2168955,376498,328001.0,3,3036891.0,1598,1598,1598,STERLING PLACE,A,1991-05-23,1982-05-07,09/02/1982,08/26/1982,,,,772.0,1325520.0,D26-41.03 ADM CODE FILE WITH THIS DEPARTMENT A REGISTRATION AND OCCUPANCY STATEMENT OF BUILDING.,1982-05-10,19.0,VIOLATION CLOSED,05/26/2023,Original,Close,Y,1991,1982.0
14382,1151,3013800034,6,M,,1598,STERLING,PLACE,11213,1598 STERLING PLACE,1190,SUTTER AVENUE-UNION STREET,11/28/23,BROOKLYN,100,both,2168956,376498,328001.0,3,3036891.0,1598,1598,1598,STERLING PLACE,B,1995-06-19,1995-06-19,08/27/1995,08/20/1995,,,,508.0,1325521.0,"§ 27-2005 ADM CODE REPAIR THE BROKEN OR DEFECTIVE PLASTERED SURFACES AND PAINT IN A UNIFORM COLOR CEILINGS NORTH AND 1ST FROM NORTH ROOMS 4 STY SOUTHEAST APT 4A. , SECTION '' ''",1995-07-03,19.0,VIOLATION CLOSED,05/26/2023,Original,Close,N,1995,1995.0
14412,1151,3013800034,6,M,,1598,STERLING,PLACE,11213,1598 STERLING PLACE,1190,SUTTER AVENUE-UNION STREET,11/28/23,BROOKLYN,100,both,2129505,376498,328001.0,3,3036891.0,1598,1598,1598,STERLING PLACE,B,1995-06-19,1995-06-19,08/27/1995,08/20/1995,,,,509.0,1325521.0,"§ 27-2005 ADM CODE PROPERLY SECURE THE LOOSE TOWEL RACK BATHROOM 4 STY SOUTHEAST APT 4A. , SECTION '' ''",1995-07-03,19.0,VIOLATION CLOSED,05/26/2023,Original,Close,N,1995,1995.0
14463,1152,3013750002,7,M,,225,BUFFALO,AVENUE,11213,225 BUFFALO AVENUE,1191,SUTTER AVENUE-UNION STREET,11/28/23,BROOKLYN,100,both,7859724,215377,390921.0,3,3036630.0,225,225,229,BUFFALO AVENUE,B,2009-05-06,2009-05-07,06/26/2009,06/12/2009,,,,1502.0,3633752.0,"§ 27-2046.1, 2046.2 HMC: PROVIDE AN APPROVED AND OPERATIONAL CARBON MONOXIDE DETECTING DEVICE, INSTALLED IN ACCORDANCE WITH APPLICABLE LAW AND RULES. IN THE ENTIRE APARTMENT LOCATED AT APT 1C, 1st STORY, 1st APARTMENT FROM SOUTH AT WEST",2009-05-08,2.0,NOV SENT OUT,05/08/2009,Original,Open,N,2009,2009.0
14464,1152,3013750002,7,M,,225,BUFFALO,AVENUE,11213,225 BUFFALO AVENUE,1191,SUTTER AVENUE-UNION STREET,11/28/23,BROOKLYN,100,both,7155849,215377,390921.0,3,3036630.0,225,225,229,BUFFALO AVENUE,C,2008-02-17,2008-02-20,03/03/2008,02/27/2008,,,,510.0,3213884.0,"§ 27-2005 ADM CODE & 309 M/D LAW ABATE THE NUISANCE CONSISTING OF ACTIVE WATER LEAK CEILING IN THE 1st ROOM FROM EAST AT NORTH LOCATED AT APT 2D, 2nd STORY, 2nd APARTMENT FROM WEST AT NORTH",2008-02-21,19.0,VIOLATION CLOSED,05/30/2023,Original,Close,N,2008,2008.0
14466,1152,3013750002,7,M,,225,BUFFALO,AVENUE,11213,225 BUFFALO AVENUE,1191,SUTTER AVENUE-UNION STREET,11/28/23,BROOKLYN,100,both,7155860,215377,390921.0,3,3036630.0,225,225,229,BUFFALO AVENUE,B,2008-02-17,2008-02-20,04/10/2008,03/27/2008,,,,502.0,3213883.0,"§ 27-2005 ADM CODE PROPERLY REPAIR WITH SIMILAR MATERIAL THE BROKEN OR DEFECTIVE WOOD FLOOR IN THE KITCHEN LOCATED AT APT 2D, 2nd STORY, 2nd APARTMENT FROM WEST AT NORTH",2008-02-21,19.0,VIOLATION CLOSED,05/30/2023,Original,Close,N,2008,2008.0
14468,1152,3013750002,7,M,,225,BUFFALO,AVENUE,11213,225 BUFFALO AVENUE,1191,SUTTER AVENUE-UNION STREET,11/28/23,BROOKLYN,100,both,7155826,215377,390921.0,3,3036630.0,225,225,229,BUFFALO AVENUE,C,2008-02-17,2008-02-20,03/03/2008,02/27/2008,,,,510.0,3213884.0,"§ 27-2005 ADM CODE & 309 M/D LAW ABATE THE NUISANCE CONSISTING OF ACTIVE WATER LEAK CEILING IN THE KITCHEN LOCATED AT APT 2D, 2nd STORY, 2nd APARTMENT FROM WEST AT NORTH",2008-02-21,19.0,VIOLATION CLOSED,05/30/2023,Original,Close,N,2008,2008.0
14469,1152,3013750002,7,M,,225,BUFFALO,AVENUE,11213,225 BUFFALO AVENUE,1191,SUTTER AVENUE-UNION STREET,11/28/23,BROOKLYN,100,both,7155854,215377,390921.0,3,3036630.0,225,225,229,BUFFALO AVENUE,C,2008-02-17,2008-02-20,03/03/2008,02/27/2008,,,,508.0,3213884.0,"§ 27-2005 ADM CODE REPAIR THE BROKEN OR DEFECTIVE PLASTERED SURFACES AND PAINT IN A UNIFORM COLOR CEILING IN THE 1st ROOM FROM EAST AT NORTH LOCATED AT APT 2D, 2nd STORY, 2nd APARTMENT FROM WEST AT NORTH",2008-02-21,19.0,VIOLATION CLOSED,05/30/2023,Original,Close,N,2008,2008.0
14470,1152,3013750002,7,M,,225,BUFFALO,AVENUE,11213,225 BUFFALO AVENUE,1191,SUTTER AVENUE-UNION STREET,11/28/23,BROOKLYN,100,both,7155858,215377,390921.0,3,3036630.0,225,225,229,BUFFALO AVENUE,A,2008-02-17,2008-02-20,06/09/2008,05/26/2008,,,,556.0,3213882.0,"§ 27-2013 ADM CODE PAINT WITH LIGHT COLORED PAINT TO THE SATISFACTION OF THIS DEPARTMENT WALLS AND CEILING IN THE ENTIRE APARTMENT LOCATED AT APT 2D, 2nd STORY, 2nd APARTMENT FROM WEST AT NORTH",2008-02-21,19.0,VIOLATION CLOSED,05/30/2023,Original,Close,N,2008,2008.0
14471,1152,3013750002,7,M,,225,BUFFALO,AVENUE,11213,225 BUFFALO AVENUE,1191,SUTTER AVENUE-UNION STREET,11/28/23,BROOKLYN,100,both,7155895,215377,390921.0,3,3036630.0,225,225,229,BUFFALO AVENUE,B,2008-02-17,2008-02-20,04/10/2008,03/27/2008,,,,501.0,3213883.0,"§ 27-2005 ADM CODE PROPERLY REPAIR THE BROKEN OR DEFECTIVE BASE CABINET IN THE KITCHEN LOCATED AT APT 2D, 2nd STORY, 2nd APARTMENT FROM WEST AT NORTH",2008-02-21,2.0,NOV SENT OUT,02/21/2008,Original,Open,N,2008,2008.0
14472,1152,3013750002,7,M,,225,BUFFALO,AVENUE,11213,225 BUFFALO AVENUE,1191,SUTTER AVENUE-UNION STREET,11/28/23,BROOKLYN,100,both,7155908,215377,390921.0,3,3036630.0,225,225,229,BUFFALO AVENUE,B,2008-02-17,2008-02-20,04/10/2008,03/27/2008,,,,1502.0,3213883.0,"§ 27-2046.1, 2046.2 HMC: PROVIDE AN APPROVED AND OPERATIONAL CARBON MONOXIDE DETECTING DEVICE, INSTALLED IN ACCORDANCE WITH APPLICABLE LAW AND RULES. IN THE ENTIRE APARTMENT LOCATED AT APT 2D, 2nd STORY, 2nd APARTMENT FROM WEST AT NORTH",2008-02-21,19.0,VIOLATION CLOSED,05/30/2023,Original,Close,N,2008,2008.0
14473,1152,3013750002,7,M,,225,BUFFALO,AVENUE,11213,225 BUFFALO AVENUE,1191,SUTTER AVENUE-UNION STREET,11/28/23,BROOKLYN,100,both,7155924,215377,390921.0,3,3036630.0,225,225,229,BUFFALO AVENUE,B,2008-02-17,2008-02-20,04/10/2008,03/27/2008,,,,505.0,3213883.0,"§ 27-2005 ADM CODE REPLACE WITH NEW THE BROKEN OR DEFECTIVE LIGHT FIXTURE CEILING IN THE PRIVATE HALLWAY LOCATED AT APT 2D, 2nd STORY, 2nd APARTMENT FROM WEST AT NORTH",2008-02-21,19.0,VIOLATION CLOSED,05/30/2023,Original,Close,N,2008,2008.0
14474,1152,3013750002,7,M,,225,BUFFALO,AVENUE,11213,225 BUFFALO AVENUE,1191,SUTTER AVENUE-UNION STREET,11/28/23,BROOKLYN,100,both,7155927,215377,390921.0,3,3036630.0,225,225,229,BUFFALO AVENUE,B,2008-02-17,2008-02-20,04/10/2008,03/27/2008,,,,502.0,3213883.0,"§ 27-2005 ADM CODE PROPERLY REPAIR WITH SIMILAR MATERIAL THE BROKEN OR DEFECTIVE CERAMIC TILE FLOOR IN THE BATHROOM LOCATED AT APT 2D, 2nd STORY, 2nd APARTMENT FROM WEST AT NORTH",2008-02-21,19.0,VIOLATION CLOSED,05/30/2023,Original,Close,N,2008,2008.0
14475,1152,3013750002,7,M,,225,BUFFALO,AVENUE,11213,225 BUFFALO AVENUE,1191,SUTTER AVENUE-UNION STREET,11/28/23,BROOKLYN,100,both,7859717,215377,390921.0,3,3036630.0,225,225,229,BUFFALO AVENUE,B,2009-05-06,2009-05-07,06/26/2009,06/12/2009,,,,502.0,3633752.0,"§ 27-2005 ADM CODE PROPERLY REPAIR WITH SIMILAR MATERIAL THE BROKEN OR DEFECTIVE CERAMIC WALL TILE AT WEST WALL IN THE BATHROOM LOCATED AT APT 1C, 1st STORY, 1st APARTMENT FROM SOUTH AT WEST",2009-05-08,2.0,NOV SENT OUT,05/08/2009,Original,Open,N,2009,2009.0
14476,1152,3013750002,7,M,,225,BUFFALO,AVENUE,11213,225 BUFFALO AVENUE,1191,SUTTER AVENUE-UNION STREET,11/28/23,BROOKLYN,100,both,7859720,215377,390921.0,3,3036630.0,225,225,229,BUFFALO AVENUE,B,2009-05-06,2009-05-07,06/26/2009,06/12/2009,,,,502.0,3633752.0,"§ 27-2005 ADM CODE PROPERLY REPAIR WITH SIMILAR MATERIAL THE BROKEN OR DEFECTIVE WOOD FLOOR IN THE PRIVATE HALLWAY LOCATED AT APT 1C, 1st STORY, 1st APARTMENT FROM SOUTH AT WEST",2009-05-08,2.0,NOV SENT OUT,05/08/2009,Original,Open,N,2009,2009.0
14477,1152,3013750002,7,M,,225,BUFFALO,AVENUE,11213,225 BUFFALO AVENUE,1191,SUTTER AVENUE-UNION STREET,11/28/23,BROOKLYN,100,both,7859723,215377,390921.0,3,3036630.0,225,225,229,BUFFALO AVENUE,B,2009-05-06,2009-05-07,06/26/2009,06/12/2009,,,,502.0,3633752.0,"§ 27-2005 ADM CODE PROPERLY REPAIR WITH SIMILAR MATERIAL THE BROKEN OR DEFECTIVE WOOD FLOOR IN THE 2nd ROOM FROM NORTH LOCATED AT APT 1C, 1st STORY, 1st APARTMENT FROM SOUTH AT WEST",2009-05-08,2.0,NOV SENT OUT,05/08/2009,Original,Open,N,2009,2009.0
14478,1152,3013750002,7,M,,225,BUFFALO,AVENUE,11213,225 BUFFALO AVENUE,1191,SUTTER AVENUE-UNION STREET,11/28/23,BROOKLYN,100,both,7859725,215377,390921.0,3,3036630.0,225,225,229,BUFFALO AVENUE,C,2009-05-06,2009-05-07,05/19/2009,05/14/2009,,,,510.0,3633753.0,"§ 27-2005 ADM CODE & 309 M/D LAW ABATE THE NUISANCE CONSISTING OF CONCEALED WATER LEAK AT CEILING IN THE BATHROOM LOCATED AT APT 1C, 1st STORY, 1st APARTMENT FROM SOUTH AT WEST",2009-05-08,2.0,NOV SENT OUT,05/08/2009,Original,Open,N,2009,2009.0
14479,1152,3013750002,7,M,,225,BUFFALO,AVENUE,11213,225 BUFFALO AVENUE,1191,SUTTER AVENUE-UNION STREET,11/28/23,BROOKLYN,100,both,7859732,215377,390921.0,3,3036630.0,225,225,229,BUFFALO AVENUE,B,2009-05-06,2009-05-07,06/26/2009,06/12/2009,,,,530.0,3633752.0,"§ 27-2005, 27-2007, 27-2041.1 HMC: REPLACE OR REPAIR THE SELF-CLOSING DOORS THAT IS MISSING OR DEFECTIVE AT BUILDING ENTRANCE AT PUBLIC HALL, 1st STORY",2009-05-08,19.0,VIOLATION CLOSED,05/26/2023,Original,Close,N,2009,2009.0
14480,1152,3013750002,7,M,,225,BUFFALO,AVENUE,11213,225 BUFFALO AVENUE,1191,SUTTER AVENUE-UNION STREET,11/28/23,BROOKLYN,100,both,7859735,215377,390921.0,3,3036630.0,225,225,229,BUFFALO AVENUE,C,2009-05-06,2009-05-07,05/19/2009,05/14/2009,,,,505.0,3633753.0,"§ 27-2005 ADM CODE REPLACE WITH NEW THE BROKEN OR DEFECTIVE BUILDING ENTRANCE DOOR GLASS PANEL AT PUBLIC HALL, 1st STORY",2009-05-08,19.0,VIOLATION CLOSED,05/26/2023,Original,Close,N,2009,2009.0
14487,1156,3035100001,1,M,,2069,UNION,STREET,11212,2069 UNION STREET,1195,SUTTER AVENUE-UNION STREET,11/28/23,BROOKLYN,100,both,11884367,809717,300196.0,3,3080820.0,2069,2069,2079,UNION STREET,A,2017-07-17,2017-07-19,11/06/2017,10/23/2017,,,,700.0,5805690.0,"§ 27-2045 ADM CODE POST A PROPER NOTICE OF SMOKE DETECTOR REQUIREMENTS, IN A FORM APPROVED BY THE COMMISSIONER, AT OR NEAR THE MAIL BOX ... AT PUBLIC HALL, 1st STORY",2017-07-20,19.0,VIOLATION CLOSED,08/07/2023,Original,Close,N,2017,2017.0
14491,1156,3035100001,1,M,,2069,UNION,STREET,11212,2069 UNION STREET,1195,SUTTER AVENUE-UNION STREET,11/28/23,BROOKLYN,100,both,11884365,809717,300196.0,3,3080820.0,2069,2069,2079,UNION STREET,A,2017-07-17,2017-07-19,11/06/2017,10/23/2017,,,,500.0,5805690.0,"§ 26-1103 ADMIN. CODE: POST AND MAINTAIN A PROPER NOTICE ON WALL OF THE ENTRANCE STORY IN ENGLISH AND SPANISH ON THE AVAILABILITY OF THE AGENCYS HOUSING INFORMATION GUIDE. A SAMPLE NOTICE CAN BE FOUND AT WWW.NYC.GOV/HPD. AT PUBLIC HALL, 1st STORY",2017-07-20,19.0,VIOLATION CLOSED,05/26/2023,Original,Close,N,2017,2017.0
14493,1156,3035100001,1,M,,2069,UNION,STREET,11212,2069 UNION STREET,1195,SUTTER AVENUE-UNION STREET,11/28/23,BROOKLYN,100,both,11883575,809717,300196.0,3,3080820.0,2069,2069,2079,UNION STREET,B,2017-07-17,2017-07-19,09/07/2017,08/24/2017,,,,550.0,5805691.0,"§ 27-2005 HMC:TRACE AND REPAIR THE SOURCE AND ABATE THE NUISANCE CONSISTING OF MOLD ... APPROX 20 SQ.FT AT CEILING IN THE 1st ROOM FROM EAST LOCATED AT APT 4B, 4th STORY, 1st APARTMENT FROM WEST AT NORTH",2017-07-20,19.0,VIOLATION CLOSED,07/24/2023,Original,Close,N,2017,2017.0
14494,1156,3035100001,1,M,,2069,UNION,STREET,11212,2069 UNION STREET,1195,SUTTER AVENUE-UNION STREET,11/28/23,BROOKLYN,100,both,11884370,809717,300196.0,3,3080820.0,2069,2069,2079,UNION STREET,A,2017-07-17,2017-07-19,11/06/2017,10/23/2017,,,,722.0,5805690.0,"§ 27-2053 ADM CODE POST SIGN ON WALL OF ENTRANCE STORY BEARING NAME, ADDRESS INCLUDING APARTMENT NUMBER IF ANY, AND TELEPHONE NUMBER OF SUPERINTENDENT, JANITOR OR HOUSEKEEPER. AT PUBLIC HALL, 1st STORY",2017-07-20,19.0,VIOLATION CLOSED,05/26/2023,Original,Close,N,2017,2017.0
14496,1156,3035100001,1,M,,2069,UNION,STREET,11212,2069 UNION STREET,1195,SUTTER AVENUE-UNION STREET,11/28/23,BROOKLYN,100,both,10978012,809717,300196.0,3,3080820.0,2069,2069,2079,UNION STREET,C,2015-10-24,2015-10-25,11/08/2015,11/03/2015,,,,501.0,5294024.0,"§ 27-2005 ADM CODE PROPERLY REPAIR THE BROKEN OR DEFECTIVE BUILDING ENTRANCE DOOR LOCK AT PUBLIC HALL, 1st STORY",2015-10-26,2.0,NOV SENT OUT,10/26/2015,Original,Open,N,2015,2015.0
14498,1156,3035100001,1,M,,2069,UNION,STREET,11212,2069 UNION STREET,1195,SUTTER AVENUE-UNION STREET,11/28/23,BROOKLYN,100,both,11048076,809717,300196.0,3,3080820.0,2069,2069,2079,UNION STREET,B,2015-12-23,2015-12-24,02/15/2016,02/01/2016,,,,530.0,5332913.0,"§ 27-2005, 27-2007, 27-2041.1 HMC: REPLACE OR REPAIR THE SELF-CLOSING DOORS THAT IS MISSING OR DEFECTIVE AT ENTRANCE TO BUILDING , 1st STORY",2015-12-28,2.0,NOV SENT OUT,12/28/2015,Original,Open,N,2015,2015.0
14501,1156,3035100001,1,M,,2069,UNION,STREET,11212,2069 UNION STREET,1195,SUTTER AVENUE-UNION STREET,11/28/23,BROOKLYN,100,both,3315398,809717,300196.0,3,3080820.0,2069,2069,2079,UNION STREET,A,1996-11-06,1996-11-06,03/14/1997,03/07/1997,,,,772.0,1379961.0,§ 27-2098 ADM CODE FILE WITH THIS DEPARTMENT A REGISTRATION STATEMENT FOR BUILDING.,1996-11-19,9.0,VIOLATION DISMISSED,03/10/2015,Original,Close,Y,1996,1996.0
14502,1156,3035100001,1,M,,2069,UNION,STREET,11212,2069 UNION STREET,1195,SUTTER AVENUE-UNION STREET,11/28/23,BROOKLYN,100,both,11887968,809717,300196.0,3,3080820.0,2069,2069,2079,UNION STREET,A,2017-07-20,2017-07-21,11/10/2017,10/27/2017,,,,485.0,5807686.0,"§ 329, M/D LAW AND DEPT. RULES AND REGS. PROVIDE A COMPLETED CERTIFICATE OF INSPECTION VISITS IN A PROPER FRAME READILY ACCESSIBLE FOR SIGNATURE, BOTTOM EDGE OF FRAME BETWEEN 48-62 INCHES ABOVE FLOOR AT - AT PUBLIC HALL, 1st STORY",2017-07-24,19.0,VIOLATION CLOSED,08/07/2023,Original,Close,N,2017,2017.0
14503,1156,3035100001,1,M,,2069,UNION,STREET,11212,2069 UNION STREET,1195,SUTTER AVENUE-UNION STREET,11/28/23,BROOKLYN,100,both,11887977,809717,300196.0,3,3080820.0,2069,2069,2079,UNION STREET,C,2017-07-20,2017-07-21,08/06/2017,08/01/2017,,,,671.0,5807687.0,"§ 27-2033 ADM CODE POST NOTICE, IN FORM APPROVED BY THE DEPARTMENT, STATING THE NAME AND LOCATION OF THE PERSON DESIGNATED BY THE OWNER TO HAVE KEY TO BUILDINGS HEATING SYSTEM -- AT PUBLIC HALL, 1st STORY",2017-07-24,19.0,VIOLATION CLOSED,05/26/2023,Original,Close,N,2017,2017.0
14506,1156,3035100001,1,M,,2069,UNION,STREET,11212,2069 UNION STREET,1195,SUTTER AVENUE-UNION STREET,11/28/23,BROOKLYN,100,both,11883573,809717,300196.0,3,3080820.0,2069,2069,2079,UNION STREET,B,2017-07-17,2017-07-19,09/07/2017,08/24/2017,,,,508.0,5805691.0,"§ 27-2005 ADM CODE REPAIR THE BROKEN OR DEFECTIVE PLASTERED SURFACES AND PAINT IN A UNIFORM COLOR CEILING IN THE 1st ROOM FROM EAST LOCATED AT APT 4B, 4th STORY, 1st APARTMENT FROM WEST AT NORTH",2017-07-20,19.0,VIOLATION CLOSED,07/24/2023,Original,Close,N,2017,2017.0
14507,1156,3035100001,1,M,,2069,UNION,STREET,11212,2069 UNION STREET,1195,SUTTER AVENUE-UNION STREET,11/28/23,BROOKLYN,100,both,11883579,809717,300196.0,3,3080820.0,2069,2069,2079,UNION STREET,B,2017-07-17,2017-07-19,09/07/2017,08/24/2017,,,,507.0,5805691.0,"§ 27-2005 ADM CODE REPAIR THE ROOF SO THAT IT WILL NOT LEAK OVER CEILING IN THE 4th ROOM FROM EAST AT NORTH LOCATED AT APT 4B, 4th STORY, 1st APARTMENT FROM WEST AT NORTH",2017-07-20,19.0,VIOLATION CLOSED,07/24/2023,Original,Close,Y,2017,2017.0
14508,1156,3035100001,1,M,,2069,UNION,STREET,11212,2069 UNION STREET,1195,SUTTER AVENUE-UNION STREET,11/28/23,BROOKLYN,100,both,11883581,809717,300196.0,3,3080820.0,2069,2069,2079,UNION STREET,B,2017-07-17,2017-07-19,09/07/2017,08/24/2017,,,,508.0,5805691.0,"§ 27-2005 ADM CODE REPAIR THE BROKEN OR DEFECTIVE PLASTERED SURFACES AND PAINT IN A UNIFORM COLOR CEILING IN THE 4th ROOM FROM EAST AT NORTH LOCATED AT APT 4B, 4th STORY, 1st APARTMENT FROM WEST AT NORTH",2017-07-20,19.0,VIOLATION CLOSED,07/24/2023,Original,Close,N,2017,2017.0
14509,1156,3035100001,1,M,,2069,UNION,STREET,11212,2069 UNION STREET,1195,SUTTER AVENUE-UNION STREET,11/28/23,BROOKLYN,100,both,11884366,809717,300196.0,3,3080820.0,2069,2069,2079,UNION STREET,B,2017-07-17,2017-07-19,09/07/2017,08/24/2017,,,,1502.0,5805691.0,"§ 27-2046.1, 2046.2 HMC: PROVIDE AN APPROVED AND OPERATIONAL CARBON MONOXIDE DETECTING DEVICE, INSTALLED IN ACCORDANCE WITH APPLICABLE LAW AND RULES. AT PUBLIC HALL, 1st STORY",2017-07-20,19.0,VIOLATION CLOSED,08/07/2023,Original,Close,N,2017,2017.0
14510,1156,3035100001,1,M,,2069,UNION,STREET,11212,2069 UNION STREET,1195,SUTTER AVENUE-UNION STREET,11/28/23,BROOKLYN,100,both,11884368,809717,300196.0,3,3080820.0,2069,2069,2079,UNION STREET,A,2017-07-17,2017-07-19,11/06/2017,10/23/2017,,,,778.0,5805690.0,"§ 27-2104 ADM CODE POST AND MAINTAIN A PROPER SIGN ON WALL OF ENTRANCE STORY SHOWING THE REGISTRATION NUMBER ASSIGNED BY THE DEPARTMENT AND THE ADDRESS OF THE BUILDING. AT PUBLIC HALL, 1st STORY",2017-07-20,19.0,VIOLATION CLOSED,08/07/2023,Original,Close,N,2017,2017.0
14511,1156,3035100001,1,M,,2069,UNION,STREET,11212,2069 UNION STREET,1195,SUTTER AVENUE-UNION STREET,11/28/23,BROOKLYN,100,both,11884369,809717,300196.0,3,3080820.0,2069,2069,2079,UNION STREET,C,2017-07-17,2017-07-19,08/02/2017,07/28/2017,,,,671.0,5805692.0,"§ 27-2033 ADM CODE POST NOTICE, IN FORM APPROVED BY THE DEPARTMENT, STATING THE NAME AND LOCATION OF THE PERSON DESIGNATED BY THE OWNER TO HAVE KEY TO BUILDINGS HEATING SYSTEM ... AT PUBLIC HALL, 1st STORY",2017-07-20,19.0,VIOLATION CLOSED,05/26/2023,Original,Close,N,2017,2017.0
14512,1156,3035100001,1,M,,2069,UNION,STREET,11212,2069 UNION STREET,1195,SUTTER AVENUE-UNION STREET,11/28/23,BROOKLYN,100,both,11884371,809717,300196.0,3,3080820.0,2069,2069,2079,UNION STREET,A,2017-07-17,2017-07-19,11/06/2017,10/23/2017,,,,1506.0,5805690.0,"§ 27-2005 HMC: POST, IN A FORM APPROVED BY THE COMMISSIONER, AND MAINTAIN A NOTICE IN A COMMON AREA OF THE BUILDING REGARDING THE PROCEDURES THAT SHOULD BE FOLLOWED WHEN A GAS LEAK IS SUSPECTED",2017-07-20,19.0,VIOLATION CLOSED,05/26/2023,Original,Close,N,2017,2017.0
14513,1156,3035100001,1,M,,2069,UNION,STREET,11212,2069 UNION STREET,1195,SUTTER AVENUE-UNION STREET,11/28/23,BROOKLYN,100,both,11887963,809717,300196.0,3,3080820.0,2069,2069,2079,UNION STREET,A,2017-07-20,2017-07-21,11/10/2017,10/27/2017,,,,700.0,5807686.0,"§ 27-2045 ADM CODE POST A PROPER NOTICE OF SMOKE DETECTOR REQUIREMENTS, IN A FORM APPROVED BY THE COMMISSIONER, AT OR NEAR THE MAIL BOX .. AT PUBLIC HALL, 1st STORY",2017-07-24,19.0,VIOLATION CLOSED,08/07/2023,Original,Close,N,2017,2017.0
14514,1156,3035100001,1,M,,2069,UNION,STREET,11212,2069 UNION STREET,1195,SUTTER AVENUE-UNION STREET,11/28/23,BROOKLYN,100,both,11887966,809717,300196.0,3,3080820.0,2069,2069,2079,UNION STREET,A,2017-07-20,2017-07-21,11/10/2017,10/27/2017,,,,1501.0,5807686.0,"§ 27-2046.1 HMC: POST A PROPER NOTICE OF CARBON MONOXIDE DETECTING DEVICE REQUIREMENTS, IN A FORM APPROVED BY THE COMMISSIONER, IN A COMMON AREA OF A CLASS A MULTIPLE DWELLING NEAR INSPECTION CERTIFICATE OR PROVIDE NOTICE TO TENANTS IN A PRIVATE DWELLING. AT PUBLIC HALL, 1st STORY",2017-07-24,19.0,VIOLATION CLOSED,08/07/2023,Original,Close,N,2017,2017.0
14515,1156,3035100001,1,M,,2069,UNION,STREET,11212,2069 UNION STREET,1195,SUTTER AVENUE-UNION STREET,11/28/23,BROOKLYN,100,both,11887967,809717,300196.0,3,3080820.0,2069,2069,2079,UNION STREET,A,2017-07-20,2017-07-21,11/10/2017,10/27/2017,,,,778.0,5807686.0,"§ 27-2104 ADM CODE POST AND MAINTAIN A PROPER SIGN ON WALL OF ENTRANCE STORY SHOWING THE REGISTRATION NUMBER ASSIGNED BY THE DEPARTMENT AND THE ADDRESS OF THE BUILDING. AT PUBLIC HALL, 1st STORY",2017-07-24,19.0,VIOLATION CLOSED,05/26/2023,Original,Close,N,2017,2017.0
14516,1156,3035100001,1,M,,2069,UNION,STREET,11212,2069 UNION STREET,1195,SUTTER AVENUE-UNION STREET,11/28/23,BROOKLYN,100,both,11887981,809717,300196.0,3,3080820.0,2069,2069,2079,UNION STREET,A,2017-07-20,2017-07-21,11/10/2017,10/27/2017,,,,1506.0,5807686.0,"§ 27-2005 HMC: POST, IN A FORM APPROVED BY THE COMMISSIONER, AND MAINTAIN A NOTICE IN A COMMON AREA OF THE BUILDING REGARDING THE PROCEDURES THAT SHOULD BE FOLLOWED WHEN A GAS LEAK IS SUSPECTED",2017-07-24,19.0,VIOLATION CLOSED,05/26/2023,Original,Close,N,2017,2017.0
14541,1156,3035100001,1,M,,2069,UNION,STREET,11212,2069 UNION STREET,1195,SUTTER AVENUE-UNION STREET,11/28/23,BROOKLYN,100,both,11883572,809717,300196.0,3,3080820.0,2069,2069,2079,UNION STREET,B,2017-07-17,2017-07-19,09/07/2017,08/24/2017,,,,507.0,5805691.0,"§ 27-2005 ADM CODE REPAIR THE ROOF SO THAT IT WILL NOT LEAK OVER CEILING IN THE 1st ROOM FROM EAST LOCATED AT APT 4B, 4th STORY, 1st APARTMENT FROM WEST AT NORTH",2017-07-20,19.0,VIOLATION CLOSED,07/24/2023,Original,Close,Y,2017,2017.0
14551,1158,3035100011,2,M,,2045,UNION,STREET,11212,2045 UNION STREET,1197,SUTTER AVENUE-UNION STREET,11/28/23,BROOKLYN,100,both,11141058,383512,303787.0,3,3080825.0,2045,2045,2055,UNION STREET,A,2016-03-03,2016-03-07,06/25/2016,06/11/2016,,,,500.0,5381474.0,§ 26-1103 ADMIN. CODE: POST AND MAINTAIN A PROPER NOTICE ON WALL OF THE ENTRANCE STORY IN ENGLISH AND SPANISH ON THE AVAILABILITY OF THE AGENCYS HOUSING INFORMATION GUIDE. A SAMPLE NOTICE CAN BE FOUND AT WWW.NYC.GOV/HPD. AT PUBLIC HALL,2016-03-08,19.0,VIOLATION CLOSED,05/26/2023,Original,Close,N,2016,2016.0
14552,1158,3035100011,2,M,,2045,UNION,STREET,11212,2045 UNION STREET,1197,SUTTER AVENUE-UNION STREET,11/28/23,BROOKLYN,100,both,11141028,383512,303787.0,3,3080825.0,2045,2045,2055,UNION STREET,A,2016-03-03,2016-03-07,06/25/2016,06/11/2016,,,,722.0,5381474.0,"§ 27-2053 ADM CODE POST SIGN ON WALL OF ENTRANCE STORY BEARING NAME, ADDRESS INCLUDING APARTMENT NUMBER IF ANY, AND TELEPHONE NUMBER OF SUPERINTENDENT, JANITOR OR HOUSEKEEPER. AT PUBLIC HALL",2016-03-08,19.0,VIOLATION CLOSED,05/26/2023,Original,Close,N,2016,2016.0
14553,1158,3035100011,2,M,,2045,UNION,STREET,11212,2045 UNION STREET,1197,SUTTER AVENUE-UNION STREET,11/28/23,BROOKLYN,100,both,11141037,383512,303787.0,3,3080825.0,2045,2045,2055,UNION STREET,A,2016-03-03,2016-03-07,06/25/2016,06/11/2016,,,,1501.0,5381474.0,"§ 27-2046.1 HMC: POST A PROPER NOTICE OF CARBON MONOXIDE DETECTING DEVICE REQUIREMENTS, IN A FORM APPROVED BY THE COMMISSIONER, IN A COMMON AREA OF A CLASS A MULTIPLE DWELLING NEAR INSPECTION CERTIFICATE OR PROVIDE NOTICE TO TENANTS IN A PRIVATE DWELLING. AT PUBLIC HALL",2016-03-08,19.0,VIOLATION CLOSED,08/07/2023,Original,Close,N,2016,2016.0
14554,1158,3035100011,2,M,,2045,UNION,STREET,11212,2045 UNION STREET,1197,SUTTER AVENUE-UNION STREET,11/28/23,BROOKLYN,100,both,11141042,383512,303787.0,3,3080825.0,2045,2045,2055,UNION STREET,A,2016-03-03,2016-03-07,06/25/2016,06/11/2016,,,,700.0,5381474.0,"§ 27-2045 ADM CODE POST A PROPER NOTICE OF SMOKE DETECTOR REQUIREMENTS, IN A FORM APPROVED BY THE COMMISSIONER, AT OR NEAR THE MAIL BOX MISSING AT PUBLIC HALL",2016-03-08,19.0,VIOLATION CLOSED,05/26/2023,Original,Close,N,2016,2016.0
14555,1158,3035100011,2,M,,2045,UNION,STREET,11212,2045 UNION STREET,1197,SUTTER AVENUE-UNION STREET,11/28/23,BROOKLYN,100,both,11141046,383512,303787.0,3,3080825.0,2045,2045,2055,UNION STREET,A,2016-03-03,2016-03-07,06/25/2016,06/11/2016,,,,484.0,5381474.0,"§ 329, M/D LAW AND DEPT. RULES AND REGS. PROVIDE A COMPLETED CERTIFICATE OF INSPECTION VISITS IN A PROPER FRAME AT OR NEAR MAILBOXES, BOTTOM EDGE OF FRAME BETWEEN 48-62 INCHES ABOVE FLOOR MISSING AT PUBLIC HALL",2016-03-08,19.0,VIOLATION CLOSED,05/26/2023,Original,Close,N,2016,2016.0
14556,1158,3035100011,2,M,,2045,UNION,STREET,11212,2045 UNION STREET,1197,SUTTER AVENUE-UNION STREET,11/28/23,BROOKLYN,100,both,11141052,383512,303787.0,3,3080825.0,2045,2045,2055,UNION STREET,A,2016-03-03,2016-03-07,06/25/2016,06/11/2016,,,,778.0,5381474.0,§ 27-2104 ADM CODE POST AND MAINTAIN A PROPER SIGN ON WALL OF ENTRANCE STORY SHOWING THE REGISTRATION NUMBER ASSIGNED BY THE DEPARTMENT AND THE ADDRESS OF THE BUILDING. AT PUBLIC HALL,2016-03-08,19.0,VIOLATION CLOSED,05/26/2023,Original,Close,N,2016,2016.0
14557,1158,3035100011,2,M,,2045,UNION,STREET,11212,2045 UNION STREET,1197,SUTTER AVENUE-UNION STREET,11/28/23,BROOKLYN,100,both,11141115,383512,303787.0,3,3080825.0,2045,2045,2055,UNION STREET,B,2016-03-03,2016-03-07,04/26/2016,04/12/2016,,,,504.0,5381475.0,§ 27-2005 ADM CODE PROVIDE SECURITY IN THE EVENT OF A POWER OUTAGE BY MEANS OF AN ACCEPTABLE MECHANICAL HEAVY DUTY LOCK AND LATCH SET AT THE BUILDING ENTRANCE DOOR,2016-03-08,2.0,NOV SENT OUT,03/08/2016,Original,Open,N,2016,2016.0
14558,1158,3035100011,2,M,,2045,UNION,STREET,11212,2045 UNION STREET,1197,SUTTER AVENUE-UNION STREET,11/28/23,BROOKLYN,100,both,11141128,383512,303787.0,3,3080825.0,2045,2045,2055,UNION STREET,C,2016-03-03,2016-03-07,03/21/2016,03/16/2016,,,,526.0,5381476.0,"§ 27-2005, 2007 ADM CODE REMOVE THE ILLEGAL FASTENING CONSISTING OF AN UNACCEPTABLE ELECTRO MAGNETIC LOCKING DEVICE INSTALLED AT BUILDING ENTRANCE DOOR",2016-03-08,19.0,VIOLATION CLOSED,05/26/2023,Original,Close,Y,2016,2016.0
14576,1161,3035090059,3,M,,2058,UNION,STREET,11212,2058 UNION STREET,1199,SUTTER AVENUE-UNION STREET,11/28/23,BROOKLYN,100,both,11057206,383517,309549.0,3,3080818.0,2058,2058,2068,UNION STREET,B,2016-01-02,2016-01-04,02/23/2016,02/09/2016,,,,1503.0,5337526.0,"§ 27-2046.1 HMC: REPAIR OR REPLACE THE CARBON MONOXIDE DETECTING DEVICE(S). DEFECTIVE LOCATED AT APT 5G, 5th STORY, 2nd APARTMENT FROM NORTH AT EAST",2016-01-05,19.0,VIOLATION CLOSED,01/13/2017,Original,Close,N,2016,2016.0
14586,1161,3035090059,3,M,,2058,UNION,STREET,11212,2058 UNION STREET,1199,SUTTER AVENUE-UNION STREET,11/28/23,BROOKLYN,100,both,13309596,383517,309549.0,3,3080818.0,2058,2058,2068,UNION STREET,C,2019-09-30,2019-10-01,10/15/2019,10/10/2019,,,,583.0,6622799.0,"§ 27-2026, 2027 HMC: PROPERLY REPAIR THE SOURCE AND ABATE THE EVIDENCE OF A WATER LEAK AT CEILING IN THE 1st ROOM FROM NORTH LOCATED AT APT 4H, 4th STORY, 1st APARTMENT FROM SOUTH AT WEST",2019-10-02,9.0,VIOLATION DISMISSED,10/23/2019,Original,Close,N,2019,2019.0
14587,1161,3035090059,3,M,,2058,UNION,STREET,11212,2058 UNION STREET,1199,SUTTER AVENUE-UNION STREET,11/28/23,BROOKLYN,100,both,11884359,383517,309549.0,3,3080818.0,2058,2058,2068,UNION STREET,A,2017-07-17,2017-07-19,11/06/2017,10/23/2017,,,,700.0,5805568.0,"§ 27-2045 ADM CODE POST A PROPER NOTICE OF SMOKE DETECTOR REQUIREMENTS, IN A FORM APPROVED BY THE COMMISSIONER, AT OR NEAR THE MAIL BOX ... AT PUBLIC HALL, 1st STORY",2017-07-20,19.0,VIOLATION CLOSED,08/07/2023,Original,Close,N,2017,2017.0
14589,1161,3035090059,3,M,,2058,UNION,STREET,11212,2058 UNION STREET,1199,SUTTER AVENUE-UNION STREET,11/28/23,BROOKLYN,100,both,11155866,383517,309549.0,3,3080818.0,2058,2058,2068,UNION STREET,C,2016-03-14,2016-03-15,03/27/2016,03/15/2016,,,,670.0,5388149.0,"§ 27-2031 ADM CODE PROVIDE HOT WATER AT ALL HOT WATER FIXTURES IN THE ENTIRE APARTMENT LOCATED AT APT 4C, 4th STORY, 1st APARTMENT FROM WEST AT NORTH",2016-03-16,19.0,VIOLATION CLOSED,03/21/2016,Original,Close,Y,2016,2016.0
14590,1161,3035090059,3,M,,2058,UNION,STREET,11212,2058 UNION STREET,1199,SUTTER AVENUE-UNION STREET,11/28/23,BROOKLYN,100,both,11598523,383517,309549.0,3,3080818.0,2058,2058,2068,UNION STREET,B,2017-01-05,2017-01-06,02/27/2017,02/13/2017,,,,510.0,5655860.0,"§ 27-2005 ADM CODE & 309 M/D LAW ABATE THE NUISANCE CONSISTING OF NO SUPPORT BRACKETS FOR AIR CONDITIONER AT BUILDING FRONT , 5th STORY",2017-01-09,19.0,VIOLATION CLOSED,01/13/2017,Original,Close,N,2017,2017.0
14591,1161,3035090059,3,M,,2058,UNION,STREET,11212,2058 UNION STREET,1199,SUTTER AVENUE-UNION STREET,11/28/23,BROOKLYN,100,both,11884363,383517,309549.0,3,3080818.0,2058,2058,2068,UNION STREET,A,2017-07-17,2017-07-19,11/06/2017,10/23/2017,,,,778.0,5805568.0,"§ 27-2104 ADM CODE POST AND MAINTAIN A PROPER SIGN ON WALL OF ENTRANCE STORY SHOWING THE REGISTRATION NUMBER ASSIGNED BY THE DEPARTMENT AND THE ADDRESS OF THE BUILDING. AT PUBLIC HALL, 1st STORY",2017-07-20,19.0,VIOLATION CLOSED,05/26/2023,Original,Close,N,2017,2017.0
14596,1161,3035090059,3,M,,2058,UNION,STREET,11212,2058 UNION STREET,1199,SUTTER AVENUE-UNION STREET,11/28/23,BROOKLYN,100,both,11114395,383517,309549.0,3,3080818.0,2058,2058,2068,UNION STREET,C,2016-02-12,2016-02-16,03/01/2016,02/25/2016,,,,501.0,5366215.0,"§ 27-2005 ADM CODE PROPERLY REPAIR THE BROKEN OR DEFECTIVE MORTISE LOCK AT BUILDING ENTRANCE DOOR , 1st STORY",2016-02-17,19.0,VIOLATION CLOSED,01/13/2017,Original,Close,N,2016,2016.0
14598,1161,3035090059,3,M,,2058,UNION,STREET,11212,2058 UNION STREET,1199,SUTTER AVENUE-UNION STREET,11/28/23,BROOKLYN,100,both,11594728,383517,309549.0,3,3080818.0,2058,2058,2068,UNION STREET,C,2017-01-03,2017-01-04,01/18/2017,01/13/2017,,,,672.0,5653827.0,§ 27-2033 ADM CODE PROVIDE READY ACCESS TO BUILDINGS HEATING SYSTEM DOOR LOCK TO BOILER ROOM AT CELLAR,2017-01-05,19.0,VIOLATION CLOSED,01/13/2017,Original,Close,N,2017,2017.0
14602,1161,3035090059,3,M,,2058,UNION,STREET,11212,2058 UNION STREET,1199,SUTTER AVENUE-UNION STREET,11/28/23,BROOKLYN,100,both,10940277,383517,309549.0,3,3080818.0,2058,2058,2068,UNION STREET,I,2015-10-14,2015-10-14,,,,,,780.0,,"§27-2107 ADM CODE OWNER FAILED TO FILE A VALID REGISTRATION STATEMENT WITH THE DEPARTMENT AS REQUIRED BY ADM CODE §27-2097 AND IS THEREFORE SUBJECT TO CIVIL PENALTIES, PROHIBITED FROM CERTIFYING VIOLATIONS, AND DENIED THE RIGHT TO RECOVER POSSESSION OF PREMISES FOR NONPAYMENT OF RENT UNTIL A VALID REGISTRATION STATEMENT IS FILED.",,9.0,VIOLATION DISMISSED,11/10/2015,,Close,N,2015,
14607,1161,3035090059,3,M,,2058,UNION,STREET,11212,2058 UNION STREET,1199,SUTTER AVENUE-UNION STREET,11/28/23,BROOKLYN,100,both,11598501,383517,309549.0,3,3080818.0,2058,2058,2068,UNION STREET,C,2017-01-05,2017-01-06,01/22/2017,01/17/2017,,,,526.0,5655861.0,"§ 27-2005, 2007 ADM CODE REMOVE THE ILLEGAL FASTENING CONSISTING OF AN UNACCEPTABLE ELECTROMAGNETIC LOCKING DEVICE INSTALLED AT THE BUILDING ENTRANCE DOOR AT LOBBY, 1st STORY",2017-01-09,19.0,VIOLATION CLOSED,01/13/2017,Original,Close,Y,2017,2017.0
14614,1161,3035090059,3,M,,2058,UNION,STREET,11212,2058 UNION STREET,1199,SUTTER AVENUE-UNION STREET,11/28/23,BROOKLYN,100,both,10994178,383517,309549.0,3,3080818.0,2058,2058,2068,UNION STREET,A,2015-11-06,2015-11-07,02/26/2016,02/12/2016,,,,700.0,5302442.0,"§ 27-2045 ADM CODE POST A PROPER NOTICE OF SMOKE DETECTOR REQUIREMENTS, IN A FORM APPROVED BY THE COMMISSIONER, AT OR NEAR THE MAIL BOX , AT PUBLIC HALL, 1st STORY",2015-11-09,19.0,VIOLATION CLOSED,01/13/2017,Original,Close,N,2015,2015.0
14615,1161,3035090059,3,M,,2058,UNION,STREET,11212,2058 UNION STREET,1199,SUTTER AVENUE-UNION STREET,11/28/23,BROOKLYN,100,both,12026852,383517,309549.0,3,3080818.0,2058,2058,2068,UNION STREET,C,2017-10-18,2017-10-19,11/02/2017,10/28/2017,,,,583.0,5876865.0,"§ 27-2026, 2027 HMC: PROPERLY REPAIR THE SOURCE AND ABATE THE EVIDENCE OF A WATER LEAK AT CEILING IN THE BATHROOM LOCATED AT APT 3B, 3rd STORY, 3rd APARTMENT FROM EAST AT SOUTH",2017-10-20,19.0,VIOLATION CLOSED,07/24/2023,Original,Close,N,2017,2017.0
14616,1161,3035090059,3,M,,2058,UNION,STREET,11212,2058 UNION STREET,1199,SUTTER AVENUE-UNION STREET,11/28/23,BROOKLYN,100,both,11057179,383517,309549.0,3,3080818.0,2058,2058,2068,UNION STREET,B,2016-01-02,2016-01-04,02/23/2016,02/09/2016,,,,508.0,5337526.0,"§ 27-2005 ADM CODE REPAIR THE BROKEN OR DEFECTIVE PLASTERED SURFACES AND PAINT IN A UNIFORM COLOR ALL WALLS AND CEILING IN THE BATHROOM LOCATED AT APT 5G, 5th STORY, 2nd APARTMENT FROM NORTH AT EAST",2016-01-05,19.0,VIOLATION CLOSED,01/13/2017,Original,Close,N,2016,2016.0
14617,1161,3035090059,3,M,,2058,UNION,STREET,11212,2058 UNION STREET,1199,SUTTER AVENUE-UNION STREET,11/28/23,BROOKLYN,100,both,11884364,383517,309549.0,3,3080818.0,2058,2058,2068,UNION STREET,A,2017-07-17,2017-07-19,11/06/2017,10/23/2017,,,,1501.0,5805568.0,"§ 27-2046.1 HMC: POST A PROPER NOTICE OF CARBON MONOXIDE DETECTING DEVICE REQUIREMENTS, IN A FORM APPROVED BY THE COMMISSIONER, IN A COMMON AREA OF A CLASS A MULTIPLE DWELLING NEAR INSPECTION CERTIFICATE OR PROVIDE NOTICE TO TENANTS IN A PRIVATE DWELLING. AT PUBLIC HALL, 1st STORY",2017-07-20,19.0,VIOLATION CLOSED,08/07/2023,Original,Close,N,2017,2017.0
14618,1161,3035090059,3,M,,2058,UNION,STREET,11212,2058 UNION STREET,1199,SUTTER AVENUE-UNION STREET,11/28/23,BROOKLYN,100,both,11134617,383517,309549.0,3,3080818.0,2058,2058,2068,UNION STREET,C,2016-02-28,2016-02-29,03/14/2016,03/09/2016,,,,672.0,5376249.0,§ 27-2033 ADM CODE PROVIDE READY ACCESS TO BUILDINGS HEATING SYSTEM LOCKED DOOR AT CELLAR,2016-03-01,19.0,VIOLATION CLOSED,01/13/2017,Original,Close,N,2016,2016.0
14620,1161,3035090059,3,M,,2058,UNION,STREET,11212,2058 UNION STREET,1199,SUTTER AVENUE-UNION STREET,11/28/23,BROOKLYN,100,both,11134613,383517,309549.0,3,3080818.0,2058,2058,2068,UNION STREET,C,2016-02-28,2016-02-28,03/12/2016,02/29/2016,,,,670.0,5375628.0,"§ 27-2031 ADM CODE PROVIDE HOT WATER AT ALL HOT WATER FIXTURES IN THE ENTIRE APARTMENT LOCATED AT APT 4C, 4th STORY",2016-02-29,19.0,VIOLATION CLOSED,01/13/2017,Original,Close,Y,2016,2016.0
14622,1161,3035090059,3,M,,2058,UNION,STREET,11212,2058 UNION STREET,1199,SUTTER AVENUE-UNION STREET,11/28/23,BROOKLYN,100,both,11155876,383517,309549.0,3,3080818.0,2058,2058,2068,UNION STREET,C,2016-03-14,2016-03-15,03/29/2016,03/24/2016,,,,672.0,5387889.0,"§ 27-2033 ADM CODE PROVIDE READY ACCESS TO BUILDINGS HEATING SYSTEM LOCKED DOOR TO CELLAR AT PUBLIC HALL, 1st STORY",2016-03-16,19.0,VIOLATION CLOSED,01/13/2017,Original,Close,N,2016,2016.0
14623,1161,3035090059,3,M,,2058,UNION,STREET,11212,2058 UNION STREET,1199,SUTTER AVENUE-UNION STREET,11/28/23,BROOKLYN,100,both,11957924,383517,309549.0,3,3080818.0,2058,2058,2068,UNION STREET,A,2017-09-01,2017-09-02,12/23/2017,12/09/2017,,,,484.0,5841326.0,"§ 329, M/D LAW AND DEPT. RULES AND REGS. PROVIDE A COMPLETED CERTIFICATE OF INSPECTION VISITS IN A PROPER FRAME AT OR NEAR MAILBOXES, BOTTOM EDGE OF FRAME BETWEEN 48-62 INCHES ABOVE FLOOR FRAME MISSING AT PUBLIC HALL, 1st STORY",2017-09-05,19.0,VIOLATION CLOSED,08/07/2023,Original,Close,N,2017,2017.0
14625,1161,3035090059,3,M,,2058,UNION,STREET,11212,2058 UNION STREET,1199,SUTTER AVENUE-UNION STREET,11/28/23,BROOKLYN,100,both,11155869,383517,309549.0,3,3080818.0,2058,2058,2068,UNION STREET,B,2016-03-14,2016-03-15,05/04/2016,04/20/2016,,,,521.0,5387888.0,"§ 27-2005, 2007 ADM CODE FIRE EGRESS DEFECTIVE. REMOVE OBSTRUCTING BARS OR UNLAWFUL GATES FROM WINDOW TO FIRE ESCAPE OR PROVIDE APPROVED TYPE GATE IN THE ENTIRE APARTMENT LOCATED AT APT 4C, 4th STORY, 1st APARTMENT FROM WEST AT NORTH",2016-03-16,19.0,VIOLATION CLOSED,01/13/2017,Original,Close,N,2016,2016.0
14630,1161,3035090059,3,M,,2058,UNION,STREET,11212,2058 UNION STREET,1199,SUTTER AVENUE-UNION STREET,11/28/23,BROOKLYN,100,both,10994172,383517,309549.0,3,3080818.0,2058,2058,2068,UNION STREET,A,2015-11-06,2015-11-07,02/26/2016,02/12/2016,,,,778.0,5302442.0,"§ 27-2104 ADM CODE POST AND MAINTAIN A PROPER SIGN ON WALL OF ENTRANCE STORY SHOWING THE REGISTRATION NUMBER ASSIGNED BY THE DEPARTMENT AND THE ADDRESS OF THE BUILDING. AT PUBLIC HALL, 1st STORY",2015-11-09,19.0,VIOLATION CLOSED,01/13/2017,Original,Close,N,2015,2015.0
14631,1161,3035090059,3,M,,2058,UNION,STREET,11212,2058 UNION STREET,1199,SUTTER AVENUE-UNION STREET,11/28/23,BROOKLYN,100,both,10994177,383517,309549.0,3,3080818.0,2058,2058,2068,UNION STREET,A,2015-11-06,2015-11-07,02/26/2016,02/12/2016,,,,1501.0,5302442.0,"§ 27-2046.1 HMC: POST A PROPER NOTICE OF CARBON MONOXIDE DETECTING DEVICE REQUIREMENTS, IN A FORM APPROVED BY THE COMMISSIONER, IN A COMMON AREA OF A CLASS A MULTIPLE DWELLING NEAR INSPECTION CERTIFICATE OR PROVIDE NOTICE TO TENANTS IN A PRIVATE DWELLING. AT PUBLIC HALL, 1st STORY",2015-11-09,19.0,VIOLATION CLOSED,01/13/2017,Original,Close,N,2015,2015.0
14632,1161,3035090059,3,M,,2058,UNION,STREET,11212,2058 UNION STREET,1199,SUTTER AVENUE-UNION STREET,11/28/23,BROOKLYN,100,both,11057079,383517,309549.0,3,3080818.0,2058,2058,2068,UNION STREET,C,2016-01-02,2016-01-06,01/20/2016,01/15/2016,,,,505.0,5339218.0,"§ 27-2005 ADM CODE REPLACE WITH NEW THE BROKEN OR DEFECTIVE UPPER WINDOW SASH GLASS PANE IN THE 5th ROOM FROM NORTH LOCATED AT APT 5G, 5th STORY, 2nd APARTMENT FROM NORTH AT EAST",2016-01-07,19.0,VIOLATION CLOSED,01/13/2017,Original,Close,N,2016,2016.0
14633,1161,3035090059,3,M,,2058,UNION,STREET,11212,2058 UNION STREET,1199,SUTTER AVENUE-UNION STREET,11/28/23,BROOKLYN,100,both,11594724,383517,309549.0,3,3080818.0,2058,2058,2068,UNION STREET,C,2017-01-03,2017-01-04,01/16/2017,01/04/2017,,,,670.0,5654053.0,"§ 27-2031 ADM CODE PROVIDE HOT WATER AT ALL HOT WATER FIXTURES IN THE ENTIRE APARTMENT LOCATED AT APT 1D, 1st STORY",2017-01-05,19.0,VIOLATION CLOSED,01/13/2017,Original,Close,Y,2017,2017.0
14634,1161,3035090059,3,M,,2058,UNION,STREET,11212,2058 UNION STREET,1199,SUTTER AVENUE-UNION STREET,11/28/23,BROOKLYN,100,both,11939632,383517,309549.0,3,3080818.0,2058,2058,2068,UNION STREET,B,2017-08-17,2017-08-24,10/13/2017,09/29/2017,,,,539.0,5835005.0,"§ 27-2005, 2007 ADM CODE AND DEPT. RULES AND REGULATIONS. REMOVE THE ENCUMBRANCE OBSTRUCTING EGRESS FROM FIRE ESCAPES HOUSEHOLD ITEMS ON 2ND STORY BALCONY NORTH STACK AT BUILDING FRONT.",2017-08-25,19.0,VIOLATION CLOSED,05/26/2023,Original,Close,N,2017,2017.0
14635,1161,3035090059,3,M,,2058,UNION,STREET,11212,2058 UNION STREET,1199,SUTTER AVENUE-UNION STREET,11/28/23,BROOKLYN,100,both,12026854,383517,309549.0,3,3080818.0,2058,2058,2068,UNION STREET,B,2017-10-18,2017-10-19,12/08/2017,11/24/2017,,,,502.0,5876864.0,"§ 27-2005 ADM CODE PROPERLY REPAIR WITH SIMILAR MATERIAL THE BROKEN OR DEFECTIVE SHEETROCK CEILING IN THE BATHROOM LOCATED AT APT 3B, 3rd STORY, 3rd APARTMENT FROM EAST AT SOUTH",2017-10-20,19.0,VIOLATION CLOSED,07/24/2023,Original,Close,N,2017,2017.0
14636,1161,3035090059,3,M,,2058,UNION,STREET,11212,2058 UNION STREET,1199,SUTTER AVENUE-UNION STREET,11/28/23,BROOKLYN,100,both,12057783,383517,309549.0,3,3080818.0,2058,2058,2068,UNION STREET,A,2017-11-06,2017-11-08,02/26/2018,02/12/2018,,,,485.0,5895081.0,"§ 329, M/D LAW AND DEPT. RULES AND REGS. PROVIDE A COMPLETED CERTIFICATE OF INSPECTION VISITS IN A PROPER FRAME READILY ACCESSIBLE FOR SIGNATURE, BOTTOM EDGE OF FRAME BETWEEN 48-62 INCHES ABOVE FLOOR AT .. AT PUBLIC HALL, 1st STORY",2017-11-09,19.0,VIOLATION CLOSED,08/07/2023,Original,Close,N,2017,2017.0
14645,1161,3035090059,3,M,,2058,UNION,STREET,11212,2058 UNION STREET,1199,SUTTER AVENUE-UNION STREET,11/28/23,BROOKLYN,100,both,10585681,383517,309549.0,3,3080818.0,2058,2058,2068,UNION STREET,I,2015-02-25,2015-02-25,,,,,,780.0,,"§27-2107 ADM CODE OWNER FAILED TO FILE A VALID REGISTRATION STATEMENT WITH THE DEPARTMENT AS REQUIRED BY ADM CODE §27-2097 AND IS THEREFORE SUBJECT TO CIVIL PENALTIES, PROHIBITED FROM CERTIFYING VIOLATIONS, AND DENIED THE RIGHT TO RECOVER POSSESSION OF PREMISES FOR NONPAYMENT OF RENT UNTIL A VALID REGISTRATION STATEMENT IS FILED.",,9.0,VIOLATION DISMISSED,11/10/2015,,Close,N,2015,
14646,1161,3035090059,3,M,,2058,UNION,STREET,11212,2058 UNION STREET,1199,SUTTER AVENUE-UNION STREET,11/28/23,BROOKLYN,100,both,10994179,383517,309549.0,3,3080818.0,2058,2058,2068,UNION STREET,A,2015-11-06,2015-11-07,02/26/2016,02/12/2016,,,,484.0,5302442.0,"§ 329, M/D LAW AND DEPT. RULES AND REGS. PROVIDE A COMPLETED CERTIFICATE OF INSPECTION VISITS IN A PROPER FRAME AT OR NEAR MAILBOXES, BOTTOM EDGE OF FRAME BETWEEN 48-62 INCHES ABOVE FLOOR , AT PUBLIC HALL, 1st STORY",2015-11-09,19.0,VIOLATION CLOSED,01/13/2017,Original,Close,N,2015,2015.0
14647,1161,3035090059,3,M,,2058,UNION,STREET,11212,2058 UNION STREET,1199,SUTTER AVENUE-UNION STREET,11/28/23,BROOKLYN,100,both,10994181,383517,309549.0,3,3080818.0,2058,2058,2068,UNION STREET,C,2015-11-06,2015-11-07,11/22/2015,11/17/2015,,,,671.0,5302443.0,"§ 27-2033 ADM CODE POST NOTICE, IN FORM APPROVED BY THE DEPARTMENT, STATING THE NAME AND LOCATION OF THE PERSON DESIGNATED BY THE OWNER TO HAVE KEY TO BUILDINGS HEATING SYSTEM , AT PUBLIC HALL, 1st STORY",2015-11-09,19.0,VIOLATION CLOSED,01/13/2017,Original,Close,N,2015,2015.0
14648,1161,3035090059,3,M,,2058,UNION,STREET,11212,2058 UNION STREET,1199,SUTTER AVENUE-UNION STREET,11/28/23,BROOKLYN,100,both,11057089,383517,309549.0,3,3080818.0,2058,2058,2068,UNION STREET,B,2016-01-02,2016-01-04,02/23/2016,02/09/2016,,,,568.0,5337526.0,"§ 27-2018 ADMIN. CODE: ABATE THE NUISANCE CONSISTING OF ROACHES IN THE KITCHEN LOCATED AT APT 5G, 5th STORY, 2nd APARTMENT FROM NORTH AT EAST",2016-01-05,19.0,VIOLATION CLOSED,01/13/2017,Original,Close,N,2016,2016.0
14649,1161,3035090059,3,M,,2058,UNION,STREET,11212,2058 UNION STREET,1199,SUTTER AVENUE-UNION STREET,11/28/23,BROOKLYN,100,both,11057126,383517,309549.0,3,3080818.0,2058,2058,2068,UNION STREET,B,2016-01-02,2016-01-04,02/23/2016,02/09/2016,,,,508.0,5337526.0,"§ 27-2005 ADM CODE REPAIR THE BROKEN OR DEFECTIVE PLASTERED SURFACES AND PAINT IN A UNIFORM COLOR EAST WALL AND AROUND WINDOW OPENING IN THE KITCHEN LOCATED AT APT 5G, 5th STORY, 2nd APARTMENT FROM NORTH AT EAST",2016-01-05,19.0,VIOLATION CLOSED,01/13/2017,Original,Close,N,2016,2016.0
14650,1161,3035090059,3,M,,2058,UNION,STREET,11212,2058 UNION STREET,1199,SUTTER AVENUE-UNION STREET,11/28/23,BROOKLYN,100,both,11057159,383517,309549.0,3,3080818.0,2058,2058,2068,UNION STREET,B,2016-01-02,2016-01-04,02/23/2016,02/09/2016,,,,508.0,5337526.0,"§ 27-2005 ADM CODE REPAIR THE BROKEN OR DEFECTIVE PLASTERED SURFACES AND PAINT IN A UNIFORM COLOR EAST WALL AND AROUND WINDOW OPENING IN THE 2nd ROOM FROM NORTH LOCATED AT APT 5G, 5th STORY, 2nd APARTMENT FROM NORTH AT EAST",2016-01-05,19.0,VIOLATION CLOSED,01/13/2017,Original,Close,N,2016,2016.0
14651,1161,3035090059,3,M,,2058,UNION,STREET,11212,2058 UNION STREET,1199,SUTTER AVENUE-UNION STREET,11/28/23,BROOKLYN,100,both,11057167,383517,309549.0,3,3080818.0,2058,2058,2068,UNION STREET,B,2016-01-02,2016-01-04,02/23/2016,02/09/2016,,,,508.0,5337526.0,"§ 27-2005 ADM CODE REPAIR THE BROKEN OR DEFECTIVE PLASTERED SURFACES AND PAINT IN A UNIFORM COLOR EAST WALL AND AROUND WINDOW OPENING IN THE 3rd ROOM FROM NORTH LOCATED AT APT 5G, 5th STORY, 2nd APARTMENT FROM NORTH AT EAST",2016-01-05,19.0,VIOLATION CLOSED,01/13/2017,Original,Close,N,2016,2016.0
14652,1161,3035090059,3,M,,2058,UNION,STREET,11212,2058 UNION STREET,1199,SUTTER AVENUE-UNION STREET,11/28/23,BROOKLYN,100,both,11057191,383517,309549.0,3,3080818.0,2058,2058,2068,UNION STREET,B,2016-01-02,2016-01-04,02/23/2016,02/09/2016,,,,508.0,5337526.0,"§ 27-2005 ADM CODE REPAIR THE BROKEN OR DEFECTIVE PLASTERED SURFACES AND PAINT IN A UNIFORM COLOR EAST WALL AND AROUND WINDOW OPENING IN THE 5th ROOM FROM NORTH LOCATED AT APT 5G, 5th STORY, 2nd APARTMENT FROM NORTH AT EAST",2016-01-05,19.0,VIOLATION CLOSED,01/13/2017,Original,Close,N,2016,2016.0
14653,1161,3035090059,3,M,,2058,UNION,STREET,11212,2058 UNION STREET,1199,SUTTER AVENUE-UNION STREET,11/28/23,BROOKLYN,100,both,11061570,383517,309549.0,3,3080818.0,2058,2058,2068,UNION STREET,B,2016-01-02,2016-01-06,02/25/2016,02/11/2016,,,,501.0,5339217.0,"§ 27-2005 ADM CODE PROPERLY REPAIR THE BROKEN OR DEFECTIVE OVEN DOOR AT STOVE IN THE KITCHEN LOCATED AT APT 5G, 5th STORY, 2nd APARTMENT FROM NORTH AT EAST",2016-01-07,19.0,VIOLATION CLOSED,01/13/2017,Original,Close,N,2016,2016.0
14654,1161,3035090059,3,M,,2058,UNION,STREET,11212,2058 UNION STREET,1199,SUTTER AVENUE-UNION STREET,11/28/23,BROOKLYN,100,both,11146864,383517,309549.0,3,3080818.0,2058,2058,2068,UNION STREET,C,2016-03-08,2016-03-09,03/21/2016,03/09/2016,,,,670.0,5383708.0,"§ 27-2031 ADM CODE PROVIDE HOT WATER AT ALL HOT WATER FIXTURES IN THE ENTIRE APARTMENT LOCATED AT APT 1E, 1st STORY, 3rd APARTMENT FROM WEST AT NORTH",2016-03-10,19.0,VIOLATION CLOSED,03/18/2016,Original,Close,Y,2016,2016.0
14655,1161,3035090059,3,M,,2058,UNION,STREET,11212,2058 UNION STREET,1199,SUTTER AVENUE-UNION STREET,11/28/23,BROOKLYN,100,both,11155877,383517,309549.0,3,3080818.0,2058,2058,2068,UNION STREET,C,2016-03-14,2016-03-15,03/29/2016,03/24/2016,,,,671.0,5387889.0,"§ 27-2033 ADM CODE POST NOTICE, IN FORM APPROVED BY THE DEPARTMENT, STATING THE NAME AND LOCATION OF THE PERSON DESIGNATED BY THE OWNER TO HAVE KEY TO BUILDINGS HEATING SYSTEM AT PUBLIC HALL, 1st STORY",2016-03-16,19.0,VIOLATION CLOSED,01/13/2017,Original,Close,N,2016,2016.0
14656,1161,3035090059,3,M,,2058,UNION,STREET,11212,2058 UNION STREET,1199,SUTTER AVENUE-UNION STREET,11/28/23,BROOKLYN,100,both,11214819,383517,309549.0,3,3080818.0,2058,2058,2068,UNION STREET,C,2016-04-27,2016-04-28,05/12/2016,05/07/2016,,,,505.0,5419421.0,"§ 27-2005 ADM CODE REPLACE WITH NEW THE BROKEN OR DEFECTIVE LOWER SASH WIRE GLASS WINDOW AT INTERMEDIATE LANDING AT PUBLIC HALL STAIRS, 5th STORY",2016-04-29,19.0,VIOLATION CLOSED,06/06/2016,Original,Close,N,2016,2016.0
14657,1161,3035090059,3,M,,2058,UNION,STREET,11212,2058 UNION STREET,1199,SUTTER AVENUE-UNION STREET,11/28/23,BROOKLYN,100,both,11782500,383517,309549.0,3,3080818.0,2058,2058,2068,UNION STREET,C,2017-05-14,2017-05-15,06/18/2017,06/13/2017,,,,790.0,5752597.0,"§ 27-2043.1 HMC INSTALL THE MISSING OR REPAIR/REPLACE THE DEFECTIVE WINDOW GUARD(S) IN ACCORDANCE WITH THE SPECIFICATIONS OF THE NEW YORK CITY HEALTH CODE SECTION 24 RCNY CHAPTER 12. WG TO INSTALL = 2; WG TO REPLACE = 0; WG TO REPAIR = 0; IN THE ENTIRE APARTMENT LOCATED AT APT 5B, 5th STORY, 2nd APARTMENT FROM EAST AT SOUTH",2017-05-16,19.0,VIOLATION CLOSED,07/12/2017,Original,Close,N,2017,2017.0
14658,1161,3035090059,3,M,,2058,UNION,STREET,11212,2058 UNION STREET,1199,SUTTER AVENUE-UNION STREET,11/28/23,BROOKLYN,100,both,11598519,383517,309549.0,3,3080818.0,2058,2058,2068,UNION STREET,B,2017-01-05,2017-01-06,02/27/2017,02/13/2017,,,,510.0,5655860.0,"§ 27-2005 ADM CODE & 309 M/D LAW ABATE THE NUISANCE CONSISTING OF NO SUPPORT BRACKETS FOR AIR CONDITIONER AT BUILDING FRONT , 5th STORY",2017-01-09,19.0,VIOLATION CLOSED,01/13/2017,Original,Close,N,2017,2017.0
14659,1161,3035090059,3,M,,2058,UNION,STREET,11212,2058 UNION STREET,1199,SUTTER AVENUE-UNION STREET,11/28/23,BROOKLYN,100,both,11598530,383517,309549.0,3,3080818.0,2058,2058,2068,UNION STREET,B,2017-01-05,2017-01-06,02/27/2017,02/13/2017,,,,510.0,5655860.0,"§ 27-2005 ADM CODE & 309 M/D LAW ABATE THE NUISANCE CONSISTING OF NO SUPPORT BRACKETS FOR AIR CONDITIONER AT BUILDING FRONT , 4th STORY",2017-01-09,19.0,VIOLATION CLOSED,01/13/2017,Original,Close,N,2017,2017.0
14660,1161,3035090059,3,M,,2058,UNION,STREET,11212,2058 UNION STREET,1199,SUTTER AVENUE-UNION STREET,11/28/23,BROOKLYN,100,both,11882780,383517,309549.0,3,3080818.0,2058,2058,2068,UNION STREET,B,2017-07-17,2017-07-20,09/08/2017,08/25/2017,,,,550.0,5806548.0,"§ 27-2005 HMC:TRACE AND REPAIR THE SOURCE AND ABATE THE NUISANCE CONSISTING OF MOLD ... APPROX 6SQ.FT.WEST WALL IN THE BATHROOM LOCATED AT APT 5B, 5th STORY, 3rd APARTMENT FROM EAST AT SOUTH",2017-07-21,2.0,NOV SENT OUT,07/21/2017,Original,Open,N,2017,2017.0
14661,1161,3035090059,3,M,,2058,UNION,STREET,11212,2058 UNION STREET,1199,SUTTER AVENUE-UNION STREET,11/28/23,BROOKLYN,100,both,11884357,383517,309549.0,3,3080818.0,2058,2058,2068,UNION STREET,A,2017-07-17,2017-07-19,11/06/2017,10/23/2017,,,,500.0,5805568.0,"§ 26-1103 ADMIN. CODE: POST AND MAINTAIN A PROPER NOTICE ON WALL OF THE ENTRANCE STORY IN ENGLISH AND SPANISH ON THE AVAILABILITY OF THE AGENCYS HOUSING INFORMATION GUIDE. A SAMPLE NOTICE CAN BE FOUND AT WWW.NYC.GOV/HPD. AT PUBLIC HALL, 1st STORY",2017-07-20,19.0,VIOLATION CLOSED,05/26/2023,Original,Close,N,2017,2017.0
14662,1161,3035090059,3,M,,2058,UNION,STREET,11212,2058 UNION STREET,1199,SUTTER AVENUE-UNION STREET,11/28/23,BROOKLYN,100,both,11884358,383517,309549.0,3,3080818.0,2058,2058,2068,UNION STREET,B,2017-07-17,2017-07-19,09/07/2017,08/24/2017,,,,701.0,5805569.0,"§ 27-2045, 2046 ADM CODE PROVIDE AN APPROVED AND OPERATIONAL SMOKE DETECTING DEVICE, INSTALLED IN ACCORDANCE WITH DEPARTMENT OF BUILDINGS RULES AND REGULATIONS .. AT PUBLIC HALL, 1st STORY",2017-07-20,19.0,VIOLATION CLOSED,08/07/2023,Original,Close,N,2017,2017.0
14663,1161,3035090059,3,M,,2058,UNION,STREET,11212,2058 UNION STREET,1199,SUTTER AVENUE-UNION STREET,11/28/23,BROOKLYN,100,both,11884360,383517,309549.0,3,3080818.0,2058,2058,2068,UNION STREET,C,2017-07-17,2017-07-19,08/02/2017,07/28/2017,,,,671.0,5805570.0,"§ 27-2033 ADM CODE POST NOTICE, IN FORM APPROVED BY THE DEPARTMENT, STATING THE NAME AND LOCATION OF THE PERSON DESIGNATED BY THE OWNER TO HAVE KEY TO BUILDINGS HEATING SYSTEM ... AT PUBLIC HALL, 1st STORY",2017-07-20,19.0,VIOLATION CLOSED,05/26/2023,Original,Close,N,2017,2017.0
14664,1161,3035090059,3,M,,2058,UNION,STREET,11212,2058 UNION STREET,1199,SUTTER AVENUE-UNION STREET,11/28/23,BROOKLYN,100,both,11884361,383517,309549.0,3,3080818.0,2058,2058,2068,UNION STREET,A,2017-07-17,2017-07-19,11/06/2017,10/23/2017,,,,722.0,5805568.0,"§ 27-2053 ADM CODE POST SIGN ON WALL OF ENTRANCE STORY BEARING NAME, ADDRESS INCLUDING APARTMENT NUMBER IF ANY, AND TELEPHONE NUMBER OF SUPERINTENDENT, JANITOR OR HOUSEKEEPER. AT PUBLIC HALL, 1st STORY",2017-07-20,19.0,VIOLATION CLOSED,05/26/2023,Original,Close,N,2017,2017.0
14665,1161,3035090059,3,M,,2058,UNION,STREET,11212,2058 UNION STREET,1199,SUTTER AVENUE-UNION STREET,11/28/23,BROOKLYN,100,both,11884362,383517,309549.0,3,3080818.0,2058,2058,2068,UNION STREET,A,2017-07-17,2017-07-19,11/06/2017,10/23/2017,,,,484.0,5805568.0,"§ 329, M/D LAW AND DEPT. RULES AND REGS. PROVIDE A COMPLETED CERTIFICATE OF INSPECTION VISITS IN A PROPER FRAME AT OR NEAR MAILBOXES, BOTTOM EDGE OF FRAME BETWEEN 48-62 INCHES ABOVE FLOOR ... AT PUBLIC HALL, 1st STORY",2017-07-20,19.0,VIOLATION CLOSED,08/07/2023,Original,Close,N,2017,2017.0
14666,1161,3035090059,3,M,,2058,UNION,STREET,11212,2058 UNION STREET,1199,SUTTER AVENUE-UNION STREET,11/28/23,BROOKLYN,100,both,11884372,383517,309549.0,3,3080818.0,2058,2058,2068,UNION STREET,A,2017-07-17,2017-07-19,11/06/2017,10/23/2017,,,,1506.0,5805568.0,"§ 27-2005 HMC: POST, IN A FORM APPROVED BY THE COMMISSIONER, AND MAINTAIN A NOTICE IN A COMMON AREA OF THE BUILDING REGARDING THE PROCEDURES THAT SHOULD BE FOLLOWED WHEN A GAS LEAK IS SUSPECTED",2017-07-20,19.0,VIOLATION CLOSED,05/26/2023,Original,Close,N,2017,2017.0
14667,1161,3035090059,3,M,,2058,UNION,STREET,11212,2058 UNION STREET,1199,SUTTER AVENUE-UNION STREET,11/28/23,BROOKLYN,100,both,11951642,383517,309549.0,3,3080818.0,2058,2058,2068,UNION STREET,A,2017-08-29,2017-08-31,12/19/2017,12/05/2017,,,,709.0,5840182.0,"§ 27-2049 ADM CODE POST AND MAINTAIN A STREET NUMBER ON THE FRONT OF THE DWELLING PLAINLY VISIBLE FROM THE SIDEWALK. AT FRONT AREAWAY, 1st STORY",2017-09-01,19.0,VIOLATION CLOSED,05/26/2023,Original,Close,N,2017,2017.0
14668,1161,3035090059,3,M,,2058,UNION,STREET,11212,2058 UNION STREET,1199,SUTTER AVENUE-UNION STREET,11/28/23,BROOKLYN,100,both,11957927,383517,309549.0,3,3080818.0,2058,2058,2068,UNION STREET,A,2017-09-01,2017-09-02,12/23/2017,12/09/2017,,,,500.0,5841326.0,"§ 26-1103 ADMIN. CODE: POST AND MAINTAIN A PROPER NOTICE ON WALL OF THE ENTRANCE STORY IN ENGLISH AND SPANISH ON THE AVAILABILITY OF THE AGENCYS HOUSING INFORMATION GUIDE. A SAMPLE NOTICE CAN BE FOUND AT WWW.NYC.GOV/HPD., 1st STORY",2017-09-05,19.0,VIOLATION CLOSED,08/07/2023,Original,Close,N,2017,2017.0
14669,1161,3035090059,3,M,,2058,UNION,STREET,11212,2058 UNION STREET,1199,SUTTER AVENUE-UNION STREET,11/28/23,BROOKLYN,100,both,11957930,383517,309549.0,3,3080818.0,2058,2058,2068,UNION STREET,A,2017-09-01,2017-09-02,12/23/2017,12/09/2017,,,,700.0,5841326.0,"§ 27-2045 ADM CODE POST A PROPER NOTICE OF SMOKE DETECTOR REQUIREMENTS, IN A FORM APPROVED BY THE COMMISSIONER, AT OR NEAR THE MAIL BOX .. AT PUBLIC HALL, 1st STORY",2017-09-05,19.0,VIOLATION CLOSED,08/07/2023,Original,Close,N,2017,2017.0
14670,1161,3035090059,3,M,,2058,UNION,STREET,11212,2058 UNION STREET,1199,SUTTER AVENUE-UNION STREET,11/28/23,BROOKLYN,100,both,11957936,383517,309549.0,3,3080818.0,2058,2058,2068,UNION STREET,A,2017-09-01,2017-09-02,12/23/2017,12/09/2017,,,,1501.0,5841326.0,"§ 27-2046.1 HMC: POST A PROPER NOTICE OF CARBON MONOXIDE DETECTING DEVICE REQUIREMENTS, IN A FORM APPROVED BY THE COMMISSIONER, IN A COMMON AREA OF A CLASS A MULTIPLE DWELLING NEAR INSPECTION CERTIFICATE OR PROVIDE NOTICE TO TENANTS IN A PRIVATE DWELLING. AT PUBLIC HALL, 1st STORY",2017-09-05,19.0,VIOLATION CLOSED,08/07/2023,Original,Close,N,2017,2017.0
14671,1161,3035090059,3,M,,2058,UNION,STREET,11212,2058 UNION STREET,1199,SUTTER AVENUE-UNION STREET,11/28/23,BROOKLYN,100,both,11957939,383517,309549.0,3,3080818.0,2058,2058,2068,UNION STREET,A,2017-09-01,2017-09-02,12/23/2017,12/09/2017,,,,1506.0,5841326.0,"§ 27-2005 HMC: POST, IN A FORM APPROVED BY THE COMMISSIONER, AND MAINTAIN A NOTICE IN A COMMON AREA OF THE BUILDING REGARDING THE PROCEDURES THAT SHOULD BE FOLLOWED WHEN A GAS LEAK IS SUSPECTED",2017-09-05,19.0,VIOLATION CLOSED,05/26/2023,Original,Close,N,2017,2017.0
14672,1161,3035090059,3,M,,2058,UNION,STREET,11212,2058 UNION STREET,1199,SUTTER AVENUE-UNION STREET,11/28/23,BROOKLYN,100,both,11957941,383517,309549.0,3,3080818.0,2058,2058,2068,UNION STREET,A,2017-09-01,2017-09-02,12/23/2017,12/09/2017,,,,778.0,5841326.0,"§ 27-2104 ADM CODE POST AND MAINTAIN A PROPER SIGN ON WALL OF ENTRANCE STORY SHOWING THE REGISTRATION NUMBER ASSIGNED BY THE DEPARTMENT AND THE ADDRESS OF THE BUILDING. AT PUBLIC HALL, 1st STORY",2017-09-05,19.0,VIOLATION CLOSED,05/26/2023,Original,Close,N,2017,2017.0
14673,1161,3035090059,3,M,,2058,UNION,STREET,11212,2058 UNION STREET,1199,SUTTER AVENUE-UNION STREET,11/28/23,BROOKLYN,100,both,11957948,383517,309549.0,3,3080818.0,2058,2058,2068,UNION STREET,A,2017-09-01,2017-09-02,12/23/2017,12/09/2017,,,,722.0,5841326.0,"§ 27-2053 ADM CODE POST SIGN ON WALL OF ENTRANCE STORY BEARING NAME, ADDRESS INCLUDING APARTMENT NUMBER IF ANY, AND TELEPHONE NUMBER OF SUPERINTENDENT, JANITOR OR HOUSEKEEPER. AT PUBLIC HALL, 1st STORY",2017-09-05,19.0,VIOLATION CLOSED,05/26/2023,Original,Close,N,2017,2017.0
14674,1161,3035090059,3,M,,2058,UNION,STREET,11212,2058 UNION STREET,1199,SUTTER AVENUE-UNION STREET,11/28/23,BROOKLYN,100,both,12057781,383517,309549.0,3,3080818.0,2058,2058,2068,UNION STREET,A,2017-11-06,2017-11-08,02/26/2018,02/12/2018,,,,1506.0,5895081.0,"§ 27-2005 HMC: POST, IN A FORM APPROVED BY THE COMMISSIONER, AND MAINTAIN A NOTICE IN A COMMON AREA OF THE BUILDING REGARDING THE PROCEDURES THAT SHOULD BE FOLLOWED WHEN A GAS LEAK IS SUSPECTED AT PUBLIC HALL, 1st STORY",2017-11-09,19.0,VIOLATION CLOSED,05/26/2023,Original,Close,N,2017,2017.0
14675,1161,3035090059,3,M,,2058,UNION,STREET,11212,2058 UNION STREET,1199,SUTTER AVENUE-UNION STREET,11/28/23,BROOKLYN,100,both,13309595,383517,309549.0,3,3080818.0,2058,2058,2068,UNION STREET,B,2019-09-30,2019-10-01,11/20/2019,11/06/2019,,,,508.0,6622798.0,"§ 27-2005 ADM CODE REPAIR THE BROKEN OR DEFECTIVE PLASTERED SURFACES AND PAINT IN A UNIFORM COLOR THE CEILING IN THE 1st ROOM FROM NORTH LOCATED AT APT 4H, 4th STORY, 1st APARTMENT FROM SOUTH AT WEST",2019-10-02,2.0,NOV SENT OUT,10/02/2019,Original,Open,N,2019,2019.0
14676,1161,3035090059,3,M,,2058,UNION,STREET,11212,2058 UNION STREET,1199,SUTTER AVENUE-UNION STREET,11/28/23,BROOKLYN,100,both,13310664,383517,309549.0,3,3080818.0,2058,2058,2068,UNION STREET,A,2019-09-30,2019-10-01,01/19/2020,01/05/2020,,,,556.0,6622797.0,"§ 27-2013 ADM CODE PAINT WITH LIGHT COLORED PAINT TO THE SATISFACTION OF THIS DEPARTMENT ALL PEELING PAINT SURFACES IN THE 1st ROOM FROM NORTH LOCATED AT APT 4H, 4th STORY, 1st APARTMENT FROM SOUTH AT WEST",2019-10-02,2.0,NOV SENT OUT,10/02/2019,Original,Open,N,2019,2019.0
14726,1161,3035090059,3,M,,2058,UNION,STREET,11212,2058 UNION STREET,1199,SUTTER AVENUE-UNION STREET,11/28/23,BROOKLYN,100,both,11057083,383517,309549.0,3,3080818.0,2058,2058,2068,UNION STREET,B,2016-01-02,2016-01-04,02/23/2016,02/09/2016,,,,579.0,5337526.0,"§ 27-2026 ADM CODE REPAIR THE LEAKY AND/OR DEFECTIVE FAUCETS AT WASH BASIN IN THE BATHROOM LOCATED AT APT 5G, 5th STORY, 2nd APARTMENT FROM NORTH AT EAST",2016-01-05,19.0,VIOLATION CLOSED,01/13/2017,Original,Close,N,2016,2016.0
14727,1161,3035090059,3,M,,2058,UNION,STREET,11212,2058 UNION STREET,1199,SUTTER AVENUE-UNION STREET,11/28/23,BROOKLYN,100,both,11146879,383517,309549.0,3,3080818.0,2058,2058,2068,UNION STREET,C,2016-03-08,2016-03-09,03/23/2016,03/18/2016,,,,672.0,5383505.0,§ 27-2033 ADM CODE PROVIDE READY ACCESS TO BUILDINGS HEATING SYSTEM DOOR TO BOILER LOCKED AT CELLAR,2016-03-10,19.0,VIOLATION CLOSED,01/13/2017,Original,Close,N,2016,2016.0
14754,1166,3035340001,1,M,,725,HOWARD,AVENUE,11212,725 HOWARD AVENUE,1205,TAPSCOTT STREET REHAB,11/28/23,BROOKLYN,155,both,10925763,314228,306888.0,3,3081227.0,725,719,725,HOWARD AVENUE,I,2015-10-09,2015-10-09,,,,,,780.0,,"§27-2107 ADM CODE OWNER FAILED TO FILE A VALID REGISTRATION STATEMENT WITH THE DEPARTMENT AS REQUIRED BY ADM CODE §27-2097 AND IS THEREFORE SUBJECT TO CIVIL PENALTIES, PROHIBITED FROM CERTIFYING VIOLATIONS, AND DENIED THE RIGHT TO RECOVER POSSESSION OF PREMISES FOR NONPAYMENT OF RENT UNTIL A VALID REGISTRATION STATEMENT IS FILED.",,9.0,VIOLATION DISMISSED,03/17/2017,,Close,N,2015,
14761,1166,3035340001,1,M,,725,HOWARD,AVENUE,11212,725 HOWARD AVENUE,1205,TAPSCOTT STREET REHAB,11/28/23,BROOKLYN,155,both,11495302,314228,306888.0,3,3081227.0,725,719,725,HOWARD AVENUE,I,2016-11-09,2016-11-09,,,,,,780.0,,"§27-2107 ADM CODE OWNER FAILED TO FILE A VALID REGISTRATION STATEMENT WITH THE DEPARTMENT AS REQUIRED BY ADM CODE §27-2097 AND IS THEREFORE SUBJECT TO CIVIL PENALTIES, PROHIBITED FROM CERTIFYING VIOLATIONS, AND DENIED THE RIGHT TO RECOVER POSSESSION OF PREMISES FOR NONPAYMENT OF RENT UNTIL A VALID REGISTRATION STATEMENT IS FILED.",,9.0,VIOLATION DISMISSED,03/17/2017,,Close,N,2016,
14764,1166,3035340001,1,M,,725,HOWARD,AVENUE,11212,725 HOWARD AVENUE,1205,TAPSCOTT STREET REHAB,11/28/23,BROOKLYN,155,both,10577201,314228,306888.0,3,3081227.0,725,719,725,HOWARD AVENUE,I,2015-02-23,2015-02-23,,,,,,780.0,,"§27-2107 ADM CODE OWNER FAILED TO FILE A VALID REGISTRATION STATEMENT WITH THE DEPARTMENT AS REQUIRED BY ADM CODE §27-2097 AND IS THEREFORE SUBJECT TO CIVIL PENALTIES, PROHIBITED FROM CERTIFYING VIOLATIONS, AND DENIED THE RIGHT TO RECOVER POSSESSION OF PREMISES FOR NONPAYMENT OF RENT UNTIL A VALID REGISTRATION STATEMENT IS FILED.",,9.0,VIOLATION DISMISSED,03/17/2017,,Close,N,2015,
14788,1168,3035500034,2,M,,728,HOWARD,AVENUE,11212,728 HOWARD AVENUE,1206,TAPSCOTT STREET REHAB,11/28/23,BROOKLYN,155,both,11317696,314230,389609.0,3,3081484.0,728,728,738,HOWARD AVENUE,B,2016-07-19,2016-07-21,09/09/2016,08/26/2016,,,,508.0,5477609.0,"§ 27-2005 ADM CODE REPAIR THE BROKEN OR DEFECTIVE PLASTERED SURFACES AND PAINT IN A UNIFORM COLOR CEILING IN THE BATHROOM LOCATED AT APT O3A, 3rd STORY, 2nd APARTMENT FROM NORTH AT EAST , SECTION ''# 738 ''",2016-07-22,2.0,NOV SENT OUT,07/22/2016,Original,Open,N,2016,2016.0
14789,1168,3035500034,2,M,,728,HOWARD,AVENUE,11212,728 HOWARD AVENUE,1206,TAPSCOTT STREET REHAB,11/28/23,BROOKLYN,155,both,11317662,314230,389609.0,3,3081484.0,728,728,738,HOWARD AVENUE,B,2016-07-19,2016-07-21,09/09/2016,08/26/2016,,,,569.0,5477609.0,"§ 27-2018 ADMIN. CODE: ABATE THE NUISANCE CONSISTING OF MICE IN THE ENTIRE APARTMENT LOCATED AT APT O3A, 3rd STORY, 2nd APARTMENT FROM NORTH AT EAST , SECTION ''# 738''",2016-07-22,2.0,NOV SENT OUT,07/22/2016,Original,Open,N,2016,2016.0
14790,1168,3035500034,2,M,,728,HOWARD,AVENUE,11212,728 HOWARD AVENUE,1206,TAPSCOTT STREET REHAB,11/28/23,BROOKLYN,155,both,11317577,314230,389609.0,3,3081484.0,728,728,738,HOWARD AVENUE,B,2016-07-19,2016-07-22,09/12/2016,08/29/2016,,,,502.0,5478345.0,"§ 27-2005 ADM CODE PROPERLY REPAIR WITH SIMILAR MATERIAL THE BROKEN OR DEFECTIVE VINYL TILE AND WOOD FLOOR IN THE PRIVATE HALLWAY LOCATED AT APT O3A, 3rd STORY, 2nd APARTMENT FROM NORTH AT EAST , SECTION ''# 738''",2016-07-25,2.0,NOV SENT OUT,07/25/2016,Original,Open,N,2016,2016.0
14791,1168,3035500034,2,M,,728,HOWARD,AVENUE,11212,728 HOWARD AVENUE,1206,TAPSCOTT STREET REHAB,11/28/23,BROOKLYN,155,both,11317744,314230,389609.0,3,3081484.0,728,728,738,HOWARD AVENUE,B,2016-07-19,2016-07-21,09/09/2016,08/26/2016,,,,506.0,5477609.0,"§ 27-2005 ADM CODE REPLACE WITH NEW THE MISSING GLASS LOWER SASH AT NORTH WINDOW IN THE 1st ROOM FROM NORTH AT EAST LOCATED AT APT O3A, 3rd STORY, 2nd APARTMENT FROM NORTH AT EAST , SECTION ''# 738''",2016-07-22,2.0,NOV SENT OUT,07/22/2016,Original,Open,N,2016,2016.0
14794,1168,3035500034,2,M,,728,HOWARD,AVENUE,11212,728 HOWARD AVENUE,1206,TAPSCOTT STREET REHAB,11/28/23,BROOKLYN,155,both,11317622,314230,389609.0,3,3081484.0,728,728,738,HOWARD AVENUE,B,2016-07-19,2016-07-21,09/09/2016,08/26/2016,,,,508.0,5477609.0,"§ 27-2005 ADM CODE REPAIR THE BROKEN OR DEFECTIVE PLASTERED SURFACES AND PAINT IN A UNIFORM COLOR CEILING IN THE 1st ROOM FROM NORTH AT WEST LOCATED AT APT O3A, 3rd STORY, 2nd APARTMENT FROM NORTH AT EAST , SECTION '' # 738''",2016-07-22,2.0,NOV SENT OUT,07/22/2016,Original,Open,N,2016,2016.0
14795,1168,3035500034,2,M,,728,HOWARD,AVENUE,11212,728 HOWARD AVENUE,1206,TAPSCOTT STREET REHAB,11/28/23,BROOKLYN,155,both,11317646,314230,389609.0,3,3081484.0,728,728,738,HOWARD AVENUE,B,2016-07-19,2016-07-21,09/09/2016,08/26/2016,,,,508.0,5477609.0,"§ 27-2005 ADM CODE REPAIR THE BROKEN OR DEFECTIVE PLASTERED SURFACES AND PAINT IN A UNIFORM COLOR EAST WALL IN THE 1st ROOM FROM NORTH AT EAST LOCATED AT APT O3A, 3rd STORY, 2nd APARTMENT FROM NORTH AT EAST , SECTION ''# 738''",2016-07-22,2.0,NOV SENT OUT,07/22/2016,Original,Open,N,2016,2016.0
14815,1169,3035490036,3,M,,170,TAPSCOTT,STREET,11212,170 TAPSCOTT STREET,1208,TAPSCOTT STREET REHAB,11/28/23,BROOKLYN,155,both,11663424,380703,390920.0,3,3081471.0,170,160,174,TAPSCOTT STREET,B,2017-02-22,2017-02-23,04/14/2017,03/31/2017,,,,502.0,5690694.0,"§ 27-2005 ADM CODE PROPERLY REPAIR WITH SIMILAR MATERIAL THE BROKEN OR DEFECTIVE VINYL FLOOR TILES IN THE KITCHEN LOCATED AT APT 4C, 4th STORY, 2nd APARTMENT FROM SOUTH AT WEST",2017-02-24,2.0,NOV SENT OUT,02/24/2017,Original,Open,N,2017,2017.0
14816,1169,3035490036,3,M,,170,TAPSCOTT,STREET,11212,170 TAPSCOTT STREET,1208,TAPSCOTT STREET REHAB,11/28/23,BROOKLYN,155,both,10684204,380703,390920.0,3,3081471.0,170,160,174,TAPSCOTT STREET,B,2015-04-21,2015-04-22,06/11/2015,05/28/2015,,,,501.0,5104154.0,"§ 27-2005 ADM CODE PROPERLY REPAIR THE BROKEN OR DEFECTIVE COUNTER BALANCES AT LOWER SASHES AT 5 WINDOWS IN THE ENTIRE APARTMENT LOCATED AT APT 1B, 1st STORY, 2nd APARTMENT FROM EAST AT SOUTH",2015-04-23,19.0,VIOLATION CLOSED,07/24/2023,Original,Close,N,2015,2015.0
14817,1169,3035490036,3,M,,170,TAPSCOTT,STREET,11212,170 TAPSCOTT STREET,1208,TAPSCOTT STREET REHAB,11/28/23,BROOKLYN,155,both,11663400,380703,390920.0,3,3081471.0,170,160,174,TAPSCOTT STREET,B,2017-02-22,2017-02-23,04/14/2017,03/31/2017,,,,501.0,5690694.0,"§ 27-2005 ADM CODE PROPERLY REPAIR THE BROKEN OR DEFECTIVE COUNTER BALANCE AT LOWER WINDOW SASH IN THE 1st ROOM FROM NORTH AT WEST LOCATED AT APT 4C, 4th STORY, 2nd APARTMENT FROM SOUTH AT WEST",2017-02-24,2.0,NOV SENT OUT,02/24/2017,Original,Open,N,2017,2017.0
14818,1169,3035490036,3,M,,170,TAPSCOTT,STREET,11212,170 TAPSCOTT STREET,1208,TAPSCOTT STREET REHAB,11/28/23,BROOKLYN,155,both,11663418,380703,390920.0,3,3081471.0,170,160,174,TAPSCOTT STREET,B,2017-02-22,2017-02-23,04/14/2017,03/31/2017,,,,505.0,5690694.0,"§ 27-2005 ADM CODE REPLACE WITH NEW THE BROKEN OR DEFECTIVE GLASS AT LOWER WINDOW SASH IN THE 3rd ROOM FROM NORTH LOCATED AT APT 4C, 4th STORY, 2nd APARTMENT FROM SOUTH AT WEST",2017-02-24,2.0,NOV SENT OUT,02/24/2017,Original,Open,N,2017,2017.0
14823,1169,3035490036,3,M,,170,TAPSCOTT,STREET,11212,170 TAPSCOTT STREET,1208,TAPSCOTT STREET REHAB,11/28/23,BROOKLYN,155,both,10684200,380703,390920.0,3,3081471.0,170,160,174,TAPSCOTT STREET,B,2015-04-21,2015-04-22,06/11/2015,05/28/2015,,,,502.0,5104154.0,"§ 27-2005 ADM CODE PROPERLY REPAIR WITH SIMILAR MATERIAL THE BROKEN OR DEFECTIVE WOOD FLOOR IN THE PRIVATE HALLWAY LOCATED AT APT 1B, 1st STORY, 2nd APARTMENT FROM EAST AT SOUTH",2015-04-23,19.0,VIOLATION CLOSED,07/24/2023,Original,Close,N,2015,2015.0
14824,1169,3035490036,3,M,,170,TAPSCOTT,STREET,11212,170 TAPSCOTT STREET,1208,TAPSCOTT STREET REHAB,11/28/23,BROOKLYN,155,both,10684206,380703,390920.0,3,3081471.0,170,160,174,TAPSCOTT STREET,B,2015-04-21,2015-04-22,06/11/2015,05/28/2015,,,,502.0,5104154.0,"§ 27-2005 ADM CODE PROPERLY REPAIR WITH SIMILAR MATERIAL THE BROKEN OR DEFECTIVE WOOD FLOOR IN THE KITCHEN LOCATED AT APT 1B, 1st STORY, 2nd APARTMENT FROM EAST AT SOUTH",2015-04-23,19.0,VIOLATION CLOSED,07/24/2023,Original,Close,N,2015,2015.0
14825,1169,3035490036,3,M,,170,TAPSCOTT,STREET,11212,170 TAPSCOTT STREET,1208,TAPSCOTT STREET REHAB,11/28/23,BROOKLYN,155,both,11663409,380703,390920.0,3,3081471.0,170,160,174,TAPSCOTT STREET,B,2017-02-22,2017-02-23,04/14/2017,03/31/2017,,,,502.0,5690694.0,"§ 27-2005 ADM CODE PROPERLY REPAIR WITH SIMILAR MATERIAL THE BROKEN OR DEFECTIVE VINYL FLOOR TILES IN THE 3rd ROOM FROM NORTH LOCATED AT APT 4C, 4th STORY, 2nd APARTMENT FROM SOUTH AT WEST",2017-02-24,2.0,NOV SENT OUT,02/24/2017,Original,Open,N,2017,2017.0
14837,1169,3035490036,3,M,,170,TAPSCOTT,STREET,11212,170 TAPSCOTT STREET,1208,TAPSCOTT STREET REHAB,11/28/23,BROOKLYN,155,both,10684209,380703,390920.0,3,3081471.0,170,160,174,TAPSCOTT STREET,B,2015-04-21,2015-04-22,06/11/2015,05/28/2015,,,,505.0,5104154.0,"§ 27-2005 ADM CODE REPLACE WITH NEW THE BROKEN OR DEFECTIVE RUBBER GASKET AT LOWER REFRIGERATOR DOOR IN THE KITCHEN LOCATED AT APT 1B, 1st STORY, 2nd APARTMENT FROM EAST AT SOUTH",2015-04-23,19.0,VIOLATION CLOSED,07/24/2023,Original,Close,N,2015,2015.0
14838,1169,3035490036,3,M,,170,TAPSCOTT,STREET,11212,170 TAPSCOTT STREET,1208,TAPSCOTT STREET REHAB,11/28/23,BROOKLYN,155,both,10684211,380703,390920.0,3,3081471.0,170,160,174,TAPSCOTT STREET,A,2015-04-21,2015-04-22,08/10/2015,07/27/2015,,,,556.0,5104153.0,"§ 27-2013 ADM CODE PAINT WITH LIGHT COLORED PAINT TO THE SATISFACTION OF THIS DEPARTMENT AROUND WINDOW AT EAST WALL IN THE PRIVATE HALLWAY LOCATED AT APT 1B, 1st STORY, 2nd APARTMENT FROM EAST AT SOUTH",2015-04-23,19.0,VIOLATION CLOSED,07/24/2023,Original,Close,N,2015,2015.0
14839,1169,3035490036,3,M,,170,TAPSCOTT,STREET,11212,170 TAPSCOTT STREET,1208,TAPSCOTT STREET REHAB,11/28/23,BROOKLYN,155,both,10684213,380703,390920.0,3,3081471.0,170,160,174,TAPSCOTT STREET,B,2015-04-21,2015-04-22,06/11/2015,05/28/2015,,,,569.0,5104154.0,"§ 27-2018 ADMIN. CODE: ABATE THE NUISANCE CONSISTING OF MICE IN THE ENTIRE APARTMENT LOCATED AT APT 1B, 1st STORY, 2nd APARTMENT FROM EAST AT SOUTH",2015-04-23,19.0,VIOLATION CLOSED,07/24/2023,Original,Close,N,2015,2015.0
14840,1169,3035490036,3,M,,170,TAPSCOTT,STREET,11212,170 TAPSCOTT STREET,1208,TAPSCOTT STREET REHAB,11/28/23,BROOKLYN,155,both,10684217,380703,390920.0,3,3081471.0,170,160,174,TAPSCOTT STREET,C,2015-04-21,2015-04-22,05/06/2015,05/01/2015,,,,502.0,5104155.0,"§ 27-2005 ADM CODE PROPERLY REPAIR WITH SIMILAR MATERIAL THE BROKEN OR DEFECTIVE WOOD FLOOR ( WALKING AREA) IN THE 1st ROOM FROM NORTH AT WEST LOCATED AT APT 1B, 1st STORY, 2nd APARTMENT FROM EAST AT SOUTH",2015-04-23,19.0,VIOLATION CLOSED,07/24/2023,Original,Close,N,2015,2015.0
14938,1172,3035490041,5,M,,184,TAPSCOTT,STREET,11212,184 TAPSCOTT STREET,1201,TAPSCOTT STREET REHAB,11/28/23,BROOKLYN,155,both,9864787,380706,314903.0,3,3423994.0,184,182,186,TAPSCOTT STREET,B,2013-06-10,2013-06-11,07/31/2013,07/17/2013,,,,686.0,4636325.0,§ 27-2040 ADM CODE PROVIDE ADEQUATE LIGHTING AT OR NEAR THE OUTSIDE OF THE FRONT ENTRANCEWAY OF THE BUILDING AND KEEP SAME BURNING FROM SUNSET EVERY DAY TO SUNRISE ON THE DAY FOLLOWING ***MINIMUM 100 WATTS OF INCANDESCENT LIGHT REQUIRED.(FIXTURE PRESENT)***,2013-06-12,2.0,NOV SENT OUT,06/12/2013,Original,Open,N,2013,2013.0
14948,1173,3035500011,6,M,,187,TAPSCOTT,STREET,11212,187 TAPSCOTT STREET,1212,TAPSCOTT STREET REHAB,11/28/23,BROOKLYN,155,both,11248482,380707,390918.0,3,3081482.0,187,187,197,TAPSCOTT STREET,B,2016-05-24,2016-05-25,07/14/2016,06/30/2016,,,,502.0,5438470.0,"§ 27-2005 ADM CODE PROPERLY REPAIR WITH SIMILAR MATERIAL THE BROKEN OR DEFECTIVE QUARRY TILES AT FLOOR THRU-OUT IN THE 2nd ROOM FROM NORTH AT WEST LOCATED AT APT 1E, 1st STORY, 2nd APARTMENT FROM SOUTH AT WEST",2016-05-26,2.0,NOV SENT OUT,05/26/2016,Original,Open,N,2016,2016.0
14951,1173,3035500011,6,M,,187,TAPSCOTT,STREET,11212,187 TAPSCOTT STREET,1212,TAPSCOTT STREET REHAB,11/28/23,BROOKLYN,155,both,11248469,380707,390918.0,3,3081482.0,187,187,197,TAPSCOTT STREET,B,2016-05-24,2016-05-25,07/14/2016,06/30/2016,,,,502.0,5438470.0,"§ 27-2005 ADM CODE PROPERLY REPAIR WITH SIMILAR MATERIAL THE BROKEN OR DEFECTIVE SUB-FLOOR IN THE BATHROOM LOCATED AT APT 1E, 1st STORY, 2nd APARTMENT FROM SOUTH AT WEST",2016-05-26,2.0,NOV SENT OUT,05/26/2016,Original,Open,N,2016,2016.0
14952,1173,3035500011,6,M,,187,TAPSCOTT,STREET,11212,187 TAPSCOTT STREET,1212,TAPSCOTT STREET REHAB,11/28/23,BROOKLYN,155,both,11248471,380707,390918.0,3,3081482.0,187,187,197,TAPSCOTT STREET,B,2016-05-24,2016-05-25,07/14/2016,06/30/2016,,,,508.0,5438470.0,"§ 27-2005 ADM CODE REPAIR THE BROKEN OR DEFECTIVE PLASTERED SURFACES AND PAINT IN A UNIFORM COLOR ALL WALLS AND CEILING IN THE BATHROOM LOCATED AT APT 1E, 1st STORY, 2nd APARTMENT FROM SOUTH AT WEST",2016-05-26,2.0,NOV SENT OUT,05/26/2016,Original,Open,N,2016,2016.0
14953,1173,3035500011,6,M,,187,TAPSCOTT,STREET,11212,187 TAPSCOTT STREET,1212,TAPSCOTT STREET REHAB,11/28/23,BROOKLYN,155,both,11248488,380707,390918.0,3,3081482.0,187,187,197,TAPSCOTT STREET,A,2016-05-24,2016-05-25,09/12/2016,08/29/2016,,,,556.0,5438469.0,"§ 27-2013 ADM CODE PAINT WITH LIGHT COLORED PAINT TO THE SATISFACTION OF THIS DEPARTMENT ALL WALLS AND CEILING THRU-OUT IN THE ENTIRE APARTMENT LOCATED AT APT 1E, 1st STORY, 2nd APARTMENT FROM SOUTH AT WEST",2016-05-26,2.0,NOV SENT OUT,05/26/2016,Original,Open,N,2016,2016.0
14956,1173,3035500011,6,M,,187,TAPSCOTT,STREET,11212,187 TAPSCOTT STREET,1212,TAPSCOTT STREET REHAB,11/28/23,BROOKLYN,155,both,2181185,380707,390918.0,3,3081482.0,187,187,197,TAPSCOTT STREET,B,1994-10-17,1994-10-17,12/26/1994,12/19/1994,,,,507.0,1337047.0,"§ 27-2005 ADM CODE REPAIR THE ROOF SO THAT IT WILL NOT LEAK OVER CENTER ROOM 4 STY NORTH APT 4G , SECTION '' ''",1994-11-01,2.0,NOV SENT OUT,11/01/1994,Original,Open,Y,1994,1994.0
14957,1173,3035500011,6,M,,187,TAPSCOTT,STREET,11212,187 TAPSCOTT STREET,1212,TAPSCOTT STREET REHAB,11/28/23,BROOKLYN,155,both,2181186,380707,390918.0,3,3081482.0,187,187,197,TAPSCOTT STREET,B,1994-10-17,1994-10-17,12/26/1994,12/19/1994,,,,508.0,1337047.0,"§ 27-2005 ADM CODE REPAIR THE BROKEN OR DEFECTIVE PLASTERED SURFACES AND PAINT IN A UNIFORM COLOR CEILING CENTER ROOM 4 STY NORTH APT 4G , SECTION '' ''",1994-11-01,2.0,NOV SENT OUT,11/01/1994,Original,Open,N,1994,1994.0
14958,1173,3035500011,6,M,,187,TAPSCOTT,STREET,11212,187 TAPSCOTT STREET,1212,TAPSCOTT STREET REHAB,11/28/23,BROOKLYN,155,both,2181187,380707,390918.0,3,3081482.0,187,187,197,TAPSCOTT STREET,B,1994-10-17,1994-10-17,12/26/1994,12/19/1994,,,,566.0,1337047.0,"§ 27-2018 ADM CODE ABATE THE NUISANCE CONSISTING OF VERMIN MICE AND ROACHES THRU OUT 4 STY NORTH APT 4G , SECTION '' ''",1994-11-01,2.0,NOV SENT OUT,11/01/1994,Original,Open,N,1994,1994.0
14959,1173,3035500011,6,M,,187,TAPSCOTT,STREET,11212,187 TAPSCOTT STREET,1212,TAPSCOTT STREET REHAB,11/28/23,BROOKLYN,155,both,11248476,380707,390918.0,3,3081482.0,187,187,197,TAPSCOTT STREET,B,2016-05-24,2016-05-25,07/14/2016,06/30/2016,,,,502.0,5438470.0,"§ 27-2005 ADM CODE PROPERLY REPAIR WITH SIMILAR MATERIAL THE BROKEN OR DEFECTIVE WOOD FLOOR IN THE KITCHEN LOCATED AT APT 1E, 1st STORY, 2nd APARTMENT FROM SOUTH AT WEST",2016-05-26,2.0,NOV SENT OUT,05/26/2016,Original,Open,N,2016,2016.0
14984,1177,3035500006,8,M,,199,TAPSCOTT,STREET,11212,199 TAPSCOTT STREET,1215,TAPSCOTT STREET REHAB,11/28/23,BROOKLYN,155,both,10565071,234846,316270.0,3,3081481.0,199,199,209,TAPSCOTT STREET,I,2015-02-18,2015-02-18,,,,,,780.0,,"§27-2107 ADM CODE OWNER FAILED TO FILE A VALID REGISTRATION STATEMENT WITH THE DEPARTMENT AS REQUIRED BY ADM CODE §27-2097 AND IS THEREFORE SUBJECT TO CIVIL PENALTIES, PROHIBITED FROM CERTIFYING VIOLATIONS, AND DENIED THE RIGHT TO RECOVER POSSESSION OF PREMISES FOR NONPAYMENT OF RENT UNTIL A VALID REGISTRATION STATEMENT IS FILED.",,9.0,VIOLATION DISMISSED,01/15/2019,,Close,N,2015,
14985,1177,3035500006,8,M,,199,TAPSCOTT,STREET,11212,199 TAPSCOTT STREET,1215,TAPSCOTT STREET REHAB,11/28/23,BROOKLYN,155,both,12088445,234846,316270.0,3,3081481.0,199,199,209,TAPSCOTT STREET,I,2017-11-21,2017-11-21,,,,,,780.0,,"§27-2107 ADM CODE OWNER FAILED TO FILE A VALID REGISTRATION STATEMENT WITH THE DEPARTMENT AS REQUIRED BY ADM CODE §27-2097 AND IS THEREFORE SUBJECT TO CIVIL PENALTIES, PROHIBITED FROM CERTIFYING VIOLATIONS, AND DENIED THE RIGHT TO RECOVER POSSESSION OF PREMISES FOR NONPAYMENT OF RENT UNTIL A VALID REGISTRATION STATEMENT IS FILED.",,9.0,VIOLATION DISMISSED,01/15/2019,,Close,N,2017,
14987,1177,3035500006,8,M,,199,TAPSCOTT,STREET,11212,199 TAPSCOTT STREET,1215,TAPSCOTT STREET REHAB,11/28/23,BROOKLYN,155,both,10920102,234846,316270.0,3,3081481.0,199,199,209,TAPSCOTT STREET,I,2015-10-08,2015-10-08,,,,,,780.0,,"§27-2107 ADM CODE OWNER FAILED TO FILE A VALID REGISTRATION STATEMENT WITH THE DEPARTMENT AS REQUIRED BY ADM CODE §27-2097 AND IS THEREFORE SUBJECT TO CIVIL PENALTIES, PROHIBITED FROM CERTIFYING VIOLATIONS, AND DENIED THE RIGHT TO RECOVER POSSESSION OF PREMISES FOR NONPAYMENT OF RENT UNTIL A VALID REGISTRATION STATEMENT IS FILED.",,9.0,VIOLATION DISMISSED,01/15/2019,,Close,N,2015,
14988,1177,3035500006,8,M,,199,TAPSCOTT,STREET,11212,199 TAPSCOTT STREET,1215,TAPSCOTT STREET REHAB,11/28/23,BROOKLYN,155,both,11491912,234846,316270.0,3,3081481.0,199,199,209,TAPSCOTT STREET,I,2016-11-07,2016-11-07,,,,,,780.0,,"§27-2107 ADM CODE OWNER FAILED TO FILE A VALID REGISTRATION STATEMENT WITH THE DEPARTMENT AS REQUIRED BY ADM CODE §27-2097 AND IS THEREFORE SUBJECT TO CIVIL PENALTIES, PROHIBITED FROM CERTIFYING VIOLATIONS, AND DENIED THE RIGHT TO RECOVER POSSESSION OF PREMISES FOR NONPAYMENT OF RENT UNTIL A VALID REGISTRATION STATEMENT IS FILED.",,9.0,VIOLATION DISMISSED,01/15/2019,,Close,N,2016,
14990,1177,3035500006,8,M,,199,TAPSCOTT,STREET,11212,199 TAPSCOTT STREET,1215,TAPSCOTT STREET REHAB,11/28/23,BROOKLYN,155,both,2040994,234846,316270.0,3,3081481.0,199,199,209,TAPSCOTT STREET,B,1994-08-08,1994-08-08,10/24/2007,10/10/2007,,,,702.0,3088020.0,"§ 27-2045 ADM CODE REPAIR OR REPLACE THE SMOKE DETECTOR DEFECTIVE 3 STY NORTHEAST APT 3E CHANDLER , SECTION '' ''",2007-09-05,2.0,NOV SENT OUT,09/05/2007,Reissued,Open,N,1994,2007.0
14991,1177,3035500006,8,M,,199,TAPSCOTT,STREET,11212,199 TAPSCOTT STREET,1215,TAPSCOTT STREET REHAB,11/28/23,BROOKLYN,155,both,2040995,234846,316270.0,3,3081481.0,199,199,209,TAPSCOTT STREET,B,1995-02-23,1995-02-23,10/24/2007,10/10/2007,,,,598.0,3088020.0,"§ 27-2026 ADM CODE REPAIR THE BROKEN OR DEFECTIVE CONNECTION FAUCET SET KITCHEN 1 STY SOUTH APT 1B. , SECTION '' ''",2007-09-05,2.0,NOV SENT OUT,09/05/2007,Reissued,Open,N,1995,2007.0
14999,1177,3035500006,8,M,,199,TAPSCOTT,STREET,11212,199 TAPSCOTT STREET,1215,TAPSCOTT STREET REHAB,11/28/23,BROOKLYN,155,both,1934512,234846,316270.0,3,3081481.0,199,199,209,TAPSCOTT STREET,C,1994-08-08,1994-08-08,09/16/2007,09/11/2007,,,,526.0,3088021.0,"§ 27-2005, 2007 ADM CODE REMOVE THE ILLEGAL FASTENING DOUBLE CYLINDER KEY OPERATED LOCK ENTRANCE DOOR 3 STY NORTHEAST APT 3E , SECTION '' ''",2007-09-05,2.0,NOV SENT OUT,09/05/2007,Reissued,Open,Y,1994,2007.0
15000,1177,3035500006,8,M,,199,TAPSCOTT,STREET,11212,199 TAPSCOTT STREET,1215,TAPSCOTT STREET REHAB,11/28/23,BROOKLYN,155,both,1934522,234846,316270.0,3,3081481.0,199,199,209,TAPSCOTT STREET,B,1995-02-23,1995-02-23,10/24/2007,10/10/2007,,,,501.0,3088020.0,"§ 27-2005 ADM CODE PROPERLY REPAIR THE BROKEN OR DEFECTIVE WALL OUTLET KITCHEN 1 STY SOUTH APT 1B. , SECTION '' ''",2007-09-05,2.0,NOV SENT OUT,09/05/2007,Reissued,Open,N,1995,2007.0
15001,1177,3035500006,8,M,,199,TAPSCOTT,STREET,11212,199 TAPSCOTT STREET,1215,TAPSCOTT STREET REHAB,11/28/23,BROOKLYN,155,both,1934523,234846,316270.0,3,3081481.0,199,199,209,TAPSCOTT STREET,B,1995-02-23,1995-02-23,10/24/2007,10/10/2007,,,,510.0,3088020.0,"§ 27-2005 ADM CODE & 309 M/D LAW ABATE THE NUISANCE CONSISTING OF CONCEALED WATER LEAK CEILING SOUTHWEST ROOM 1 STY SOUTH APT 1B. , SECTION '' ''",2007-09-05,2.0,NOV SENT OUT,09/05/2007,Reissued,Open,N,1995,2007.0
15002,1177,3035500006,8,M,,199,TAPSCOTT,STREET,11212,199 TAPSCOTT STREET,1215,TAPSCOTT STREET REHAB,11/28/23,BROOKLYN,155,both,1934524,234846,316270.0,3,3081481.0,199,199,209,TAPSCOTT STREET,B,1995-02-23,1995-02-23,10/24/2007,10/10/2007,,,,509.0,3088020.0,"§ 27-2005 ADM CODE PROPERLY SECURE THE LOOSE BASEBOARD HEATER AND COVERS SOUTHEAST ROOM 1 STY SOUTH APT 1B. , SECTION '' ''",2007-09-05,2.0,NOV SENT OUT,09/05/2007,Reissued,Open,N,1995,2007.0
15003,1177,3035500006,8,M,,199,TAPSCOTT,STREET,11212,199 TAPSCOTT STREET,1215,TAPSCOTT STREET REHAB,11/28/23,BROOKLYN,155,both,1934520,234846,316270.0,3,3081481.0,199,199,209,TAPSCOTT STREET,B,1995-02-23,1995-02-23,10/24/2007,10/10/2007,,,,702.0,3088020.0,"§ 27-2045 ADM CODE REPAIR OR REPLACE THE SMOKE DETECTOR INOPERABLE HARDWIRE 1 STY SOUTH APT 1B. , SECTION '' ''",2007-09-05,2.0,NOV SENT OUT,09/05/2007,Reissued,Open,N,1995,2007.0
15004,1177,3035500006,8,M,,199,TAPSCOTT,STREET,11212,199 TAPSCOTT STREET,1215,TAPSCOTT STREET REHAB,11/28/23,BROOKLYN,155,both,1934521,234846,316270.0,3,3081481.0,199,199,209,TAPSCOTT STREET,B,1995-02-23,1995-02-23,10/24/2007,10/10/2007,,,,505.0,3088020.0,"§ 27-2005 ADM CODE REPLACE WITH NEW THE BROKEN OR DEFECTIVE ENTRANCE DOORS THRU OUT 1 STY SOUTH APT 1B. , SECTION '' ''",2007-09-05,2.0,NOV SENT OUT,09/05/2007,Reissued,Open,N,1995,2007.0
15005,1177,3035500006,8,M,,199,TAPSCOTT,STREET,11212,199 TAPSCOTT STREET,1215,TAPSCOTT STREET REHAB,11/28/23,BROOKLYN,155,both,12663259,234846,316270.0,3,3081481.0,199,199,209,TAPSCOTT STREET,I,2018-10-16,2018-10-16,,,,,,780.0,,"§27-2107 ADM CODE OWNER FAILED TO FILE A VALID REGISTRATION STATEMENT WITH THE DEPARTMENT AS REQUIRED BY ADM CODE §27-2097 AND IS THEREFORE SUBJECT TO CIVIL PENALTIES, PROHIBITED FROM CERTIFYING VIOLATIONS, AND DENIED THE RIGHT TO RECOVER POSSESSION OF PREMISES FOR NONPAYMENT OF RENT UNTIL A VALID REGISTRATION STATEMENT IS FILED.",,9.0,VIOLATION DISMISSED,01/15/2019,,Close,N,2018,
15123,1205,2026800013,2,M,EAST,811,167,STREET,10459,811 EAST 167 STREET,1239,UNION AVENUE-EAST 166TH STREET,11/28/23,BRONX,120,both,16399893,116399,228811.0,2,2091991.0,811,811,819,EAST 167 STREET,I,2023-11-16,2023-11-16,,,,,,780.0,,"§27-2107 ADM CODE OWNER FAILED TO FILE A VALID REGISTRATION STATEMENT WITH THE DEPARTMENT AS REQUIRED BY ADM CODE §27-2097 AND IS THEREFORE SUBJECT TO CIVIL PENALTIES, PROHIBITED FROM CERTIFYING VIOLATIONS, AND DENIED THE RIGHT TO RECOVER POSSESSION OF PREMISES FOR NONPAYMENT OF RENT UNTIL A VALID REGISTRATION STATEMENT IS FILED.",,9.0,VIOLATION DISMISSED,11/29/2023,,Close,N,2023,
15174,1220,1021320047,1,,,2340,AMSTERDAM,AVENUE,10033,2340 AMSTERDAM AVENUE,1265,WASHINGTON HEIGHTS REHAB (GROUPS 1&2),11/30/20,MANHATTAN,216,both,6460933,5840,143556.0,1,1063193.0,2340,2340,2358,AMSTERDAM AVENUE,B,2006-11-14,2006-11-15,01/09/2007,12/26/2006,,,,502.0,2849950.0,"§ 27-2005 ADM CODE PROPERLY REPAIR WITH SIMILAR MATERIAL THE BROKEN OR DEFECTIVE VINYL, FLOOR/ COVERING, IN THE ENTIRE APARTMENT LOCATED AT APT 6B, 6th STORY, 1st APARTMENT FROM WEST AT NORTH",2006-11-16,19.0,VIOLATION CLOSED,04/05/2024,Original,Close,N,2006,2006.0
15221,1225,1021320114,3,M,WEST,511,177,STREET,10033,511 WEST 177 STREET,1270,WASHINGTON HEIGHTS REHAB (GROUPS 1&2),11/30/20,MANHATTAN,216,both,10473540,43315,144848.0,1,1063215.0,511,511,513,WEST 177 STREET,B,2014-12-10,2014-12-11,01/30/2015,01/16/2015,,,,686.0,4965949.0,§ 27-2040 ADM CODE PROVIDE ADEQUATE LIGHTING AT OR NEAR THE OUTSIDE OF THE FRONT ENTRANCEWAY OF THE BUILDING AND KEEP SAME BURNING FROM SUNSET EVERY DAY TO SUNRISE ON THE DAY FOLLOWING 200 WATTS MINIMUM REQUIRED (LIGHT FIXTURES PRESENT),2014-12-12,19.0,VIOLATION CLOSED,05/24/2024,Original,Close,N,2014,2014.0
15239,1225,1021320114,3,M,WEST,511,177,STREET,10033,511 WEST 177 STREET,1270,WASHINGTON HEIGHTS REHAB (GROUPS 1&2),11/30/20,MANHATTAN,216,both,11993594,43315,144848.0,1,1063215.0,511,511,513,WEST 177 STREET,B,2017-09-27,2017-09-29,11/20/2017,11/06/2017,,,,686.0,5860977.0,§ 27-2040 ADM CODE PROVIDE ADEQUATE LIGHTING AT OR NEAR THE OUTSIDE OF THE FRONT ENTRANCEWAY OF THE BUILDING AND KEEP SAME BURNING FROM SUNSET EVERY DAY TO SUNRISE ON THE DAY FOLLOWING MINIMUM OF 100 WATTS AS REQURED(LIGHT FIXTURE(S) PRESENT). AT FRONT AREAWAY,2017-10-02,19.0,VIOLATION CLOSED,05/24/2024,Original,Close,N,2017,2017.0
15361,1228,1021320094,5,M,WEST,509,176,STREET,10033,509 WEST 176 STREET,1273,WASHINGTON HEIGHTS REHAB (GROUPS 1&2),11/30/20,MANHATTAN,216,both,10081854,43298,144845.0,1,1063207.0,509,509,515,WEST 176 STREET,B,2014-01-01,2014-01-03,02/24/2014,02/10/2014,,,,686.0,4752055.0,§ 27-2040 ADM CODE PROVIDE ADEQUATE LIGHTING AT OR NEAR THE OUTSIDE OF THE FRONT ENTRANCEWAY OF THE BUILDING AND KEEP SAME BURNING FROM SUNSET EVERY DAY TO SUNRISE ON THE DAY FOLLOWING 200 WATTS MINIMUM REQUIRED (LIGHT FIXTURES PRESENT),2014-01-06,19.0,VIOLATION CLOSED,03/10/2023,Original,Close,N,2014,2014.0
15362,1228,1021320094,5,M,WEST,509,176,STREET,10033,509 WEST 176 STREET,1273,WASHINGTON HEIGHTS REHAB (GROUPS 1&2),11/30/20,MANHATTAN,216,both,10473543,43298,144845.0,1,1063207.0,509,509,515,WEST 176 STREET,B,2014-12-10,2014-12-11,01/30/2015,01/16/2015,,,,686.0,4965947.0,§ 27-2040 ADM CODE PROVIDE ADEQUATE LIGHTING AT OR NEAR THE OUTSIDE OF THE FRONT ENTRANCEWAY OF THE BUILDING AND KEEP SAME BURNING FROM SUNSET EVERY DAY TO SUNRISE ON THE DAY FOLLOWING 200 WATTS MINIMUM REQUIRED (LIGHT FIXTURES PRESENT),2014-12-12,19.0,VIOLATION CLOSED,03/10/2023,Original,Close,N,2014,2014.0
15561,1233,1021110042,6,M,WEST,465,164,STREET,10032,465 WEST 164 STREET,1278,WASHINGTON HEIGHTS REHAB PHASE III (FORT WASHINGTON),11/30/20,MANHATTAN,88,both,11056340,43032,144843.0,1,1062642.0,465,465,465,WEST 164 STREET,B,2015-12-30,2016-01-03,02/22/2016,02/08/2016,,,,686.0,5336664.0,§ 27-2040 ADM CODE PROVIDE ADEQUATE LIGHTING AT OR NEAR THE OUTSIDE OF THE FRONT ENTRANCEWAY OF THE BUILDING AND KEEP SAME BURNING FROM SUNSET EVERY DAY TO SUNRISE ON THE DAY FOLLOWING MINIMUM REQUIRED 100 WATTS (LIGHT FIXTURE PRESENT) AT FRONT AREAWAY,2016-01-04,19.0,VIOLATION CLOSED,11/13/2022,Original,Close,N,2015,2016.0
15565,1233,1021110042,6,M,WEST,465,164,STREET,10032,465 WEST 164 STREET,1278,WASHINGTON HEIGHTS REHAB PHASE III (FORT WASHINGTON),11/30/20,MANHATTAN,88,both,3236039,43032,144843.0,1,1062642.0,465,465,465,WEST 164 STREET,B,1988-02-22,1988-02-22,06/13/1988,06/06/1988,,,,566.0,719292.0,"§ 27-2018 ADM CODE ABATE THE NUISANCE CONSISTING OF VERMIN MICE AND ROACHES 2 STY SOUTH APT 2B. , SECTION '' ''",1988-04-19,19.0,VIOLATION CLOSED,11/13/2022,Original,Close,N,1988,1988.0
15590,1235,1021110005,8,M,,2109,AMSTERDAM,AVENUE,10032,2109 AMSTERDAM AVENUE,1280,WASHINGTON HEIGHTS REHAB PHASE III (FORT WASHINGTON),11/30/20,MANHATTAN,88,both,9069983,5780,144834.0,1,1062630.0,2109,2109,2109,AMSTERDAM AVENUE,B,2011-08-19,2011-08-19,10/10/2011,09/26/2011,,,,686.0,4235294.0,§ 27-2040 ADM CODE PROVIDE ADEQUATE LIGHTING AT OR NEAR THE OUTSIDE OF THE FRONT ENTRANCEWAY OF THE BUILDING AND KEEP SAME BURNING FROM SUNSET EVERY DAY TO SUNRISE ON THE DAY FOLLOWING ***MINIMUM 100 WATTS OF INCONDESCENT REQUIRED***,2011-08-22,9.0,VIOLATION DISMISSED,08/11/2025,Original,Close,N,2011,2011.0
15728,1238,1021320106,1,M,WEST,502,177,STREET,10033,502 WEST 177 STREET,1283,WASHINGTON HEIGHTS REHAB PHASE IV C,11/30/20,MANHATTAN,32,both,7071651,43314,119268.0,1,1063212.0,502,502,504,WEST 177 STREET,C,2007-12-22,2007-12-23,01/06/2008,01/01/2008,,,,510.0,3176091.0,"§ 27-2005 ADM CODE & 309 M/D LAW ABATE THE NUISANCE CONSISTING OF CASCADING LEAK AT CEILING IN THE BATHROOM LOCATED AT APT 3B, 3rd STORY, 1st APARTMENT FROM WEST AT NORTH",2007-12-26,19.0,VIOLATION CLOSED,04/05/2024,Original,Close,N,2007,2007.0
15729,1238,1021320106,1,M,WEST,502,177,STREET,10033,502 WEST 177 STREET,1283,WASHINGTON HEIGHTS REHAB PHASE IV C,11/30/20,MANHATTAN,32,both,7071663,43314,119268.0,1,1063212.0,502,502,504,WEST 177 STREET,B,2007-12-22,2007-12-23,02/13/2008,01/30/2008,,,,508.0,3176090.0,"§ 27-2005 ADM CODE REPAIR THE BROKEN OR DEFECTIVE PLASTERED SURFACES AND PAINT IN A UNIFORM COLOR CEILING AND EAST WALL IN THE BATHROOM LOCATED AT APT 3B, 3rd STORY, 1st APARTMENT FROM WEST AT NORTH",2007-12-26,19.0,VIOLATION CLOSED,04/05/2024,Original,Close,N,2007,2007.0
15730,1238,1021320106,1,M,WEST,502,177,STREET,10033,502 WEST 177 STREET,1283,WASHINGTON HEIGHTS REHAB PHASE IV C,11/30/20,MANHATTAN,32,both,7071669,43314,119268.0,1,1063212.0,502,502,504,WEST 177 STREET,B,2007-12-22,2007-12-23,02/13/2008,01/30/2008,,,,508.0,3176090.0,"§ 27-2005 ADM CODE REPAIR THE BROKEN OR DEFECTIVE PLASTERED SURFACES AND PAINT IN A UNIFORM COLOR AT CEILING IN THE PRIVATE HALLWAY LOCATED AT APT 3B, 3rd STORY, 1st APARTMENT FROM WEST AT NORTH",2007-12-26,19.0,VIOLATION CLOSED,04/05/2024,Original,Close,N,2007,2007.0
15752,1240,1021320082,3,M,WEST,510,176,STREET,10033,510 WEST 176 STREET,1285,WASHINGTON HEIGHTS REHAV PHASE IV (D),11/30/20,MANHATTAN,32,both,6183138,43299,144846.0,1,1063202.0,510,510,510,WEST 176 STREET,C,2006-05-30,2006-06-14,07/01/2006,06/26/2006,,,,514.0,2692081.0,"§ 27-2005 ADM CODE FIRE ESCAPE DEFECTIVE. PROPERLY SECURE 8TH TREAD FROM BOTTOM AT NORTH 1 STACK AT FIRE ESCAPE, 3rd STORY",2006-06-15,19.0,VIOLATION CLOSED,04/07/2023,Original,Close,Y,2006,2006.0
15753,1240,1021320082,3,M,WEST,510,176,STREET,10033,510 WEST 176 STREET,1285,WASHINGTON HEIGHTS REHAV PHASE IV (D),11/30/20,MANHATTAN,32,both,6183139,43299,144846.0,1,1063202.0,510,510,510,WEST 176 STREET,B,2006-05-30,2006-06-14,08/08/2006,07/25/2006,,,,502.0,2692080.0,"§ 27-2005 ADM CODE PROPERLY REPAIR WITH SIMILAR MATERIAL THE BROKEN OR DEFECTIVE BROKEN WOOD FLOOR( FOYER) IN THE ENTRANCE LOCATED AT APT 3B, 3rd STORY, 2nd APARTMENT FROM SOUTH AT WEST",2006-06-15,19.0,VIOLATION CLOSED,04/07/2023,Original,Close,N,2006,2006.0
15754,1240,1021320082,3,M,WEST,510,176,STREET,10033,510 WEST 176 STREET,1285,WASHINGTON HEIGHTS REHAV PHASE IV (D),11/30/20,MANHATTAN,32,both,6183140,43299,144846.0,1,1063202.0,510,510,510,WEST 176 STREET,B,2006-05-30,2006-06-14,08/08/2006,07/25/2006,,,,501.0,2692080.0,"§ 27-2005 ADM CODE PROPERLY REPAIR THE BROKEN OR DEFECTIVE LOCK ON APT. DOOR IN THE ENTRANCE LOCATED AT APT 3B, 3rd STORY, 2nd APARTMENT FROM SOUTH AT WEST",2006-06-15,19.0,VIOLATION CLOSED,04/07/2023,Original,Close,N,2006,2006.0
15755,1240,1021320082,3,M,WEST,510,176,STREET,10033,510 WEST 176 STREET,1285,WASHINGTON HEIGHTS REHAV PHASE IV (D),11/30/20,MANHATTAN,32,both,6183141,43299,144846.0,1,1063202.0,510,510,510,WEST 176 STREET,B,2006-05-30,2006-06-14,08/08/2006,07/25/2006,,,,649.0,2692080.0,"§ 27-2026 ADM CODE REMOVE ALL OBSTRUCTIONS AND REPAIR ALL DEFECTS IN WATER CLOSET IN THE BATHROOM LOCATED AT APT 3B, 3rd STORY, 2nd APARTMENT FROM SOUTH AT WEST",2006-06-15,19.0,VIOLATION CLOSED,04/07/2023,Original,Close,Y,2006,2006.0
15756,1240,1021320082,3,M,WEST,510,176,STREET,10033,510 WEST 176 STREET,1285,WASHINGTON HEIGHTS REHAV PHASE IV (D),11/30/20,MANHATTAN,32,both,6183142,43299,144846.0,1,1063202.0,510,510,510,WEST 176 STREET,B,2006-05-30,2006-06-14,08/08/2006,07/25/2006,,,,566.0,2692080.0,"§ 27-2018 ADM CODE ABATE THE NUISANCE CONSISTING OF VERMIN MICE IN THE ENTIRE APARTMENT LOCATED AT APT 3B, 3rd STORY, 2nd APARTMENT FROM SOUTH AT WEST",2006-06-15,19.0,VIOLATION CLOSED,04/07/2023,Original,Close,N,2006,2006.0
15757,1240,1021320082,3,M,WEST,510,176,STREET,10033,510 WEST 176 STREET,1285,WASHINGTON HEIGHTS REHAV PHASE IV (D),11/30/20,MANHATTAN,32,both,6183143,43299,144846.0,1,1063202.0,510,510,510,WEST 176 STREET,A,2006-05-30,2006-06-14,10/07/2006,09/23/2006,,,,508.0,2692079.0,"§ 27-2005 ADM CODE REPAIR THE BROKEN OR DEFECTIVE PLASTERED SURFACES AND PAINT IN A UNIFORM COLOR WALLS AND CEILINGS IN THE ENTIRE APARTMENT LOCATED AT APT 3B, 3rd STORY, 2nd APARTMENT FROM SOUTH AT WEST",2006-06-15,19.0,VIOLATION CLOSED,04/07/2023,Original,Close,N,2006,2006.0
15758,1240,1021320082,3,M,WEST,510,176,STREET,10033,510 WEST 176 STREET,1285,WASHINGTON HEIGHTS REHAV PHASE IV (D),11/30/20,MANHATTAN,32,both,6183144,43299,144846.0,1,1063202.0,510,510,510,WEST 176 STREET,B,2006-05-30,2006-06-14,08/08/2006,07/25/2006,,,,509.0,2692080.0,"§ 27-2005 ADM CODE PROPERLY SECURE THE LOOSE CLOSET DOORS IN THE ENTIRE APARTMENT LOCATED AT APT 3B, 3rd STORY, 2nd APARTMENT FROM SOUTH AT WEST",2006-06-15,19.0,VIOLATION CLOSED,04/07/2023,Original,Close,N,2006,2006.0
15764,1241,1021320080,4,M,WEST,514,176,STREET,10033,514 WEST 176 STREET,1286,WASHINGTON HEIGHTS REHAV PHASE IV (D),11/30/20,MANHATTAN,32,both,7441028,43300,127231.0,1,1063201.0,514,514,514,WEST 176 STREET,B,2008-08-25,2008-08-26,10/15/2008,10/01/2008,,,,686.0,3450905.0,§ 27-2040 ADM CODE PROVIDE ADEQUATE LIGHTING AT OR NEAR THE OUTSIDE OF THE FRONT ENTRANCEWAY OF THE BUILDING AND KEEP SAME BURNING FROM SUNSET EVERY DAY TO SUNRISE ON THE DAY FOLLOWING 100 WATTS REQUIRED IGHTS NOT ON.,2008-08-27,9.0,VIOLATION DISMISSED,04/07/2023,Original,Close,N,2008,2008.0
15767,1241,1021320080,4,M,WEST,514,176,STREET,10033,514 WEST 176 STREET,1286,WASHINGTON HEIGHTS REHAV PHASE IV (D),11/30/20,MANHATTAN,32,both,9649944,43300,127231.0,1,1063201.0,514,514,514,WEST 176 STREET,B,2012-11-22,2012-11-27,01/16/2013,01/02/2013,,,,686.0,4525119.0,§ 27-2040 ADM CODE PROVIDE ADEQUATE LIGHTING AT OR NEAR THE OUTSIDE OF THE FRONT ENTRANCEWAY OF THE BUILDING AND KEEP SAME BURNING FROM SUNSET EVERY DAY TO SUNRISE ON THE DAY FOLLOWING 100 WATTS MINIMUM REQUIRED,2012-11-28,9.0,VIOLATION DISMISSED,04/07/2023,Original,Close,N,2012,2012.0
15799,1254,3013410012,2,M,,1660,PACIFIC,STREET,11213,1660 PACIFIC STREET,1294,WEEKSVILLE GARDENS,2/12/20,BROOKLYN,257,both,12107060,975794,386925.0,3,3341635.0,1660,1660,1660,PACIFIC STREET,B,2017-11-28,2017-11-29,01/18/2018,01/04/2018,,,,508.0,5934883.0,"§ 27-2005 ADM CODE REPAIR THE BROKEN OR DEFECTIVE PLASTERED SURFACES AND PAINT IN A UNIFORM COLOR THE NORTH WALL IN THE KITCHEN LOCATED AT APT 2C, 2nd STORY, 2nd APARTMENT FROM EAST AT SOUTH",2017-11-30,22.0,FIRST NO ACCESS TO RE- INSPECT VIOLATION,11/30/2023,Original,Open,N,2017,2017.0
15800,1254,3013410012,2,M,,1660,PACIFIC,STREET,11213,1660 PACIFIC STREET,1294,WEEKSVILLE GARDENS,2/12/20,BROOKLYN,257,both,12107058,975794,386925.0,3,3341635.0,1660,1660,1660,PACIFIC STREET,B,2017-11-28,2017-11-29,01/18/2018,01/04/2018,,,,688.0,5934883.0,"§ 27-2037, 2038 HMC: PROVIDE A SAFE AND ADEQUATE SUPPLY OF ELECTRIC SERVICE TO THE FIXTURES AT ELECTRIC LIGHT SWITCH AT NORTH WALL IN THE KITCHEN LOCATED AT APT 2C, 2nd STORY, 2nd APARTMENT FROM EAST AT SOUTH",2017-11-30,22.0,FIRST NO ACCESS TO RE- INSPECT VIOLATION,11/30/2023,Original,Open,N,2017,2017.0
15802,1254,3013410012,2,M,,1660,PACIFIC,STREET,11213,1660 PACIFIC STREET,1294,WEEKSVILLE GARDENS,2/12/20,BROOKLYN,257,both,12107057,975794,386925.0,3,3341635.0,1660,1660,1660,PACIFIC STREET,A,2017-11-28,2017-11-29,03/19/2018,03/05/2018,,,,500.0,5934882.0,"§ 26-1103 ADMIN. CODE: POST AND MAINTAIN A PROPER NOTICE ON WALL OF THE ENTRANCE STORY IN ENGLISH AND SPANISH ON THE AVAILABILITY OF THE AGENCYS HOUSING INFORMATION GUIDE. A SAMPLE NOTICE CAN BE FOUND AT WWW.NYC.GOV/HPD. AT PUBLIC HALL, 1st STORY",2017-11-30,19.0,VIOLATION CLOSED,11/24/2023,Original,Close,N,2017,2017.0
15803,1254,3013410012,2,M,,1660,PACIFIC,STREET,11213,1660 PACIFIC STREET,1294,WEEKSVILLE GARDENS,2/12/20,BROOKLYN,257,both,12107059,975794,386925.0,3,3341635.0,1660,1660,1660,PACIFIC STREET,B,2017-11-28,2017-11-29,01/18/2018,01/04/2018,,,,583.0,5934883.0,"§ 27-2026, 2027 HMC: PROPERLY REPAIR THE SOURCE AND ABATE THE EVIDENCE OF A WATER LEAK AT IN THE KITCHEN LOCATED AT APT 2C, 2nd STORY, 2nd APARTMENT FROM EAST AT SOUTH",2017-11-30,22.0,FIRST NO ACCESS TO RE- INSPECT VIOLATION,11/30/2023,Original,Open,N,2017,2017.0
15804,1254,3013410012,2,M,,1660,PACIFIC,STREET,11213,1660 PACIFIC STREET,1294,WEEKSVILLE GARDENS,2/12/20,BROOKLYN,257,both,12107061,975794,386925.0,3,3341635.0,1660,1660,1660,PACIFIC STREET,B,2017-11-28,2017-11-29,01/18/2018,01/04/2018,,,,508.0,5934883.0,"§ 27-2005 ADM CODE REPAIR THE BROKEN OR DEFECTIVE PLASTERED SURFACES AND PAINT IN A UNIFORM COLOR THE CEILING IN THE KITCHEN LOCATED AT APT 2C, 2nd STORY, 2nd APARTMENT FROM EAST AT SOUTH",2017-11-30,22.0,FIRST NO ACCESS TO RE- INSPECT VIOLATION,11/30/2023,Original,Open,N,2017,2017.0
15805,1254,3013410012,2,M,,1660,PACIFIC,STREET,11213,1660 PACIFIC STREET,1294,WEEKSVILLE GARDENS,2/12/20,BROOKLYN,257,both,12109753,975794,386925.0,3,3341635.0,1660,1660,1660,PACIFIC STREET,A,2017-11-28,2017-11-29,03/19/2018,03/05/2018,,,,556.0,5934882.0,"§ 27-2013 ADM CODE PAINT WITH LIGHT COLORED PAINT TO THE SATISFACTION OF THIS DEPARTMENT ALL PEELING PAINT SURFACES IN THE 5th ROOM FROM EAST, THE 2nd ROOM FROM EAST, THE KITCHEN LOCATED AT APT 2C, 2nd STORY, 2nd APARTMENT FROM EAST AT SOUTH",2017-11-30,22.0,FIRST NO ACCESS TO RE- INSPECT VIOLATION,11/30/2023,Original,Open,N,2017,2017.0
15810,1254,3013410012,2,M,,1660,PACIFIC,STREET,11213,1660 PACIFIC STREET,1294,WEEKSVILLE GARDENS,2/12/20,BROOKLYN,257,both,12107056,975794,386925.0,3,3341635.0,1660,1660,1660,PACIFIC STREET,A,2017-11-28,2017-11-29,03/19/2018,03/05/2018,,,,1506.0,5934882.0,"§ 27-2005 HMC: POST, IN A FORM APPROVED BY THE COMMISSIONER, AND MAINTAIN A NOTICE IN A COMMON AREA OF THE BUILDING REGARDING THE PROCEDURES THAT SHOULD BE FOLLOWED WHEN A GAS LEAK IS SUSPECTED AT PUBLIC HALL, 1st STORY",2017-11-30,19.0,VIOLATION CLOSED,11/24/2023,Original,Close,N,2017,2017.0
16155,1295,3030240001,1,M,,87,TEN EYCK,WALK,11206,87 TEN EYCK WALK,1340,WILLIAMSBURG,12/28/21,BROOKLYN,1621,both,3314513,809674,389846.0,3,3327883.0,87,87,95,TEN EYCK WALK,B,1976-05-06,1976-05-06,07/29/1976,07/22/1976,,,,530.0,1379608.0,"D26-10.01, 10.05 ADM CODE ARRANGE AND MAKE SELF-CLOSING THE DOORS INCINERATOR DOOR 2 STY PUBLIC HALL BLDG 91.",1976-05-27,19.0,VIOLATION CLOSED,11/16/2022,Original,Close,N,1976,1976.0
16159,1295,3030240001,1,M,,87,TEN EYCK,WALK,11206,87 TEN EYCK WALK,1340,WILLIAMSBURG,12/28/21,BROOKLYN,1621,both,3314523,809674,389846.0,3,3327883.0,87,87,95,TEN EYCK WALK,B,1976-05-06,1976-05-06,07/29/1976,07/22/1976,,,,502.0,1379608.0,D26-10.01 ADM CODE PROPERLY REPAIR WITH SIMILAR MATERIAL THE BROKEN OR DEFECTIVE CEILING BULKHEAD TO ROOF BLDG 95.,1976-05-27,19.0,VIOLATION CLOSED,05/23/2022,Original,Close,N,1976,1976.0
16198,1295,3030240001,1,M,,87,TEN EYCK,WALK,11206,87 TEN EYCK WALK,1340,WILLIAMSBURG,12/28/21,BROOKLYN,1621,both,3314512,809674,389846.0,3,3327883.0,87,87,95,TEN EYCK WALK,B,1976-05-06,1976-05-06,07/29/1976,07/22/1976,,,,530.0,1379608.0,"D26-10.01, 10.05 ADM CODE ARRANGE AND MAKE SELF-CLOSING THE DOORS INCINERATOR DOOR 2 STY PUBLIC HALL BLDG 89.",1976-05-27,19.0,VIOLATION CLOSED,11/16/2022,Original,Close,N,1976,1976.0
16199,1295,3030240001,1,M,,87,TEN EYCK,WALK,11206,87 TEN EYCK WALK,1340,WILLIAMSBURG,12/28/21,BROOKLYN,1621,both,3314514,809674,389846.0,3,3327883.0,87,87,95,TEN EYCK WALK,B,1976-05-06,1976-05-06,07/29/1976,07/22/1976,,,,530.0,1379608.0,"D26-10.01, 10.05 ADM CODE ARRANGE AND MAKE SELF-CLOSING THE DOORS INCINERATOR DOOR 2 STY PUBLIC HALL BLDG 95.",1976-05-27,19.0,VIOLATION CLOSED,11/16/2022,Original,Close,N,1976,1976.0
16200,1295,3030240001,1,M,,87,TEN EYCK,WALK,11206,87 TEN EYCK WALK,1340,WILLIAMSBURG,12/28/21,BROOKLYN,1621,both,3314515,809674,389846.0,3,3327883.0,87,87,95,TEN EYCK WALK,B,1976-05-06,1976-05-06,07/29/1976,07/22/1976,,,,552.0,1379608.0,"D26-11.01, 11.03, 11.05 ADM CODE REMOVE THE ACCUMULATION OF REFUSE AND/OR RUBBISH AND MAINTAIN IN A CLEAN CONDITION THE AT STAIR 1 STY PUBLIC HALL TO CELLAR BLDG 91.",1976-05-27,19.0,VIOLATION CLOSED,05/23/2022,Original,Close,N,1976,1976.0
16201,1295,3030240001,1,M,,87,TEN EYCK,WALK,11206,87 TEN EYCK WALK,1340,WILLIAMSBURG,12/28/21,BROOKLYN,1621,both,3314516,809674,389846.0,3,3327883.0,87,87,95,TEN EYCK WALK,A,1976-05-06,1976-05-06,12/08/2006,11/24/2006,,,,529.0,2781316.0,D26-10.01 ADM CODE REFIT DOOR BULKHEAD TO ROOF BLDG 91.,2006-07-28,19.0,VIOLATION CLOSED,05/23/2022,Reissued,Close,N,1976,2006.0
16202,1295,3030240001,1,M,,87,TEN EYCK,WALK,11206,87 TEN EYCK WALK,1340,WILLIAMSBURG,12/28/21,BROOKLYN,1621,both,3314517,809674,389846.0,3,3327883.0,87,87,95,TEN EYCK WALK,A,1976-05-06,1976-05-06,12/08/2006,11/24/2006,,,,652.0,2781316.0,D26-16.03 ADM CODE REPAIR THE BROKEN OR DEFECTIVE RAIN LEADER BULKHEAD TO ROOF BLDG 91.,2006-07-28,19.0,VIOLATION CLOSED,05/23/2022,Reissued,Close,N,1976,2006.0
16203,1295,3030240001,1,M,,87,TEN EYCK,WALK,11206,87 TEN EYCK WALK,1340,WILLIAMSBURG,12/28/21,BROOKLYN,1621,both,3314518,809674,389846.0,3,3327883.0,87,87,95,TEN EYCK WALK,A,1976-05-06,1976-05-06,12/08/2006,11/24/2006,,,,654.0,2781316.0,D26-16.03 ADM CODE REPAIR THE BROKEN OR DEFECTIVE GUTTER BULKHEAD TO ROOF BLDG 91.,2006-07-28,19.0,VIOLATION CLOSED,05/23/2022,Reissued,Close,N,1976,2006.0
16204,1295,3030240001,1,M,,87,TEN EYCK,WALK,11206,87 TEN EYCK WALK,1340,WILLIAMSBURG,12/28/21,BROOKLYN,1621,both,3314519,809674,389846.0,3,3327883.0,87,87,95,TEN EYCK WALK,A,1976-05-06,1976-05-06,12/08/2006,11/24/2006,,,,505.0,2781316.0,D26-10.01 ADM CODE REPLACE WITH NEW THE BROKEN OR DEFECTIVE GLASS PUBLIC HALL STAIR WINDOW 2 TO 3 STY PUBLIC HALL.,2006-07-28,19.0,VIOLATION CLOSED,05/23/2022,Reissued,Close,N,1976,2006.0
16205,1295,3030240001,1,M,,87,TEN EYCK,WALK,11206,87 TEN EYCK WALK,1340,WILLIAMSBURG,12/28/21,BROOKLYN,1621,both,3314522,809674,389846.0,3,3327883.0,87,87,95,TEN EYCK WALK,B,1976-05-06,1976-05-06,07/29/1976,07/22/1976,,,,505.0,1379608.0,D26-10.01 ADM CODE REPLACE WITH NEW THE BROKEN OR DEFECTIVE RRFLUE AT CHIMNEY BULKHEAD TO ROOF BLDG.,1976-05-27,19.0,VIOLATION CLOSED,05/23/2022,Original,Close,N,1976,1976.0
16206,1295,3030240001,1,M,,87,TEN EYCK,WALK,11206,87 TEN EYCK WALK,1340,WILLIAMSBURG,12/28/21,BROOKLYN,1621,both,3314524,809674,389846.0,3,3327883.0,87,87,95,TEN EYCK WALK,A,1976-05-06,1976-05-06,12/08/2006,11/24/2006,,,,556.0,2781316.0,D26-12.01 ADM CODE PAINT WITH LIGHT COLORED PAINT TO THE SATISFACTION OF THIS DEPARTMENT WALLS AND CEILINGS 4 STY APT 8 THROUGHOUT R1. LOCATED AT APT 8,2006-07-28,9.0,VIOLATION DISMISSED,05/23/2022,Reissued,Close,N,1976,2006.0
16214,1295,3030240001,1,M,,87,TEN EYCK,WALK,11206,87 TEN EYCK WALK,1340,WILLIAMSBURG,12/28/21,BROOKLYN,1621,both,3314520,809674,389846.0,3,3327883.0,87,87,95,TEN EYCK WALK,B,1976-05-06,1976-05-06,07/29/1976,07/22/1976,,,,506.0,1379608.0,D26-10.01 ADM CODE REPLACE WITH NEW THE MISSING IRON WINDOW SASH 3 TO 4 STY PUBLIC HALL STAIRS.,1976-05-27,19.0,VIOLATION CLOSED,05/23/2022,Original,Close,N,1976,1976.0
16224,1295,3030240001,1,M,,87,TEN EYCK,WALK,11206,87 TEN EYCK WALK,1340,WILLIAMSBURG,12/28/21,BROOKLYN,1621,both,3314521,809674,389846.0,3,3327883.0,87,87,95,TEN EYCK WALK,A,1976-05-06,1976-05-06,12/08/2006,11/24/2006,,,,652.0,2781316.0,D26-16.03 ADM CODE REPAIR THE BROKEN OR DEFECTIVE RAIN LEADER BULKHEAD TO ROOF BLDG 95.,2006-07-28,19.0,VIOLATION CLOSED,05/23/2022,Reissued,Close,N,1976,2006.0
16374,1395,3030270001,20,M,,215,SCHOLES,STREET,11206,215 SCHOLES STREET,1393,WILLIAMSBURG,12/28/21,BROOKLYN,1621,both,5367731,809371,389870.0,3,3344998.0,215,215,219,SCHOLES STREET,B,2005-02-22,2005-02-23,04/19/2005,04/05/2005,,,,566.0,2351189.0,"§ 27-2018 ADM CODE ABATE THE NUISANCE CONSISTING OF VERMIN ROACHES IN THE ENTIRE APARTMENT LOCATED AT APT 2C, 2nd STORY, 1st APARTMENT FROM WEST AT NORTH",2005-02-24,19.0,VIOLATION CLOSED,04/09/2023,Original,Close,N,2005,2005.0
16375,1395,3030270001,20,M,,215,SCHOLES,STREET,11206,215 SCHOLES STREET,1393,WILLIAMSBURG,12/28/21,BROOKLYN,1621,both,5367732,809371,389870.0,3,3344998.0,215,215,219,SCHOLES STREET,A,2005-02-22,2005-02-23,06/18/2005,06/04/2005,,,,505.0,2351188.0,"§ 27-2005 ADM CODE REPLACE WITH NEW THE BROKEN OR DEFECTIVE THE GASKET OF REFRIGERATOR IN THE KITCHEN LOCATED AT APT 2C, 2nd STORY",2005-02-24,19.0,VIOLATION CLOSED,04/09/2023,Original,Close,N,2005,2005.0
