development_name,borough,total_units,transferred_date,address,street_number,street_name,full_address,violationid,buildingid,registrationid,boroid,housenumber,lowhousenumber,highhousenumber,streetname,class,inspectiondate,approveddate,originalcertifybydate,originalcorrectbydate,newcertifybydate,newcorrectbydate,certifieddate,ordernumber,novid,novdescription,novissueddate,currentstatusid,currentstatus,currentstatusdate,novtype,violationstatus,rentimpairing,inspectiondate_year,novissued_year
BOSTON ROAD PLAZA,BRONX,235,9/26/24,2440 BOSTON ROAD,2440.0,BOSTON ROAD,2440 BOSTON ROAD,17634265,50509,229057.0,2,2440,2430,2456,BOSTON ROAD,B,2025-01-16,2025-01-17,03/11/2025,02/25/2025,,,03/11/2025,593.0,9586886.0,"§ 27-2026 ADM CODE REPAIR THE FLUSHING APPARATUS AND MAINTAIN SAME SO AS TO FLUSH EFFECTIVELY THE WATER CLOSET ... IN THE BATHROOM LOCATED AT APT 4H, 4th STORY, 1st APARTMENT FROM SOUTH AT WEST",2025-01-21,9.0,VIOLATION DISMISSED,05/22/2025,Original,Close,Y,2025,2025.0
BOSTON ROAD PLAZA,BRONX,235,9/26/24,2440 BOSTON ROAD,2440.0,BOSTON ROAD,2440 BOSTON ROAD,17496177,50509,229057.0,2,2440,2430,2456,BOSTON ROAD,C,2024-12-02,2024-12-02,12/22/2024,12/17/2024,,,,530.0,9496405.0,"§ 27-2005, 27-2007, 27-2041.1 HMC, §238, § 309; § 107 (2) ( C) MDL AND 28 RCNY §25-171: REPLACE OR REPAIR THE SELF-CLOSING DOORS THAT IS MISSING OR DEFECTIVE HINGES IN THE ENTRANCE LOCATED AT APT 15D, 15th STORY, 1st APARTMENT FROM SOUTH AT WEST",2024-12-03,19.0,VIOLATION CLOSED,02/22/2025,Original,Close,N,2024,2024.0
BOSTON ROAD PLAZA,BRONX,235,9/26/24,2440 BOSTON ROAD,2440.0,BOSTON ROAD,2440 BOSTON ROAD,17496178,50509,229057.0,2,2440,2430,2456,BOSTON ROAD,A,2024-12-02,2024-12-02,03/22/2025,03/08/2025,,,03/21/2025,484.0,9496400.0,"§ 329, M/D LAW AND DEPT. RULES AND REGS. PROVIDE A COMPLETED CERTIFICATE OF INSPECTION VISITS IN A PROPER FRAME AT OR NEAR MAILBOXES, BOTTOM EDGE OF FRAME BETWEEN 48-62 INCHES ABOVE FLOOR THAT IS MISSING AT PUBLIC HALL",2024-12-03,9.0,VIOLATION DISMISSED,06/02/2025,Original,Close,N,2024,2024.0
BOSTON ROAD PLAZA,BRONX,235,9/26/24,2440 BOSTON ROAD,2440.0,BOSTON ROAD,2440 BOSTON ROAD,17422998,50509,229057.0,2,2440,2430,2456,BOSTON ROAD,C,2024-11-16,2024-11-15,12/01/2024,11/24/2024,,,11/26/2024,671.0,9430554.0,"§ 27-2033 ADM CODE POST NOTICE, IN FORM APPROVED BY THE DEPARTMENT, STATING THE NAME AND LOCATION OF THE PERSON DESIGNATED BY THE OWNER TO HAVE KEY TO BUILDINGS HEATING SYSTEM MISSING SIGN",2024-11-18,9.0,VIOLATION DISMISSED,02/06/2025,Original,Close,N,2024,2024.0
BOSTON ROAD PLAZA,BRONX,235,9/26/24,2440 BOSTON ROAD,2440.0,BOSTON ROAD,2440 BOSTON ROAD,17624537,50509,229057.0,2,2440,2430,2456,BOSTON ROAD,C,2025-01-15,2025-01-15,01/28/2025,01/16/2025,,,01/27/2025,666.0,9581774.0,"§ 27-2029 ADM CODE PROVIDE AN ADEQUATE SUPPLY OF HEAT FOR THE APARTMENT IN THE ENTIRE APARTMENT LOCATED AT APT 4L , 4th STORY, 2nd APARTMENT FROM NORTH AT EAST",2025-01-16,9.0,VIOLATION DISMISSED,04/09/2025,Original,Close,Y,2025,2025.0
BOSTON ROAD PLAZA,BRONX,235,9/26/24,2440 BOSTON ROAD,2440.0,BOSTON ROAD,2440 BOSTON ROAD,17628045,50509,229057.0,2,2440,2430,2456,BOSTON ROAD,C,2025-01-16,2025-01-16,01/30/2025,01/23/2025,,,01/27/2025,672.0,9584434.0,§ 27-2033 ADM CODE PROVIDE READY ACCESS TO BUILDINGS HEATING SYSTEM LOCKED DOOR AT BOILER ROOM,2025-01-17,9.0,VIOLATION DISMISSED,04/09/2025,Original,Close,N,2025,2025.0
BOSTON ROAD PLAZA,BRONX,235,9/26/24,2440 BOSTON ROAD,2440.0,BOSTON ROAD,2440 BOSTON ROAD,17624536,50509,229057.0,2,2440,2430,2456,BOSTON ROAD,C,2025-01-15,2025-01-15,01/29/2025,01/22/2025,,,01/27/2025,672.0,9582159.0,§ 27-2033 ADM CODE PROVIDE READY ACCESS TO BUILDINGS HEATING SYSTEM DOOR LOCKED AT BOILER ROOM,2025-01-16,9.0,VIOLATION DISMISSED,04/09/2025,Original,Close,N,2025,2025.0
BOSTON ROAD PLAZA,BRONX,235,9/26/24,2440 BOSTON ROAD,2440.0,BOSTON ROAD,2440 BOSTON ROAD,17529998,50509,229057.0,2,2440,2430,2456,BOSTON ROAD,C,2024-12-06,2024-12-06,12/19/2024,12/07/2024,,,12/13/2024,666.0,9524921.0,"§ 27-2029 ADM CODE PROVIDE AN ADEQUATE SUPPLY OF HEAT FOR THE APARTMENT IN THE ENTIRE APARTMENT LOCATED AT APT 18D, 18th STORY, 1st APARTMENT FROM SOUTH AT WEST , SECTION ''SOUTH''",2024-12-09,9.0,VIOLATION DISMISSED,02/19/2025,Original,Close,Y,2024,2024.0
BOSTON ROAD PLAZA,BRONX,235,9/26/24,2440 BOSTON ROAD,2440.0,BOSTON ROAD,2440 BOSTON ROAD,17530000,50509,229057.0,2,2440,2430,2456,BOSTON ROAD,C,2024-12-06,2024-12-06,12/19/2024,12/07/2024,,,12/13/2024,666.0,9524921.0,"§ 27-2029 ADM CODE PROVIDE AN ADEQUATE SUPPLY OF HEAT FOR THE APARTMENT IN THE ENTIRE APARTMENT LOCATED AT APT 17D, 17th STORY, 1st APARTMENT FROM SOUTH AT WEST",2024-12-09,9.0,VIOLATION DISMISSED,02/24/2025,Original,Close,Y,2024,2024.0
BOSTON ROAD PLAZA,BRONX,235,9/26/24,2440 BOSTON ROAD,2440.0,BOSTON ROAD,2440 BOSTON ROAD,17633893,50509,229057.0,2,2440,2430,2456,BOSTON ROAD,B,2025-01-16,2025-01-17,03/11/2025,02/25/2025,,,03/11/2025,508.0,9586887.0,"§ 27-2005 ADM CODE REPAIR THE BROKEN OR DEFECTIVE PLASTERED SURFACES AND PAINT IN A UNIFORM COLOR AT CEILING IN THE BATHROOM LOCATED AT APT 2H, 2nd STORY, 1st APARTMENT FROM SOUTH AT WEST",2025-01-21,9.0,VIOLATION DISMISSED,05/22/2025,Original,Close,N,2025,2025.0
BOSTON ROAD PLAZA,BRONX,235,9/26/24,2440 BOSTON ROAD,2440.0,BOSTON ROAD,2440 BOSTON ROAD,18221489,50509,229057.0,2,2440,2430,2456,BOSTON ROAD,A,2025-09-05,2025-09-08,12/27/2025,12/13/2025,,,,556.0,9984295.0,"§ 27-2013 ADM CODE PAINT WITH LIGHT COLORED PAINT TO THE SATISFACTION OF THIS DEPARTMENT AT CEILING 1ST STORY PUBLIC HALL , 1st STORY",2025-09-09,2.0,NOV SENT OUT,09/09/2025,Original,Open,N,2025,2025.0
BOSTON ROAD PLAZA,BRONX,235,9/26/24,2440 BOSTON ROAD,2440.0,BOSTON ROAD,2440 BOSTON ROAD,18221488,50509,229057.0,2,2440,2430,2456,BOSTON ROAD,B,2025-09-05,2025-09-08,10/28/2025,10/14/2025,,,,502.0,9984296.0,"§ 27-2005 ADM CODE PROPERLY REPAIR WITH SIMILAR MATERIAL THE BROKEN OR DEFECTIVE FIRE RETARDANT MATERIAL AT CEILING 1ST PUBLIC HALL , 1st STORY",2025-09-09,2.0,NOV SENT OUT,09/09/2025,Original,Open,N,2025,2025.0
BOSTON ROAD PLAZA,BRONX,235,9/26/24,2440 BOSTON ROAD,2440.0,BOSTON ROAD,2440 BOSTON ROAD,17422988,50509,229057.0,2,2440,2430,2456,BOSTON ROAD,C,2024-11-15,2024-11-15,11/28/2024,11/16/2024,,,11/26/2024,670.0,9430005.0,"§ 27-2031 ADM CODE PROVIDE HOT WATER AT ALL HOT WATER FIXTURES IN THE ENTIRE APARTMENT LOCATED AT APT 20K, 20th STORY, 1st APARTMENT FROM NORTH AT EAST",2024-11-18,9.0,VIOLATION DISMISSED,02/06/2025,Original,Close,Y,2024,2024.0
BOSTON ROAD PLAZA,BRONX,235,9/26/24,2440 BOSTON ROAD,2440.0,BOSTON ROAD,2440 BOSTON ROAD,17422989,50509,229057.0,2,2440,2430,2456,BOSTON ROAD,C,2024-11-15,2024-11-15,12/07/2024,12/02/2024,,,12/06/2024,530.0,9430555.0,"§ 27-2005, 27-2007, 27-2041.1 HMC, §238, § 309; § 107 (2) ( C) MDL AND 28 RCNY §25-171: REPLACE OR REPAIR THE SELF-CLOSING DOORS THAT IS MISSING OR DEFECTIVE HINGES AT DOOR IN THE ENTRANCE LOCATED AT APT 20K, 20th STORY, 1st APARTMENT FROM NORTH AT EAST",2024-11-18,19.0,VIOLATION CLOSED,12/18/2024,Original,Close,N,2024,2024.0
BOSTON ROAD PLAZA,BRONX,235,9/26/24,2440 BOSTON ROAD,2440.0,BOSTON ROAD,2440 BOSTON ROAD,17422990,50509,229057.0,2,2440,2430,2456,BOSTON ROAD,C,2024-11-16,2024-11-15,12/07/2024,12/02/2024,,,12/06/2024,530.0,9430556.0,"§ 27-2005, 27-2007, 27-2041.1 HMC, §238, § 309; § 107 (2) ( C) MDL AND 28 RCNY §25-171: REPLACE OR REPAIR THE SELF-CLOSING DOORS THAT IS MISSING OR DEFECTIVE LATCH SET AT FIRE-STAIRS DOOR ''''A'''' 20TH STORY",2024-11-18,19.0,VIOLATION CLOSED,12/18/2024,Original,Close,N,2024,2024.0
BOSTON ROAD PLAZA,BRONX,235,9/26/24,2440 BOSTON ROAD,2440.0,BOSTON ROAD,2440 BOSTON ROAD,17422992,50509,229057.0,2,2440,2430,2456,BOSTON ROAD,C,2024-11-16,2024-11-15,12/07/2024,12/02/2024,,,12/06/2024,530.0,9430556.0,"§ 27-2005, 27-2007, 27-2041.1 HMC, §238, § 309; § 107 (2) ( C) MDL AND 28 RCNY §25-171: REPLACE OR REPAIR THE SELF-CLOSING DOORS THAT IS MISSING OR DEFECTIVE LATCH SET AT FIRE-STAIRS DOOR ''''B'''' 20TH STORY",2024-11-18,19.0,VIOLATION CLOSED,12/24/2024,Original,Close,N,2024,2024.0
BOSTON ROAD PLAZA,BRONX,235,9/26/24,2440 BOSTON ROAD,2440.0,BOSTON ROAD,2440 BOSTON ROAD,17422996,50509,229057.0,2,2440,2430,2456,BOSTON ROAD,C,2024-11-16,2024-11-15,12/01/2024,11/24/2024,,,11/27/2024,502.0,9430554.0,§ 27-2005 ADM CODE PROPERLY REPAIR WITH SIMILAR MATERIAL THE BROKEN OR DEFECTIVE CRACKED LOWER MESH-WIRING GLASS LITE AT PUBLIC HALLWAY WINDOW ( BY UNIT 20K ) AT 20TH STORY ( CUT HAZARD),2024-11-18,9.0,VIOLATION DISMISSED,02/07/2025,Original,Close,N,2024,2024.0
BOSTON ROAD PLAZA,BRONX,235,9/26/24,2440 BOSTON ROAD,2440.0,BOSTON ROAD,2440 BOSTON ROAD,17423001,50509,229057.0,2,2440,2430,2456,BOSTON ROAD,A,2024-11-16,2024-11-15,03/07/2025,02/21/2025,,,03/06/2025,722.0,9430552.0,"§ 27-2053 ADM CODE POST SIGN ON WALL OF ENTRANCE STORY BEARING NAME, ADDRESS INCLUDING APARTMENT NUMBER IF ANY, AND TELEPHONE NUMBER OF SUPERINTENDENT, JANITOR OR HOUSEKEEPER.",2024-11-18,9.0,VIOLATION DISMISSED,05/19/2025,Original,Close,N,2024,2024.0
BOSTON ROAD PLAZA,BRONX,235,9/26/24,2440 BOSTON ROAD,2440.0,BOSTON ROAD,2440 BOSTON ROAD,17496168,50509,229057.0,2,2440,2430,2456,BOSTON ROAD,C,2024-12-02,2024-12-02,12/15/2024,12/03/2024,,,12/12/2024,670.0,9496031.0,"§ 27-2031 ADM CODE PROVIDE HOT WATER AT ALL HOT WATER FIXTURES IN THE ENTIRE APARTMENT LOCATED AT APT 2J, 2nd STORY, 6th APARTMENT FROM WEST AT NORTH",2024-12-03,19.0,VIOLATION CLOSED,12/26/2024,Original,Close,Y,2024,2024.0
BOSTON ROAD PLAZA,BRONX,235,9/26/24,2440 BOSTON ROAD,2440.0,BOSTON ROAD,2440 BOSTON ROAD,17496171,50509,229057.0,2,2440,2430,2456,BOSTON ROAD,B,2024-12-02,2024-12-02,01/21/2025,01/07/2025,,,01/20/2025,509.0,9496402.0,"§ 27-2005 ADM CODE PROPERLY SECURE THE LOOSE ESCUTCHEON PLATE AT THE SHOWERHEAD IN THE BATHROOM LOCATED AT APT 2J, 2nd STORY, 6th APARTMENT FROM WEST AT NORTH",2024-12-03,9.0,VIOLATION DISMISSED,04/02/2025,Original,Close,N,2024,2024.0
BOSTON ROAD PLAZA,BRONX,235,9/26/24,2440 BOSTON ROAD,2440.0,BOSTON ROAD,2440 BOSTON ROAD,17496173,50509,229057.0,2,2440,2430,2456,BOSTON ROAD,C,2024-12-02,2024-12-02,12/15/2024,12/03/2024,,,12/12/2024,666.0,9496031.0,"§ 27-2029 ADM CODE PROVIDE AN ADEQUATE SUPPLY OF HEAT FOR THE APARTMENT IN THE ENTIRE APARTMENT LOCATED AT APT 15D, 15th STORY, 1st APARTMENT FROM SOUTH AT WEST",2024-12-03,9.0,VIOLATION DISMISSED,02/19/2025,Original,Close,Y,2024,2024.0
BOSTON ROAD PLAZA,BRONX,235,9/26/24,2440 BOSTON ROAD,2440.0,BOSTON ROAD,2440 BOSTON ROAD,17496174,50509,229057.0,2,2440,2430,2456,BOSTON ROAD,C,2024-12-02,2024-12-02,12/15/2024,12/03/2024,,,12/12/2024,670.0,9496031.0,"§ 27-2031 ADM CODE PROVIDE HOT WATER AT ALL HOT WATER FIXTURES IN THE ENTIRE APARTMENT LOCATED AT APT 15D, 15th STORY, 1st APARTMENT FROM SOUTH AT WEST",2024-12-03,19.0,VIOLATION CLOSED,12/26/2024,Original,Close,Y,2024,2024.0
BOSTON ROAD PLAZA,BRONX,235,9/26/24,2440 BOSTON ROAD,2440.0,BOSTON ROAD,2440 BOSTON ROAD,17496175,50509,229057.0,2,2440,2430,2456,BOSTON ROAD,C,2024-12-02,2024-12-02,01/03/2025,12/29/2024,,,,568.0,9496404.0,"HMC ADM CODE: § 27-2017.4 ABATE THE INFESTATION CONSISTING OF ROACHES IN THE ENTIRE APARTMENT LOCATED AT APT 15D, 15th STORY, 1st APARTMENT FROM SOUTH AT WEST",2024-12-03,47.0,NOTICE OF ISSUANCE SENT TO TENANT,12/03/2024,Original,Open,N,2024,2024.0
BOSTON ROAD PLAZA,BRONX,235,9/26/24,2440 BOSTON ROAD,2440.0,BOSTON ROAD,2440 BOSTON ROAD,17496176,50509,229057.0,2,2440,2430,2456,BOSTON ROAD,C,2024-12-02,2024-12-02,01/03/2025,12/29/2024,,,,569.0,9496404.0,"HMC ADM CODE: § 27-2017.4 ABATE THE INFESTATION CONSISTING OF MICE IN THE ENTIRE APARTMENT LOCATED AT APT 15D, 15th STORY, 1st APARTMENT FROM SOUTH AT WEST",2024-12-03,47.0,NOTICE OF ISSUANCE SENT TO TENANT,12/03/2024,Original,Open,N,2024,2024.0
BOSTON ROAD PLAZA,BRONX,235,9/26/24,2440 BOSTON ROAD,2440.0,BOSTON ROAD,2440 BOSTON ROAD,17530001,50509,229057.0,2,2440,2430,2456,BOSTON ROAD,C,2024-12-06,2024-12-06,12/22/2024,12/15/2024,,,12/13/2024,1524.0,9525725.0,"§27-2005 (E) HMC: PROVIDE WRITTEN NOTICE TO THE TENANTS AT LEAST TWENTY-FOUR HOURS PRIOR TO ESSENTIAL SERVICE INTERRUPTION BY POSTING A NOTICE IN A PROMINENT PLACE WITHIN THE PUBLIC PART OF THE BUILDING AND ON EACH FLOOR OF SUCH BUILDING, WHERE AN OWNER MUST MAKE A REPAIR THAT MAY RESULT IN AN INTERRUPTION OF ESSENTIAL SERVICES SUCH AS UTILITIES(HEAT, HOT WATER, GAS, ELECTRICITY, OR ELEVATOR) THAT IS EXPECTED TO CONTINUE FOR MORE THAN TWO HOURS. SAMPLE NOTICE AVAILABLE AT WWW.NYC.GOV/HPD OR AS PROVIDED IN THIS NOTICE OF VIOLATION. HEAT",2024-12-09,9.0,VIOLATION DISMISSED,02/24/2025,Original,Close,N,2024,2024.0
BOSTON ROAD PLAZA,BRONX,235,9/26/24,2440 BOSTON ROAD,2440.0,BOSTON ROAD,2440 BOSTON ROAD,17610355,50509,229057.0,2,2440,2430,2456,BOSTON ROAD,C,2025-01-10,2025-01-10,02/01/2025,01/27/2025,,,01/31/2025,530.0,9574978.0,"§ 27-2005, 27-2007, 27-2041.1 HMC, §238, § 309; § 107 (2) ( C) MDL AND 28 RCNY §25-171: REPLACE OR REPAIR THE SELF-CLOSING DOORS THAT IS MISSING OR DEFECTIVE LATCH SET AT BUILDING ENTRANCE DOOR (FROM VESTIBULE TO BASEMENT STORY PUBLIC HALL) AT PUBLIC HALL",2025-01-13,19.0,VIOLATION CLOSED,02/22/2025,Original,Close,N,2025,2025.0
BOSTON ROAD PLAZA,BRONX,235,9/26/24,2440 BOSTON ROAD,2440.0,BOSTON ROAD,2440 BOSTON ROAD,17610356,50509,229057.0,2,2440,2430,2456,BOSTON ROAD,C,2025-01-10,2025-01-10,01/26/2025,01/19/2025,,,01/22/2025,501.0,9574977.0,§ 27-2005 HMC: PROPERLY REPAIR OR REPLACE THE BROKEN OR DEFECTIVE HEAVY DUTY LOCK LATCH AND ASSEMBLY AT BUILDING ENTRANCE DOOR (FROM VESTIBULE TO 1ST STORY PUBLIC HALL) AT PUBLIC HALL,2025-01-13,9.0,VIOLATION DISMISSED,04/04/2025,Original,Close,N,2025,2025.0
BOSTON ROAD PLAZA,BRONX,235,9/26/24,2440 BOSTON ROAD,2440.0,BOSTON ROAD,2440 BOSTON ROAD,17624534,50509,229057.0,2,2440,2430,2456,BOSTON ROAD,C,2025-01-15,2025-01-15,01/28/2025,01/16/2025,,,01/27/2025,670.0,9581774.0,"§ 27-2031 ADM CODE PROVIDE HOT WATER AT ALL HOT WATER FIXTURES IN THE ENTIRE APARTMENT LOCATED AT APT 4H, 4th STORY, 1st APARTMENT FROM SOUTH AT WEST",2025-01-16,9.0,VIOLATION DISMISSED,04/09/2025,Original,Close,Y,2025,2025.0
BOSTON ROAD PLAZA,BRONX,235,9/26/24,2440 BOSTON ROAD,2440.0,BOSTON ROAD,2440 BOSTON ROAD,17624535,50509,229057.0,2,2440,2430,2456,BOSTON ROAD,C,2025-01-15,2025-01-15,01/28/2025,01/16/2025,,,01/27/2025,666.0,9581774.0,"§ 27-2029 ADM CODE PROVIDE AN ADEQUATE SUPPLY OF HEAT FOR THE APARTMENT IN THE ENTIRE APARTMENT LOCATED AT APT 4H, 4th STORY, 1st APARTMENT FROM SOUTH AT WEST",2025-01-16,9.0,VIOLATION DISMISSED,04/09/2025,Original,Close,Y,2025,2025.0
BOSTON ROAD PLAZA,BRONX,235,9/26/24,2440 BOSTON ROAD,2440.0,BOSTON ROAD,2440 BOSTON ROAD,17624538,50509,229057.0,2,2440,2430,2456,BOSTON ROAD,C,2025-01-15,2025-01-15,01/28/2025,01/16/2025,,,01/27/2025,670.0,9581774.0,"§ 27-2031 ADM CODE PROVIDE HOT WATER AT ALL HOT WATER FIXTURES IN THE ENTIRE APARTMENT LOCATED AT APT 4L , 4th STORY, 2nd APARTMENT FROM NORTH AT EAST",2025-01-16,9.0,VIOLATION DISMISSED,04/09/2025,Original,Close,Y,2025,2025.0
BOSTON ROAD PLAZA,BRONX,235,9/26/24,2440 BOSTON ROAD,2440.0,BOSTON ROAD,2440 BOSTON ROAD,17624539,50509,229057.0,2,2440,2430,2456,BOSTON ROAD,C,2025-01-15,2025-01-15,01/29/2025,01/22/2025,,,01/27/2025,502.0,9582158.0,"§ 27-2005 ADM CODE PROPERLY REPAIR WITH SIMILAR MATERIAL THE BROKEN OR DEFECTIVE FIRE RETARDANT MATERIAL AT CEILING AT PUBLIC HALL, 1st STORY",2025-01-16,9.0,VIOLATION DISMISSED,04/09/2025,Original,Close,N,2025,2025.0
BOSTON ROAD PLAZA,BRONX,235,9/26/24,2440 BOSTON ROAD,2440.0,BOSTON ROAD,2440 BOSTON ROAD,17628043,50509,229057.0,2,2440,2430,2456,BOSTON ROAD,C,2025-01-16,2025-01-16,01/29/2025,01/17/2025,,,01/27/2025,670.0,9584026.0,"§ 27-2031 ADM CODE PROVIDE HOT WATER AT ALL HOT WATER FIXTURES IN THE ENTIRE APARTMENT LOCATED AT APT 20L, 20th STORY, 2nd APARTMENT FROM NORTH AT EAST",2025-01-17,19.0,VIOLATION CLOSED,02/22/2025,Original,Close,Y,2025,2025.0
BOSTON ROAD PLAZA,BRONX,235,9/26/24,2440 BOSTON ROAD,2440.0,BOSTON ROAD,2440 BOSTON ROAD,17628046,50509,229057.0,2,2440,2430,2456,BOSTON ROAD,C,2025-01-16,2025-01-16,01/30/2025,01/23/2025,,,01/27/2025,501.0,9584433.0,"§ 27-2005 HMC: PROPERLY REPAIR OR REPLACE THE BROKEN OR DEFECTIVE LOCK AND ASSEMBLY AT BUILDING VESTIBULE DOOR , 1st STORY",2025-01-17,9.0,VIOLATION DISMISSED,04/09/2025,Original,Close,N,2025,2025.0
BOSTON ROAD PLAZA,BRONX,235,9/26/24,2440 BOSTON ROAD,2440.0,BOSTON ROAD,2440 BOSTON ROAD,17633878,50509,229057.0,2,2440,2430,2456,BOSTON ROAD,C,2025-01-16,2025-01-16,01/29/2025,01/17/2025,,,01/27/2025,666.0,9584026.0,"§ 27-2029 ADM CODE PROVIDE AN ADEQUATE SUPPLY OF HEAT FOR THE APARTMENT IN THE ENTIRE APARTMENT LOCATED AT APT 2H, 2nd STORY, 1st APARTMENT FROM SOUTH AT WEST",2025-01-17,9.0,VIOLATION DISMISSED,02/19/2025,Original,Close,Y,2025,2025.0
BOSTON ROAD PLAZA,BRONX,235,9/26/24,2440 BOSTON ROAD,2440.0,BOSTON ROAD,2440 BOSTON ROAD,17633902,50509,229057.0,2,2440,2430,2456,BOSTON ROAD,C,2025-01-16,2025-01-17,02/21/2025,02/16/2025,,,02/20/2025,568.0,9586890.0,"HMC ADM CODE: § 27-2017.4 ABATE THE INFESTATION CONSISTING OF ROACHES IN THE ENTIRE APARTMENT LOCATED AT APT 2H, 2nd STORY, 1st APARTMENT FROM SOUTH AT WEST",2025-01-21,9.0,VIOLATION DISMISSED,05/05/2025,Original,Close,N,2025,2025.0
BOSTON ROAD PLAZA,BRONX,235,9/26/24,2440 BOSTON ROAD,2440.0,BOSTON ROAD,2440 BOSTON ROAD,17670099,50509,229057.0,2,2440,2430,2456,BOSTON ROAD,C,2025-01-29,2025-02-06,02/11/2025,01/30/2025,,,02/11/2025,670.0,9617047.0,"§ 27-2031 ADM CODE PROVIDE HOT WATER AT ALL HOT WATER FIXTURES IN THE KITCHEN LOCATED AT APT 20L, 20th STORY, 2nd APARTMENT FROM NORTH AT EAST",2025-02-07,9.0,VIOLATION DISMISSED,04/24/2025,Original,Close,Y,2025,2025.0
BOSTON ROAD PLAZA,BRONX,235,9/26/24,2440 BOSTON ROAD,2440.0,BOSTON ROAD,2440 BOSTON ROAD,18120916,50509,229057.0,2,2440,2430,2456,BOSTON ROAD,C,2025-07-29,2025-07-29,08/18/2025,08/13/2025,,,08/18/2025,530.0,9928556.0,"§ 27-2005, 27-2007, 27-2041.1 HMC, §238, § 309; § 107 (2) ( C) MDL AND 28 RCNY §25-171: REPLACE OR REPAIR THE SELF-CLOSING DOORS THAT IS MISSING OR DEFECTIVE DOOR HINGE IN THE ENTRANCE LOCATED AT APT 9E, 9th STORY, 2nd APARTMENT FROM SOUTH AT WEST",2025-07-30,21.0,NOT COMPLIED WITH,08/20/2025,Original,Open,N,2025,2025.0
BOSTON ROAD PLAZA,BRONX,235,9/26/24,2440 BOSTON ROAD,2440.0,BOSTON ROAD,2440 BOSTON ROAD,17634271,50509,229057.0,2,2440,2430,2456,BOSTON ROAD,C,2025-01-16,2025-01-17,02/03/2025,01/27/2025,,,01/31/2025,501.0,9586888.0,"§ 27-2005 HMC: PROPERLY REPAIR OR REPLACE THE BROKEN OR DEFECTIVE RADIATOR IN THE 1st ROOM FROM NORTH AT WEST LOCATED AT APT 4H, 4th STORY, 1st APARTMENT FROM SOUTH AT WEST",2025-01-21,9.0,VIOLATION DISMISSED,04/14/2025,Original,Close,N,2025,2025.0
BOSTON ROAD PLAZA,BRONX,235,9/26/24,2440 BOSTON ROAD,2440.0,BOSTON ROAD,2440 BOSTON ROAD,18120915,50509,229057.0,2,2440,2430,2456,BOSTON ROAD,C,2025-07-29,2025-07-29,08/30/2025,08/25/2025,,,08/29/2025,568.0,9928555.0,"HMC ADM CODE: § 27-2017.4 ABATE THE INFESTATION CONSISTING OF ROACHES IN THE ENTIRE APARTMENT LOCATED AT APT 9E, 9th STORY, 2nd APARTMENT FROM SOUTH AT WEST",2025-07-30,21.0,NOT COMPLIED WITH,09/08/2025,Original,Open,N,2025,2025.0
BOSTON ROAD PLAZA,BRONX,235,9/26/24,2440 BOSTON ROAD,2440.0,BOSTON ROAD,2440 BOSTON ROAD,17422995,50509,229057.0,2,2440,2430,2456,BOSTON ROAD,B,2024-11-16,2024-11-15,01/06/2025,12/23/2024,,,01/06/2025,504.0,9430553.0,§ 27-2005 ADM CODE PROVIDE IN THE EVENT OF POWER OUTAGE A HEAVY-DUTY MORTISE LOCK AND ITS ASSEMBLY AT BUILDING ENTRANCE DOOR FROM (VESTIBULE TO PUBLIC HALLWAY),2024-11-18,9.0,VIOLATION DISMISSED,03/19/2025,Original,Close,N,2024,2024.0
BOSTON ROAD PLAZA,BRONX,235,9/26/24,2440 BOSTON ROAD,2440.0,BOSTON ROAD,2440 BOSTON ROAD,17670104,50509,229057.0,2,2440,2430,2456,BOSTON ROAD,C,2025-01-29,2025-02-06,02/11/2025,01/30/2025,,,02/11/2025,670.0,9617047.0,"§ 27-2031 ADM CODE PROVIDE HOT WATER AT ALL HOT WATER FIXTURES IN THE ENTIRE APARTMENT LOCATED AT APT 1D, 1st STORY, 1st APARTMENT FROM SOUTH AT WEST",2025-02-07,19.0,VIOLATION CLOSED,02/24/2025,Original,Close,Y,2025,2025.0
BOSTON ROAD PLAZA,BRONX,235,9/26/24,2440 BOSTON ROAD,2440.0,BOSTON ROAD,2440 BOSTON ROAD,18117949,50509,229057.0,2,2440,2430,2456,BOSTON ROAD,C,2025-07-23,2025-07-24,08/13/2025,08/08/2025,,,08/13/2025,530.0,9922604.0,"§ 27-2005, 27-2007, 27-2041.1 HMC, §238, § 309; § 107 (2) ( C) MDL AND 28 RCNY §25-171: REPLACE OR REPAIR THE SELF-CLOSING DOORS THAT IS MISSING OR DEFECTIVE LATCH SET AT VESTIBULE DOOR AT PUBLIC HALL, 1st STORY",2025-07-25,19.0,VIOLATION CLOSED,10/03/2025,Original,Close,N,2025,2025.0
BOSTON ROAD PLAZA,BRONX,235,9/26/24,2440 BOSTON ROAD,2440.0,BOSTON ROAD,2440 BOSTON ROAD,17422993,50509,229057.0,2,2440,2430,2456,BOSTON ROAD,B,2024-11-16,2024-11-15,01/06/2025,12/23/2024,,,01/06/2025,501.0,9430553.0,§ 27-2005 HMC: PROPERLY REPAIR OR REPLACE THE BROKEN OR DEFECTIVE LATCH SET AT FIRE-STAIRS DOOR ''''B'''' 20TH STORY,2024-11-18,9.0,VIOLATION DISMISSED,03/19/2025,Original,Close,N,2024,2024.0
BOSTON ROAD PLAZA,BRONX,235,9/26/24,2440 BOSTON ROAD,2440.0,BOSTON ROAD,2440 BOSTON ROAD,17422997,50509,229057.0,2,2440,2430,2456,BOSTON ROAD,A,2024-11-16,2024-11-15,03/07/2025,02/21/2025,,,03/06/2025,500.0,9430552.0,§ 26-1103 ADMIN. CODE: POST AND MAINTAIN A PROPER NOTICE ON WALL OF THE ENTRANCE STORY IN ENGLISH AND SPANISH ON THE AVAILABILITY OF THE AGENCYS HOUSING INFORMATION GUIDE. A SAMPLE NOTICE CAN BE FOUND AT WWW.NYC.GOV/HPD.,2024-11-18,9.0,VIOLATION DISMISSED,05/19/2025,Original,Close,N,2024,2024.0
BOSTON ROAD PLAZA,BRONX,235,9/26/24,2440 BOSTON ROAD,2440.0,BOSTON ROAD,2440 BOSTON ROAD,17423003,50509,229057.0,2,2440,2430,2456,BOSTON ROAD,A,2024-11-16,2024-11-15,03/07/2025,02/21/2025,,,03/06/2025,1501.0,9430552.0,"§ 27-2046.1 HMC: POST A PROPER NOTICE OF CARBON MONOXIDE DETECTING DEVICE REQUIREMENTS, IN A FORM APPROVED BY THE COMMISSIONER, IN A COMMON AREA OF A CLASS A MULTIPLE DWELLING NEAR INSPECTION CERTIFICATE OR PROVIDE NOTICE TO TENANTS IN A PRIVATE DWELLING.",2024-11-18,9.0,VIOLATION DISMISSED,05/19/2025,Original,Close,N,2024,2024.0
BOSTON ROAD PLAZA,BRONX,235,9/26/24,2440 BOSTON ROAD,2440.0,BOSTON ROAD,2440 BOSTON ROAD,17529999,50509,229057.0,2,2440,2430,2456,BOSTON ROAD,C,2024-12-06,2024-12-06,12/22/2024,12/15/2024,,,12/13/2024,672.0,9525726.0,§ 27-2033 ADM CODE PROVIDE READY ACCESS TO BUILDINGS HEATING SYSTEM DOOR LOCKED AT BOILER ROOM,2024-12-09,9.0,VIOLATION DISMISSED,02/24/2025,Original,Close,N,2024,2024.0
BOSTON ROAD PLAZA,BRONX,235,9/26/24,2440 BOSTON ROAD,2440.0,BOSTON ROAD,2440 BOSTON ROAD,17670102,50509,229057.0,2,2440,2430,2456,BOSTON ROAD,C,2025-01-29,2025-02-06,03/10/2025,03/05/2025,,,,568.0,9617321.0,"HMC ADM CODE: § 27-2017.4 ABATE THE INFESTATION CONSISTING OF ROACHES IN THE ENTIRE APARTMENT LOCATED AT APT 1D, 1st STORY, 1st APARTMENT FROM SOUTH AT WEST",2025-02-07,47.0,NOTICE OF ISSUANCE SENT TO TENANT,02/07/2025,Original,Open,N,2025,2025.0
BOSTON ROAD PLAZA,BRONX,235,9/26/24,2440 BOSTON ROAD,2440.0,BOSTON ROAD,2440 BOSTON ROAD,17634267,50509,229057.0,2,2440,2430,2456,BOSTON ROAD,C,2025-01-16,2025-01-17,02/09/2025,02/04/2025,,,02/07/2025,530.0,9586891.0,"§ 27-2005, 27-2007, 27-2041.1 HMC, §238, § 309; § 107 (2) ( C) MDL AND 28 RCNY §25-171: REPLACE OR REPAIR THE SELF-CLOSING DOORS THAT IS MISSING OR DEFECTIVE HINGES IN THE ENTRANCE LOCATED AT APT 4H, 4th STORY, 1st APARTMENT FROM SOUTH AT WEST",2025-01-21,9.0,VIOLATION DISMISSED,04/21/2025,Original,Close,N,2025,2025.0
BOSTON ROAD PLAZA,BRONX,235,9/26/24,2440 BOSTON ROAD,2440.0,BOSTON ROAD,2440 BOSTON ROAD,17496169,50509,229057.0,2,2440,2430,2456,BOSTON ROAD,C,2024-12-02,2024-12-02,01/03/2025,12/29/2024,,,01/03/2025,568.0,9496403.0,"HMC ADM CODE: § 27-2017.4 ABATE THE INFESTATION CONSISTING OF ROACHES IN THE ENTIRE APARTMENT LOCATED AT APT 2J, 2nd STORY, 6th APARTMENT FROM WEST AT NORTH",2024-12-03,9.0,VIOLATION DISMISSED,03/17/2025,Original,Close,N,2024,2024.0
BOSTON ROAD PLAZA,BRONX,235,9/26/24,2440 BOSTON ROAD,2440.0,BOSTON ROAD,2440 BOSTON ROAD,17628044,50509,229057.0,2,2440,2430,2456,BOSTON ROAD,C,2025-01-16,2025-01-16,02/05/2025,01/31/2025,,,01/27/2025,530.0,9584435.0,"§ 27-2005, 27-2007, 27-2041.1 HMC, §238, § 309; § 107 (2) ( C) MDL AND 28 RCNY §25-171: REPLACE OR REPAIR THE SELF-CLOSING DOORS THAT IS MISSING OR DEFECTIVE HINGES IN THE ENTRANCE LOCATED AT APT 20L, 20th STORY, 2nd APARTMENT FROM NORTH AT EAST",2025-01-17,19.0,VIOLATION CLOSED,02/22/2025,Original,Close,N,2025,2025.0
BOSTON ROAD PLAZA,BRONX,235,9/26/24,2440 BOSTON ROAD,2440.0,BOSTON ROAD,2440 BOSTON ROAD,17633891,50509,229057.0,2,2440,2430,2456,BOSTON ROAD,C,2025-01-16,2025-01-17,02/03/2025,01/27/2025,,,01/31/2025,501.0,9586889.0,"§ 27-2005 HMC: PROPERLY REPAIR OR REPLACE THE BROKEN OR DEFECTIVE RADIATOR IN THE 1st ROOM FROM NORTH AT WEST LOCATED AT APT 2H, 2nd STORY, 1st APARTMENT FROM SOUTH AT WEST",2025-01-21,9.0,VIOLATION DISMISSED,04/14/2025,Original,Close,N,2025,2025.0
BOSTON ROAD PLAZA,BRONX,235,9/26/24,2440 BOSTON ROAD,2440.0,BOSTON ROAD,2440 BOSTON ROAD,17666441,50509,229057.0,2,2440,2430,2456,BOSTON ROAD,C,2025-02-02,2025-02-02,02/16/2025,02/09/2025,,,02/11/2025,501.0,9609002.0,"§ 27-2005 HMC: PROPERLY REPAIR OR REPLACE THE BROKEN OR DEFECTIVE THE LOCKSET AT ENTRANCE DOOR TO BLDG AT PUBLIC HALL, 1st STORY",2025-02-03,9.0,VIOLATION DISMISSED,04/24/2025,Original,Close,N,2025,2025.0
BOSTON ROAD PLAZA,BRONX,235,9/26/24,2440 BOSTON ROAD,2440.0,BOSTON ROAD,2440 BOSTON ROAD,17496172,50509,229057.0,2,2440,2430,2456,BOSTON ROAD,B,2024-12-02,2024-12-02,01/21/2025,01/07/2025,,,01/20/2025,508.0,9496402.0,"§ 27-2005 ADM CODE REPAIR THE BROKEN OR DEFECTIVE PLASTERED SURFACES AND PAINT IN A UNIFORM COLOR AT THE CEILING IN THE KITCHEN LOCATED AT APT 2J, 2nd STORY, 6th APARTMENT FROM WEST AT NORTH",2024-12-03,9.0,VIOLATION DISMISSED,04/02/2025,Original,Close,N,2024,2024.0
BOSTON ROAD PLAZA,BRONX,235,9/26/24,2440 BOSTON ROAD,2440.0,BOSTON ROAD,2440 BOSTON ROAD,17496179,50509,229057.0,2,2440,2430,2456,BOSTON ROAD,B,2024-12-02,2024-12-02,01/21/2025,01/07/2025,,,01/20/2025,538.0,9496401.0,"§ 27-2005, 2007 ADM CODE REMOVE ALL ENCUMBRANCES CONSISTING OF BICYCLE CHAINED TO HANDRAIL AT WEST WALL AT PUBLIC HALL, 15th STORY",2024-12-03,9.0,VIOLATION DISMISSED,04/02/2025,Original,Close,Y,2024,2024.0
BOSTON ROAD PLAZA,BRONX,235,9/26/24,2440 BOSTON ROAD,2440.0,BOSTON ROAD,2440 BOSTON ROAD,17496180,50509,229057.0,2,2440,2430,2456,BOSTON ROAD,B,2024-12-02,2024-12-02,01/21/2025,01/07/2025,,,01/20/2025,538.0,9496401.0,"§ 27-2005, 2007 ADM CODE REMOVE ALL ENCUMBRANCES CONSISTING OF BICYCLES AND HOUSEHOLD ITEMS AT PUBLIC HALL, 4th STORY",2024-12-03,9.0,VIOLATION DISMISSED,04/02/2025,Original,Close,Y,2024,2024.0
BOSTON ROAD PLAZA,BRONX,235,9/26/24,2440 BOSTON ROAD,2440.0,BOSTON ROAD,2440 BOSTON ROAD,17670100,50509,229057.0,2,2440,2430,2456,BOSTON ROAD,C,2025-01-29,2025-02-06,02/26/2025,02/21/2025,,,02/25/2025,530.0,9617322.0,"§ 27-2005, 27-2007, 27-2041.1 HMC, §238, § 309; § 107 (2) ( C) MDL AND 28 RCNY §25-171: REPLACE OR REPAIR THE SELF-CLOSING DOORS THAT IS MISSING OR DEFECTIVE (HINGES) AT APARTMENT DOOR IN THE ENTRANCE LOCATED AT APT 20L, 20th STORY, 2nd APARTMENT FROM NORTH AT EAST",2025-02-07,9.0,VIOLATION DISMISSED,05/08/2025,Original,Close,N,2025,2025.0
BOSTON ROAD PLAZA,BRONX,235,9/26/24,2440 BOSTON ROAD,2440.0,BOSTON ROAD,2440 BOSTON ROAD,17422999,50509,229057.0,2,2440,2430,2456,BOSTON ROAD,A,2024-11-16,2024-11-15,03/07/2025,02/21/2025,,,03/06/2025,700.0,9430552.0,"§ 27-2045 ADM CODE POST A PROPER NOTICE OF SMOKE DETECTOR REQUIREMENTS, IN A FORM APPROVED BY THE COMMISSIONER, AT OR NEAR THE MAIL BOX MISSING SIGN",2024-11-18,9.0,VIOLATION DISMISSED,05/19/2025,Original,Close,N,2024,2024.0
BOSTON ROAD PLAZA,BRONX,235,9/26/24,2440 BOSTON ROAD,2440.0,BOSTON ROAD,2440 BOSTON ROAD,17423000,50509,229057.0,2,2440,2430,2456,BOSTON ROAD,A,2024-11-16,2024-11-15,03/07/2025,02/21/2025,,,03/06/2025,484.0,9430552.0,"§ 329, M/D LAW AND DEPT. RULES AND REGS. PROVIDE A COMPLETED CERTIFICATE OF INSPECTION VISITS IN A PROPER FRAME AT OR NEAR MAILBOXES, BOTTOM EDGE OF FRAME BETWEEN 48-62 INCHES ABOVE FLOOR MISSING FRAME",2024-11-18,9.0,VIOLATION DISMISSED,05/19/2025,Original,Close,N,2024,2024.0
BOSTON ROAD PLAZA,BRONX,235,9/26/24,2440 BOSTON ROAD,2440.0,BOSTON ROAD,2440 BOSTON ROAD,17422994,50509,229057.0,2,2440,2430,2456,BOSTON ROAD,B,2024-11-16,2024-11-15,01/06/2025,12/23/2024,,,01/06/2025,526.0,9430553.0,"§ 27-2005, 2007 ADM CODE REMOVE THE ILLEGAL FASTENING CONSISTING OF AN ELECTROMAGNETIC LOCKING DEVICE AT BUILDING ENTRANCE DOOR FROM ( VESTIBULE TO PUBLIC HALLWAY)",2024-11-18,9.0,VIOLATION DISMISSED,03/19/2025,Original,Close,Y,2024,2024.0
BOSTON ROAD PLAZA,BRONX,235,9/26/24,2440 BOSTON ROAD,2440.0,BOSTON ROAD,2440 BOSTON ROAD,17423002,50509,229057.0,2,2440,2430,2456,BOSTON ROAD,A,2024-11-16,2024-11-15,03/07/2025,02/21/2025,,,03/06/2025,1506.0,9430552.0,"§ 27-2005 HMC: POST, IN A FORM APPROVED BY THE COMMISSIONER, AND MAINTAIN A NOTICE IN A COMMON AREA OF THE BUILDING REGARDING THE PROCEDURES THAT SHOULD BE FOLLOWED WHEN A GAS LEAK IS SUSPECTED",2024-11-18,9.0,VIOLATION DISMISSED,05/19/2025,Original,Close,N,2024,2024.0
BOSTON ROAD PLAZA,BRONX,235,9/26/24,2440 BOSTON ROAD,2440.0,BOSTON ROAD,2440 BOSTON ROAD,17496170,50509,229057.0,2,2440,2430,2456,BOSTON ROAD,B,2024-12-02,2024-12-02,01/21/2025,01/07/2025,,,01/20/2025,579.0,9496402.0,"§ 27-2026 ADM CODE REPAIR THE LEAKY AND/OR DEFECTIVE FAUCETS AT BATHTUB IN THE BATHROOM LOCATED AT APT 2J, 2nd STORY, 6th APARTMENT FROM WEST AT NORTH",2024-12-03,9.0,VIOLATION DISMISSED,04/02/2025,Original,Close,N,2024,2024.0
BOSTON ROAD PLAZA,BRONX,235,9/26/24,2440 BOSTON ROAD,2440.0,BOSTON ROAD,2440 BOSTON ROAD,17610350,50509,229057.0,2,2440,2430,2456,BOSTON ROAD,C,2025-01-10,2025-01-10,02/01/2025,01/27/2025,,,01/31/2025,530.0,9574978.0,"§ 27-2005, 27-2007, 27-2041.1 HMC, §238, § 309; § 107 (2) ( C) MDL AND 28 RCNY §25-171: REPLACE OR REPAIR THE SELF-CLOSING DOORS THAT IS MISSING OR DEFECTIVE LATCH SET AT BUILDING ENTRANCE DOOR (FROM VESTIBULE TO BASEMENT STORY PUBLIC HALL) AT PUBLIC HALL",2025-01-13,19.0,VIOLATION CLOSED,02/22/2025,Original,Close,N,2025,2025.0
BOSTON ROAD PLAZA,BRONX,235,9/26/24,2440 BOSTON ROAD,2440.0,BOSTON ROAD,2440 BOSTON ROAD,17610351,50509,229057.0,2,2440,2430,2456,BOSTON ROAD,C,2025-01-10,2025-01-10,01/26/2025,01/19/2025,,,01/22/2025,501.0,9574977.0,§ 27-2005 HMC: PROPERLY REPAIR OR REPLACE THE BROKEN OR DEFECTIVE HEAVY DUTY LOCK LATCH AND ASSEMBLY AT BUILDING ENTRANCE DOOR (FROM VESTIBULE TO BASEMENT STORY PUBLIC HALL) AT PUBLIC HALL,2025-01-13,9.0,VIOLATION DISMISSED,04/04/2025,Original,Close,N,2025,2025.0
BOSTON ROAD PLAZA,BRONX,235,9/26/24,2440 BOSTON ROAD,2440.0,BOSTON ROAD,2440 BOSTON ROAD,17610352,50509,229057.0,2,2440,2430,2456,BOSTON ROAD,C,2025-01-10,2025-01-10,01/26/2025,01/19/2025,,,01/22/2025,501.0,9574977.0,§ 27-2005 HMC: PROPERLY REPAIR OR REPLACE THE BROKEN OR DEFECTIVE HEAVY DUTY LOCK LATCH AND ASSEMBLY AT BUILDING ENTRANCE DOOR (FROM VESTIBULE TO 1ST STORY PUBLIC HALL) AT PUBLIC HALL,2025-01-13,9.0,VIOLATION DISMISSED,04/04/2025,Original,Close,N,2025,2025.0
BOSTON ROAD PLAZA,BRONX,235,9/26/24,2440 BOSTON ROAD,2440.0,BOSTON ROAD,2440 BOSTON ROAD,17610353,50509,229057.0,2,2440,2430,2456,BOSTON ROAD,C,2025-01-10,2025-01-10,01/26/2025,01/19/2025,,,01/22/2025,502.0,9574977.0,§ 27-2005 ADM CODE PROPERLY REPAIR WITH SIMILAR MATERIAL THE BROKEN OR DEFECTIVE FIRE RETARDENT MATERIAL AT CEILING AT PUBLIC HALL,2025-01-13,9.0,VIOLATION DISMISSED,04/04/2025,Original,Close,N,2025,2025.0
BOSTON ROAD PLAZA,BRONX,235,9/26/24,2440 BOSTON ROAD,2440.0,BOSTON ROAD,2440 BOSTON ROAD,17610354,50509,229057.0,2,2440,2430,2456,BOSTON ROAD,C,2025-01-10,2025-01-10,01/26/2025,01/19/2025,,,01/22/2025,583.0,9574977.0,"§ 27-2026, 2027 HMC: PROPERLY REPAIR THE SOURCE AND ABATE THE EVIDENCE OF A WATER LEAK ACTIVE LEAK ABOVE CEILING AT PUBLIC HALL",2025-01-13,9.0,VIOLATION DISMISSED,04/04/2025,Original,Close,N,2025,2025.0
BOSTON ROAD PLAZA,BRONX,235,9/26/24,2440 BOSTON ROAD,2440.0,BOSTON ROAD,2440 BOSTON ROAD,17610357,50509,229057.0,2,2440,2430,2456,BOSTON ROAD,C,2025-01-10,2025-01-10,01/26/2025,01/19/2025,,,01/22/2025,502.0,9574977.0,§ 27-2005 ADM CODE PROPERLY REPAIR WITH SIMILAR MATERIAL THE BROKEN OR DEFECTIVE FIRE RETARDENT MATERIAL AT CEILING AT PUBLIC HALL,2025-01-13,9.0,VIOLATION DISMISSED,04/04/2025,Original,Close,N,2025,2025.0
BOSTON ROAD PLAZA,BRONX,235,9/26/24,2440 BOSTON ROAD,2440.0,BOSTON ROAD,2440 BOSTON ROAD,17610358,50509,229057.0,2,2440,2430,2456,BOSTON ROAD,C,2025-01-10,2025-01-10,01/26/2025,01/19/2025,,,01/22/2025,583.0,9574977.0,"§ 27-2026, 2027 HMC: PROPERLY REPAIR THE SOURCE AND ABATE THE EVIDENCE OF A WATER LEAK ACTIVE LEAK ABOVE CEILING AT PUBLIC HALL",2025-01-13,9.0,VIOLATION DISMISSED,04/04/2025,Original,Close,N,2025,2025.0
BOSTON ROAD PLAZA,BRONX,235,9/26/24,2440 BOSTON ROAD,2440.0,BOSTON ROAD,2440 BOSTON ROAD,17621779,50509,229057.0,2,2440,2430,2456,BOSTON ROAD,C,2025-01-14,2025-01-14,01/28/2025,01/21/2025,,,01/23/2025,672.0,9580055.0,§ 27-2033 ADM CODE PROVIDE READY ACCESS TO BUILDINGS HEATING SYSTEM LOCKED DOOR AT BOILER ROOM,2025-01-15,9.0,VIOLATION DISMISSED,04/07/2025,Original,Close,N,2025,2025.0
BOSTON ROAD PLAZA,BRONX,235,9/26/24,2440 BOSTON ROAD,2440.0,BOSTON ROAD,2440 BOSTON ROAD,17621778,50509,229057.0,2,2440,2430,2456,BOSTON ROAD,C,2025-01-14,2025-01-14,01/27/2025,01/15/2025,,,01/23/2025,670.0,9579714.0,"§ 27-2031 ADM CODE PROVIDE HOT WATER AT ALL HOT WATER FIXTURES IN THE ENTIRE APARTMENT LOCATED AT APT 10E, 10th STORY, 1st APARTMENT FROM SOUTH AT WEST",2025-01-15,9.0,VIOLATION DISMISSED,04/07/2025,Original,Close,Y,2025,2025.0
BOSTON ROAD PLAZA,BRONX,235,9/26/24,2440 BOSTON ROAD,2440.0,BOSTON ROAD,2440 BOSTON ROAD,17610359,50509,229057.0,2,2440,2430,2456,BOSTON ROAD,A,2025-01-10,2025-01-10,05/02/2025,04/18/2025,,,05/01/2025,556.0,9574976.0,§ 27-2013 ADM CODE PAINT WITH LIGHT COLORED PAINT TO THE SATISFACTION OF THIS DEPARTMENT AT CEILING AT PUBLIC HALL,2025-01-13,9.0,VIOLATION DISMISSED,07/14/2025,Original,Close,N,2025,2025.0
BOSTON ROAD PLAZA,BRONX,235,9/26/24,2440 BOSTON ROAD,2440.0,BOSTON ROAD,2440 BOSTON ROAD,18120912,50509,229057.0,2,2440,2430,2456,BOSTON ROAD,B,2025-07-29,2025-07-29,09/17/2025,09/03/2025,,,09/17/2025,506.0,9928554.0,"§ 27-2005 ADM CODE REPLACE WITH NEW THE MISSING VANITY AT WASHBASIN IN THE BATHROOM LOCATED AT APT 9E, 9th STORY, 2nd APARTMENT FROM SOUTH AT WEST",2025-07-30,11.0,VIOLATION WILL BE REINSPECTED,09/26/2025,Original,Open,N,2025,2025.0
BOSTON ROAD PLAZA,BRONX,235,9/26/24,2440 BOSTON ROAD,2440.0,BOSTON ROAD,2440 BOSTON ROAD,18120914,50509,229057.0,2,2440,2430,2456,BOSTON ROAD,B,2025-07-29,2025-07-29,09/17/2025,09/03/2025,,,09/17/2025,501.0,9928554.0,"§ 27-2005 HMC: PROPERLY REPAIR OR REPLACE THE BROKEN OR DEFECTIVE CEILING LIGHT FIXTURE IN THE 2nd ROOM FROM NORTH AT WEST LOCATED AT APT 9E, 9th STORY, 2nd APARTMENT FROM SOUTH AT WEST",2025-07-30,11.0,VIOLATION WILL BE REINSPECTED,09/26/2025,Original,Open,N,2025,2025.0
BOSTON ROAD PLAZA,BRONX,235,9/26/24,2440 BOSTON ROAD,2440.0,BOSTON ROAD,2440 BOSTON ROAD,18221496,50509,229057.0,2,2440,2430,2456,BOSTON ROAD,C,2025-09-05,2025-09-08,09/28/2025,09/23/2025,,,09/26/2025,530.0,9984297.0,"§ 27-2005, 27-2007, 27-2041.1 HMC, §238, § 309; § 107 (2) ( C) MDL AND 28 RCNY §25-171: REPLACE OR REPAIR THE SELF-CLOSING DOORS THAT IS MISSING OR DEFECTIVE ENTRANCE DOOR HINGES IN THE ENTRANCE LOCATED AT APT 9E, 9th STORY, 2nd APARTMENT FROM SOUTH AT WEST",2025-09-09,22.0,FIRST NO ACCESS TO RE- INSPECT VIOLATION,10/01/2025,Original,Open,N,2025,2025.0
BOSTON ROAD PLAZA,BRONX,235,9/26/24,2440 BOSTON ROAD,2440.0,BOSTON ROAD,2440 BOSTON ROAD,18267005,50509,229057.0,2,2440,2430,2456,BOSTON ROAD,B,2025-09-28,2025-10-01,11/20/2025,11/06/2025,,,,583.0,10015763.0,"§ 27-2026, 2027 HMC: PROPERLY REPAIR THE SOURCE AND ABATE THE EVIDENCE OF A WATER LEAK AT CEILING AT PUBLIC HALL",2025-10-02,2.0,NOV SENT OUT,10/02/2025,Original,Open,N,2025,2025.0
BOSTON ROAD PLAZA,BRONX,235,9/26/24,2440 BOSTON ROAD,2440.0,BOSTON ROAD,2440 BOSTON ROAD,18117947,50509,229057.0,2,2440,2430,2456,BOSTON ROAD,B,2025-07-23,2025-07-24,09/12/2025,08/29/2025,,,09/12/2025,501.0,9922603.0,"§ 27-2005 HMC: PROPERLY REPAIR OR REPLACE THE BROKEN OR DEFECTIVE LATCH SET AT VESTIBULE DOOR AT PUBLIC HALL, 1st STORY",2025-07-25,11.0,VIOLATION WILL BE REINSPECTED,09/26/2025,Original,Open,N,2025,2025.0
BOSTON ROAD PLAZA,BRONX,235,9/26/24,2440 BOSTON ROAD,2440.0,BOSTON ROAD,2440 BOSTON ROAD,18267007,50509,229057.0,2,2440,2430,2456,BOSTON ROAD,B,2025-09-28,2025-10-01,11/20/2025,11/06/2025,,,,502.0,10015763.0,§ 27-2005 ADM CODE PROPERLY REPAIR WITH SIMILAR MATERIAL THE BROKEN OR DEFECTIVE FIRE RETARDANT MATERIAL AT CEILING AT PUBLIC HALL,2025-10-02,2.0,NOV SENT OUT,10/02/2025,Original,Open,N,2025,2025.0
BOSTON ROAD PLAZA,BRONX,235,9/26/24,2440 BOSTON ROAD,2440.0,BOSTON ROAD,2440 BOSTON ROAD,17422991,50509,229057.0,2,2440,2430,2456,BOSTON ROAD,B,2024-11-16,2024-11-15,01/06/2025,12/23/2024,,,01/06/2025,501.0,9430553.0,§ 27-2005 HMC: PROPERLY REPAIR OR REPLACE THE BROKEN OR DEFECTIVE LATCH SET AT FIRE-STAIRS DOOR ''''A'''' 20TH STORY,2024-11-18,9.0,VIOLATION DISMISSED,03/19/2025,Original,Close,N,2024,2024.0
BOSTON ROAD PLAZA,BRONX,235,9/26/24,2440 BOSTON ROAD,2440.0,BOSTON ROAD,2440 BOSTON ROAD,18011505,50509,229057.0,2,2440,2430,2456,BOSTON ROAD,B,2025-06-13,2025-06-14,08/04/2025,07/21/2025,,,07/30/2025,501.0,9870064.0,"§ 27-2005 HMC: PROPERLY REPAIR OR REPLACE THE BROKEN OR DEFECTIVE LOCKSET AT MAILBOX FOR APT 18G AT PUBLIC HALL, 1st STORY",2025-06-16,21.0,NOT COMPLIED WITH,09/08/2025,Original,Open,N,2025,2025.0
BOSTON ROAD PLAZA,BRONX,235,9/26/24,2440 BOSTON ROAD,2440.0,BOSTON ROAD,2440 BOSTON ROAD,18120913,50509,229057.0,2,2440,2430,2456,BOSTON ROAD,B,2025-07-29,2025-07-29,09/17/2025,09/03/2025,,,09/17/2025,689.0,9928554.0,"§ 27-2005, 2006, 2037 HMC: PROPERLY REPAIR AND ABATE UNSAFE ELECTRIC WIRING CONDITION CONSISTING OF AT CEILING LIGHT FIXTURE IN THE 1st ROOM FROM NORTH AT WEST LOCATED AT APT 9E, 9th STORY, 2nd APARTMENT FROM SOUTH AT WEST",2025-07-30,11.0,VIOLATION WILL BE REINSPECTED,09/26/2025,Original,Open,N,2025,2025.0
BOSTON ROAD PLAZA,BRONX,235,9/26/24,2440 BOSTON ROAD,2440.0,BOSTON ROAD,2440 BOSTON ROAD,18257541,50509,229057.0,2,2440,2430,2456,BOSTON ROAD,B,2025-09-27,2025-09-27,11/17/2025,11/03/2025,,,,1503.0,10009989.0,"§ 27-2045(B)(1)(B) HMC, § 12-06, § 12-07, § 12-09 RCNY REPAIR, REPLACE OR PROVIDE AN APPROVED AND OPERATIONAL CARBON MONOXIDE DETECTING DEVICE, INSTALLED IN ACCORDANCE WITH APPLICABLE LAW AND RULES THAT IS DEFECTIVE IN THE ENTIRE APARTMENT LOCATED AT APT 17D, 17th STORY, 1st APARTMENT FROM SOUTH AT WEST , SECTION ''SOUTH''",2025-09-29,2.0,NOV SENT OUT,09/29/2025,Original,Open,N,2025,2025.0
BOSTON ROAD PLAZA,BRONX,235,9/26/24,2440 BOSTON ROAD,2440.0,BOSTON ROAD,2440 BOSTON ROAD,18257542,50509,229057.0,2,2440,2430,2456,BOSTON ROAD,B,2025-09-27,2025-09-27,11/17/2025,11/03/2025,,,,702.0,10009989.0,"§ 27-2045(B)(1)(A) HMC, § 12-01, § 12-03 RCNY REPAIR, REPLACE OR PROVIDE AN APPROVED AND OPERATIONAL SMOKE DETECTING DEVICE, INSTALLED IN ACCORDANCE WITH DEPARTMENT OF BUILDINGS RULES AND REGULATIONS THAT IS DEFECTIVE IN THE ENTIRE APARTMENT LOCATED AT APT 17D, 17th STORY, 1st APARTMENT FROM SOUTH AT WEST , SECTION ''SOUTH''",2025-09-29,2.0,NOV SENT OUT,09/29/2025,Original,Open,N,2025,2025.0
BOSTON ROAD PLAZA,BRONX,235,9/26/24,2440 BOSTON ROAD,2440.0,BOSTON ROAD,2440 BOSTON ROAD,18257543,50509,229057.0,2,2440,2430,2456,BOSTON ROAD,C,2025-09-27,2025-09-27,10/18/2025,10/13/2025,,,,536.0,10009990.0,"§ 27-2005, 2007 ADM CODE REMOVE DEVICE PREVENTING DOOR FROM BEING SELF-CLOSING DROP DOWN KICKSTAND INSTALLED AT DOOR IN THE ENTRANCE LOCATED AT APT 17D, 17th STORY, 1st APARTMENT FROM SOUTH AT WEST , SECTION ''SOUTH''",2025-09-29,2.0,NOV SENT OUT,09/29/2025,Original,Open,N,2025,2025.0
BOSTON ROAD PLAZA,BRONX,235,9/26/24,2440 BOSTON ROAD,2440.0,BOSTON ROAD,2440 BOSTON ROAD,18264464,50509,229057.0,2,2440,2430,2456,BOSTON ROAD,B,2025-10-01,2025-10-01,11/20/2025,11/06/2025,,,,577.0,10015764.0,"§ 27-2024 ADM CODE PROVIDE ADEQUATE SUPPLY OF HOT WATER FOR THE FIXTURES NO VOLUME TO THE FIXTURES AT WASHBASIN, AND BATHTUB IN THE BATHROOM LOCATED AT APT 16E, 16th STORY, 2nd APARTMENT FROM SOUTH AT WEST",2025-10-02,2.0,NOV SENT OUT,10/02/2025,Original,Open,Y,2025,2025.0
BOSTON ROAD PLAZA,BRONX,235,9/26/24,2440 BOSTON ROAD,2440.0,BOSTON ROAD,2440 BOSTON ROAD,18264465,50509,229057.0,2,2440,2430,2456,BOSTON ROAD,B,2025-10-01,2025-10-01,11/20/2025,11/06/2025,,,,576.0,10015764.0,"§ 27-2024 ADM CODE PROVIDE ADEQUATE SUPPLY OF COLD WATER FOR THE FIXTURES AT WASHBASIN AND BATHTUB IN THE BATHROOM LOCATED AT APT 16E, 16th STORY, 2nd APARTMENT FROM SOUTH AT WEST",2025-10-02,2.0,NOV SENT OUT,10/02/2025,Original,Open,Y,2025,2025.0
BOSTON ROAD PLAZA,BRONX,235,9/26/24,2440 BOSTON ROAD,2440.0,BOSTON ROAD,2440 BOSTON ROAD,18267009,50509,229057.0,2,2440,2430,2456,BOSTON ROAD,A,2025-09-28,2025-10-01,01/19/2026,01/05/2026,,,,556.0,10015762.0,§ 27-2013 ADM CODE PAINT WITH LIGHT COLORED PAINT TO THE SATISFACTION OF THIS DEPARTMENT AT CEILING AT PUBLIC HALL,2025-10-02,2.0,NOV SENT OUT,10/02/2025,Original,Open,N,2025,2025.0
BOSTON ROAD PLAZA,BRONX,235,9/26/24,2440 BOSTON ROAD,2440.0,BOSTON ROAD,2440 BOSTON ROAD,18267016,50509,229057.0,2,2440,2430,2456,BOSTON ROAD,C,2025-09-28,2025-10-01,10/15/2025,10/08/2025,,,,526.0,10015765.0,"§ 27-2005, 2007 ADM CODE REMOVE THE ILLEGAL FASTENING CONSISTING OF A DUAL MOTION ELECTROMAGNETIC DEVICE INSTALLED AT VESTIBULE DOOR AT PUBLIC HALL",2025-10-02,2.0,NOV SENT OUT,10/02/2025,Original,Open,Y,2025,2025.0
BOSTON ROAD PLAZA,BRONX,235,9/26/24,2440 BOSTON ROAD,2440.0,BOSTON ROAD,2440 BOSTON ROAD,18267020,50509,229057.0,2,2440,2430,2456,BOSTON ROAD,B,2025-09-28,2025-10-01,11/20/2025,11/06/2025,,,,504.0,10015763.0,§ 27-2005 ADM CODE PROVIDE IN THE EVENT OF POWER OUTRAGE BY MEANS OF AN ACCEPTABLE MECHANICAL HEAVY DUTY LOCK AND ASSEMBLY AT VESTIBULE DOOR AT PUBLIC HALL,2025-10-02,2.0,NOV SENT OUT,10/02/2025,Original,Open,N,2025,2025.0
BOSTON ROAD PLAZA,BRONX,235,9/26/24,2440 BOSTON ROAD,2440.0,BOSTON ROAD,2440 BOSTON ROAD,18272022,50509,229057.0,2,2440,2430,2456,BOSTON ROAD,C,2025-10-03,2025-10-03,,,,,,530.0,,"§ 27-2005, 27-2007, 27-2041.1 HMC, §238, § 309; § 107 (2) ( C) MDL AND 28 RCNY §25-171: REPLACE OR REPAIR THE SELF-CLOSING DOORS THAT IS MISSING OR DEFECTIVE LATCH AT STAIRCASE A AT PUBLIC HALL STAIRS, 14th STORY",,1.0,VIOLATION OPEN,10/03/2025,,Open,N,2025,
BOSTON ROAD PLAZA,BRONX,235,9/26/24,2440 BOSTON ROAD,2440.0,BOSTON ROAD,2440 BOSTON ROAD,18272023,50509,229057.0,2,2440,2430,2456,BOSTON ROAD,B,2025-10-03,2025-10-03,,,,,,501.0,,"§ 27-2005 HMC: PROPERLY REPAIR OR REPLACE THE BROKEN OR DEFECTIVE LATCH AND ASSEMBLYS AT STAIRCASE A AT PUBLIC HALL STAIRS, 14th STORY",,1.0,VIOLATION OPEN,10/03/2025,,Open,N,2025,
BOSTON ROAD PLAZA,BRONX,235,9/26/24,2440 BOSTON ROAD,2440.0,BOSTON ROAD,2440 BOSTON ROAD,18272024,50509,229057.0,2,2440,2430,2456,BOSTON ROAD,C,2025-10-03,2025-10-03,,,,,,526.0,,"§ 27-2005, 2007 ADM CODE REMOVE THE ILLEGAL FASTENING CONSISTING OF A ELECTROMAGNETIC LOCKING DEVICE INSTALLED AT VESTIBULE TO BASEMENT PUBLIC HALL",,1.0,VIOLATION OPEN,10/03/2025,,Open,Y,2025,
BOSTON ROAD PLAZA,BRONX,235,9/26/24,2440 BOSTON ROAD,2440.0,BOSTON ROAD,2440 BOSTON ROAD,18272025,50509,229057.0,2,2440,2430,2456,BOSTON ROAD,B,2025-10-03,2025-10-03,,,,,,504.0,,§ 27-2005 ADM CODE PROVIDE HEAVY DUTY KEY LOCKING DEVICE AND ASSEMBLY AT VESTIBULE TO BASEMENT PUBLIC HALL,,1.0,VIOLATION OPEN,10/03/2025,,Open,N,2025,
BOSTON ROAD PLAZA,BRONX,235,9/26/24,2440 BOSTON ROAD,2440.0,BOSTON ROAD,2440 BOSTON ROAD,18272026,50509,229057.0,2,2440,2430,2456,BOSTON ROAD,B,2025-10-03,2025-10-03,,,,,,583.0,,"§ 27-2026, 2027 HMC: PROPERLY REPAIR THE SOURCE AND ABATE THE EVIDENCE OF A WATER LEAK ABOVE CEILING AT VESTIBULE",,1.0,VIOLATION OPEN,10/03/2025,,Open,N,2025,
BOSTON ROAD PLAZA,BRONX,235,9/26/24,2440 BOSTON ROAD,2440.0,BOSTON ROAD,2440 BOSTON ROAD,18272027,50509,229057.0,2,2440,2430,2456,BOSTON ROAD,B,2025-10-03,2025-10-03,,,,,,502.0,,§ 27-2005 ADM CODE PROPERLY REPAIR WITH SIMILAR MATERIAL THE BROKEN OR DEFECTIVE FIRE RETARDENT MATERIAL AT CEILING AT VESTIBULE,,1.0,VIOLATION OPEN,10/03/2025,,Open,N,2025,
BOSTON ROAD PLAZA,BRONX,235,9/26/24,2440 BOSTON ROAD,2440.0,BOSTON ROAD,2440 BOSTON ROAD,18272028,50509,229057.0,2,2440,2430,2456,BOSTON ROAD,A,2025-10-03,2025-10-03,,,,,,556.0,,§ 27-2013 ADM CODE PAINT WITH LIGHT COLORED PAINT TO THE SATISFACTION OF THIS DEPARTMENT AT CEILING AT VESTIBULE,,1.0,VIOLATION OPEN,10/03/2025,,Open,N,2025,
BOSTON ROAD PLAZA,BRONX,235,9/26/24,2440 BOSTON ROAD,2440.0,BOSTON ROAD,2440 BOSTON ROAD,18272029,50509,229057.0,2,2440,2430,2456,BOSTON ROAD,B,2025-10-03,2025-10-03,,,,,,502.0,,§ 27-2005 ADM CODE PROPERLY REPAIR WITH SIMILAR MATERIAL THE BROKEN OR DEFECTIVE FIRE RETARDENT MATERIAL AT CEILING AT BASEMENT AT PUBLIC HALL,,1.0,VIOLATION OPEN,10/03/2025,,Open,N,2025,
BOSTON ROAD PLAZA,BRONX,235,9/26/24,2440 BOSTON ROAD,2440.0,BOSTON ROAD,2440 BOSTON ROAD,18272030,50509,229057.0,2,2440,2430,2456,BOSTON ROAD,A,2025-10-03,2025-10-03,,,,,,556.0,,§ 27-2013 ADM CODE PAINT WITH LIGHT COLORED PAINT TO THE SATISFACTION OF THIS DEPARTMENT AT CEILING AT BASEMENT AT PUBLIC HALL,,1.0,VIOLATION OPEN,10/03/2025,,Open,N,2025,
BOSTON ROAD PLAZA,BRONX,235,9/26/24,2440 BOSTON ROAD,2440.0,BOSTON ROAD,2440 BOSTON ROAD,18275227,50509,229057.0,2,2440,2430,2456,BOSTON ROAD,B,2025-10-01,2025-10-01,11/20/2025,11/06/2025,,,,577.0,10015764.0,"§ 27-2024 ADM CODE PROVIDE ADEQUATE SUPPLY OF HOT WATER FOR THE FIXTURES AT SINK IN THE KITCHEN LOCATED AT APT 16E, 16th STORY, 2nd APARTMENT FROM SOUTH AT WEST",2025-10-02,2.0,NOV SENT OUT,10/02/2025,Original,Open,Y,2025,2025.0
BOSTON ROAD PLAZA,BRONX,235,9/26/24,2440 BOSTON ROAD,2440.0,BOSTON ROAD,2440 BOSTON ROAD,18275229,50509,229057.0,2,2440,2430,2456,BOSTON ROAD,B,2025-10-01,2025-10-01,11/20/2025,11/06/2025,,,,576.0,10015764.0,"§ 27-2024 ADM CODE PROVIDE ADEQUATE SUPPLY OF COLD WATER FOR THE FIXTURES AT SINK IN THE KITCHEN LOCATED AT APT 16E, 16th STORY, 2nd APARTMENT FROM SOUTH AT WEST",2025-10-02,2.0,NOV SENT OUT,10/02/2025,Original,Open,Y,2025,2025.0
BOSTON SECOR,BRONX,538,9/26/24,3475 BIVONA STREET,3475.0,BIVONA STREET,3475 BIVONA STREET,17862940,49694,229053.0,2,3475,3475,3485,BIVONA STREET,B,2025-05-01,2025-05-01,06/20/2025,06/06/2025,,,06/02/2025,508.0,9739236.0,"§ 27-2005 ADM CODE REPAIR THE BROKEN OR DEFECTIVE PLASTERED SURFACES AND PAINT IN A UNIFORM COLOR ALL WALLS IN THE KITCHEN LOCATED AT APT 2B, 2nd STORY, 4th APARTMENT FROM SOUTH AT WEST",2025-05-02,9.0,VIOLATION DISMISSED,08/13/2025,Original,Close,N,2025,2025.0
BOSTON SECOR,BRONX,538,9/26/24,3475 BIVONA STREET,3475.0,BIVONA STREET,3475 BIVONA STREET,17862942,49694,229053.0,2,3475,3475,3485,BIVONA STREET,B,2025-05-01,2025-05-01,06/20/2025,06/06/2025,,,06/02/2025,702.0,9739236.0,"§ 27-2045 ADM CODE REPAIR OR REPLACE THE SMOKE DETECTOR DEFECTIVE IN THE ENTIRE APARTMENT LOCATED AT APT 2B, 2nd STORY, 4th APARTMENT FROM SOUTH AT WEST",2025-05-02,9.0,VIOLATION DISMISSED,08/13/2025,Original,Close,N,2025,2025.0
BOSTON SECOR,BRONX,538,9/26/24,3475 BIVONA STREET,3475.0,BIVONA STREET,3475 BIVONA STREET,18111904,49694,229053.0,2,3475,3475,3485,BIVONA STREET,A,2025-07-24,2025-07-24,11/11/2025,10/28/2025,,,,556.0,9922596.0,"§ 27-2013 ADM CODE PAINT WITH LIGHT COLORED PAINT TO THE SATISFACTION OF THIS DEPARTMENT ALL WALLS AND CEILING IN THE BATHROOM LOCATED AT APT 13C, 13th STORY, 1st APARTMENT FROM WEST AT NORTH",2025-07-25,2.0,NOV SENT OUT,07/25/2025,Original,Open,N,2025,2025.0
BOSTON SECOR,BRONX,538,9/26/24,3475 BIVONA STREET,3475.0,BIVONA STREET,3475 BIVONA STREET,18111905,49694,229053.0,2,3475,3475,3485,BIVONA STREET,A,2025-07-24,2025-07-24,11/11/2025,10/28/2025,,,,556.0,9922597.0,"§ 27-2013 ADM CODE PAINT WITH LIGHT COLORED PAINT TO THE SATISFACTION OF THIS DEPARTMENT ALL WALL AND CEILING IN THE KITCHEN LOCATED AT APT 2B, 2nd STORY, 3rd APARTMENT FROM EAST AT SOUTH , SECTION ''west''",2025-07-25,2.0,NOV SENT OUT,07/25/2025,Original,Open,N,2025,2025.0
BOSTON SECOR,BRONX,538,9/26/24,3475 BIVONA STREET,3475.0,BIVONA STREET,3475 BIVONA STREET,18111906,49694,229053.0,2,3475,3475,3485,BIVONA STREET,A,2025-07-24,2025-07-24,11/11/2025,10/28/2025,,,,556.0,9922597.0,"§ 27-2013 ADM CODE PAINT WITH LIGHT COLORED PAINT TO THE SATISFACTION OF THIS DEPARTMENT ALL WALLS AND CEILING IN THE KITCHEN LOCATED AT APT 2B, 2nd STORY, 3rd APARTMENT FROM EAST AT SOUTH , SECTION ''west''",2025-07-25,2.0,NOV SENT OUT,07/25/2025,Original,Open,N,2025,2025.0
BOSTON SECOR,BRONX,538,9/26/24,3475 BIVONA STREET,3475.0,BIVONA STREET,3475 BIVONA STREET,17862941,49694,229053.0,2,3475,3475,3485,BIVONA STREET,B,2025-05-01,2025-05-01,06/20/2025,06/06/2025,,,06/02/2025,1503.0,9739236.0,"§ 27-2046.1 HMC: REPAIR OR REPLACE THE CARBON MONOXIDE DETECTING DEVICE(S). DEFECTIVE IN THE ENTIRE APARTMENT LOCATED AT APT 2B, 2nd STORY, 4th APARTMENT FROM SOUTH AT WEST",2025-05-02,9.0,VIOLATION DISMISSED,08/13/2025,Original,Close,N,2025,2025.0
BOSTON SECOR,BRONX,538,9/26/24,3475 BIVONA STREET,3475.0,BIVONA STREET,3475 BIVONA STREET,18265838,49694,229053.0,2,3475,3475,3485,BIVONA STREET,A,2025-10-01,2025-10-02,01/19/2026,01/05/2026,,,,556.0,10015759.0,"§ 27-2013 ADM CODE PAINT WITH LIGHT COLORED PAINT TO THE SATISFACTION OF THIS DEPARTMENT NORTH , SOUTH AND WEST WALLS IN THE BATHROOM LOCATED AT APT 16G, 16th STORY, 1st APARTMENT FROM EAST AT SOUTH",2025-10-02,2.0,NOV SENT OUT,10/02/2025,Original,Open,N,2025,2025.0
BOSTON SECOR,BRONX,538,9/26/24,3475 BIVONA STREET,3475.0,BIVONA STREET,3475 BIVONA STREET,18265839,49694,229053.0,2,3475,3475,3485,BIVONA STREET,B,2025-10-01,2025-10-02,11/20/2025,11/06/2025,,,,508.0,10015760.0,"§ 27-2005 ADM CODE REPAIR THE BROKEN OR DEFECTIVE PLASTERED SURFACES AND PAINT IN A UNIFORM COLOR AT NORTH WALL IN THE 2nd ROOM FROM EAST LOCATED AT APT 16G, 16th STORY, 1st APARTMENT FROM EAST AT SOUTH",2025-10-02,2.0,NOV SENT OUT,10/02/2025,Original,Open,N,2025,2025.0
BOSTON SECOR,BRONX,538,9/26/24,3475 BIVONA STREET,3475.0,BIVONA STREET,3475 BIVONA STREET,18265840,49694,229053.0,2,3475,3475,3485,BIVONA STREET,B,2025-10-01,2025-10-02,11/20/2025,11/06/2025,,,,508.0,10015760.0,"§ 27-2005 ADM CODE REPAIR THE BROKEN OR DEFECTIVE PLASTERED SURFACES AND PAINT IN A UNIFORM COLOR WALLS INSIDE NORTH CLOSET IN THE 2nd ROOM FROM EAST LOCATED AT APT 16G, 16th STORY, 1st APARTMENT FROM EAST AT SOUTH",2025-10-02,2.0,NOV SENT OUT,10/02/2025,Original,Open,N,2025,2025.0
BOSTON SECOR,BRONX,538,9/26/24,3475 BIVONA STREET,3475.0,BIVONA STREET,3475 BIVONA STREET,18265841,49694,229053.0,2,3475,3475,3485,BIVONA STREET,B,2025-10-01,2025-10-02,11/20/2025,11/06/2025,,,,508.0,10015760.0,"§ 27-2005 ADM CODE REPAIR THE BROKEN OR DEFECTIVE PLASTERED SURFACES AND PAINT IN A UNIFORM COLOR AT EAST WALL IN THE KITCHEN LOCATED AT APT 16G, 16th STORY, 1st APARTMENT FROM EAST AT SOUTH",2025-10-02,2.0,NOV SENT OUT,10/02/2025,Original,Open,N,2025,2025.0
BOSTON SECOR,BRONX,538,9/26/24,3475 BIVONA STREET,3475.0,BIVONA STREET,3475 BIVONA STREET,18265842,49694,229053.0,2,3475,3475,3485,BIVONA STREET,B,2025-10-01,2025-10-02,11/20/2025,11/06/2025,,,,583.0,10015760.0,"§ 27-2026, 2027 HMC: PROPERLY REPAIR THE SOURCE AND ABATE THE EVIDENCE OF A WATER LEAK AT EAST WALL IN THE KITCHEN LOCATED AT APT 16G, 16th STORY, 1st APARTMENT FROM EAST AT SOUTH",2025-10-02,2.0,NOV SENT OUT,10/02/2025,Original,Open,N,2025,2025.0
BOSTON SECOR,BRONX,538,9/26/24,3475 BIVONA STREET,3475.0,BIVONA STREET,3475 BIVONA STREET,18265843,49694,229053.0,2,3475,3475,3485,BIVONA STREET,A,2025-10-01,2025-10-02,01/19/2026,01/05/2026,,,,556.0,10015759.0,"§ 27-2013 ADM CODE PAINT WITH LIGHT COLORED PAINT TO THE SATISFACTION OF THIS DEPARTMENT AT WEST WALL IN THE KITCHEN LOCATED AT APT 16G, 16th STORY, 1st APARTMENT FROM EAST AT SOUTH",2025-10-02,2.0,NOV SENT OUT,10/02/2025,Original,Open,N,2025,2025.0
BOSTON SECOR,BRONX,538,9/26/24,3475 BIVONA STREET,3475.0,BIVONA STREET,3475 BIVONA STREET,18265844,49694,229053.0,2,3475,3475,3485,BIVONA STREET,A,2025-10-01,2025-10-02,01/19/2026,01/05/2026,,,,556.0,10015759.0,"§ 27-2013 ADM CODE PAINT WITH LIGHT COLORED PAINT TO THE SATISFACTION OF THIS DEPARTMENT AT NORTH WALL AND CEILING IN THE PRIVATE HALLWAY LOCATED AT APT 16G, 16th STORY, 1st APARTMENT FROM EAST AT SOUTH",2025-10-02,2.0,NOV SENT OUT,10/02/2025,Original,Open,N,2025,2025.0
BOSTON SECOR,BRONX,538,9/26/24,3475 BIVONA STREET,3475.0,BIVONA STREET,3475 BIVONA STREET,18265845,49694,229053.0,2,3475,3475,3485,BIVONA STREET,A,2025-10-01,2025-10-02,01/19/2026,01/05/2026,,,,556.0,10015759.0,"§ 27-2013 ADM CODE PAINT WITH LIGHT COLORED PAINT TO THE SATISFACTION OF THIS DEPARTMENT AT SOUTH WAL IN THE 1st ROOM FROM NORTH LOCATED AT APT 16G, 16th STORY, 1st APARTMENT FROM EAST AT SOUTH",2025-10-02,2.0,NOV SENT OUT,10/02/2025,Original,Open,N,2025,2025.0
BOSTON SECOR,BRONX,538,9/26/24,3555 BIVONA STREET,3555.0,BIVONA STREET,3555 BIVONA STREET,17631220,806294,229054.0,2,3555,3545,3565,BIVONA STREET,C,2025-01-18,2025-01-18,02/09/2025,02/04/2025,,,02/07/2025,530.0,9589465.0,"§ 27-2005, 27-2007, 27-2041.1 HMC, §238, § 309; § 107 (2) ( C) MDL AND 28 RCNY §25-171: REPLACE OR REPAIR THE SELF-CLOSING DOORS THAT IS MISSING OR DEFECTIVE FRAME AT DOOR IN THE ENTRANCE LOCATED AT APT 18J, 18th STORY, 3rd APARTMENT FROM SOUTH AT WEST",2025-01-21,9.0,VIOLATION DISMISSED,04/21/2025,Original,Close,N,2025,2025.0
BOSTON SECOR,BRONX,538,9/26/24,3555 BIVONA STREET,3555.0,BIVONA STREET,3555 BIVONA STREET,17631218,806294,229054.0,2,3555,3545,3565,BIVONA STREET,C,2025-01-18,2025-01-18,02/21/2025,02/16/2025,,,02/20/2025,568.0,9589463.0,"HMC ADM CODE: § 27-2017.4 ABATE THE INFESTATION CONSISTING OF ROACHES IN THE ENTIRE APARTMENT LOCATED AT APT 18J, 18th STORY, 3rd APARTMENT FROM SOUTH AT WEST",2025-01-21,19.0,VIOLATION CLOSED,05/06/2025,Original,Close,N,2025,2025.0
BOSTON SECOR,BRONX,538,9/26/24,3555 BIVONA STREET,3555.0,BIVONA STREET,3555 BIVONA STREET,17631219,806294,229054.0,2,3555,3545,3565,BIVONA STREET,C,2025-01-18,2025-01-18,02/21/2025,02/16/2025,,,02/20/2025,569.0,9589463.0,"HMC ADM CODE: § 27-2017.4 ABATE THE INFESTATION CONSISTING OF MICE IN THE ENTIRE APARTMENT LOCATED AT APT 18J, 18th STORY, 3rd APARTMENT FROM SOUTH AT WEST",2025-01-21,19.0,VIOLATION CLOSED,05/06/2025,Original,Close,N,2025,2025.0
BOSTON SECOR,BRONX,538,9/26/24,3555 BIVONA STREET,3555.0,BIVONA STREET,3555 BIVONA STREET,17631221,806294,229054.0,2,3555,3545,3565,BIVONA STREET,C,2025-01-18,2025-01-18,02/09/2025,02/04/2025,,,02/07/2025,530.0,9589464.0,"§ 27-2005, 27-2007, 27-2041.1 HMC, §238, § 309; § 107 (2) ( C) MDL AND 28 RCNY §25-171: REPLACE OR REPAIR THE SELF-CLOSING DOORS THAT IS MISSING OR DEFECTIVE LATCH SET AT BUILDING ENTRANCE DOOR (FROM STREET TO 1ST STORY PUBLIC HALL AT PUBLIC HALL, 1st STORY",2025-01-21,19.0,VIOLATION CLOSED,02/14/2025,Original,Close,N,2025,2025.0
BOSTON SECOR,BRONX,538,9/26/24,3555 BIVONA STREET,3555.0,BIVONA STREET,3555 BIVONA STREET,17631222,806294,229054.0,2,3555,3545,3565,BIVONA STREET,C,2025-01-18,2025-01-18,02/03/2025,01/27/2025,,,02/03/2025,501.0,9589462.0,"§ 27-2005 HMC: PROPERLY REPAIR OR REPLACE THE BROKEN OR DEFECTIVE HEAVY DUTY LOCK LATCH AND ASSEMBLY AT BUILDING ENTRANCE DOOR (FROM STREET TO 1ST STORY PUBLIC HALL AT PUBLIC HALL, 1st STORY",2025-01-21,9.0,VIOLATION DISMISSED,04/16/2025,Original,Close,N,2025,2025.0
BOSTON SECOR,BRONX,538,9/26/24,3555 BIVONA STREET,3555.0,BIVONA STREET,3555 BIVONA STREET,18162039,806294,229054.0,2,3555,3545,3565,BIVONA STREET,B,2025-08-15,2025-08-16,10/06/2025,09/22/2025,,,,583.0,9956258.0,"§ 27-2026, 2027 HMC: PROPERLY REPAIR THE SOURCE AND ABATE THE EVIDENCE OF A WATER LEAK AT CEILING AND SOUTH WALL IN THE KITCHEN LOCATED AT APT 6G, 6th STORY, 1st APARTMENT FROM SOUTH AT WEST",2025-08-18,2.0,NOV SENT OUT,08/18/2025,Original,Open,N,2025,2025.0
BOSTON SECOR,BRONX,538,9/26/24,3555 BIVONA STREET,3555.0,BIVONA STREET,3555 BIVONA STREET,18162040,806294,229054.0,2,3555,3545,3565,BIVONA STREET,B,2025-08-15,2025-08-16,10/06/2025,09/22/2025,,,,508.0,9956258.0,"§ 27-2005 ADM CODE REPAIR THE BROKEN OR DEFECTIVE PLASTERED SURFACES AND PAINT IN A UNIFORM COLOR AT CEILING AND SOUTH WALL IN THE KITCHEN LOCATED AT APT 6G, 6th STORY, 1st APARTMENT FROM SOUTH AT WEST",2025-08-18,2.0,NOV SENT OUT,08/18/2025,Original,Open,N,2025,2025.0
BOSTON SECOR,BRONX,538,9/26/24,3555 BIVONA STREET,3555.0,BIVONA STREET,3555 BIVONA STREET,18162041,806294,229054.0,2,3555,3545,3565,BIVONA STREET,B,2025-08-15,2025-08-16,10/06/2025,09/22/2025,,,,508.0,9956258.0,"§ 27-2005 ADM CODE REPAIR THE BROKEN OR DEFECTIVE PLASTERED SURFACES AND PAINT IN A UNIFORM COLOR AT CEILING AND NORTH WALL IN THE 1st ROOM FROM EAST LOCATED AT APT 6G, 6th STORY, 1st APARTMENT FROM SOUTH AT WEST",2025-08-18,2.0,NOV SENT OUT,08/18/2025,Original,Open,N,2025,2025.0
BOSTON SECOR,BRONX,538,9/26/24,3555 BIVONA STREET,3555.0,BIVONA STREET,3555 BIVONA STREET,18162042,806294,229054.0,2,3555,3545,3565,BIVONA STREET,B,2025-08-15,2025-08-16,10/06/2025,09/22/2025,,,,583.0,9956258.0,"§ 27-2026, 2027 HMC: PROPERLY REPAIR THE SOURCE AND ABATE THE EVIDENCE OF A WATER LEAK AT CEILING AND NORTH WALL IN THE 1st ROOM FROM EAST LOCATED AT APT 6G, 6th STORY, 1st APARTMENT FROM SOUTH AT WEST",2025-08-18,2.0,NOV SENT OUT,08/18/2025,Original,Open,N,2025,2025.0
BOSTON SECOR,BRONX,538,9/26/24,3555 BIVONA STREET,3555.0,BIVONA STREET,3555 BIVONA STREET,18162043,806294,229054.0,2,3555,3545,3565,BIVONA STREET,B,2025-08-15,2025-08-16,10/06/2025,09/22/2025,,,,508.0,9956259.0,"§ 27-2005 ADM CODE REPAIR THE BROKEN OR DEFECTIVE PLASTERED SURFACES AND PAINT IN A UNIFORM COLOR AT CEILING INSIDE THE CLOSET IN THE 2nd ROOM FROM EAST LOCATED AT APT 15F, 15th STORY, 4th APARTMENT FROM NORTH AT EAST",2025-08-18,2.0,NOV SENT OUT,08/18/2025,Original,Open,N,2025,2025.0
BOSTON SECOR,BRONX,538,9/26/24,3555 BIVONA STREET,3555.0,BIVONA STREET,3555 BIVONA STREET,18162044,806294,229054.0,2,3555,3545,3565,BIVONA STREET,B,2025-08-15,2025-08-16,10/06/2025,09/22/2025,,,,502.0,9956259.0,"§ 27-2005 ADM CODE PROPERLY REPAIR WITH SIMILAR MATERIAL THE BROKEN OR DEFECTIVE AT WOOD FLOOR INSIDE THE CLOSET IN THE 2nd ROOM FROM EAST LOCATED AT APT 15F, 15th STORY, 4th APARTMENT FROM NORTH AT EAST",2025-08-18,2.0,NOV SENT OUT,08/18/2025,Original,Open,N,2025,2025.0
BOSTON SECOR,BRONX,538,9/26/24,3555 BIVONA STREET,3555.0,BIVONA STREET,3555 BIVONA STREET,18162045,806294,229054.0,2,3555,3545,3565,BIVONA STREET,B,2025-08-15,2025-08-16,10/06/2025,09/22/2025,,,,501.0,9956259.0,"§ 27-2005 HMC: PROPERLY REPAIR OR REPLACE THE BROKEN OR DEFECTIVE ENTRANCE DOOR IN THE 2nd ROOM FROM EAST LOCATED AT APT 15F, 15th STORY, 4th APARTMENT FROM NORTH AT EAST",2025-08-18,2.0,NOV SENT OUT,08/18/2025,Original,Open,N,2025,2025.0
BOSTON SECOR,BRONX,538,9/26/24,3555 BIVONA STREET,3555.0,BIVONA STREET,3555 BIVONA STREET,18162046,806294,229054.0,2,3555,3545,3565,BIVONA STREET,B,2025-08-15,2025-08-16,10/06/2025,09/22/2025,,,,508.0,9956259.0,"§ 27-2005 ADM CODE REPAIR THE BROKEN OR DEFECTIVE PLASTERED SURFACES AND PAINT IN A UNIFORM COLOR AT WEST WALL IN THE PRIVATE HALLWAY LOCATED AT APT 15F, 15th STORY, 4th APARTMENT FROM NORTH AT EAST",2025-08-18,2.0,NOV SENT OUT,08/18/2025,Original,Open,N,2025,2025.0
BOSTON SECOR,BRONX,538,9/26/24,3555 BIVONA STREET,3555.0,BIVONA STREET,3555 BIVONA STREET,18162047,806294,229054.0,2,3555,3545,3565,BIVONA STREET,B,2025-08-15,2025-08-16,10/06/2025,09/22/2025,,,,1503.0,9956259.0,"§ 27-2045(B)(1)(B) HMC, § 12-06, § 12-07, § 12-09 RCNY REPAIR, REPLACE OR PROVIDE AN APPROVED AND OPERATIONAL CARBON MONOXIDE DETECTING DEVICE, INSTALLED IN ACCORDANCE WITH APPLICABLE LAW AND RULES MISSING IN THE ENTIRE APARTMENT LOCATED AT APT 15F, 15th STORY, 4th APARTMENT FROM NORTH AT EAST",2025-08-18,2.0,NOV SENT OUT,08/18/2025,Original,Open,N,2025,2025.0
BOSTON SECOR,BRONX,538,9/26/24,3555 BIVONA STREET,3555.0,BIVONA STREET,3555 BIVONA STREET,18162048,806294,229054.0,2,3555,3545,3565,BIVONA STREET,B,2025-08-15,2025-08-16,10/06/2025,09/22/2025,,,,702.0,9956259.0,"§ 27-2045(B)(1)(A) HMC, § 12-01, § 12-03 RCNY REPAIR, REPLACE OR PROVIDE AN APPROVED AND OPERATIONAL SMOKE DETECTING DEVICE, INSTALLED IN ACCORDANCE WITH DEPARTMENT OF BUILDINGS RULES AND REGULATIONS MISSING IN THE ENTIRE APARTMENT LOCATED AT APT 15F, 15th STORY, 4th APARTMENT FROM NORTH AT EAST",2025-08-18,2.0,NOV SENT OUT,08/18/2025,Original,Open,N,2025,2025.0
BOSTON SECOR,BRONX,538,9/26/24,3550 BIVONA STREET,3550.0,BIVONA STREET,3550 BIVONA STREET,17405359,49695,229056.0,2,3550,3550,3580,BIVONA STREET,B,2024-11-07,2024-11-08,12/31/2024,12/17/2024,,,12/30/2024,583.0,9420795.0,"§ 27-2026, 2027 HMC: PROPERLY REPAIR THE SOURCE AND ABATE THE EVIDENCE OF A WATER LEAK AT CEILING IN THE KITCHEN LOCATED AT APT 6J, 6th STORY, 3rd APARTMENT FROM WEST AT NORTH",2024-11-12,9.0,VIOLATION DISMISSED,03/12/2025,Original,Close,N,2024,2024.0
BOSTON SECOR,BRONX,538,9/26/24,3550 BIVONA STREET,3550.0,BIVONA STREET,3550 BIVONA STREET,17764563,49695,229056.0,2,3550,3550,3580,BIVONA STREET,C,2025-03-17,2025-03-17,04/18/2025,04/13/2025,,,03/28/2025,568.0,9674292.0,"HMC ADM CODE: § 27-2017.4 ABATE THE INFESTATION CONSISTING OF ROACHES IN THE ENTIRE APARTMENT LOCATED AT APT 4H, 4th STORY, 2nd APARTMENT FROM NORTH AT EAST",2025-03-18,21.0,NOT COMPLIED WITH,04/17/2025,Original,Open,N,2025,2025.0
BOSTON SECOR,BRONX,538,9/26/24,3550 BIVONA STREET,3550.0,BIVONA STREET,3550 BIVONA STREET,17405360,49695,229056.0,2,3550,3550,3580,BIVONA STREET,C,2024-11-07,2024-11-08,11/25/2024,11/18/2024,,,11/22/2024,508.0,9420796.0,"§ 27-2005 ADM CODE REPAIR THE BROKEN OR DEFECTIVE PLASTERED SURFACES AND PAINT IN A UNIFORM COLOR AT CEILING IN THE BATHROOM LOCATED AT APT 6J, 6th STORY, 3rd APARTMENT FROM WEST AT NORTH",2024-11-12,9.0,VIOLATION DISMISSED,02/03/2025,Original,Close,N,2024,2024.0
BOSTON SECOR,BRONX,538,9/26/24,3550 BIVONA STREET,3550.0,BIVONA STREET,3550 BIVONA STREET,17841863,49695,229056.0,2,3550,3550,3580,BIVONA STREET,C,2025-04-16,2025-04-17,04/29/2025,04/17/2025,,,04/29/2025,670.0,9719433.0,"§ 27-2031 ADM CODE PROVIDE HOT WATER AT ALL HOT WATER FIXTURES IN THE ENTIRE APARTMENT LOCATED AT APT 4H, 4th STORY",2025-04-18,19.0,VIOLATION CLOSED,07/01/2025,Original,Close,Y,2025,2025.0
BOSTON SECOR,BRONX,538,9/26/24,3550 BIVONA STREET,3550.0,BIVONA STREET,3550 BIVONA STREET,17764565,49695,229056.0,2,3550,3550,3580,BIVONA STREET,C,2025-03-17,2025-03-17,03/31/2025,03/24/2025,,,03/24/2025,672.0,9674291.0,§ 27-2033 ADM CODE PROVIDE READY ACCESS TO BUILDINGS HEATING SYSTEM DOOR LOCKED AT BOILER ROOM,2025-03-18,19.0,VIOLATION CLOSED,04/17/2025,Original,Close,N,2025,2025.0
BOSTON SECOR,BRONX,538,9/26/24,3550 BIVONA STREET,3550.0,BIVONA STREET,3550 BIVONA STREET,17667061,49695,229056.0,2,3550,3550,3580,BIVONA STREET,B,2025-02-02,2025-02-02,03/24/2025,03/10/2025,,,03/24/2025,501.0,9608999.0,"§ 27-2005 HMC: PROPERLY REPAIR OR REPLACE THE BROKEN OR DEFECTIVE BUILDING ENTRANCE DOOR LOCK AND ASSEMBLY FROM STREET AT PUBLIC HALL, 1st STORY",2025-02-03,21.0,NOT COMPLIED WITH,04/17/2025,Original,Open,N,2025,2025.0
BOSTON SECOR,BRONX,538,9/26/24,3550 BIVONA STREET,3550.0,BIVONA STREET,3550 BIVONA STREET,17888449,49695,229056.0,2,3550,3550,3580,BIVONA STREET,C,2025-05-13,2025-05-13,05/26/2025,05/14/2025,,,05/16/2025,670.0,9755614.0,"§ 27-2031 ADM CODE PROVIDE HOT WATER AT ALL HOT WATER FIXTURES IN THE ENTIRE APARTMENT LOCATED AT APT 4F, 4th STORY, 4th APARTMENT FROM NORTH AT EAST",2025-05-14,19.0,VIOLATION CLOSED,07/01/2025,Original,Close,Y,2025,2025.0
BOSTON SECOR,BRONX,538,9/26/24,3550 BIVONA STREET,3550.0,BIVONA STREET,3550 BIVONA STREET,17895806,49695,229056.0,2,3550,3550,3580,BIVONA STREET,C,2025-05-15,2025-05-15,05/28/2025,05/16/2025,,,05/20/2025,670.0,9758891.0,"§ 27-2031 ADM CODE PROVIDE HOT WATER AT ALL HOT WATER FIXTURES IN THE ENTIRE APARTMENT LOCATED AT APT 4F, 4th STORY, 4th APARTMENT FROM SOUTH AT WEST",2025-05-16,19.0,VIOLATION CLOSED,07/01/2025,Original,Close,Y,2025,2025.0
BOSTON SECOR,BRONX,538,9/26/24,3550 BIVONA STREET,3550.0,BIVONA STREET,3550 BIVONA STREET,17764564,49695,229056.0,2,3550,3550,3580,BIVONA STREET,C,2025-03-17,2025-03-17,04/18/2025,04/13/2025,,,03/28/2025,569.0,9674292.0,"HMC ADM CODE: § 27-2017.4 ABATE THE INFESTATION CONSISTING OF MICE IN THE ENTIRE APARTMENT LOCATED AT APT 4H, 4th STORY, 2nd APARTMENT FROM NORTH AT EAST",2025-03-18,21.0,NOT COMPLIED WITH,04/17/2025,Original,Open,N,2025,2025.0
BOSTON SECOR,BRONX,538,9/26/24,3550 BIVONA STREET,3550.0,BIVONA STREET,3550 BIVONA STREET,17841372,49695,229056.0,2,3550,3550,3580,BIVONA STREET,C,2025-04-16,2025-04-17,05/19/2025,05/14/2025,,,05/16/2025,568.0,9719699.0,"HMC ADM CODE: § 27-2017.4 ABATE THE INFESTATION CONSISTING OF ROACHES IN THE ENTIRE APARTMENT LOCATED AT APT 4H, 4th STORY",2025-04-18,21.0,NOT COMPLIED WITH,07/01/2025,Original,Open,N,2025,2025.0
BOSTON SECOR,BRONX,538,9/26/24,3550 BIVONA STREET,3550.0,BIVONA STREET,3550 BIVONA STREET,17888450,49695,229056.0,2,3550,3550,3580,BIVONA STREET,C,2025-05-13,2025-05-13,05/27/2025,05/20/2025,,,05/16/2025,672.0,9755763.0,§ 27-2033 ADM CODE PROVIDE READY ACCESS TO BUILDINGS HEATING SYSTEM DOOR LOCKED AT BOILER ROOM,2025-05-14,21.0,NOT COMPLIED WITH,07/01/2025,Original,Open,N,2025,2025.0
BOSTON SECOR,BRONX,538,9/26/24,3550 BIVONA STREET,3550.0,BIVONA STREET,3550 BIVONA STREET,18159588,49695,229056.0,2,3550,3550,3580,BIVONA STREET,C,2025-08-13,2025-08-14,09/15/2025,09/10/2025,,,,568.0,9952411.0,"HMC ADM CODE: § 27-2017.4 ABATE THE INFESTATION CONSISTING OF ROACHES IN THE ENTIRE APARTMENT LOCATED AT APT 13E, 13th STORY, 3rd APARTMENT FROM SOUTH AT WEST",2025-08-15,47.0,NOTICE OF ISSUANCE SENT TO TENANT,08/15/2025,Original,Open,N,2025,2025.0
BOSTON SECOR,BRONX,538,9/26/24,3550 BIVONA STREET,3550.0,BIVONA STREET,3550 BIVONA STREET,17752588,49695,229056.0,2,3550,3550,3580,BIVONA STREET,C,2025-03-07,2025-03-07,03/20/2025,03/08/2025,,,03/19/2025,670.0,9661072.0,"§ 27-2031 ADM CODE PROVIDE HOT WATER AT ALL HOT WATER FIXTURES IN THE ENTIRE APARTMENT LOCATED AT APT 13D, 13th STORY, 2nd APARTMENT FROM SOUTH AT WEST",2025-03-10,9.0,VIOLATION DISMISSED,05/30/2025,Original,Close,Y,2025,2025.0
BOSTON SECOR,BRONX,538,9/26/24,3550 BIVONA STREET,3550.0,BIVONA STREET,3550 BIVONA STREET,17752597,49695,229056.0,2,3550,3550,3580,BIVONA STREET,C,2025-03-07,2025-03-07,03/23/2025,03/16/2025,,,03/19/2025,672.0,9661762.0,§ 27-2033 ADM CODE PROVIDE READY ACCESS TO BUILDINGS HEATING SYSTEM DOOR LOCKED AT BOILER ROOM,2025-03-10,19.0,VIOLATION CLOSED,04/17/2025,Original,Close,N,2025,2025.0
BOSTON SECOR,BRONX,538,9/26/24,3550 BIVONA STREET,3550.0,BIVONA STREET,3550 BIVONA STREET,17841374,49695,229056.0,2,3550,3550,3580,BIVONA STREET,C,2025-04-16,2025-04-17,05/19/2025,05/14/2025,,,05/16/2025,569.0,9719699.0,"HMC ADM CODE: § 27-2017.4 ABATE THE INFESTATION CONSISTING OF MICE IN THE ENTIRE APARTMENT LOCATED AT APT 4H, 4th STORY",2025-04-18,19.0,VIOLATION CLOSED,07/18/2025,Original,Close,N,2025,2025.0
BOSTON SECOR,BRONX,538,9/26/24,3550 BIVONA STREET,3550.0,BIVONA STREET,3550 BIVONA STREET,17841149,49695,229056.0,2,3550,3550,3580,BIVONA STREET,B,2025-04-16,2025-04-17,06/06/2025,05/23/2025,,,04/23/2025,501.0,9719697.0,§ 27-2005 HMC: PROPERLY REPAIR OR REPLACE THE BROKEN OR DEFECTIVE LATCH SET AND ASSEMBLY AT BUILDING ENTRANCE DOOR,2025-04-18,21.0,NOT COMPLIED WITH,07/01/2025,Original,Open,N,2025,2025.0
BOSTON SECOR,BRONX,538,9/26/24,3550 BIVONA STREET,3550.0,BIVONA STREET,3550 BIVONA STREET,17841184,49695,229056.0,2,3550,3550,3580,BIVONA STREET,C,2025-04-16,2025-04-17,05/07/2025,05/02/2025,,,04/23/2025,530.0,9719701.0,"§ 27-2005, 27-2007, 27-2041.1 HMC, §238, § 309; § 107 (2) ( C) MDL AND 28 RCNY §25-171: REPLACE OR REPAIR THE SELF-CLOSING DOORS THAT IS MISSING OR DEFECTIVE HINGES",2025-04-18,19.0,VIOLATION CLOSED,04/27/2025,Original,Close,N,2025,2025.0
BOSTON SECOR,BRONX,538,9/26/24,3550 BIVONA STREET,3550.0,BIVONA STREET,3550 BIVONA STREET,17405358,49695,229056.0,2,3550,3550,3580,BIVONA STREET,B,2024-11-07,2024-11-08,12/31/2024,12/17/2024,,,12/30/2024,508.0,9420795.0,"§ 27-2005 ADM CODE REPAIR THE BROKEN OR DEFECTIVE PLASTERED SURFACES AND PAINT IN A UNIFORM COLOR AT CEILING IN THE KITCHEN LOCATED AT APT 6J, 6th STORY, 3rd APARTMENT FROM WEST AT NORTH",2024-11-12,9.0,VIOLATION DISMISSED,03/12/2025,Original,Close,N,2024,2024.0
BOSTON SECOR,BRONX,538,9/26/24,3550 BIVONA STREET,3550.0,BIVONA STREET,3550 BIVONA STREET,17841868,49695,229056.0,2,3550,3550,3580,BIVONA STREET,C,2025-04-16,2025-04-17,05/01/2025,04/24/2025,,,04/30/2025,671.0,9719698.0,"§ 27-2033 ADM CODE POST NOTICE, IN FORM APPROVED BY THE DEPARTMENT, STATING THE NAME AND LOCATION OF THE PERSON DESIGNATED BY THE OWNER TO HAVE KEY TO BUILDINGS HEATING SYSTEM SIGN MISSING.",2025-04-18,19.0,VIOLATION CLOSED,07/01/2025,Original,Close,N,2025,2025.0
BOSTON SECOR,BRONX,538,9/26/24,3550 BIVONA STREET,3550.0,BIVONA STREET,3550 BIVONA STREET,17841145,49695,229056.0,2,3550,3550,3580,BIVONA STREET,C,2025-04-16,2025-04-17,05/07/2025,05/02/2025,,,04/23/2025,530.0,9719700.0,"§ 27-2005, 27-2007, 27-2041.1 HMC, §238, § 309; § 107 (2) ( C) MDL AND 28 RCNY §25-171: REPLACE OR REPAIR THE SELF-CLOSING DOORS THAT IS MISSING OR DEFECTIVE LATCH",2025-04-18,19.0,VIOLATION CLOSED,04/27/2025,Original,Close,N,2025,2025.0
BOSTON SECOR,BRONX,538,9/26/24,3550 BIVONA STREET,3550.0,BIVONA STREET,3550 BIVONA STREET,17841858,49695,229056.0,2,3550,3550,3580,BIVONA STREET,C,2025-04-16,2025-04-17,05/07/2025,05/02/2025,,,04/23/2025,530.0,9719702.0,"§ 27-2005, 27-2007, 27-2041.1 HMC, §238, § 309; § 107 (2) ( C) MDL AND 28 RCNY §25-171: REPLACE OR REPAIR THE SELF-CLOSING DOORS THAT IS MISSING OR DEFECTIVE HINGES IN THE ENTIRE APARTMENT LOCATED AT APT 4H, 4th STORY",2025-04-18,19.0,VIOLATION CLOSED,04/27/2025,Original,Close,N,2025,2025.0
BOSTON SECOR,BRONX,538,9/26/24,3550 BIVONA STREET,3550.0,BIVONA STREET,3550 BIVONA STREET,17764562,49695,229056.0,2,3550,3550,3580,BIVONA STREET,C,2025-03-17,2025-03-17,03/30/2025,03/18/2025,,,03/27/2025,670.0,9674033.0,"§ 27-2031 ADM CODE PROVIDE HOT WATER AT ALL HOT WATER FIXTURES IN THE ENTIRE APARTMENT LOCATED AT APT 4H, 4th STORY, 2nd APARTMENT FROM NORTH AT EAST",2025-03-18,19.0,VIOLATION CLOSED,04/23/2025,Original,Close,Y,2025,2025.0
BOSTON SECOR,BRONX,538,9/26/24,3550 BIVONA STREET,3550.0,BIVONA STREET,3550 BIVONA STREET,17895807,49695,229056.0,2,3550,3550,3580,BIVONA STREET,C,2025-05-15,2025-05-15,05/29/2025,05/22/2025,,,05/16/2025,672.0,9759192.0,§ 27-2033 ADM CODE PROVIDE READY ACCESS TO BUILDINGS HEATING SYSTEM DOOR LOCKED AT BOILER ROOM,2025-05-16,21.0,NOT COMPLIED WITH,07/01/2025,Original,Open,N,2025,2025.0
BOSTON SECOR,BRONX,538,9/26/24,3550 BIVONA STREET,3550.0,BIVONA STREET,3550 BIVONA STREET,17405361,49695,229056.0,2,3550,3550,3580,BIVONA STREET,B,2024-11-07,2024-11-08,12/31/2024,12/17/2024,,,12/30/2024,583.0,9420795.0,"§ 27-2026, 2027 HMC: PROPERLY REPAIR THE SOURCE AND ABATE THE EVIDENCE OF A WATER LEAK AT CEILING IN THE BATHROOM LOCATED AT APT 6J, 6th STORY, 3rd APARTMENT FROM WEST AT NORTH",2024-11-12,9.0,VIOLATION DISMISSED,03/12/2025,Original,Close,N,2024,2024.0
BOSTON SECOR,BRONX,538,9/26/24,3550 BIVONA STREET,3550.0,BIVONA STREET,3550 BIVONA STREET,17698430,49695,229056.0,2,3550,3550,3580,BIVONA STREET,B,2025-02-16,2025-02-16,04/08/2025,03/25/2025,,,04/07/2025,501.0,9630055.0,"§ 27-2005 HMC: PROPERLY REPAIR OR REPLACE THE BROKEN OR DEFECTIVE LATCH SET AND IT'S ASSEMBLIES AT DOOR FROM STREET TO 1ST STORY PUBLIC HALL , 1st STORY",2025-02-18,21.0,NOT COMPLIED WITH,04/17/2025,Original,Open,N,2025,2025.0
BOSTON SECOR,BRONX,538,9/26/24,3550 BIVONA STREET,3550.0,BIVONA STREET,3550 BIVONA STREET,17698429,49695,229056.0,2,3550,3550,3580,BIVONA STREET,C,2025-02-16,2025-02-16,03/09/2025,03/04/2025,,,03/07/2025,530.0,9630056.0,"§ 27-2005, 27-2007, 27-2041.1 HMC, §238, § 309; § 107 (2) ( C) MDL AND 28 RCNY §25-171: REPLACE OR REPAIR THE SELF-CLOSING DOORS THAT IS MISSING OR DEFECTIVE LATCH AT STREET TO 1ST STORY PUBLIC HALL , 1st STORY",2025-02-18,19.0,VIOLATION CLOSED,03/14/2025,Original,Close,N,2025,2025.0
BOSTON SECOR,BRONX,538,9/26/24,3550 BIVONA STREET,3550.0,BIVONA STREET,3550 BIVONA STREET,18067530,49695,229056.0,2,3550,3550,3580,BIVONA STREET,B,2025-07-04,2025-07-05,08/25/2025,08/11/2025,,,,508.0,9896387.0,"§ 27-2005 ADM CODE REPAIR THE BROKEN OR DEFECTIVE PLASTERED SURFACES AND PAINT IN A UNIFORM COLOR THE CEILINGS AND ALL WALLS IN THE ENTIRE APARTMENT LOCATED AT APT 2J, 2nd STORY, 3rd APARTMENT FROM NORTH AT EAST",2025-07-07,2.0,NOV SENT OUT,07/07/2025,Original,Open,N,2025,2025.0
BOSTON SECOR,BRONX,538,9/26/24,2175 REEDS MILL LANE,2175.0,REEDS MILL LANE,2175 REEDS MILL LANE,17549870,806885,229055.0,2,2175,2175,2185,REEDS MILL LANE,C,2024-12-12,2024-12-12,12/26/2024,12/19/2024,,,12/26/2024,577.0,9535248.0,"§ 27-2024 ADM CODE PROVIDE ADEQUATE SUPPLY OF HOT WATER FOR THE FIXTURES .. IN THE ENTIRE APARTMENT LOCATED AT APT 12B, 12th STORY, 4th APARTMENT FROM WEST AT NORTH",2024-12-13,9.0,VIOLATION DISMISSED,03/10/2025,Original,Close,Y,2024,2024.0
BOSTON SECOR,BRONX,538,9/26/24,2175 REEDS MILL LANE,2175.0,REEDS MILL LANE,2175 REEDS MILL LANE,17934890,806885,229055.0,2,2175,2175,2185,REEDS MILL LANE,B,2025-06-03,2025-06-03,07/23/2025,07/09/2025,,,07/14/2025,502.0,9793330.0,"§ 27-2005 ADM CODE PROPERLY REPAIR WITH SIMILAR MATERIAL THE BROKEN OR DEFECTIVE FIRE RETARDANT AT CEILING AT PUBLIC HALL, 11th STORY",2025-06-04,19.0,VIOLATION CLOSED,08/14/2025,Original,Close,N,2025,2025.0
BOSTON SECOR,BRONX,538,9/26/24,2175 REEDS MILL LANE,2175.0,REEDS MILL LANE,2175 REEDS MILL LANE,17581019,806885,229055.0,2,2175,2175,2185,REEDS MILL LANE,B,2024-12-27,2024-12-27,02/17/2025,02/03/2025,,,02/12/2025,598.0,9557528.0,"§ 27-2026 ADM CODE REPAIR THE BROKEN OR DEFECTIVE CONNECTION WASTELINE AT WASHBASIN IN THE BATHROOM LOCATED AT APT 7E, 7th STORY, 3rd APARTMENT FROM EAST AT SOUTH",2024-12-30,9.0,VIOLATION DISMISSED,04/25/2025,Original,Close,N,2024,2024.0
BOSTON SECOR,BRONX,538,9/26/24,2175 REEDS MILL LANE,2175.0,REEDS MILL LANE,2175 REEDS MILL LANE,17510626,806885,229055.0,2,2175,2175,2185,REEDS MILL LANE,C,2024-12-04,2024-12-04,12/18/2024,12/11/2024,,,12/10/2024,672.0,9516074.0,§ 27-2033 ADM CODE PROVIDE READY ACCESS TO BUILDINGS HEATING SYSTEM DOOR LOCKED AT BOILER ROOM,2024-12-05,9.0,VIOLATION DISMISSED,02/20/2025,Original,Close,N,2024,2024.0
BOSTON SECOR,BRONX,538,9/26/24,2175 REEDS MILL LANE,2175.0,REEDS MILL LANE,2175 REEDS MILL LANE,17549869,806885,229055.0,2,2175,2175,2185,REEDS MILL LANE,C,2024-12-12,2024-12-12,12/26/2024,12/19/2024,,,12/26/2024,576.0,9535248.0,"§ 27-2024 ADM CODE PROVIDE ADEQUATE SUPPLY OF COLD WATER FOR THE FIXTURES .. IN THE ENTIRE APARTMENT LOCATED AT APT 12B, 12th STORY, 4th APARTMENT FROM WEST AT NORTH",2024-12-13,9.0,VIOLATION DISMISSED,03/10/2025,Original,Close,Y,2024,2024.0
BOSTON SECOR,BRONX,538,9/26/24,2175 REEDS MILL LANE,2175.0,REEDS MILL LANE,2175 REEDS MILL LANE,17623567,806885,229055.0,2,2175,2175,2185,REEDS MILL LANE,C,2025-01-15,2025-01-15,01/29/2025,01/22/2025,,,01/27/2025,672.0,9583374.0,§ 27-2033 ADM CODE PROVIDE READY ACCESS TO BUILDINGS HEATING SYSTEM DOOR LOCKED AT BOILER ROOM,2025-01-16,9.0,VIOLATION DISMISSED,04/09/2025,Original,Close,N,2025,2025.0
BOSTON SECOR,BRONX,538,9/26/24,2175 REEDS MILL LANE,2175.0,REEDS MILL LANE,2175 REEDS MILL LANE,18049357,806885,229055.0,2,2175,2175,2185,REEDS MILL LANE,B,2025-06-24,2025-06-24,08/15/2025,08/01/2025,,,07/30/2025,510.0,9886364.0,"§ 27-2005 ADM CODE & 309 M/D LAW ABATE THE NUISANCE CONSISTING OF RISER EMITTING HEAT IN THE ENTIRE APARTMENT LOCATED AT APT 11G, 11th STORY, 1st APARTMENT FROM SOUTH AT WEST",2025-06-27,22.0,FIRST NO ACCESS TO RE- INSPECT VIOLATION,08/14/2025,Original,Open,N,2025,2025.0
BOSTON SECOR,BRONX,538,9/26/24,2175 REEDS MILL LANE,2175.0,REEDS MILL LANE,2175 REEDS MILL LANE,9082668,806885,229055.0,2,2175,2175,2185,REEDS MILL LANE,A,2011-08-26,2011-08-29,12/17/2011,12/03/2011,,,,501.0,4241706.0,"§ 27-2005 ADM CODE PROPERLY REPAIR THE BROKEN OR DEFECTIVE BELL BUZZER RETURN SYSTEM AT LOBBY, 1st STORY",2011-08-30,2.0,NOV SENT OUT,08/30/2011,Original,Open,N,2011,2011.0
BOSTON SECOR,BRONX,538,9/26/24,2175 REEDS MILL LANE,2175.0,REEDS MILL LANE,2175 REEDS MILL LANE,18059980,806885,229055.0,2,2175,2175,2185,REEDS MILL LANE,B,2025-06-24,2025-06-24,08/15/2025,08/01/2025,,,07/30/2025,502.0,9886365.0,"§ 27-2005 ADM CODE PROPERLY REPAIR WITH SIMILAR MATERIAL THE BROKEN OR DEFECTIVE FIRE RETARDANT MATERIAL AT CEILING AT PUBLIC HALL, 1st STORY",2025-06-27,21.0,NOT COMPLIED WITH,08/14/2025,Original,Open,N,2025,2025.0
BOSTON SECOR,BRONX,538,9/26/24,2175 REEDS MILL LANE,2175.0,REEDS MILL LANE,2175 REEDS MILL LANE,9082644,806885,229055.0,2,2175,2175,2185,REEDS MILL LANE,B,2011-08-26,2011-08-29,10/18/2011,10/04/2011,,,,508.0,4241707.0,"§ 27-2005 ADM CODE REPAIR THE BROKEN OR DEFECTIVE PLASTERED SURFACES AND PAINT IN A UNIFORM COLOR THE WEST WALL IN THE KITCHEN LOCATED AT APT 11F, 11th STORY, 4th APARTMENT FROM EAST AT SOUTH",2011-08-30,2.0,NOV SENT OUT,08/30/2011,Original,Open,N,2011,2011.0
BOSTON SECOR,BRONX,538,9/26/24,2175 REEDS MILL LANE,2175.0,REEDS MILL LANE,2175 REEDS MILL LANE,9082649,806885,229055.0,2,2175,2175,2185,REEDS MILL LANE,B,2011-08-26,2011-08-29,10/18/2011,10/04/2011,,,,505.0,4241707.0,"§ 27-2005 ADM CODE REPLACE WITH NEW THE BROKEN OR DEFECTIVE BROKEN GLASS AT LOWER SASH WINDOW IN THE 4th ROOM FROM EAST AT NORTH LOCATED AT APT 11F, 11th STORY, 4th APARTMENT FROM EAST AT SOUTH",2011-08-30,2.0,NOV SENT OUT,08/30/2011,Original,Open,N,2011,2011.0
BOSTON SECOR,BRONX,538,9/26/24,2175 REEDS MILL LANE,2175.0,REEDS MILL LANE,2175 REEDS MILL LANE,9082650,806885,229055.0,2,2175,2175,2185,REEDS MILL LANE,B,2011-08-26,2011-08-29,10/18/2011,10/04/2011,,,,501.0,4241707.0,"§ 27-2005 ADM CODE PROPERLY REPAIR THE BROKEN OR DEFECTIVE ELECTRIC OUTLET AT NORTH WALL IN THE 3rd ROOM FROM EAST AT SOUTH LOCATED AT APT 11F, 11th STORY, 4th APARTMENT FROM EAST AT SOUTH",2011-08-30,2.0,NOV SENT OUT,08/30/2011,Original,Open,N,2011,2011.0
BOSTON SECOR,BRONX,538,9/26/24,2175 REEDS MILL LANE,2175.0,REEDS MILL LANE,2175 REEDS MILL LANE,9082651,806885,229055.0,2,2175,2175,2185,REEDS MILL LANE,A,2011-08-26,2011-08-29,12/17/2011,12/03/2011,,,,508.0,4241706.0,"§ 27-2005 ADM CODE REPAIR THE BROKEN OR DEFECTIVE PLASTERED SURFACES AND PAINT IN A UNIFORM COLOR THE NORTH WALL IN THE FOYER LOCATED AT APT 11F, 11th STORY, 4th APARTMENT FROM EAST AT SOUTH",2011-08-30,2.0,NOV SENT OUT,08/30/2011,Original,Open,N,2011,2011.0
BOSTON SECOR,BRONX,538,9/26/24,2175 REEDS MILL LANE,2175.0,REEDS MILL LANE,2175 REEDS MILL LANE,9082653,806885,229055.0,2,2175,2175,2185,REEDS MILL LANE,A,2011-08-26,2011-08-29,12/17/2011,12/03/2011,,,,508.0,4241706.0,"§ 27-2005 ADM CODE REPAIR THE BROKEN OR DEFECTIVE PLASTERED SURFACES AND PAINT IN A UNIFORM COLOR THE EAST WALL IN THE 1st ROOM FROM EAST LOCATED AT APT 11F, 11th STORY, 4th APARTMENT FROM EAST AT SOUTH",2011-08-30,2.0,NOV SENT OUT,08/30/2011,Original,Open,N,2011,2011.0
BOSTON SECOR,BRONX,538,9/26/24,2175 REEDS MILL LANE,2175.0,REEDS MILL LANE,2175 REEDS MILL LANE,9082659,806885,229055.0,2,2175,2175,2185,REEDS MILL LANE,A,2011-08-26,2011-08-29,12/17/2011,12/03/2011,,,,554.0,4241706.0,"§ 27-2005 ADM CODE PAINT METAL IN ACCORDANCE WITH DEPT. REGULATION THE RISER IN THE 4th ROOM FROM EAST AT NORTH LOCATED AT APT 11F, 11th STORY, 4th APARTMENT FROM EAST AT SOUTH",2011-08-30,2.0,NOV SENT OUT,08/30/2011,Original,Open,N,2011,2011.0
BOSTON SECOR,BRONX,538,9/26/24,2175 REEDS MILL LANE,2175.0,REEDS MILL LANE,2175 REEDS MILL LANE,9082665,806885,229055.0,2,2175,2175,2185,REEDS MILL LANE,B,2011-08-26,2011-08-29,10/18/2011,10/04/2011,,,,508.0,4241707.0,"§ 27-2005 ADM CODE REPAIR THE BROKEN OR DEFECTIVE PLASTERED SURFACES AND PAINT IN A UNIFORM COLOR THE CEILING AND SOUTH WALL IN THE BATHROOM LOCATED AT APT 11F, 11th STORY, 4th APARTMENT FROM EAST AT SOUTH",2011-08-30,2.0,NOV SENT OUT,08/30/2011,Original,Open,N,2011,2011.0
BOSTON SECOR,BRONX,538,9/26/24,2175 REEDS MILL LANE,2175.0,REEDS MILL LANE,2175 REEDS MILL LANE,17510624,806885,229055.0,2,2175,2175,2185,REEDS MILL LANE,C,2024-12-04,2024-12-04,12/17/2024,12/05/2024,,,12/10/2024,666.0,9514377.0,"§ 27-2029 ADM CODE PROVIDE AN ADEQUATE SUPPLY OF HEAT FOR THE APARTMENT IN THE ENTIRE APARTMENT LOCATED AT APT 13D, 13th STORY, 2nd APARTMENT FROM NORTH AT EAST",2024-12-05,9.0,VIOLATION DISMISSED,02/20/2025,Original,Close,Y,2024,2024.0
BOSTON SECOR,BRONX,538,9/26/24,2175 REEDS MILL LANE,2175.0,REEDS MILL LANE,2175 REEDS MILL LANE,17510625,806885,229055.0,2,2175,2175,2185,REEDS MILL LANE,C,2024-12-04,2024-12-04,12/17/2024,12/05/2024,,,12/10/2024,670.0,9514377.0,"§ 27-2031 ADM CODE PROVIDE HOT WATER AT ALL HOT WATER FIXTURES IN THE ENTIRE APARTMENT LOCATED AT APT 13D, 13th STORY, 2nd APARTMENT FROM NORTH AT EAST",2024-12-05,9.0,VIOLATION DISMISSED,02/20/2025,Original,Close,Y,2024,2024.0
BOSTON SECOR,BRONX,538,9/26/24,2175 REEDS MILL LANE,2175.0,REEDS MILL LANE,2175 REEDS MILL LANE,17838467,806885,229055.0,2,2175,2175,2185,REEDS MILL LANE,C,2025-04-19,2025-04-19,05/02/2025,04/20/2025,,,04/22/2025,670.0,9721379.0,"§ 27-2031 ADM CODE PROVIDE HOT WATER AT ALL HOT WATER FIXTURES IN THE ENTIRE APARTMENT LOCATED AT APT 6D, 6th STORY, 2nd APARTMENT FROM NORTH AT EAST",2025-04-21,19.0,VIOLATION CLOSED,06/24/2025,Original,Close,Y,2025,2025.0
BOSTON SECOR,BRONX,538,9/26/24,2175 REEDS MILL LANE,2175.0,REEDS MILL LANE,2175 REEDS MILL LANE,17838468,806885,229055.0,2,2175,2175,2185,REEDS MILL LANE,C,2025-04-19,2025-04-19,05/04/2025,04/27/2025,,,04/22/2025,672.0,9723149.0,§ 27-2033 ADM CODE PROVIDE READY ACCESS TO BUILDINGS HEATING SYSTEM DOOR LOCKED AT BOILER ROOM,2025-04-21,19.0,VIOLATION CLOSED,06/24/2025,Original,Close,N,2025,2025.0
BOSTON SECOR,BRONX,538,9/26/24,2175 REEDS MILL LANE,2175.0,REEDS MILL LANE,2175 REEDS MILL LANE,17869897,806885,229055.0,2,2175,2175,2185,REEDS MILL LANE,C,2025-05-04,2025-05-04,05/17/2025,05/05/2025,,,05/13/2025,670.0,9740747.0,"§ 27-2031 ADM CODE PROVIDE HOT WATER AT ALL HOT WATER FIXTURES IN THE ENTIRE APARTMENT LOCATED AT APT 8B, 8th STORY, 5th APARTMENT FROM WEST AT NORTH",2025-05-05,19.0,VIOLATION CLOSED,06/24/2025,Original,Close,Y,2025,2025.0
BOSTON SECOR,BRONX,538,9/26/24,2175 REEDS MILL LANE,2175.0,REEDS MILL LANE,2175 REEDS MILL LANE,17869898,806885,229055.0,2,2175,2175,2185,REEDS MILL LANE,C,2025-05-04,2025-05-04,05/18/2025,05/11/2025,,,05/13/2025,672.0,9743029.0,§ 27-2033 ADM CODE PROVIDE READY ACCESS TO BUILDINGS HEATING SYSTEM DOOR LOCKED AT BOILER ROOM,2025-05-05,19.0,VIOLATION CLOSED,06/24/2025,Original,Close,N,2025,2025.0
BOSTON SECOR,BRONX,538,9/26/24,2175 REEDS MILL LANE,2175.0,REEDS MILL LANE,2175 REEDS MILL LANE,17549871,806885,229055.0,2,2175,2175,2185,REEDS MILL LANE,C,2024-12-12,2024-12-12,01/13/2025,01/08/2025,,,01/08/2025,568.0,9535249.0,"HMC ADM CODE: § 27-2017.4 ABATE THE INFESTATION CONSISTING OF ROACHES IN THE ENTIRE APARTMENT LOCATED AT APT 12B, 12th STORY, 4th APARTMENT FROM WEST AT NORTH",2024-12-13,9.0,VIOLATION DISMISSED,03/21/2025,Original,Close,N,2024,2024.0
BOSTON SECOR,BRONX,538,9/26/24,2175 REEDS MILL LANE,2175.0,REEDS MILL LANE,2175 REEDS MILL LANE,17549872,806885,229055.0,2,2175,2175,2185,REEDS MILL LANE,C,2024-12-12,2024-12-12,01/13/2025,01/08/2025,,,01/08/2025,569.0,9535249.0,"HMC ADM CODE: § 27-2017.4 ABATE THE INFESTATION CONSISTING OF MICE IN THE ENTIRE APARTMENT LOCATED AT APT 12B, 12th STORY, 4th APARTMENT FROM WEST AT NORTH",2024-12-13,9.0,VIOLATION DISMISSED,03/21/2025,Original,Close,N,2024,2024.0
BOSTON SECOR,BRONX,538,9/26/24,2175 REEDS MILL LANE,2175.0,REEDS MILL LANE,2175 REEDS MILL LANE,17699861,806885,229055.0,2,2175,2175,2185,REEDS MILL LANE,A,2025-02-12,2025-02-13,06/03/2025,05/20/2025,,,05/13/2025,556.0,9628472.0,"§ 27-2013 ADM CODE PAINT WITH LIGHT COLORED PAINT TO THE SATISFACTION OF THIS DEPARTMENT AT SOUTH WALL IN THE 5th ROOM FROM EAST AT SOUTH LOCATED AT APT 11F, 11th STORY, 4th APARTMENT FROM EAST AT SOUTH",2025-02-14,9.0,VIOLATION DISMISSED,07/24/2025,Original,Close,N,2025,2025.0
BOSTON SECOR,BRONX,538,9/26/24,2175 REEDS MILL LANE,2175.0,REEDS MILL LANE,2175 REEDS MILL LANE,17699862,806885,229055.0,2,2175,2175,2185,REEDS MILL LANE,A,2025-02-12,2025-02-13,06/03/2025,05/20/2025,,,05/13/2025,554.0,9628472.0,"§ 27-2005 ADM CODE PAINT METAL IN ACCORDANCE WITH DEPT. REGULATION AT RISER IN THE 5th ROOM FROM EAST AT SOUTH LOCATED AT APT 11F, 11th STORY, 4th APARTMENT FROM EAST AT SOUTH",2025-02-14,9.0,VIOLATION DISMISSED,07/24/2025,Original,Close,N,2025,2025.0
BOSTON SECOR,BRONX,538,9/26/24,2175 REEDS MILL LANE,2175.0,REEDS MILL LANE,2175 REEDS MILL LANE,17699863,806885,229055.0,2,2175,2175,2185,REEDS MILL LANE,A,2025-02-12,2025-02-13,06/03/2025,05/20/2025,,,05/13/2025,508.0,9628472.0,"§ 27-2005 ADM CODE REPAIR THE BROKEN OR DEFECTIVE PLASTERED SURFACES AND PAINT IN A UNIFORM COLOR AT CEILING IN THE 5th ROOM FROM EAST AT SOUTH LOCATED AT APT 11F, 11th STORY, 4th APARTMENT FROM EAST AT SOUTH",2025-02-14,9.0,VIOLATION DISMISSED,07/24/2025,Original,Close,N,2025,2025.0
BOSTON SECOR,BRONX,538,9/26/24,2175 REEDS MILL LANE,2175.0,REEDS MILL LANE,2175 REEDS MILL LANE,17699855,806885,229055.0,2,2175,2175,2185,REEDS MILL LANE,B,2025-02-12,2025-02-13,04/04/2025,03/21/2025,,,04/03/2025,508.0,9628473.0,"§ 27-2005 ADM CODE REPAIR THE BROKEN OR DEFECTIVE PLASTERED SURFACES AND PAINT IN A UNIFORM COLOR AT CEILING IN THE BATHROOM LOCATED AT APT 11F, 11th STORY, 4th APARTMENT FROM EAST AT SOUTH",2025-02-14,9.0,VIOLATION DISMISSED,06/16/2025,Original,Close,N,2025,2025.0
BOSTON SECOR,BRONX,538,9/26/24,2175 REEDS MILL LANE,2175.0,REEDS MILL LANE,2175 REEDS MILL LANE,18188880,806885,229055.0,2,2175,2175,2185,REEDS MILL LANE,B,2025-08-26,2025-08-27,10/16/2025,10/02/2025,,,,501.0,9970840.0,"§ 27-2005 HMC: PROPERLY REPAIR OR REPLACE THE BROKEN OR DEFECTIVE ELECTRICAL OUTLETS AT NORTH AND SOUTH WALL IN THE KITCHEN LOCATED AT APT 11C, 11th STORY, 1st APARTMENT FROM NORTH AT EAST",2025-08-28,2.0,NOV SENT OUT,08/28/2025,Original,Open,N,2025,2025.0
BOSTON SECOR,BRONX,538,9/26/24,2175 REEDS MILL LANE,2175.0,REEDS MILL LANE,2175 REEDS MILL LANE,18188881,806885,229055.0,2,2175,2175,2185,REEDS MILL LANE,B,2025-08-26,2025-08-27,10/16/2025,10/02/2025,,,,501.0,9970840.0,"§ 27-2005 HMC: PROPERLY REPAIR OR REPLACE THE BROKEN OR DEFECTIVE ELECTRICAL OUTLETS IN THE ENTIRE APARTMENT LOCATED AT APT 11C, 11th STORY, 1st APARTMENT FROM NORTH AT EAST",2025-08-28,2.0,NOV SENT OUT,08/28/2025,Original,Open,N,2025,2025.0
BOSTON SECOR,BRONX,538,9/26/24,2175 REEDS MILL LANE,2175.0,REEDS MILL LANE,2175 REEDS MILL LANE,17623566,806885,229055.0,2,2175,2175,2185,REEDS MILL LANE,C,2025-01-15,2025-01-15,01/28/2025,01/16/2025,,,01/27/2025,670.0,9581883.0,"§ 27-2031 ADM CODE PROVIDE HOT WATER AT ALL HOT WATER FIXTURES IN THE ENTIRE APARTMENT LOCATED AT APT 14F, 14th STORY, 4th APARTMENT FROM EAST AT SOUTH",2025-01-16,19.0,VIOLATION CLOSED,02/10/2025,Original,Close,Y,2025,2025.0
BOSTON SECOR,BRONX,538,9/26/24,2175 REEDS MILL LANE,2175.0,REEDS MILL LANE,2175 REEDS MILL LANE,17699859,806885,229055.0,2,2175,2175,2185,REEDS MILL LANE,B,2025-02-12,2025-02-13,04/04/2025,03/21/2025,,,04/03/2025,509.0,9628473.0,"§ 27-2005 ADM CODE PROPERLY SECURE THE LOOSE STEEL GRAB BAR AT BATHTUB IN THE BATHROOM LOCATED AT APT 11F, 11th STORY, 4th APARTMENT FROM EAST AT SOUTH",2025-02-14,9.0,VIOLATION DISMISSED,06/16/2025,Original,Close,N,2025,2025.0
BOSTON SECOR,BRONX,538,9/26/24,2175 REEDS MILL LANE,2175.0,REEDS MILL LANE,2175 REEDS MILL LANE,17581020,806885,229055.0,2,2175,2175,2185,REEDS MILL LANE,B,2024-12-27,2024-12-27,02/17/2025,02/03/2025,,,02/12/2025,1503.0,9557528.0,"§ 27-2046.1 HMC: REPAIR OR REPLACE THE CARBON MONOXIDE DETECTING DEVICE(S). DEFECTIVE IN THE ENTIRE APARTMENT LOCATED AT APT 7E, 7th STORY, 3rd APARTMENT FROM EAST AT SOUTH",2024-12-30,9.0,VIOLATION DISMISSED,04/25/2025,Original,Close,N,2024,2024.0
BOSTON SECOR,BRONX,538,9/26/24,2175 REEDS MILL LANE,2175.0,REEDS MILL LANE,2175 REEDS MILL LANE,17581021,806885,229055.0,2,2175,2175,2185,REEDS MILL LANE,B,2024-12-27,2024-12-27,02/17/2025,02/03/2025,,,02/12/2025,702.0,9557528.0,"§ 27-2045 ADM CODE REPAIR OR REPLACE THE SMOKE DETECTOR DEFECTIVE IN THE ENTIRE APARTMENT LOCATED AT APT 7E, 7th STORY, 3rd APARTMENT FROM EAST AT SOUTH",2024-12-30,9.0,VIOLATION DISMISSED,04/25/2025,Original,Close,N,2024,2024.0
BOSTON SECOR,BRONX,538,9/26/24,2175 REEDS MILL LANE,2175.0,REEDS MILL LANE,2175 REEDS MILL LANE,18059982,806885,229055.0,2,2175,2175,2185,REEDS MILL LANE,C,2025-06-24,2025-06-24,07/16/2025,07/11/2025,,,07/01/2025,530.0,9886367.0,"§ 27-2005, 27-2007, 27-2041.1 HMC, §238, § 309; § 107 (2) ( C) MDL AND 28 RCNY §25-171: REPLACE OR REPAIR THE SELF-CLOSING DOORS THAT IS MISSING OR DEFECTIVE LATCH AT FIRE DOOR STAIR ''B'' AT PUBLIC HALL STAIRS, 11th STORY",2025-06-27,19.0,VIOLATION CLOSED,07/03/2025,Original,Close,N,2025,2025.0
BOSTON SECOR,BRONX,538,9/26/24,2175 REEDS MILL LANE,2175.0,REEDS MILL LANE,2175 REEDS MILL LANE,17699852,806885,229055.0,2,2175,2175,2185,REEDS MILL LANE,B,2025-02-12,2025-02-13,04/04/2025,03/21/2025,,,04/03/2025,688.0,9628473.0,"§ 27-2037, 2038 HMC: PROVIDE A SAFE AND ADEQUATE SUPPLY OF ELECTRIC SERVICE TO THE FIXTURES AT CEILING IN THE FOYER LOCATED AT APT 11F, 11th STORY, 4th APARTMENT FROM EAST AT SOUTH",2025-02-14,9.0,VIOLATION DISMISSED,06/16/2025,Original,Close,N,2025,2025.0
BOSTON SECOR,BRONX,538,9/26/24,2175 REEDS MILL LANE,2175.0,REEDS MILL LANE,2175 REEDS MILL LANE,17699853,806885,229055.0,2,2175,2175,2185,REEDS MILL LANE,B,2025-02-12,2025-02-13,04/04/2025,03/21/2025,,,04/03/2025,508.0,9628473.0,"§ 27-2005 ADM CODE REPAIR THE BROKEN OR DEFECTIVE PLASTERED SURFACES AND PAINT IN A UNIFORM COLOR AT NORTH WALL IN THE FOYER LOCATED AT APT 11F, 11th STORY, 4th APARTMENT FROM EAST AT SOUTH",2025-02-14,9.0,VIOLATION DISMISSED,06/16/2025,Original,Close,N,2025,2025.0
BOSTON SECOR,BRONX,538,9/26/24,2175 REEDS MILL LANE,2175.0,REEDS MILL LANE,2175 REEDS MILL LANE,17699854,806885,229055.0,2,2175,2175,2185,REEDS MILL LANE,A,2025-02-12,2025-02-13,06/03/2025,05/20/2025,,,05/13/2025,583.0,9628472.0,"§ 27-2026, 2027 HMC: PROPERLY REPAIR THE SOURCE AND ABATE THE EVIDENCE OF A WATER LEAK AT CEILING IN THE BATHROOM LOCATED AT APT 11F, 11th STORY, 4th APARTMENT FROM EAST AT SOUTH",2025-02-14,9.0,VIOLATION DISMISSED,07/24/2025,Original,Close,N,2025,2025.0
BOSTON SECOR,BRONX,538,9/26/24,2175 REEDS MILL LANE,2175.0,REEDS MILL LANE,2175 REEDS MILL LANE,17510627,806885,229055.0,2,2175,2175,2185,REEDS MILL LANE,B,2024-12-04,2024-12-04,01/23/2025,01/09/2025,,,01/21/2025,583.0,9516073.0,"§ 27-2026, 2027 HMC: PROPERLY REPAIR THE SOURCE AND ABATE THE EVIDENCE OF A WATER LEAK AT CEILING IN THE KITCHEN LOCATED AT APT 13D, 13th STORY, 2nd APARTMENT FROM NORTH AT EAST",2024-12-05,9.0,VIOLATION DISMISSED,04/03/2025,Original,Close,N,2024,2024.0
BOSTON SECOR,BRONX,538,9/26/24,2175 REEDS MILL LANE,2175.0,REEDS MILL LANE,2175 REEDS MILL LANE,17510628,806885,229055.0,2,2175,2175,2185,REEDS MILL LANE,B,2024-12-04,2024-12-04,01/23/2025,01/09/2025,,,01/21/2025,508.0,9516073.0,"§ 27-2005 ADM CODE REPAIR THE BROKEN OR DEFECTIVE PLASTERED SURFACES AND PAINT IN A UNIFORM COLOR AT CEILING IN THE KITCHEN LOCATED AT APT 13D, 13th STORY, 2nd APARTMENT FROM NORTH AT EAST",2024-12-05,9.0,VIOLATION DISMISSED,04/03/2025,Original,Close,N,2024,2024.0
BOSTON SECOR,BRONX,538,9/26/24,2175 REEDS MILL LANE,2175.0,REEDS MILL LANE,2175 REEDS MILL LANE,18059981,806885,229055.0,2,2175,2175,2185,REEDS MILL LANE,A,2025-06-24,2025-06-24,10/14/2025,09/30/2025,,,,556.0,9886363.0,"§ 27-2013 ADM CODE PAINT WITH LIGHT COLORED PAINT TO THE SATISFACTION OF THIS DEPARTMENT AT CEILING AT PUBLIC HALL, 1st STORY",2025-06-27,2.0,NOV SENT OUT,06/27/2025,Original,Open,N,2025,2025.0
BOSTON SECOR,BRONX,538,9/26/24,2175 REEDS MILL LANE,2175.0,REEDS MILL LANE,2175 REEDS MILL LANE,17934889,806885,229055.0,2,2175,2175,2185,REEDS MILL LANE,C,2025-06-03,2025-06-03,06/23/2025,06/18/2025,,,06/09/2025,530.0,9793331.0,"§ 27-2005, 27-2007, 27-2041.1 HMC, §238, § 309; § 107 (2) ( C) MDL AND 28 RCNY §25-171: REPLACE OR REPAIR THE SELF-CLOSING DOORS THAT IS MISSING OR DEFECTIVE HINGES , 11th STORY",2025-06-04,19.0,VIOLATION CLOSED,06/24/2025,Original,Close,N,2025,2025.0
BOSTON SECOR,BRONX,538,9/26/24,2175 REEDS MILL LANE,2175.0,REEDS MILL LANE,2175 REEDS MILL LANE,18059983,806885,229055.0,2,2175,2175,2185,REEDS MILL LANE,B,2025-06-24,2025-06-24,08/15/2025,08/01/2025,,,07/30/2025,501.0,9886366.0,"§ 27-2005 HMC: PROPERLY REPAIR OR REPLACE THE BROKEN OR DEFECTIVE LATCH AT FIRE DOOR ''B'' AT PUBLIC HALL STAIRS, 11th STORY",2025-06-27,19.0,VIOLATION CLOSED,08/14/2025,Original,Close,N,2025,2025.0
BOSTON SECOR,BRONX,538,9/26/24,2175 REEDS MILL LANE,2175.0,REEDS MILL LANE,2175 REEDS MILL LANE,18188879,806885,229055.0,2,2175,2175,2185,REEDS MILL LANE,C,2025-08-26,2025-08-27,09/10/2025,09/03/2025,,,09/10/2025,742.0,9970841.0,"§ 27-2070 ADM CODE PROVIDE AN ADEQUATE SUPPLY OF GAS TO THE FIXTURES AT RANGE IN THE KITCHEN LOCATED AT APT 11C, 11th STORY, 1st APARTMENT FROM NORTH AT EAST",2025-08-28,10.0,CIV14 MAILED,09/11/2025,Original,Open,Y,2025,2025.0
MIDDLETOWN PLAZA,BRONX,179,9/26/24,3033 MIDDLETOWN ROAD,3033.0,MIDDLETOWN ROAD,3033 MIDDLETOWN ROAD,17376024,96365,229060.0,2,3033,3031,3035,MIDDLETOWN ROAD,A,2024-10-26,2024-10-26,02/14/2025,01/31/2025,,,02/12/2025,484.0,9400820.0,"§ 329, M/D LAW AND DEPT. RULES AND REGS. PROVIDE A COMPLETED CERTIFICATE OF INSPECTION VISITS IN A PROPER FRAME AT OR NEAR MAILBOXES, BOTTOM EDGE OF FRAME BETWEEN 48-62 INCHES ABOVE FLOOR MISSING FRAME AT PUBLIC HALL, 1st STORY",2024-10-28,9.0,VIOLATION DISMISSED,04/25/2025,Original,Close,N,2024,2024.0
MIDDLETOWN PLAZA,BRONX,179,9/26/24,3033 MIDDLETOWN ROAD,3033.0,MIDDLETOWN ROAD,3033 MIDDLETOWN ROAD,7281362,96365,229060.0,2,3033,3031,3035,MIDDLETOWN ROAD,A,2008-05-08,2008-05-09,08/29/2008,08/15/2008,,,,556.0,3268265.0,"§ 27-2013 ADM CODE PAINT WITH LIGHT COLORED PAINT TO THE SATISFACTION OF THIS DEPARTMENT WALLS & CEILINGS IN THE ENTIRE APARTMENT LOCATED AT APT 14C, 13th STORY",2008-05-12,2.0,NOV SENT OUT,05/12/2008,Original,Open,N,2008,2008.0
MIDDLETOWN PLAZA,BRONX,179,9/26/24,3033 MIDDLETOWN ROAD,3033.0,MIDDLETOWN ROAD,3033 MIDDLETOWN ROAD,17381284,96365,229060.0,2,3033,3031,3035,MIDDLETOWN ROAD,C,2024-10-29,2024-10-29,11/30/2024,11/25/2024,,,11/27/2024,568.0,9405013.0,"HMC ADM CODE: § 27-2017.4 ABATE THE INFESTATION CONSISTING OF ROACHES IN THE ENTIRE APARTMENT LOCATED AT APT 15C, 15th STORY, 1st APARTMENT FROM WEST AT NORTH",2024-10-30,9.0,VIOLATION DISMISSED,02/07/2025,Original,Close,N,2024,2024.0
MIDDLETOWN PLAZA,BRONX,179,9/26/24,3033 MIDDLETOWN ROAD,3033.0,MIDDLETOWN ROAD,3033 MIDDLETOWN ROAD,17376025,96365,229060.0,2,3033,3031,3035,MIDDLETOWN ROAD,A,2024-10-26,2024-10-26,02/14/2025,01/31/2025,,,02/12/2025,722.0,9400820.0,"§ 27-2053 ADM CODE POST SIGN ON WALL OF ENTRANCE STORY BEARING NAME, ADDRESS INCLUDING APARTMENT NUMBER IF ANY, AND TELEPHONE NUMBER OF SUPERINTENDENT, JANITOR OR HOUSEKEEPER. AT PUBLIC HALL, 1st STORY",2024-10-28,9.0,VIOLATION DISMISSED,04/25/2025,Original,Close,N,2024,2024.0
MIDDLETOWN PLAZA,BRONX,179,9/26/24,3033 MIDDLETOWN ROAD,3033.0,MIDDLETOWN ROAD,3033 MIDDLETOWN ROAD,17376026,96365,229060.0,2,3033,3031,3035,MIDDLETOWN ROAD,A,2024-10-26,2024-10-26,02/14/2025,01/31/2025,,,02/12/2025,778.0,9400820.0,"§ 27-2104 ADM CODE POST AND MAINTAIN A PROPER SIGN ON WALL OF ENTRANCE STORY SHOWING THE REGISTRATION NUMBER ASSIGNED BY THE DEPARTMENT AND THE ADDRESS OF THE BUILDING. AT PUBLIC HALL, 1st STORY",2024-10-28,9.0,VIOLATION DISMISSED,04/25/2025,Original,Close,N,2024,2024.0
MIDDLETOWN PLAZA,BRONX,179,9/26/24,3033 MIDDLETOWN ROAD,3033.0,MIDDLETOWN ROAD,3033 MIDDLETOWN ROAD,17376028,96365,229060.0,2,3033,3031,3035,MIDDLETOWN ROAD,A,2024-10-26,2024-10-26,02/14/2025,01/31/2025,,,02/12/2025,500.0,9400820.0,"§ 26-1103 ADMIN. CODE: POST AND MAINTAIN A PROPER NOTICE ON WALL OF THE ENTRANCE STORY IN ENGLISH AND SPANISH ON THE AVAILABILITY OF THE AGENCYS HOUSING INFORMATION GUIDE. A SAMPLE NOTICE CAN BE FOUND AT WWW.NYC.GOV/HPD. AT PUBLIC HALL, 1st STORY",2024-10-28,9.0,VIOLATION DISMISSED,04/25/2025,Original,Close,N,2024,2024.0
MIDDLETOWN PLAZA,BRONX,179,9/26/24,3033 MIDDLETOWN ROAD,3033.0,MIDDLETOWN ROAD,3033 MIDDLETOWN ROAD,17900778,96365,229060.0,2,3033,3031,3035,MIDDLETOWN ROAD,B,2025-05-17,2025-05-17,07/07/2025,06/23/2025,,,07/07/2025,702.0,9761514.0,"§ 27-2045 ADM CODE REPAIR OR REPLACE THE SMOKE DETECTOR DEFECTIVE IN THE ENTIRE APARTMENT LOCATED AT APT 2L, 2nd STORY, 1st APARTMENT FROM EAST AT SOUTH",2025-05-19,19.0,VIOLATION CLOSED,07/30/2025,Original,Close,N,2025,2025.0
MIDDLETOWN PLAZA,BRONX,179,9/26/24,3033 MIDDLETOWN ROAD,3033.0,MIDDLETOWN ROAD,3033 MIDDLETOWN ROAD,7281363,96365,229060.0,2,3033,3031,3035,MIDDLETOWN ROAD,B,2008-05-08,2008-05-09,06/30/2008,06/16/2008,,,,742.0,3268266.0,"§ 27-2070 ADM CODE PROVIDE AN ADEQUATE SUPPLY OF GAS TO THE FIXTURES STOVE ,SHUT OFF AT VAVLE IN THE KITCHEN LOCATED AT APT 14C, 13th STORY, 2nd APARTMENT FROM EAST AT SOUTH",2008-05-12,2.0,NOV SENT OUT,05/12/2008,Original,Open,Y,2008,2008.0
MIDDLETOWN PLAZA,BRONX,179,9/26/24,3033 MIDDLETOWN ROAD,3033.0,MIDDLETOWN ROAD,3033 MIDDLETOWN ROAD,7281364,96365,229060.0,2,3033,3031,3035,MIDDLETOWN ROAD,B,2008-05-08,2008-05-09,06/30/2008,06/16/2008,,,,593.0,3268266.0,"§ 27-2026 ADM CODE REPAIR THE FLUSHING APPARATUS AND MAINTAIN SAME SO AS TO FLUSH EFFECTIVELY THE WATER CLOSET .. IN THE BATHROOM LOCATED AT APT 14C, 13th STORY, 2nd APARTMENT FROM EAST AT SOUTH",2008-05-12,2.0,NOV SENT OUT,05/12/2008,Original,Open,Y,2008,2008.0
MIDDLETOWN PLAZA,BRONX,179,9/26/24,3033 MIDDLETOWN ROAD,3033.0,MIDDLETOWN ROAD,3033 MIDDLETOWN ROAD,17376027,96365,229060.0,2,3033,3031,3035,MIDDLETOWN ROAD,C,2024-10-26,2024-10-26,11/10/2024,11/03/2024,,,11/07/2024,671.0,9400821.0,"§ 27-2033 ADM CODE POST NOTICE, IN FORM APPROVED BY THE DEPARTMENT, STATING THE NAME AND LOCATION OF THE PERSON DESIGNATED BY THE OWNER TO HAVE KEY TO BUILDINGS HEATING SYSTEM SIGNAGE MISSING AT PUBLIC HALL, 1st STORY",2024-10-28,9.0,VIOLATION DISMISSED,01/21/2025,Original,Close,N,2024,2024.0
MIDDLETOWN PLAZA,BRONX,179,9/26/24,3033 MIDDLETOWN ROAD,3033.0,MIDDLETOWN ROAD,3033 MIDDLETOWN ROAD,17900775,96365,229060.0,2,3033,3031,3035,MIDDLETOWN ROAD,B,2025-05-17,2025-05-17,07/07/2025,06/23/2025,,,,508.0,9761514.0,"§ 27-2005 ADM CODE REPAIR THE BROKEN OR DEFECTIVE PLASTERED SURFACES AND PAINT IN A UNIFORM COLOR AT CEILING SOUTH AND WEST WALL IN THE BATHROOM LOCATED AT APT 2L, 2nd STORY, 1st APARTMENT FROM EAST AT SOUTH",2025-05-19,2.0,NOV SENT OUT,05/19/2025,Original,Open,N,2025,2025.0
MIDDLETOWN PLAZA,BRONX,179,9/26/24,3033 MIDDLETOWN ROAD,3033.0,MIDDLETOWN ROAD,3033 MIDDLETOWN ROAD,17900776,96365,229060.0,2,3033,3031,3035,MIDDLETOWN ROAD,B,2025-05-17,2025-05-17,07/07/2025,06/23/2025,,,,508.0,9761514.0,"§ 27-2005 ADM CODE REPAIR THE BROKEN OR DEFECTIVE PLASTERED SURFACES AND PAINT IN A UNIFORM COLOR AT SOUTH AND EAST WALL IN THE FOYER LOCATED AT APT 2L, 2nd STORY, 1st APARTMENT FROM EAST AT SOUTH",2025-05-19,2.0,NOV SENT OUT,05/19/2025,Original,Open,N,2025,2025.0
MIDDLETOWN PLAZA,BRONX,179,9/26/24,3033 MIDDLETOWN ROAD,3033.0,MIDDLETOWN ROAD,3033 MIDDLETOWN ROAD,17900777,96365,229060.0,2,3033,3031,3035,MIDDLETOWN ROAD,B,2025-05-17,2025-05-17,07/07/2025,06/23/2025,,,07/07/2025,1503.0,9761514.0,"§ 27-2046.1 HMC: REPAIR OR REPLACE THE CARBON MONOXIDE DETECTING DEVICE(S). DEFECTIVE IN THE ENTIRE APARTMENT LOCATED AT APT 2L, 2nd STORY, 1st APARTMENT FROM EAST AT SOUTH",2025-05-19,19.0,VIOLATION CLOSED,07/30/2025,Original,Close,N,2025,2025.0
SAMUEL (CITY),MANHATTAN,664,9/26/24,109 WEST 144 STREET,109.0,WEST 144 STREET,109 WEST 144 STREET,12637068,41773,105001.0,1,109,109,111,WEST 144 STREET,I,2018-10-10,2018-10-10,,,,,,780.0,,"§27-2107 ADM CODE OWNER FAILED TO FILE A VALID REGISTRATION STATEMENT WITH THE DEPARTMENT AS REQUIRED BY ADM CODE §27-2097 AND IS THEREFORE SUBJECT TO CIVIL PENALTIES, PROHIBITED FROM CERTIFYING VIOLATIONS, AND DENIED THE RIGHT TO RECOVER POSSESSION OF PREMISES FOR NONPAYMENT OF RENT UNTIL A VALID REGISTRATION STATEMENT IS FILED.",,9.0,VIOLATION DISMISSED,10/22/2018,,Close,N,2018,
SAMUEL (CITY),MANHATTAN,664,9/26/24,109 WEST 144 STREET,109.0,WEST 144 STREET,109 WEST 144 STREET,17949810,41773,105001.0,1,109,109,111,WEST 144 STREET,A,2025-06-04,2025-06-04,09/21/2025,09/07/2025,,,,1507.0,9790540.0,"(A) § HMC:FILE ANNUAL BEDBUG REPORT IN ACCORDANCE WITH HPD RULE AS DESCRIBED ON THE BACK OF THIS NOTICE OF VIOLATION OR AS DESCRIBED ON HPDS WEBSITE, WWW.NYC.GOV\HPD, SEARCH BED BUGS.",2025-06-04,2.0,NOV SENT OUT,06/04/2025,Original,Open,N,2025,2025.0
SAMUEL (CITY),MANHATTAN,664,9/26/24,109 WEST 144 STREET,109.0,WEST 144 STREET,109 WEST 144 STREET,12060397,41773,105001.0,1,109,109,111,WEST 144 STREET,I,2017-11-09,2017-11-09,,,,,,780.0,,"§27-2107 ADM CODE OWNER FAILED TO FILE A VALID REGISTRATION STATEMENT WITH THE DEPARTMENT AS REQUIRED BY ADM CODE §27-2097 AND IS THEREFORE SUBJECT TO CIVIL PENALTIES, PROHIBITED FROM CERTIFYING VIOLATIONS, AND DENIED THE RIGHT TO RECOVER POSSESSION OF PREMISES FOR NONPAYMENT OF RENT UNTIL A VALID REGISTRATION STATEMENT IS FILED.",,9.0,VIOLATION DISMISSED,10/22/2018,,Close,N,2017,
SAMUEL (CITY),MANHATTAN,664,9/26/24,2537 A C POWELL BOULEVARD,2537.0,ADAM C POWELL BOULEVARD,2537 ADAM C POWELL BOULEVARD,17713437,3636,145219.0,1,2537,2537,2539,ADAM C POWELL BOULEVARD,C,2025-02-23,2025-02-23,03/08/2025,02/24/2025,,,,666.0,9639547.0,"§ 27-2029 ADM CODE PROVIDE AN ADEQUATE SUPPLY OF HEAT FOR THE APARTMENT IN THE ENTIRE APARTMENT LOCATED AT APT 3A, 3rd STORY, 1st APARTMENT FROM NORTH AT EAST",2025-02-24,2.0,NOV SENT OUT,02/24/2025,Original,Open,Y,2025,2025.0
SAMUEL (CITY),MANHATTAN,664,9/26/24,2537 A C POWELL BOULEVARD,2537.0,ADAM C POWELL BOULEVARD,2537 ADAM C POWELL BOULEVARD,17713438,3636,145219.0,1,2537,2537,2539,ADAM C POWELL BOULEVARD,C,2025-02-23,2025-02-23,03/09/2025,03/02/2025,,,,672.0,9639914.0,§ 27-2033 ADM CODE PROVIDE READY ACCESS TO BUILDINGS HEATING SYSTEM GATE LEADING TO CELLAR LOCKED AT BOILER ROOM,2025-02-24,2.0,NOV SENT OUT,02/24/2025,Original,Open,N,2025,2025.0
SAMUEL (CITY),MANHATTAN,664,9/26/24,2537 A C POWELL BOULEVARD,2537.0,ADAM C POWELL BOULEVARD,2537 ADAM C POWELL BOULEVARD,17713439,3636,145219.0,1,2537,2537,2539,ADAM C POWELL BOULEVARD,C,2025-02-23,2025-02-23,03/09/2025,03/02/2025,,,,510.0,9639914.0,"§ 27-2005 ADM CODE & 309 M/D LAW ABATE THE NUISANCE CONSISTING OF SCALDING HOT WATER EXCEEDING 130 DEGREES AT ALL HOT WATER PLUMBING FIXTURES IN THE ENTIRE APARTMENT LOCATED AT APT 3A, 3rd STORY, 1st APARTMENT FROM NORTH AT EAST",2025-02-24,2.0,NOV SENT OUT,02/24/2025,Original,Open,N,2025,2025.0
SAMUEL (CITY),MANHATTAN,664,9/26/24,2537 A C POWELL BOULEVARD,2537.0,ADAM C POWELL BOULEVARD,2537 ADAM C POWELL BOULEVARD,17951252,3636,145219.0,1,2537,2537,2539,ADAM C POWELL BOULEVARD,A,2025-06-04,2025-06-04,09/21/2025,09/07/2025,,,,1507.0,9783990.0,"(A) § HMC:FILE ANNUAL BEDBUG REPORT IN ACCORDANCE WITH HPD RULE AS DESCRIBED ON THE BACK OF THIS NOTICE OF VIOLATION OR AS DESCRIBED ON HPDS WEBSITE, WWW.NYC.GOV\HPD, SEARCH BED BUGS.",2025-06-04,2.0,NOV SENT OUT,06/04/2025,Original,Open,N,2025,2025.0
SAMUEL (CITY),MANHATTAN,664,9/26/24,2477 A C POWELL BOULEVARD,2477.0,ADAM C POWELL BOULEVARD,2477 ADAM C POWELL BOULEVARD,17949471,3610,145223.0,1,2477,2477,2479,ADAM C POWELL BOULEVARD,A,2025-06-04,2025-06-04,09/21/2025,09/07/2025,,,,1507.0,9783982.0,"(A) § HMC:FILE ANNUAL BEDBUG REPORT IN ACCORDANCE WITH HPD RULE AS DESCRIBED ON THE BACK OF THIS NOTICE OF VIOLATION OR AS DESCRIBED ON HPDS WEBSITE, WWW.NYC.GOV\HPD, SEARCH BED BUGS.",2025-06-04,2.0,NOV SENT OUT,06/04/2025,Original,Open,N,2025,2025.0
SAMUEL (CITY),MANHATTAN,664,9/26/24,2473 A C POWELL BOULEVARD,2473.0,ADAM C POWELL BOULEVARD,2473 ADAM C POWELL BOULEVARD,17573785,3608,108278.0,1,2473,2473,2475,ADAM C POWELL BOULEVARD,C,2024-12-22,2024-12-22,01/23/2025,01/18/2025,,,,567.0,9546517.0,"HMC ADM CODE: § 27-2017.4 ABATE THE INFESTATION CONSISTING OF RODENTS RATS IN THE ENTIRE APARTMENT LOCATED AT APT 2C, 2nd STORY, 1st APARTMENT FROM WEST AT NORTH",2024-12-23,47.0,NOTICE OF ISSUANCE SENT TO TENANT,12/23/2024,Original,Open,Y,2024,2024.0
SAMUEL (CITY),MANHATTAN,664,9/26/24,2473 A C POWELL BOULEVARD,2473.0,ADAM C POWELL BOULEVARD,2473 ADAM C POWELL BOULEVARD,17573787,3608,108278.0,1,2473,2473,2475,ADAM C POWELL BOULEVARD,B,2024-12-22,2024-12-25,02/13/2025,01/30/2025,,,03/14/2025,501.0,9551584.0,"§ 27-2005 HMC: PROPERLY REPAIR OR REPLACE THE BROKEN OR DEFECTIVE LATCH SET AT BUILDING ENETRANCE DOOR , 1st STORY",2024-12-26,4.0,NOV CERTIFIED LATE,03/14/2025,Original,Open,N,2024,2024.0
SAMUEL (CITY),MANHATTAN,664,9/26/24,2473 A C POWELL BOULEVARD,2473.0,ADAM C POWELL BOULEVARD,2473 ADAM C POWELL BOULEVARD,17573788,3608,108278.0,1,2473,2473,2475,ADAM C POWELL BOULEVARD,C,2024-12-22,2024-12-25,01/14/2025,01/09/2025,,,,530.0,9551585.0,"§ 27-2005, 27-2007, 27-2041.1 HMC, §238, § 309; § 107 (2) ( C) MDL AND 28 RCNY §25-171: REPLACE OR REPAIR THE SELF-CLOSING DOORS THAT IS MISSING OR DEFECTIVE LATCH SET AT BUILDING ENTRANCE DOOR , 1st STORY",2024-12-26,19.0,VIOLATION CLOSED,02/01/2025,Original,Close,N,2024,2024.0
SAMUEL (CITY),MANHATTAN,664,9/26/24,2473 A C POWELL BOULEVARD,2473.0,ADAM C POWELL BOULEVARD,2473 ADAM C POWELL BOULEVARD,17595295,3608,108278.0,1,2473,2473,2475,ADAM C POWELL BOULEVARD,C,2025-01-04,2025-01-04,01/19/2025,01/12/2025,,,,672.0,9563356.0,§ 27-2033 ADM CODE PROVIDE READY ACCESS TO BUILDINGS HEATING SYSTEM DOOR LOCKED AT BASEMENT AT BOILER ROOM,2025-01-06,2.0,NOV SENT OUT,01/06/2025,Original,Open,N,2025,2025.0
SAMUEL (CITY),MANHATTAN,664,9/26/24,2473 A C POWELL BOULEVARD,2473.0,ADAM C POWELL BOULEVARD,2473 ADAM C POWELL BOULEVARD,17595297,3608,108278.0,1,2473,2473,2475,ADAM C POWELL BOULEVARD,C,2025-01-04,2025-01-04,02/06/2025,02/01/2025,,,,569.0,9563357.0,"HMC ADM CODE: § 27-2017.4 ABATE THE INFESTATION CONSISTING OF MICE IN THE ENTIRE APARTMENT LOCATED AT APT 2B, 2nd STORY, 1st APARTMENT FROM SOUTH AT WEST",2025-01-06,47.0,NOTICE OF ISSUANCE SENT TO TENANT,01/06/2025,Original,Open,N,2025,2025.0
SAMUEL (CITY),MANHATTAN,664,9/26/24,2473 A C POWELL BOULEVARD,2473.0,ADAM C POWELL BOULEVARD,2473 ADAM C POWELL BOULEVARD,17563679,3608,108278.0,1,2473,2473,2475,ADAM C POWELL BOULEVARD,C,2024-12-18,2024-12-18,12/31/2024,12/19/2024,,,,666.0,9542858.0,"§ 27-2029 ADM CODE PROVIDE AN ADEQUATE SUPPLY OF HEAT FOR THE APARTMENT IN THE ENTIRE APARTMENT LOCATED AT APT 2B, 2nd STORY, 1st APARTMENT FROM SOUTH AT WEST",2024-12-19,2.0,NOV SENT OUT,12/19/2024,Original,Open,Y,2024,2024.0
SAMUEL (CITY),MANHATTAN,664,9/26/24,2473 A C POWELL BOULEVARD,2473.0,ADAM C POWELL BOULEVARD,2473 ADAM C POWELL BOULEVARD,17563681,3608,108278.0,1,2473,2473,2475,ADAM C POWELL BOULEVARD,C,2024-12-18,2024-12-18,01/01/2025,12/25/2024,,,,510.0,9542958.0,"§ 27-2005 ADM CODE & 309 M/D LAW ABATE THE NUISANCE CONSISTING OF HOT WATER EXCEEDING MAXIMUM TEMPERATURE OF 130 DEGREES AT ALL HOT WATER FIXTURES IN THE ENTIRE APARTMENT LOCATED AT APT 2B, 2nd STORY, 1st APARTMENT FROM SOUTH AT WEST",2024-12-19,2.0,NOV SENT OUT,12/19/2024,Original,Open,N,2024,2024.0
SAMUEL (CITY),MANHATTAN,664,9/26/24,2473 A C POWELL BOULEVARD,2473.0,ADAM C POWELL BOULEVARD,2473 ADAM C POWELL BOULEVARD,17563682,3608,108278.0,1,2473,2473,2475,ADAM C POWELL BOULEVARD,C,2024-12-18,2024-12-18,12/31/2024,12/19/2024,,,,666.0,9542858.0,"§ 27-2029 ADM CODE PROVIDE AN ADEQUATE SUPPLY OF HEAT FOR THE APARTMENT IN THE ENTIRE APARTMENT LOCATED AT APT 3B, 2nd STORY, 1st APARTMENT FROM SOUTH AT WEST",2024-12-19,2.0,NOV SENT OUT,12/19/2024,Original,Open,Y,2024,2024.0
SAMUEL (CITY),MANHATTAN,664,9/26/24,2473 A C POWELL BOULEVARD,2473.0,ADAM C POWELL BOULEVARD,2473 ADAM C POWELL BOULEVARD,17563684,3608,108278.0,1,2473,2473,2475,ADAM C POWELL BOULEVARD,C,2024-12-18,2024-12-19,01/02/2025,12/26/2024,,,,671.0,9544657.0,"§ 27-2033 ADM CODE POST NOTICE, IN FORM APPROVED BY THE DEPARTMENT, STATING THE NAME AND LOCATION OF THE PERSON DESIGNATED BY THE OWNER TO HAVE KEY TO BUILDINGS HEATING SYSTEM AT PUBLIC HALL, 1st STORY",2024-12-20,2.0,NOV SENT OUT,12/20/2024,Original,Open,N,2024,2024.0
SAMUEL (CITY),MANHATTAN,664,9/26/24,2473 A C POWELL BOULEVARD,2473.0,ADAM C POWELL BOULEVARD,2473 ADAM C POWELL BOULEVARD,17614425,3608,108278.0,1,2473,2473,2475,ADAM C POWELL BOULEVARD,C,2025-01-11,2025-01-11,01/26/2025,01/19/2025,,,,501.0,9574497.0,"§ 27-2005 HMC: PROPERLY REPAIR OR REPLACE THE BROKEN OR DEFECTIVE LOCK AT BUILDING FRONT DOOR AT PUBLIC HALL, 1st STORY",2025-01-13,2.0,NOV SENT OUT,01/13/2025,Original,Open,N,2025,2025.0
SAMUEL (CITY),MANHATTAN,664,9/26/24,2473 A C POWELL BOULEVARD,2473.0,ADAM C POWELL BOULEVARD,2473 ADAM C POWELL BOULEVARD,17573783,3608,108278.0,1,2473,2473,2475,ADAM C POWELL BOULEVARD,C,2024-12-22,2024-12-22,01/04/2025,12/23/2024,,,,666.0,9546208.0,"§ 27-2029 ADM CODE PROVIDE AN ADEQUATE SUPPLY OF HEAT FOR THE APARTMENT IN THE ENTIRE APARTMENT LOCATED AT APT 2C, 2nd STORY, 1st APARTMENT FROM WEST AT NORTH",2024-12-23,19.0,VIOLATION CLOSED,03/02/2025,Original,Close,Y,2024,2024.0
SAMUEL (CITY),MANHATTAN,664,9/26/24,2473 A C POWELL BOULEVARD,2473.0,ADAM C POWELL BOULEVARD,2473 ADAM C POWELL BOULEVARD,17586816,3608,108278.0,1,2473,2473,2475,ADAM C POWELL BOULEVARD,C,2024-12-30,2024-12-30,01/13/2025,01/06/2025,,,,510.0,9558197.0,"§ 27-2005 ADM CODE & 309 M/D LAW ABATE THE NUISANCE CONSISTING OF HOT WATER EXCEEDING THE MAXIMUM TEMPERATURE OF 130F AT ALL PLUMBING FIXTURES IN THE ENTIRE APARTMENT LOCATED AT APT 5C, 5th STORY, 1st APARTMENT FROM WEST AT NORTH",2024-12-31,2.0,NOV SENT OUT,12/31/2024,Original,Open,N,2024,2024.0
SAMUEL (CITY),MANHATTAN,664,9/26/24,2473 A C POWELL BOULEVARD,2473.0,ADAM C POWELL BOULEVARD,2473 ADAM C POWELL BOULEVARD,10526485,3608,108278.0,1,2473,2473,2475,ADAM C POWELL BOULEVARD,I,2015-02-02,2015-02-02,,,,,,780.0,,"§27-2107 ADM CODE OWNER FAILED TO FILE A VALID REGISTRATION STATEMENT WITH THE DEPARTMENT AS REQUIRED BY ADM CODE §27-2097 AND IS THEREFORE SUBJECT TO CIVIL PENALTIES, PROHIBITED FROM CERTIFYING VIOLATIONS, AND DENIED THE RIGHT TO RECOVER POSSESSION OF PREMISES FOR NONPAYMENT OF RENT UNTIL A VALID REGISTRATION STATEMENT IS FILED.",,9.0,VIOLATION DISMISSED,05/09/2017,,Close,N,2015,
SAMUEL (CITY),MANHATTAN,664,9/26/24,2473 A C POWELL BOULEVARD,2473.0,ADAM C POWELL BOULEVARD,2473 ADAM C POWELL BOULEVARD,11448679,3608,108278.0,1,2473,2473,2475,ADAM C POWELL BOULEVARD,I,2016-10-24,2016-10-24,,,,,,780.0,,"§27-2107 ADM CODE OWNER FAILED TO FILE A VALID REGISTRATION STATEMENT WITH THE DEPARTMENT AS REQUIRED BY ADM CODE §27-2097 AND IS THEREFORE SUBJECT TO CIVIL PENALTIES, PROHIBITED FROM CERTIFYING VIOLATIONS, AND DENIED THE RIGHT TO RECOVER POSSESSION OF PREMISES FOR NONPAYMENT OF RENT UNTIL A VALID REGISTRATION STATEMENT IS FILED.",,9.0,VIOLATION DISMISSED,05/09/2017,,Close,N,2016,
SAMUEL (CITY),MANHATTAN,664,9/26/24,2473 A C POWELL BOULEVARD,2473.0,ADAM C POWELL BOULEVARD,2473 ADAM C POWELL BOULEVARD,10885606,3608,108278.0,1,2473,2473,2475,ADAM C POWELL BOULEVARD,I,2015-10-01,2015-10-01,,,,,,780.0,,"§27-2107 ADM CODE OWNER FAILED TO FILE A VALID REGISTRATION STATEMENT WITH THE DEPARTMENT AS REQUIRED BY ADM CODE §27-2097 AND IS THEREFORE SUBJECT TO CIVIL PENALTIES, PROHIBITED FROM CERTIFYING VIOLATIONS, AND DENIED THE RIGHT TO RECOVER POSSESSION OF PREMISES FOR NONPAYMENT OF RENT UNTIL A VALID REGISTRATION STATEMENT IS FILED.",,9.0,VIOLATION DISMISSED,05/09/2017,,Close,N,2015,
SAMUEL (CITY),MANHATTAN,664,9/26/24,2473 A C POWELL BOULEVARD,2473.0,ADAM C POWELL BOULEVARD,2473 ADAM C POWELL BOULEVARD,17573784,3608,108278.0,1,2473,2473,2475,ADAM C POWELL BOULEVARD,C,2024-12-22,2024-12-22,01/05/2025,12/29/2024,,,,672.0,9546516.0,§ 27-2033 ADM CODE PROVIDE READY ACCESS TO BUILDINGS HEATING SYSTEM DOOR TO BOILER ROOM LOCKED AT CELLAR,2024-12-23,2.0,NOV SENT OUT,12/23/2024,Original,Open,N,2024,2024.0
SAMUEL (CITY),MANHATTAN,664,9/26/24,2473 A C POWELL BOULEVARD,2473.0,ADAM C POWELL BOULEVARD,2473 ADAM C POWELL BOULEVARD,17595294,3608,108278.0,1,2473,2473,2475,ADAM C POWELL BOULEVARD,C,2025-01-04,2025-01-04,01/17/2025,01/05/2025,,,,666.0,9563002.0,"§ 27-2029 ADM CODE PROVIDE AN ADEQUATE SUPPLY OF HEAT FOR THE APARTMENT IN THE ENTIRE APARTMENT LOCATED AT APT 2B, 2nd STORY, 1st APARTMENT FROM SOUTH AT WEST",2025-01-06,19.0,VIOLATION CLOSED,03/02/2025,Original,Close,Y,2025,2025.0
SAMUEL (CITY),MANHATTAN,664,9/26/24,2473 A C POWELL BOULEVARD,2473.0,ADAM C POWELL BOULEVARD,2473 ADAM C POWELL BOULEVARD,17595296,3608,108278.0,1,2473,2473,2475,ADAM C POWELL BOULEVARD,C,2025-01-04,2025-01-04,01/19/2025,01/12/2025,,,,510.0,9563356.0,"§ 27-2005 ADM CODE & 309 M/D LAW ABATE THE NUISANCE CONSISTING OF SCALDING HOT WATER EXCEEDING A MAXIMUM ALLOWABLE TEMPERATURE OF 130F DEGREES IN THE ENTIRE APARTMENT LOCATED AT APT 2B, 2nd STORY, 1st APARTMENT FROM SOUTH AT WEST",2025-01-06,19.0,VIOLATION CLOSED,03/02/2025,Original,Close,N,2025,2025.0
SAMUEL (CITY),MANHATTAN,664,9/26/24,2473 A C POWELL BOULEVARD,2473.0,ADAM C POWELL BOULEVARD,2473 ADAM C POWELL BOULEVARD,17709872,3608,108278.0,1,2473,2473,2475,ADAM C POWELL BOULEVARD,C,2025-02-20,2025-02-20,03/12/2025,03/07/2025,,,,530.0,9637590.0,"§ 27-2005, 27-2007, 27-2041.1 HMC, §238, § 309; § 107 (2) ( C) MDL AND 28 RCNY §25-171: REPLACE OR REPAIR THE SELF-CLOSING DOORS THAT IS MISSING OR DEFECTIVE LATCH SET AT BUILDING ENTRANCE DOOR",2025-02-21,19.0,VIOLATION CLOSED,06/26/2025,Original,Close,N,2025,2025.0
SAMUEL (CITY),MANHATTAN,664,9/26/24,2473 A C POWELL BOULEVARD,2473.0,ADAM C POWELL BOULEVARD,2473 ADAM C POWELL BOULEVARD,18184705,3608,108278.0,1,2473,2473,2475,ADAM C POWELL BOULEVARD,C,2025-08-25,2025-08-26,09/27/2025,09/22/2025,,,,569.0,9967738.0,"HMC ADM CODE: § 27-2017.4 ABATE THE INFESTATION CONSISTING OF MICE IN THE ENTIRE APARTMENT LOCATED AT APT 5B, 5th STORY, 1st APARTMENT FROM SOUTH AT WEST",2025-08-27,47.0,NOTICE OF ISSUANCE SENT TO TENANT,08/27/2025,Original,Open,N,2025,2025.0
SAMUEL (CITY),MANHATTAN,664,9/26/24,2473 A C POWELL BOULEVARD,2473.0,ADAM C POWELL BOULEVARD,2473 ADAM C POWELL BOULEVARD,18184706,3608,108278.0,1,2473,2473,2475,ADAM C POWELL BOULEVARD,C,2025-08-25,2025-08-26,09/15/2025,09/10/2025,,,09/11/2025,530.0,9967739.0,"§ 27-2005, 27-2007, 27-2041.1 HMC, §238, § 309; § 107 (2) ( C) MDL AND 28 RCNY §25-171: REPLACE OR REPAIR THE SELF-CLOSING DOORS THAT IS MISSING OR DEFECTIVE HINGES IN THE ENTRANCE LOCATED AT APT 5B, 5th STORY, 1st APARTMENT FROM SOUTH AT WEST",2025-08-27,19.0,VIOLATION CLOSED,09/19/2025,Original,Close,N,2025,2025.0
SAMUEL (CITY),MANHATTAN,664,9/26/24,2473 A C POWELL BOULEVARD,2473.0,ADAM C POWELL BOULEVARD,2473 ADAM C POWELL BOULEVARD,17563683,3608,108278.0,1,2473,2473,2475,ADAM C POWELL BOULEVARD,C,2024-12-18,2024-12-18,01/01/2025,12/25/2024,,,,510.0,9542957.0,"§ 27-2005 ADM CODE & 309 M/D LAW ABATE THE NUISANCE CONSISTING OF HOT WATER EXCEEDING MAXIMUM TEMPERATURE OF 130 DEGREES AT ALL HOT WATER FIXTURES IN THE ENTIRE APARTMENT LOCATED AT APT 3B, 2nd STORY, 1st APARTMENT FROM SOUTH AT WEST",2024-12-19,19.0,VIOLATION CLOSED,03/02/2025,Original,Close,N,2024,2024.0
SAMUEL (CITY),MANHATTAN,664,9/26/24,2473 A C POWELL BOULEVARD,2473.0,ADAM C POWELL BOULEVARD,2473 ADAM C POWELL BOULEVARD,17698081,3608,108278.0,1,2473,2473,2475,ADAM C POWELL BOULEVARD,C,2025-02-16,2025-02-16,03/03/2025,02/24/2025,,,,672.0,9629587.0,§ 27-2033 ADM CODE PROVIDE READY ACCESS TO BUILDINGS HEATING SYSTEM DOOR LOCKED AT BOILER ROOM,2025-02-18,2.0,NOV SENT OUT,02/18/2025,Original,Open,N,2025,2025.0
SAMUEL (CITY),MANHATTAN,664,9/26/24,2473 A C POWELL BOULEVARD,2473.0,ADAM C POWELL BOULEVARD,2473 ADAM C POWELL BOULEVARD,17949469,3608,108278.0,1,2473,2473,2475,ADAM C POWELL BOULEVARD,A,2025-06-04,2025-06-04,09/21/2025,09/07/2025,,,,1507.0,9783980.0,"(A) § HMC:FILE ANNUAL BEDBUG REPORT IN ACCORDANCE WITH HPD RULE AS DESCRIBED ON THE BACK OF THIS NOTICE OF VIOLATION OR AS DESCRIBED ON HPDS WEBSITE, WWW.NYC.GOV\HPD, SEARCH BED BUGS.",2025-06-04,2.0,NOV SENT OUT,06/04/2025,Original,Open,N,2025,2025.0
SAMUEL (CITY),MANHATTAN,664,9/26/24,2473 A C POWELL BOULEVARD,2473.0,ADAM C POWELL BOULEVARD,2473 ADAM C POWELL BOULEVARD,17709873,3608,108278.0,1,2473,2473,2475,ADAM C POWELL BOULEVARD,C,2025-02-20,2025-02-20,03/05/2025,02/21/2025,,,,666.0,9637452.0,"§ 27-2029 ADM CODE PROVIDE AN ADEQUATE SUPPLY OF HEAT FOR THE APARTMENT IN THE ENTIRE APARTMENT LOCATED AT APT 2C, 2nd STORY, 1st APARTMENT FROM WEST AT NORTH",2025-02-21,19.0,VIOLATION CLOSED,03/17/2025,Original,Close,Y,2025,2025.0
SAMUEL (CITY),MANHATTAN,664,9/26/24,2473 A C POWELL BOULEVARD,2473.0,ADAM C POWELL BOULEVARD,2473 ADAM C POWELL BOULEVARD,17573786,3608,108278.0,1,2473,2473,2475,ADAM C POWELL BOULEVARD,C,2024-12-22,2024-12-22,01/05/2025,12/29/2024,,,,510.0,9546516.0,"§ 27-2005 ADM CODE & 309 M/D LAW ABATE THE NUISANCE CONSISTING OF HOT WATER EXCEEDING THE MAXIMUM TEMPERATURE OF 130 DEGREES IN THE ENTIRE APARTMENT LOCATED AT APT 2C, 2nd STORY, 1st APARTMENT FROM WEST AT NORTH",2024-12-23,19.0,VIOLATION CLOSED,03/02/2025,Original,Close,N,2024,2024.0
SAMUEL (CITY),MANHATTAN,664,9/26/24,2473 A C POWELL BOULEVARD,2473.0,ADAM C POWELL BOULEVARD,2473 ADAM C POWELL BOULEVARD,17709870,3608,108278.0,1,2473,2473,2475,ADAM C POWELL BOULEVARD,C,2025-02-20,2025-02-20,03/05/2025,02/21/2025,,,,666.0,9637452.0,"§ 27-2029 ADM CODE PROVIDE AN ADEQUATE SUPPLY OF HEAT FOR THE APARTMENT IN THE ENTIRE APARTMENT LOCATED AT APT 2A, 2nd STORY, 1st APARTMENT FROM NORTH AT EAST",2025-02-21,19.0,VIOLATION CLOSED,03/17/2025,Original,Close,Y,2025,2025.0
SAMUEL (CITY),MANHATTAN,664,9/26/24,2473 A C POWELL BOULEVARD,2473.0,ADAM C POWELL BOULEVARD,2473 ADAM C POWELL BOULEVARD,17709871,3608,108278.0,1,2473,2473,2475,ADAM C POWELL BOULEVARD,C,2025-02-20,2025-02-20,03/06/2025,02/27/2025,,,,672.0,9637589.0,§ 27-2033 ADM CODE PROVIDE READY ACCESS TO BUILDINGS HEATING SYSTEM DOOR LOCKED AT BOILER ROOM,2025-02-21,2.0,NOV SENT OUT,02/21/2025,Original,Open,N,2025,2025.0
SAMUEL (CITY),MANHATTAN,664,9/26/24,2473 A C POWELL BOULEVARD,2473.0,ADAM C POWELL BOULEVARD,2473 ADAM C POWELL BOULEVARD,17698080,3608,108278.0,1,2473,2473,2475,ADAM C POWELL BOULEVARD,C,2025-02-16,2025-02-16,03/01/2025,02/17/2025,,,,666.0,9629228.0,"§ 27-2029 ADM CODE PROVIDE AN ADEQUATE SUPPLY OF HEAT FOR THE APARTMENT IN THE ENTIRE APARTMENT LOCATED AT APT 2B, 2nd STORY, 1st APARTMENT FROM SOUTH AT WEST",2025-02-18,19.0,VIOLATION CLOSED,03/12/2025,Original,Close,Y,2025,2025.0
SAMUEL (CITY),MANHATTAN,664,9/26/24,2473 A C POWELL BOULEVARD,2473.0,ADAM C POWELL BOULEVARD,2473 ADAM C POWELL BOULEVARD,17698082,3608,108278.0,1,2473,2473,2475,ADAM C POWELL BOULEVARD,C,2025-02-16,2025-02-16,03/09/2025,03/04/2025,,,03/14/2025,530.0,9629588.0,"§ 27-2005, 27-2007, 27-2041.1 HMC, §238, § 309; § 107 (2) ( C) MDL AND 28 RCNY §25-171: REPLACE OR REPAIR THE SELF-CLOSING DOORS THAT IS MISSING OR DEFECTIVE LATCH SET AT BUILDING ENTRANCE DOOR",2025-02-18,19.0,VIOLATION CLOSED,06/26/2025,Original,Close,N,2025,2025.0
SAMUEL (CITY),MANHATTAN,664,9/26/24,2473 A C POWELL BOULEVARD,2473.0,ADAM C POWELL BOULEVARD,2473 ADAM C POWELL BOULEVARD,18244036,3608,108278.0,1,2473,2473,2475,ADAM C POWELL BOULEVARD,C,2025-09-16,2025-09-20,10/11/2025,10/06/2025,,,,536.0,10000440.0,"§ 27-2005, 2007 ADM CODE REMOVE DEVICE PREVENTING DOOR FROM BEING SELF-CLOSING IN THE ENTRANCE LOCATED AT APT 5B, 5th STORY, 1st APARTMENT FROM SOUTH AT WEST",2025-09-22,2.0,NOV SENT OUT,09/22/2025,Original,Open,N,2025,2025.0
SAMUEL (CITY),MANHATTAN,664,9/26/24,2473 A C POWELL BOULEVARD,2473.0,ADAM C POWELL BOULEVARD,2473 ADAM C POWELL BOULEVARD,17563680,3608,108278.0,1,2473,2473,2475,ADAM C POWELL BOULEVARD,C,2024-12-18,2024-12-18,01/01/2025,12/25/2024,,,,672.0,9542958.0,§ 27-2033 ADM CODE PROVIDE READY ACCESS TO BUILDINGS HEATING SYSTEM LOCKED DOOR AT CELLAR AT BOILER ROOM,2024-12-19,2.0,NOV SENT OUT,12/19/2024,Original,Open,N,2024,2024.0
SAMUEL (CITY),MANHATTAN,664,9/26/24,2469 A C POWELL BOULEVARD,2469.0,ADAM C POWELL BOULEVARD,2469 ADAM C POWELL BOULEVARD,17949468,3606,145224.0,1,2469,2469,2471,ADAM C POWELL BOULEVARD,A,2025-06-04,2025-06-04,09/21/2025,09/07/2025,,,,1507.0,9783979.0,"(A) § HMC:FILE ANNUAL BEDBUG REPORT IN ACCORDANCE WITH HPD RULE AS DESCRIBED ON THE BACK OF THIS NOTICE OF VIOLATION OR AS DESCRIBED ON HPDS WEBSITE, WWW.NYC.GOV\HPD, SEARCH BED BUGS.",2025-06-04,2.0,NOV SENT OUT,06/04/2025,Original,Open,N,2025,2025.0
SAMUEL (CITY),MANHATTAN,664,9/26/24,2465 A C POWELL BOULEVARD,2465.0,ADAM C POWELL BOULEVARD,2465 ADAM C POWELL BOULEVARD,17674962,3604,145225.0,1,2465,2465,2467,ADAM C POWELL BOULEVARD,A,2025-02-06,2025-02-07,05/30/2025,05/16/2025,,,,550.0,9619355.0,"§ 27-2017.3 HMC: TRACE AND REPAIR THE SOURCE AND ABATE THE VISIBLE MOLD CONDITION... LESS THAN 10 SQUARE FEET EAST WALL IN THE BATHROOM LOCATED AT APT 1A, 1st STORY, 1st APARTMENT FROM NORTH AT EAST",2025-02-10,19.0,VIOLATION CLOSED,06/10/2025,Original,Close,N,2025,2025.0
SAMUEL (CITY),MANHATTAN,664,9/26/24,2465 A C POWELL BOULEVARD,2465.0,ADAM C POWELL BOULEVARD,2465 ADAM C POWELL BOULEVARD,17692925,3604,145225.0,1,2465,2465,2467,ADAM C POWELL BOULEVARD,C,2025-02-11,2025-02-11,03/13/2025,03/08/2025,,,,616.0,9623455.0,"§ 27-2056.6 ADM CODE - CORRECT THE LEAD-BASED PAINT HAZARD - PRESUMED LEAD PAINT THAT IS PEELING OR ON A DETERIORATED SUBSURFACE USING WORK PRACTICES SET FORTH IN 28 RCNY §11-06(B)(2) NORTH WALL IN THE 1st ROOM FROM EAST AT SOUTH LOCATED AT APT A1, 1st STORY, 1st APARTMENT FROM NORTH AT EAST",2025-02-12,2.0,NOV SENT OUT,02/12/2025,Original,Open,N,2025,2025.0
SAMUEL (CITY),MANHATTAN,664,9/26/24,2465 A C POWELL BOULEVARD,2465.0,ADAM C POWELL BOULEVARD,2465 ADAM C POWELL BOULEVARD,17692926,3604,145225.0,1,2465,2465,2467,ADAM C POWELL BOULEVARD,C,2025-02-11,2025-02-11,03/13/2025,03/08/2025,,,,616.0,9623455.0,"§ 27-2056.6 ADM CODE - CORRECT THE LEAD-BASED PAINT HAZARD - PRESUMED LEAD PAINT THAT IS PEELING OR ON A DETERIORATED SUBSURFACE USING WORK PRACTICES SET FORTH IN 28 RCNY §11-06(B)(2) CEILING, NORTH WALL, EAST WALL, WEST WALL IN THE BATHROOM LOCATED AT APT A1, 1st STORY, 1st APARTMENT FROM NORTH AT EAST",2025-02-12,2.0,NOV SENT OUT,02/12/2025,Original,Open,N,2025,2025.0
SAMUEL (CITY),MANHATTAN,664,9/26/24,2465 A C POWELL BOULEVARD,2465.0,ADAM C POWELL BOULEVARD,2465 ADAM C POWELL BOULEVARD,17692927,3604,145225.0,1,2465,2465,2467,ADAM C POWELL BOULEVARD,C,2025-02-11,2025-02-11,03/13/2025,03/08/2025,,,,616.0,9623455.0,"§ 27-2056.6 ADM CODE - CORRECT THE LEAD-BASED PAINT HAZARD - PRESUMED LEAD PAINT THAT IS PEELING OR ON A DETERIORATED SUBSURFACE USING WORK PRACTICES SET FORTH IN 28 RCNY §11-06(B)(2) NORTH WALL, EAST WALL, WEST WALL IN THE FOYER LOCATED AT APT A1, 1st STORY, 1st APARTMENT FROM NORTH AT EAST",2025-02-12,2.0,NOV SENT OUT,02/12/2025,Original,Open,N,2025,2025.0
SAMUEL (CITY),MANHATTAN,664,9/26/24,2465 A C POWELL BOULEVARD,2465.0,ADAM C POWELL BOULEVARD,2465 ADAM C POWELL BOULEVARD,17674971,3604,145225.0,1,2465,2465,2467,ADAM C POWELL BOULEVARD,C,2025-02-06,2025-02-06,02/26/2025,02/21/2025,,,,530.0,9617132.0,"§ 27-2005, 27-2007, 27-2041.1 HMC, §238, § 309; § 107 (2) ( C) MDL AND 28 RCNY §25-171: REPLACE OR REPAIR THE SELF-CLOSING DOORS THAT IS MISSING OR DEFECTIVE LATCH SET AT BUILDING ENTRANCE DOOR",2025-02-07,19.0,VIOLATION CLOSED,03/29/2025,Original,Close,N,2025,2025.0
SAMUEL (CITY),MANHATTAN,664,9/26/24,2465 A C POWELL BOULEVARD,2465.0,ADAM C POWELL BOULEVARD,2465 ADAM C POWELL BOULEVARD,17717419,3604,145225.0,1,2465,2465,2467,ADAM C POWELL BOULEVARD,C,2025-02-23,2025-02-23,03/27/2025,03/22/2025,,,03/21/2025,568.0,9639912.0,"HMC ADM CODE: § 27-2017.4 ABATE THE INFESTATION CONSISTING OF ROACHES IN THE ENTIRE APARTMENT LOCATED AT APT 3C, 3rd STORY, 1st APARTMENT FROM WEST AT NORTH",2025-02-24,19.0,VIOLATION CLOSED,04/19/2025,Original,Close,N,2025,2025.0
SAMUEL (CITY),MANHATTAN,664,9/26/24,2465 A C POWELL BOULEVARD,2465.0,ADAM C POWELL BOULEVARD,2465 ADAM C POWELL BOULEVARD,17717416,3604,145225.0,1,2465,2465,2467,ADAM C POWELL BOULEVARD,C,2025-02-23,2025-02-23,03/08/2025,02/24/2025,,,,666.0,9639546.0,"§ 27-2029 ADM CODE PROVIDE AN ADEQUATE SUPPLY OF HEAT FOR THE APARTMENT IN THE ENTIRE APARTMENT LOCATED AT APT 3C, 3rd STORY, 1st APARTMENT FROM WEST AT NORTH",2025-02-24,2.0,NOV SENT OUT,02/24/2025,Original,Open,Y,2025,2025.0
SAMUEL (CITY),MANHATTAN,664,9/26/24,2465 A C POWELL BOULEVARD,2465.0,ADAM C POWELL BOULEVARD,2465 ADAM C POWELL BOULEVARD,17651537,3604,145225.0,1,2465,2465,2467,ADAM C POWELL BOULEVARD,C,2025-01-26,2025-01-27,02/28/2025,02/23/2025,,,,569.0,9600624.0,"HMC ADM CODE: § 27-2017.4 ABATE THE INFESTATION CONSISTING OF MICE IN THE ENTIRE APARTMENT LOCATED AT APT 3A, 3rd STORY, 2nd APARTMENT FROM WEST AT NORTH",2025-01-28,47.0,NOTICE OF ISSUANCE SENT TO TENANT,01/28/2025,Original,Open,N,2025,2025.0
SAMUEL (CITY),MANHATTAN,664,9/26/24,2465 A C POWELL BOULEVARD,2465.0,ADAM C POWELL BOULEVARD,2465 ADAM C POWELL BOULEVARD,17695397,3604,145225.0,1,2465,2465,2467,ADAM C POWELL BOULEVARD,C,2025-02-14,2025-02-14,02/27/2025,02/15/2025,,,,666.0,9629227.0,"§ 27-2029 ADM CODE PROVIDE AN ADEQUATE SUPPLY OF HEAT FOR THE APARTMENT IN THE ENTIRE APARTMENT LOCATED AT APT 5B, 5th STORY, 1st APARTMENT FROM SOUTH AT WEST",2025-02-18,2.0,NOV SENT OUT,02/18/2025,Original,Open,Y,2025,2025.0
SAMUEL (CITY),MANHATTAN,664,9/26/24,2465 A C POWELL BOULEVARD,2465.0,ADAM C POWELL BOULEVARD,2465 ADAM C POWELL BOULEVARD,17692928,3604,145225.0,1,2465,2465,2467,ADAM C POWELL BOULEVARD,C,2025-02-11,2025-02-11,03/13/2025,03/08/2025,,,,616.0,9623455.0,"§ 27-2056.6 ADM CODE - CORRECT THE LEAD-BASED PAINT HAZARD - PRESUMED LEAD PAINT THAT IS PEELING OR ON A DETERIORATED SUBSURFACE USING WORK PRACTICES SET FORTH IN 28 RCNY §11-06(B)(2) NORTH WALL, WEST WALL IN THE KITCHEN LOCATED AT APT A1, 1st STORY, 1st APARTMENT FROM NORTH AT EAST",2025-02-12,2.0,NOV SENT OUT,02/12/2025,Original,Open,N,2025,2025.0
SAMUEL (CITY),MANHATTAN,664,9/26/24,2465 A C POWELL BOULEVARD,2465.0,ADAM C POWELL BOULEVARD,2465 ADAM C POWELL BOULEVARD,17426655,3604,145225.0,1,2465,2465,2467,ADAM C POWELL BOULEVARD,C,2024-11-18,2024-11-18,12/08/2024,12/03/2024,,,,530.0,9432941.0,"§ 27-2005, 27-2007, 27-2041.1 HMC, §238, § 309; § 107 (2) ( C) MDL AND 28 RCNY §25-171: REPLACE OR REPAIR THE SELF-CLOSING DOORS THAT IS MISSING OR DEFECTIVE LATCH SET AT COMPACTOR CHUTE DOOR AT NORTH WALL AT PUBLIC HALL, 3rd STORY",2024-11-19,19.0,VIOLATION CLOSED,03/29/2025,Original,Close,N,2024,2024.0
SAMUEL (CITY),MANHATTAN,664,9/26/24,2465 A C POWELL BOULEVARD,2465.0,ADAM C POWELL BOULEVARD,2465 ADAM C POWELL BOULEVARD,17651535,3604,145225.0,1,2465,2465,2467,ADAM C POWELL BOULEVARD,C,2025-01-26,2025-01-27,02/08/2025,01/27/2025,,,,666.0,9600452.0,"§ 27-2029 ADM CODE PROVIDE AN ADEQUATE SUPPLY OF HEAT FOR THE APARTMENT IN THE ENTIRE APARTMENT LOCATED AT APT 3A, 3rd STORY, 2nd APARTMENT FROM WEST AT NORTH",2025-01-28,19.0,VIOLATION CLOSED,03/06/2025,Original,Close,Y,2025,2025.0
SAMUEL (CITY),MANHATTAN,664,9/26/24,2465 A C POWELL BOULEVARD,2465.0,ADAM C POWELL BOULEVARD,2465 ADAM C POWELL BOULEVARD,17651536,3604,145225.0,1,2465,2465,2467,ADAM C POWELL BOULEVARD,C,2025-01-26,2025-01-27,02/28/2025,02/23/2025,,,,568.0,9600624.0,"HMC ADM CODE: § 27-2017.4 ABATE THE INFESTATION CONSISTING OF ROACHES IN THE ENTIRE APARTMENT LOCATED AT APT 3A, 3rd STORY, 2nd APARTMENT FROM WEST AT NORTH",2025-01-28,47.0,NOTICE OF ISSUANCE SENT TO TENANT,01/28/2025,Original,Open,N,2025,2025.0
SAMUEL (CITY),MANHATTAN,664,9/26/24,2465 A C POWELL BOULEVARD,2465.0,ADAM C POWELL BOULEVARD,2465 ADAM C POWELL BOULEVARD,17651539,3604,145225.0,1,2465,2465,2467,ADAM C POWELL BOULEVARD,C,2025-01-26,2025-01-27,02/16/2025,02/11/2025,,,,530.0,9600625.0,"§ 27-2005, 27-2007, 27-2041.1 HMC, §238, § 309; § 107 (2) ( C) MDL AND 28 RCNY §25-171: REPLACE OR REPAIR THE SELF-CLOSING DOORS THAT IS MISSING OR DEFECTIVE HINGES AT HOPPER DOOR AT PUBLIC HALL, 3rd STORY",2025-01-28,19.0,VIOLATION CLOSED,03/29/2025,Original,Close,N,2025,2025.0
SAMUEL (CITY),MANHATTAN,664,9/26/24,2465 A C POWELL BOULEVARD,2465.0,ADAM C POWELL BOULEVARD,2465 ADAM C POWELL BOULEVARD,17651541,3604,145225.0,1,2465,2465,2467,ADAM C POWELL BOULEVARD,C,2025-01-26,2025-01-27,02/16/2025,02/11/2025,,,,530.0,9600625.0,"§ 27-2005, 27-2007, 27-2041.1 HMC, §238, § 309; § 107 (2) ( C) MDL AND 28 RCNY §25-171: REPLACE OR REPAIR THE SELF-CLOSING DOORS THAT IS MISSING OR DEFECTIVE LATCH SET AT VESTIBULE DOOR , 1st STORY",2025-01-28,2.0,NOV SENT OUT,01/28/2025,Original,Open,N,2025,2025.0
SAMUEL (CITY),MANHATTAN,664,9/26/24,2465 A C POWELL BOULEVARD,2465.0,ADAM C POWELL BOULEVARD,2465 ADAM C POWELL BOULEVARD,17674961,3604,145225.0,1,2465,2465,2467,ADAM C POWELL BOULEVARD,B,2025-02-06,2025-02-07,03/31/2025,03/17/2025,,,,550.0,9619356.0,"§ 27-2017.3 HMC: TRACE AND REPAIR THE SOURCE AND ABATE THE VISIBLE MOLD CONDITION... GREATER THAN 10 SQUARE FEET CEILING IN THE BATHROOM LOCATED AT APT 1A, 1st STORY, 1st APARTMENT FROM NORTH AT EAST",2025-02-10,22.0,FIRST NO ACCESS TO RE- INSPECT VIOLATION,06/10/2025,Original,Open,N,2025,2025.0
SAMUEL (CITY),MANHATTAN,664,9/26/24,2465 A C POWELL BOULEVARD,2465.0,ADAM C POWELL BOULEVARD,2465 ADAM C POWELL BOULEVARD,17674964,3604,145225.0,1,2465,2465,2467,ADAM C POWELL BOULEVARD,C,2025-02-06,2025-02-06,02/19/2025,02/07/2025,,,,666.0,9617033.0,"§ 27-2029 ADM CODE PROVIDE AN ADEQUATE SUPPLY OF HEAT FOR THE APARTMENT IN THE 1st ROOM FROM EAST AT SOUTH LOCATED AT APT 1A, 1st STORY, 1st APARTMENT FROM NORTH AT EAST",2025-02-07,19.0,VIOLATION CLOSED,03/06/2025,Original,Close,Y,2025,2025.0
SAMUEL (CITY),MANHATTAN,664,9/26/24,2465 A C POWELL BOULEVARD,2465.0,ADAM C POWELL BOULEVARD,2465 ADAM C POWELL BOULEVARD,17674965,3604,145225.0,1,2465,2465,2467,ADAM C POWELL BOULEVARD,C,2025-02-06,2025-02-06,02/19/2025,02/07/2025,,,,670.0,9617033.0,"§ 27-2031 ADM CODE PROVIDE HOT WATER AT ALL HOT WATER FIXTURES IN THE 1st ROOM FROM EAST AT SOUTH LOCATED AT APT 1A, 1st STORY, 1st APARTMENT FROM NORTH AT EAST",2025-02-07,2.0,NOV SENT OUT,02/07/2025,Original,Open,Y,2025,2025.0
SAMUEL (CITY),MANHATTAN,664,9/26/24,2465 A C POWELL BOULEVARD,2465.0,ADAM C POWELL BOULEVARD,2465 ADAM C POWELL BOULEVARD,17674966,3604,145225.0,1,2465,2465,2467,ADAM C POWELL BOULEVARD,C,2025-02-06,2025-02-06,02/20/2025,02/13/2025,,,,672.0,9617130.0,§ 27-2033 ADM CODE PROVIDE READY ACCESS TO BUILDINGS HEATING SYSTEM DOOR LOCKED AT CELLAR,2025-02-07,2.0,NOV SENT OUT,02/07/2025,Original,Open,N,2025,2025.0
SAMUEL (CITY),MANHATTAN,664,9/26/24,2465 A C POWELL BOULEVARD,2465.0,ADAM C POWELL BOULEVARD,2465 ADAM C POWELL BOULEVARD,17674967,3604,145225.0,1,2465,2465,2467,ADAM C POWELL BOULEVARD,B,2025-02-06,2025-02-06,03/28/2025,03/14/2025,,,03/21/2025,1503.0,9617129.0,"§ 27-2046.1 HMC: REPAIR OR REPLACE THE CARBON MONOXIDE DETECTING DEVICE(S). DEFECTIVE IN THE ENTIRE APARTMENT LOCATED AT APT 1A, 1st STORY, 1st APARTMENT FROM NORTH AT EAST",2025-02-07,9.0,VIOLATION DISMISSED,06/02/2025,Original,Close,N,2025,2025.0
SAMUEL (CITY),MANHATTAN,664,9/26/24,2465 A C POWELL BOULEVARD,2465.0,ADAM C POWELL BOULEVARD,2465 ADAM C POWELL BOULEVARD,17674969,3604,145225.0,1,2465,2465,2467,ADAM C POWELL BOULEVARD,C,2025-02-06,2025-02-06,03/10/2025,03/05/2025,,,,569.0,9617131.0,"HMC ADM CODE: § 27-2017.4 ABATE THE INFESTATION CONSISTING OF MICE IN THE ENTIRE APARTMENT LOCATED AT APT 3B, 3rd STORY, 1st APARTMENT FROM SOUTH AT WEST",2025-02-07,47.0,NOTICE OF ISSUANCE SENT TO TENANT,02/07/2025,Original,Open,N,2025,2025.0
SAMUEL (CITY),MANHATTAN,664,9/26/24,2465 A C POWELL BOULEVARD,2465.0,ADAM C POWELL BOULEVARD,2465 ADAM C POWELL BOULEVARD,17674970,3604,145225.0,1,2465,2465,2467,ADAM C POWELL BOULEVARD,C,2025-02-06,2025-02-06,03/10/2025,03/05/2025,,,,568.0,9617131.0,"HMC ADM CODE: § 27-2017.4 ABATE THE INFESTATION CONSISTING OF ROACHES IN THE ENTIRE APARTMENT LOCATED AT APT 3B, 3rd STORY, 1st APARTMENT FROM SOUTH AT WEST",2025-02-07,47.0,NOTICE OF ISSUANCE SENT TO TENANT,02/07/2025,Original,Open,N,2025,2025.0
SAMUEL (CITY),MANHATTAN,664,9/26/24,2465 A C POWELL BOULEVARD,2465.0,ADAM C POWELL BOULEVARD,2465 ADAM C POWELL BOULEVARD,17695398,3604,145225.0,1,2465,2465,2467,ADAM C POWELL BOULEVARD,C,2025-02-14,2025-02-14,03/21/2025,03/16/2025,,,03/14/2025,568.0,9629586.0,"HMC ADM CODE: § 27-2017.4 ABATE THE INFESTATION CONSISTING OF ROACHES IN THE ENTIRE APARTMENT LOCATED AT APT 5B, 5th STORY, 1st APARTMENT FROM SOUTH AT WEST",2025-02-18,9.0,VIOLATION DISMISSED,05/27/2025,Original,Close,N,2025,2025.0
SAMUEL (CITY),MANHATTAN,664,9/26/24,2465 A C POWELL BOULEVARD,2465.0,ADAM C POWELL BOULEVARD,2465 ADAM C POWELL BOULEVARD,17701032,3604,145225.0,1,2465,2465,2467,ADAM C POWELL BOULEVARD,C,2025-02-14,2025-02-14,02/27/2025,02/15/2025,,,,666.0,9629227.0,"§ 27-2029 ADM CODE PROVIDE AN ADEQUATE SUPPLY OF HEAT FOR THE APARTMENT IN THE ENTIRE APARTMENT LOCATED AT APT 5A, 5th STORY, 1st APARTMENT FROM NORTH AT EAST",2025-02-18,2.0,NOV SENT OUT,02/18/2025,Original,Open,Y,2025,2025.0
SAMUEL (CITY),MANHATTAN,664,9/26/24,2465 A C POWELL BOULEVARD,2465.0,ADAM C POWELL BOULEVARD,2465 ADAM C POWELL BOULEVARD,17717417,3604,145225.0,1,2465,2465,2467,ADAM C POWELL BOULEVARD,C,2025-02-23,2025-02-23,03/08/2025,02/24/2025,,,,670.0,9639546.0,"§ 27-2031 ADM CODE PROVIDE HOT WATER AT ALL HOT WATER FIXTURES IN THE ENTIRE APARTMENT LOCATED AT APT 3C, 3rd STORY, 1st APARTMENT FROM WEST AT NORTH",2025-02-24,2.0,NOV SENT OUT,02/24/2025,Original,Open,Y,2025,2025.0
SAMUEL (CITY),MANHATTAN,664,9/26/24,2465 A C POWELL BOULEVARD,2465.0,ADAM C POWELL BOULEVARD,2465 ADAM C POWELL BOULEVARD,17717420,3604,145225.0,1,2465,2465,2467,ADAM C POWELL BOULEVARD,B,2025-02-23,2025-02-27,04/18/2025,04/04/2025,,,04/17/2025,502.0,9648881.0,"§ 27-2005 ADM CODE PROPERLY REPAIR WITH SIMILAR MATERIAL THE BROKEN OR DEFECTIVE WOOD BASE CABINET AT NORTH WALL IN THE KITCHEN LOCATED AT APT 3C, 3rd STORY, 1st APARTMENT FROM WEST AT NORTH",2025-02-28,21.0,NOT COMPLIED WITH,06/08/2025,Original,Open,N,2025,2025.0
SAMUEL (CITY),MANHATTAN,664,9/26/24,2465 A C POWELL BOULEVARD,2465.0,ADAM C POWELL BOULEVARD,2465 ADAM C POWELL BOULEVARD,17843658,3604,145225.0,1,2465,2465,2467,ADAM C POWELL BOULEVARD,C,2025-04-18,2025-04-19,05/22/2025,05/17/2025,,,,569.0,9721422.0,"HMC ADM CODE: § 27-2017.4 ABATE THE INFESTATION CONSISTING OF MICE IN THE ENTIRE APARTMENT LOCATED AT APT 4C, 4th STORY, 1st APARTMENT FROM WEST AT NORTH",2025-04-21,47.0,NOTICE OF ISSUANCE SENT TO TENANT,04/21/2025,Original,Open,N,2025,2025.0
SAMUEL (CITY),MANHATTAN,664,9/26/24,2465 A C POWELL BOULEVARD,2465.0,ADAM C POWELL BOULEVARD,2465 ADAM C POWELL BOULEVARD,17843660,3604,145225.0,1,2465,2465,2467,ADAM C POWELL BOULEVARD,B,2025-04-18,2025-04-19,06/09/2025,05/26/2025,,,06/05/2025,502.0,9721421.0,"§ 27-2005 ADM CODE PROPERLY REPAIR WITH SIMILAR MATERIAL THE BROKEN OR DEFECTIVE FIRE RETARDANT MATERIAL AT THE NORTH WALL, EAST WALL, SOUTH WALL, WEST WALL, AND THE CEILING AT 1st PUBLIC HALL BULKHEAD FROM EAST AT SOUTH, 5th STORY",2025-04-21,19.0,VIOLATION CLOSED,06/13/2025,Original,Close,N,2025,2025.0
SAMUEL (CITY),MANHATTAN,664,9/26/24,2465 A C POWELL BOULEVARD,2465.0,ADAM C POWELL BOULEVARD,2465 ADAM C POWELL BOULEVARD,17843661,3604,145225.0,1,2465,2465,2467,ADAM C POWELL BOULEVARD,B,2025-04-18,2025-04-19,06/09/2025,05/26/2025,,,06/05/2025,507.0,9721421.0,"§ 27-2005 ADM CODE REPAIR THE ROOF SO THAT IT WILL NOT LEAK OVER THE CEILING AT 1st PUBLIC HALL BULKHEAD FROM EAST AT SOUTH, 5th STORY",2025-04-21,19.0,VIOLATION CLOSED,06/13/2025,Original,Close,Y,2025,2025.0
SAMUEL (CITY),MANHATTAN,664,9/26/24,2465 A C POWELL BOULEVARD,2465.0,ADAM C POWELL BOULEVARD,2465 ADAM C POWELL BOULEVARD,17843662,3604,145225.0,1,2465,2465,2467,ADAM C POWELL BOULEVARD,A,2025-04-18,2025-04-19,08/08/2025,07/25/2025,,,,556.0,9721420.0,"§ 27-2013 ADM CODE PAINT WITH LIGHT COLORED PAINT TO THE SATISFACTION OF THIS DEPARTMENT THE NORTH WALL, EAST WALL, SOUTH WALL, WEST WALL, AND THE CEILING AT 1st PUBLIC HALL BULKHEAD FROM EAST AT SOUTH, 5th STORY",2025-04-21,2.0,NOV SENT OUT,04/21/2025,Original,Open,N,2025,2025.0
SAMUEL (CITY),MANHATTAN,664,9/26/24,2465 A C POWELL BOULEVARD,2465.0,ADAM C POWELL BOULEVARD,2465 ADAM C POWELL BOULEVARD,17989869,3604,145225.0,1,2465,2465,2467,ADAM C POWELL BOULEVARD,B,2025-02-06,2025-06-10,07/29/2025,07/15/2025,,,,550.0,9826521.0,"§ 27-2017.3 HMC: TRACE AND REPAIR THE SOURCE AND ABATE THE VISIBLE MOLD CONDITION... LESS THAN 10 SQUARE FEET WEST WALL IN THE BATHROOM LOCATED AT APT 1A, 1st STORY, 1st APARTMENT FROM NORTH AT EAST ORIGINAL VIOLATION 17674963 ISSUED 06-FEB-25 HAS BEEN UPGRADED TO CLASS B PER ADMINISTRATIVE CODE §27-2017.3a(3)(a) or (b).",2025-06-10,11.0,VIOLATION WILL BE REINSPECTED,10/01/2025,Original,Open,N,2025,2025.0
SAMUEL (CITY),MANHATTAN,664,9/26/24,2465 A C POWELL BOULEVARD,2465.0,ADAM C POWELL BOULEVARD,2465 ADAM C POWELL BOULEVARD,17717422,3604,145225.0,1,2465,2465,2467,ADAM C POWELL BOULEVARD,C,2025-02-23,2025-02-23,03/27/2025,03/22/2025,,,03/24/2025,568.0,9639913.0,"HMC ADM CODE: § 27-2017.4 ABATE THE INFESTATION CONSISTING OF ROACHES IN THE ENTIRE APARTMENT LOCATED AT APT 4C, 4th STORY, 1st APARTMENT FROM WEST AT NORTH",2025-02-24,19.0,VIOLATION CLOSED,04/19/2025,Original,Close,N,2025,2025.0
SAMUEL (CITY),MANHATTAN,664,9/26/24,2465 A C POWELL BOULEVARD,2465.0,ADAM C POWELL BOULEVARD,2465 ADAM C POWELL BOULEVARD,17731074,3604,145225.0,1,2465,2465,2467,ADAM C POWELL BOULEVARD,C,2025-03-01,2025-03-02,03/22/2025,03/17/2025,,,03/14/2025,530.0,9650676.0,"§ 27-2005, 27-2007, 27-2041.1 HMC, §238, § 309; § 107 (2) ( C) MDL AND 28 RCNY §25-171: REPLACE OR REPAIR THE SELF-CLOSING DOORS THAT IS MISSING OR DEFECTIVE LATCH SET AT BUILDING ENTRANCE DOOR",2025-03-03,19.0,VIOLATION CLOSED,03/23/2025,Original,Close,N,2025,2025.0
SAMUEL (CITY),MANHATTAN,664,9/26/24,2465 A C POWELL BOULEVARD,2465.0,ADAM C POWELL BOULEVARD,2465 ADAM C POWELL BOULEVARD,17674960,3604,145225.0,1,2465,2465,2467,ADAM C POWELL BOULEVARD,B,2025-02-06,2025-02-07,03/31/2025,03/17/2025,,,,550.0,9619356.0,"§ 27-2017.3 HMC: TRACE AND REPAIR THE SOURCE AND ABATE THE VISIBLE MOLD CONDITION... GREATER THAN 10 SQUARE FEET NORTH WALL IN THE BATHROOM LOCATED AT APT 1A, 1st STORY, 1st APARTMENT FROM NORTH AT EAST",2025-02-10,22.0,FIRST NO ACCESS TO RE- INSPECT VIOLATION,06/10/2025,Original,Open,N,2025,2025.0
SAMUEL (CITY),MANHATTAN,664,9/26/24,2465 A C POWELL BOULEVARD,2465.0,ADAM C POWELL BOULEVARD,2465 ADAM C POWELL BOULEVARD,17949466,3604,145225.0,1,2465,2465,2467,ADAM C POWELL BOULEVARD,A,2025-06-04,2025-06-04,09/21/2025,09/07/2025,,,,1507.0,9783977.0,"(A) § HMC:FILE ANNUAL BEDBUG REPORT IN ACCORDANCE WITH HPD RULE AS DESCRIBED ON THE BACK OF THIS NOTICE OF VIOLATION OR AS DESCRIBED ON HPDS WEBSITE, WWW.NYC.GOV\HPD, SEARCH BED BUGS.",2025-06-04,2.0,NOV SENT OUT,06/04/2025,Original,Open,N,2025,2025.0
SAMUEL (CITY),MANHATTAN,664,9/26/24,2465 A C POWELL BOULEVARD,2465.0,ADAM C POWELL BOULEVARD,2465 ADAM C POWELL BOULEVARD,17631014,3604,145225.0,1,2465,2465,2467,ADAM C POWELL BOULEVARD,C,2025-01-18,2025-01-18,02/03/2025,01/27/2025,,,,672.0,9586309.0,§ 27-2033 ADM CODE PROVIDE READY ACCESS TO BUILDINGS HEATING SYSTEM LOCKED DOOR AT BASEMENT AT BOILER ROOM,2025-01-21,2.0,NOV SENT OUT,01/21/2025,Original,Open,N,2025,2025.0
SAMUEL (CITY),MANHATTAN,664,9/26/24,2465 A C POWELL BOULEVARD,2465.0,ADAM C POWELL BOULEVARD,2465 ADAM C POWELL BOULEVARD,17631016,3604,145225.0,1,2465,2465,2467,ADAM C POWELL BOULEVARD,C,2025-01-18,2025-01-18,01/31/2025,01/19/2025,,,,670.0,9585861.0,"§ 27-2031 ADM CODE PROVIDE HOT WATER AT ALL HOT WATER FIXTURES IN THE ENTIRE APARTMENT LOCATED AT APT 4A , 4th STORY, 1st APARTMENT FROM NORTH AT EAST",2025-01-21,2.0,NOV SENT OUT,01/21/2025,Original,Open,Y,2025,2025.0
SAMUEL (CITY),MANHATTAN,664,9/26/24,2465 A C POWELL BOULEVARD,2465.0,ADAM C POWELL BOULEVARD,2465 ADAM C POWELL BOULEVARD,17695396,3604,145225.0,1,2465,2465,2467,ADAM C POWELL BOULEVARD,C,2025-02-14,2025-02-14,03/03/2025,02/24/2025,,,,672.0,9629584.0,§ 27-2033 ADM CODE PROVIDE READY ACCESS TO BUILDINGS HEATING SYSTEM LOCKED DOOR AT CELLAR AT BOILER ROOM,2025-02-18,2.0,NOV SENT OUT,02/18/2025,Original,Open,N,2025,2025.0
SAMUEL (CITY),MANHATTAN,664,9/26/24,2465 A C POWELL BOULEVARD,2465.0,ADAM C POWELL BOULEVARD,2465 ADAM C POWELL BOULEVARD,17674968,3604,145225.0,1,2465,2465,2467,ADAM C POWELL BOULEVARD,B,2025-02-06,2025-02-06,03/28/2025,03/14/2025,,,03/21/2025,702.0,9617129.0,"§ 27-2045 ADM CODE REPAIR OR REPLACE THE SMOKE DETECTOR DEFECTIVE IN THE ENTIRE APARTMENT LOCATED AT APT 1A, 1st STORY, 1st APARTMENT FROM NORTH AT EAST",2025-02-07,9.0,VIOLATION DISMISSED,06/02/2025,Original,Close,N,2025,2025.0
SAMUEL (CITY),MANHATTAN,664,9/26/24,2465 A C POWELL BOULEVARD,2465.0,ADAM C POWELL BOULEVARD,2465 ADAM C POWELL BOULEVARD,17651540,3604,145225.0,1,2465,2465,2467,ADAM C POWELL BOULEVARD,C,2025-01-26,2025-01-27,02/16/2025,02/11/2025,,,,530.0,9600625.0,"§ 27-2005, 27-2007, 27-2041.1 HMC, §238, § 309; § 107 (2) ( C) MDL AND 28 RCNY §25-171: REPLACE OR REPAIR THE SELF-CLOSING DOORS THAT IS MISSING OR DEFECTIVE LATCH AT BUILDING FRONT ENTRANCE DOOR , 1st STORY",2025-01-28,19.0,VIOLATION CLOSED,02/27/2025,Original,Close,N,2025,2025.0
SAMUEL (CITY),MANHATTAN,664,9/26/24,2465 A C POWELL BOULEVARD,2465.0,ADAM C POWELL BOULEVARD,2465 ADAM C POWELL BOULEVARD,17426656,3604,145225.0,1,2465,2465,2467,ADAM C POWELL BOULEVARD,C,2024-11-18,2024-11-18,12/08/2024,12/03/2024,,,,530.0,9432941.0,"§ 27-2005, 27-2007, 27-2041.1 HMC, §238, § 309; § 107 (2) ( C) MDL AND 28 RCNY §25-171: REPLACE OR REPAIR THE SELF-CLOSING DOORS THAT IS MISSING OR DEFECTIVE LATCH SET AT COMPACTOR CHUTE DOOR AT NORTH WALL AT PUBLIC HALL, 1st STORY",2024-11-19,2.0,NOV SENT OUT,11/19/2024,Original,Open,N,2024,2024.0
SAMUEL (CITY),MANHATTAN,664,9/26/24,2465 A C POWELL BOULEVARD,2465.0,ADAM C POWELL BOULEVARD,2465 ADAM C POWELL BOULEVARD,17631013,3604,145225.0,1,2465,2465,2467,ADAM C POWELL BOULEVARD,C,2025-01-18,2025-01-18,01/31/2025,01/19/2025,,,,670.0,9585861.0,"§ 27-2031 ADM CODE PROVIDE HOT WATER AT ALL HOT WATER FIXTURES IN THE ENTIRE APARTMENT LOCATED AT APT 5C, 5th STORY, 1st APARTMENT FROM WEST AT NORTH",2025-01-21,19.0,VIOLATION CLOSED,03/06/2025,Original,Close,Y,2025,2025.0
SAMUEL (CITY),MANHATTAN,664,9/26/24,2465 A C POWELL BOULEVARD,2465.0,ADAM C POWELL BOULEVARD,2465 ADAM C POWELL BOULEVARD,17717421,3604,145225.0,1,2465,2465,2467,ADAM C POWELL BOULEVARD,C,2025-02-23,2025-02-23,03/08/2025,02/24/2025,,,,670.0,9639546.0,"§ 27-2031 ADM CODE PROVIDE HOT WATER AT ALL HOT WATER FIXTURES IN THE ENTIRE APARTMENT LOCATED AT APT 4C, 4th STORY, 1st APARTMENT FROM WEST AT NORTH",2025-02-24,19.0,VIOLATION CLOSED,03/19/2025,Original,Close,Y,2025,2025.0
SAMUEL (CITY),MANHATTAN,664,9/26/24,2465 A C POWELL BOULEVARD,2465.0,ADAM C POWELL BOULEVARD,2465 ADAM C POWELL BOULEVARD,17674963,3604,145225.0,1,2465,2465,2467,ADAM C POWELL BOULEVARD,A,2025-02-06,2025-02-07,05/30/2025,05/16/2025,,,,550.0,9619355.0,"§ 27-2017.3 HMC: TRACE AND REPAIR THE SOURCE AND ABATE THE VISIBLE MOLD CONDITION... LESS THAN 10 SQUARE FEET WEST WALL IN THE BATHROOM LOCATED AT APT 1A, 1st STORY, 1st APARTMENT FROM NORTH AT EAST",2025-02-10,19.0,VIOLATION CLOSED,06/10/2025,Original,Close,N,2025,2025.0
SAMUEL (CITY),MANHATTAN,664,9/26/24,2465 A C POWELL BOULEVARD,2465.0,ADAM C POWELL BOULEVARD,2465 ADAM C POWELL BOULEVARD,17695400,3604,145225.0,1,2465,2465,2467,ADAM C POWELL BOULEVARD,C,2025-02-14,2025-02-14,03/03/2025,02/24/2025,,,,501.0,9629585.0,"§ 27-2005 HMC: PROPERLY REPAIR OR REPLACE THE BROKEN OR DEFECTIVE LOCK ASSEMBLY AT BUILDING ENTRANCE DOOR , 1st STORY",2025-02-18,2.0,NOV SENT OUT,02/18/2025,Original,Open,N,2025,2025.0
SAMUEL (CITY),MANHATTAN,664,9/26/24,2465 A C POWELL BOULEVARD,2465.0,ADAM C POWELL BOULEVARD,2465 ADAM C POWELL BOULEVARD,17695399,3604,145225.0,1,2465,2465,2467,ADAM C POWELL BOULEVARD,C,2025-02-14,2025-02-14,03/03/2025,02/24/2025,,,,501.0,9629585.0,"§ 27-2005 HMC: PROPERLY REPAIR OR REPLACE THE BROKEN OR DEFECTIVE VESTIBULE DOORKNOB AT PUBLIC HALL, 1st STORY",2025-02-18,2.0,NOV SENT OUT,02/18/2025,Original,Open,N,2025,2025.0
SAMUEL (CITY),MANHATTAN,664,9/26/24,2465 A C POWELL BOULEVARD,2465.0,ADAM C POWELL BOULEVARD,2465 ADAM C POWELL BOULEVARD,17717418,3604,145225.0,1,2465,2465,2467,ADAM C POWELL BOULEVARD,C,2025-02-23,2025-02-23,03/09/2025,03/02/2025,,,03/21/2025,672.0,9639911.0,§ 27-2033 ADM CODE PROVIDE READY ACCESS TO BUILDINGS HEATING SYSTEM DOOR TO BOILER ROOM LOCKED,2025-02-24,4.0,NOV CERTIFIED LATE,03/21/2025,Original,Open,N,2025,2025.0
SAMUEL (CITY),MANHATTAN,664,9/26/24,2465 A C POWELL BOULEVARD,2465.0,ADAM C POWELL BOULEVARD,2465 ADAM C POWELL BOULEVARD,17979688,3604,145225.0,1,2465,2465,2467,ADAM C POWELL BOULEVARD,C,2025-06-07,2025-06-08,06/28/2025,06/23/2025,,,06/27/2025,530.0,9814699.0,"§ 27-2005, 27-2007, 27-2041.1 HMC, §238, § 309; § 107 (2) ( C) MDL AND 28 RCNY §25-171: REPLACE OR REPAIR THE SELF-CLOSING DOORS THAT IS MISSING OR DEFECTIVE HINGES AT HOPPER DOOR TO COMPACTOR CHUTE , 3rd STORY",2025-06-09,21.0,NOT COMPLIED WITH,07/17/2025,Original,Open,N,2025,2025.0
SAMUEL (CITY),MANHATTAN,664,9/26/24,2465 A C POWELL BOULEVARD,2465.0,ADAM C POWELL BOULEVARD,2465 ADAM C POWELL BOULEVARD,17989868,3604,145225.0,1,2465,2465,2467,ADAM C POWELL BOULEVARD,B,2025-02-06,2025-06-10,07/29/2025,07/15/2025,,,,550.0,9826521.0,"§ 27-2017.3 HMC: TRACE AND REPAIR THE SOURCE AND ABATE THE VISIBLE MOLD CONDITION... LESS THAN 10 SQUARE FEET EAST WALL IN THE BATHROOM LOCATED AT APT 1A, 1st STORY, 1st APARTMENT FROM NORTH AT EAST ORIGINAL VIOLATION 17674962 ISSUED 06-FEB-25 HAS BEEN UPGRADED TO CLASS B PER ADMINISTRATIVE CODE §27-2017.3a(3)(a) or (b).",2025-06-10,11.0,VIOLATION WILL BE REINSPECTED,10/01/2025,Original,Open,N,2025,2025.0
SAMUEL (CITY),MANHATTAN,664,9/26/24,2465 A C POWELL BOULEVARD,2465.0,ADAM C POWELL BOULEVARD,2465 ADAM C POWELL BOULEVARD,17999941,3604,145225.0,1,2465,2465,2467,ADAM C POWELL BOULEVARD,C,2025-06-10,2025-06-14,07/05/2025,06/30/2025,,,07/01/2025,530.0,9869380.0,"§ 27-2005, 27-2007, 27-2041.1 HMC, §238, § 309; § 107 (2) ( C) MDL AND 28 RCNY §25-171: REPLACE OR REPAIR THE SELF-CLOSING DOORS THAT IS MISSING OR DEFECTIVE HINGE AT HOPPER AT PUBLIC HALL, 4th STORY",2025-06-16,21.0,NOT COMPLIED WITH,07/06/2025,Original,Open,N,2025,2025.0
SAMUEL (CITY),MANHATTAN,664,9/26/24,2465 A C POWELL BOULEVARD,2465.0,ADAM C POWELL BOULEVARD,2465 ADAM C POWELL BOULEVARD,17999946,3604,145225.0,1,2465,2465,2467,ADAM C POWELL BOULEVARD,C,2025-06-10,2025-06-14,07/05/2025,06/30/2025,,,07/01/2025,530.0,9869380.0,"§ 27-2005, 27-2007, 27-2041.1 HMC, §238, § 309; § 107 (2) ( C) MDL AND 28 RCNY §25-171: REPLACE OR REPAIR THE SELF-CLOSING DOORS THAT IS MISSING OR DEFECTIVE LATCH AT HOPPER AT PUBLIC HALL, 3rd STORY",2025-06-16,21.0,NOT COMPLIED WITH,07/06/2025,Original,Open,N,2025,2025.0
SAMUEL (CITY),MANHATTAN,664,9/26/24,2465 A C POWELL BOULEVARD,2465.0,ADAM C POWELL BOULEVARD,2465 ADAM C POWELL BOULEVARD,17631015,3604,145225.0,1,2465,2465,2467,ADAM C POWELL BOULEVARD,A,2025-01-18,2025-01-18,05/10/2025,04/26/2025,,,05/09/2025,550.0,9586308.0,"§ 27-2017.3 HMC: TRACE AND REPAIR THE SOURCE AND ABATE THE VISIBLE MOLD CONDITION... LESS THAN 10 SQ.FT AT WEST WALL IN THE BATHROOM LOCATED AT APT 5C, 5th STORY, 1st APARTMENT FROM WEST AT NORTH",2025-01-21,9.0,VIOLATION DISMISSED,07/21/2025,Original,Close,N,2025,2025.0
SAMUEL (CITY),MANHATTAN,664,9/26/24,2465 A C POWELL BOULEVARD,2465.0,ADAM C POWELL BOULEVARD,2465 ADAM C POWELL BOULEVARD,17651538,3604,145225.0,1,2465,2465,2467,ADAM C POWELL BOULEVARD,C,2025-01-26,2025-01-27,02/10/2025,02/03/2025,,,,672.0,9600623.0,§ 27-2033 ADM CODE PROVIDE READY ACCESS TO BUILDINGS HEATING SYSTEM DOOR LOCKED AT CELLAR AT BOILER ROOM,2025-01-28,2.0,NOV SENT OUT,01/28/2025,Original,Open,N,2025,2025.0
SAMUEL (CITY),MANHATTAN,664,9/26/24,2461 A C POWELL BOULEVARD,2461.0,ADAM C POWELL BOULEVARD,2461 ADAM C POWELL BOULEVARD,17453981,3603,145226.0,1,2461,2461,2463,ADAM C POWELL BOULEVARD,C,2024-11-26,2024-11-26,12/09/2024,11/27/2024,,,,670.0,9466577.0,"§ 27-2031 ADM CODE PROVIDE HOT WATER AT ALL HOT WATER FIXTURES IN THE ENTIRE APARTMENT LOCATED AT APT 4B, 4th STORY, 1st APARTMENT FROM EAST AT SOUTH",2024-11-27,19.0,VIOLATION CLOSED,12/20/2024,Original,Close,Y,2024,2024.0
SAMUEL (CITY),MANHATTAN,664,9/26/24,2461 A C POWELL BOULEVARD,2461.0,ADAM C POWELL BOULEVARD,2461 ADAM C POWELL BOULEVARD,17512478,3603,145226.0,1,2461,2461,2463,ADAM C POWELL BOULEVARD,C,2024-12-05,2024-12-05,12/18/2024,12/06/2024,,,,670.0,9523158.0,"§ 27-2031 ADM CODE PROVIDE HOT WATER AT ALL HOT WATER FIXTURES IN THE ENTIRE APARTMENT LOCATED AT APT 4B , 4th STORY, 1st APARTMENT FROM EAST AT SOUTH",2024-12-06,2.0,NOV SENT OUT,12/06/2024,Original,Open,Y,2024,2024.0
SAMUEL (CITY),MANHATTAN,664,9/26/24,2461 A C POWELL BOULEVARD,2461.0,ADAM C POWELL BOULEVARD,2461 ADAM C POWELL BOULEVARD,17580882,3603,145226.0,1,2461,2461,2463,ADAM C POWELL BOULEVARD,C,2024-12-27,2024-12-27,01/09/2025,12/28/2024,,,,666.0,9555070.0,"§ 27-2029 ADM CODE PROVIDE AN ADEQUATE SUPPLY OF HEAT FOR THE APARTMENT IN THE ENTIRE APARTMENT LOCATED AT APT 1A, 1st STORY, 1st APARTMENT FROM NORTH AT EAST",2024-12-30,2.0,NOV SENT OUT,12/30/2024,Original,Open,Y,2024,2024.0
SAMUEL (CITY),MANHATTAN,664,9/26/24,2461 A C POWELL BOULEVARD,2461.0,ADAM C POWELL BOULEVARD,2461 ADAM C POWELL BOULEVARD,17453983,3603,145226.0,1,2461,2461,2463,ADAM C POWELL BOULEVARD,C,2024-11-26,2024-11-26,12/09/2024,11/27/2024,,,,670.0,9466577.0,"§ 27-2031 ADM CODE PROVIDE HOT WATER AT ALL HOT WATER FIXTURES IN THE ENTIRE APARTMENT LOCATED AT APT 2D, 2nd STORY, 1st APARTMENT FROM WEST AT NORTH",2024-11-27,19.0,VIOLATION CLOSED,12/20/2024,Original,Close,Y,2024,2024.0
SAMUEL (CITY),MANHATTAN,664,9/26/24,2461 A C POWELL BOULEVARD,2461.0,ADAM C POWELL BOULEVARD,2461 ADAM C POWELL BOULEVARD,17594841,3603,145226.0,1,2461,2461,2463,ADAM C POWELL BOULEVARD,C,2025-01-04,2025-01-04,01/17/2025,01/05/2025,,,,666.0,9563001.0,"§ 27-2029 ADM CODE PROVIDE AN ADEQUATE SUPPLY OF HEAT FOR THE APARTMENT IN THE ENTIRE APARTMENT LOCATED AT APT 2D, 2nd STORY, 1st APARTMENT FROM SOUTH AT WEST",2025-01-06,2.0,NOV SENT OUT,01/06/2025,Original,Open,Y,2025,2025.0
SAMUEL (CITY),MANHATTAN,664,9/26/24,2461 A C POWELL BOULEVARD,2461.0,ADAM C POWELL BOULEVARD,2461 ADAM C POWELL BOULEVARD,17594842,3603,145226.0,1,2461,2461,2463,ADAM C POWELL BOULEVARD,C,2025-01-04,2025-01-04,01/19/2025,01/12/2025,,,,672.0,9563355.0,§ 27-2033 ADM CODE PROVIDE READY ACCESS TO BUILDINGS HEATING SYSTEM DOOR LOCKED AT BASEMENT AT BOILER ROOM,2025-01-06,2.0,NOV SENT OUT,01/06/2025,Original,Open,N,2025,2025.0
SAMUEL (CITY),MANHATTAN,664,9/26/24,2461 A C POWELL BOULEVARD,2461.0,ADAM C POWELL BOULEVARD,2461 ADAM C POWELL BOULEVARD,17453982,3603,145226.0,1,2461,2461,2463,ADAM C POWELL BOULEVARD,C,2024-11-26,2024-11-26,12/10/2024,12/03/2024,,,,672.0,9466669.0,§ 27-2033 ADM CODE PROVIDE READY ACCESS TO BUILDINGS HEATING SYSTEM DOOR LOCKED AT CELLAR AT BOILER ROOM,2024-11-27,2.0,NOV SENT OUT,11/27/2024,Original,Open,N,2024,2024.0
SAMUEL (CITY),MANHATTAN,664,9/26/24,2461 A C POWELL BOULEVARD,2461.0,ADAM C POWELL BOULEVARD,2461 ADAM C POWELL BOULEVARD,17580883,3603,145226.0,1,2461,2461,2463,ADAM C POWELL BOULEVARD,C,2024-12-27,2024-12-27,01/12/2025,01/05/2025,,,,672.0,9555397.0,§ 27-2033 ADM CODE PROVIDE READY ACCESS TO BUILDINGS HEATING SYSTEM DOOR WAS LOCKED AT BOILER ROOM,2024-12-30,2.0,NOV SENT OUT,12/30/2024,Original,Open,N,2024,2024.0
SAMUEL (CITY),MANHATTAN,664,9/26/24,2461 A C POWELL BOULEVARD,2461.0,ADAM C POWELL BOULEVARD,2461 ADAM C POWELL BOULEVARD,17512479,3603,145226.0,1,2461,2461,2463,ADAM C POWELL BOULEVARD,C,2024-12-05,2024-12-05,12/19/2024,12/12/2024,,,,672.0,9523295.0,§ 27-2033 ADM CODE PROVIDE READY ACCESS TO BUILDINGS HEATING SYSTEM LOCKED DOOR LEADING TO BOILER ROOM AT BOILER ROOM,2024-12-06,2.0,NOV SENT OUT,12/06/2024,Original,Open,N,2024,2024.0
SAMUEL (CITY),MANHATTAN,664,9/26/24,2461 A C POWELL BOULEVARD,2461.0,ADAM C POWELL BOULEVARD,2461 ADAM C POWELL BOULEVARD,18038719,3603,145226.0,1,2461,2461,2463,ADAM C POWELL BOULEVARD,B,2025-06-18,2025-06-20,08/15/2025,08/01/2025,,,07/24/2025,506.0,9880880.0,"§ 27-2005 ADM CODE REPLACE WITH NEW THE MISSING CHILD SAFETY COVERS FOR ELECTRICAL OUTLET AT NORTH WALL AT PUBLIC HALL, 4th STORY",2025-06-27,3.0,NOV CERTIFIED ON TIME,07/24/2025,Original,Open,N,2025,2025.0
SAMUEL (CITY),MANHATTAN,664,9/26/24,2461 A C POWELL BOULEVARD,2461.0,ADAM C POWELL BOULEVARD,2461 ADAM C POWELL BOULEVARD,17773815,3603,145226.0,1,2461,2461,2463,ADAM C POWELL BOULEVARD,C,2025-03-21,2025-03-21,04/06/2025,03/30/2025,,,,649.0,9681992.0,"§ 27-2026 ADM CODE REMOVE ALL OBSTRUCTIONS AND REPAIR ALL DEFECTS IN DRAIN PIPE AT SINK IN THE KITCHEN LOCATED AT APT 1A, 1st STORY, 1st APARTMENT FROM NORTH AT EAST",2025-03-24,19.0,VIOLATION CLOSED,08/20/2025,Original,Close,Y,2025,2025.0
SAMUEL (CITY),MANHATTAN,664,9/26/24,2461 A C POWELL BOULEVARD,2461.0,ADAM C POWELL BOULEVARD,2461 ADAM C POWELL BOULEVARD,17949465,3603,145226.0,1,2461,2461,2463,ADAM C POWELL BOULEVARD,A,2025-06-04,2025-06-04,09/21/2025,09/07/2025,,,,1507.0,9783976.0,"(A) § HMC:FILE ANNUAL BEDBUG REPORT IN ACCORDANCE WITH HPD RULE AS DESCRIBED ON THE BACK OF THIS NOTICE OF VIOLATION OR AS DESCRIBED ON HPDS WEBSITE, WWW.NYC.GOV\HPD, SEARCH BED BUGS.",2025-06-04,2.0,NOV SENT OUT,06/04/2025,Original,Open,N,2025,2025.0
SAMUEL (CITY),MANHATTAN,664,9/26/24,2461 A C POWELL BOULEVARD,2461.0,ADAM C POWELL BOULEVARD,2461 ADAM C POWELL BOULEVARD,18038718,3603,145226.0,1,2461,2461,2463,ADAM C POWELL BOULEVARD,B,2025-06-18,2025-06-20,08/15/2025,08/01/2025,,,07/24/2025,506.0,9880879.0,"§ 27-2005 ADM CODE REPLACE WITH NEW THE MISSING CHILD SAFETY CAPS FOR ELECTRICAL OUTLET AT WEST WALL AT PUBLIC HALL, 1st STORY",2025-06-27,3.0,NOV CERTIFIED ON TIME,07/24/2025,Original,Open,N,2025,2025.0
SAMUEL (CITY),MANHATTAN,664,9/26/24,2461 A C POWELL BOULEVARD,2461.0,ADAM C POWELL BOULEVARD,2461 ADAM C POWELL BOULEVARD,17512768,3603,145226.0,1,2461,2461,2463,ADAM C POWELL BOULEVARD,A,2024-12-02,2024-12-02,03/22/2025,03/08/2025,,,03/14/2025,556.0,9496166.0,"§ 27-2013 ADM CODE PAINT WITH LIGHT COLORED PAINT TO THE SATISFACTION OF THIS DEPARTMENT NORTH WALL IN THE KITCHEN LOCATED AT APT 2D, 2nd STORY, 1st APARTMENT FROM WEST AT NORTH",2024-12-03,9.0,VIOLATION DISMISSED,05/27/2025,Original,Close,N,2024,2024.0
SAMUEL (CITY),MANHATTAN,664,9/26/24,2461 A C POWELL BOULEVARD,2461.0,ADAM C POWELL BOULEVARD,2461 ADAM C POWELL BOULEVARD,17689690,3603,145226.0,1,2461,2461,2463,ADAM C POWELL BOULEVARD,B,2025-02-12,2025-02-12,04/03/2025,03/20/2025,,,,721.0,9625204.0,§ 27-2053 ADM CODE PROVIDE DWELLING WITH A JANITOR OR RESPONSIBLE PERSON OR JANITORIAL SERVICE.,2025-02-13,2.0,NOV SENT OUT,02/13/2025,Original,Open,Y,2025,2025.0
SAMUEL (CITY),MANHATTAN,664,9/26/24,2461 A C POWELL BOULEVARD,2461.0,ADAM C POWELL BOULEVARD,2461 ADAM C POWELL BOULEVARD,17689689,3603,145226.0,1,2461,2461,2463,ADAM C POWELL BOULEVARD,A,2025-02-12,2025-02-12,06/02/2025,05/19/2025,,,04/03/2025,722.0,9625203.0,"§ 27-2053 ADM CODE POST SIGN ON WALL OF ENTRANCE STORY BEARING NAME, ADDRESS INCLUDING APARTMENT NUMBER IF ANY, AND TELEPHONE NUMBER OF SUPERINTENDENT, JANITOR OR HOUSEKEEPER. AT PUBLIC HALL, 1st STORY",2025-02-13,19.0,VIOLATION CLOSED,04/19/2025,Original,Close,N,2025,2025.0
SAMUEL (CITY),MANHATTAN,664,9/26/24,2461 A C POWELL BOULEVARD,2461.0,ADAM C POWELL BOULEVARD,2461 ADAM C POWELL BOULEVARD,17512769,3603,145226.0,1,2461,2461,2463,ADAM C POWELL BOULEVARD,A,2024-12-02,2024-12-02,03/22/2025,03/08/2025,,,03/14/2025,556.0,9496166.0,"§ 27-2013 ADM CODE PAINT WITH LIGHT COLORED PAINT TO THE SATISFACTION OF THIS DEPARTMENT WEST WALL IN THE 2nd ROOM FROM EAST LOCATED AT APT 2D, 2nd STORY, 1st APARTMENT FROM WEST AT NORTH",2024-12-03,9.0,VIOLATION DISMISSED,05/27/2025,Original,Close,N,2024,2024.0
SAMUEL (CITY),MANHATTAN,664,9/26/24,2461 A C POWELL BOULEVARD,2461.0,ADAM C POWELL BOULEVARD,2461 ADAM C POWELL BOULEVARD,17773816,3603,145226.0,1,2461,2461,2463,ADAM C POWELL BOULEVARD,B,2025-03-21,2025-03-21,05/12/2025,04/28/2025,,,05/12/2025,510.0,9681991.0,"§ 27-2005 ADM CODE & 309 M/D LAW ABATE THE NUISANCE CONSISTING OF HASP AND STAPLE INSTALLED AT DOOR ACCESSIBLE TO PADLOCK IN THE ENTRANCE LOCATED AT APT 1A, 1st STORY, 1st APARTMENT FROM NORTH AT EAST",2025-03-24,9.0,VIOLATION DISMISSED,07/23/2025,Original,Close,N,2025,2025.0
SAMUEL (CITY),MANHATTAN,664,9/26/24,163 WEST 143 STREET,163.0,WEST 143 STREET,163 WEST 143 STREET,17456276,41712,145227.0,1,163,163,165,WEST 143 STREET,C,2024-11-27,2024-11-27,12/10/2024,11/28/2024,,,,666.0,9475199.0,"§ 27-2029 ADM CODE PROVIDE AN ADEQUATE SUPPLY OF HEAT FOR THE APARTMENT IN THE ENTIRE APARTMENT LOCATED AT APT 1B, 1st STORY, 1st APARTMENT FROM NORTH AT EAST",2024-11-29,2.0,NOV SENT OUT,11/29/2024,Original,Open,Y,2024,2024.0
SAMUEL (CITY),MANHATTAN,664,9/26/24,163 WEST 143 STREET,163.0,WEST 143 STREET,163 WEST 143 STREET,17456277,41712,145227.0,1,163,163,165,WEST 143 STREET,C,2024-11-27,2024-11-27,12/12/2024,12/05/2024,,,,672.0,9475626.0,§ 27-2033 ADM CODE PROVIDE READY ACCESS TO BUILDINGS HEATING SYSTEM BOILER ROOM DOOR LOCKED AT 1st BASEMENT FROM NORTH,2024-11-29,2.0,NOV SENT OUT,11/29/2024,Original,Open,N,2024,2024.0
SAMUEL (CITY),MANHATTAN,664,9/26/24,163 WEST 143 STREET,163.0,WEST 143 STREET,163 WEST 143 STREET,17603005,41712,145227.0,1,163,163,165,WEST 143 STREET,C,2025-01-08,2025-01-08,02/09/2025,02/04/2025,,,,568.0,9570335.0,"HMC ADM CODE: § 27-2017.4 ABATE THE INFESTATION CONSISTING OF ROACHES IN THE ENTIRE APARTMENT LOCATED AT APT 3B, 3rd STORY, 1st APARTMENT FROM NORTH AT EAST",2025-01-09,47.0,NOTICE OF ISSUANCE SENT TO TENANT,01/09/2025,Original,Open,N,2025,2025.0
SAMUEL (CITY),MANHATTAN,664,9/26/24,163 WEST 143 STREET,163.0,WEST 143 STREET,163 WEST 143 STREET,17590788,41712,145227.0,1,163,163,165,WEST 143 STREET,C,2024-12-27,2024-12-28,01/09/2025,12/28/2024,,,,666.0,9555110.0,"§ 27-2029 ADM CODE PROVIDE AN ADEQUATE SUPPLY OF HEAT FOR THE APARTMENT IN THE ENTIRE APARTMENT LOCATED AT APT 2A, 2nd STORY",2024-12-30,2.0,NOV SENT OUT,12/30/2024,Original,Open,Y,2024,2024.0
SAMUEL (CITY),MANHATTAN,664,9/26/24,163 WEST 143 STREET,163.0,WEST 143 STREET,163 WEST 143 STREET,17581633,41712,145227.0,1,163,163,165,WEST 143 STREET,A,2024-12-27,2024-12-27,04/18/2025,04/04/2025,,,04/03/2025,700.0,9555682.0,"§ 27-2045 ADM CODE POST A PROPER NOTICE OF SMOKE DETECTOR REQUIREMENTS, IN A FORM APPROVED BY THE COMMISSIONER, AT OR NEAR THE MAIL BOX MISSING AT PUBLIC HALL, 1st STORY",2024-12-30,19.0,VIOLATION CLOSED,06/13/2025,Original,Close,N,2024,2024.0
SAMUEL (CITY),MANHATTAN,664,9/26/24,163 WEST 143 STREET,163.0,WEST 143 STREET,163 WEST 143 STREET,17581632,41712,145227.0,1,163,163,165,WEST 143 STREET,A,2024-12-27,2024-12-27,04/18/2025,04/04/2025,,,04/03/2025,1506.0,9555682.0,"§ 27-2005 HMC: POST, IN A FORM APPROVED BY THE COMMISSIONER, AND MAINTAIN A NOTICE IN A COMMON AREA OF THE BUILDING REGARDING THE PROCEDURES THAT SHOULD BE FOLLOWED WHEN A GAS LEAK IS SUSPECTED AT PUBLIC HALL, 1st STORY",2024-12-30,19.0,VIOLATION CLOSED,06/13/2025,Original,Close,N,2024,2024.0
SAMUEL (CITY),MANHATTAN,664,9/26/24,163 WEST 143 STREET,163.0,WEST 143 STREET,163 WEST 143 STREET,17581629,41712,145227.0,1,163,163,165,WEST 143 STREET,C,2024-12-27,2024-12-27,01/12/2025,01/05/2025,,,,672.0,9555684.0,§ 27-2033 ADM CODE PROVIDE READY ACCESS TO BUILDINGS HEATING SYSTEM BOILER ROOM DOOR LOCKED AT BASEMENT,2024-12-30,2.0,NOV SENT OUT,12/30/2024,Original,Open,N,2024,2024.0
SAMUEL (CITY),MANHATTAN,664,9/26/24,163 WEST 143 STREET,163.0,WEST 143 STREET,163 WEST 143 STREET,17581630,41712,145227.0,1,163,163,165,WEST 143 STREET,A,2024-12-27,2024-12-27,04/18/2025,04/04/2025,,,04/03/2025,1501.0,9555682.0,"§ 27-2046.1 HMC: POST A PROPER NOTICE OF CARBON MONOXIDE DETECTING DEVICE REQUIREMENTS, IN A FORM APPROVED BY THE COMMISSIONER, IN A COMMON AREA OF A CLASS A MULTIPLE DWELLING NEAR INSPECTION CERTIFICATE OR PROVIDE NOTICE TO TENANTS IN A PRIVATE DWELLING.",2024-12-30,19.0,VIOLATION CLOSED,06/13/2025,Original,Close,N,2024,2024.0
SAMUEL (CITY),MANHATTAN,664,9/26/24,163 WEST 143 STREET,163.0,WEST 143 STREET,163 WEST 143 STREET,17581636,41712,145227.0,1,163,163,165,WEST 143 STREET,A,2024-12-27,2024-12-27,04/18/2025,04/04/2025,,,04/03/2025,500.0,9555682.0,"§ 26-1103 ADMIN. CODE: POST AND MAINTAIN A PROPER NOTICE ON WALL OF THE ENTRANCE STORY IN ENGLISH AND SPANISH ON THE AVAILABILITY OF THE AGENCYS HOUSING INFORMATION GUIDE. A SAMPLE NOTICE CAN BE FOUND AT WWW.NYC.GOV/HPD. AT PUBLIC HALL, 1st STORY",2024-12-30,19.0,VIOLATION CLOSED,06/13/2025,Original,Close,N,2024,2024.0
SAMUEL (CITY),MANHATTAN,664,9/26/24,163 WEST 143 STREET,163.0,WEST 143 STREET,163 WEST 143 STREET,17603006,41712,145227.0,1,163,163,165,WEST 143 STREET,C,2025-01-08,2025-01-08,02/09/2025,02/04/2025,,,,569.0,9570335.0,"HMC ADM CODE: § 27-2017.4 ABATE THE INFESTATION CONSISTING OF MICE IN THE ENTIRE APARTMENT LOCATED AT APT 3B, 3rd STORY, 1st APARTMENT FROM NORTH AT EAST",2025-01-09,47.0,NOTICE OF ISSUANCE SENT TO TENANT,01/09/2025,Original,Open,N,2025,2025.0
SAMUEL (CITY),MANHATTAN,664,9/26/24,163 WEST 143 STREET,163.0,WEST 143 STREET,163 WEST 143 STREET,17811888,41712,145227.0,1,163,163,165,WEST 143 STREET,C,2025-04-07,2025-04-07,04/20/2025,04/08/2025,,,,670.0,9704425.0,"§ 27-2031 ADM CODE PROVIDE HOT WATER AT ALL HOT WATER FIXTURES IN THE ENTIRE APARTMENT LOCATED AT APT 1C, 1st STORY, 1st APARTMENT FROM SOUTH AT WEST",2025-04-08,19.0,VIOLATION CLOSED,05/01/2025,Original,Close,Y,2025,2025.0
SAMUEL (CITY),MANHATTAN,664,9/26/24,163 WEST 143 STREET,163.0,WEST 143 STREET,163 WEST 143 STREET,17811891,41712,145227.0,1,163,163,165,WEST 143 STREET,A,2025-04-07,2025-04-07,07/26/2025,07/12/2025,,,07/24/2025,484.0,9704640.0,"§ 329, M/D LAW AND DEPT. RULES AND REGS. PROVIDE A COMPLETED CERTIFICATE OF INSPECTION VISITS IN A PROPER FRAME AT OR NEAR MAILBOXES, BOTTOM EDGE OF FRAME BETWEEN 48-62 INCHES ABOVE FLOOR MISSING AT PUBLIC HALL, 1st STORY",2025-04-08,3.0,NOV CERTIFIED ON TIME,07/24/2025,Original,Open,N,2025,2025.0
SAMUEL (CITY),MANHATTAN,664,9/26/24,163 WEST 143 STREET,163.0,WEST 143 STREET,163 WEST 143 STREET,17811892,41712,145227.0,1,163,163,165,WEST 143 STREET,A,2025-04-07,2025-04-07,07/26/2025,07/12/2025,,,07/24/2025,722.0,9704640.0,"§ 27-2053 ADM CODE POST SIGN ON WALL OF ENTRANCE STORY BEARING NAME, ADDRESS INCLUDING APARTMENT NUMBER IF ANY, AND TELEPHONE NUMBER OF SUPERINTENDENT, JANITOR OR HOUSEKEEPER. AT PUBLIC HALL, 1st STORY",2025-04-08,3.0,NOV CERTIFIED ON TIME,07/24/2025,Original,Open,N,2025,2025.0
SAMUEL (CITY),MANHATTAN,664,9/26/24,163 WEST 143 STREET,163.0,WEST 143 STREET,163 WEST 143 STREET,17949807,41712,145227.0,1,163,163,165,WEST 143 STREET,A,2025-06-04,2025-06-04,09/21/2025,09/07/2025,,,,1507.0,9790524.0,"(A) § HMC:FILE ANNUAL BEDBUG REPORT IN ACCORDANCE WITH HPD RULE AS DESCRIBED ON THE BACK OF THIS NOTICE OF VIOLATION OR AS DESCRIBED ON HPDS WEBSITE, WWW.NYC.GOV\HPD, SEARCH BED BUGS.",2025-06-04,2.0,NOV SENT OUT,06/04/2025,Original,Open,N,2025,2025.0
SAMUEL (CITY),MANHATTAN,664,9/26/24,163 WEST 143 STREET,163.0,WEST 143 STREET,163 WEST 143 STREET,17811887,41712,145227.0,1,163,163,165,WEST 143 STREET,C,2025-04-07,2025-04-07,04/21/2025,04/14/2025,,,04/21/2025,672.0,9704644.0,§ 27-2033 ADM CODE PROVIDE READY ACCESS TO BUILDINGS HEATING SYSTEM BOILER ROOM DOOR LOCKED AT CELLAR,2025-04-08,21.0,NOT COMPLIED WITH,06/13/2025,Original,Open,N,2025,2025.0
SAMUEL (CITY),MANHATTAN,664,9/26/24,163 WEST 143 STREET,163.0,WEST 143 STREET,163 WEST 143 STREET,17581634,41712,145227.0,1,163,163,165,WEST 143 STREET,A,2024-12-27,2024-12-27,04/18/2025,04/04/2025,,,04/03/2025,778.0,9555682.0,"§ 27-2104 ADM CODE POST AND MAINTAIN A PROPER SIGN ON WALL OF ENTRANCE STORY SHOWING THE REGISTRATION NUMBER ASSIGNED BY THE DEPARTMENT AND THE ADDRESS OF THE BUILDING. AT PUBLIC HALL, 1st STORY",2024-12-30,19.0,VIOLATION CLOSED,06/13/2025,Original,Close,N,2024,2024.0
SAMUEL (CITY),MANHATTAN,664,9/26/24,163 WEST 143 STREET,163.0,WEST 143 STREET,163 WEST 143 STREET,17581637,41712,145227.0,1,163,163,165,WEST 143 STREET,A,2024-12-27,2024-12-27,04/18/2025,04/04/2025,,,04/03/2025,484.0,9555682.0,"§ 329, M/D LAW AND DEPT. RULES AND REGS. PROVIDE A COMPLETED CERTIFICATE OF INSPECTION VISITS IN A PROPER FRAME AT OR NEAR MAILBOXES, BOTTOM EDGE OF FRAME BETWEEN 48-62 INCHES ABOVE FLOOR MISSING AT PUBLIC HALL, 1st STORY",2024-12-30,19.0,VIOLATION CLOSED,06/13/2025,Original,Close,N,2024,2024.0
SAMUEL (CITY),MANHATTAN,664,9/26/24,163 WEST 143 STREET,163.0,WEST 143 STREET,163 WEST 143 STREET,17581635,41712,145227.0,1,163,163,165,WEST 143 STREET,C,2024-12-27,2024-12-27,01/12/2025,01/05/2025,,,,671.0,9555683.0,"§ 27-2033 ADM CODE POST NOTICE, IN FORM APPROVED BY THE DEPARTMENT, STATING THE NAME AND LOCATION OF THE PERSON DESIGNATED BY THE OWNER TO HAVE KEY TO BUILDINGS HEATING SYSTEM MISSING AT PUBLIC HALL, 1st STORY",2024-12-30,2.0,NOV SENT OUT,12/30/2024,Original,Open,N,2024,2024.0
SAMUEL (CITY),MANHATTAN,664,9/26/24,163 WEST 143 STREET,163.0,WEST 143 STREET,163 WEST 143 STREET,17603004,41712,145227.0,1,163,163,165,WEST 143 STREET,C,2025-01-08,2025-01-08,01/21/2025,01/09/2025,,,,664.0,9569897.0,"§ 27-2028, 2032 ADM CODE PROVIDE AN ADEQUATE SUPPLY OF HEAT FROM AN APPROVED CENTRAL HEATING SYSTEM, OR AN APPROVED SYSTEM OF GAS OR ELECTRICAL HEATING IN GOOD OPERATING CONDITION FOR THE DWELLING UNIT IN THE ENTIRE APARTMENT LOCATED AT APT 3B, 3rd STORY, 1st APARTMENT FROM NORTH AT EAST",2025-01-09,2.0,NOV SENT OUT,01/09/2025,Original,Open,N,2025,2025.0
SAMUEL (CITY),MANHATTAN,664,9/26/24,163 WEST 143 STREET,163.0,WEST 143 STREET,163 WEST 143 STREET,17811889,41712,145227.0,1,163,163,165,WEST 143 STREET,B,2025-04-07,2025-04-07,05/27/2025,05/13/2025,,,,502.0,9704641.0,"§ 27-2005 ADM CODE PROPERLY REPAIR WITH SIMILAR MATERIAL THE BROKEN OR DEFECTIVE WOOD SUB FLOOR IN THE PRIVATE HALLWAY LOCATED AT APT 1C, 1st STORY, 1st APARTMENT FROM SOUTH AT WEST",2025-04-08,2.0,NOV SENT OUT,04/08/2025,Original,Open,N,2025,2025.0
SAMUEL (CITY),MANHATTAN,664,9/26/24,163 WEST 143 STREET,163.0,WEST 143 STREET,163 WEST 143 STREET,17581631,41712,145227.0,1,163,163,165,WEST 143 STREET,A,2024-12-27,2024-12-27,04/18/2025,04/04/2025,,,04/03/2025,722.0,9555682.0,"§ 27-2053 ADM CODE POST SIGN ON WALL OF ENTRANCE STORY BEARING NAME, ADDRESS INCLUDING APARTMENT NUMBER IF ANY, AND TELEPHONE NUMBER OF SUPERINTENDENT, JANITOR OR HOUSEKEEPER. AT PUBLIC HALL, 1st STORY",2024-12-30,19.0,VIOLATION CLOSED,06/13/2025,Original,Close,N,2024,2024.0
SAMUEL (CITY),MANHATTAN,664,9/26/24,163 WEST 143 STREET,163.0,WEST 143 STREET,163 WEST 143 STREET,17811886,41712,145227.0,1,163,163,165,WEST 143 STREET,C,2025-04-07,2025-04-07,04/20/2025,04/08/2025,,,,670.0,9704425.0,"§ 27-2031 ADM CODE PROVIDE HOT WATER AT ALL HOT WATER FIXTURES IN THE ENTIRE APARTMENT LOCATED AT APT 5B, 5th STORY, 1st APARTMENT FROM NORTH AT EAST",2025-04-08,19.0,VIOLATION CLOSED,05/01/2025,Original,Close,Y,2025,2025.0
SAMUEL (CITY),MANHATTAN,664,9/26/24,163 WEST 143 STREET,163.0,WEST 143 STREET,163 WEST 143 STREET,17811893,41712,145227.0,1,163,163,165,WEST 143 STREET,B,2025-04-07,2025-04-07,05/27/2025,05/13/2025,,,,721.0,9704642.0,§ 27-2053 ADM CODE PROVIDE DWELLING WITH A JANITOR OR RESPONSIBLE PERSON OR JANITORIAL SERVICE.,2025-04-08,2.0,NOV SENT OUT,04/08/2025,Original,Open,Y,2025,2025.0
SAMUEL (CITY),MANHATTAN,664,9/26/24,163 WEST 143 STREET,163.0,WEST 143 STREET,163 WEST 143 STREET,17811890,41712,145227.0,1,163,163,165,WEST 143 STREET,C,2025-04-07,2025-04-07,04/21/2025,04/14/2025,,,04/17/2025,671.0,9704643.0,"§ 27-2033 ADM CODE POST NOTICE, IN FORM APPROVED BY THE DEPARTMENT, STATING THE NAME AND LOCATION OF THE PERSON DESIGNATED BY THE OWNER TO HAVE KEY TO BUILDINGS HEATING SYSTEM MISSING INFORMATION AT PUBLIC HALL, 1st STORY",2025-04-08,19.0,VIOLATION CLOSED,06/13/2025,Original,Close,N,2025,2025.0
SAMUEL (CITY),MANHATTAN,664,9/26/24,113 WEST 144 STREET,113.0,WEST 144 STREET,113 WEST 144 STREET,17574769,41776,105002.0,1,113,113,115,WEST 144 STREET,C,2024-12-23,2024-12-23,01/24/2025,01/19/2025,,,,568.0,9550221.0,"HMC ADM CODE: § 27-2017.4 ABATE THE INFESTATION CONSISTING OF ROACHES IN THE ENTIRE APARTMENT LOCATED AT APT 1B, 1st STORY, 1st APARTMENT FROM NORTH AT EAST",2024-12-24,47.0,NOTICE OF ISSUANCE SENT TO TENANT,12/24/2024,Original,Open,N,2024,2024.0
SAMUEL (CITY),MANHATTAN,664,9/26/24,113 WEST 144 STREET,113.0,WEST 144 STREET,113 WEST 144 STREET,17574770,41776,105002.0,1,113,113,115,WEST 144 STREET,C,2024-12-23,2024-12-23,01/06/2025,12/30/2024,,,,672.0,9550220.0,§ 27-2033 ADM CODE PROVIDE READY ACCESS TO BUILDINGS HEATING SYSTEM LOCKED DOOR AT BOILER ROOM,2024-12-24,2.0,NOV SENT OUT,12/24/2024,Original,Open,N,2024,2024.0
SAMUEL (CITY),MANHATTAN,664,9/26/24,113 WEST 144 STREET,113.0,WEST 144 STREET,113 WEST 144 STREET,17579441,41776,105002.0,1,113,113,115,WEST 144 STREET,B,2024-12-26,2024-12-26,02/14/2025,01/31/2025,,,,583.0,9553449.0,"§ 27-2026, 2027 HMC: PROPERLY REPAIR THE SOURCE AND ABATE THE EVIDENCE OF A WATER LEAK AT CEILING IN THE 6th ROOM FROM NORTH LOCATED AT APT 1B, 1st STORY, 1st APARTMENT FROM NORTH AT EAST",2024-12-27,2.0,NOV SENT OUT,12/27/2024,Original,Open,N,2024,2024.0
SAMUEL (CITY),MANHATTAN,664,9/26/24,113 WEST 144 STREET,113.0,WEST 144 STREET,113 WEST 144 STREET,17585139,41776,105002.0,1,113,113,115,WEST 144 STREET,B,2024-12-26,2024-12-26,02/14/2025,01/31/2025,,,,583.0,9553448.0,"§ 27-2026, 2027 HMC: PROPERLY REPAIR THE SOURCE AND ABATE THE EVIDENCE OF A WATER LEAK AT CEILING IN THE 1st ROOM FROM NORTH LOCATED AT APT 1A, 1st STORY, 1st APARTMENT FROM WEST AT NORTH",2024-12-27,2.0,NOV SENT OUT,12/27/2024,Original,Open,N,2024,2024.0
SAMUEL (CITY),MANHATTAN,664,9/26/24,113 WEST 144 STREET,113.0,WEST 144 STREET,113 WEST 144 STREET,17585142,41776,105002.0,1,113,113,115,WEST 144 STREET,B,2024-12-26,2024-12-27,02/17/2025,02/03/2025,,,,702.0,9555685.0,"§ 27-2045 ADM CODE REPAIR OR REPLACE THE SMOKE DETECTOR MISSING IN THE ENTIRE APARTMENT LOCATED AT APT 1A, 1st STORY, 1st APARTMENT FROM WEST AT NORTH",2024-12-30,2.0,NOV SENT OUT,12/30/2024,Original,Open,N,2024,2024.0
SAMUEL (CITY),MANHATTAN,664,9/26/24,113 WEST 144 STREET,113.0,WEST 144 STREET,113 WEST 144 STREET,17579445,41776,105002.0,1,113,113,115,WEST 144 STREET,C,2024-12-26,2024-12-26,01/08/2025,12/27/2024,,,,666.0,9553183.0,"§ 27-2029 ADM CODE PROVIDE AN ADEQUATE SUPPLY OF HEAT FOR THE APARTMENT IN THE ENTIRE APARTMENT LOCATED AT APT 1B, 1st STORY, 1st APARTMENT FROM NORTH AT EAST",2024-12-27,2.0,NOV SENT OUT,12/27/2024,Original,Open,Y,2024,2024.0
SAMUEL (CITY),MANHATTAN,664,9/26/24,113 WEST 144 STREET,113.0,WEST 144 STREET,113 WEST 144 STREET,17379640,41776,105002.0,1,113,113,115,WEST 144 STREET,B,2024-10-28,2024-10-28,12/17/2024,12/03/2024,,,,508.0,9403346.0,"§ 27-2005 ADM CODE REPAIR THE BROKEN OR DEFECTIVE PLASTERED SURFACES AND PAINT IN A UNIFORM COLOR AT CEILING IN THE 2nd ROOM FROM NORTH LOCATED AT APT 1A, 1st STORY, 1st APARTMENT FROM WEST AT NORTH",2024-10-29,2.0,NOV SENT OUT,10/29/2024,Original,Open,N,2024,2024.0
SAMUEL (CITY),MANHATTAN,664,9/26/24,113 WEST 144 STREET,113.0,WEST 144 STREET,113 WEST 144 STREET,17379641,41776,105002.0,1,113,113,115,WEST 144 STREET,B,2024-10-28,2024-10-28,12/17/2024,12/03/2024,,,,508.0,9403346.0,"§ 27-2005 ADM CODE REPAIR THE BROKEN OR DEFECTIVE PLASTERED SURFACES AND PAINT IN A UNIFORM COLOR AT NORTH WALL IN THE 1st ROOM FROM NORTH LOCATED AT APT 1A, 1st STORY, 1st APARTMENT FROM WEST AT NORTH",2024-10-29,2.0,NOV SENT OUT,10/29/2024,Original,Open,N,2024,2024.0
SAMUEL (CITY),MANHATTAN,664,9/26/24,113 WEST 144 STREET,113.0,WEST 144 STREET,113 WEST 144 STREET,17379642,41776,105002.0,1,113,113,115,WEST 144 STREET,B,2024-10-28,2024-10-28,12/17/2024,12/03/2024,,,,583.0,9403346.0,"§ 27-2026, 2027 HMC: PROPERLY REPAIR THE SOURCE AND ABATE THE EVIDENCE OF A WATER LEAK AT CEILING IN THE 1st ROOM FROM NORTH LOCATED AT APT 1A, 1st STORY, 1st APARTMENT FROM WEST AT NORTH",2024-10-29,2.0,NOV SENT OUT,10/29/2024,Original,Open,N,2024,2024.0
SAMUEL (CITY),MANHATTAN,664,9/26/24,113 WEST 144 STREET,113.0,WEST 144 STREET,113 WEST 144 STREET,17379643,41776,105002.0,1,113,113,115,WEST 144 STREET,B,2024-10-28,2024-10-28,12/17/2024,12/03/2024,,,,502.0,9403346.0,"§ 27-2005 ADM CODE PROPERLY REPAIR WITH SIMILAR MATERIAL THE BROKEN OR DEFECTIVE CAULKING AROUND BATHTUB IN THE BATHROOM LOCATED AT APT 1A, 1st STORY, 1st APARTMENT FROM WEST AT NORTH",2024-10-29,2.0,NOV SENT OUT,10/29/2024,Original,Open,N,2024,2024.0
SAMUEL (CITY),MANHATTAN,664,9/26/24,113 WEST 144 STREET,113.0,WEST 144 STREET,113 WEST 144 STREET,17379644,41776,105002.0,1,113,113,115,WEST 144 STREET,A,2024-10-28,2024-10-28,02/15/2025,02/01/2025,,,,556.0,9403345.0,"§ 27-2013 ADM CODE PAINT WITH LIGHT COLORED PAINT TO THE SATISFACTION OF THIS DEPARTMENT AT CEILING IN THE BATHROOM LOCATED AT APT 1A, 1st STORY, 1st APARTMENT FROM WEST AT NORTH",2024-10-29,2.0,NOV SENT OUT,10/29/2024,Original,Open,N,2024,2024.0
SAMUEL (CITY),MANHATTAN,664,9/26/24,113 WEST 144 STREET,113.0,WEST 144 STREET,113 WEST 144 STREET,17379645,41776,105002.0,1,113,113,115,WEST 144 STREET,A,2024-10-28,2024-10-28,02/15/2025,02/01/2025,,,,484.0,9403344.0,"§ 329, M/D LAW AND DEPT. RULES AND REGS. PROVIDE A COMPLETED CERTIFICATE OF INSPECTION VISITS IN A PROPER FRAME AT OR NEAR MAILBOXES, BOTTOM EDGE OF FRAME BETWEEN 48-62 INCHES ABOVE FLOOR MISSING AT PUBLIC HALL, 1st STORY",2024-10-29,2.0,NOV SENT OUT,10/29/2024,Original,Open,N,2024,2024.0
SAMUEL (CITY),MANHATTAN,664,9/26/24,113 WEST 144 STREET,113.0,WEST 144 STREET,113 WEST 144 STREET,17574768,41776,105002.0,1,113,113,115,WEST 144 STREET,C,2024-12-23,2024-12-23,01/05/2025,12/24/2024,,,,666.0,9549955.0,"§ 27-2029 ADM CODE PROVIDE AN ADEQUATE SUPPLY OF HEAT FOR THE APARTMENT IN THE ENTIRE APARTMENT LOCATED AT APT 1B, 1st STORY, 1st APARTMENT FROM NORTH AT EAST",2024-12-24,19.0,VIOLATION CLOSED,01/16/2025,Original,Close,Y,2024,2024.0
SAMUEL (CITY),MANHATTAN,664,9/26/24,113 WEST 144 STREET,113.0,WEST 144 STREET,113 WEST 144 STREET,17579442,41776,105002.0,1,113,113,115,WEST 144 STREET,C,2024-12-26,2024-12-26,01/09/2025,01/02/2025,,,,508.0,9553450.0,"§ 27-2005 ADM CODE REPAIR THE BROKEN OR DEFECTIVE PLASTERED SURFACES AND PAINT IN A UNIFORM COLOR AT CEILING IN THE 6th ROOM FROM NORTH LOCATED AT APT 1B, 1st STORY, 1st APARTMENT FROM NORTH AT EAST",2024-12-27,19.0,VIOLATION CLOSED,04/02/2025,Original,Close,N,2024,2024.0
SAMUEL (CITY),MANHATTAN,664,9/26/24,113 WEST 144 STREET,113.0,WEST 144 STREET,113 WEST 144 STREET,17579443,41776,105002.0,1,113,113,115,WEST 144 STREET,C,2024-12-26,2024-12-26,01/27/2025,01/22/2025,,,,568.0,9553451.0,"HMC ADM CODE: § 27-2017.4 ABATE THE INFESTATION CONSISTING OF ROACHES IN THE ENTIRE APARTMENT LOCATED AT APT 1B, 1st STORY, 1st APARTMENT FROM NORTH AT EAST",2024-12-27,47.0,NOTICE OF ISSUANCE SENT TO TENANT,12/27/2024,Original,Open,N,2024,2024.0
SAMUEL (CITY),MANHATTAN,664,9/26/24,113 WEST 144 STREET,113.0,WEST 144 STREET,113 WEST 144 STREET,17585140,41776,105002.0,1,113,113,115,WEST 144 STREET,B,2024-12-26,2024-12-26,02/14/2025,01/31/2025,,,,508.0,9553448.0,"§ 27-2005 ADM CODE REPAIR THE BROKEN OR DEFECTIVE PLASTERED SURFACES AND PAINT IN A UNIFORM COLOR AT CEILING AND SOUTH WALL IN THE 1st ROOM FROM NORTH LOCATED AT APT 1A, 1st STORY, 1st APARTMENT FROM WEST AT NORTH",2024-12-27,2.0,NOV SENT OUT,12/27/2024,Original,Open,N,2024,2024.0
SAMUEL (CITY),MANHATTAN,664,9/26/24,113 WEST 144 STREET,113.0,WEST 144 STREET,113 WEST 144 STREET,17585143,41776,105002.0,1,113,113,115,WEST 144 STREET,B,2024-12-26,2024-12-27,02/17/2025,02/03/2025,,,,1503.0,9555685.0,"§ 27-2046.1 HMC: REPAIR OR REPLACE THE CARBON MONOXIDE DETECTING DEVICE(S). MISSING IN THE ENTIRE APARTMENT LOCATED AT APT 1A, 1st STORY, 1st APARTMENT FROM WEST AT NORTH",2024-12-30,2.0,NOV SENT OUT,12/30/2024,Original,Open,N,2024,2024.0
SAMUEL (CITY),MANHATTAN,664,9/26/24,113 WEST 144 STREET,113.0,WEST 144 STREET,113 WEST 144 STREET,17585147,41776,105002.0,1,113,113,115,WEST 144 STREET,C,2024-12-26,2024-12-27,01/30/2025,01/25/2025,,,,568.0,9555687.0,"HMC ADM CODE: § 27-2017.4 ABATE THE INFESTATION CONSISTING OF ROACHES IN THE ENTIRE APARTMENT LOCATED AT APT 1A, 1st STORY, 1st APARTMENT FROM WEST AT NORTH",2024-12-30,47.0,NOTICE OF ISSUANCE SENT TO TENANT,12/30/2024,Original,Open,N,2024,2024.0
SAMUEL (CITY),MANHATTAN,664,9/26/24,113 WEST 144 STREET,113.0,WEST 144 STREET,113 WEST 144 STREET,17585148,41776,105002.0,1,113,113,115,WEST 144 STREET,C,2024-12-26,2024-12-27,01/12/2025,01/05/2025,,,,510.0,9555686.0,"§ 27-2005 ADM CODE & 309 M/D LAW ABATE THE NUISANCE CONSISTING OF HOT WATER EXCEEDING THE MAXIMUM ALLOWABLE TEMPERATURE OF 130 DEGREES IN THE ENTIRE APARTMENT LOCATED AT APT 1A, 1st STORY, 1st APARTMENT FROM WEST AT NORTH",2024-12-30,19.0,VIOLATION CLOSED,03/15/2025,Original,Close,N,2024,2024.0
SAMUEL (CITY),MANHATTAN,664,9/26/24,113 WEST 144 STREET,113.0,WEST 144 STREET,113 WEST 144 STREET,17643060,41776,105002.0,1,113,113,115,WEST 144 STREET,C,2025-01-23,2025-01-23,02/24/2025,02/19/2025,,,,568.0,9594495.0,"HMC ADM CODE: § 27-2017.4 ABATE THE INFESTATION CONSISTING OF ROACHES IN THE ENTIRE APARTMENT LOCATED AT APT 3A, 3rd STORY, 1st APARTMENT FROM WEST AT NORTH",2025-01-24,47.0,NOTICE OF ISSUANCE SENT TO TENANT,01/24/2025,Original,Open,N,2025,2025.0
SAMUEL (CITY),MANHATTAN,664,9/26/24,113 WEST 144 STREET,113.0,WEST 144 STREET,113 WEST 144 STREET,17711885,41776,105002.0,1,113,113,115,WEST 144 STREET,B,2025-02-22,2025-02-22,04/14/2025,03/31/2025,,,04/10/2025,552.0,9640225.0,"§ 27-2010, 2011, 2012 ADM CODE REMOVE THE ACCUMULATION OF REFUSE AND/OR RUBBISH AND MAINTAIN IN A CLEAN CONDITION THE GARBAGE BAGS AROUND CHUTE AT COMPACTOR CLOSET, 1st STORY",2025-02-24,9.0,VIOLATION DISMISSED,06/27/2025,Original,Close,N,2025,2025.0
SAMUEL (CITY),MANHATTAN,664,9/26/24,113 WEST 144 STREET,113.0,WEST 144 STREET,113 WEST 144 STREET,18223982,41776,105002.0,1,113,113,115,WEST 144 STREET,C,2025-09-12,2025-09-12,10/04/2025,09/29/2025,,,,530.0,9990831.0,"§ 27-2005, 27-2007, 27-2041.1 HMC, §238, § 309; § 107 (2) ( C) MDL AND 28 RCNY §25-171: REPLACE OR REPAIR THE SELF-CLOSING DOORS THAT IS MISSING OR DEFECTIVE DOOR AND DOORFRAME IN THE ENTRANCE LOCATED AT APT 1A, 1st STORY, 1st APARTMENT FROM WEST AT NORTH",2025-09-15,2.0,NOV SENT OUT,09/15/2025,Original,Open,N,2025,2025.0
SAMUEL (CITY),MANHATTAN,664,9/26/24,113 WEST 144 STREET,113.0,WEST 144 STREET,113 WEST 144 STREET,18223983,41776,105002.0,1,113,113,115,WEST 144 STREET,C,2025-09-12,2025-09-15,10/17/2025,10/12/2025,,,,568.0,9993750.0,"HMC ADM CODE: § 27-2017.4 ABATE THE INFESTATION CONSISTING OF ROACHES IN THE ENTIRE APARTMENT LOCATED AT APT 1A, 1st STORY, 1st APARTMENT FROM WEST AT NORTH",2025-09-16,47.0,NOTICE OF ISSUANCE SENT TO TENANT,09/16/2025,Original,Open,N,2025,2025.0
SAMUEL (CITY),MANHATTAN,664,9/26/24,113 WEST 144 STREET,113.0,WEST 144 STREET,113 WEST 144 STREET,6358922,41776,105002.0,1,113,113,115,WEST 144 STREET,B,2006-09-09,2006-09-10,11/05/2006,10/22/2006,,,,566.0,2810047.0,"§ 27-2018 ADM CODE ABATE THE NUISANCE CONSISTING OF VERMIN MICE IN THE ENTIRE APARTMENT LOCATED AT APT 1A, 1st STORY, 1st APARTMENT FROM WEST AT NORTH",2006-09-12,22.0,FIRST NO ACCESS TO RE- INSPECT VIOLATION,09/09/2012,Original,Open,N,2006,2006.0
SAMUEL (CITY),MANHATTAN,664,9/26/24,113 WEST 144 STREET,113.0,WEST 144 STREET,113 WEST 144 STREET,6358924,41776,105002.0,1,113,113,115,WEST 144 STREET,B,2006-09-09,2006-09-10,11/05/2006,10/22/2006,,,,502.0,2810047.0,"§ 27-2005 ADM CODE PROPERLY REPAIR WITH SIMILAR MATERIAL THE BROKEN OR DEFECTIVE VINYL TILES IN THE KITCHEN LOCATED AT APT 1A, 1st STORY, 1st APARTMENT FROM WEST AT NORTH",2006-09-12,22.0,FIRST NO ACCESS TO RE- INSPECT VIOLATION,09/09/2012,Original,Open,N,2006,2006.0
SAMUEL (CITY),MANHATTAN,664,9/26/24,113 WEST 144 STREET,113.0,WEST 144 STREET,113 WEST 144 STREET,6358926,41776,105002.0,1,113,113,115,WEST 144 STREET,B,2006-09-09,2006-09-10,11/05/2006,10/22/2006,,,,508.0,2810047.0,"§ 27-2005 ADM CODE REPAIR THE BROKEN OR DEFECTIVE PLASTERED SURFACES AND PAINT IN A UNIFORM COLOR CEILING IN THE BATHROOM LOCATED AT APT 1A, 1st STORY, 1st APARTMENT FROM WEST AT NORTH",2006-09-12,22.0,FIRST NO ACCESS TO RE- INSPECT VIOLATION,09/09/2012,Original,Open,N,2006,2006.0
SAMUEL (CITY),MANHATTAN,664,9/26/24,113 WEST 144 STREET,113.0,WEST 144 STREET,113 WEST 144 STREET,6358931,41776,105002.0,1,113,113,115,WEST 144 STREET,B,2006-09-09,2006-09-10,11/05/2006,10/22/2006,,,,508.0,2810047.0,"§ 27-2005 ADM CODE REPAIR THE BROKEN OR DEFECTIVE PLASTERED SURFACES AND PAINT IN A UNIFORM COLOR CEILING IN THE 3rd ROOM FROM NORTH LOCATED AT APT 1A, 1st STORY",2006-09-12,22.0,FIRST NO ACCESS TO RE- INSPECT VIOLATION,09/09/2012,Original,Open,N,2006,2006.0
SAMUEL (CITY),MANHATTAN,664,9/26/24,113 WEST 144 STREET,113.0,WEST 144 STREET,113 WEST 144 STREET,18223985,41776,105002.0,1,113,113,115,WEST 144 STREET,C,2025-09-12,2025-09-12,09/25/2025,09/13/2025,,,,670.0,9990449.0,"§ 27-2031 ADM CODE PROVIDE HOT WATER AT ALL HOT WATER FIXTURES IN THE ENTIRE APARTMENT LOCATED AT APT 1A, 1st STORY, 1st APARTMENT FROM WEST AT NORTH",2025-09-15,2.0,NOV SENT OUT,09/15/2025,Original,Open,Y,2025,2025.0
SAMUEL (CITY),MANHATTAN,664,9/26/24,113 WEST 144 STREET,113.0,WEST 144 STREET,113 WEST 144 STREET,18177686,41776,105002.0,1,113,113,115,WEST 144 STREET,C,2025-08-22,2025-08-22,09/13/2025,09/08/2025,,,09/02/2025,530.0,9963731.0,"§ 27-2005, 27-2007, 27-2041.1 HMC, §238, § 309; § 107 (2) ( C) MDL AND 28 RCNY §25-171: REPLACE OR REPAIR THE SELF-CLOSING DOORS THAT IS MISSING OR DEFECTIVE HINGES AT FRONT ENTRANCE DOOR TO BUILDING",2025-08-25,8.0,FALSE CERTIFICATION,09/19/2025,Original,Open,N,2025,2025.0
SAMUEL (CITY),MANHATTAN,664,9/26/24,113 WEST 144 STREET,113.0,WEST 144 STREET,113 WEST 144 STREET,17579447,41776,105002.0,1,113,113,115,WEST 144 STREET,C,2024-12-26,2024-12-26,01/08/2025,12/27/2024,,,,666.0,9553183.0,"§ 27-2029 ADM CODE PROVIDE AN ADEQUATE SUPPLY OF HEAT FOR THE APARTMENT IN THE ENTIRE APARTMENT LOCATED AT APT 1A, 1st STORY, 1st APARTMENT FROM WEST AT NORTH",2024-12-27,19.0,VIOLATION CLOSED,03/06/2025,Original,Close,Y,2024,2024.0
SAMUEL (CITY),MANHATTAN,664,9/26/24,113 WEST 144 STREET,113.0,WEST 144 STREET,113 WEST 144 STREET,17579446,41776,105002.0,1,113,113,115,WEST 144 STREET,C,2024-12-26,2024-12-26,01/09/2025,01/02/2025,,,,672.0,9553450.0,§ 27-2033 ADM CODE PROVIDE READY ACCESS TO BUILDINGS HEATING SYSTEM DOOR LOCKED AT CELLAR,2024-12-27,2.0,NOV SENT OUT,12/27/2024,Original,Open,N,2024,2024.0
SAMUEL (CITY),MANHATTAN,664,9/26/24,113 WEST 144 STREET,113.0,WEST 144 STREET,113 WEST 144 STREET,17711886,41776,105002.0,1,113,113,115,WEST 144 STREET,C,2025-02-22,2025-02-22,03/15/2025,03/10/2025,,,03/21/2025,530.0,9640228.0,"§ 27-2005, 27-2007, 27-2041.1 HMC, §238, § 309; § 107 (2) ( C) MDL AND 28 RCNY §25-171: REPLACE OR REPAIR THE SELF-CLOSING DOORS THAT IS MISSING OR DEFECTIVE HINGES AT COMPACTOR CHUTE AT NORTH WALL AT COMPACTOR CLOSET, 1st STORY",2025-02-24,19.0,VIOLATION CLOSED,03/26/2025,Original,Close,N,2025,2025.0
SAMUEL (CITY),MANHATTAN,664,9/26/24,113 WEST 144 STREET,113.0,WEST 144 STREET,113 WEST 144 STREET,17949812,41776,105002.0,1,113,113,115,WEST 144 STREET,A,2025-06-04,2025-06-04,09/21/2025,09/07/2025,,,,1507.0,9790542.0,"(A) § HMC:FILE ANNUAL BEDBUG REPORT IN ACCORDANCE WITH HPD RULE AS DESCRIBED ON THE BACK OF THIS NOTICE OF VIOLATION OR AS DESCRIBED ON HPDS WEBSITE, WWW.NYC.GOV\HPD, SEARCH BED BUGS.",2025-06-04,2.0,NOV SENT OUT,06/04/2025,Original,Open,N,2025,2025.0
SAMUEL (CITY),MANHATTAN,664,9/26/24,113 WEST 144 STREET,113.0,WEST 144 STREET,113 WEST 144 STREET,17711887,41776,105002.0,1,113,113,115,WEST 144 STREET,C,2025-02-22,2025-02-22,03/09/2025,03/02/2025,,,,510.0,9640227.0,"§ 27-2005 ADM CODE & 309 M/D LAW ABATE THE NUISANCE CONSISTING OF SCALDING HOT WATER EXCEEDING 130 DEGREES AT ALL HOT WATER PLUMBING FIXTURES IN THE ENTIRE APARTMENT LOCATED AT APT 1A, 1st STORY, 1st APARTMENT FROM WEST AT NORTH",2025-02-24,19.0,VIOLATION CLOSED,03/20/2025,Original,Close,N,2025,2025.0
SAMUEL (CITY),MANHATTAN,664,9/26/24,113 WEST 144 STREET,113.0,WEST 144 STREET,113 WEST 144 STREET,18223986,41776,105002.0,1,113,113,115,WEST 144 STREET,C,2025-09-12,2025-09-12,09/28/2025,09/21/2025,,,,672.0,9990830.0,§ 27-2033 ADM CODE PROVIDE READY ACCESS TO BUILDINGS HEATING SYSTEM LOCKED DOOR AT BASEMENT,2025-09-15,2.0,NOV SENT OUT,09/15/2025,Original,Open,N,2025,2025.0
SAMUEL (CITY),MANHATTAN,664,9/26/24,113 WEST 144 STREET,113.0,WEST 144 STREET,113 WEST 144 STREET,17838931,41776,105002.0,1,113,113,115,WEST 144 STREET,C,2025-04-20,2025-04-20,05/10/2025,05/05/2025,,,05/09/2025,530.0,9721664.0,"§ 27-2005, 27-2007, 27-2041.1 HMC, §238, § 309; § 107 (2) ( C) MDL AND 28 RCNY §25-171: REPLACE OR REPAIR THE SELF-CLOSING DOORS THAT IS MISSING OR DEFECTIVE NORTH WALL AT COMPACTOR CLOSET, 1st STORY",2025-04-21,19.0,VIOLATION CLOSED,06/09/2025,Original,Close,N,2025,2025.0
SAMUEL (CITY),MANHATTAN,664,9/26/24,113 WEST 144 STREET,113.0,WEST 144 STREET,113 WEST 144 STREET,17711888,41776,105002.0,1,113,113,115,WEST 144 STREET,B,2025-02-22,2025-02-22,04/14/2025,03/31/2025,,,,583.0,9640226.0,"§ 27-2026, 2027 HMC: PROPERLY REPAIR THE SOURCE AND ABATE THE EVIDENCE OF A WATER LEAK AT NORTH WALL IN THE 5th ROOM FROM NORTH LOCATED AT APT 1A, 1st STORY, 1st APARTMENT FROM WEST AT NORTH",2025-02-24,2.0,NOV SENT OUT,02/24/2025,Original,Open,N,2025,2025.0
SAMUEL (CITY),MANHATTAN,664,9/26/24,113 WEST 144 STREET,113.0,WEST 144 STREET,113 WEST 144 STREET,17579444,41776,105002.0,1,113,113,115,WEST 144 STREET,C,2024-12-26,2024-12-26,01/09/2025,01/02/2025,,,,510.0,9553450.0,"§ 27-2005 ADM CODE & 309 M/D LAW ABATE THE NUISANCE CONSISTING OF HOT WATER EXCEEDING MAXIMUM ALLOWABLE TEMPERATURE OF 130 DEGREES IN THE ENTIRE APARTMENT LOCATED AT APT 1B, 1st STORY, 1st APARTMENT FROM NORTH AT EAST",2024-12-27,19.0,VIOLATION CLOSED,03/15/2025,Original,Close,N,2024,2024.0
SAMUEL (CITY),MANHATTAN,664,9/26/24,113 WEST 144 STREET,113.0,WEST 144 STREET,113 WEST 144 STREET,17711889,41776,105002.0,1,113,113,115,WEST 144 STREET,A,2025-02-22,2025-02-22,06/13/2025,05/30/2025,,,06/13/2025,508.0,9640224.0,"§ 27-2005 ADM CODE REPAIR THE BROKEN OR DEFECTIVE PLASTERED SURFACES AND PAINT IN A UNIFORM COLOR AT NORTH WALL IN THE 5th ROOM FROM NORTH LOCATED AT APT 1A, 1st STORY, 1st APARTMENT FROM WEST AT NORTH",2025-02-24,9.0,VIOLATION DISMISSED,08/25/2025,Original,Close,N,2025,2025.0
SAMUEL (CITY),MANHATTAN,664,9/26/24,113 WEST 144 STREET,113.0,WEST 144 STREET,113 WEST 144 STREET,18223984,41776,105002.0,1,113,113,115,WEST 144 STREET,C,2025-09-12,2025-09-15,10/17/2025,10/12/2025,,,,567.0,9993750.0,"567 (C) § 27-2017, 27-2017.1, 27-2017.4, 27-2017.5, 27-2017.8, 27-2019, 27-2021 HMC: ABATE THE NUISANCE CONSISTING OF EVIDENCE OF RATS AND ALL UNDERLYING CAUSES CREATING THE PEST INFESTATIONS, BY USING INTEGRATED PEST MANAGEMENT (IPM), ELIMINATE ALL BURROW ENTRY AND PASSAGEWAYS, PEST NESTS, HOLES, GAPS OR CRACKS IN WALLS, CEILINGS, FLOORS, FIXING LEAKS AND MANAGING GARBAGE IN PUBLIC AREAS. EVIDENCE FOUND AT ... IN THE ENTIRE APARTMENT LOCATED AT APT 1A, 1st STORY, 1st APARTMENT FROM WEST AT NORTH",2025-09-16,47.0,NOTICE OF ISSUANCE SENT TO TENANT,09/16/2025,Original,Open,Y,2025,2025.0
SAMUEL (CITY),MANHATTAN,664,9/26/24,159 WEST 143 STREET,159.0,WEST 143 STREET,159 WEST 143 STREET,17651866,41711,105104.0,1,159,159,161,WEST 143 STREET,C,2025-01-27,2025-01-27,02/10/2025,02/03/2025,,,,672.0,9600801.0,§ 27-2033 ADM CODE PROVIDE READY ACCESS TO BUILDINGS HEATING SYSTEM BOILER ROOM DOOR LOCKED AT CELLAR,2025-01-28,2.0,NOV SENT OUT,01/28/2025,Original,Open,N,2025,2025.0
SAMUEL (CITY),MANHATTAN,664,9/26/24,159 WEST 143 STREET,159.0,WEST 143 STREET,159 WEST 143 STREET,17651867,41711,105104.0,1,159,159,161,WEST 143 STREET,C,2025-01-27,2025-01-27,02/10/2025,02/03/2025,,,,502.0,9600801.0,"§ 27-2005 ADM CODE PROPERLY REPAIR WITH SIMILAR MATERIAL THE BROKEN OR DEFECTIVE WOOD FLOOR IN THE FOYER LOCATED AT APT 4B , 4th STORY, 1st APARTMENT FROM WEST AT NORTH",2025-01-28,2.0,NOV SENT OUT,01/28/2025,Original,Open,N,2025,2025.0
SAMUEL (CITY),MANHATTAN,664,9/26/24,159 WEST 143 STREET,159.0,WEST 143 STREET,159 WEST 143 STREET,17949806,41711,105104.0,1,159,159,161,WEST 143 STREET,A,2025-06-04,2025-06-04,09/21/2025,09/07/2025,,,,1507.0,9790523.0,"(A) § HMC:FILE ANNUAL BEDBUG REPORT IN ACCORDANCE WITH HPD RULE AS DESCRIBED ON THE BACK OF THIS NOTICE OF VIOLATION OR AS DESCRIBED ON HPDS WEBSITE, WWW.NYC.GOV\HPD, SEARCH BED BUGS.",2025-06-04,2.0,NOV SENT OUT,06/04/2025,Original,Open,N,2025,2025.0
SAMUEL (CITY),MANHATTAN,664,9/26/24,159 WEST 143 STREET,159.0,WEST 143 STREET,159 WEST 143 STREET,17844250,41711,105104.0,1,159,159,161,WEST 143 STREET,B,2025-04-22,2025-04-22,06/11/2025,05/28/2025,,,,508.0,9725291.0,"§ 27-2005 ADM CODE REPAIR THE BROKEN OR DEFECTIVE PLASTERED SURFACES AND PAINT IN A UNIFORM COLOR AT CEILING AND ALL WALLS AND CEILING IN THE PRIVATE HALLWAY LOCATED AT APT 1B, 1st STORY, 1st APARTMENT FROM NORTH AT EAST",2025-04-23,2.0,NOV SENT OUT,04/23/2025,Original,Open,N,2025,2025.0
SAMUEL (CITY),MANHATTAN,664,9/26/24,159 WEST 143 STREET,159.0,WEST 143 STREET,159 WEST 143 STREET,17651865,41711,105104.0,1,159,159,161,WEST 143 STREET,C,2025-01-27,2025-01-27,02/09/2025,01/28/2025,,,,666.0,9600484.0,"§ 27-2029 ADM CODE PROVIDE AN ADEQUATE SUPPLY OF HEAT FOR THE APARTMENT IN THE ENTIRE APARTMENT LOCATED AT APT 4B , 4th STORY, 1st APARTMENT FROM WEST AT NORTH",2025-01-28,2.0,NOV SENT OUT,01/28/2025,Original,Open,Y,2025,2025.0
SAMUEL (CITY),MANHATTAN,664,9/26/24,159 WEST 143 STREET,159.0,WEST 143 STREET,159 WEST 143 STREET,17844249,41711,105104.0,1,159,159,161,WEST 143 STREET,B,2025-04-22,2025-04-22,06/11/2025,05/28/2025,,,,583.0,9725291.0,"§ 27-2026, 2027 HMC: PROPERLY REPAIR THE SOURCE AND ABATE THE EVIDENCE OF A WATER LEAK AT CEILING IN THE PRIVATE HALLWAY LOCATED AT APT 1B, 1st STORY, 1st APARTMENT FROM NORTH AT EAST",2025-04-23,2.0,NOV SENT OUT,04/23/2025,Original,Open,N,2025,2025.0
SAMUEL (CITY),MANHATTAN,664,9/26/24,159 WEST 143 STREET,159.0,WEST 143 STREET,159 WEST 143 STREET,17844248,41711,105104.0,1,159,159,161,WEST 143 STREET,C,2025-04-22,2025-04-22,05/06/2025,04/29/2025,,,05/08/2025,508.0,9725292.0,"§ 27-2005 ADM CODE REPAIR THE BROKEN OR DEFECTIVE PLASTERED SURFACES AND PAINT IN A UNIFORM COLOR AT CEILING IN THE BATHROOM LOCATED AT APT 1B, 1st STORY, 1st APARTMENT FROM NORTH AT EAST",2025-04-23,4.0,NOV CERTIFIED LATE,05/08/2025,Original,Open,N,2025,2025.0
SAMUEL (CITY),MANHATTAN,664,9/26/24,159 WEST 143 STREET,159.0,WEST 143 STREET,159 WEST 143 STREET,17844251,41711,105104.0,1,159,159,161,WEST 143 STREET,A,2025-04-22,2025-04-22,08/10/2025,07/27/2025,,,07/24/2025,556.0,9725290.0,"§ 27-2013 ADM CODE PAINT WITH LIGHT COLORED PAINT TO THE SATISFACTION OF THIS DEPARTMENT AT ALL WALLS AND CEILING IN THE KITCHEN LOCATED AT APT 1B, 1st STORY, 1st APARTMENT FROM NORTH AT EAST",2025-04-23,10.0,CIV14 MAILED,07/25/2025,Original,Open,N,2025,2025.0
SAMUEL (CITY),MANHATTAN,664,9/26/24,151 WEST 143 STREET,151.0,WEST 143 STREET,151 WEST 143 STREET,6504838,41709,102082.0,1,151,151,153,WEST 143 STREET,A,2006-12-11,2006-12-12,04/06/2007,03/23/2007,,,,529.0,2869008.0,"§ 27-2005 ADM CODE REFIT DOOR IN THE ENTRANCE LOCATED AT APT 1B, 1st STORY, 2nd APARTMENT FROM NORTH AT EAST",2006-12-13,22.0,FIRST NO ACCESS TO RE- INSPECT VIOLATION,10/10/2012,Original,Open,N,2006,2006.0
SAMUEL (CITY),MANHATTAN,664,9/26/24,151 WEST 143 STREET,151.0,WEST 143 STREET,151 WEST 143 STREET,6504836,41709,102082.0,1,151,151,153,WEST 143 STREET,B,2006-12-11,2006-12-12,02/05/2007,01/22/2007,,,,508.0,2869009.0,"§ 27-2005 ADM CODE REPAIR THE BROKEN OR DEFECTIVE PLASTERED SURFACES AND PAINT IN A UNIFORM COLOR EAST WALL IN THE BATHROOM LOCATED AT APT 1B, 1st STORY, 2nd APARTMENT FROM NORTH AT EAST",2006-12-13,22.0,FIRST NO ACCESS TO RE- INSPECT VIOLATION,10/10/2012,Original,Open,N,2006,2006.0
SAMUEL (CITY),MANHATTAN,664,9/26/24,151 WEST 143 STREET,151.0,WEST 143 STREET,151 WEST 143 STREET,6504834,41709,102082.0,1,151,151,153,WEST 143 STREET,B,2006-12-11,2006-12-12,02/05/2007,01/22/2007,,,,501.0,2869009.0,"§ 27-2005 ADM CODE PROPERLY REPAIR THE BROKEN OR DEFECTIVE LOCK AT DOOR IN THE ENTRANCE LOCATED AT APT 1B, 1st STORY, 2nd APARTMENT FROM NORTH AT EAST",2006-12-13,22.0,FIRST NO ACCESS TO RE- INSPECT VIOLATION,10/10/2012,Original,Open,N,2006,2006.0
SAMUEL (CITY),MANHATTAN,664,9/26/24,151 WEST 143 STREET,151.0,WEST 143 STREET,151 WEST 143 STREET,6504835,41709,102082.0,1,151,151,153,WEST 143 STREET,B,2006-12-11,2006-12-12,02/05/2007,01/22/2007,,,,501.0,2869009.0,"§ 27-2005 ADM CODE PROPERLY REPAIR THE BROKEN OR DEFECTIVE LOWER WINDOW SASH IN THE ENTIRE APARTMENT LOCATED AT APT 1B, 1st STORY, 2nd APARTMENT FROM NORTH AT EAST",2006-12-13,22.0,FIRST NO ACCESS TO RE- INSPECT VIOLATION,10/10/2012,Original,Open,N,2006,2006.0
SAMUEL (CITY),MANHATTAN,664,9/26/24,151 WEST 143 STREET,151.0,WEST 143 STREET,151 WEST 143 STREET,6504837,41709,102082.0,1,151,151,153,WEST 143 STREET,B,2006-12-11,2006-12-12,02/05/2007,01/22/2007,,,,508.0,2869009.0,"§ 27-2005 ADM CODE REPAIR THE BROKEN OR DEFECTIVE PLASTERED SURFACES AND PAINT IN A UNIFORM COLOR CEILING, NORTH AND EAST WALL IN THE FOYER LOCATED AT APT 1B, 1st STORY, 2nd APARTMENT FROM NORTH AT EAST",2006-12-13,22.0,FIRST NO ACCESS TO RE- INSPECT VIOLATION,10/10/2012,Original,Open,N,2006,2006.0
SAMUEL (CITY),MANHATTAN,664,9/26/24,151 WEST 143 STREET,151.0,WEST 143 STREET,151 WEST 143 STREET,18238582,41709,102082.0,1,151,151,153,WEST 143 STREET,B,2025-09-16,2025-09-20,11/10/2025,10/27/2025,,,,507.0,10000675.0,"§ 27-2005 ADM CODE REPAIR THE ROOF SO THAT IT WILL NOT LEAK AT CEILING AND SOUTH WALL AT PUBLIC HALL, 5th STORY",2025-09-22,2.0,NOV SENT OUT,09/22/2025,Original,Open,Y,2025,2025.0
SAMUEL (CITY),MANHATTAN,664,9/26/24,151 WEST 143 STREET,151.0,WEST 143 STREET,151 WEST 143 STREET,18254723,41709,102082.0,1,151,151,153,WEST 143 STREET,B,2025-09-25,2025-09-25,11/14/2025,10/31/2025,,,,1503.0,10008289.0,"§ 27-2045(B)(1)(B) HMC, § 12-06, § 12-07, § 12-09 RCNY REPAIR, REPLACE OR PROVIDE AN APPROVED AND OPERATIONAL CARBON MONOXIDE DETECTING DEVICE, INSTALLED IN ACCORDANCE WITH APPLICABLE LAW AND RULES MISSING IN THE ENTIRE APARTMENT LOCATED AT APT 4C, 4th STORY, 1st APARTMENT FROM SOUTH AT WEST",2025-09-26,2.0,NOV SENT OUT,09/26/2025,Original,Open,N,2025,2025.0
SAMUEL (CITY),MANHATTAN,664,9/26/24,151 WEST 143 STREET,151.0,WEST 143 STREET,151 WEST 143 STREET,18254720,41709,102082.0,1,151,151,153,WEST 143 STREET,B,2025-09-25,2025-09-25,11/14/2025,10/31/2025,,,,502.0,10008289.0,"§ 27-2005 ADM CODE PROPERLY REPAIR WITH SIMILAR MATERIAL THE BROKEN OR DEFECTIVE VINYL FLOOR TILES IN THE KITCHEN LOCATED AT APT 4C, 4th STORY, 1st APARTMENT FROM SOUTH AT WEST",2025-09-26,2.0,NOV SENT OUT,09/26/2025,Original,Open,N,2025,2025.0
SAMUEL (CITY),MANHATTAN,664,9/26/24,151 WEST 143 STREET,151.0,WEST 143 STREET,151 WEST 143 STREET,17763693,41709,102082.0,1,151,151,153,WEST 143 STREET,C,2025-03-16,2025-03-17,03/31/2025,03/24/2025,,,03/25/2025,672.0,9674202.0,§ 27-2033 ADM CODE PROVIDE READY ACCESS TO BUILDINGS HEATING SYSTEM BOI.ER ROOM DOOR LOCKED AT CELLAR,2025-03-18,9.0,VIOLATION DISMISSED,06/05/2025,Original,Close,N,2025,2025.0
SAMUEL (CITY),MANHATTAN,664,9/26/24,151 WEST 143 STREET,151.0,WEST 143 STREET,151 WEST 143 STREET,17763692,41709,102082.0,1,151,151,153,WEST 143 STREET,C,2025-03-16,2025-03-17,03/29/2025,03/17/2025,,,03/24/2025,670.0,9674024.0,"§ 27-2031 ADM CODE PROVIDE HOT WATER AT ALL HOT WATER FIXTURES IN THE ENTIRE APARTMENT LOCATED AT APT 3A, 3rd STORY, 1st APARTMENT FROM WEST AT NORTH",2025-03-18,9.0,VIOLATION DISMISSED,06/04/2025,Original,Close,Y,2025,2025.0
SAMUEL (CITY),MANHATTAN,664,9/26/24,151 WEST 143 STREET,151.0,WEST 143 STREET,151 WEST 143 STREET,18254718,41709,102082.0,1,151,151,153,WEST 143 STREET,C,2025-09-25,2025-09-25,10/27/2025,10/22/2025,,,,568.0,10008290.0,"HMC ADM CODE: § 27-2017.4 ABATE THE INFESTATION CONSISTING OF ROACHES IN THE ENTIRE APARTMENT LOCATED AT APT 4C, 4th STORY, 1st APARTMENT FROM SOUTH AT WEST",2025-09-26,47.0,NOTICE OF ISSUANCE SENT TO TENANT,09/26/2025,Original,Open,N,2025,2025.0
SAMUEL (CITY),MANHATTAN,664,9/26/24,151 WEST 143 STREET,151.0,WEST 143 STREET,151 WEST 143 STREET,18260537,41709,102082.0,1,151,151,153,WEST 143 STREET,C,2025-09-25,2025-09-26,10/12/2025,10/05/2025,,,,501.0,10009854.0,"§ 27-2005 HMC: PROPERLY REPAIR OR REPLACE THE BROKEN OR DEFECTIVE HEAVY DUTY LOCK AND LATCH SET AT BUILDING ENTRANCE DOOR , 1st STORY",2025-09-29,2.0,NOV SENT OUT,09/29/2025,Original,Open,N,2025,2025.0
SAMUEL (CITY),MANHATTAN,664,9/26/24,151 WEST 143 STREET,151.0,WEST 143 STREET,151 WEST 143 STREET,17780338,41709,102082.0,1,151,151,153,WEST 143 STREET,C,2025-03-24,2025-03-24,04/25/2025,04/20/2025,,,04/25/2025,569.0,9684721.0,"HMC ADM CODE: § 27-2017.4 ABATE THE INFESTATION CONSISTING OF MICE IN THE ENTIRE APARTMENT LOCATED AT APT 5B, 5th STORY, 1st APARTMENT FROM NORTH AT EAST",2025-03-25,9.0,VIOLATION DISMISSED,07/07/2025,Original,Close,N,2025,2025.0
SAMUEL (CITY),MANHATTAN,664,9/26/24,151 WEST 143 STREET,151.0,WEST 143 STREET,151 WEST 143 STREET,18238587,41709,102082.0,1,151,151,153,WEST 143 STREET,B,2025-09-16,2025-09-20,11/10/2025,10/27/2025,,,,502.0,10000675.0,"§ 27-2005 ADM CODE PROPERLY REPAIR WITH SIMILAR MATERIAL THE BROKEN OR DEFECTIVE FRIE RETARDANT MATERIAL AT SOUTH WALL AND CEILING AT PUBLIC HALL, 5th STORY",2025-09-22,2.0,NOV SENT OUT,09/22/2025,Original,Open,N,2025,2025.0
SAMUEL (CITY),MANHATTAN,664,9/26/24,151 WEST 143 STREET,151.0,WEST 143 STREET,151 WEST 143 STREET,18238589,41709,102082.0,1,151,151,153,WEST 143 STREET,A,2025-09-16,2025-09-20,01/09/2026,12/26/2025,,,,556.0,10000674.0,"§ 27-2013 ADM CODE PAINT WITH LIGHT COLORED PAINT TO THE SATISFACTION OF THIS DEPARTMENT AT CEILING AND SOUTH WALL AT PUBLIC HALL, 5th STORY",2025-09-22,2.0,NOV SENT OUT,09/22/2025,Original,Open,N,2025,2025.0
SAMUEL (CITY),MANHATTAN,664,9/26/24,151 WEST 143 STREET,151.0,WEST 143 STREET,151 WEST 143 STREET,18184782,41709,102082.0,1,151,151,153,WEST 143 STREET,C,2025-08-25,2025-08-25,09/14/2025,09/09/2025,,,09/11/2025,530.0,9966579.0,"§ 27-2005, 27-2007, 27-2041.1 HMC, §238, § 309; § 107 (2) ( C) MDL AND 28 RCNY §25-171: REPLACE OR REPAIR THE SELF-CLOSING DOORS THAT IS MISSING OR DEFECTIVE LATCH SET AT BUILDING ENTRANCE DOOR, , 1st STORY",2025-08-26,8.0,FALSE CERTIFICATION,09/19/2025,Original,Open,N,2025,2025.0
SAMUEL (CITY),MANHATTAN,664,9/26/24,151 WEST 143 STREET,151.0,WEST 143 STREET,151 WEST 143 STREET,18184783,41709,102082.0,1,151,151,153,WEST 143 STREET,C,2025-08-25,2025-08-25,09/14/2025,09/09/2025,,,09/11/2025,530.0,9966580.0,"§ 27-2005, 27-2007, 27-2041.1 HMC, §238, § 309; § 107 (2) ( C) MDL AND 28 RCNY §25-171: REPLACE OR REPAIR THE SELF-CLOSING DOORS THAT IS MISSING OR DEFECTIVE LATCH SET AT HOPPER DOOR AT PUBLIC HALL, 5th STORY",2025-08-26,8.0,FALSE CERTIFICATION,09/19/2025,Original,Open,N,2025,2025.0
SAMUEL (CITY),MANHATTAN,664,9/26/24,151 WEST 143 STREET,151.0,WEST 143 STREET,151 WEST 143 STREET,18184784,41709,102082.0,1,151,151,153,WEST 143 STREET,C,2025-08-25,2025-08-25,09/14/2025,09/09/2025,,,09/11/2025,530.0,9966580.0,"§ 27-2005, 27-2007, 27-2041.1 HMC, §238, § 309; § 107 (2) ( C) MDL AND 28 RCNY §25-171: REPLACE OR REPAIR THE SELF-CLOSING DOORS THAT IS MISSING OR DEFECTIVE LATCH SET AT HOPPER DOOR AT PUBLIC HALL, 4th STORY",2025-08-26,8.0,FALSE CERTIFICATION,09/19/2025,Original,Open,N,2025,2025.0
SAMUEL (CITY),MANHATTAN,664,9/26/24,151 WEST 143 STREET,151.0,WEST 143 STREET,151 WEST 143 STREET,17949805,41709,102082.0,1,151,151,153,WEST 143 STREET,A,2025-06-04,2025-06-04,09/21/2025,09/07/2025,,,,1507.0,9790522.0,"(A) § HMC:FILE ANNUAL BEDBUG REPORT IN ACCORDANCE WITH HPD RULE AS DESCRIBED ON THE BACK OF THIS NOTICE OF VIOLATION OR AS DESCRIBED ON HPDS WEBSITE, WWW.NYC.GOV\HPD, SEARCH BED BUGS.",2025-06-04,2.0,NOV SENT OUT,06/04/2025,Original,Open,N,2025,2025.0
SAMUEL (CITY),MANHATTAN,664,9/26/24,151 WEST 143 STREET,151.0,WEST 143 STREET,151 WEST 143 STREET,18254719,41709,102082.0,1,151,151,153,WEST 143 STREET,C,2025-09-25,2025-09-25,10/27/2025,10/22/2025,,,,567.0,10008290.0,"567 (C) § 27-2017, 27-2017.1, 27-2017.4, 27-2017.5, 27-2017.8, 27-2019, 27-2021 HMC: ABATE THE NUISANCE CONSISTING OF EVIDENCE OF RATS AND ALL UNDERLYING CAUSES CREATING THE PEST INFESTATIONS, BY USING INTEGRATED PEST MANAGEMENT (IPM), ELIMINATE ALL BURROW ENTRY AND PASSAGEWAYS, PEST NESTS, HOLES, GAPS OR CRACKS IN WALLS, CEILINGS, FLOORS, FIXING LEAKS AND MANAGING GARBAGE IN PUBLIC AREAS. EVIDENCE FOUND AT ... IN THE ENTIRE APARTMENT LOCATED AT APT 4C, 4th STORY, 1st APARTMENT FROM SOUTH AT WEST",2025-09-26,47.0,NOTICE OF ISSUANCE SENT TO TENANT,09/26/2025,Original,Open,Y,2025,2025.0
SAMUEL (CITY),MANHATTAN,664,9/26/24,151 WEST 143 STREET,151.0,WEST 143 STREET,151 WEST 143 STREET,18254721,41709,102082.0,1,151,151,153,WEST 143 STREET,B,2025-09-25,2025-09-25,11/14/2025,10/31/2025,,,,501.0,10008289.0,"§ 27-2005 HMC: PROPERLY REPAIR OR REPLACE THE BROKEN OR DEFECTIVE COUNTER BALANCE AT LOWER WINDOW SASH AT 3RD WINDOW AT SOUTH WALL IN THE 5th ROOM FROM NORTH LOCATED AT APT 4C, 4th STORY, 1st APARTMENT FROM SOUTH AT WEST",2025-09-26,2.0,NOV SENT OUT,09/26/2025,Original,Open,N,2025,2025.0
SAMUEL (CITY),MANHATTAN,664,9/26/24,151 WEST 143 STREET,151.0,WEST 143 STREET,151 WEST 143 STREET,18254722,41709,102082.0,1,151,151,153,WEST 143 STREET,B,2025-09-25,2025-09-25,11/14/2025,10/31/2025,,,,502.0,10008289.0,"§ 27-2005 ADM CODE PROPERLY REPAIR WITH SIMILAR MATERIAL THE BROKEN OR DEFECTIVE WOOD AT FLOOR OF BASE CABINET AT SOUTH WALL IN THE KITCHEN LOCATED AT APT 4C, 4th STORY, 1st APARTMENT FROM SOUTH AT WEST",2025-09-26,2.0,NOV SENT OUT,09/26/2025,Original,Open,N,2025,2025.0
SAMUEL (CITY),MANHATTAN,664,9/26/24,151 WEST 143 STREET,151.0,WEST 143 STREET,151 WEST 143 STREET,18254724,41709,102082.0,1,151,151,153,WEST 143 STREET,B,2025-09-25,2025-09-25,11/14/2025,10/31/2025,,,,702.0,10008289.0,"§ 27-2045(B)(1)(A) HMC, § 12-01, § 12-03 RCNY REPAIR, REPLACE OR PROVIDE AN APPROVED AND OPERATIONAL SMOKE DETECTING DEVICE, INSTALLED IN ACCORDANCE WITH DEPARTMENT OF BUILDINGS RULES AND REGULATIONS MISSING IN THE ENTIRE APARTMENT LOCATED AT APT 4C, 4th STORY, 1st APARTMENT FROM SOUTH AT WEST",2025-09-26,2.0,NOV SENT OUT,09/26/2025,Original,Open,N,2025,2025.0
SAMUEL (CITY),MANHATTAN,664,9/26/24,151 WEST 143 STREET,151.0,WEST 143 STREET,151 WEST 143 STREET,18254725,41709,102082.0,1,151,151,153,WEST 143 STREET,A,2025-09-25,2025-09-26,01/16/2026,01/02/2026,,,,556.0,10009853.0,§ 27-2013 ADM CODE PAINT WITH LIGHT COLORED PAINT TO THE SATISFACTION OF THIS DEPARTMENT AT ALL FLOORS AND LANDINGS AT ALL STORIES AT PUBLIC HALL,2025-09-29,2.0,NOV SENT OUT,09/29/2025,Original,Open,N,2025,2025.0
SAMUEL (CITY),MANHATTAN,664,9/26/24,151 WEST 143 STREET,151.0,WEST 143 STREET,151 WEST 143 STREET,18254726,41709,102082.0,1,151,151,153,WEST 143 STREET,A,2025-09-25,2025-09-26,01/16/2026,01/02/2026,,,,553.0,10009853.0,§ 27-2011 ADM CODE CLEANSE TO THE SATISFACTION OF THIS DEPARTMENT THE AT ALL FLOORS AND LANDINGS AT ALL STORIES AT PUBLIC HALL,2025-09-29,2.0,NOV SENT OUT,09/29/2025,Original,Open,N,2025,2025.0
SAMUEL (CITY),MANHATTAN,664,9/26/24,145 WEST 143 STREET,145.0,WEST 143 STREET,145 WEST 143 STREET,17572008,41707,145228.0,1,145,145,145,WEST 143 STREET,C,2024-12-21,2024-12-21,01/03/2025,12/22/2024,,,,666.0,9546263.0,"§ 27-2029 ADM CODE PROVIDE AN ADEQUATE SUPPLY OF HEAT FOR THE APARTMENT IN THE ENTIRE APARTMENT LOCATED AT APT 2A, 2nd STORY, 1st APARTMENT FROM WEST AT NORTH",2024-12-23,2.0,NOV SENT OUT,12/23/2024,Original,Open,Y,2024,2024.0
SAMUEL (CITY),MANHATTAN,664,9/26/24,145 WEST 143 STREET,145.0,WEST 143 STREET,145 WEST 143 STREET,17572015,41707,145228.0,1,145,145,145,WEST 143 STREET,C,2024-12-21,2024-12-21,01/05/2025,12/29/2024,,,,671.0,9546877.0,"§ 27-2033 ADM CODE POST NOTICE, IN FORM APPROVED BY THE DEPARTMENT, STATING THE NAME AND LOCATION OF THE PERSON DESIGNATED BY THE OWNER TO HAVE KEY TO BUILDINGS HEATING SYSTEM MISSING AT PUBLIC HALL, 1st STORY",2024-12-23,2.0,NOV SENT OUT,12/23/2024,Original,Open,N,2024,2024.0
SAMUEL (CITY),MANHATTAN,664,9/26/24,145 WEST 143 STREET,145.0,WEST 143 STREET,145 WEST 143 STREET,17649121,41707,145228.0,1,145,145,145,WEST 143 STREET,C,2025-01-25,2025-01-25,02/09/2025,02/02/2025,,,,672.0,9597237.0,§ 27-2033 ADM CODE PROVIDE READY ACCESS TO BUILDINGS HEATING SYSTEM DOOR LOCKED AT CELLAR AT BOILER ROOM,2025-01-27,2.0,NOV SENT OUT,01/27/2025,Original,Open,N,2025,2025.0
SAMUEL (CITY),MANHATTAN,664,9/26/24,145 WEST 143 STREET,145.0,WEST 143 STREET,145 WEST 143 STREET,17649123,41707,145228.0,1,145,145,145,WEST 143 STREET,B,2025-01-25,2025-01-25,03/17/2025,03/03/2025,,,,1503.0,9597235.0,"§ 27-2046.1 HMC: REPAIR OR REPLACE THE CARBON MONOXIDE DETECTING DEVICE(S). MISSING IN THE ENTIRE APARTMENT LOCATED AT APT 4C, 4th STORY, 1st APARTMENT FROM SOUTH AT WEST",2025-01-27,2.0,NOV SENT OUT,01/27/2025,Original,Open,N,2025,2025.0
SAMUEL (CITY),MANHATTAN,664,9/26/24,145 WEST 143 STREET,145.0,WEST 143 STREET,145 WEST 143 STREET,17649126,41707,145228.0,1,145,145,145,WEST 143 STREET,B,2025-01-25,2025-01-25,03/17/2025,03/03/2025,,,,1503.0,9597236.0,"§ 27-2046.1 HMC: REPAIR OR REPLACE THE CARBON MONOXIDE DETECTING DEVICE(S). DEFECTIVE IN THE ENTIRE APARTMENT LOCATED AT APT 1A, 1st STORY, 1st APARTMENT FROM NORTH AT EAST",2025-01-27,2.0,NOV SENT OUT,01/27/2025,Original,Open,N,2025,2025.0
SAMUEL (CITY),MANHATTAN,664,9/26/24,145 WEST 143 STREET,145.0,WEST 143 STREET,145 WEST 143 STREET,17572016,41707,145228.0,1,145,145,145,WEST 143 STREET,A,2024-12-21,2024-12-21,04/11/2025,03/28/2025,,,04/03/2025,722.0,9546874.0,"§ 27-2053 ADM CODE POST SIGN ON WALL OF ENTRANCE STORY BEARING NAME, ADDRESS INCLUDING APARTMENT NUMBER IF ANY, AND TELEPHONE NUMBER OF SUPERINTENDENT, JANITOR OR HOUSEKEEPER. AT PUBLIC HALL, 1st STORY",2024-12-23,19.0,VIOLATION CLOSED,06/08/2025,Original,Close,N,2024,2024.0
SAMUEL (CITY),MANHATTAN,664,9/26/24,145 WEST 143 STREET,145.0,WEST 143 STREET,145 WEST 143 STREET,17529911,41707,145228.0,1,145,145,145,WEST 143 STREET,C,2024-12-06,2024-12-06,12/19/2024,12/07/2024,,,,666.0,9524914.0,"§ 27-2029 ADM CODE PROVIDE AN ADEQUATE SUPPLY OF HEAT FOR THE APARTMENT IN THE ENTIRE APARTMENT LOCATED AT APT 2A, 2nd STORY, 1st APARTMENT FROM NORTH AT EAST",2024-12-09,22.0,FIRST NO ACCESS TO RE- INSPECT VIOLATION,04/10/2025,Original,Open,Y,2024,2024.0
SAMUEL (CITY),MANHATTAN,664,9/26/24,145 WEST 143 STREET,145.0,WEST 143 STREET,145 WEST 143 STREET,17596612,41707,145228.0,1,145,145,145,WEST 143 STREET,C,2025-01-05,2025-01-05,01/19/2025,01/12/2025,,,,672.0,9563688.0,§ 27-2033 ADM CODE PROVIDE READY ACCESS TO BUILDINGS HEATING SYSTEM DOOR LOCKED AT BASEMENT AT BOILER ROOM,2025-01-06,2.0,NOV SENT OUT,01/06/2025,Original,Open,N,2025,2025.0
SAMUEL (CITY),MANHATTAN,664,9/26/24,145 WEST 143 STREET,145.0,WEST 143 STREET,145 WEST 143 STREET,17596613,41707,145228.0,1,145,145,145,WEST 143 STREET,B,2025-01-05,2025-01-05,02/24/2025,02/10/2025,,,,1503.0,9563686.0,"§ 27-2046.1 HMC: REPAIR OR REPLACE THE CARBON MONOXIDE DETECTING DEVICE(S). MISSING IN THE ENTIRE APARTMENT LOCATED AT APT 4C, 4th STORY, 1st APARTMENT FROM SOUTH AT WEST",2025-01-06,2.0,NOV SENT OUT,01/06/2025,Original,Open,N,2025,2025.0
SAMUEL (CITY),MANHATTAN,664,9/26/24,145 WEST 143 STREET,145.0,WEST 143 STREET,145 WEST 143 STREET,17596614,41707,145228.0,1,145,145,145,WEST 143 STREET,B,2025-01-05,2025-01-05,02/24/2025,02/10/2025,,,,702.0,9563686.0,"§ 27-2045 ADM CODE REPAIR OR REPLACE THE SMOKE DETECTOR MISSING IN THE ENTIRE APARTMENT LOCATED AT APT 4C, 4th STORY, 1st APARTMENT FROM SOUTH AT WEST",2025-01-06,2.0,NOV SENT OUT,01/06/2025,Original,Open,N,2025,2025.0
SAMUEL (CITY),MANHATTAN,664,9/26/24,145 WEST 143 STREET,145.0,WEST 143 STREET,145 WEST 143 STREET,17599064,41707,145228.0,1,145,145,145,WEST 143 STREET,C,2025-01-03,2025-01-04,01/19/2025,01/12/2025,,,,672.0,9563689.0,§ 27-2033 ADM CODE PROVIDE READY ACCESS TO BUILDINGS HEATING SYSTEM DOOR LOCKED TO BOILER ROOM,2025-01-06,2.0,NOV SENT OUT,01/06/2025,Original,Open,N,2025,2025.0
SAMUEL (CITY),MANHATTAN,664,9/26/24,145 WEST 143 STREET,145.0,WEST 143 STREET,145 WEST 143 STREET,17529912,41707,145228.0,1,145,145,145,WEST 143 STREET,C,2024-12-06,2024-12-06,12/22/2024,12/15/2024,,,,672.0,9525606.0,§ 27-2033 ADM CODE PROVIDE READY ACCESS TO BUILDINGS HEATING SYSTEM DOOR LOCKED AT BOILER ROOM AT BASEMENT,2024-12-09,2.0,NOV SENT OUT,12/09/2024,Original,Open,N,2024,2024.0
SAMUEL (CITY),MANHATTAN,664,9/26/24,145 WEST 143 STREET,145.0,WEST 143 STREET,145 WEST 143 STREET,17615749,41707,145228.0,1,145,145,145,WEST 143 STREET,C,2025-01-12,2025-01-12,01/26/2025,01/19/2025,,,,672.0,9574856.0,§ 27-2033 ADM CODE PROVIDE READY ACCESS TO BUILDINGS HEATING SYSTEM DOOR LOCKED AT BOILER ROOM AT BASEMENT,2025-01-13,2.0,NOV SENT OUT,01/13/2025,Original,Open,N,2025,2025.0
SAMUEL (CITY),MANHATTAN,664,9/26/24,145 WEST 143 STREET,145.0,WEST 143 STREET,145 WEST 143 STREET,17572018,41707,145228.0,1,145,145,145,WEST 143 STREET,C,2024-12-21,2024-12-21,01/23/2025,01/18/2025,,,,567.0,9546878.0,HMC ADM CODE: § 27-2017.4 ABATE THE INFESTATION CONSISTING OF RODENTS RATS AT BUILDING ENTRANCE,2024-12-23,2.0,NOV SENT OUT,12/23/2024,Original,Open,Y,2024,2024.0
SAMUEL (CITY),MANHATTAN,664,9/26/24,145 WEST 143 STREET,145.0,WEST 143 STREET,145 WEST 143 STREET,17564377,41707,145228.0,1,145,145,145,WEST 143 STREET,C,2024-12-18,2024-12-18,01/01/2025,12/25/2024,,,,671.0,9543108.0,"§ 27-2033 ADM CODE POST NOTICE, IN FORM APPROVED BY THE DEPARTMENT, STATING THE NAME AND LOCATION OF THE PERSON DESIGNATED BY THE OWNER TO HAVE KEY TO BUILDINGS HEATING SYSTEM MISSING AT PUBLIC HALL, 1st STORY",2024-12-19,2.0,NOV SENT OUT,12/19/2024,Original,Open,N,2024,2024.0
SAMUEL (CITY),MANHATTAN,664,9/26/24,145 WEST 143 STREET,145.0,WEST 143 STREET,145 WEST 143 STREET,17564378,41707,145228.0,1,145,145,145,WEST 143 STREET,A,2024-12-18,2024-12-18,04/07/2025,03/24/2025,,,,722.0,9543107.0,"§ 27-2053 ADM CODE POST SIGN ON WALL OF ENTRANCE STORY BEARING NAME, ADDRESS INCLUDING APARTMENT NUMBER IF ANY, AND TELEPHONE NUMBER OF SUPERINTENDENT, JANITOR OR HOUSEKEEPER. AT PUBLIC HALL, 1st STORY",2024-12-19,28.0,INVALID CERTIFICATION,04/03/2025,Original,Open,N,2024,2024.0
SAMUEL (CITY),MANHATTAN,664,9/26/24,145 WEST 143 STREET,145.0,WEST 143 STREET,145 WEST 143 STREET,17572011,41707,145228.0,1,145,145,145,WEST 143 STREET,B,2024-12-21,2024-12-21,02/10/2025,01/27/2025,,,,702.0,9546875.0,"§ 27-2045 ADM CODE REPAIR OR REPLACE THE SMOKE DETECTOR MISSING IN THE ENTIRE APARTMENT LOCATED AT APT 2A, 2nd STORY, 1st APARTMENT FROM WEST AT NORTH",2024-12-23,2.0,NOV SENT OUT,12/23/2024,Original,Open,N,2024,2024.0
SAMUEL (CITY),MANHATTAN,664,9/26/24,145 WEST 143 STREET,145.0,WEST 143 STREET,145 WEST 143 STREET,17615748,41707,145228.0,1,145,145,145,WEST 143 STREET,C,2025-01-12,2025-01-12,01/25/2025,01/13/2025,,,,666.0,9574135.0,"§ 27-2029 ADM CODE PROVIDE AN ADEQUATE SUPPLY OF HEAT FOR THE APARTMENT IN THE ENTIRE APARTMENT LOCATED AT APT 1A, 1st STORY, 1st APARTMENT FROM EAST AT SOUTH",2025-01-13,2.0,NOV SENT OUT,01/13/2025,Original,Open,Y,2025,2025.0
SAMUEL (CITY),MANHATTAN,664,9/26/24,145 WEST 143 STREET,145.0,WEST 143 STREET,145 WEST 143 STREET,17649122,41707,145228.0,1,145,145,145,WEST 143 STREET,B,2025-01-25,2025-01-25,03/17/2025,03/03/2025,,,,702.0,9597235.0,"§ 27-2045 ADM CODE REPAIR OR REPLACE THE SMOKE DETECTOR MISSING IN THE ENTIRE APARTMENT LOCATED AT APT 4C, 4th STORY, 1st APARTMENT FROM SOUTH AT WEST",2025-01-27,2.0,NOV SENT OUT,01/27/2025,Original,Open,N,2025,2025.0
SAMUEL (CITY),MANHATTAN,664,9/26/24,145 WEST 143 STREET,145.0,WEST 143 STREET,145 WEST 143 STREET,17564375,41707,145228.0,1,145,145,145,WEST 143 STREET,C,2024-12-18,2024-12-18,01/07/2025,01/02/2025,,,,530.0,9543109.0,"§ 27-2005, 27-2007, 27-2041.1 HMC, §238, § 309; § 107 (2) ( C) MDL AND 28 RCNY §25-171: REPLACE OR REPAIR THE SELF-CLOSING DOORS THAT IS MISSING OR DEFECTIVE HINGES AT COMPACTOR CHUTE AT EAST WALL AT PUBLIC HALL, 3rd STORY",2024-12-19,19.0,VIOLATION CLOSED,08/01/2025,Original,Close,N,2024,2024.0
SAMUEL (CITY),MANHATTAN,664,9/26/24,145 WEST 143 STREET,145.0,WEST 143 STREET,145 WEST 143 STREET,17564376,41707,145228.0,1,145,145,145,WEST 143 STREET,A,2024-12-18,2024-12-18,04/07/2025,03/24/2025,,,04/03/2025,500.0,9543107.0,"§ 26-1103 ADMIN. CODE: POST AND MAINTAIN A PROPER NOTICE ON WALL OF THE ENTRANCE STORY IN ENGLISH AND SPANISH ON THE AVAILABILITY OF THE AGENCYS HOUSING INFORMATION GUIDE. A SAMPLE NOTICE CAN BE FOUND AT WWW.NYC.GOV/HPD. AT PUBLIC HALL, 1st STORY",2024-12-19,19.0,VIOLATION CLOSED,06/08/2025,Original,Close,N,2024,2024.0
SAMUEL (CITY),MANHATTAN,664,9/26/24,145 WEST 143 STREET,145.0,WEST 143 STREET,145 WEST 143 STREET,17564379,41707,145228.0,1,145,145,145,WEST 143 STREET,A,2024-12-18,2024-12-18,04/07/2025,03/24/2025,,,04/03/2025,484.0,9543107.0,"§ 329, M/D LAW AND DEPT. RULES AND REGS. PROVIDE A COMPLETED CERTIFICATE OF INSPECTION VISITS IN A PROPER FRAME AT OR NEAR MAILBOXES, BOTTOM EDGE OF FRAME BETWEEN 48-62 INCHES ABOVE FLOOR MISSING AT PUBLIC HALL, 1st STORY",2024-12-19,19.0,VIOLATION CLOSED,06/08/2025,Original,Close,N,2024,2024.0
SAMUEL (CITY),MANHATTAN,664,9/26/24,145 WEST 143 STREET,145.0,WEST 143 STREET,145 WEST 143 STREET,17572009,41707,145228.0,1,145,145,145,WEST 143 STREET,C,2024-12-21,2024-12-21,01/05/2025,12/29/2024,,,,672.0,9546876.0,§ 27-2033 ADM CODE PROVIDE READY ACCESS TO BUILDINGS HEATING SYSTEM LOCK DOOR AT CELLAR AT BOILER ROOM,2024-12-23,2.0,NOV SENT OUT,12/23/2024,Original,Open,N,2024,2024.0
SAMUEL (CITY),MANHATTAN,664,9/26/24,145 WEST 143 STREET,145.0,WEST 143 STREET,145 WEST 143 STREET,17572010,41707,145228.0,1,145,145,145,WEST 143 STREET,B,2024-12-21,2024-12-21,02/10/2025,01/27/2025,,,,1503.0,9546875.0,"§ 27-2046.1 HMC: REPAIR OR REPLACE THE CARBON MONOXIDE DETECTING DEVICE(S). MISSING IN THE ENTIRE APARTMENT LOCATED AT APT 2A, 2nd STORY, 1st APARTMENT FROM WEST AT NORTH",2024-12-23,2.0,NOV SENT OUT,12/23/2024,Original,Open,N,2024,2024.0
SAMUEL (CITY),MANHATTAN,664,9/26/24,145 WEST 143 STREET,145.0,WEST 143 STREET,145 WEST 143 STREET,17572013,41707,145228.0,1,145,145,145,WEST 143 STREET,C,2024-12-21,2024-12-21,01/11/2025,01/06/2025,,,,530.0,9546879.0,"§ 27-2005, 27-2007, 27-2041.1 HMC, §238, § 309; § 107 (2) ( C) MDL AND 28 RCNY §25-171: REPLACE OR REPAIR THE SELF-CLOSING DOORS THAT IS MISSING OR DEFECTIVE HINGES IN THE ENTRANCE LOCATED AT APT 4B, 4th STORY, 1st APARTMENT FROM NORTH AT EAST",2024-12-23,2.0,NOV SENT OUT,12/23/2024,Original,Open,N,2024,2024.0
SAMUEL (CITY),MANHATTAN,664,9/26/24,145 WEST 143 STREET,145.0,WEST 143 STREET,145 WEST 143 STREET,17572014,41707,145228.0,1,145,145,145,WEST 143 STREET,A,2024-12-21,2024-12-21,04/11/2025,03/28/2025,,,04/03/2025,484.0,9546874.0,"§ 329, M/D LAW AND DEPT. RULES AND REGS. PROVIDE A COMPLETED CERTIFICATE OF INSPECTION VISITS IN A PROPER FRAME AT OR NEAR MAILBOXES, BOTTOM EDGE OF FRAME BETWEEN 48-62 INCHES ABOVE FLOOR MISSING AT PUBLIC HALL, 1st STORY",2024-12-23,19.0,VIOLATION CLOSED,06/08/2025,Original,Close,N,2024,2024.0
SAMUEL (CITY),MANHATTAN,664,9/26/24,145 WEST 143 STREET,145.0,WEST 143 STREET,145 WEST 143 STREET,17572017,41707,145228.0,1,145,145,145,WEST 143 STREET,A,2024-12-21,2024-12-21,04/11/2025,03/28/2025,,,04/03/2025,778.0,9546874.0,"§ 27-2104 ADM CODE POST AND MAINTAIN A PROPER SIGN ON WALL OF ENTRANCE STORY SHOWING THE REGISTRATION NUMBER ASSIGNED BY THE DEPARTMENT AND THE ADDRESS OF THE BUILDING. AT PUBLIC HALL, 1st STORY",2024-12-23,19.0,VIOLATION CLOSED,06/08/2025,Original,Close,N,2024,2024.0
SAMUEL (CITY),MANHATTAN,664,9/26/24,145 WEST 143 STREET,145.0,WEST 143 STREET,145 WEST 143 STREET,17596611,41707,145228.0,1,145,145,145,WEST 143 STREET,C,2025-01-05,2025-01-05,01/18/2025,01/06/2025,,,,666.0,9563044.0,"§ 27-2029 ADM CODE PROVIDE AN ADEQUATE SUPPLY OF HEAT FOR THE APARTMENT IN THE ENTIRE APARTMENT LOCATED AT APT 4C, 4th STORY, 1st APARTMENT FROM SOUTH AT WEST",2025-01-06,2.0,NOV SENT OUT,01/06/2025,Original,Open,Y,2025,2025.0
SAMUEL (CITY),MANHATTAN,664,9/26/24,145 WEST 143 STREET,145.0,WEST 143 STREET,145 WEST 143 STREET,17596615,41707,145228.0,1,145,145,145,WEST 143 STREET,C,2025-01-05,2025-01-05,01/25/2025,01/20/2025,,,,530.0,9563690.0,"§ 27-2005, 27-2007, 27-2041.1 HMC, §238, § 309; § 107 (2) ( C) MDL AND 28 RCNY §25-171: REPLACE OR REPAIR THE SELF-CLOSING DOORS THAT IS MISSING OR DEFECTIVE LATCH SET IN THE ENTRANCE LOCATED AT APT 4C, 4th STORY, 1st APARTMENT FROM SOUTH AT WEST",2025-01-06,2.0,NOV SENT OUT,01/06/2025,Original,Open,N,2025,2025.0
SAMUEL (CITY),MANHATTAN,664,9/26/24,145 WEST 143 STREET,145.0,WEST 143 STREET,145 WEST 143 STREET,17596616,41707,145228.0,1,145,145,145,WEST 143 STREET,A,2025-01-05,2025-01-05,04/25/2025,04/11/2025,,,04/03/2025,722.0,9563685.0,"§ 27-2053 ADM CODE POST SIGN ON WALL OF ENTRANCE STORY BEARING NAME, ADDRESS INCLUDING APARTMENT NUMBER IF ANY, AND TELEPHONE NUMBER OF SUPERINTENDENT, JANITOR OR HOUSEKEEPER. AT PUBLIC HALL, 1st STORY",2025-01-06,19.0,VIOLATION CLOSED,06/08/2025,Original,Close,N,2025,2025.0
SAMUEL (CITY),MANHATTAN,664,9/26/24,145 WEST 143 STREET,145.0,WEST 143 STREET,145 WEST 143 STREET,17596618,41707,145228.0,1,145,145,145,WEST 143 STREET,C,2025-01-05,2025-01-05,01/19/2025,01/12/2025,,,,671.0,9563687.0,"§ 27-2033 ADM CODE POST NOTICE, IN FORM APPROVED BY THE DEPARTMENT, STATING THE NAME AND LOCATION OF THE PERSON DESIGNATED BY THE OWNER TO HAVE KEY TO BUILDINGS HEATING SYSTEM MISSING AT PUBLIC HALL, 1st STORY",2025-01-06,2.0,NOV SENT OUT,01/06/2025,Original,Open,N,2025,2025.0
SAMUEL (CITY),MANHATTAN,664,9/26/24,145 WEST 143 STREET,145.0,WEST 143 STREET,145 WEST 143 STREET,17599063,41707,145228.0,1,145,145,145,WEST 143 STREET,C,2025-01-03,2025-01-04,01/16/2025,01/04/2025,,,,670.0,9563043.0,"§ 27-2031 ADM CODE PROVIDE HOT WATER AT ALL HOT WATER FIXTURES IN THE ENTIRE APARTMENT LOCATED AT APT 4C, 4th STORY, 1st APARTMENT FROM WEST AT NORTH",2025-01-06,2.0,NOV SENT OUT,01/06/2025,Original,Open,Y,2025,2025.0
SAMUEL (CITY),MANHATTAN,664,9/26/24,145 WEST 143 STREET,145.0,WEST 143 STREET,145 WEST 143 STREET,17649119,41707,145228.0,1,145,145,145,WEST 143 STREET,C,2025-01-25,2025-01-25,02/07/2025,01/26/2025,,,,666.0,9596357.0,"§ 27-2029 ADM CODE PROVIDE AN ADEQUATE SUPPLY OF HEAT FOR THE APARTMENT IN THE ENTIRE APARTMENT LOCATED AT APT 4C, 4th STORY, 1st APARTMENT FROM SOUTH AT WEST",2025-01-27,2.0,NOV SENT OUT,01/27/2025,Original,Open,Y,2025,2025.0
SAMUEL (CITY),MANHATTAN,664,9/26/24,145 WEST 143 STREET,145.0,WEST 143 STREET,145 WEST 143 STREET,17649120,41707,145228.0,1,145,145,145,WEST 143 STREET,C,2025-01-25,2025-01-25,02/15/2025,02/10/2025,,,,530.0,9597238.0,"§ 27-2005, 27-2007, 27-2041.1 HMC, §238, § 309; § 107 (2) ( C) MDL AND 28 RCNY §25-171: REPLACE OR REPAIR THE SELF-CLOSING DOORS THAT IS MISSING OR DEFECTIVE LATCH SET IN THE ENTRANCE LOCATED AT APT 4C, 4th STORY, 1st APARTMENT FROM SOUTH AT WEST",2025-01-27,2.0,NOV SENT OUT,01/27/2025,Original,Open,N,2025,2025.0
SAMUEL (CITY),MANHATTAN,664,9/26/24,145 WEST 143 STREET,145.0,WEST 143 STREET,145 WEST 143 STREET,17564380,41707,145228.0,1,145,145,145,WEST 143 STREET,A,2024-12-18,2024-12-18,04/07/2025,03/24/2025,,,04/03/2025,778.0,9543107.0,"§ 27-2104 ADM CODE POST AND MAINTAIN A PROPER SIGN ON WALL OF ENTRANCE STORY SHOWING THE REGISTRATION NUMBER ASSIGNED BY THE DEPARTMENT AND THE ADDRESS OF THE BUILDING. AT PUBLIC HALL, 1st STORY",2024-12-19,19.0,VIOLATION CLOSED,06/08/2025,Original,Close,N,2024,2024.0
SAMUEL (CITY),MANHATTAN,664,9/26/24,145 WEST 143 STREET,145.0,WEST 143 STREET,145 WEST 143 STREET,17529913,41707,145228.0,1,145,145,145,WEST 143 STREET,C,2024-12-06,2024-12-06,12/19/2024,12/07/2024,,,,666.0,9524914.0,"§ 27-2029 ADM CODE PROVIDE AN ADEQUATE SUPPLY OF HEAT FOR THE APARTMENT IN THE ENTIRE APARTMENT LOCATED AT APT 1A, 1st STORY, 1st APARTMENT FROM NORTH AT EAST",2024-12-09,2.0,NOV SENT OUT,12/09/2024,Original,Open,Y,2024,2024.0
SAMUEL (CITY),MANHATTAN,664,9/26/24,145 WEST 143 STREET,145.0,WEST 143 STREET,145 WEST 143 STREET,17572012,41707,145228.0,1,145,145,145,WEST 143 STREET,C,2024-12-21,2024-12-21,01/03/2025,12/22/2024,,,,666.0,9546263.0,"§ 27-2029 ADM CODE PROVIDE AN ADEQUATE SUPPLY OF HEAT FOR THE APARTMENT IN THE ENTIRE APARTMENT LOCATED AT APT 4B, 4th STORY, 1st APARTMENT FROM NORTH AT EAST",2024-12-23,2.0,NOV SENT OUT,12/23/2024,Original,Open,Y,2024,2024.0
SAMUEL (CITY),MANHATTAN,664,9/26/24,145 WEST 143 STREET,145.0,WEST 143 STREET,145 WEST 143 STREET,17596617,41707,145228.0,1,145,145,145,WEST 143 STREET,A,2025-01-05,2025-01-05,04/25/2025,04/11/2025,,,04/03/2025,778.0,9563685.0,"§ 27-2104 ADM CODE POST AND MAINTAIN A PROPER SIGN ON WALL OF ENTRANCE STORY SHOWING THE REGISTRATION NUMBER ASSIGNED BY THE DEPARTMENT AND THE ADDRESS OF THE BUILDING. AT PUBLIC HALL, 1st STORY",2025-01-06,19.0,VIOLATION CLOSED,06/08/2025,Original,Close,N,2025,2025.0
SAMUEL (CITY),MANHATTAN,664,9/26/24,145 WEST 143 STREET,145.0,WEST 143 STREET,145 WEST 143 STREET,17631126,41707,145228.0,1,145,145,145,WEST 143 STREET,C,2025-01-18,2025-01-18,01/31/2025,01/19/2025,,,,666.0,9585920.0,"§ 27-2029 ADM CODE PROVIDE AN ADEQUATE SUPPLY OF HEAT FOR THE APARTMENT IN THE ENTIRE APARTMENT LOCATED AT APT 3B, 3rd STORY, 1st APARTMENT FROM NORTH AT EAST",2025-01-21,2.0,NOV SENT OUT,01/21/2025,Original,Open,Y,2025,2025.0
SAMUEL (CITY),MANHATTAN,664,9/26/24,145 WEST 143 STREET,145.0,WEST 143 STREET,145 WEST 143 STREET,17631127,41707,145228.0,1,145,145,145,WEST 143 STREET,C,2025-01-18,2025-01-18,02/03/2025,01/27/2025,,,,672.0,9586715.0,§ 27-2033 ADM CODE PROVIDE READY ACCESS TO BUILDINGS HEATING SYSTEM DOOR LOCKED AT BOILER ROOM,2025-01-21,2.0,NOV SENT OUT,01/21/2025,Original,Open,N,2025,2025.0
SAMUEL (CITY),MANHATTAN,664,9/26/24,145 WEST 143 STREET,145.0,WEST 143 STREET,145 WEST 143 STREET,17649124,41707,145228.0,1,145,145,145,WEST 143 STREET,C,2025-01-25,2025-01-25,02/07/2025,01/26/2025,,,,666.0,9596357.0,"§ 27-2029 ADM CODE PROVIDE AN ADEQUATE SUPPLY OF HEAT FOR THE APARTMENT IN THE ENTIRE APARTMENT LOCATED AT APT 1A, 1st STORY, 1st APARTMENT FROM NORTH AT EAST",2025-01-27,2.0,NOV SENT OUT,01/27/2025,Original,Open,Y,2025,2025.0
SAMUEL (CITY),MANHATTAN,664,9/26/24,145 WEST 143 STREET,145.0,WEST 143 STREET,145 WEST 143 STREET,17649125,41707,145228.0,1,145,145,145,WEST 143 STREET,B,2025-01-25,2025-01-25,03/17/2025,03/03/2025,,,,702.0,9597236.0,"§ 27-2045 ADM CODE REPAIR OR REPLACE THE SMOKE DETECTOR DEFECTIVE IN THE ENTIRE APARTMENT LOCATED AT APT 1A, 1st STORY, 1st APARTMENT FROM NORTH AT EAST",2025-01-27,2.0,NOV SENT OUT,01/27/2025,Original,Open,N,2025,2025.0
SAMUEL (CITY),MANHATTAN,664,9/26/24,145 WEST 143 STREET,145.0,WEST 143 STREET,145 WEST 143 STREET,17949804,41707,145228.0,1,145,145,145,WEST 143 STREET,A,2025-06-04,2025-06-04,09/21/2025,09/07/2025,,,,1507.0,9790521.0,"(A) § HMC:FILE ANNUAL BEDBUG REPORT IN ACCORDANCE WITH HPD RULE AS DESCRIBED ON THE BACK OF THIS NOTICE OF VIOLATION OR AS DESCRIBED ON HPDS WEBSITE, WWW.NYC.GOV\HPD, SEARCH BED BUGS.",2025-06-04,2.0,NOV SENT OUT,06/04/2025,Original,Open,N,2025,2025.0
SAMUEL (CITY),MANHATTAN,664,9/26/24,143 WEST 143 STREET,143.0,WEST 143 STREET,143 WEST 143 STREET,17553466,41706,145229.0,1,143,143,143,WEST 143 STREET,C,2024-12-14,2024-12-14,12/29/2024,12/22/2024,,,,672.0,9536427.0,§ 27-2033 ADM CODE PROVIDE READY ACCESS TO BUILDINGS HEATING SYSTEM DOOR LOCK TO BASEMENT AT BOILER ROOM,2024-12-16,2.0,NOV SENT OUT,12/16/2024,Original,Open,N,2024,2024.0
SAMUEL (CITY),MANHATTAN,664,9/26/24,143 WEST 143 STREET,143.0,WEST 143 STREET,143 WEST 143 STREET,17553469,41706,145229.0,1,143,143,143,WEST 143 STREET,C,2024-12-14,2024-12-14,12/29/2024,12/22/2024,,,,671.0,9536428.0,"§ 27-2033 ADM CODE POST NOTICE, IN FORM APPROVED BY THE DEPARTMENT, STATING THE NAME AND LOCATION OF THE PERSON DESIGNATED BY THE OWNER TO HAVE KEY TO BUILDINGS HEATING SYSTEM .. AT PUBLIC HALL",2024-12-16,2.0,NOV SENT OUT,12/16/2024,Original,Open,N,2024,2024.0
SAMUEL (CITY),MANHATTAN,664,9/26/24,143 WEST 143 STREET,143.0,WEST 143 STREET,143 WEST 143 STREET,17949803,41706,145229.0,1,143,143,143,WEST 143 STREET,A,2025-06-04,2025-06-04,09/21/2025,09/07/2025,,,,1507.0,9790520.0,"(A) § HMC:FILE ANNUAL BEDBUG REPORT IN ACCORDANCE WITH HPD RULE AS DESCRIBED ON THE BACK OF THIS NOTICE OF VIOLATION OR AS DESCRIBED ON HPDS WEBSITE, WWW.NYC.GOV\HPD, SEARCH BED BUGS.",2025-06-04,2.0,NOV SENT OUT,06/04/2025,Original,Open,N,2025,2025.0
SAMUEL (CITY),MANHATTAN,664,9/26/24,143 WEST 143 STREET,143.0,WEST 143 STREET,143 WEST 143 STREET,17553468,41706,145229.0,1,143,143,143,WEST 143 STREET,C,2024-12-14,2024-12-14,12/27/2024,12/15/2024,,,,666.0,9535879.0,"§ 27-2029 ADM CODE PROVIDE AN ADEQUATE SUPPLY OF HEAT FOR THE APARTMENT IN THE ENTIRE APARTMENT LOCATED AT APT 4A, 4th STORY, 1st APARTMENT FROM SOUTH AT WEST",2024-12-16,19.0,VIOLATION CLOSED,01/07/2025,Original,Close,Y,2024,2024.0
SAMUEL (CITY),MANHATTAN,664,9/26/24,143 WEST 143 STREET,143.0,WEST 143 STREET,143 WEST 143 STREET,17553467,41706,145229.0,1,143,143,143,WEST 143 STREET,C,2024-12-14,2024-12-14,12/27/2024,12/15/2024,,,,670.0,9535879.0,"§ 27-2031 ADM CODE PROVIDE HOT WATER AT ALL HOT WATER FIXTURES IN THE ENTIRE APARTMENT LOCATED AT APT 4A, 4th STORY, 1st APARTMENT FROM SOUTH AT WEST",2024-12-16,19.0,VIOLATION CLOSED,03/06/2025,Original,Close,Y,2024,2024.0
SAMUEL (CITY),MANHATTAN,664,9/26/24,143 WEST 143 STREET,143.0,WEST 143 STREET,143 WEST 143 STREET,17553465,41706,145229.0,1,143,143,143,WEST 143 STREET,C,2024-12-14,2024-12-14,12/27/2024,12/15/2024,,,,670.0,9535879.0,"§ 27-2031 ADM CODE PROVIDE HOT WATER AT ALL HOT WATER FIXTURES IN THE ENTIRE APARTMENT LOCATED AT APT 2C, 2nd STORY, 1st APARTMENT FROM NORTH AT EAST",2024-12-16,19.0,VIOLATION CLOSED,03/06/2025,Original,Close,Y,2024,2024.0
SAMUEL (CITY),MANHATTAN,664,9/26/24,135 WEST 143 STREET,135.0,WEST 143 STREET,135 WEST 143 STREET,17949802,41704,145230.0,1,135,135,137,WEST 143 STREET,A,2025-06-04,2025-06-04,09/21/2025,09/07/2025,,,,1507.0,9790519.0,"(A) § HMC:FILE ANNUAL BEDBUG REPORT IN ACCORDANCE WITH HPD RULE AS DESCRIBED ON THE BACK OF THIS NOTICE OF VIOLATION OR AS DESCRIBED ON HPDS WEBSITE, WWW.NYC.GOV\HPD, SEARCH BED BUGS.",2025-06-04,2.0,NOV SENT OUT,06/04/2025,Original,Open,N,2025,2025.0
SAMUEL (CITY),MANHATTAN,664,9/26/24,135 WEST 143 STREET,135.0,WEST 143 STREET,135 WEST 143 STREET,17665731,41704,145230.0,1,135,135,137,WEST 143 STREET,C,2025-02-01,2025-02-01,03/06/2025,03/01/2025,,,03/14/2025,569.0,9608870.0,"HMC ADM CODE: § 27-2017.4 ABATE THE INFESTATION CONSISTING OF MICE IN THE ENTIRE APARTMENT LOCATED AT APT 1A, 1st STORY, 1st APARTMENT FROM SOUTH AT WEST",2025-02-03,4.0,NOV CERTIFIED LATE,03/14/2025,Original,Open,N,2025,2025.0
SAMUEL (CITY),MANHATTAN,664,9/26/24,135 WEST 143 STREET,135.0,WEST 143 STREET,135 WEST 143 STREET,18185178,41704,145230.0,1,135,135,137,WEST 143 STREET,C,2025-08-25,2025-08-26,09/15/2025,09/10/2025,,,09/11/2025,530.0,9968087.0,"§ 27-2005, 27-2007, 27-2041.1 HMC, §238, § 309; § 107 (2) ( C) MDL AND 28 RCNY §25-171: REPLACE OR REPAIR THE SELF-CLOSING DOORS THAT IS MISSING OR DEFECTIVE HINGES AT COMPACTOR DOOR AT PUBLIC HALL, 1st STORY",2025-08-27,8.0,FALSE CERTIFICATION,09/19/2025,Original,Open,N,2025,2025.0
SAMUEL (CITY),MANHATTAN,664,9/26/24,135 WEST 143 STREET,135.0,WEST 143 STREET,135 WEST 143 STREET,17665732,41704,145230.0,1,135,135,137,WEST 143 STREET,C,2025-02-01,2025-02-01,02/22/2025,02/17/2025,,,,530.0,9608871.0,"§ 27-2005, 27-2007, 27-2041.1 HMC, §238, § 309; § 107 (2) ( C) MDL AND 28 RCNY §25-171: REPLACE OR REPAIR THE SELF-CLOSING DOORS THAT IS MISSING OR DEFECTIVE HINGES IN THE ENTRANCE LOCATED AT APT 1A, 1st STORY, 1st APARTMENT FROM SOUTH AT WEST",2025-02-03,19.0,VIOLATION CLOSED,07/22/2025,Original,Close,N,2025,2025.0
SAMUEL (CITY),MANHATTAN,664,9/26/24,135 WEST 143 STREET,135.0,WEST 143 STREET,135 WEST 143 STREET,17665733,41704,145230.0,1,135,135,137,WEST 143 STREET,C,2025-02-01,2025-02-01,02/16/2025,02/09/2025,,,,501.0,9608869.0,"§ 27-2005 HMC: PROPERLY REPAIR OR REPLACE THE BROKEN OR DEFECTIVE HEAVY DUTY LOCK INSTALLED AT BUILDING ENTRANCE DOOR AT PUBLIC HALL, 1st STORY",2025-02-03,2.0,NOV SENT OUT,02/03/2025,Original,Open,N,2025,2025.0
SAMUEL (CITY),MANHATTAN,664,9/26/24,135 WEST 143 STREET,135.0,WEST 143 STREET,135 WEST 143 STREET,17675176,41704,145230.0,1,135,135,137,WEST 143 STREET,A,2025-02-01,2025-02-01,05/23/2025,05/09/2025,,,,556.0,9608868.0,"§ 27-2013 ADM CODE PAINT WITH LIGHT COLORED PAINT TO THE SATISFACTION OF THIS DEPARTMENT ALL PEELING PAINT SURFACES IN THE 1st ROOM FROM NORTH, THE FOYER LOCATED AT APT 1A, 1st STORY, 1st APARTMENT FROM SOUTH AT WEST",2025-02-03,28.0,INVALID CERTIFICATION,05/22/2025,Original,Open,N,2025,2025.0
SAMUEL (CITY),MANHATTAN,664,9/26/24,131 WEST 143 STREET,131.0,WEST 143 STREET,131 WEST 143 STREET,12637066,41702,145231.0,1,131,131,133,WEST 143 STREET,I,2018-10-10,2018-10-10,,,,,,780.0,,"§27-2107 ADM CODE OWNER FAILED TO FILE A VALID REGISTRATION STATEMENT WITH THE DEPARTMENT AS REQUIRED BY ADM CODE §27-2097 AND IS THEREFORE SUBJECT TO CIVIL PENALTIES, PROHIBITED FROM CERTIFYING VIOLATIONS, AND DENIED THE RIGHT TO RECOVER POSSESSION OF PREMISES FOR NONPAYMENT OF RENT UNTIL A VALID REGISTRATION STATEMENT IS FILED.",,9.0,VIOLATION DISMISSED,01/15/2019,,Close,N,2018,
SAMUEL (CITY),MANHATTAN,664,9/26/24,131 WEST 143 STREET,131.0,WEST 143 STREET,131 WEST 143 STREET,17559230,41702,145231.0,1,131,131,133,WEST 143 STREET,C,2024-12-16,2024-12-16,12/29/2024,12/17/2024,,,,666.0,9539128.0,"§ 27-2029 ADM CODE PROVIDE AN ADEQUATE SUPPLY OF HEAT FOR THE APARTMENT IN THE ENTIRE APARTMENT LOCATED AT APT 4C, 4th STORY, 1st APARTMENT FROM EAST AT SOUTH",2024-12-17,2.0,NOV SENT OUT,12/17/2024,Original,Open,Y,2024,2024.0
SAMUEL (CITY),MANHATTAN,664,9/26/24,131 WEST 143 STREET,131.0,WEST 143 STREET,131 WEST 143 STREET,17529465,41702,145231.0,1,131,131,133,WEST 143 STREET,C,2024-12-06,2024-12-06,12/22/2024,12/15/2024,,,,672.0,9525605.0,§ 27-2033 ADM CODE PROVIDE READY ACCESS TO BUILDINGS HEATING SYSTEM DOOR LOCKED AT BOILER ROOM AT BASEMENT,2024-12-09,2.0,NOV SENT OUT,12/09/2024,Original,Open,N,2024,2024.0
SAMUEL (CITY),MANHATTAN,664,9/26/24,131 WEST 143 STREET,131.0,WEST 143 STREET,131 WEST 143 STREET,17582778,41702,145231.0,1,131,131,133,WEST 143 STREET,C,2024-12-28,2024-12-28,01/12/2025,01/05/2025,,,,501.0,9555681.0,"§ 27-2005 HMC: PROPERLY REPAIR OR REPLACE THE BROKEN OR DEFECTIVE LOCK AT BUILDING ENTRANCE DOOR AT PUBLIC HALL, 1st STORY",2024-12-30,2.0,NOV SENT OUT,12/30/2024,Original,Open,N,2024,2024.0
SAMUEL (CITY),MANHATTAN,664,9/26/24,131 WEST 143 STREET,131.0,WEST 143 STREET,131 WEST 143 STREET,18035968,41702,145231.0,1,131,131,133,WEST 143 STREET,C,2025-06-14,2025-06-18,07/09/2025,07/04/2025,,,,530.0,9877801.0,"§ 27-2005, 27-2007, 27-2041.1 HMC, §238, § 309; § 107 (2) ( C) MDL AND 28 RCNY §25-171: REPLACE OR REPAIR THE SELF-CLOSING DOORS THAT IS MISSING OR DEFECTIVE HINGES IN THE ENTRANCE LOCATED AT APT 5D, 5th STORY, 1st APARTMENT FROM NORTH AT EAST",2025-06-20,2.0,NOV SENT OUT,06/20/2025,Original,Open,N,2025,2025.0
SAMUEL (CITY),MANHATTAN,664,9/26/24,131 WEST 143 STREET,131.0,WEST 143 STREET,131 WEST 143 STREET,17559232,41702,145231.0,1,131,131,133,WEST 143 STREET,C,2024-12-16,2024-12-16,12/30/2024,12/23/2024,,,,672.0,9539395.0,§ 27-2033 ADM CODE PROVIDE READY ACCESS TO BUILDINGS HEATING SYSTEM LOCK DOOR AT CELLAR AT BOILER ROOM,2024-12-17,2.0,NOV SENT OUT,12/17/2024,Original,Open,N,2024,2024.0
SAMUEL (CITY),MANHATTAN,664,9/26/24,131 WEST 143 STREET,131.0,WEST 143 STREET,131 WEST 143 STREET,17559223,41702,145231.0,1,131,131,133,WEST 143 STREET,C,2024-12-16,2024-12-16,12/29/2024,12/17/2024,,,,670.0,9539128.0,"§ 27-2031 ADM CODE PROVIDE HOT WATER AT ALL HOT WATER FIXTURES IN THE ENTIRE APARTMENT LOCATED AT APT 1A, 1st STORY, 1st APARTMENT FROM SOUTH AT WEST",2024-12-17,2.0,NOV SENT OUT,12/17/2024,Original,Open,Y,2024,2024.0
SAMUEL (CITY),MANHATTAN,664,9/26/24,131 WEST 143 STREET,131.0,WEST 143 STREET,131 WEST 143 STREET,17545481,41702,145231.0,1,131,131,133,WEST 143 STREET,C,2024-12-11,2024-12-11,12/31/2024,12/26/2024,,,,530.0,9532072.0,"§ 27-2005, 27-2007, 27-2041.1 HMC, §238, § 309; § 107 (2) ( C) MDL AND 28 RCNY §25-171: REPLACE OR REPAIR THE SELF-CLOSING DOORS THAT IS MISSING OR DEFECTIVE LATCH SET AT BUILDING ENTRANCE DOOR",2024-12-12,19.0,VIOLATION CLOSED,01/13/2025,Original,Close,N,2024,2024.0
SAMUEL (CITY),MANHATTAN,664,9/26/24,131 WEST 143 STREET,131.0,WEST 143 STREET,131 WEST 143 STREET,17775738,41702,145231.0,1,131,131,133,WEST 143 STREET,B,2025-03-17,2025-03-23,05/12/2025,04/28/2025,,,05/12/2025,702.0,9682225.0,"§ 27-2045 ADM CODE REPAIR OR REPLACE THE SMOKE DETECTOR MISSING IN THE ENTIRE APARTMENT LOCATED AT APT 5D, 5th STORY, 1st APARTMENT FROM NORTH AT EAST",2025-03-24,19.0,VIOLATION CLOSED,06/15/2025,Original,Close,N,2025,2025.0
SAMUEL (CITY),MANHATTAN,664,9/26/24,131 WEST 143 STREET,131.0,WEST 143 STREET,131 WEST 143 STREET,17545477,41702,145231.0,1,131,131,133,WEST 143 STREET,C,2024-12-11,2024-12-16,01/17/2025,01/12/2025,,,,568.0,9539398.0,"HMC ADM CODE: § 27-2017.4 ABATE THE INFESTATION CONSISTING OF ROACHES IN THE ENTIRE APARTMENT LOCATED AT APT 1A, 1st STORY, 1st APARTMENT FROM SOUTH AT WEST",2024-12-17,47.0,NOTICE OF ISSUANCE SENT TO TENANT,12/17/2024,Original,Open,N,2024,2024.0
SAMUEL (CITY),MANHATTAN,664,9/26/24,131 WEST 143 STREET,131.0,WEST 143 STREET,131 WEST 143 STREET,17559222,41702,145231.0,1,131,131,133,WEST 143 STREET,C,2024-12-16,2024-12-16,12/30/2024,12/23/2024,,,,742.0,9539393.0,"§ 27-2070 ADM CODE PROVIDE AN ADEQUATE SUPPLY OF GAS TO THE FIXTURES AT RANGE IN THE KITCHEN LOCATED AT APT 1A, 1st STORY, 1st APARTMENT FROM SOUTH AT WEST",2024-12-17,19.0,VIOLATION CLOSED,01/10/2025,Original,Close,Y,2024,2024.0
SAMUEL (CITY),MANHATTAN,664,9/26/24,131 WEST 143 STREET,131.0,WEST 143 STREET,131 WEST 143 STREET,17559227,41702,145231.0,1,131,131,133,WEST 143 STREET,B,2024-12-16,2024-12-16,02/04/2025,01/21/2025,,,,583.0,9539391.0,"§ 27-2026, 2027 HMC: PROPERLY REPAIR THE SOURCE AND ABATE THE EVIDENCE OF A WATER LEAK AT CEILING IN THE FOYER LOCATED AT APT 1A, 1st STORY, 1st APARTMENT FROM SOUTH AT WEST",2024-12-17,2.0,NOV SENT OUT,12/17/2024,Original,Open,N,2024,2024.0
SAMUEL (CITY),MANHATTAN,664,9/26/24,131 WEST 143 STREET,131.0,WEST 143 STREET,131 WEST 143 STREET,17559236,41702,145231.0,1,131,131,133,WEST 143 STREET,A,2024-12-16,2024-12-16,04/05/2025,03/22/2025,,,03/21/2025,722.0,9539390.0,"§ 27-2053 ADM CODE POST SIGN ON WALL OF ENTRANCE STORY BEARING NAME, ADDRESS INCLUDING APARTMENT NUMBER IF ANY, AND TELEPHONE NUMBER OF SUPERINTENDENT, JANITOR OR HOUSEKEEPER. AT PUBLIC HALL, 1st STORY",2024-12-17,9.0,VIOLATION DISMISSED,06/02/2025,Original,Close,N,2024,2024.0
SAMUEL (CITY),MANHATTAN,664,9/26/24,131 WEST 143 STREET,131.0,WEST 143 STREET,131 WEST 143 STREET,17559231,41702,145231.0,1,131,131,133,WEST 143 STREET,C,2024-12-16,2024-12-16,12/29/2024,12/17/2024,,,,670.0,9539128.0,"§ 27-2031 ADM CODE PROVIDE HOT WATER AT ALL HOT WATER FIXTURES IN THE ENTIRE APARTMENT LOCATED AT APT 4C, 4th STORY, 1st APARTMENT FROM EAST AT SOUTH",2024-12-17,2.0,NOV SENT OUT,12/17/2024,Original,Open,Y,2024,2024.0
SAMUEL (CITY),MANHATTAN,664,9/26/24,131 WEST 143 STREET,131.0,WEST 143 STREET,131 WEST 143 STREET,17559233,41702,145231.0,1,131,131,133,WEST 143 STREET,C,2024-12-16,2024-12-30,01/31/2025,01/26/2025,,,,567.0,9558357.0,HMC ADM CODE: § 27-2017.4 ABATE THE INFESTATION CONSISTING OF RODENTS RATS AT BUILDING FRONT,2024-12-31,2.0,NOV SENT OUT,12/31/2024,Original,Open,Y,2024,2024.0
SAMUEL (CITY),MANHATTAN,664,9/26/24,131 WEST 143 STREET,131.0,WEST 143 STREET,131 WEST 143 STREET,18035974,41702,145231.0,1,131,131,133,WEST 143 STREET,C,2025-06-14,2025-06-15,06/29/2025,06/22/2025,,,06/27/2025,501.0,9869875.0,"§ 27-2005 HMC: PROPERLY REPAIR OR REPLACE THE BROKEN OR DEFECTIVE LOCKING DEVICE BUILDING ENTRANCE DOOR AT PUBLIC HALL, 1st STORY",2025-06-16,9.0,VIOLATION DISMISSED,09/08/2025,Original,Close,N,2025,2025.0
SAMUEL (CITY),MANHATTAN,664,9/26/24,131 WEST 143 STREET,131.0,WEST 143 STREET,131 WEST 143 STREET,12060393,41702,145231.0,1,131,131,133,WEST 143 STREET,I,2017-11-09,2017-11-09,,,,,,780.0,,"§27-2107 ADM CODE OWNER FAILED TO FILE A VALID REGISTRATION STATEMENT WITH THE DEPARTMENT AS REQUIRED BY ADM CODE §27-2097 AND IS THEREFORE SUBJECT TO CIVIL PENALTIES, PROHIBITED FROM CERTIFYING VIOLATIONS, AND DENIED THE RIGHT TO RECOVER POSSESSION OF PREMISES FOR NONPAYMENT OF RENT UNTIL A VALID REGISTRATION STATEMENT IS FILED.",,9.0,VIOLATION DISMISSED,01/15/2019,,Close,N,2017,
SAMUEL (CITY),MANHATTAN,664,9/26/24,131 WEST 143 STREET,131.0,WEST 143 STREET,131 WEST 143 STREET,17545478,41702,145231.0,1,131,131,133,WEST 143 STREET,C,2024-12-11,2024-12-16,01/17/2025,01/12/2025,,,,569.0,9539398.0,"HMC ADM CODE: § 27-2017.4 ABATE THE INFESTATION CONSISTING OF MICE IN THE ENTIRE APARTMENT LOCATED AT APT 1A, 1st STORY, 1st APARTMENT FROM SOUTH AT WEST",2024-12-17,47.0,NOTICE OF ISSUANCE SENT TO TENANT,12/17/2024,Original,Open,N,2024,2024.0
SAMUEL (CITY),MANHATTAN,664,9/26/24,131 WEST 143 STREET,131.0,WEST 143 STREET,131 WEST 143 STREET,17545479,41702,145231.0,1,131,131,133,WEST 143 STREET,C,2024-12-11,2024-12-16,01/17/2025,01/12/2025,,,,790.0,9539396.0,"§ 27-2043.1 HMC INSTALL THE MISSING OR REPAIR/REPLACE THE DEFECTIVE WINDOW GUARD(S) IN ACCORDANCE WITH THE SPECIFICATIONS OF THE NEW YORK CITY HEALTH CODE SECTION 24 RCNY CHAPTER 12. WG TO INSTALL = 1, WG TO REPLACE = 0, WG TO REPAIR = 0 IN THE ENTIRE APARTMENT LOCATED AT APT 1A, 1st STORY, 1st APARTMENT FROM SOUTH AT WEST",2024-12-17,2.0,NOV SENT OUT,12/17/2024,Original,Open,N,2024,2024.0
SAMUEL (CITY),MANHATTAN,664,9/26/24,131 WEST 143 STREET,131.0,WEST 143 STREET,131 WEST 143 STREET,17545480,41702,145231.0,1,131,131,133,WEST 143 STREET,C,2024-12-11,2024-12-16,12/30/2024,12/23/2024,,,,510.0,9539394.0,"§ 27-2005 ADM CODE & 309 M/D LAW ABATE THE NUISANCE CONSISTING OF SCALDING HOT WATER EXCEEDING THE MAXIMUM ALLOWABLE TEMPERATURE OF 130F DEGREES IN THE ENTIRE APARTMENT LOCATED AT APT 1A, 1st STORY, 1st APARTMENT FROM SOUTH AT WEST",2024-12-17,19.0,VIOLATION CLOSED,01/10/2025,Original,Close,N,2024,2024.0
SAMUEL (CITY),MANHATTAN,664,9/26/24,131 WEST 143 STREET,131.0,WEST 143 STREET,131 WEST 143 STREET,17559225,41702,145231.0,1,131,131,133,WEST 143 STREET,C,2024-12-16,2024-12-16,01/05/2025,12/31/2024,,,,530.0,9539399.0,"§ 27-2005, 27-2007, 27-2041.1 HMC, §238, § 309; § 107 (2) ( C) MDL AND 28 RCNY §25-171: REPLACE OR REPAIR THE SELF-CLOSING DOORS THAT IS MISSING OR DEFECTIVE HINGES IN THE ENTRANCE LOCATED AT APT 1A, 1st STORY, 1st APARTMENT FROM SOUTH AT WEST",2024-12-17,2.0,NOV SENT OUT,12/17/2024,Original,Open,N,2024,2024.0
SAMUEL (CITY),MANHATTAN,664,9/26/24,131 WEST 143 STREET,131.0,WEST 143 STREET,131 WEST 143 STREET,17559226,41702,145231.0,1,131,131,133,WEST 143 STREET,B,2024-12-16,2024-12-16,02/04/2025,01/21/2025,,,,508.0,9539391.0,"§ 27-2005 ADM CODE REPAIR THE BROKEN OR DEFECTIVE PLASTERED SURFACES AND PAINT IN A UNIFORM COLOR AT CEILING IN THE FOYER LOCATED AT APT 1A, 1st STORY, 1st APARTMENT FROM SOUTH AT WEST",2024-12-17,2.0,NOV SENT OUT,12/17/2024,Original,Open,N,2024,2024.0
SAMUEL (CITY),MANHATTAN,664,9/26/24,131 WEST 143 STREET,131.0,WEST 143 STREET,131 WEST 143 STREET,17559228,41702,145231.0,1,131,131,133,WEST 143 STREET,B,2024-12-16,2024-12-16,02/04/2025,01/21/2025,,,,501.0,9539391.0,"§ 27-2005 HMC: PROPERLY REPAIR OR REPLACE THE BROKEN OR DEFECTIVE COUNTER BALANCE AT LOWER SASH AT 2ND WINDOW FROM EAST AT SOUTH WALL IN THE 2nd ROOM FROM NORTH LOCATED AT APT 1A, 1st STORY, 1st APARTMENT FROM SOUTH AT WEST",2024-12-17,2.0,NOV SENT OUT,12/17/2024,Original,Open,N,2024,2024.0
SAMUEL (CITY),MANHATTAN,664,9/26/24,131 WEST 143 STREET,131.0,WEST 143 STREET,131 WEST 143 STREET,17559234,41702,145231.0,1,131,131,133,WEST 143 STREET,C,2024-12-16,2024-12-16,12/30/2024,12/23/2024,,,,671.0,9539392.0,"§ 27-2033 ADM CODE POST NOTICE, IN FORM APPROVED BY THE DEPARTMENT, STATING THE NAME AND LOCATION OF THE PERSON DESIGNATED BY THE OWNER TO HAVE KEY TO BUILDINGS HEATING SYSTEM MISSING AT PUBLIC HALL, 1st STORY",2024-12-17,2.0,NOV SENT OUT,12/17/2024,Original,Open,N,2024,2024.0
SAMUEL (CITY),MANHATTAN,664,9/26/24,131 WEST 143 STREET,131.0,WEST 143 STREET,131 WEST 143 STREET,17720461,41702,145231.0,1,131,131,133,WEST 143 STREET,C,2025-02-25,2025-02-25,03/11/2025,03/04/2025,,,,510.0,9644974.0,"§ 27-2005 ADM CODE & 309 M/D LAW ABATE THE NUISANCE CONSISTING OF HOT WATER TEMPERATURE EXCEEDING THE MAXIMUM ALLOWABLE TEMPERATURE OF130F AT ALL HOT WATER FIXTURE IN THE ENTIRE APARTMENT LOCATED AT APT 5B, 5th STORY, 2nd APARTMENT FROM SOUTH AT WEST",2025-02-26,2.0,NOV SENT OUT,02/26/2025,Original,Open,N,2025,2025.0
SAMUEL (CITY),MANHATTAN,664,9/26/24,131 WEST 143 STREET,131.0,WEST 143 STREET,131 WEST 143 STREET,17775732,41702,145231.0,1,131,131,133,WEST 143 STREET,B,2025-03-17,2025-03-23,05/12/2025,04/28/2025,,,05/12/2025,689.0,9682225.0,"§ 27-2005, 2006, 2037 HMC: PROPERLY REPAIR AND ABATE UNSAFE ELECTRIC WIRING CONDITION CONSISTING OF EXPOSED ELECTRICAL WIRING AT CEIILING IN THE 3rd ROOM FROM NORTH LOCATED AT APT 5D LOWER LEVEL, 5th STORY, 1st APARTMENT FROM NORTH AT EAST",2025-03-24,21.0,NOT COMPLIED WITH,06/15/2025,Original,Open,N,2025,2025.0
SAMUEL (CITY),MANHATTAN,664,9/26/24,131 WEST 143 STREET,131.0,WEST 143 STREET,131 WEST 143 STREET,17775737,41702,145231.0,1,131,131,133,WEST 143 STREET,C,2025-03-17,2025-03-23,04/12/2025,04/07/2025,,,,530.0,9682227.0,"§ 27-2005, 27-2007, 27-2041.1 HMC, §238, § 309; § 107 (2) ( C) MDL AND 28 RCNY §25-171: REPLACE OR REPAIR THE SELF-CLOSING DOORS THAT IS MISSING OR DEFECTIVE HINGES AT DOOR IN THE ENTRANCE LOCATED AT APT 5D LOWER LEVEL, 5th STORY, 1st APARTMENT FROM NORTH AT EAST",2025-03-24,2.0,NOV SENT OUT,03/24/2025,Original,Open,N,2025,2025.0
SAMUEL (CITY),MANHATTAN,664,9/26/24,131 WEST 143 STREET,131.0,WEST 143 STREET,131 WEST 143 STREET,17775741,41702,145231.0,1,131,131,133,WEST 143 STREET,C,2025-03-17,2025-03-23,04/24/2025,04/19/2025,,,,568.0,9682226.0,"HMC ADM CODE: § 27-2017.4 ABATE THE INFESTATION CONSISTING OF ROACHES IN THE ENTIRE APARTMENT LOCATED AT APT 5D, 5th STORY, 1st APARTMENT FROM NORTH AT EAST",2025-03-24,47.0,NOTICE OF ISSUANCE SENT TO TENANT,03/24/2025,Original,Open,N,2025,2025.0
SAMUEL (CITY),MANHATTAN,664,9/26/24,131 WEST 143 STREET,131.0,WEST 143 STREET,131 WEST 143 STREET,17559235,41702,145231.0,1,131,131,133,WEST 143 STREET,A,2024-12-16,2024-12-16,04/05/2025,03/22/2025,,,03/21/2025,772.0,9539390.0,§ 27-2098 ADM CODE FILE WITH THIS DEPARTMENT A REGISTRATION STATEMENT FOR BUILDING.,2024-12-17,9.0,VIOLATION DISMISSED,06/02/2025,Original,Close,Y,2024,2024.0
SAMUEL (CITY),MANHATTAN,664,9/26/24,131 WEST 143 STREET,131.0,WEST 143 STREET,131 WEST 143 STREET,17775740,41702,145231.0,1,131,131,133,WEST 143 STREET,B,2025-03-17,2025-03-23,05/12/2025,04/28/2025,,,05/12/2025,1503.0,9682225.0,"§ 27-2046.1 HMC: REPAIR OR REPLACE THE CARBON MONOXIDE DETECTING DEVICE(S). MISSING IN THE ENTIRE APARTMENT LOCATED AT APT 5D, 5th STORY, 1st APARTMENT FROM NORTH AT EAST",2025-03-24,19.0,VIOLATION CLOSED,06/15/2025,Original,Close,N,2025,2025.0
SAMUEL (CITY),MANHATTAN,664,9/26/24,131 WEST 143 STREET,131.0,WEST 143 STREET,131 WEST 143 STREET,17653766,41702,145231.0,1,131,131,133,WEST 143 STREET,C,2025-01-27,2025-01-28,02/11/2025,02/04/2025,,,,672.0,9603020.0,§ 27-2033 ADM CODE PROVIDE READY ACCESS TO BUILDINGS HEATING SYSTEM BOILER ROOM DOOR LOCKED AT CELLAR,2025-01-29,2.0,NOV SENT OUT,01/29/2025,Original,Open,N,2025,2025.0
SAMUEL (CITY),MANHATTAN,664,9/26/24,131 WEST 143 STREET,131.0,WEST 143 STREET,131 WEST 143 STREET,17661432,41702,145231.0,1,131,131,133,WEST 143 STREET,C,2025-01-27,2025-01-28,02/09/2025,01/28/2025,,,,666.0,9602781.0,"§ 27-2029 ADM CODE PROVIDE AN ADEQUATE SUPPLY OF HEAT FOR THE APARTMENT IN THE ENTIRE APARTMENT LOCATED AT APT 1C, 1st STORY, 1st APARTMENT FROM NORTH AT EAST",2025-01-29,2.0,NOV SENT OUT,01/29/2025,Original,Open,Y,2025,2025.0
SAMUEL (CITY),MANHATTAN,664,9/26/24,131 WEST 143 STREET,131.0,WEST 143 STREET,131 WEST 143 STREET,17559237,41702,145231.0,1,131,131,133,WEST 143 STREET,A,2024-12-16,2024-12-16,04/05/2025,03/22/2025,,,03/21/2025,484.0,9539390.0,"§ 329, M/D LAW AND DEPT. RULES AND REGS. PROVIDE A COMPLETED CERTIFICATE OF INSPECTION VISITS IN A PROPER FRAME AT OR NEAR MAILBOXES, BOTTOM EDGE OF FRAME BETWEEN 48-62 INCHES ABOVE FLOOR MISSING AT PUBLIC HALL, 1st STORY",2024-12-17,9.0,VIOLATION DISMISSED,06/02/2025,Original,Close,N,2024,2024.0
SAMUEL (CITY),MANHATTAN,664,9/26/24,131 WEST 143 STREET,131.0,WEST 143 STREET,131 WEST 143 STREET,17559224,41702,145231.0,1,131,131,133,WEST 143 STREET,C,2024-12-16,2024-12-16,01/17/2025,01/12/2025,,,,569.0,9539397.0,"HMC ADM CODE: § 27-2017.4 ABATE THE INFESTATION CONSISTING OF MICE IN THE ENTIRE APARTMENT LOCATED AT APT 1A, 1st STORY, 1st APARTMENT FROM SOUTH AT WEST",2024-12-17,47.0,NOTICE OF ISSUANCE SENT TO TENANT,12/17/2024,Original,Open,N,2024,2024.0
SAMUEL (CITY),MANHATTAN,664,9/26/24,131 WEST 143 STREET,131.0,WEST 143 STREET,131 WEST 143 STREET,17775746,41702,145231.0,1,131,131,133,WEST 143 STREET,B,2025-03-17,2025-03-23,05/12/2025,04/28/2025,,,05/12/2025,501.0,9682225.0,"§ 27-2005 HMC: PROPERLY REPAIR OR REPLACE THE BROKEN OR DEFECTIVE ELECTRICAL OUTLETS AT EAST AND WEST WALLS IN THE 23rd ROOM FROM NORTH LOCATED AT APT 5D UPPER LEVEL, 5th STORY, 1st APARTMENT FROM NORTH AT EAST",2025-03-24,21.0,NOT COMPLIED WITH,06/15/2025,Original,Open,N,2025,2025.0
SAMUEL (CITY),MANHATTAN,664,9/26/24,131 WEST 143 STREET,131.0,WEST 143 STREET,131 WEST 143 STREET,17559229,41702,145231.0,1,131,131,133,WEST 143 STREET,B,2024-12-16,2024-12-16,02/04/2025,01/21/2025,,,,508.0,9539391.0,"§ 27-2005 ADM CODE REPAIR THE BROKEN OR DEFECTIVE PLASTERED SURFACES AND PAINT IN A UNIFORM COLOR AT CEILING IN THE KITCHEN LOCATED AT APT 1A, 1st STORY, 1st APARTMENT FROM SOUTH AT WEST",2024-12-17,2.0,NOV SENT OUT,12/17/2024,Original,Open,N,2024,2024.0
SAMUEL (CITY),MANHATTAN,664,9/26/24,131 WEST 143 STREET,131.0,WEST 143 STREET,131 WEST 143 STREET,17775742,41702,145231.0,1,131,131,133,WEST 143 STREET,C,2025-03-17,2025-03-23,04/24/2025,04/19/2025,,,,569.0,9682226.0,"HMC ADM CODE: § 27-2017.4 ABATE THE INFESTATION CONSISTING OF MICE IN THE ENTIRE APARTMENT LOCATED AT APT 5D, 5th STORY, 1st APARTMENT FROM NORTH AT EAST",2025-03-24,47.0,NOTICE OF ISSUANCE SENT TO TENANT,03/24/2025,Original,Open,N,2025,2025.0
SAMUEL (CITY),MANHATTAN,664,9/26/24,131 WEST 143 STREET,131.0,WEST 143 STREET,131 WEST 143 STREET,18035979,41702,145231.0,1,131,131,133,WEST 143 STREET,B,2025-06-14,2025-06-15,08/04/2025,07/21/2025,,,07/24/2025,501.0,9869874.0,"§ 27-2005 HMC: PROPERLY REPAIR OR REPLACE THE BROKEN OR DEFECTIVE LATCH SET AT VESTIBLE DOOR AT PUBLIC HALL, 1st STORY",2025-06-16,3.0,NOV CERTIFIED ON TIME,07/24/2025,Original,Open,N,2025,2025.0
SAMUEL (CITY),MANHATTAN,664,9/26/24,131 WEST 143 STREET,131.0,WEST 143 STREET,131 WEST 143 STREET,17529464,41702,145231.0,1,131,131,133,WEST 143 STREET,C,2024-12-06,2024-12-06,12/19/2024,12/07/2024,,,,666.0,9524913.0,"§ 27-2029 ADM CODE PROVIDE AN ADEQUATE SUPPLY OF HEAT FOR THE APARTMENT IN THE ENTIRE APARTMENT LOCATED AT APT 5D, 5th STORY, 5th APARTMENT FROM EAST AT SOUTH",2024-12-09,19.0,VIOLATION CLOSED,03/06/2025,Original,Close,Y,2024,2024.0
SAMUEL (CITY),MANHATTAN,664,9/26/24,131 WEST 143 STREET,131.0,WEST 143 STREET,131 WEST 143 STREET,17949800,41702,145231.0,1,131,131,133,WEST 143 STREET,A,2025-06-04,2025-06-04,09/21/2025,09/07/2025,,,,1507.0,9790517.0,"(A) § HMC:FILE ANNUAL BEDBUG REPORT IN ACCORDANCE WITH HPD RULE AS DESCRIBED ON THE BACK OF THIS NOTICE OF VIOLATION OR AS DESCRIBED ON HPDS WEBSITE, WWW.NYC.GOV\HPD, SEARCH BED BUGS.",2025-06-04,2.0,NOV SENT OUT,06/04/2025,Original,Open,N,2025,2025.0
SAMUEL (CITY),MANHATTAN,664,9/26/24,131 WEST 143 STREET,131.0,WEST 143 STREET,131 WEST 143 STREET,18035973,41702,145231.0,1,131,131,133,WEST 143 STREET,C,2025-06-14,2025-06-15,07/05/2025,06/30/2025,,,07/01/2025,530.0,9869877.0,"§ 27-2005, 27-2007, 27-2041.1 HMC, §238, § 309; § 107 (2) ( C) MDL AND 28 RCNY §25-171: REPLACE OR REPAIR THE SELF-CLOSING DOORS THAT IS MISSING OR DEFECTIVE LATCH SET AT PUBLIC HALL, 1st STORY",2025-06-16,21.0,NOT COMPLIED WITH,07/09/2025,Original,Open,N,2025,2025.0
SAMUEL (CITY),MANHATTAN,664,9/26/24,131 WEST 143 STREET,131.0,WEST 143 STREET,131 WEST 143 STREET,18035978,41702,145231.0,1,131,131,133,WEST 143 STREET,C,2025-06-14,2025-06-15,07/05/2025,06/30/2025,,,07/01/2025,530.0,9869877.0,"§ 27-2005, 27-2007, 27-2041.1 HMC, §238, § 309; § 107 (2) ( C) MDL AND 28 RCNY §25-171: REPLACE OR REPAIR THE SELF-CLOSING DOORS THAT IS MISSING OR DEFECTIVE LATCH SET AT VESTIBLE DOOR AT PUBLIC HALL, 1st STORY",2025-06-16,21.0,NOT COMPLIED WITH,07/09/2025,Original,Open,N,2025,2025.0
SAMUEL (CITY),MANHATTAN,664,9/26/24,131 WEST 143 STREET,131.0,WEST 143 STREET,131 WEST 143 STREET,18035966,41702,145231.0,1,131,131,133,WEST 143 STREET,C,2025-06-14,2025-06-15,07/17/2025,07/12/2025,,,07/17/2025,568.0,9869876.0,"HMC ADM CODE: § 27-2017.4 ABATE THE INFESTATION CONSISTING OF ROACHES IN THE ENTIRE APARTMENT LOCATED AT APT 5D, 5th STORY, 1st APARTMENT FROM NORTH AT EAST",2025-06-16,9.0,VIOLATION DISMISSED,09/29/2025,Original,Close,N,2025,2025.0
SAMUEL (CITY),MANHATTAN,664,9/26/24,129 WEST 142 STREET,129.0,WEST 142 STREET,129 WEST 142 STREET,17746984,41588,145233.0,1,129,129,129,WEST 142 STREET,C,2025-03-08,2025-03-08,03/21/2025,03/09/2025,,,03/21/2025,670.0,9661059.0,"§ 27-2031 ADM CODE PROVIDE HOT WATER AT ALL HOT WATER FIXTURES IN THE ENTIRE APARTMENT LOCATED AT APT 3C, 3rd STORY, 1st APARTMENT FROM NORTH AT EAST",2025-03-10,9.0,VIOLATION DISMISSED,06/02/2025,Original,Close,Y,2025,2025.0
SAMUEL (CITY),MANHATTAN,664,9/26/24,129 WEST 142 STREET,129.0,WEST 142 STREET,129 WEST 142 STREET,12060391,41588,145233.0,1,129,129,129,WEST 142 STREET,I,2017-11-09,2017-11-09,,,,,,780.0,,"§27-2107 ADM CODE OWNER FAILED TO FILE A VALID REGISTRATION STATEMENT WITH THE DEPARTMENT AS REQUIRED BY ADM CODE §27-2097 AND IS THEREFORE SUBJECT TO CIVIL PENALTIES, PROHIBITED FROM CERTIFYING VIOLATIONS, AND DENIED THE RIGHT TO RECOVER POSSESSION OF PREMISES FOR NONPAYMENT OF RENT UNTIL A VALID REGISTRATION STATEMENT IS FILED.",,9.0,VIOLATION DISMISSED,01/15/2019,,Close,N,2017,
SAMUEL (CITY),MANHATTAN,664,9/26/24,129 WEST 142 STREET,129.0,WEST 142 STREET,129 WEST 142 STREET,17949794,41588,145233.0,1,129,129,129,WEST 142 STREET,A,2025-06-04,2025-06-04,09/21/2025,09/07/2025,,,,1507.0,9790487.0,"(A) § HMC:FILE ANNUAL BEDBUG REPORT IN ACCORDANCE WITH HPD RULE AS DESCRIBED ON THE BACK OF THIS NOTICE OF VIOLATION OR AS DESCRIBED ON HPDS WEBSITE, WWW.NYC.GOV\HPD, SEARCH BED BUGS.",2025-06-04,2.0,NOV SENT OUT,06/04/2025,Original,Open,N,2025,2025.0
SAMUEL (CITY),MANHATTAN,664,9/26/24,129 WEST 142 STREET,129.0,WEST 142 STREET,129 WEST 142 STREET,17746985,41588,145233.0,1,129,129,129,WEST 142 STREET,C,2025-03-08,2025-03-08,03/23/2025,03/16/2025,,,,672.0,9661637.0,§ 27-2033 ADM CODE PROVIDE READY ACCESS TO BUILDINGS HEATING SYSTEM DOOR LOCKED AT BOILER ROOM,2025-03-10,2.0,NOV SENT OUT,03/10/2025,Original,Open,N,2025,2025.0
SAMUEL (CITY),MANHATTAN,664,9/26/24,129 WEST 142 STREET,129.0,WEST 142 STREET,129 WEST 142 STREET,12637063,41588,145233.0,1,129,129,129,WEST 142 STREET,I,2018-10-10,2018-10-10,,,,,,780.0,,"§27-2107 ADM CODE OWNER FAILED TO FILE A VALID REGISTRATION STATEMENT WITH THE DEPARTMENT AS REQUIRED BY ADM CODE §27-2097 AND IS THEREFORE SUBJECT TO CIVIL PENALTIES, PROHIBITED FROM CERTIFYING VIOLATIONS, AND DENIED THE RIGHT TO RECOVER POSSESSION OF PREMISES FOR NONPAYMENT OF RENT UNTIL A VALID REGISTRATION STATEMENT IS FILED.",,9.0,VIOLATION DISMISSED,01/15/2019,,Close,N,2018,
SAMUEL (CITY),MANHATTAN,664,9/26/24,141 WEST 142 STREET,141.0,WEST 142 STREET,141 WEST 142 STREET,17672661,41594,145234.0,1,141,141,141,WEST 142 STREET,C,2025-02-04,2025-02-05,02/17/2025,02/05/2025,,,,666.0,9614715.0,"§ 27-2029 ADM CODE PROVIDE AN ADEQUATE SUPPLY OF HEAT FOR THE APARTMENT IN THE 3rd ROOM FROM NORTH LOCATED AT APT 3A, 3rd STORY, 1st APARTMENT FROM WEST AT NORTH",2025-02-06,2.0,NOV SENT OUT,02/06/2025,Original,Open,Y,2025,2025.0
SAMUEL (CITY),MANHATTAN,664,9/26/24,141 WEST 142 STREET,141.0,WEST 142 STREET,141 WEST 142 STREET,17672662,41594,145234.0,1,141,141,141,WEST 142 STREET,C,2025-02-04,2025-02-05,02/19/2025,02/12/2025,,,,672.0,9614966.0,§ 27-2033 ADM CODE PROVIDE READY ACCESS TO BUILDINGS HEATING SYSTEM LOCKED DOOR AT BOILER ROOM,2025-02-06,2.0,NOV SENT OUT,02/06/2025,Original,Open,N,2025,2025.0
SAMUEL (CITY),MANHATTAN,664,9/26/24,141 WEST 142 STREET,141.0,WEST 142 STREET,141 WEST 142 STREET,17672666,41594,145234.0,1,141,141,141,WEST 142 STREET,A,2025-02-04,2025-02-05,05/26/2025,05/12/2025,,,,556.0,9614964.0,"§ 27-2013 ADM CODE PAINT WITH LIGHT COLORED PAINT TO THE SATISFACTION OF THIS DEPARTMENT AT ALL WALLS AND CEILING AT PUBLIC HALL, 1st STORY",2025-02-06,2.0,NOV SENT OUT,02/06/2025,Original,Open,N,2025,2025.0
SAMUEL (CITY),MANHATTAN,664,9/26/24,141 WEST 142 STREET,141.0,WEST 142 STREET,141 WEST 142 STREET,17581333,41594,145234.0,1,141,141,141,WEST 142 STREET,C,2024-12-27,2024-12-27,01/09/2025,12/28/2024,,,,666.0,9555109.0,"§ 27-2029 ADM CODE PROVIDE AN ADEQUATE SUPPLY OF HEAT FOR THE APARTMENT IN THE ENTIRE APARTMENT LOCATED AT APT 3B, 3rd STORY, 1st APARTMENT FROM EAST AT SOUTH",2024-12-30,2.0,NOV SENT OUT,12/30/2024,Original,Open,Y,2024,2024.0
SAMUEL (CITY),MANHATTAN,664,9/26/24,141 WEST 142 STREET,141.0,WEST 142 STREET,141 WEST 142 STREET,17581335,41594,145234.0,1,141,141,141,WEST 142 STREET,B,2024-12-27,2024-12-27,02/17/2025,02/03/2025,,,,1503.0,9555675.0,"§ 27-2046.1 HMC: REPAIR OR REPLACE THE CARBON MONOXIDE DETECTING DEVICE(S). DEFECTIVE IN THE ENTIRE APARTMENT LOCATED AT APT 3B, 3rd STORY, 1st APARTMENT FROM EAST AT SOUTH",2024-12-30,2.0,NOV SENT OUT,12/30/2024,Original,Open,N,2024,2024.0
SAMUEL (CITY),MANHATTAN,664,9/26/24,141 WEST 142 STREET,141.0,WEST 142 STREET,141 WEST 142 STREET,17581336,41594,145234.0,1,141,141,141,WEST 142 STREET,B,2024-12-27,2024-12-27,02/17/2025,02/03/2025,,,,702.0,9555675.0,"§ 27-2045 ADM CODE REPAIR OR REPLACE THE SMOKE DETECTOR DEFECTIVE IN THE ENTIRE APARTMENT LOCATED AT APT 3B, 3rd STORY, 1st APARTMENT FROM EAST AT SOUTH",2024-12-30,2.0,NOV SENT OUT,12/30/2024,Original,Open,N,2024,2024.0
SAMUEL (CITY),MANHATTAN,664,9/26/24,141 WEST 142 STREET,141.0,WEST 142 STREET,141 WEST 142 STREET,17616544,41594,145234.0,1,141,141,141,WEST 142 STREET,C,2025-01-13,2025-01-13,01/27/2025,01/20/2025,,,,672.0,9578021.0,§ 27-2033 ADM CODE PROVIDE READY ACCESS TO BUILDINGS HEATING SYSTEM DOOR LOCK TO BASEMENT AT BOILER ROOM,2025-01-14,2.0,NOV SENT OUT,01/14/2025,Original,Open,N,2025,2025.0
SAMUEL (CITY),MANHATTAN,664,9/26/24,141 WEST 142 STREET,141.0,WEST 142 STREET,141 WEST 142 STREET,17649537,41594,145234.0,1,141,141,141,WEST 142 STREET,C,2025-01-25,2025-01-25,02/09/2025,02/02/2025,,,,672.0,9597233.0,§ 27-2033 ADM CODE PROVIDE READY ACCESS TO BUILDINGS HEATING SYSTEM LOCKED DOOR AT BOILER ROOM,2025-01-27,2.0,NOV SENT OUT,01/27/2025,Original,Open,N,2025,2025.0
SAMUEL (CITY),MANHATTAN,664,9/26/24,141 WEST 142 STREET,141.0,WEST 142 STREET,141 WEST 142 STREET,17649536,41594,145234.0,1,141,141,141,WEST 142 STREET,C,2025-01-25,2025-01-25,02/07/2025,01/26/2025,,,,666.0,9596355.0,"§ 27-2029 ADM CODE PROVIDE AN ADEQUATE SUPPLY OF HEAT FOR THE APARTMENT IN THE ENTIRE APARTMENT LOCATED AT APT 3B, 3rd STORY, 1st APARTMENT FROM WEST AT NORTH",2025-01-27,19.0,VIOLATION CLOSED,03/06/2025,Original,Close,Y,2025,2025.0
SAMUEL (CITY),MANHATTAN,664,9/26/24,141 WEST 142 STREET,141.0,WEST 142 STREET,141 WEST 142 STREET,17708958,41594,145234.0,1,141,141,141,WEST 142 STREET,A,2025-02-20,2025-02-20,06/10/2025,05/27/2025,,,,550.0,9637757.0,"§ 27-2017.3 HMC: TRACE AND REPAIR THE SOURCE AND ABATE THE VISIBLE MOLD CONDITION... LESS THAN 10 SQ.FT AT CEILING IN THE BATHROOM LOCATED AT APT 4A, 4th STORY, 1st APARTMENT FROM WEST AT NORTH",2025-02-21,19.0,VIOLATION CLOSED,06/21/2025,Original,Close,N,2025,2025.0
SAMUEL (CITY),MANHATTAN,664,9/26/24,141 WEST 142 STREET,141.0,WEST 142 STREET,141 WEST 142 STREET,17717940,41594,145234.0,1,141,141,141,WEST 142 STREET,C,2025-02-24,2025-02-24,03/09/2025,02/25/2025,,,,666.0,9642884.0,"§ 27-2029 ADM CODE PROVIDE AN ADEQUATE SUPPLY OF HEAT FOR THE APARTMENT IN THE ENTIRE APARTMENT LOCATED AT APT 5B, 5th STORY, 1st APARTMENT FROM EAST AT SOUTH",2025-02-25,2.0,NOV SENT OUT,02/25/2025,Original,Open,Y,2025,2025.0
SAMUEL (CITY),MANHATTAN,664,9/26/24,141 WEST 142 STREET,141.0,WEST 142 STREET,141 WEST 142 STREET,17447915,41594,145234.0,1,141,141,141,WEST 142 STREET,I,2024-11-22,2024-11-22,,,,,,780.0,,"§27-2107 ADM CODE OWNER FAILED TO FILE A VALID REGISTRATION STATEMENT WITH THE DEPARTMENT AS REQUIRED BY ADM CODE §27-2097 AND IS THEREFORE SUBJECT TO CIVIL PENALTIES, PROHIBITED FROM CERTIFYING VIOLATIONS, AND DENIED THE RIGHT TO RECOVER POSSESSION OF PREMISES FOR NONPAYMENT OF RENT UNTIL A VALID REGISTRATION STATEMENT IS FILED.",,27.0,INFO NOV SENT OUT,11/22/2024,,Open,N,2024,
SAMUEL (CITY),MANHATTAN,664,9/26/24,141 WEST 142 STREET,141.0,WEST 142 STREET,141 WEST 142 STREET,17581334,41594,145234.0,1,141,141,141,WEST 142 STREET,C,2024-12-27,2024-12-27,01/12/2025,01/05/2025,,,,672.0,9555677.0,§ 27-2033 ADM CODE PROVIDE READY ACCESS TO BUILDINGS HEATING SYSTEM LOCK DOOR AT CELLAR AT BOILER ROOM,2024-12-30,2.0,NOV SENT OUT,12/30/2024,Original,Open,N,2024,2024.0
SAMUEL (CITY),MANHATTAN,664,9/26/24,141 WEST 142 STREET,141.0,WEST 142 STREET,141 WEST 142 STREET,17581337,41594,145234.0,1,141,141,141,WEST 142 STREET,C,2024-12-27,2024-12-27,01/30/2025,01/25/2025,,,,568.0,9555678.0,"HMC ADM CODE: § 27-2017.4 ABATE THE INFESTATION CONSISTING OF ROACHES IN THE ENTIRE APARTMENT LOCATED AT APT 3B, 3rd STORY, 1st APARTMENT FROM EAST AT SOUTH",2024-12-30,47.0,NOTICE OF ISSUANCE SENT TO TENANT,12/30/2024,Original,Open,N,2024,2024.0
SAMUEL (CITY),MANHATTAN,664,9/26/24,141 WEST 142 STREET,141.0,WEST 142 STREET,141 WEST 142 STREET,17581339,41594,145234.0,1,141,141,141,WEST 142 STREET,C,2024-12-27,2024-12-27,01/09/2025,12/28/2024,,,,666.0,9555109.0,"§ 27-2029 ADM CODE PROVIDE AN ADEQUATE SUPPLY OF HEAT FOR THE APARTMENT IN THE ENTIRE APARTMENT LOCATED AT APT 5A, 5th STORY, 1st APARTMENT FROM WEST AT NORTH",2024-12-30,2.0,NOV SENT OUT,12/30/2024,Original,Open,Y,2024,2024.0
SAMUEL (CITY),MANHATTAN,664,9/26/24,141 WEST 142 STREET,141.0,WEST 142 STREET,141 WEST 142 STREET,17581340,41594,145234.0,1,141,141,141,WEST 142 STREET,B,2024-12-27,2024-12-27,02/17/2025,02/03/2025,,,,1503.0,9555676.0,"§ 27-2046.1 HMC: REPAIR OR REPLACE THE CARBON MONOXIDE DETECTING DEVICE(S). DEFECTIVE IN THE ENTIRE APARTMENT LOCATED AT APT 5A, 5th STORY, 1st APARTMENT FROM WEST AT NORTH",2024-12-30,2.0,NOV SENT OUT,12/30/2024,Original,Open,N,2024,2024.0
SAMUEL (CITY),MANHATTAN,664,9/26/24,141 WEST 142 STREET,141.0,WEST 142 STREET,141 WEST 142 STREET,17581341,41594,145234.0,1,141,141,141,WEST 142 STREET,B,2024-12-27,2024-12-27,02/17/2025,02/03/2025,,,,702.0,9555676.0,"§ 27-2045 ADM CODE REPAIR OR REPLACE THE SMOKE DETECTOR DEFECTIVE IN THE ENTIRE APARTMENT LOCATED AT APT 5A, 5th STORY, 1st APARTMENT FROM WEST AT NORTH",2024-12-30,2.0,NOV SENT OUT,12/30/2024,Original,Open,N,2024,2024.0
SAMUEL (CITY),MANHATTAN,664,9/26/24,141 WEST 142 STREET,141.0,WEST 142 STREET,141 WEST 142 STREET,17616545,41594,145234.0,1,141,141,141,WEST 142 STREET,C,2025-01-13,2025-01-13,01/27/2025,01/20/2025,,,,510.0,9578021.0,"§ 27-2005 ADM CODE & 309 M/D LAW ABATE THE NUISANCE CONSISTING OF SCALDING HOT WATER EXCEEDING 130 DEGREES AT ALL HOT WATER FIXTURES IN THE ENTIRE APARTMENT LOCATED AT APT 5B, 5th STORY, 1st APARTMENT FROM EAST AT SOUTH",2025-01-14,19.0,VIOLATION CLOSED,03/15/2025,Original,Close,N,2025,2025.0
SAMUEL (CITY),MANHATTAN,664,9/26/24,141 WEST 142 STREET,141.0,WEST 142 STREET,141 WEST 142 STREET,17636457,41594,145234.0,1,141,141,141,WEST 142 STREET,C,2025-01-20,2025-01-21,02/02/2025,01/21/2025,,,,666.0,9590360.0,"§ 27-2029 ADM CODE PROVIDE AN ADEQUATE SUPPLY OF HEAT FOR THE APARTMENT IN THE ENTIRE APARTMENT LOCATED AT APT 3B, 3rd STORY, 1st APARTMENT FROM EAST AT SOUTH",2025-01-22,2.0,NOV SENT OUT,01/22/2025,Original,Open,Y,2025,2025.0
SAMUEL (CITY),MANHATTAN,664,9/26/24,141 WEST 142 STREET,141.0,WEST 142 STREET,141 WEST 142 STREET,17636459,41594,145234.0,1,141,141,141,WEST 142 STREET,A,2025-01-20,2025-01-21,05/11/2025,04/27/2025,,,,550.0,9590609.0,"§ 27-2017.3 HMC: TRACE AND REPAIR THE SOURCE AND ABATE THE VISIBLE MOLD CONDITION... LESS THAN 10 SQUARE FEET AT CEILING IN THE BATHROOM LOCATED AT APT 3B, 3rd STORY, 1st APARTMENT FROM EAST AT SOUTH",2025-01-22,19.0,VIOLATION CLOSED,05/22/2025,Original,Close,N,2025,2025.0
SAMUEL (CITY),MANHATTAN,664,9/26/24,141 WEST 142 STREET,141.0,WEST 142 STREET,141 WEST 142 STREET,17636460,41594,145234.0,1,141,141,141,WEST 142 STREET,A,2025-01-20,2025-01-21,05/11/2025,04/27/2025,,,,556.0,9590607.0,"§ 27-2013 ADM CODE PAINT WITH LIGHT COLORED PAINT TO THE SATISFACTION OF THIS DEPARTMENT AT ALL WALLS AND CEILING IN THE BATHROOM LOCATED AT APT 3B, 3rd STORY, 1st APARTMENT FROM EAST AT SOUTH",2025-01-22,28.0,INVALID CERTIFICATION,05/09/2025,Original,Open,N,2025,2025.0
SAMUEL (CITY),MANHATTAN,664,9/26/24,141 WEST 142 STREET,141.0,WEST 142 STREET,141 WEST 142 STREET,17636462,41594,145234.0,1,141,141,141,WEST 142 STREET,B,2025-01-20,2025-01-21,03/12/2025,02/26/2025,,,,702.0,9590610.0,"§ 27-2045 ADM CODE REPAIR OR REPLACE THE SMOKE DETECTOR MISSING LOCATED AT APT 3B, 3rd STORY, 1st APARTMENT FROM EAST AT SOUTH",2025-01-22,2.0,NOV SENT OUT,01/22/2025,Original,Open,N,2025,2025.0
SAMUEL (CITY),MANHATTAN,664,9/26/24,141 WEST 142 STREET,141.0,WEST 142 STREET,141 WEST 142 STREET,17636463,41594,145234.0,1,141,141,141,WEST 142 STREET,B,2025-01-20,2025-01-21,03/12/2025,02/26/2025,,,,1503.0,9590610.0,"§ 27-2046.1 HMC: REPAIR OR REPLACE THE CARBON MONOXIDE DETECTING DEVICE(S). MISSING LOCATED AT APT 3B, 3rd STORY, 1st APARTMENT FROM EAST AT SOUTH",2025-01-22,2.0,NOV SENT OUT,01/22/2025,Original,Open,N,2025,2025.0
SAMUEL (CITY),MANHATTAN,664,9/26/24,141 WEST 142 STREET,141.0,WEST 142 STREET,141 WEST 142 STREET,17663123,41594,145234.0,1,141,141,141,WEST 142 STREET,C,2025-01-30,2025-01-30,02/13/2025,02/06/2025,,,,672.0,9607045.0,§ 27-2033 ADM CODE PROVIDE READY ACCESS TO BUILDINGS HEATING SYSTEM LOCKED DOOR AT CELLAR AT BOILER ROOM,2025-01-31,2.0,NOV SENT OUT,01/31/2025,Original,Open,N,2025,2025.0
SAMUEL (CITY),MANHATTAN,664,9/26/24,141 WEST 142 STREET,141.0,WEST 142 STREET,141 WEST 142 STREET,17708961,41594,145234.0,1,141,141,141,WEST 142 STREET,A,2025-02-20,2025-02-20,06/10/2025,05/27/2025,,,,484.0,9637756.0,"§ 329, M/D LAW AND DEPT. RULES AND REGS. PROVIDE A COMPLETED CERTIFICATE OF INSPECTION VISITS IN A PROPER FRAME AT OR NEAR MAILBOXES, BOTTOM EDGE OF FRAME BETWEEN 48-62 INCHES ABOVE FLOOR FRAME MISSING AT PUBLIC HALL, 1st STORY",2025-02-21,2.0,NOV SENT OUT,02/21/2025,Original,Open,N,2025,2025.0
SAMUEL (CITY),MANHATTAN,664,9/26/24,141 WEST 142 STREET,141.0,WEST 142 STREET,141 WEST 142 STREET,17708963,41594,145234.0,1,141,141,141,WEST 142 STREET,C,2025-02-20,2025-02-20,03/06/2025,02/27/2025,,,,671.0,9637760.0,"§ 27-2033 ADM CODE POST NOTICE, IN FORM APPROVED BY THE DEPARTMENT, STATING THE NAME AND LOCATION OF THE PERSON DESIGNATED BY THE OWNER TO HAVE KEY TO BUILDINGS HEATING SYSTEM MISSING AT PUBLIC HALL, 1st STORY",2025-02-21,2.0,NOV SENT OUT,02/21/2025,Original,Open,N,2025,2025.0
SAMUEL (CITY),MANHATTAN,664,9/26/24,141 WEST 142 STREET,141.0,WEST 142 STREET,141 WEST 142 STREET,17708965,41594,145234.0,1,141,141,141,WEST 142 STREET,B,2025-02-20,2025-02-20,04/11/2025,03/28/2025,,,,502.0,9637758.0,"§ 27-2005 ADM CODE PROPERLY REPAIR WITH SIMILAR MATERIAL THE BROKEN OR DEFECTIVE FIRE RETARDANT MATERIAL AT CEILING , EAST & WEST WALLS AT PUBLIC HALL, 1st STORY",2025-02-21,28.0,INVALID CERTIFICATION,04/10/2025,Original,Open,N,2025,2025.0
SAMUEL (CITY),MANHATTAN,664,9/26/24,141 WEST 142 STREET,141.0,WEST 142 STREET,141 WEST 142 STREET,17708966,41594,145234.0,1,141,141,141,WEST 142 STREET,A,2025-02-20,2025-02-20,06/10/2025,05/27/2025,,,,556.0,9637756.0,"§ 27-2013 ADM CODE PAINT WITH LIGHT COLORED PAINT TO THE SATISFACTION OF THIS DEPARTMENT CEILING , EAST AND WEST WALLS AT PUBLIC HALL, 1st STORY",2025-02-21,2.0,NOV SENT OUT,02/21/2025,Original,Open,N,2025,2025.0
SAMUEL (CITY),MANHATTAN,664,9/26/24,141 WEST 142 STREET,141.0,WEST 142 STREET,141 WEST 142 STREET,17949796,41594,145234.0,1,141,141,141,WEST 142 STREET,A,2025-06-04,2025-06-04,09/21/2025,09/07/2025,,,,1507.0,9790489.0,"(A) § HMC:FILE ANNUAL BEDBUG REPORT IN ACCORDANCE WITH HPD RULE AS DESCRIBED ON THE BACK OF THIS NOTICE OF VIOLATION OR AS DESCRIBED ON HPDS WEBSITE, WWW.NYC.GOV\HPD, SEARCH BED BUGS.",2025-06-04,2.0,NOV SENT OUT,06/04/2025,Original,Open,N,2025,2025.0
SAMUEL (CITY),MANHATTAN,664,9/26/24,141 WEST 142 STREET,141.0,WEST 142 STREET,141 WEST 142 STREET,17672664,41594,145234.0,1,141,141,141,WEST 142 STREET,B,2025-02-04,2025-02-05,03/27/2025,03/13/2025,,,,502.0,9614965.0,"§ 27-2005 ADM CODE PROPERLY REPAIR WITH SIMILAR MATERIAL THE BROKEN OR DEFECTIVE FIRE RETARDANT MATERIAL AT CEILING AT PUBLIC HALL, 1st STORY",2025-02-06,28.0,INVALID CERTIFICATION,03/21/2025,Original,Open,N,2025,2025.0
SAMUEL (CITY),MANHATTAN,664,9/26/24,141 WEST 142 STREET,141.0,WEST 142 STREET,141 WEST 142 STREET,17685915,41594,145234.0,1,141,141,141,WEST 142 STREET,C,2025-02-10,2025-02-10,03/14/2025,03/09/2025,,,,568.0,9622255.0,"HMC ADM CODE: § 27-2017.4 ABATE THE INFESTATION CONSISTING OF ROACHES IN THE ENTIRE APARTMENT LOCATED AT APT 4B, 4th STORY, 1st APARTMENT FROM EAST AT SOUTH",2025-02-11,47.0,NOTICE OF ISSUANCE SENT TO TENANT,02/11/2025,Original,Open,N,2025,2025.0
SAMUEL (CITY),MANHATTAN,664,9/26/24,141 WEST 142 STREET,141.0,WEST 142 STREET,141 WEST 142 STREET,17581342,41594,145234.0,1,141,141,141,WEST 142 STREET,C,2024-12-27,2024-12-27,01/30/2025,01/25/2025,,,,569.0,9555679.0,"HMC ADM CODE: § 27-2017.4 ABATE THE INFESTATION CONSISTING OF MICE IN THE ENTIRE APARTMENT LOCATED AT APT 5A, 5th STORY, 1st APARTMENT FROM WEST AT NORTH",2024-12-30,47.0,NOTICE OF ISSUANCE SENT TO TENANT,12/30/2024,Original,Open,N,2024,2024.0
SAMUEL (CITY),MANHATTAN,664,9/26/24,141 WEST 142 STREET,141.0,WEST 142 STREET,141 WEST 142 STREET,17616543,41594,145234.0,1,141,141,141,WEST 142 STREET,C,2025-01-13,2025-01-13,01/26/2025,01/14/2025,,,,666.0,9577740.0,"§ 27-2029 ADM CODE PROVIDE AN ADEQUATE SUPPLY OF HEAT FOR THE APARTMENT IN THE ENTIRE APARTMENT LOCATED AT APT 5B, 5th STORY, 1st APARTMENT FROM EAST AT SOUTH",2025-01-14,19.0,VIOLATION CLOSED,03/06/2025,Original,Close,Y,2025,2025.0
SAMUEL (CITY),MANHATTAN,664,9/26/24,141 WEST 142 STREET,141.0,WEST 142 STREET,141 WEST 142 STREET,17663124,41594,145234.0,1,141,141,141,WEST 142 STREET,C,2025-01-30,2025-01-30,02/13/2025,02/06/2025,,,,510.0,9607045.0,"§ 27-2005 ADM CODE & 309 M/D LAW ABATE THE NUISANCE CONSISTING OF HOT WATER EXCEEDING 130 DEGREES AT ALL HOT WATER FIXTURES IN THE ENTIRE APARTMENT LOCATED AT APT 4A, 4th STORY, 1st APARTMENT FROM WEST AT NORTH",2025-01-31,19.0,VIOLATION CLOSED,03/15/2025,Original,Close,N,2025,2025.0
SAMUEL (CITY),MANHATTAN,664,9/26/24,141 WEST 142 STREET,141.0,WEST 142 STREET,141 WEST 142 STREET,17717942,41594,145234.0,1,141,141,141,WEST 142 STREET,C,2025-02-24,2025-02-24,03/10/2025,03/03/2025,,,,510.0,9643152.0,"§ 27-2005 ADM CODE & 309 M/D LAW ABATE THE NUISANCE CONSISTING OF SCALDING HOT WATER EXCEEDING 130 DEGREES AT ALL HOT WATER PLUMBING FIXTURES IN THE ENTIRE APARTMENT LOCATED AT APT 5B, 5th STORY, 1st APARTMENT FROM EAST AT SOUTH",2025-02-25,19.0,VIOLATION CLOSED,03/21/2025,Original,Close,N,2025,2025.0
SAMUEL (CITY),MANHATTAN,664,9/26/24,141 WEST 142 STREET,141.0,WEST 142 STREET,141 WEST 142 STREET,17663121,41594,145234.0,1,141,141,141,WEST 142 STREET,C,2025-01-30,2025-01-30,02/13/2025,02/06/2025,,,,510.0,9607044.0,"§ 27-2005 ADM CODE & 309 M/D LAW ABATE THE NUISANCE CONSISTING OF HOT WATER EXCEEDING 130 DEGREES AT ALL HOT WATER FIXTURES IN THE ENTIRE APARTMENT LOCATED AT APT 5B, 5th STORY, 1st APARTMENT FROM EAST AT SOUTH",2025-01-31,19.0,VIOLATION CLOSED,03/15/2025,Original,Close,N,2025,2025.0
SAMUEL (CITY),MANHATTAN,664,9/26/24,141 WEST 142 STREET,141.0,WEST 142 STREET,141 WEST 142 STREET,17672663,41594,145234.0,1,141,141,141,WEST 142 STREET,C,2025-02-04,2025-02-05,02/19/2025,02/12/2025,,,,510.0,9614966.0,"§ 27-2005 ADM CODE & 309 M/D LAW ABATE THE NUISANCE CONSISTING OF SCALDING WATER EXCEEDING THE MAXIMUM OF 130 DEGREES F IN THE ENTIRE APARTMENT LOCATED AT APT 3A, 3rd STORY, 1st APARTMENT FROM WEST AT NORTH",2025-02-06,19.0,VIOLATION CLOSED,03/15/2025,Original,Close,N,2025,2025.0
SAMUEL (CITY),MANHATTAN,664,9/26/24,141 WEST 142 STREET,141.0,WEST 142 STREET,141 WEST 142 STREET,17672665,41594,145234.0,1,141,141,141,WEST 142 STREET,B,2025-02-04,2025-02-05,03/27/2025,03/13/2025,,,,583.0,9614965.0,"§ 27-2026, 2027 HMC: PROPERLY REPAIR THE SOURCE AND ABATE THE EVIDENCE OF A WATER LEAK AT CEILING AT PUBLIC HALL, 1st STORY",2025-02-06,28.0,INVALID CERTIFICATION,03/21/2025,Original,Open,N,2025,2025.0
SAMUEL (CITY),MANHATTAN,664,9/26/24,141 WEST 142 STREET,141.0,WEST 142 STREET,141 WEST 142 STREET,17696938,41594,145234.0,1,141,141,141,WEST 142 STREET,C,2025-02-15,2025-02-18,03/04/2025,02/25/2025,,,,510.0,9633544.0,"§ 27-2005 ADM CODE & 309 M/D LAW ABATE THE NUISANCE CONSISTING OF HOTWATER EXCEEDING THE MAXIMUM TEMPERATURE OF 130 DEGREES AT ALL HOTWATER FIXTURES IN THE ENTIRE APARTMENT LOCATED AT APT 3A, 3rd STORY, 1st APARTMENT FROM WEST AT NORTH",2025-02-19,19.0,VIOLATION CLOSED,03/15/2025,Original,Close,N,2025,2025.0
SAMUEL (CITY),MANHATTAN,664,9/26/24,141 WEST 142 STREET,141.0,WEST 142 STREET,141 WEST 142 STREET,17708956,41594,145234.0,1,141,141,141,WEST 142 STREET,C,2025-02-20,2025-02-20,03/05/2025,02/21/2025,,,,666.0,9637473.0,"§ 27-2029 ADM CODE PROVIDE AN ADEQUATE SUPPLY OF HEAT FOR THE APARTMENT IN THE ENTIRE APARTMENT LOCATED AT APT 4A, 4th STORY, 1st APARTMENT FROM WEST AT NORTH",2025-02-21,2.0,NOV SENT OUT,02/21/2025,Original,Open,Y,2025,2025.0
SAMUEL (CITY),MANHATTAN,664,9/26/24,141 WEST 142 STREET,141.0,WEST 142 STREET,141 WEST 142 STREET,17663122,41594,145234.0,1,141,141,141,WEST 142 STREET,C,2025-01-30,2025-01-30,02/12/2025,01/31/2025,,,,666.0,9606840.0,"§ 27-2029 ADM CODE PROVIDE AN ADEQUATE SUPPLY OF HEAT FOR THE APARTMENT IN THE ENTIRE APARTMENT LOCATED AT APT 4A, 4th STORY, 1st APARTMENT FROM WEST AT NORTH",2025-01-31,2.0,NOV SENT OUT,01/31/2025,Original,Open,Y,2025,2025.0
SAMUEL (CITY),MANHATTAN,664,9/26/24,141 WEST 142 STREET,141.0,WEST 142 STREET,141 WEST 142 STREET,17708959,41594,145234.0,1,141,141,141,WEST 142 STREET,C,2025-02-20,2025-02-20,03/05/2025,02/21/2025,,,,666.0,9637473.0,"§ 27-2029 ADM CODE PROVIDE AN ADEQUATE SUPPLY OF HEAT FOR THE APARTMENT IN THE ENTIRE APARTMENT LOCATED AT APT 4B, 4th STORY, 1st APARTMENT FROM EAST AT SOUTH",2025-02-21,19.0,VIOLATION CLOSED,03/17/2025,Original,Close,Y,2025,2025.0
SAMUEL (CITY),MANHATTAN,664,9/26/24,141 WEST 142 STREET,141.0,WEST 142 STREET,141 WEST 142 STREET,17708960,41594,145234.0,1,141,141,141,WEST 142 STREET,C,2025-02-20,2025-02-20,03/05/2025,02/21/2025,,,,670.0,9637473.0,"§ 27-2031 ADM CODE PROVIDE HOT WATER AT ALL HOT WATER FIXTURES IN THE ENTIRE APARTMENT LOCATED AT APT 4B, 4th STORY, 1st APARTMENT FROM EAST AT SOUTH",2025-02-21,19.0,VIOLATION CLOSED,03/17/2025,Original,Close,Y,2025,2025.0
SAMUEL (CITY),MANHATTAN,664,9/26/24,141 WEST 142 STREET,141.0,WEST 142 STREET,141 WEST 142 STREET,17636461,41594,145234.0,1,141,141,141,WEST 142 STREET,A,2025-01-20,2025-01-21,05/11/2025,04/27/2025,,,,556.0,9590607.0,"§ 27-2013 ADM CODE PAINT WITH LIGHT COLORED PAINT TO THE SATISFACTION OF THIS DEPARTMENT ALL WALLS AND CEILING IN THE KITCHEN LOCATED AT APT 3B, 3rd STORY, 1st APARTMENT FROM EAST AT SOUTH",2025-01-22,28.0,INVALID CERTIFICATION,05/09/2025,Original,Open,N,2025,2025.0
SAMUEL (CITY),MANHATTAN,664,9/26/24,141 WEST 142 STREET,141.0,WEST 142 STREET,141 WEST 142 STREET,17636464,41594,145234.0,1,141,141,141,WEST 142 STREET,A,2025-01-20,2025-01-21,05/11/2025,04/27/2025,,,,556.0,9590608.0,§ 27-2013 ADM CODE PAINT WITH LIGHT COLORED PAINT TO THE SATISFACTION OF THIS DEPARTMENT ALL WALLS AND CEILINGS AT PUBLIC HALL,2025-01-22,28.0,INVALID CERTIFICATION,05/09/2025,Original,Open,N,2025,2025.0
SAMUEL (CITY),MANHATTAN,664,9/26/24,141 WEST 142 STREET,141.0,WEST 142 STREET,141 WEST 142 STREET,17708957,41594,145234.0,1,141,141,141,WEST 142 STREET,C,2025-02-20,2025-02-20,03/06/2025,02/27/2025,,,,672.0,9637759.0,§ 27-2033 ADM CODE PROVIDE READY ACCESS TO BUILDINGS HEATING SYSTEM LOCK DOOR AT CELLAR,2025-02-21,2.0,NOV SENT OUT,02/21/2025,Original,Open,N,2025,2025.0
SAMUEL (CITY),MANHATTAN,664,9/26/24,141 WEST 142 STREET,141.0,WEST 142 STREET,141 WEST 142 STREET,17581338,41594,145234.0,1,141,141,141,WEST 142 STREET,C,2024-12-27,2024-12-27,01/18/2025,01/13/2025,,,,530.0,9555680.0,"§ 27-2005, 27-2007, 27-2041.1 HMC, §238, § 309; § 107 (2) ( C) MDL AND 28 RCNY §25-171: REPLACE OR REPAIR THE SELF-CLOSING DOORS THAT IS MISSING OR DEFECTIVE HINGES IN THE ENTRANCE LOCATED AT APT 3B, 3rd STORY, 1st APARTMENT FROM EAST AT SOUTH",2024-12-30,19.0,VIOLATION CLOSED,02/01/2025,Original,Close,N,2024,2024.0
SAMUEL (CITY),MANHATTAN,664,9/26/24,141 WEST 142 STREET,141.0,WEST 142 STREET,141 WEST 142 STREET,17717943,41594,145234.0,1,141,141,141,WEST 142 STREET,C,2025-02-24,2025-02-24,03/10/2025,03/03/2025,,,,671.0,9643153.0,"§ 27-2033 ADM CODE POST NOTICE, IN FORM APPROVED BY THE DEPARTMENT, STATING THE NAME AND LOCATION OF THE PERSON DESIGNATED BY THE OWNER TO HAVE KEY TO BUILDINGS HEATING SYSTEM MISSING AT PUBLIC HALL",2025-02-25,2.0,NOV SENT OUT,02/25/2025,Original,Open,N,2025,2025.0
SAMUEL (CITY),MANHATTAN,664,9/26/24,141 WEST 142 STREET,141.0,WEST 142 STREET,141 WEST 142 STREET,17663125,41594,145234.0,1,141,141,141,WEST 142 STREET,C,2025-01-30,2025-01-30,02/13/2025,02/06/2025,,,,671.0,9607046.0,"§ 27-2033 ADM CODE POST NOTICE, IN FORM APPROVED BY THE DEPARTMENT, STATING THE NAME AND LOCATION OF THE PERSON DESIGNATED BY THE OWNER TO HAVE KEY TO BUILDINGS HEATING SYSTEM SIGN MISSING AT OR NEAR MAILBOX AT PUBLIC HALL, 1st STORY",2025-01-31,2.0,NOV SENT OUT,01/31/2025,Original,Open,N,2025,2025.0
SAMUEL (CITY),MANHATTAN,664,9/26/24,141 WEST 142 STREET,141.0,WEST 142 STREET,141 WEST 142 STREET,17708962,41594,145234.0,1,141,141,141,WEST 142 STREET,A,2025-02-20,2025-02-20,06/10/2025,05/27/2025,,,,778.0,9637756.0,"§ 27-2104 ADM CODE POST AND MAINTAIN A PROPER SIGN ON WALL OF ENTRANCE STORY SHOWING THE REGISTRATION NUMBER ASSIGNED BY THE DEPARTMENT AND THE ADDRESS OF THE BUILDING. AT PUBLIC HALL, 1st STORY",2025-02-21,28.0,INVALID CERTIFICATION,03/21/2025,Original,Open,N,2025,2025.0
SAMUEL (CITY),MANHATTAN,664,9/26/24,141 WEST 142 STREET,141.0,WEST 142 STREET,141 WEST 142 STREET,17636458,41594,145234.0,1,141,141,141,WEST 142 STREET,C,2025-01-20,2025-01-21,02/04/2025,01/28/2025,,,,672.0,9590611.0,§ 27-2033 ADM CODE PROVIDE READY ACCESS TO BUILDINGS HEATING SYSTEM DOOR TO BOILER ROOM LOCKED,2025-01-22,2.0,NOV SENT OUT,01/22/2025,Original,Open,N,2025,2025.0
SAMUEL (CITY),MANHATTAN,664,9/26/24,141 WEST 142 STREET,141.0,WEST 142 STREET,141 WEST 142 STREET,17919521,41594,145234.0,1,141,141,141,WEST 142 STREET,B,2025-01-20,2025-05-22,07/10/2025,06/26/2025,,,,550.0,9766764.0,"§ 27-2017.3 HMC: TRACE AND REPAIR THE SOURCE AND ABATE THE VISIBLE MOLD CONDITION... LESS THAN 10 SQUARE FEET AT CEILING IN THE BATHROOM LOCATED AT APT 3B, 3rd STORY, 1st APARTMENT FROM EAST AT SOUTH ORIGINAL VIOLATION 17636459 ISSUED 20-JAN-25 HAS BEEN UPGRADED TO CLASS B PER ADMINISTRATIVE CODE §27-2017.3a(3)(a) or (b).",2025-05-22,11.0,VIOLATION WILL BE REINSPECTED,10/01/2025,Original,Open,N,2025,2025.0
SAMUEL (CITY),MANHATTAN,664,9/26/24,141 WEST 142 STREET,141.0,WEST 142 STREET,141 WEST 142 STREET,17649538,41594,145234.0,1,141,141,141,WEST 142 STREET,C,2025-01-25,2025-01-25,02/07/2025,01/26/2025,,,,666.0,9596355.0,"§ 27-2029 ADM CODE PROVIDE AN ADEQUATE SUPPLY OF HEAT FOR THE APARTMENT IN THE ENTIRE APARTMENT LOCATED AT APT 1B, 1st STORY, 1st APARTMENT FROM SOUTH AT WEST",2025-01-27,19.0,VIOLATION CLOSED,03/06/2025,Original,Close,Y,2025,2025.0
SAMUEL (CITY),MANHATTAN,664,9/26/24,141 WEST 142 STREET,141.0,WEST 142 STREET,141 WEST 142 STREET,17717941,41594,145234.0,1,141,141,141,WEST 142 STREET,C,2025-02-24,2025-02-24,03/10/2025,03/03/2025,,,,672.0,9643152.0,§ 27-2033 ADM CODE PROVIDE READY ACCESS TO BUILDINGS HEATING SYSTEM DOOR LOCK AT CELLAR,2025-02-25,2.0,NOV SENT OUT,02/25/2025,Original,Open,N,2025,2025.0
SAMUEL (CITY),MANHATTAN,664,9/26/24,141 WEST 142 STREET,141.0,WEST 142 STREET,141 WEST 142 STREET,18052341,41594,145234.0,1,141,141,141,WEST 142 STREET,B,2025-02-20,2025-06-21,08/15/2025,08/01/2025,,,,550.0,9881617.0,"§ 27-2017.3 HMC: TRACE AND REPAIR THE SOURCE AND ABATE THE VISIBLE MOLD CONDITION... LESS THAN 10 SQ.FT AT CEILING IN THE BATHROOM LOCATED AT APT 4A, 4th STORY, 1st APARTMENT FROM WEST AT NORTH ORIGINAL VIOLATION 17708958 ISSUED 20-FEB-25 HAS BEEN UPGRADED TO CLASS B PER ADMINISTRATIVE CODE §27-2017.3a(3)(a) or (b).",2025-06-27,11.0,VIOLATION WILL BE REINSPECTED,10/01/2025,Original,Open,N,2025,2025.0
SAMUEL (CITY),MANHATTAN,664,9/26/24,117 WEST 144 STREET,117.0,WEST 144 STREET,117 WEST 144 STREET,17616350,41777,145216.0,1,117,117,119,WEST 144 STREET,C,2025-01-12,2025-01-13,01/27/2025,01/20/2025,,,03/21/2025,672.0,9578023.0,§ 27-2033 ADM CODE PROVIDE READY ACCESS TO BUILDINGS HEATING SYSTEM DOOR LOCK TO BASEMENT AT BOILER ROOM,2025-01-14,4.0,NOV CERTIFIED LATE,03/21/2025,Original,Open,N,2025,2025.0
SAMUEL (CITY),MANHATTAN,664,9/26/24,117 WEST 144 STREET,117.0,WEST 144 STREET,117 WEST 144 STREET,12637069,41777,145216.0,1,117,117,119,WEST 144 STREET,I,2018-10-10,2018-10-10,,,,,,780.0,,"§27-2107 ADM CODE OWNER FAILED TO FILE A VALID REGISTRATION STATEMENT WITH THE DEPARTMENT AS REQUIRED BY ADM CODE §27-2097 AND IS THEREFORE SUBJECT TO CIVIL PENALTIES, PROHIBITED FROM CERTIFYING VIOLATIONS, AND DENIED THE RIGHT TO RECOVER POSSESSION OF PREMISES FOR NONPAYMENT OF RENT UNTIL A VALID REGISTRATION STATEMENT IS FILED.",,9.0,VIOLATION DISMISSED,10/22/2018,,Close,N,2018,
SAMUEL (CITY),MANHATTAN,664,9/26/24,117 WEST 144 STREET,117.0,WEST 144 STREET,117 WEST 144 STREET,17616351,41777,145216.0,1,117,117,119,WEST 144 STREET,B,2025-01-12,2025-01-13,03/04/2025,02/18/2025,,,03/21/2025,1503.0,9578022.0,"§ 27-2046.1 HMC: REPAIR OR REPLACE THE CARBON MONOXIDE DETECTING DEVICE(S). MISSING IN THE ENTIRE APARTMENT LOCATED AT APT 1C, 1st STORY, 2nd APARTMENT FROM NORTH AT EAST",2025-01-14,4.0,NOV CERTIFIED LATE,03/21/2025,Original,Open,N,2025,2025.0
SAMUEL (CITY),MANHATTAN,664,9/26/24,117 WEST 144 STREET,117.0,WEST 144 STREET,117 WEST 144 STREET,17616352,41777,145216.0,1,117,117,119,WEST 144 STREET,B,2025-01-12,2025-01-13,03/04/2025,02/18/2025,,,03/21/2025,702.0,9578022.0,"§ 27-2045 ADM CODE REPAIR OR REPLACE THE SMOKE DETECTOR MISSING IN THE ENTIRE APARTMENT LOCATED AT APT 1C, 1st STORY, 2nd APARTMENT FROM NORTH AT EAST",2025-01-14,4.0,NOV CERTIFIED LATE,03/21/2025,Original,Open,N,2025,2025.0
SAMUEL (CITY),MANHATTAN,664,9/26/24,117 WEST 144 STREET,117.0,WEST 144 STREET,117 WEST 144 STREET,17616353,41777,145216.0,1,117,117,119,WEST 144 STREET,C,2025-01-12,2025-01-13,01/25/2025,01/13/2025,,,,666.0,9577741.0,"§ 27-2029 ADM CODE PROVIDE AN ADEQUATE SUPPLY OF HEAT FOR THE APARTMENT IN THE ENTIRE APARTMENT LOCATED AT APT 1C, 1st STORY, 2nd APARTMENT FROM NORTH AT EAST",2025-01-14,19.0,VIOLATION CLOSED,03/06/2025,Original,Close,Y,2025,2025.0
SAMUEL (CITY),MANHATTAN,664,9/26/24,117 WEST 144 STREET,117.0,WEST 144 STREET,117 WEST 144 STREET,17616354,41777,145216.0,1,117,117,119,WEST 144 STREET,C,2025-01-12,2025-01-13,02/02/2025,01/28/2025,,,03/21/2025,530.0,9578024.0,"§ 27-2005, 27-2007, 27-2041.1 HMC, §238, § 309; § 107 (2) ( C) MDL AND 28 RCNY §25-171: REPLACE OR REPAIR THE SELF-CLOSING DOORS THAT IS MISSING OR DEFECTIVE HINGES IN THE ENTRANCE LOCATED AT APT 1C, 1st STORY, 2nd APARTMENT FROM NORTH AT EAST",2025-01-14,4.0,NOV CERTIFIED LATE,03/21/2025,Original,Open,N,2025,2025.0
SAMUEL (CITY),MANHATTAN,664,9/26/24,117 WEST 144 STREET,117.0,WEST 144 STREET,117 WEST 144 STREET,17636469,41777,145216.0,1,117,117,119,WEST 144 STREET,C,2025-01-20,2025-01-21,02/02/2025,01/21/2025,,,,666.0,9590362.0,"§ 27-2029 ADM CODE PROVIDE AN ADEQUATE SUPPLY OF HEAT FOR THE APARTMENT IN THE ENTIRE APARTMENT LOCATED AT APT 1C, 1st STORY, 1st APARTMENT FROM NORTH AT EAST",2025-01-22,19.0,VIOLATION CLOSED,03/06/2025,Original,Close,Y,2025,2025.0
SAMUEL (CITY),MANHATTAN,664,9/26/24,117 WEST 144 STREET,117.0,WEST 144 STREET,117 WEST 144 STREET,17636470,41777,145216.0,1,117,117,119,WEST 144 STREET,C,2025-01-20,2025-01-21,02/02/2025,01/21/2025,,,,670.0,9590362.0,"§ 27-2031 ADM CODE PROVIDE HOT WATER AT ALL HOT WATER FIXTURES IN THE ENTIRE APARTMENT LOCATED AT APT 1C, 1st STORY, 1st APARTMENT FROM NORTH AT EAST",2025-01-22,19.0,VIOLATION CLOSED,03/06/2025,Original,Close,Y,2025,2025.0
SAMUEL (CITY),MANHATTAN,664,9/26/24,117 WEST 144 STREET,117.0,WEST 144 STREET,117 WEST 144 STREET,12060399,41777,145216.0,1,117,117,119,WEST 144 STREET,I,2017-11-09,2017-11-09,,,,,,780.0,,"§27-2107 ADM CODE OWNER FAILED TO FILE A VALID REGISTRATION STATEMENT WITH THE DEPARTMENT AS REQUIRED BY ADM CODE §27-2097 AND IS THEREFORE SUBJECT TO CIVIL PENALTIES, PROHIBITED FROM CERTIFYING VIOLATIONS, AND DENIED THE RIGHT TO RECOVER POSSESSION OF PREMISES FOR NONPAYMENT OF RENT UNTIL A VALID REGISTRATION STATEMENT IS FILED.",,9.0,VIOLATION DISMISSED,10/22/2018,,Close,N,2017,
SAMUEL (CITY),MANHATTAN,664,9/26/24,117 WEST 144 STREET,117.0,WEST 144 STREET,117 WEST 144 STREET,17616349,41777,145216.0,1,117,117,119,WEST 144 STREET,C,2025-01-12,2025-01-13,01/25/2025,01/13/2025,,,,666.0,9577741.0,"§ 27-2029 ADM CODE PROVIDE AN ADEQUATE SUPPLY OF HEAT FOR THE APARTMENT IN THE ENTIRE APARTMENT LOCATED AT APT 1B, 1st STORY, 1st APARTMENT FROM NORTH AT EAST",2025-01-14,19.0,VIOLATION CLOSED,03/06/2025,Original,Close,Y,2025,2025.0
SAMUEL (CITY),MANHATTAN,664,9/26/24,117 WEST 144 STREET,117.0,WEST 144 STREET,117 WEST 144 STREET,17949813,41777,145216.0,1,117,117,119,WEST 144 STREET,A,2025-06-04,2025-06-04,09/21/2025,09/07/2025,,,,1507.0,9790543.0,"(A) § HMC:FILE ANNUAL BEDBUG REPORT IN ACCORDANCE WITH HPD RULE AS DESCRIBED ON THE BACK OF THIS NOTICE OF VIOLATION OR AS DESCRIBED ON HPDS WEBSITE, WWW.NYC.GOV\HPD, SEARCH BED BUGS.",2025-06-04,2.0,NOV SENT OUT,06/04/2025,Original,Open,N,2025,2025.0
SAMUEL (CITY),MANHATTAN,664,9/26/24,117 WEST 144 STREET,117.0,WEST 144 STREET,117 WEST 144 STREET,17636471,41777,145216.0,1,117,117,119,WEST 144 STREET,C,2025-01-20,2025-01-21,02/04/2025,01/28/2025,,,03/21/2025,672.0,9590615.0,§ 27-2033 ADM CODE PROVIDE READY ACCESS TO BUILDINGS HEATING SYSTEM LOCKED DOOR AT CELLAR,2025-01-22,4.0,NOV CERTIFIED LATE,03/21/2025,Original,Open,N,2025,2025.0
SAMUEL (CITY),MANHATTAN,664,9/26/24,143 WEST 142 STREET,143.0,WEST 142 STREET,143 WEST 142 STREET,3143131,41595,144916.0,1,143,143,143,WEST 142 STREET,B,1980-05-20,1977-05-10,07/24/1977,07/17/1977,,,,552.0,684345.0,"D26-11.01, 11.03, 11.05 ADM CODE REMOVE THE ACCUMULATION OF REFUSE AND/OR RUBBISH AND MAINTAIN IN A CLEAN CONDITION THE REAR YARD AIR SHAFT EAST & WEST COURTS.",1977-05-30,22.0,FIRST NO ACCESS TO RE- INSPECT VIOLATION,09/25/2012,Original,Open,N,1980,1977.0
SAMUEL (CITY),MANHATTAN,664,9/26/24,143 WEST 142 STREET,143.0,WEST 142 STREET,143 WEST 142 STREET,3814514,41595,144916.0,1,143,143,143,WEST 142 STREET,A,2001-05-02,2001-05-02,08/17/2001,08/12/2001,,,,772.0,1653907.0,§ 27-2098 ADM CODE FILE WITH THIS DEPARTMENT A REGISTRATION STATEMENT FOR BUILDING.,2001-05-04,9.0,VIOLATION DISMISSED,03/10/2015,Original,Close,Y,2001,2001.0
SAMUEL (CITY),MANHATTAN,664,9/26/24,143 WEST 142 STREET,143.0,WEST 142 STREET,143 WEST 142 STREET,17949797,41595,144916.0,1,143,143,143,WEST 142 STREET,A,2025-06-04,2025-06-04,09/21/2025,09/07/2025,,,,1507.0,9790490.0,"(A) § HMC:FILE ANNUAL BEDBUG REPORT IN ACCORDANCE WITH HPD RULE AS DESCRIBED ON THE BACK OF THIS NOTICE OF VIOLATION OR AS DESCRIBED ON HPDS WEBSITE, WWW.NYC.GOV\HPD, SEARCH BED BUGS.",2025-06-04,2.0,NOV SENT OUT,06/04/2025,Original,Open,N,2025,2025.0
SAMUEL (CITY),MANHATTAN,664,9/26/24,145 WEST 142 STREET,145.0,WEST 142 STREET,145 WEST 142 STREET,17949798,41596,145235.0,1,145,145,145,WEST 142 STREET,A,2025-06-04,2025-06-04,09/21/2025,09/07/2025,,,,1507.0,9790491.0,"(A) § HMC:FILE ANNUAL BEDBUG REPORT IN ACCORDANCE WITH HPD RULE AS DESCRIBED ON THE BACK OF THIS NOTICE OF VIOLATION OR AS DESCRIBED ON HPDS WEBSITE, WWW.NYC.GOV\HPD, SEARCH BED BUGS.",2025-06-04,2.0,NOV SENT OUT,06/04/2025,Original,Open,N,2025,2025.0
SAMUEL (CITY),MANHATTAN,664,9/26/24,149 WEST 142 STREET,149.0,WEST 142 STREET,149 WEST 142 STREET,18133815,41599,145236.0,1,149,149,149,WEST 142 STREET,A,2025-07-30,2025-07-30,11/17/2025,11/03/2025,,,,556.0,9930077.0,"§ 27-2013 ADM CODE PAINT WITH LIGHT COLORED PAINT TO THE SATISFACTION OF THIS DEPARTMENT ALL PEELING PAINT SURFACES IN THE 2nd ROOM FROM NORTH AT WEST, THE 1st ROOM FROM NORTH, THE 3rd ROOM FROM NORTH AT EAST, THE BATHROOM , THE FOYER LOCATED AT APT 3A, 3rd STORY, 1st APARTMENT FROM WEST AT NORTH",2025-07-31,2.0,NOV SENT OUT,07/31/2025,Original,Open,N,2025,2025.0
SAMUEL (CITY),MANHATTAN,664,9/26/24,149 WEST 142 STREET,149.0,WEST 142 STREET,149 WEST 142 STREET,18122537,41599,145236.0,1,149,149,149,WEST 142 STREET,B,2025-07-30,2025-07-30,09/18/2025,09/04/2025,,,09/16/2025,501.0,9930078.0,"§ 27-2005 HMC: PROPERLY REPAIR OR REPLACE THE BROKEN OR DEFECTIVE ELECTRICAL OUTLET AT NORTH AND EAST WALLS IN THE 2nd ROOM FROM NORTH AT WEST LOCATED AT APT 3A, 3rd STORY, 1st APARTMENT FROM WEST AT NORTH",2025-07-31,10.0,CIV14 MAILED,09/18/2025,Original,Open,N,2025,2025.0
SAMUEL (CITY),MANHATTAN,664,9/26/24,149 WEST 142 STREET,149.0,WEST 142 STREET,149 WEST 142 STREET,17949799,41599,145236.0,1,149,149,149,WEST 142 STREET,A,2025-06-04,2025-06-04,09/21/2025,09/07/2025,,,,1507.0,9790492.0,"(A) § HMC:FILE ANNUAL BEDBUG REPORT IN ACCORDANCE WITH HPD RULE AS DESCRIBED ON THE BACK OF THIS NOTICE OF VIOLATION OR AS DESCRIBED ON HPDS WEBSITE, WWW.NYC.GOV\HPD, SEARCH BED BUGS.",2025-06-04,2.0,NOV SENT OUT,06/04/2025,Original,Open,N,2025,2025.0
SAMUEL (CITY),MANHATTAN,664,9/26/24,149 WEST 142 STREET,149.0,WEST 142 STREET,149 WEST 142 STREET,18122538,41599,145236.0,1,149,149,149,WEST 142 STREET,C,2025-07-30,2025-07-30,08/31/2025,08/26/2025,,,,569.0,9930079.0,"HMC ADM CODE: § 27-2017.4 ABATE THE INFESTATION CONSISTING OF MICE IN THE ENTIRE APARTMENT LOCATED AT APT 3A, 3rd STORY, 1st APARTMENT FROM WEST AT NORTH",2025-07-31,47.0,NOTICE OF ISSUANCE SENT TO TENANT,07/31/2025,Original,Open,N,2025,2025.0
SAMUEL (CITY),MANHATTAN,664,9/26/24,149 WEST 142 STREET,149.0,WEST 142 STREET,149 WEST 142 STREET,18122539,41599,145236.0,1,149,149,149,WEST 142 STREET,B,2025-07-30,2025-07-30,09/18/2025,09/04/2025,,,09/16/2025,1503.0,9930078.0,"§ 27-2045(B)(1)(B) HMC, § 12-06, § 12-07, § 12-09 RCNY REPAIR, REPLACE OR PROVIDE AN APPROVED AND OPERATIONAL CARBON MONOXIDE DETECTING DEVICE, INSTALLED IN ACCORDANCE WITH APPLICABLE LAW AND RULES DEFECTIVE IN THE ENTIRE APARTMENT LOCATED AT APT 3A, 3rd STORY, 1st APARTMENT FROM WEST AT NORTH",2025-07-31,10.0,CIV14 MAILED,09/18/2025,Original,Open,N,2025,2025.0
SAMUEL (CITY),MANHATTAN,664,9/26/24,149 WEST 142 STREET,149.0,WEST 142 STREET,149 WEST 142 STREET,18122540,41599,145236.0,1,149,149,149,WEST 142 STREET,B,2025-07-30,2025-07-30,09/18/2025,09/04/2025,,,09/16/2025,702.0,9930078.0,"§ 27-2045(B)(1)(A) HMC, § 12-01, § 12-03 RCNY REPAIR, REPLACE OR PROVIDE AN APPROVED AND OPERATIONAL SMOKE DETECTING DEVICE, INSTALLED IN ACCORDANCE WITH DEPARTMENT OF BUILDINGS RULES AND REGULATIONS DEFECTIVE IN THE ENTIRE APARTMENT LOCATED AT APT 3A, 3rd STORY, 1st APARTMENT FROM WEST AT NORTH",2025-07-31,10.0,CIV14 MAILED,09/18/2025,Original,Open,N,2025,2025.0
SAMUEL (CITY),MANHATTAN,664,9/26/24,2453 A C POWELL BOULEVARD,2453.0,ADAM C POWELL BOULEVARD,2453 ADAM C POWELL BOULEVARD,17886374,3601,106839.0,1,2453,2453,2455,ADAM C POWELL BOULEVARD,B,2025-05-11,2025-05-11,06/30/2025,06/16/2025,,,06/27/2025,702.0,9750891.0,"§ 27-2045 ADM CODE REPAIR OR REPLACE THE SMOKE DETECTOR MISSING IN THE ENTIRE APARTMENT LOCATED AT APT 3B, 3rd STORY, 2nd APARTMENT FROM NORTH AT EAST",2025-05-12,9.0,VIOLATION DISMISSED,09/08/2025,Original,Close,N,2025,2025.0
SAMUEL (CITY),MANHATTAN,664,9/26/24,2453 A C POWELL BOULEVARD,2453.0,ADAM C POWELL BOULEVARD,2453 ADAM C POWELL BOULEVARD,17886375,3601,106839.0,1,2453,2453,2455,ADAM C POWELL BOULEVARD,B,2025-05-11,2025-05-11,06/30/2025,06/16/2025,,,06/27/2025,1503.0,9750891.0,"§ 27-2046.1 HMC: REPAIR OR REPLACE THE CARBON MONOXIDE DETECTING DEVICE(S). MISSING IN THE ENTIRE APARTMENT LOCATED AT APT 3B, 3rd STORY, 2nd APARTMENT FROM NORTH AT EAST",2025-05-12,9.0,VIOLATION DISMISSED,09/08/2025,Original,Close,N,2025,2025.0
SAMUEL (CITY),MANHATTAN,664,9/26/24,2453 A C POWELL BOULEVARD,2453.0,ADAM C POWELL BOULEVARD,2453 ADAM C POWELL BOULEVARD,17979661,3601,106839.0,1,2453,2453,2455,ADAM C POWELL BOULEVARD,C,2025-06-07,2025-06-08,06/28/2025,06/23/2025,,,06/26/2025,530.0,9814698.0,"§ 27-2005, 27-2007, 27-2041.1 HMC, §238, § 309; § 107 (2) ( C) MDL AND 28 RCNY §25-171: REPLACE OR REPAIR THE SELF-CLOSING DOORS THAT IS MISSING OR DEFECTIVE HINGES AT HOPPER TO COMPACTOR CHUTE , 3rd STORY",2025-06-09,19.0,VIOLATION CLOSED,07/16/2025,Original,Close,N,2025,2025.0
SAMUEL (CITY),MANHATTAN,664,9/26/24,2453 A C POWELL BOULEVARD,2453.0,ADAM C POWELL BOULEVARD,2453 ADAM C POWELL BOULEVARD,17886373,3601,106839.0,1,2453,2453,2455,ADAM C POWELL BOULEVARD,C,2025-05-11,2025-05-11,06/12/2025,06/07/2025,,,06/12/2025,567.0,9750893.0,"567 (C) § 27-2017, 27-2017.1, 27-2017.4, 27-2017.5, 27-2017.8, 27-2019, 27-2021 HMC: ABATE THE NUISANCE CONSISTING OF EVIDENCE OF RATS AND ALL UNDERLYING CAUSES CREATING THE PEST INFESTATIONS, BY USING INTEGRATED PEST MANAGEMENT (IPM), ELIMINATE ALL BURROW ENTRY AND PASSAGEWAYS, PEST NESTS, HOLES, GAPS OR CRACKS IN WALLS, CEILINGS, FLOORS, FIXING LEAKS AND MANAGING GARBAGE IN PUBLIC AREAS. EVIDENCE FOUND AT .. IN THE ENTIRE APARTMENT LOCATED AT APT 3B, 3rd STORY, 2nd APARTMENT FROM NORTH AT EAST",2025-05-12,9.0,VIOLATION DISMISSED,08/25/2025,Original,Close,Y,2025,2025.0
SAMUEL (CITY),MANHATTAN,664,9/26/24,2453 A C POWELL BOULEVARD,2453.0,ADAM C POWELL BOULEVARD,2453 ADAM C POWELL BOULEVARD,17922907,3601,106839.0,1,2453,2453,2455,ADAM C POWELL BOULEVARD,A,2025-05-28,2025-05-29,09/16/2025,09/02/2025,,,09/16/2025,556.0,9777138.0,"§ 27-2013 ADM CODE PAINT WITH LIGHT COLORED PAINT TO THE SATISFACTION OF THIS DEPARTMENT CEILING AND ALL WALLS THROUGHOUT AT LOBBY, 1st STORY",2025-05-30,3.0,NOV CERTIFIED ON TIME,09/16/2025,Original,Open,N,2025,2025.0
SAMUEL (CITY),MANHATTAN,664,9/26/24,2453 A C POWELL BOULEVARD,2453.0,ADAM C POWELL BOULEVARD,2453 ADAM C POWELL BOULEVARD,17704283,3601,106839.0,1,2453,2453,2455,ADAM C POWELL BOULEVARD,C,2025-02-19,2025-02-19,03/05/2025,02/26/2025,,,,672.0,9635243.0,§ 27-2033 ADM CODE PROVIDE READY ACCESS TO BUILDINGS HEATING SYSTEM LOCKED DOOR AT CELLAR AT BOILER ROOM,2025-02-20,2.0,NOV SENT OUT,02/20/2025,Original,Open,N,2025,2025.0
SAMUEL (CITY),MANHATTAN,664,9/26/24,2453 A C POWELL BOULEVARD,2453.0,ADAM C POWELL BOULEVARD,2453 ADAM C POWELL BOULEVARD,17949463,3601,106839.0,1,2453,2453,2455,ADAM C POWELL BOULEVARD,A,2025-06-04,2025-06-04,09/21/2025,09/07/2025,,,,1507.0,9783974.0,"(A) § HMC:FILE ANNUAL BEDBUG REPORT IN ACCORDANCE WITH HPD RULE AS DESCRIBED ON THE BACK OF THIS NOTICE OF VIOLATION OR AS DESCRIBED ON HPDS WEBSITE, WWW.NYC.GOV\HPD, SEARCH BED BUGS.",2025-06-04,2.0,NOV SENT OUT,06/04/2025,Original,Open,N,2025,2025.0
SAMUEL (CITY),MANHATTAN,664,9/26/24,2453 A C POWELL BOULEVARD,2453.0,ADAM C POWELL BOULEVARD,2453 ADAM C POWELL BOULEVARD,17922903,3601,106839.0,1,2453,2453,2455,ADAM C POWELL BOULEVARD,C,2025-05-28,2025-05-30,07/03/2025,06/28/2025,,,07/01/2025,567.0,9778697.0,"567 (C) § 27-2017, 27-2017.1, 27-2017.4, 27-2017.5, 27-2017.8, 27-2019, 27-2021 HMC: ABATE THE NUISANCE CONSISTING OF EVIDENCE OF RATS AND ALL UNDERLYING CAUSES CREATING THE PEST INFESTATIONS, BY USING INTEGRATED PEST MANAGEMENT (IPM), ELIMINATE ALL BURROW ENTRY AND PASSAGEWAYS, PEST NESTS, HOLES, GAPS OR CRACKS IN WALLS, CEILINGS, FLOORS, FIXING LEAKS AND MANAGING GARBAGE IN PUBLIC AREAS. EVIDENCE FOUND AT .... IN THE ENTIRE APARTMENT LOCATED AT APT 4B, 4th STORY, 2nd APARTMENT FROM NORTH AT EAST",2025-06-02,9.0,VIOLATION DISMISSED,09/11/2025,Original,Close,Y,2025,2025.0
SAMUEL (CITY),MANHATTAN,664,9/26/24,2453 A C POWELL BOULEVARD,2453.0,ADAM C POWELL BOULEVARD,2453 ADAM C POWELL BOULEVARD,17922905,3601,106839.0,1,2453,2453,2455,ADAM C POWELL BOULEVARD,C,2025-05-28,2025-05-30,07/03/2025,06/28/2025,,,07/01/2025,568.0,9778697.0,"HMC ADM CODE: § 27-2017.4 ABATE THE INFESTATION CONSISTING OF ROACHES IN THE ENTIRE APARTMENT LOCATED AT APT 4B, 4th STORY, 2nd APARTMENT FROM NORTH AT EAST",2025-06-02,9.0,VIOLATION DISMISSED,09/11/2025,Original,Close,N,2025,2025.0
SAMUEL (CITY),MANHATTAN,664,9/26/24,2453 A C POWELL BOULEVARD,2453.0,ADAM C POWELL BOULEVARD,2453 ADAM C POWELL BOULEVARD,17713697,3601,106839.0,1,2453,2453,2455,ADAM C POWELL BOULEVARD,C,2025-02-19,2025-02-19,03/04/2025,02/20/2025,,,,666.0,9635086.0,"§ 27-2029 ADM CODE PROVIDE AN ADEQUATE SUPPLY OF HEAT FOR THE APARTMENT IN THE ENTIRE APARTMENT LOCATED AT APT 4C, 4th STORY, 1st APARTMENT FROM SOUTH AT WEST",2025-02-20,2.0,NOV SENT OUT,02/20/2025,Original,Open,Y,2025,2025.0
SAMUEL (CITY),MANHATTAN,664,9/26/24,2453 A C POWELL BOULEVARD,2453.0,ADAM C POWELL BOULEVARD,2453 ADAM C POWELL BOULEVARD,17886372,3601,106839.0,1,2453,2453,2455,ADAM C POWELL BOULEVARD,C,2025-05-11,2025-05-11,05/25/2025,05/18/2025,,,05/22/2025,549.0,9750892.0,"§ 27-2005, 2012 HMC & § 309 MDL: ABATE THE NUISANCE CONSISTING OF EXCESSIVE STORAGE OF MATERIAL TRASH ACCUMULATION, DISCARDED BOXES, CLOTHES, AND HOUSEHOLD ITEMS APPROX. 6 QU. YA. IN THE ENTIRE APARTMENT LOCATED AT APT 3B, 3rd STORY, 2nd APARTMENT FROM NORTH AT EAST",2025-05-12,9.0,VIOLATION DISMISSED,08/04/2025,Original,Close,N,2025,2025.0
SAMUEL (CITY),MANHATTAN,664,9/26/24,2453 A C POWELL BOULEVARD,2453.0,ADAM C POWELL BOULEVARD,2453 ADAM C POWELL BOULEVARD,17979673,3601,106839.0,1,2453,2453,2455,ADAM C POWELL BOULEVARD,C,2025-06-07,2025-06-08,06/28/2025,06/23/2025,,,06/26/2025,530.0,9814698.0,"§ 27-2005, 27-2007, 27-2041.1 HMC, §238, § 309; § 107 (2) ( C) MDL AND 28 RCNY §25-171: REPLACE OR REPAIR THE SELF-CLOSING DOORS THAT IS MISSING OR DEFECTIVE HINGES AT ENTRANCE DOOR TO BUILDING , 1st STORY",2025-06-09,21.0,NOT COMPLIED WITH,07/16/2025,Original,Open,N,2025,2025.0
SAMUEL (CITY),MANHATTAN,664,9/26/24,2453 A C POWELL BOULEVARD,2453.0,ADAM C POWELL BOULEVARD,2453 ADAM C POWELL BOULEVARD,17979675,3601,106839.0,1,2453,2453,2455,ADAM C POWELL BOULEVARD,B,2025-06-07,2025-06-08,07/28/2025,07/14/2025,,,,501.0,9814697.0,"§ 27-2005 HMC: PROPERLY REPAIR OR REPLACE THE BROKEN OR DEFECTIVE MORTICE LOCK-SET AT ENTRANCE DOOR TO BUILDING , 1st STORY",2025-06-09,2.0,NOV SENT OUT,06/09/2025,Original,Open,N,2025,2025.0
SAMUEL (CITY),MANHATTAN,664,9/26/24,2453 A C POWELL BOULEVARD,2453.0,ADAM C POWELL BOULEVARD,2453 ADAM C POWELL BOULEVARD,17922906,3601,106839.0,1,2453,2453,2455,ADAM C POWELL BOULEVARD,C,2025-05-28,2025-05-30,07/03/2025,06/28/2025,,,07/01/2025,567.0,9778697.0,"567 (C) § 27-2017, 27-2017.1, 27-2017.4, 27-2017.5, 27-2017.8, 27-2019, 27-2021 HMC: ABATE THE NUISANCE CONSISTING OF EVIDENCE OF RATS AND ALL UNDERLYING CAUSES CREATING THE PEST INFESTATIONS, BY USING INTEGRATED PEST MANAGEMENT (IPM), ELIMINATE ALL BURROW ENTRY AND PASSAGEWAYS, PEST NESTS, HOLES, GAPS OR CRACKS IN WALLS, CEILINGS, FLOORS, FIXING LEAKS AND MANAGING GARBAGE IN PUBLIC AREAS. EVIDENCE FOUND AT ALL STORYS AT PUBLIC HALL STAIRS",2025-06-02,9.0,VIOLATION DISMISSED,09/11/2025,Original,Close,Y,2025,2025.0
SAMUEL (CITY),MANHATTAN,664,9/26/24,2449 A C POWELL BOULEVARD,2449.0,ADAM C POWELL BOULEVARD,2449 ADAM C POWELL BOULEVARD,17432160,3600,144878.0,1,2449,2449,2451,ADAM C POWELL BOULEVARD,B,2024-11-20,2024-11-21,01/10/2025,12/27/2024,,,,501.0,9438912.0,"§ 27-2005 HMC: PROPERLY REPAIR OR REPLACE THE BROKEN OR DEFECTIVE MAILBOX TO APARTMENT 2C AT 1st PUBLIC HALL FROM EAST, 1st STORY",2024-11-22,2.0,NOV SENT OUT,11/22/2024,Original,Open,N,2024,2024.0
SAMUEL (CITY),MANHATTAN,664,9/26/24,2449 A C POWELL BOULEVARD,2449.0,ADAM C POWELL BOULEVARD,2449 ADAM C POWELL BOULEVARD,17442070,3600,144878.0,1,2449,2449,2451,ADAM C POWELL BOULEVARD,C,2024-11-25,2024-11-25,12/08/2024,11/26/2024,,,,666.0,9458138.0,"§ 27-2029 ADM CODE PROVIDE AN ADEQUATE SUPPLY OF HEAT FOR THE APARTMENT IN THE ENTIRE APARTMENT LOCATED AT APT 4A, 4th STORY, 1st APARTMENT FROM WEST AT NORTH",2024-11-26,2.0,NOV SENT OUT,11/26/2024,Original,Open,Y,2024,2024.0
SAMUEL (CITY),MANHATTAN,664,9/26/24,2449 A C POWELL BOULEVARD,2449.0,ADAM C POWELL BOULEVARD,2449 ADAM C POWELL BOULEVARD,17442071,3600,144878.0,1,2449,2449,2451,ADAM C POWELL BOULEVARD,C,2024-11-25,2024-11-25,12/09/2024,12/02/2024,,,,672.0,9458232.0,§ 27-2033 ADM CODE PROVIDE READY ACCESS TO BUILDINGS HEATING SYSTEM DOOR LOCKED AT CELLAR AT BOILER ROOM,2024-11-26,2.0,NOV SENT OUT,11/26/2024,Original,Open,N,2024,2024.0
SAMUEL (CITY),MANHATTAN,664,9/26/24,2449 A C POWELL BOULEVARD,2449.0,ADAM C POWELL BOULEVARD,2449 ADAM C POWELL BOULEVARD,17909668,3600,144878.0,1,2449,2449,2451,ADAM C POWELL BOULEVARD,C,2025-05-21,2025-05-21,06/22/2025,06/17/2025,,,,569.0,9766578.0,"HMC ADM CODE: § 27-2017.4 ABATE THE INFESTATION CONSISTING OF MICE IN THE ENTIRE APARTMENT LOCATED AT APT 2C, 2nd STORY, 1st APARTMENT FROM SOUTH AT WEST",2025-05-22,47.0,NOTICE OF ISSUANCE SENT TO TENANT,05/22/2025,Original,Open,N,2025,2025.0
SAMUEL (CITY),MANHATTAN,664,9/26/24,2449 A C POWELL BOULEVARD,2449.0,ADAM C POWELL BOULEVARD,2449 ADAM C POWELL BOULEVARD,17531726,3600,144878.0,1,2449,2449,2451,ADAM C POWELL BOULEVARD,C,2024-12-07,2024-12-07,12/22/2024,12/15/2024,,,,672.0,9525273.0,§ 27-2033 ADM CODE PROVIDE READY ACCESS TO BUILDINGS HEATING SYSTEM LOCKED DOOR AT BASEMENT AT BOILER ROOM,2024-12-09,2.0,NOV SENT OUT,12/09/2024,Original,Open,N,2024,2024.0
SAMUEL (CITY),MANHATTAN,664,9/26/24,2449 A C POWELL BOULEVARD,2449.0,ADAM C POWELL BOULEVARD,2449 ADAM C POWELL BOULEVARD,17565525,3600,144878.0,1,2449,2449,2451,ADAM C POWELL BOULEVARD,C,2024-12-19,2024-12-19,01/02/2025,12/26/2024,,,,510.0,9544655.0,"§ 27-2005 ADM CODE & 309 M/D LAW ABATE THE NUISANCE CONSISTING OF SCALDING HOT WATER EXCEEDING 130 DEGREES AT ALL HOT WATER FIXTURES IN THE ENTIRE APARTMENT LOCATED AT APT 1A, 1st STORY, 1st APARTMENT FROM WEST AT NORTH",2024-12-20,19.0,VIOLATION CLOSED,01/13/2025,Original,Close,N,2024,2024.0
SAMUEL (CITY),MANHATTAN,664,9/26/24,2449 A C POWELL BOULEVARD,2449.0,ADAM C POWELL BOULEVARD,2449 ADAM C POWELL BOULEVARD,18052414,3600,144878.0,1,2449,2449,2451,ADAM C POWELL BOULEVARD,C,2025-06-18,2025-06-21,07/28/2025,07/23/2025,,,07/17/2025,569.0,9880878.0,"HMC ADM CODE: § 27-2017.4 ABATE THE INFESTATION CONSISTING OF MICE IN THE ENTIRE APARTMENT LOCATED AT APT 2C, 2nd STORY, 1st APARTMENT FROM SOUTH AT WEST",2025-06-27,9.0,VIOLATION DISMISSED,09/29/2025,Original,Close,N,2025,2025.0
SAMUEL (CITY),MANHATTAN,664,9/26/24,2449 A C POWELL BOULEVARD,2449.0,ADAM C POWELL BOULEVARD,2449 ADAM C POWELL BOULEVARD,18051241,3600,144878.0,1,2449,2449,2451,ADAM C POWELL BOULEVARD,B,2025-02-19,2025-06-20,08/08/2025,07/25/2025,,,,550.0,9877452.0,"§ 27-2017.3 HMC: TRACE AND REPAIR THE SOURCE AND ABATE THE VISIBLE MOLD CONDITION... LESS THAN 10 SQUARE FEET AT CLOSET AT NORTH WALL IN THE PRIVATE HALLWAY LOCATED AT APT 2C, 2nd STORY, 1st APARTMENT FROM SOUTH AT WEST ORIGINAL VIOLATION 17704394 ISSUED 19-FEB-25 HAS BEEN UPGRADED TO CLASS B PER ADMINISTRATIVE CODE §27-2017.3a(3)(a) or (b).",2025-06-20,11.0,VIOLATION WILL BE REINSPECTED,10/01/2025,Original,Open,N,2025,2025.0
SAMUEL (CITY),MANHATTAN,664,9/26/24,2449 A C POWELL BOULEVARD,2449.0,ADAM C POWELL BOULEVARD,2449 ADAM C POWELL BOULEVARD,17590239,3600,144878.0,1,2449,2449,2451,ADAM C POWELL BOULEVARD,B,2025-01-02,2025-01-03,02/24/2025,02/10/2025,,,,508.0,9563351.0,"§ 27-2005 ADM CODE REPAIR THE BROKEN OR DEFECTIVE PLASTERED SURFACES AND PAINT IN A UNIFORM COLOR AT CEILING IN THE BATHROOM LOCATED AT APT 2C, 2nd STORY, 1st APARTMENT FROM SOUTH AT WEST",2025-01-06,2.0,NOV SENT OUT,01/06/2025,Original,Open,N,2025,2025.0
SAMUEL (CITY),MANHATTAN,664,9/26/24,2449 A C POWELL BOULEVARD,2449.0,ADAM C POWELL BOULEVARD,2449 ADAM C POWELL BOULEVARD,17704391,3600,144878.0,1,2449,2449,2451,ADAM C POWELL BOULEVARD,C,2025-02-19,2025-02-19,03/05/2025,02/26/2025,,,,501.0,9635240.0,"§ 27-2005 HMC: PROPERLY REPAIR OR REPLACE THE BROKEN OR DEFECTIVE RADIATOR CRACKED AND CORRODED IN THE 1st ROOM FROM NORTH AT WEST LOCATED AT APT 2C, 2nd STORY, 1st APARTMENT FROM SOUTH AT WEST",2025-02-20,19.0,VIOLATION CLOSED,03/29/2025,Original,Close,N,2025,2025.0
SAMUEL (CITY),MANHATTAN,664,9/26/24,2449 A C POWELL BOULEVARD,2449.0,ADAM C POWELL BOULEVARD,2449 ADAM C POWELL BOULEVARD,17704400,3600,144878.0,1,2449,2449,2451,ADAM C POWELL BOULEVARD,C,2025-02-19,2025-02-19,03/11/2025,03/06/2025,,,,530.0,9635242.0,"§ 27-2005, 27-2007, 27-2041.1 HMC, §238, § 309; § 107 (2) ( C) MDL AND 28 RCNY §25-171: REPLACE OR REPAIR THE SELF-CLOSING DOORS THAT IS MISSING OR DEFECTIVE LATCH SET AT BUILDING ENTRANCE DOOR , 1st STORY",2025-02-20,19.0,VIOLATION CLOSED,03/29/2025,Original,Close,N,2025,2025.0
SAMUEL (CITY),MANHATTAN,664,9/26/24,2449 A C POWELL BOULEVARD,2449.0,ADAM C POWELL BOULEVARD,2449 ADAM C POWELL BOULEVARD,2338316,3600,144878.0,1,2449,2449,2451,ADAM C POWELL BOULEVARD,A,1998-02-13,1998-02-13,12/28/2007,12/14/2007,,,,506.0,3093226.0,"§ 27-2005 ADM CODE REPLACE WITH NEW THE MISSING OUTLET COVER WALL EAST ROOM 4 STY EAST APT 4B. , SECTION '' ''",2007-09-10,2.0,NOV SENT OUT,09/10/2007,Reissued,Open,N,1998,2007.0
SAMUEL (CITY),MANHATTAN,664,9/26/24,2449 A C POWELL BOULEVARD,2449.0,ADAM C POWELL BOULEVARD,2449 ADAM C POWELL BOULEVARD,17565526,3600,144878.0,1,2449,2449,2451,ADAM C POWELL BOULEVARD,C,2024-12-19,2024-12-19,01/20/2025,01/15/2025,,,,567.0,9544656.0,HMC ADM CODE: § 27-2017.4 ABATE THE INFESTATION CONSISTING OF RODENTS RATS AT CELLAR,2024-12-20,2.0,NOV SENT OUT,12/20/2024,Original,Open,Y,2024,2024.0
SAMUEL (CITY),MANHATTAN,664,9/26/24,2449 A C POWELL BOULEVARD,2449.0,ADAM C POWELL BOULEVARD,2449 ADAM C POWELL BOULEVARD,17590242,3600,144878.0,1,2449,2449,2451,ADAM C POWELL BOULEVARD,B,2025-01-02,2025-01-03,02/24/2025,02/10/2025,,,,508.0,9563351.0,"§ 27-2005 ADM CODE REPAIR THE BROKEN OR DEFECTIVE PLASTERED SURFACES AND PAINT IN A UNIFORM COLOR AT CEILING IN THE 3rd ROOM FROM EAST LOCATED AT APT 2C, 2nd STORY, 1st APARTMENT FROM SOUTH AT WEST",2025-01-06,2.0,NOV SENT OUT,01/06/2025,Original,Open,N,2025,2025.0
SAMUEL (CITY),MANHATTAN,664,9/26/24,2449 A C POWELL BOULEVARD,2449.0,ADAM C POWELL BOULEVARD,2449 ADAM C POWELL BOULEVARD,17843094,3600,144878.0,1,2449,2449,2451,ADAM C POWELL BOULEVARD,B,2025-04-17,2025-04-18,06/09/2025,05/26/2025,,,,501.0,9721418.0,"§ 27-2005 HMC: PROPERLY REPAIR OR REPLACE THE BROKEN OR DEFECTIVE LATCH SET AT BUILDING VESTIBULE DOOR AT PUBLIC HALL, 1st STORY",2025-04-21,2.0,NOV SENT OUT,04/21/2025,Original,Open,N,2025,2025.0
SAMUEL (CITY),MANHATTAN,664,9/26/24,2449 A C POWELL BOULEVARD,2449.0,ADAM C POWELL BOULEVARD,2449 ADAM C POWELL BOULEVARD,17733411,3600,144878.0,1,2449,2449,2451,ADAM C POWELL BOULEVARD,A,2025-03-03,2025-03-03,06/21/2025,06/07/2025,,,,550.0,9653008.0,"§ 27-2017.3 HMC: TRACE AND REPAIR THE SOURCE AND ABATE THE VISIBLE MOLD CONDITION... LESS THAN 10 SQUARE FEET IN CLOSET AT NORTH WALL IN THE PRIVATE HALLWAY LOCATED AT APT 2C, 2nd STORY, 1st APARTMENT FROM SOUTH AT WEST",2025-03-04,19.0,VIOLATION CLOSED,07/02/2025,Original,Close,N,2025,2025.0
SAMUEL (CITY),MANHATTAN,664,9/26/24,2449 A C POWELL BOULEVARD,2449.0,ADAM C POWELL BOULEVARD,2449 ADAM C POWELL BOULEVARD,17704392,3600,144878.0,1,2449,2449,2451,ADAM C POWELL BOULEVARD,B,2025-02-19,2025-02-19,04/10/2025,03/27/2025,,,,508.0,9635239.0,"§ 27-2005 ADM CODE REPAIR THE BROKEN OR DEFECTIVE PLASTERED SURFACES AND PAINT IN A UNIFORM COLOR ALL WALLS AND CEILING IN THE 1st ROOM FROM NORTH AT WEST LOCATED AT APT 2C, 2nd STORY, 1st APARTMENT FROM SOUTH AT WEST",2025-02-20,2.0,NOV SENT OUT,02/20/2025,Original,Open,N,2025,2025.0
SAMUEL (CITY),MANHATTAN,664,9/26/24,2449 A C POWELL BOULEVARD,2449.0,ADAM C POWELL BOULEVARD,2449 ADAM C POWELL BOULEVARD,17704394,3600,144878.0,1,2449,2449,2451,ADAM C POWELL BOULEVARD,A,2025-02-19,2025-02-19,06/09/2025,05/26/2025,,,,550.0,9635238.0,"§ 27-2017.3 HMC: TRACE AND REPAIR THE SOURCE AND ABATE THE VISIBLE MOLD CONDITION... LESS THAN 10 SQUARE FEET AT CLOSET AT NORTH WALL IN THE PRIVATE HALLWAY LOCATED AT APT 2C, 2nd STORY, 1st APARTMENT FROM SOUTH AT WEST",2025-02-20,19.0,VIOLATION CLOSED,06/20/2025,Original,Close,N,2025,2025.0
SAMUEL (CITY),MANHATTAN,664,9/26/24,2449 A C POWELL BOULEVARD,2449.0,ADAM C POWELL BOULEVARD,2449 ADAM C POWELL BOULEVARD,17704397,3600,144878.0,1,2449,2449,2451,ADAM C POWELL BOULEVARD,C,2025-02-19,2025-02-19,03/04/2025,02/20/2025,,,,666.0,9635085.0,"§ 27-2029 ADM CODE PROVIDE AN ADEQUATE SUPPLY OF HEAT FOR THE APARTMENT IN THE ENTIRE APARTMENT LOCATED AT APT 2C, 2nd STORY, 1st APARTMENT FROM SOUTH AT WEST",2025-02-20,19.0,VIOLATION CLOSED,03/17/2025,Original,Close,Y,2025,2025.0
SAMUEL (CITY),MANHATTAN,664,9/26/24,2449 A C POWELL BOULEVARD,2449.0,ADAM C POWELL BOULEVARD,2449 ADAM C POWELL BOULEVARD,17704398,3600,144878.0,1,2449,2449,2451,ADAM C POWELL BOULEVARD,C,2025-02-19,2025-02-19,03/04/2025,02/20/2025,,,,670.0,9635085.0,"§ 27-2031 ADM CODE PROVIDE HOT WATER AT ALL HOT WATER FIXTURES IN THE ENTIRE APARTMENT LOCATED AT APT 2C, 2nd STORY, 1st APARTMENT FROM SOUTH AT WEST",2025-02-20,2.0,NOV SENT OUT,02/20/2025,Original,Open,Y,2025,2025.0
SAMUEL (CITY),MANHATTAN,664,9/26/24,2449 A C POWELL BOULEVARD,2449.0,ADAM C POWELL BOULEVARD,2449 ADAM C POWELL BOULEVARD,17531727,3600,144878.0,1,2449,2449,2451,ADAM C POWELL BOULEVARD,C,2024-12-07,2024-12-07,12/22/2024,12/15/2024,,,,671.0,9525274.0,"§ 27-2033 ADM CODE POST NOTICE, IN FORM APPROVED BY THE DEPARTMENT, STATING THE NAME AND LOCATION OF THE PERSON DESIGNATED BY THE OWNER TO HAVE KEY TO BUILDINGS HEATING SYSTEM AT PUBLIC HALL, 1st STORY",2024-12-09,2.0,NOV SENT OUT,12/09/2024,Original,Open,N,2024,2024.0
SAMUEL (CITY),MANHATTAN,664,9/26/24,2449 A C POWELL BOULEVARD,2449.0,ADAM C POWELL BOULEVARD,2449 ADAM C POWELL BOULEVARD,17508082,3600,144878.0,1,2449,2449,2451,ADAM C POWELL BOULEVARD,C,2024-12-04,2024-12-04,12/17/2024,12/05/2024,,,,666.0,9514242.0,"§ 27-2029 ADM CODE PROVIDE AN ADEQUATE SUPPLY OF HEAT FOR THE APARTMENT IN THE ENTIRE APARTMENT LOCATED AT APT 2C, 2nd STORY, 1st APARTMENT FROM SOUTH AT WEST",2024-12-05,19.0,VIOLATION CLOSED,03/06/2025,Original,Close,Y,2024,2024.0
SAMUEL (CITY),MANHATTAN,664,9/26/24,2449 A C POWELL BOULEVARD,2449.0,ADAM C POWELL BOULEVARD,2449 ADAM C POWELL BOULEVARD,17590240,3600,144878.0,1,2449,2449,2451,ADAM C POWELL BOULEVARD,B,2025-01-02,2025-01-03,02/24/2025,02/10/2025,,,,508.0,9563351.0,"§ 27-2005 ADM CODE REPAIR THE BROKEN OR DEFECTIVE PLASTERED SURFACES AND PAINT IN A UNIFORM COLOR AT CEILING AND EAST WALL IN THE PRIVATE HALLWAY LOCATED AT APT 2C, 2nd STORY, 1st APARTMENT FROM SOUTH AT WEST",2025-01-06,2.0,NOV SENT OUT,01/06/2025,Original,Open,N,2025,2025.0
SAMUEL (CITY),MANHATTAN,664,9/26/24,2449 A C POWELL BOULEVARD,2449.0,ADAM C POWELL BOULEVARD,2449 ADAM C POWELL BOULEVARD,17590241,3600,144878.0,1,2449,2449,2451,ADAM C POWELL BOULEVARD,A,2025-01-02,2025-01-03,04/25/2025,04/11/2025,,,,550.0,9563350.0,"§ 27-2017.3 HMC: TRACE AND REPAIR THE SOURCE AND ABATE THE VISIBLE MOLD CONDITION... LESS THAN 10 SQ FT AT EAST CLOSET WALLS IN THE 1st ROOM FROM EAST LOCATED AT APT 2C, 2nd STORY, 1st APARTMENT FROM SOUTH AT WEST",2025-01-06,19.0,VIOLATION CLOSED,05/06/2025,Original,Close,N,2025,2025.0
SAMUEL (CITY),MANHATTAN,664,9/26/24,2449 A C POWELL BOULEVARD,2449.0,ADAM C POWELL BOULEVARD,2449 ADAM C POWELL BOULEVARD,17681117,3600,144878.0,1,2449,2449,2451,ADAM C POWELL BOULEVARD,C,2025-02-08,2025-02-08,02/23/2025,02/16/2025,,,,672.0,9619353.0,§ 27-2033 ADM CODE PROVIDE READY ACCESS TO BUILDINGS HEATING SYSTEM DOOR LEADING TO BOILER ROOM IN CELLAR LOCKED,2025-02-10,2.0,NOV SENT OUT,02/10/2025,Original,Open,N,2025,2025.0
SAMUEL (CITY),MANHATTAN,664,9/26/24,2449 A C POWELL BOULEVARD,2449.0,ADAM C POWELL BOULEVARD,2449 ADAM C POWELL BOULEVARD,17704396,3600,144878.0,1,2449,2449,2451,ADAM C POWELL BOULEVARD,B,2025-02-19,2025-02-19,04/10/2025,03/27/2025,,,,566.0,9635239.0,"566 (B) 27-2021.4 HMC: ABATE THE NUISANCE CONSISTING OF PESTS. EVIDENCE OF MAGGETS IN THE ENTIRE APARTMENT LOCATED AT APT 2C, 2nd STORY, 1st APARTMENT FROM SOUTH AT WEST",2025-02-20,2.0,NOV SENT OUT,02/20/2025,Original,Open,N,2025,2025.0
SAMUEL (CITY),MANHATTAN,664,9/26/24,2449 A C POWELL BOULEVARD,2449.0,ADAM C POWELL BOULEVARD,2449 ADAM C POWELL BOULEVARD,17704399,3600,144878.0,1,2449,2449,2451,ADAM C POWELL BOULEVARD,C,2025-02-19,2025-02-19,03/05/2025,02/26/2025,,,,672.0,9635240.0,§ 27-2033 ADM CODE PROVIDE READY ACCESS TO BUILDINGS HEATING SYSTEM DOOR LOCKED AT CELLAR,2025-02-20,2.0,NOV SENT OUT,02/20/2025,Original,Open,N,2025,2025.0
SAMUEL (CITY),MANHATTAN,664,9/26/24,2449 A C POWELL BOULEVARD,2449.0,ADAM C POWELL BOULEVARD,2449 ADAM C POWELL BOULEVARD,17733407,3600,144878.0,1,2449,2449,2451,ADAM C POWELL BOULEVARD,C,2025-03-03,2025-03-03,03/16/2025,03/04/2025,,,,670.0,9652899.0,"§ 27-2031 ADM CODE PROVIDE HOT WATER AT ALL HOT WATER FIXTURES IN THE ENTIRE APARTMENT LOCATED AT APT 2C, 2nd STORY, 1st APARTMENT FROM SOUTH AT WEST",2025-03-04,19.0,VIOLATION CLOSED,03/27/2025,Original,Close,Y,2025,2025.0
SAMUEL (CITY),MANHATTAN,664,9/26/24,2449 A C POWELL BOULEVARD,2449.0,ADAM C POWELL BOULEVARD,2449 ADAM C POWELL BOULEVARD,17733408,3600,144878.0,1,2449,2449,2451,ADAM C POWELL BOULEVARD,C,2025-03-03,2025-03-03,03/16/2025,03/04/2025,,,,666.0,9652899.0,"§ 27-2029 ADM CODE PROVIDE AN ADEQUATE SUPPLY OF HEAT FOR THE APARTMENT IN THE ENTIRE APARTMENT LOCATED AT APT 2C, 2nd STORY, 1st APARTMENT FROM SOUTH AT WEST",2025-03-04,19.0,VIOLATION CLOSED,03/27/2025,Original,Close,Y,2025,2025.0
SAMUEL (CITY),MANHATTAN,664,9/26/24,2449 A C POWELL BOULEVARD,2449.0,ADAM C POWELL BOULEVARD,2449 ADAM C POWELL BOULEVARD,17790597,3600,144878.0,1,2449,2449,2451,ADAM C POWELL BOULEVARD,C,2025-03-28,2025-03-29,04/10/2025,03/29/2025,,,04/03/2025,670.0,9690977.0,"§ 27-2031 ADM CODE PROVIDE HOT WATER AT ALL HOT WATER FIXTURES IN THE 2nd ROOM FROM NORTH LOCATED AT APT 2C, 2nd STORY, 1st APARTMENT FROM WEST AT NORTH",2025-03-31,19.0,VIOLATION CLOSED,04/21/2025,Original,Close,Y,2025,2025.0
SAMUEL (CITY),MANHATTAN,664,9/26/24,2449 A C POWELL BOULEVARD,2449.0,ADAM C POWELL BOULEVARD,2449 ADAM C POWELL BOULEVARD,17790599,3600,144878.0,1,2449,2449,2451,ADAM C POWELL BOULEVARD,C,2025-03-28,2025-03-29,04/10/2025,03/29/2025,,,04/03/2025,670.0,9690977.0,"§ 27-2031 ADM CODE PROVIDE HOT WATER AT ALL HOT WATER FIXTURES IN THE 1st ROOM FROM NORTH LOCATED AT APT 2A, 2nd STORY, 1st APARTMENT FROM EAST AT SOUTH",2025-03-31,19.0,VIOLATION CLOSED,04/21/2025,Original,Close,Y,2025,2025.0
SAMUEL (CITY),MANHATTAN,664,9/26/24,2449 A C POWELL BOULEVARD,2449.0,ADAM C POWELL BOULEVARD,2449 ADAM C POWELL BOULEVARD,17828108,3600,144878.0,1,2449,2449,2451,ADAM C POWELL BOULEVARD,A,2025-04-15,2025-04-15,08/03/2025,07/20/2025,,,07/17/2025,506.0,9715697.0,"§ 27-2005 ADM CODE REPLACE WITH NEW THE MISSING LIGHT FIXTURE AT CEILING IN THE 5th ROOM FROM NORTH LOCATED AT APT 2C, 2nd STORY, 1st APARTMENT FROM SOUTH AT WEST",2025-04-16,9.0,VIOLATION DISMISSED,09/29/2025,Original,Close,N,2025,2025.0
SAMUEL (CITY),MANHATTAN,664,9/26/24,2449 A C POWELL BOULEVARD,2449.0,ADAM C POWELL BOULEVARD,2449 ADAM C POWELL BOULEVARD,17828109,3600,144878.0,1,2449,2449,2451,ADAM C POWELL BOULEVARD,C,2025-04-15,2025-04-15,05/17/2025,05/12/2025,,,05/16/2025,569.0,9715700.0,"HMC ADM CODE: § 27-2017.4 ABATE THE INFESTATION CONSISTING OF MICE IN THE ENTIRE APARTMENT LOCATED AT APT 2C, 2nd STORY, 1st APARTMENT FROM SOUTH AT WEST",2025-04-16,9.0,VIOLATION DISMISSED,07/28/2025,Original,Close,N,2025,2025.0
SAMUEL (CITY),MANHATTAN,664,9/26/24,2449 A C POWELL BOULEVARD,2449.0,ADAM C POWELL BOULEVARD,2449 ADAM C POWELL BOULEVARD,17843091,3600,144878.0,1,2449,2449,2451,ADAM C POWELL BOULEVARD,C,2025-04-17,2025-04-18,05/10/2025,05/05/2025,,,05/09/2025,530.0,9721419.0,"§ 27-2005, 27-2007, 27-2041.1 HMC, §238, § 309; § 107 (2) ( C) MDL AND 28 RCNY §25-171: REPLACE OR REPAIR THE SELF-CLOSING DOORS THAT IS MISSING OR DEFECTIVE LATCH SET AT BUILDING ENTRANCE DOOR AT PUBLIC HALL, 1st STORY",2025-04-21,19.0,VIOLATION CLOSED,06/10/2025,Original,Close,N,2025,2025.0
SAMUEL (CITY),MANHATTAN,664,9/26/24,2449 A C POWELL BOULEVARD,2449.0,ADAM C POWELL BOULEVARD,2449 ADAM C POWELL BOULEVARD,17843093,3600,144878.0,1,2449,2449,2451,ADAM C POWELL BOULEVARD,C,2025-04-17,2025-04-18,05/10/2025,05/05/2025,,,05/09/2025,530.0,9721419.0,"§ 27-2005, 27-2007, 27-2041.1 HMC, §238, § 309; § 107 (2) ( C) MDL AND 28 RCNY §25-171: REPLACE OR REPAIR THE SELF-CLOSING DOORS THAT IS MISSING OR DEFECTIVE LATCH SET AT BUILDING VESTIBULE DOOR AT PUBLIC HALL, 1st STORY",2025-04-21,19.0,VIOLATION CLOSED,06/10/2025,Original,Close,N,2025,2025.0
SAMUEL (CITY),MANHATTAN,664,9/26/24,2449 A C POWELL BOULEVARD,2449.0,ADAM C POWELL BOULEVARD,2449 ADAM C POWELL BOULEVARD,17846148,3600,144878.0,1,2449,2449,2451,ADAM C POWELL BOULEVARD,C,2025-04-23,2025-04-23,05/06/2025,04/24/2025,,,,670.0,9726749.0,"§ 27-2031 ADM CODE PROVIDE HOT WATER AT ALL HOT WATER FIXTURES IN THE ENTIRE APARTMENT LOCATED AT APT 2C, 2nd STORY, 1st APARTMENT FROM SOUTH AT WEST",2025-04-24,2.0,NOV SENT OUT,04/24/2025,Original,Open,Y,2025,2025.0
SAMUEL (CITY),MANHATTAN,664,9/26/24,2449 A C POWELL BOULEVARD,2449.0,ADAM C POWELL BOULEVARD,2449 ADAM C POWELL BOULEVARD,18197396,3600,144878.0,1,2449,2449,2451,ADAM C POWELL BOULEVARD,B,2025-08-30,2025-08-31,10/21/2025,10/07/2025,,,,579.0,9972981.0,"§ 27-2026 ADM CODE REPAIR THE LEAKY AND/OR DEFECTIVE FAUCETS AT BATHTUB IN THE BATHROOM LOCATED AT APT 2C, 2nd STORY, 1st APARTMENT FROM EAST AT SOUTH",2025-09-02,2.0,NOV SENT OUT,09/02/2025,Original,Open,N,2025,2025.0
SAMUEL (CITY),MANHATTAN,664,9/26/24,2449 A C POWELL BOULEVARD,2449.0,ADAM C POWELL BOULEVARD,2449 ADAM C POWELL BOULEVARD,18197397,3600,144878.0,1,2449,2449,2451,ADAM C POWELL BOULEVARD,B,2025-08-30,2025-08-31,10/21/2025,10/07/2025,,,,508.0,9972981.0,"§ 27-2005 ADM CODE REPAIR THE BROKEN OR DEFECTIVE PLASTERED SURFACES AND PAINT IN A UNIFORM COLOR CEILING AND NORTH WALL IN THE BATHROOM LOCATED AT APT 2C, 2nd STORY, 1st APARTMENT FROM EAST AT SOUTH",2025-09-02,2.0,NOV SENT OUT,09/02/2025,Original,Open,N,2025,2025.0
SAMUEL (CITY),MANHATTAN,664,9/26/24,2449 A C POWELL BOULEVARD,2449.0,ADAM C POWELL BOULEVARD,2449 ADAM C POWELL BOULEVARD,18197399,3600,144878.0,1,2449,2449,2451,ADAM C POWELL BOULEVARD,C,2025-08-30,2025-08-31,10/03/2025,09/28/2025,,,09/30/2025,568.0,9972982.0,"HMC ADM CODE: § 27-2017.4 ABATE THE INFESTATION CONSISTING OF ROACHES IN THE ENTIRE APARTMENT LOCATED AT APT 2C, 2nd STORY, 1st APARTMENT FROM EAST AT SOUTH",2025-09-02,10.0,CIV14 MAILED,10/02/2025,Original,Open,N,2025,2025.0
SAMUEL (CITY),MANHATTAN,664,9/26/24,2449 A C POWELL BOULEVARD,2449.0,ADAM C POWELL BOULEVARD,2449 ADAM C POWELL BOULEVARD,18197400,3600,144878.0,1,2449,2449,2451,ADAM C POWELL BOULEVARD,B,2025-08-30,2025-08-31,10/21/2025,10/07/2025,,,,583.0,9972981.0,"§ 27-2026, 2027 HMC: PROPERLY REPAIR THE SOURCE AND ABATE THE EVIDENCE OF A WATER LEAK AT CEILING IN THE BATHROOM LOCATED AT APT 2C, 2nd STORY, 1st APARTMENT FROM EAST AT SOUTH",2025-09-02,2.0,NOV SENT OUT,09/02/2025,Original,Open,N,2025,2025.0
SAMUEL (CITY),MANHATTAN,664,9/26/24,2449 A C POWELL BOULEVARD,2449.0,ADAM C POWELL BOULEVARD,2449 ADAM C POWELL BOULEVARD,18197401,3600,144878.0,1,2449,2449,2451,ADAM C POWELL BOULEVARD,B,2025-08-30,2025-08-31,10/21/2025,10/07/2025,,,,501.0,9972981.0,"§ 27-2005 HMC: PROPERLY REPAIR OR REPLACE THE BROKEN OR DEFECTIVE LIGHT FIXTURE AT CEILING IN THE PRIVATE HALLWAY LOCATED AT APT 2C, 2nd STORY, 1st APARTMENT FROM EAST AT SOUTH",2025-09-02,2.0,NOV SENT OUT,09/02/2025,Original,Open,N,2025,2025.0
SAMUEL (CITY),MANHATTAN,664,9/26/24,2449 A C POWELL BOULEVARD,2449.0,ADAM C POWELL BOULEVARD,2449 ADAM C POWELL BOULEVARD,18197403,3600,144878.0,1,2449,2449,2451,ADAM C POWELL BOULEVARD,A,2025-08-30,2025-08-31,12/20/2025,12/06/2025,,,,561.0,9972978.0,§ 27-2014 ADM CODE AND DEPT. RULES AND REGULATIONS. SCRAPE AND REMOVE RUST SCALES AND PAINT WITH 2 COATS OF PAINT ALL COMPONENTS AT ALL STORY BALCONIES AT FIRE ESCAPE AT BUILDING FRONT,2025-09-02,2.0,NOV SENT OUT,09/02/2025,Original,Open,N,2025,2025.0
SAMUEL (CITY),MANHATTAN,664,9/26/24,2449 A C POWELL BOULEVARD,2449.0,ADAM C POWELL BOULEVARD,2449 ADAM C POWELL BOULEVARD,2338312,3600,144878.0,1,2449,2449,2451,ADAM C POWELL BOULEVARD,C,1981-07-13,1978-11-06,09/21/2007,09/16/2007,,,,552.0,3093228.0,"D26-11.01, 11.03, 11.05 ADM CODE REMOVE THE ACCUMULATION OF REFUSE AND/OR RUBBISH AND MAINTAIN IN A CLEAN CONDITION THE CENTER COURT ER1.",2007-09-10,2.0,NOV SENT OUT,09/10/2007,Reissued,Open,N,1981,2007.0
SAMUEL (CITY),MANHATTAN,664,9/26/24,2449 A C POWELL BOULEVARD,2449.0,ADAM C POWELL BOULEVARD,2449 ADAM C POWELL BOULEVARD,2338313,3600,144878.0,1,2449,2449,2451,ADAM C POWELL BOULEVARD,B,1998-01-23,1998-01-23,10/29/2007,10/15/2007,,,,768.0,3093227.0,"§ 27-2089 ADM CODE THE PREMISES FORMERLY A VACANT BUILDING ARE NOW OCCUPIED BY OTHER THAN A CARETAKER WITHOUT OBTAINING A CERTIFICATE OF OCCUPANCY 4 STY EAST APT 4B , SECTION '' ''",2007-09-10,22.0,FIRST NO ACCESS TO RE- INSPECT VIOLATION,04/16/2009,Reissued,Open,Y,1998,2007.0
SAMUEL (CITY),MANHATTAN,664,9/26/24,2449 A C POWELL BOULEVARD,2449.0,ADAM C POWELL BOULEVARD,2449 ADAM C POWELL BOULEVARD,17846147,3600,144878.0,1,2449,2449,2451,ADAM C POWELL BOULEVARD,C,2025-04-23,2025-04-23,05/07/2025,04/30/2025,,,05/02/2025,672.0,9726801.0,§ 27-2033 ADM CODE PROVIDE READY ACCESS TO BUILDINGS HEATING SYSTEM DOOR LOCKED AT BOILER ROOM,2025-04-24,21.0,NOT COMPLIED WITH,06/08/2025,Original,Open,N,2025,2025.0
SAMUEL (CITY),MANHATTAN,664,9/26/24,2449 A C POWELL BOULEVARD,2449.0,ADAM C POWELL BOULEVARD,2449 ADAM C POWELL BOULEVARD,17916983,3600,144878.0,1,2449,2449,2451,ADAM C POWELL BOULEVARD,C,2025-05-26,2025-05-26,06/15/2025,06/10/2025,,,06/13/2025,530.0,9770476.0,"§ 27-2005, 27-2007, 27-2041.1 HMC, §238, § 309; § 107 (2) ( C) MDL AND 28 RCNY §25-171: REPLACE OR REPAIR THE SELF-CLOSING DOORS THAT IS MISSING OR DEFECTIVE LATCH SET AT HOPPER CHUTE DOOR AT PUBLIC HALL, 3rd STORY",2025-05-27,9.0,VIOLATION DISMISSED,08/25/2025,Original,Close,N,2025,2025.0
SAMUEL (CITY),MANHATTAN,664,9/26/24,2449 A C POWELL BOULEVARD,2449.0,ADAM C POWELL BOULEVARD,2449 ADAM C POWELL BOULEVARD,18197406,3600,144878.0,1,2449,2449,2451,ADAM C POWELL BOULEVARD,A,2025-08-30,2025-08-31,12/20/2025,12/06/2025,,,,554.0,9972979.0,"§ 27-2005 ADM CODE PAINT METAL IN ACCORDANCE WITH DEPT. REGULATION ALL COMPONENTS AT PUBLIC HALL STAIRS, 2nd STORY",2025-09-02,2.0,NOV SENT OUT,09/02/2025,Original,Open,N,2025,2025.0
SAMUEL (CITY),MANHATTAN,664,9/26/24,2449 A C POWELL BOULEVARD,2449.0,ADAM C POWELL BOULEVARD,2449 ADAM C POWELL BOULEVARD,17843092,3600,144878.0,1,2449,2449,2451,ADAM C POWELL BOULEVARD,B,2025-04-17,2025-04-18,06/09/2025,05/26/2025,,,,501.0,9721418.0,"§ 27-2005 HMC: PROPERLY REPAIR OR REPLACE THE BROKEN OR DEFECTIVE LATCH SET AT BUILDING EMTRANCE DOOR AT PUBLIC HALL, 1st STORY",2025-04-21,2.0,NOV SENT OUT,04/21/2025,Original,Open,N,2025,2025.0
SAMUEL (CITY),MANHATTAN,664,9/26/24,2449 A C POWELL BOULEVARD,2449.0,ADAM C POWELL BOULEVARD,2449 ADAM C POWELL BOULEVARD,17662739,3600,144878.0,1,2449,2449,2451,ADAM C POWELL BOULEVARD,B,2025-01-30,2025-01-31,03/24/2025,03/10/2025,,,,502.0,9608639.0,"§ 27-2005 ADM CODE PROPERLY REPAIR WITH SIMILAR MATERIAL THE BROKEN OR DEFECTIVE FIRE RETARDANT MATERIAL AT WEST WALL OF INTERMEDIATE LANDING AT PUBLIC HALL STAIRS, 1st STORY",2025-02-03,28.0,INVALID CERTIFICATION,03/24/2025,Original,Open,N,2025,2025.0
SAMUEL (CITY),MANHATTAN,664,9/26/24,2449 A C POWELL BOULEVARD,2449.0,ADAM C POWELL BOULEVARD,2449 ADAM C POWELL BOULEVARD,18197407,3600,144878.0,1,2449,2449,2451,ADAM C POWELL BOULEVARD,A,2025-08-30,2025-08-31,12/20/2025,12/06/2025,,,,554.0,9972980.0,"§ 27-2005 ADM CODE PAINT METAL IN ACCORDANCE WITH DEPT. REGULATION ALL STAIR COMPONENTS AT PUBLIC HALL STAIRS, 1st STORY",2025-09-02,2.0,NOV SENT OUT,09/02/2025,Original,Open,N,2025,2025.0
SAMUEL (CITY),MANHATTAN,664,9/26/24,2449 A C POWELL BOULEVARD,2449.0,ADAM C POWELL BOULEVARD,2449 ADAM C POWELL BOULEVARD,18197405,3600,144878.0,1,2449,2449,2451,ADAM C POWELL BOULEVARD,C,2025-08-30,2025-08-31,09/21/2025,09/16/2025,,,09/19/2025,530.0,9972985.0,"§ 27-2005, 27-2007, 27-2041.1 HMC, §238, § 309; § 107 (2) ( C) MDL AND 28 RCNY §25-171: REPLACE OR REPAIR THE SELF-CLOSING DOORS THAT IS MISSING OR DEFECTIVE LATCH SET AT BUILDING ENTRANCE DOOR",2025-09-02,19.0,VIOLATION CLOSED,09/28/2025,Original,Close,N,2025,2025.0
SAMUEL (CITY),MANHATTAN,664,9/26/24,2449 A C POWELL BOULEVARD,2449.0,ADAM C POWELL BOULEVARD,2449 ADAM C POWELL BOULEVARD,17662740,3600,144878.0,1,2449,2449,2451,ADAM C POWELL BOULEVARD,C,2025-01-30,2025-01-30,02/12/2025,01/31/2025,,,,666.0,9606828.0,"§ 27-2029 ADM CODE PROVIDE AN ADEQUATE SUPPLY OF HEAT FOR THE APARTMENT IN THE ENTIRE APARTMENT LOCATED AT APT 2C, 2nd STORY, 1st APARTMENT FROM SOUTH AT WEST",2025-01-31,19.0,VIOLATION CLOSED,03/06/2025,Original,Close,Y,2025,2025.0
SAMUEL (CITY),MANHATTAN,664,9/26/24,2449 A C POWELL BOULEVARD,2449.0,ADAM C POWELL BOULEVARD,2449 ADAM C POWELL BOULEVARD,17662741,3600,144878.0,1,2449,2449,2451,ADAM C POWELL BOULEVARD,C,2025-01-30,2025-01-30,02/12/2025,01/31/2025,,,,670.0,9606828.0,"§ 27-2031 ADM CODE PROVIDE HOT WATER AT ALL HOT WATER FIXTURES IN THE ENTIRE APARTMENT LOCATED AT APT 2C, 2nd STORY, 1st APARTMENT FROM SOUTH AT WEST",2025-01-31,19.0,VIOLATION CLOSED,03/06/2025,Original,Close,Y,2025,2025.0
SAMUEL (CITY),MANHATTAN,664,9/26/24,2449 A C POWELL BOULEVARD,2449.0,ADAM C POWELL BOULEVARD,2449 ADAM C POWELL BOULEVARD,17681116,3600,144878.0,1,2449,2449,2451,ADAM C POWELL BOULEVARD,C,2025-02-08,2025-02-08,02/21/2025,02/09/2025,,,,670.0,9619191.0,"§ 27-2031 ADM CODE PROVIDE HOT WATER AT ALL HOT WATER FIXTURES IN THE ENTIRE APARTMENT LOCATED AT APT 2C, 2nd STORY, 1st APARTMENT FROM SOUTH AT WEST",2025-02-10,19.0,VIOLATION CLOSED,03/06/2025,Original,Close,Y,2025,2025.0
SAMUEL (CITY),MANHATTAN,664,9/26/24,2449 A C POWELL BOULEVARD,2449.0,ADAM C POWELL BOULEVARD,2449 ADAM C POWELL BOULEVARD,17704393,3600,144878.0,1,2449,2449,2451,ADAM C POWELL BOULEVARD,A,2025-02-19,2025-02-19,06/09/2025,05/26/2025,,,,550.0,9635238.0,"§ 27-2017.3 HMC: TRACE AND REPAIR THE SOURCE AND ABATE THE VISIBLE MOLD CONDITION... LESS THAN 10 SQUARE FEET AT WEST WALL IN THE 4th ROOM FROM NORTH LOCATED AT APT 2C, 2nd STORY, 1st APARTMENT FROM SOUTH AT WEST",2025-02-20,19.0,VIOLATION CLOSED,06/20/2025,Original,Close,N,2025,2025.0
SAMUEL (CITY),MANHATTAN,664,9/26/24,2449 A C POWELL BOULEVARD,2449.0,ADAM C POWELL BOULEVARD,2449 ADAM C POWELL BOULEVARD,17704395,3600,144878.0,1,2449,2449,2451,ADAM C POWELL BOULEVARD,C,2025-02-19,2025-02-19,03/23/2025,03/18/2025,,,,569.0,9635241.0,"HMC ADM CODE: § 27-2017.4 ABATE THE INFESTATION CONSISTING OF MICE IN THE ENTIRE APARTMENT LOCATED AT APT 2C, 2nd STORY, 1st APARTMENT FROM SOUTH AT WEST",2025-02-20,47.0,NOTICE OF ISSUANCE SENT TO TENANT,02/20/2025,Original,Open,N,2025,2025.0
SAMUEL (CITY),MANHATTAN,664,9/26/24,2449 A C POWELL BOULEVARD,2449.0,ADAM C POWELL BOULEVARD,2449 ADAM C POWELL BOULEVARD,17828107,3600,144878.0,1,2449,2449,2451,ADAM C POWELL BOULEVARD,B,2025-04-15,2025-04-15,06/04/2025,05/21/2025,,,,550.0,9715699.0,"§ 27-2017.3 HMC: TRACE AND REPAIR THE SOURCE AND ABATE THE VISIBLE MOLD CONDITION... GREATER THAN 10 SQUARE FEET AT NORTH, SOUTH AND EAST WALLS INSIDE CLOSET IN THE 5th ROOM FROM NORTH LOCATED AT APT 2C, 2nd STORY, 1st APARTMENT FROM SOUTH AT WEST",2025-04-16,20.0,DEFECT LETTER ISSUED,06/21/2025,Original,Open,N,2025,2025.0
SAMUEL (CITY),MANHATTAN,664,9/26/24,2449 A C POWELL BOULEVARD,2449.0,ADAM C POWELL BOULEVARD,2449 ADAM C POWELL BOULEVARD,17949462,3600,144878.0,1,2449,2449,2451,ADAM C POWELL BOULEVARD,A,2025-06-04,2025-06-04,09/21/2025,09/07/2025,,,,1507.0,9783973.0,"(A) § HMC:FILE ANNUAL BEDBUG REPORT IN ACCORDANCE WITH HPD RULE AS DESCRIBED ON THE BACK OF THIS NOTICE OF VIOLATION OR AS DESCRIBED ON HPDS WEBSITE, WWW.NYC.GOV\HPD, SEARCH BED BUGS.",2025-06-04,2.0,NOV SENT OUT,06/04/2025,Original,Open,N,2025,2025.0
SAMUEL (CITY),MANHATTAN,664,9/26/24,2449 A C POWELL BOULEVARD,2449.0,ADAM C POWELL BOULEVARD,2449 ADAM C POWELL BOULEVARD,17733409,3600,144878.0,1,2449,2449,2451,ADAM C POWELL BOULEVARD,C,2025-03-03,2025-03-03,03/17/2025,03/10/2025,,,03/14/2025,672.0,9653010.0,§ 27-2033 ADM CODE PROVIDE READY ACCESS TO BUILDINGS HEATING SYSTEM DOOR LOCKED AT BASEMENT AT BOILER ROOM,2025-03-04,19.0,VIOLATION CLOSED,04/19/2025,Original,Close,N,2025,2025.0
SAMUEL (CITY),MANHATTAN,664,9/26/24,2449 A C POWELL BOULEVARD,2449.0,ADAM C POWELL BOULEVARD,2449 ADAM C POWELL BOULEVARD,17733410,3600,144878.0,1,2449,2449,2451,ADAM C POWELL BOULEVARD,B,2025-03-03,2025-03-03,04/22/2025,04/08/2025,,,,521.0,9653009.0,"§ 27-2005, 2007 ADM CODE FIRE EGRESS DEFECTIVE. REMOVE OBSTRUCTING BARS OR UNLAWFUL GATES FROM WINDOW TO FIRE ESCAPE OR PROVIDE APPROVED TYPE GATE .. IN THE 4th ROOM FROM NORTH LOCATED AT APT 2C, 2nd STORY, 1st APARTMENT FROM SOUTH AT WEST",2025-03-04,28.0,INVALID CERTIFICATION,04/22/2025,Original,Open,N,2025,2025.0
SAMUEL (CITY),MANHATTAN,664,9/26/24,2449 A C POWELL BOULEVARD,2449.0,ADAM C POWELL BOULEVARD,2449 ADAM C POWELL BOULEVARD,17531725,3600,144878.0,1,2449,2449,2451,ADAM C POWELL BOULEVARD,C,2024-12-07,2024-12-07,12/20/2024,12/08/2024,,,,666.0,9524871.0,"§ 27-2029 ADM CODE PROVIDE AN ADEQUATE SUPPLY OF HEAT FOR THE APARTMENT IN THE ENTIRE APARTMENT LOCATED AT APT 4B, 4th STORY, 1st APARTMENT FROM NORTH AT EAST",2024-12-09,19.0,VIOLATION CLOSED,03/06/2025,Original,Close,Y,2024,2024.0
SAMUEL (CITY),MANHATTAN,664,9/26/24,2449 A C POWELL BOULEVARD,2449.0,ADAM C POWELL BOULEVARD,2449 ADAM C POWELL BOULEVARD,17662742,3600,144878.0,1,2449,2449,2451,ADAM C POWELL BOULEVARD,C,2025-01-30,2025-01-30,02/13/2025,02/06/2025,,,,672.0,9606916.0,§ 27-2033 ADM CODE PROVIDE READY ACCESS TO BUILDINGS HEATING SYSTEM BOILER ROOM DOOR LOCKED AT CELLAR,2025-01-31,2.0,NOV SENT OUT,01/31/2025,Original,Open,N,2025,2025.0
SAMUEL (CITY),MANHATTAN,664,9/26/24,2449 A C POWELL BOULEVARD,2449.0,ADAM C POWELL BOULEVARD,2449 ADAM C POWELL BOULEVARD,17662743,3600,144878.0,1,2449,2449,2451,ADAM C POWELL BOULEVARD,C,2025-01-30,2025-01-30,02/13/2025,02/06/2025,,,,671.0,9606915.0,"§ 27-2033 ADM CODE POST NOTICE, IN FORM APPROVED BY THE DEPARTMENT, STATING THE NAME AND LOCATION OF THE PERSON DESIGNATED BY THE OWNER TO HAVE KEY TO BUILDINGS HEATING SYSTEM SIGNAGE MISSING",2025-01-31,2.0,NOV SENT OUT,01/31/2025,Original,Open,N,2025,2025.0
SAMUEL (CITY),MANHATTAN,664,9/26/24,2449 A C POWELL BOULEVARD,2449.0,ADAM C POWELL BOULEVARD,2449 ADAM C POWELL BOULEVARD,17565524,3600,144878.0,1,2449,2449,2451,ADAM C POWELL BOULEVARD,C,2024-12-19,2024-12-19,01/01/2025,12/20/2024,,,,664.0,9544585.0,"§ 27-2028, 2032 ADM CODE PROVIDE AN ADEQUATE SUPPLY OF HEAT FROM AN APPROVED CENTRAL HEATING SYSTEM, OR AN APPROVED SYSTEM OF GAS OR ELECTRICAL HEATING IN GOOD OPERATING CONDITION FOR THE DWELLING UNIT IN THE 3rd ENTIRE APARTMENT FROM EAST LOCATED AT APT 1A, 1st STORY, 1st APARTMENT FROM WEST AT NORTH",2024-12-20,19.0,VIOLATION CLOSED,03/06/2025,Original,Close,N,2024,2024.0
SAMUEL (CITY),MANHATTAN,664,9/26/24,2449 A C POWELL BOULEVARD,2449.0,ADAM C POWELL BOULEVARD,2449 ADAM C POWELL BOULEVARD,17846149,3600,144878.0,1,2449,2449,2451,ADAM C POWELL BOULEVARD,C,2025-04-23,2025-04-23,05/06/2025,04/24/2025,,,05/08/2025,670.0,9726749.0,"§ 27-2031 ADM CODE PROVIDE HOT WATER AT ALL HOT WATER FIXTURES IN THE ENTIRE APARTMENT LOCATED AT APT 3B, 3rd STORY, 1st APARTMENT FROM NORTH AT EAST",2025-04-24,4.0,NOV CERTIFIED LATE,05/08/2025,Original,Open,Y,2025,2025.0
SAMUEL (CITY),MANHATTAN,664,9/26/24,2449 A C POWELL BOULEVARD,2449.0,ADAM C POWELL BOULEVARD,2449 ADAM C POWELL BOULEVARD,17846150,3600,144878.0,1,2449,2449,2451,ADAM C POWELL BOULEVARD,C,2025-04-23,2025-04-23,05/07/2025,04/30/2025,,,05/02/2025,671.0,9726800.0,"§ 27-2033 ADM CODE POST NOTICE, IN FORM APPROVED BY THE DEPARTMENT, STATING THE NAME AND LOCATION OF THE PERSON DESIGNATED BY THE OWNER TO HAVE KEY TO BUILDINGS HEATING SYSTEM ... AT PUBLIC HALL, 1st STORY",2025-04-24,19.0,VIOLATION CLOSED,06/10/2025,Original,Close,N,2025,2025.0
SAMUEL (CITY),MANHATTAN,664,9/26/24,2449 A C POWELL BOULEVARD,2449.0,ADAM C POWELL BOULEVARD,2449 ADAM C POWELL BOULEVARD,17846151,3600,144878.0,1,2449,2449,2451,ADAM C POWELL BOULEVARD,C,2025-04-23,2025-04-23,05/13/2025,05/08/2025,,,,530.0,9726803.0,"§ 27-2005, 27-2007, 27-2041.1 HMC, §238, § 309; § 107 (2) ( C) MDL AND 28 RCNY §25-171: REPLACE OR REPAIR THE SELF-CLOSING DOORS THAT IS MISSING OR DEFECTIVE LATCH SET AT BUILDING FRONT ENTRANCE DOOR",2025-04-24,2.0,NOV SENT OUT,04/24/2025,Original,Open,N,2025,2025.0
SAMUEL (CITY),MANHATTAN,664,9/26/24,2449 A C POWELL BOULEVARD,2449.0,ADAM C POWELL BOULEVARD,2449 ADAM C POWELL BOULEVARD,17846146,3600,144878.0,1,2449,2449,2451,ADAM C POWELL BOULEVARD,C,2025-04-23,2025-04-23,05/25/2025,05/20/2025,,,05/16/2025,569.0,9726802.0,"HMC ADM CODE: § 27-2017.4 ABATE THE INFESTATION CONSISTING OF MICE IN THE ENTIRE APARTMENT LOCATED AT APT 2C, 2nd STORY, 1st APARTMENT FROM SOUTH AT WEST",2025-04-24,9.0,VIOLATION DISMISSED,07/28/2025,Original,Close,N,2025,2025.0
SAMUEL (CITY),MANHATTAN,664,9/26/24,2449 A C POWELL BOULEVARD,2449.0,ADAM C POWELL BOULEVARD,2449 ADAM C POWELL BOULEVARD,17828110,3600,144878.0,1,2449,2449,2451,ADAM C POWELL BOULEVARD,A,2025-04-15,2025-04-15,08/03/2025,07/20/2025,,,07/17/2025,556.0,9715698.0,"§ 27-2013 ADM CODE PAINT WITH LIGHT COLORED PAINT TO THE SATISFACTION OF THIS DEPARTMENT ALL WALLS AND CEILING AT PUBLIC HALL, 1st STORY",2025-04-16,9.0,VIOLATION DISMISSED,09/29/2025,Original,Close,N,2025,2025.0
SAMUEL (CITY),MANHATTAN,664,9/26/24,2449 A C POWELL BOULEVARD,2449.0,ADAM C POWELL BOULEVARD,2449 ADAM C POWELL BOULEVARD,17828111,3600,144878.0,1,2449,2449,2451,ADAM C POWELL BOULEVARD,A,2025-04-15,2025-04-15,08/03/2025,07/20/2025,,,07/17/2025,556.0,9715698.0,"§ 27-2013 ADM CODE PAINT WITH LIGHT COLORED PAINT TO THE SATISFACTION OF THIS DEPARTMENT AT CEILING AND ALL WALLS AT PUBLIC HALL, 2nd STORY",2025-04-16,9.0,VIOLATION DISMISSED,09/29/2025,Original,Close,N,2025,2025.0
SAMUEL (CITY),MANHATTAN,664,9/26/24,2449 A C POWELL BOULEVARD,2449.0,ADAM C POWELL BOULEVARD,2449 ADAM C POWELL BOULEVARD,17881868,3600,144878.0,1,2449,2449,2451,ADAM C POWELL BOULEVARD,B,2025-01-02,2025-05-06,06/24/2025,06/10/2025,,,,550.0,9743816.0,"§ 27-2017.3 HMC: TRACE AND REPAIR THE SOURCE AND ABATE THE VISIBLE MOLD CONDITION... LESS THAN 10 SQ FT AT EAST CLOSET WALLS IN THE 1st ROOM FROM EAST LOCATED AT APT 2C, 2nd STORY, 1st APARTMENT FROM SOUTH AT WEST ORIGINAL VIOLATION 17590241 ISSUED 02-JAN-25 HAS BEEN UPGRADED TO CLASS B PER ADMINISTRATIVE CODE §27-2017.3a(3)(a) or (b).",2025-05-06,11.0,VIOLATION WILL BE REINSPECTED,10/01/2025,Original,Open,N,2025,2025.0
SAMUEL (CITY),MANHATTAN,664,9/26/24,2449 A C POWELL BOULEVARD,2449.0,ADAM C POWELL BOULEVARD,2449 ADAM C POWELL BOULEVARD,18071594,3600,144878.0,1,2449,2449,2451,ADAM C POWELL BOULEVARD,B,2025-03-03,2025-07-02,08/20/2025,08/06/2025,,,08/19/2025,550.0,9891929.0,"§ 27-2017.3 HMC: TRACE AND REPAIR THE SOURCE AND ABATE THE VISIBLE MOLD CONDITION... LESS THAN 10 SQUARE FEET IN CLOSET AT NORTH WALL IN THE PRIVATE HALLWAY LOCATED AT APT 2C, 2nd STORY, 1st APARTMENT FROM SOUTH AT WEST ORIGINAL VIOLATION 17733411 ISSUED 03-MAR-25 HAS BEEN UPGRADED TO CLASS B PER ADMINISTRATIVE CODE §27-2017.3a(3)(a) or (b).",2025-07-02,11.0,VIOLATION WILL BE REINSPECTED,10/01/2025,Original,Open,N,2025,2025.0
SAMUEL (CITY),MANHATTAN,664,9/26/24,2449 A C POWELL BOULEVARD,2449.0,ADAM C POWELL BOULEVARD,2449 ADAM C POWELL BOULEVARD,18190091,3600,144878.0,1,2449,2449,2451,ADAM C POWELL BOULEVARD,C,2025-08-27,2025-08-30,09/21/2025,09/16/2025,,,09/19/2025,530.0,9972986.0,"§ 27-2005, 27-2007, 27-2041.1 HMC, §238, § 309; § 107 (2) ( C) MDL AND 28 RCNY §25-171: REPLACE OR REPAIR THE SELF-CLOSING DOORS THAT IS MISSING OR DEFECTIVE LATCHSET IN THE ENTRANCE LOCATED AT APT 2C, 2nd STORY, 1st APARTMENT FROM EAST AT SOUTH",2025-09-02,19.0,VIOLATION CLOSED,09/28/2025,Original,Close,N,2025,2025.0
SAMUEL (CITY),MANHATTAN,664,9/26/24,2449 A C POWELL BOULEVARD,2449.0,ADAM C POWELL BOULEVARD,2449 ADAM C POWELL BOULEVARD,18190093,3600,144878.0,1,2449,2449,2451,ADAM C POWELL BOULEVARD,C,2025-08-27,2025-08-30,09/21/2025,09/16/2025,,,09/19/2025,530.0,9972983.0,"§ 27-2005, 27-2007, 27-2041.1 HMC, §238, § 309; § 107 (2) ( C) MDL AND 28 RCNY §25-171: REPLACE OR REPAIR THE SELF-CLOSING DOORS THAT IS MISSING OR DEFECTIVE LATCHSET AT BUILDING ENTRANCE DOOR",2025-09-02,19.0,VIOLATION CLOSED,09/28/2025,Original,Close,N,2025,2025.0
SAMUEL (CITY),MANHATTAN,664,9/26/24,2449 A C POWELL BOULEVARD,2449.0,ADAM C POWELL BOULEVARD,2449 ADAM C POWELL BOULEVARD,18197402,3600,144878.0,1,2449,2449,2451,ADAM C POWELL BOULEVARD,B,2025-08-30,2025-08-31,10/21/2025,10/07/2025,,,,593.0,9972981.0,"§ 27-2026 ADM CODE REPAIR THE FLUSHING APPARATUS AND MAINTAIN SAME SO AS TO FLUSH EFFECTIVELY THE WATER CLOSET .. IN THE BATHROOM LOCATED AT APT 2C, 2nd STORY, 1st APARTMENT FROM EAST AT SOUTH",2025-09-02,2.0,NOV SENT OUT,09/02/2025,Original,Open,Y,2025,2025.0
SAMUEL (CITY),MANHATTAN,664,9/26/24,2449 A C POWELL BOULEVARD,2449.0,ADAM C POWELL BOULEVARD,2449 ADAM C POWELL BOULEVARD,17828112,3600,144878.0,1,2449,2449,2451,ADAM C POWELL BOULEVARD,A,2025-04-15,2025-04-15,08/03/2025,07/20/2025,,,07/17/2025,553.0,9715698.0,"§ 27-2011 ADM CODE CLEANSE TO THE SATISFACTION OF THIS DEPARTMENT THE FLOORS AND LANDING AT PUBLIC HALL, 2nd STORY",2025-04-16,9.0,VIOLATION DISMISSED,09/29/2025,Original,Close,N,2025,2025.0
SAMUEL (CITY),MANHATTAN,664,9/26/24,2449 A C POWELL BOULEVARD,2449.0,ADAM C POWELL BOULEVARD,2449 ADAM C POWELL BOULEVARD,2338314,3600,144878.0,1,2449,2449,2451,ADAM C POWELL BOULEVARD,B,1998-02-13,1998-02-13,10/29/2007,10/15/2007,,,,566.0,3093227.0,"§ 27-2018 ADM CODE ABATE THE NUISANCE CONSISTING OF VERMIN MICE KITCHEN THRU OUT 4 STY EAST APT 4B. , SECTION '' ''",2007-09-10,2.0,NOV SENT OUT,09/10/2007,Reissued,Open,N,1998,2007.0
SAMUEL (CITY),MANHATTAN,664,9/26/24,2449 A C POWELL BOULEVARD,2449.0,ADAM C POWELL BOULEVARD,2449 ADAM C POWELL BOULEVARD,2338315,3600,144878.0,1,2449,2449,2451,ADAM C POWELL BOULEVARD,A,1998-02-13,1998-02-13,12/28/2007,12/14/2007,,,,506.0,3093226.0,"§ 27-2005 ADM CODE REPLACE WITH NEW THE MISSING CAULKING AROUND COUNTER TOP SINK CABINET KITCHEN 4 STY EAST APT 4B. , SECTION '' ''",2007-09-10,2.0,NOV SENT OUT,09/10/2007,Reissued,Open,N,1998,2007.0
SAMUEL (CITY),MANHATTAN,664,9/26/24,2449 A C POWELL BOULEVARD,2449.0,ADAM C POWELL BOULEVARD,2449 ADAM C POWELL BOULEVARD,2338317,3600,144878.0,1,2449,2449,2451,ADAM C POWELL BOULEVARD,A,1998-02-13,1998-02-13,12/28/2007,12/14/2007,,,,509.0,3093226.0,"§ 27-2005 ADM CODE PROPERLY SECURE THE LOOSE ELECTRICAL WALL OUTLET WEST ROOM 4 STY EAST APT 4B. , SECTION '' ''",2007-09-10,2.0,NOV SENT OUT,09/10/2007,Reissued,Open,N,1998,2007.0
SAMUEL (CITY),MANHATTAN,664,9/26/24,2449 A C POWELL BOULEVARD,2449.0,ADAM C POWELL BOULEVARD,2449 ADAM C POWELL BOULEVARD,2338318,3600,144878.0,1,2449,2449,2451,ADAM C POWELL BOULEVARD,A,1998-02-13,1998-02-13,12/28/2007,12/14/2007,,,,501.0,3093226.0,"§ 27-2005 ADM CODE PROPERLY REPAIR THE BROKEN OR DEFECTIVE LOCKING ASSEMBLY ENTRANCE DOOR TO 4 STY EAST APT 4B. , SECTION '' ''",2007-09-10,2.0,NOV SENT OUT,09/10/2007,Reissued,Open,N,1998,2007.0
SAMUEL (CITY),MANHATTAN,664,9/26/24,2449 A C POWELL BOULEVARD,2449.0,ADAM C POWELL BOULEVARD,2449 ADAM C POWELL BOULEVARD,17681115,3600,144878.0,1,2449,2449,2451,ADAM C POWELL BOULEVARD,C,2025-02-08,2025-02-08,03/13/2025,03/08/2025,,,,569.0,9619354.0,"HMC ADM CODE: § 27-2017.4 ABATE THE INFESTATION CONSISTING OF MICE IN THE ENTIRE APARTMENT LOCATED AT APT 2C, 2nd STORY, 1st APARTMENT FROM SOUTH AT WEST",2025-02-10,47.0,NOTICE OF ISSUANCE SENT TO TENANT,02/10/2025,Original,Open,N,2025,2025.0
SAMUEL (CITY),MANHATTAN,664,9/26/24,2449 A C POWELL BOULEVARD,2449.0,ADAM C POWELL BOULEVARD,2449 ADAM C POWELL BOULEVARD,17790598,3600,144878.0,1,2449,2449,2451,ADAM C POWELL BOULEVARD,C,2025-03-28,2025-03-29,04/13/2025,04/06/2025,,,04/03/2025,672.0,9691117.0,§ 27-2033 ADM CODE PROVIDE READY ACCESS TO BUILDINGS HEATING SYSTEM DOOR LOCKED IN BASEMENT AT BOILER ROOM,2025-03-31,19.0,VIOLATION CLOSED,04/19/2025,Original,Close,N,2025,2025.0
SAMUEL (CITY),MANHATTAN,664,9/26/24,2449 A C POWELL BOULEVARD,2449.0,ADAM C POWELL BOULEVARD,2449 ADAM C POWELL BOULEVARD,17442072,3600,144878.0,1,2449,2449,2451,ADAM C POWELL BOULEVARD,C,2024-11-25,2024-11-25,12/09/2024,12/02/2024,,,,510.0,9458232.0,"§ 27-2005 ADM CODE & 309 M/D LAW ABATE THE NUISANCE CONSISTING OF SCALDING HOT WATER AT ALL HOT WATER FIXTURES, EXCEEDING THE MAXIMUM ALLOWABLE TEMPERATURE OF 130F DEGREES IN THE ENTIRE APARTMENT LOCATED AT APT 4A, 4th STORY, 1st APARTMENT FROM WEST AT NORTH",2024-11-26,19.0,VIOLATION CLOSED,12/20/2024,Original,Close,N,2024,2024.0
SAMUEL (CITY),MANHATTAN,664,9/26/24,2449 A C POWELL BOULEVARD,2449.0,ADAM C POWELL BOULEVARD,2449 ADAM C POWELL BOULEVARD,17442073,3600,144878.0,1,2449,2449,2451,ADAM C POWELL BOULEVARD,C,2024-11-25,2024-11-25,12/09/2024,12/02/2024,,,,510.0,9458233.0,"§ 27-2005 ADM CODE & 309 M/D LAW ABATE THE NUISANCE CONSISTING OF SCALDING HOT WATER AT ALL HOT WATER FIXTURES, EXCEEDING THE MAXIMUM ALLOWABLE TEMPERATURE OF 130F DEGREES IN THE ENTIRE APARTMENT LOCATED AT APT 3A, 3rd STORY, 1st APARTMENT FROM WEST AT NORTH",2024-11-26,19.0,VIOLATION CLOSED,12/20/2024,Original,Close,N,2024,2024.0
SAMUEL (CITY),MANHATTAN,664,9/26/24,2449 A C POWELL BOULEVARD,2449.0,ADAM C POWELL BOULEVARD,2449 ADAM C POWELL BOULEVARD,18051240,3600,144878.0,1,2449,2449,2451,ADAM C POWELL BOULEVARD,B,2025-02-19,2025-06-20,08/08/2025,07/25/2025,,,,550.0,9877452.0,"§ 27-2017.3 HMC: TRACE AND REPAIR THE SOURCE AND ABATE THE VISIBLE MOLD CONDITION... LESS THAN 10 SQUARE FEET AT WEST WALL IN THE 4th ROOM FROM NORTH LOCATED AT APT 2C, 2nd STORY, 1st APARTMENT FROM SOUTH AT WEST ORIGINAL VIOLATION 17704393 ISSUED 19-FEB-25 HAS BEEN UPGRADED TO CLASS B PER ADMINISTRATIVE CODE §27-2017.3a(3)(a) or (b).",2025-06-20,11.0,VIOLATION WILL BE REINSPECTED,10/01/2025,Original,Open,N,2025,2025.0
SAMUEL (CITY),MANHATTAN,664,9/26/24,2449 A C POWELL BOULEVARD,2449.0,ADAM C POWELL BOULEVARD,2449 ADAM C POWELL BOULEVARD,18190092,3600,144878.0,1,2449,2449,2451,ADAM C POWELL BOULEVARD,C,2025-08-27,2025-08-30,10/03/2025,09/28/2025,,,09/30/2025,569.0,9972982.0,"HMC ADM CODE: § 27-2017.4 ABATE THE INFESTATION CONSISTING OF MICE IN THE ENTIRE APARTMENT LOCATED AT APT 2C, 2nd STORY, 1st APARTMENT FROM EAST AT SOUTH",2025-09-02,10.0,CIV14 MAILED,10/02/2025,Original,Open,N,2025,2025.0
SAMUEL (CITY),MANHATTAN,664,9/26/24,2449 A C POWELL BOULEVARD,2449.0,ADAM C POWELL BOULEVARD,2449 ADAM C POWELL BOULEVARD,18197404,3600,144878.0,1,2449,2449,2451,ADAM C POWELL BOULEVARD,C,2025-08-30,2025-08-31,09/21/2025,09/16/2025,,,09/19/2025,530.0,9972984.0,"§ 27-2005, 27-2007, 27-2041.1 HMC, §238, § 309; § 107 (2) ( C) MDL AND 28 RCNY §25-171: REPLACE OR REPAIR THE SELF-CLOSING DOORS THAT IS MISSING OR DEFECTIVE LATCH SET AT HOPPER CHUTE DOOR AT WEST WALL AT PUBLIC HALL, 2nd STORY",2025-09-02,21.0,NOT COMPLIED WITH,09/28/2025,Original,Open,N,2025,2025.0
SAMUEL (CITY),MANHATTAN,664,9/26/24,2441 A C POWELL BOULEVARD,2441.0,ADAM C POWELL BOULEVARD,2441 ADAM C POWELL BOULEVARD,17560054,3599,110825.0,1,2441,2441,2441,ADAM C POWELL BOULEVARD,C,2024-12-16,2024-12-16,01/17/2025,01/12/2025,,,,568.0,9539217.0,"HMC ADM CODE: § 27-2017.4 ABATE THE INFESTATION CONSISTING OF ROACHES IN THE ENTIRE APARTMENT LOCATED AT APT 4F, 4th STORY, 1st APARTMENT FROM NORTH AT EAST",2024-12-17,47.0,NOTICE OF ISSUANCE SENT TO TENANT,12/17/2024,Original,Open,N,2024,2024.0
SAMUEL (CITY),MANHATTAN,664,9/26/24,2441 A C POWELL BOULEVARD,2441.0,ADAM C POWELL BOULEVARD,2441 ADAM C POWELL BOULEVARD,17560058,3599,110825.0,1,2441,2441,2441,ADAM C POWELL BOULEVARD,C,2024-12-16,2024-12-16,12/30/2024,12/23/2024,,,,671.0,9539215.0,"§ 27-2033 ADM CODE POST NOTICE, IN FORM APPROVED BY THE DEPARTMENT, STATING THE NAME AND LOCATION OF THE PERSON DESIGNATED BY THE OWNER TO HAVE KEY TO BUILDINGS HEATING SYSTEM MISSING AT PUBLIC HALL, 1st STORY",2024-12-17,2.0,NOV SENT OUT,12/17/2024,Original,Open,N,2024,2024.0
SAMUEL (CITY),MANHATTAN,664,9/26/24,2441 A C POWELL BOULEVARD,2441.0,ADAM C POWELL BOULEVARD,2441 ADAM C POWELL BOULEVARD,17560056,3599,110825.0,1,2441,2441,2441,ADAM C POWELL BOULEVARD,A,2024-12-16,2024-12-16,04/05/2025,03/22/2025,,,,722.0,9539214.0,"§ 27-2053 ADM CODE POST SIGN ON WALL OF ENTRANCE STORY BEARING NAME, ADDRESS INCLUDING APARTMENT NUMBER IF ANY, AND TELEPHONE NUMBER OF SUPERINTENDENT, JANITOR OR HOUSEKEEPER. AT PUBLIC HALL, 1st STORY",2024-12-17,28.0,INVALID CERTIFICATION,04/03/2025,Original,Open,N,2024,2024.0
SAMUEL (CITY),MANHATTAN,664,9/26/24,2441 A C POWELL BOULEVARD,2441.0,ADAM C POWELL BOULEVARD,2441 ADAM C POWELL BOULEVARD,17914174,3599,110825.0,1,2441,2441,2441,ADAM C POWELL BOULEVARD,B,2025-05-23,2025-05-23,07/15/2025,07/01/2025,,,07/14/2025,508.0,9770471.0,"§ 27-2005 ADM CODE REPAIR THE BROKEN OR DEFECTIVE PLASTERED SURFACES AND PAINT IN A UNIFORM COLOR AT CEILING IN THE 4th ROOM FROM NORTH LOCATED AT APT 7E, 7th STORY, 1st APARTMENT FROM EAST AT SOUTH",2025-05-27,9.0,VIOLATION DISMISSED,09/24/2025,Original,Close,N,2025,2025.0
SAMUEL (CITY),MANHATTAN,664,9/26/24,2441 A C POWELL BOULEVARD,2441.0,ADAM C POWELL BOULEVARD,2441 ADAM C POWELL BOULEVARD,6429624,3599,110825.0,1,2441,2441,2441,ADAM C POWELL BOULEVARD,B,2006-10-23,2006-10-24,12/18/2006,12/04/2006,,,,566.0,2837371.0,"§ 27-2018 ADM CODE ABATE THE NUISANCE CONSISTING OF VERMIN MICE, IN THE ENTIRE APARTMENT LOCATED AT APT 5E, 5th STORY, 1st APARTMENT FROM NORTH AT EAST",2006-10-25,19.0,VIOLATION CLOSED,01/20/2023,Original,Close,N,2006,2006.0
SAMUEL (CITY),MANHATTAN,664,9/26/24,2441 A C POWELL BOULEVARD,2441.0,ADAM C POWELL BOULEVARD,2441 ADAM C POWELL BOULEVARD,17666752,3599,110825.0,1,2441,2441,2441,ADAM C POWELL BOULEVARD,C,2025-02-02,2025-02-03,03/07/2025,03/02/2025,,,,568.0,9611809.0,"HMC ADM CODE: § 27-2017.4 ABATE THE INFESTATION CONSISTING OF ROACHES IN THE ENTIRE APARTMENT LOCATED AT APT 4B, 4th STORY, 1st APARTMENT FROM WEST AT NORTH",2025-02-04,47.0,NOTICE OF ISSUANCE SENT TO TENANT,02/04/2025,Original,Open,N,2025,2025.0
SAMUEL (CITY),MANHATTAN,664,9/26/24,2441 A C POWELL BOULEVARD,2441.0,ADAM C POWELL BOULEVARD,2441 ADAM C POWELL BOULEVARD,17409218,3599,110825.0,1,2441,2441,2441,ADAM C POWELL BOULEVARD,C,2024-11-09,2024-11-09,11/25/2024,11/18/2024,,,,510.0,9420355.0,"§ 27-2005 ADM CODE & 309 M/D LAW ABATE THE NUISANCE CONSISTING OF SCALDING HOT WATER EXCEEDING THE MAXIMUM TEMPERATURE OF 130F DEGREES IN THE ENTIRE APARTMENT LOCATED AT APT 5A, 5th STORY, 2nd APARTMENT FROM SOUTH AT WEST",2024-11-12,19.0,VIOLATION CLOSED,03/31/2025,Original,Close,N,2024,2024.0
SAMUEL (CITY),MANHATTAN,664,9/26/24,2441 A C POWELL BOULEVARD,2441.0,ADAM C POWELL BOULEVARD,2441 ADAM C POWELL BOULEVARD,17409220,3599,110825.0,1,2441,2441,2441,ADAM C POWELL BOULEVARD,A,2024-11-09,2024-11-09,03/01/2025,02/15/2025,,,,484.0,9420354.0,"§ 329, M/D LAW AND DEPT. RULES AND REGS. PROVIDE A COMPLETED CERTIFICATE OF INSPECTION VISITS IN A PROPER FRAME AT OR NEAR MAILBOXES, BOTTOM EDGE OF FRAME BETWEEN 48-62 INCHES ABOVE FLOOR FRAME MISSING AT PUBLIC HALL, 1st STORY",2024-11-12,2.0,NOV SENT OUT,11/12/2024,Original,Open,N,2024,2024.0
SAMUEL (CITY),MANHATTAN,664,9/26/24,2441 A C POWELL BOULEVARD,2441.0,ADAM C POWELL BOULEVARD,2441 ADAM C POWELL BOULEVARD,17409224,3599,110825.0,1,2441,2441,2441,ADAM C POWELL BOULEVARD,A,2024-11-09,2024-11-09,03/01/2025,02/15/2025,,,,500.0,9420354.0,"§ 26-1103 ADMIN. CODE: POST AND MAINTAIN A PROPER NOTICE ON WALL OF THE ENTRANCE STORY IN ENGLISH AND SPANISH ON THE AVAILABILITY OF THE AGENCYS HOUSING INFORMATION GUIDE. A SAMPLE NOTICE CAN BE FOUND AT WWW.NYC.GOV/HPD. AT PUBLIC HALL, 1st STORY",2024-11-12,2.0,NOV SENT OUT,11/12/2024,Original,Open,N,2024,2024.0
SAMUEL (CITY),MANHATTAN,664,9/26/24,2441 A C POWELL BOULEVARD,2441.0,ADAM C POWELL BOULEVARD,2441 ADAM C POWELL BOULEVARD,17409225,3599,110825.0,1,2441,2441,2441,ADAM C POWELL BOULEVARD,A,2024-11-09,2024-11-09,03/01/2025,02/15/2025,,,,1501.0,9420354.0,"§ 27-2046.1 HMC: POST A PROPER NOTICE OF CARBON MONOXIDE DETECTING DEVICE REQUIREMENTS, IN A FORM APPROVED BY THE COMMISSIONER, IN A COMMON AREA OF A CLASS A MULTIPLE DWELLING NEAR INSPECTION CERTIFICATE OR PROVIDE NOTICE TO TENANTS IN A PRIVATE DWELLING.",2024-11-12,2.0,NOV SENT OUT,11/12/2024,Original,Open,N,2024,2024.0
SAMUEL (CITY),MANHATTAN,664,9/26/24,2441 A C POWELL BOULEVARD,2441.0,ADAM C POWELL BOULEVARD,2441 ADAM C POWELL BOULEVARD,17409226,3599,110825.0,1,2441,2441,2441,ADAM C POWELL BOULEVARD,A,2024-11-09,2024-11-09,03/01/2025,02/15/2025,,,,1506.0,9420354.0,"§ 27-2005 HMC: POST, IN A FORM APPROVED BY THE COMMISSIONER, AND MAINTAIN A NOTICE IN A COMMON AREA OF THE BUILDING REGARDING THE PROCEDURES THAT SHOULD BE FOLLOWED WHEN A GAS LEAK IS SUSPECTED AT PUBLIC HALL, 1st STORY",2024-11-12,2.0,NOV SENT OUT,11/12/2024,Original,Open,N,2024,2024.0
SAMUEL (CITY),MANHATTAN,664,9/26/24,2441 A C POWELL BOULEVARD,2441.0,ADAM C POWELL BOULEVARD,2441 ADAM C POWELL BOULEVARD,17409227,3599,110825.0,1,2441,2441,2441,ADAM C POWELL BOULEVARD,A,2024-11-09,2024-11-09,03/01/2025,02/15/2025,,,,700.0,9420354.0,"§ 27-2045 ADM CODE POST A PROPER NOTICE OF SMOKE DETECTOR REQUIREMENTS, IN A FORM APPROVED BY THE COMMISSIONER, AT OR NEAR THE MAIL BOX MISSING AT PUBLIC HALL, 1st STORY",2024-11-12,2.0,NOV SENT OUT,11/12/2024,Original,Open,N,2024,2024.0
SAMUEL (CITY),MANHATTAN,664,9/26/24,2441 A C POWELL BOULEVARD,2441.0,ADAM C POWELL BOULEVARD,2441 ADAM C POWELL BOULEVARD,17560057,3599,110825.0,1,2441,2441,2441,ADAM C POWELL BOULEVARD,A,2024-12-16,2024-12-16,04/05/2025,03/22/2025,,,,484.0,9539214.0,"§ 329, M/D LAW AND DEPT. RULES AND REGS. PROVIDE A COMPLETED CERTIFICATE OF INSPECTION VISITS IN A PROPER FRAME AT OR NEAR MAILBOXES, BOTTOM EDGE OF FRAME BETWEEN 48-62 INCHES ABOVE FLOOR MISSING AT PUBLIC HALL, 1st STORY",2024-12-17,28.0,INVALID CERTIFICATION,04/03/2025,Original,Open,N,2024,2024.0
SAMUEL (CITY),MANHATTAN,664,9/26/24,2441 A C POWELL BOULEVARD,2441.0,ADAM C POWELL BOULEVARD,2441 ADAM C POWELL BOULEVARD,17560059,3599,110825.0,1,2441,2441,2441,ADAM C POWELL BOULEVARD,A,2024-12-16,2024-12-16,04/05/2025,03/22/2025,,,,778.0,9539214.0,"§ 27-2104 ADM CODE POST AND MAINTAIN A PROPER SIGN ON WALL OF ENTRANCE STORY SHOWING THE REGISTRATION NUMBER ASSIGNED BY THE DEPARTMENT AND THE ADDRESS OF THE BUILDING. AT PUBLIC HALL, 1st STORY",2024-12-17,28.0,INVALID CERTIFICATION,04/03/2025,Original,Open,N,2024,2024.0
SAMUEL (CITY),MANHATTAN,664,9/26/24,2441 A C POWELL BOULEVARD,2441.0,ADAM C POWELL BOULEVARD,2441 ADAM C POWELL BOULEVARD,17656731,3599,110825.0,1,2441,2441,2441,ADAM C POWELL BOULEVARD,B,2025-01-28,2025-01-28,03/19/2025,03/05/2025,,,,579.0,9602913.0,"§ 27-2026 ADM CODE REPAIR THE LEAKY AND/OR DEFECTIVE FAUCETS AT WASH BASIN IN THE KITCHEN LOCATED AT APT 2D, 2nd STORY, 1st APARTMENT FROM NORTH AT EAST",2025-01-29,2.0,NOV SENT OUT,01/29/2025,Original,Open,N,2025,2025.0
SAMUEL (CITY),MANHATTAN,664,9/26/24,2441 A C POWELL BOULEVARD,2441.0,ADAM C POWELL BOULEVARD,2441 ADAM C POWELL BOULEVARD,17656732,3599,110825.0,1,2441,2441,2441,ADAM C POWELL BOULEVARD,C,2025-01-28,2025-01-29,02/12/2025,02/05/2025,,,,510.0,9604895.0,"§ 27-2005 ADM CODE & 309 M/D LAW ABATE THE NUISANCE CONSISTING OF HOT WATER EXCEEDING THE MAXIMUM TEMPERATURE OF 130 DEGREES AT SINK IN THE KITCHEN LOCATED AT APT 2D, 2nd STORY, 1st APARTMENT FROM NORTH AT EAST",2025-01-30,2.0,NOV SENT OUT,01/30/2025,Original,Open,N,2025,2025.0
SAMUEL (CITY),MANHATTAN,664,9/26/24,2441 A C POWELL BOULEVARD,2441.0,ADAM C POWELL BOULEVARD,2441 ADAM C POWELL BOULEVARD,17666750,3599,110825.0,1,2441,2441,2441,ADAM C POWELL BOULEVARD,C,2025-02-02,2025-02-03,02/15/2025,02/03/2025,,,,666.0,9611716.0,"§ 27-2029 ADM CODE PROVIDE AN ADEQUATE SUPPLY OF HEAT FOR THE APARTMENT IN THE ENTIRE APARTMENT LOCATED AT APT 4B, 4th STORY, 1st APARTMENT FROM WEST AT NORTH",2025-02-04,2.0,NOV SENT OUT,02/04/2025,Original,Open,Y,2025,2025.0
SAMUEL (CITY),MANHATTAN,664,9/26/24,2441 A C POWELL BOULEVARD,2441.0,ADAM C POWELL BOULEVARD,2441 ADAM C POWELL BOULEVARD,17666751,3599,110825.0,1,2441,2441,2441,ADAM C POWELL BOULEVARD,C,2025-02-02,2025-02-03,02/17/2025,02/10/2025,,,,672.0,9611808.0,§ 27-2033 ADM CODE PROVIDE READY ACCESS TO BUILDINGS HEATING SYSTEM DOOR LOCKED AT BOILER ROOM,2025-02-04,2.0,NOV SENT OUT,02/04/2025,Original,Open,N,2025,2025.0
SAMUEL (CITY),MANHATTAN,664,9/26/24,2441 A C POWELL BOULEVARD,2441.0,ADAM C POWELL BOULEVARD,2441 ADAM C POWELL BOULEVARD,17846284,3599,110825.0,1,2441,2441,2441,ADAM C POWELL BOULEVARD,C,2025-04-23,2025-04-23,05/13/2025,05/08/2025,,,05/12/2025,530.0,9726799.0,"§ 27-2005, 27-2007, 27-2041.1 HMC, §238, § 309; § 107 (2) ( C) MDL AND 28 RCNY §25-171: REPLACE OR REPAIR THE SELF-CLOSING DOORS THAT IS MISSING OR DEFECTIVE CLOSER ARM AT EXIT FIRE STAIRS DOOR AT PUBLIC HALL, 1st STORY",2025-04-24,19.0,VIOLATION CLOSED,06/10/2025,Original,Close,N,2025,2025.0
SAMUEL (CITY),MANHATTAN,664,9/26/24,2441 A C POWELL BOULEVARD,2441.0,ADAM C POWELL BOULEVARD,2441 ADAM C POWELL BOULEVARD,17914173,3599,110825.0,1,2441,2441,2441,ADAM C POWELL BOULEVARD,C,2025-05-23,2025-05-23,06/09/2025,06/02/2025,,,06/05/2025,507.0,9770473.0,"§ 27-2005 ADM CODE REPAIR THE ROOF SO THAT IT WILL NOT LEAK OVER THE CEILING IN THE 4th ROOM FROM NORTH LOCATED AT APT 7E, 7th STORY, 1st APARTMENT FROM EAST AT SOUTH",2025-05-27,19.0,VIOLATION CLOSED,06/15/2025,Original,Close,Y,2025,2025.0
SAMUEL (CITY),MANHATTAN,664,9/26/24,2441 A C POWELL BOULEVARD,2441.0,ADAM C POWELL BOULEVARD,2441 ADAM C POWELL BOULEVARD,17914176,3599,110825.0,1,2441,2441,2441,ADAM C POWELL BOULEVARD,C,2025-05-23,2025-05-23,06/27/2025,06/22/2025,,,06/26/2025,567.0,9770475.0,"567 (C) § 27-2017, 27-2017.1, 27-2017.4, 27-2017.5, 27-2017.8, 27-2019, 27-2021 HMC: ABATE THE NUISANCE CONSISTING OF EVIDENCE OF RATS AND ALL UNDERLYING CAUSES CREATING THE PEST INFESTATIONS, BY USING INTEGRATED PEST MANAGEMENT (IPM), ELIMINATE ALL BURROW ENTRY AND PASSAGEWAYS, PEST NESTS, HOLES, GAPS OR CRACKS IN WALLS, CEILINGS, FLOORS, FIXING LEAKS AND MANAGING GARBAGE IN PUBLIC AREAS. EVIDENCE FOUND AT RATS IN THE ENTIRE APARTMENT LOCATED AT APT 1E, 1st STORY, 1st APARTMENT FROM EAST AT SOUTH",2025-05-27,9.0,VIOLATION DISMISSED,09/08/2025,Original,Close,Y,2025,2025.0
SAMUEL (CITY),MANHATTAN,664,9/26/24,2441 A C POWELL BOULEVARD,2441.0,ADAM C POWELL BOULEVARD,2441 ADAM C POWELL BOULEVARD,17932160,3599,110825.0,1,2441,2441,2441,ADAM C POWELL BOULEVARD,A,2025-06-01,2025-06-01,09/19/2025,09/05/2025,,,09/16/2025,501.0,9778693.0,"§ 27-2005 HMC: PROPERLY REPAIR OR REPLACE THE BROKEN OR DEFECTIVE BELL/BUZZER SYSTEM FROM BUILDING FRONT TO RETURN INTERCOM AT NORTH WALL IN THE PRIVATE HALLWAY LOCATED AT APT 5J, 5th STORY, 1st APARTMENT FROM SOUTH AT WEST",2025-06-02,10.0,CIV14 MAILED,09/18/2025,Original,Open,N,2025,2025.0
SAMUEL (CITY),MANHATTAN,664,9/26/24,2441 A C POWELL BOULEVARD,2441.0,ADAM C POWELL BOULEVARD,2441 ADAM C POWELL BOULEVARD,17932161,3599,110825.0,1,2441,2441,2441,ADAM C POWELL BOULEVARD,C,2025-06-01,2025-06-01,07/03/2025,06/28/2025,,,07/01/2025,569.0,9778695.0,"HMC ADM CODE: § 27-2017.4 ABATE THE INFESTATION CONSISTING OF MICE IN THE ENTIRE APARTMENT LOCATED AT APT 5J, 5th STORY, 1st APARTMENT FROM SOUTH AT WEST",2025-06-02,9.0,VIOLATION DISMISSED,09/11/2025,Original,Close,N,2025,2025.0
SAMUEL (CITY),MANHATTAN,664,9/26/24,2441 A C POWELL BOULEVARD,2441.0,ADAM C POWELL BOULEVARD,2441 ADAM C POWELL BOULEVARD,18080005,3599,110825.0,1,2441,2441,2441,ADAM C POWELL BOULEVARD,C,2025-07-05,2025-07-06,07/26/2025,07/21/2025,,,07/24/2025,530.0,9895969.0,"§ 27-2005, 27-2007, 27-2041.1 HMC, §238, § 309; § 107 (2) ( C) MDL AND 28 RCNY §25-171: REPLACE OR REPAIR THE SELF-CLOSING DOORS THAT IS MISSING OR DEFECTIVE HINGES AT FIRE DOOR TO PUBLIC HALL STAIR AT PUBLIC HALL, 1st STORY",2025-07-07,21.0,NOT COMPLIED WITH,08/03/2025,Original,Open,N,2025,2025.0
SAMUEL (CITY),MANHATTAN,664,9/26/24,2441 A C POWELL BOULEVARD,2441.0,ADAM C POWELL BOULEVARD,2441 ADAM C POWELL BOULEVARD,17914175,3599,110825.0,1,2441,2441,2441,ADAM C POWELL BOULEVARD,C,2025-05-23,2025-05-23,06/27/2025,06/22/2025,,,06/26/2025,568.0,9770474.0,"HMC ADM CODE: § 27-2017.4 ABATE THE INFESTATION CONSISTING OF ROACHES IN THE ENTIRE APARTMENT LOCATED AT APT 1E, 1st STORY, 1st APARTMENT FROM EAST AT SOUTH",2025-05-27,9.0,VIOLATION DISMISSED,09/08/2025,Original,Close,N,2025,2025.0
SAMUEL (CITY),MANHATTAN,664,9/26/24,2441 A C POWELL BOULEVARD,2441.0,ADAM C POWELL BOULEVARD,2441 ADAM C POWELL BOULEVARD,6429614,3599,110825.0,1,2441,2441,2441,ADAM C POWELL BOULEVARD,B,2006-10-23,2006-10-24,12/18/2006,12/04/2006,,,,508.0,2837371.0,"§ 27-2005 ADM CODE REPAIR THE BROKEN OR DEFECTIVE PLASTERED SURFACES AND PAINT IN A UNIFORM COLOR WALL, INTERIOR OF CLOSET, IN THE 1st ROOM FROM EAST AT NORTH LOCATED AT APT 5E, 5th STORY, 1st APARTMENT FROM NORTH AT EAST",2006-10-25,19.0,VIOLATION CLOSED,01/20/2023,Original,Close,N,2006,2006.0
SAMUEL (CITY),MANHATTAN,664,9/26/24,2441 A C POWELL BOULEVARD,2441.0,ADAM C POWELL BOULEVARD,2441 ADAM C POWELL BOULEVARD,17999935,3599,110825.0,1,2441,2441,2441,ADAM C POWELL BOULEVARD,C,2025-06-10,2025-06-14,07/05/2025,06/30/2025,,,07/01/2025,530.0,9869379.0,"§ 27-2005, 27-2007, 27-2041.1 HMC, §238, § 309; § 107 (2) ( C) MDL AND 28 RCNY §25-171: REPLACE OR REPAIR THE SELF-CLOSING DOORS THAT IS MISSING OR DEFECTIVE LATCH AT COMPACTOR CLOSET AT PUBLIC HALL, 7th STORY",2025-06-16,19.0,VIOLATION CLOSED,07/06/2025,Original,Close,N,2025,2025.0
SAMUEL (CITY),MANHATTAN,664,9/26/24,2441 A C POWELL BOULEVARD,2441.0,ADAM C POWELL BOULEVARD,2441 ADAM C POWELL BOULEVARD,17409221,3599,110825.0,1,2441,2441,2441,ADAM C POWELL BOULEVARD,C,2024-11-09,2024-11-09,11/25/2024,11/18/2024,,,,671.0,9420356.0,"§ 27-2033 ADM CODE POST NOTICE, IN FORM APPROVED BY THE DEPARTMENT, STATING THE NAME AND LOCATION OF THE PERSON DESIGNATED BY THE OWNER TO HAVE KEY TO BUILDINGS HEATING SYSTEM MISSING AT PUBLIC HALL, 1st STORY",2024-11-12,2.0,NOV SENT OUT,11/12/2024,Original,Open,N,2024,2024.0
SAMUEL (CITY),MANHATTAN,664,9/26/24,2441 A C POWELL BOULEVARD,2441.0,ADAM C POWELL BOULEVARD,2441 ADAM C POWELL BOULEVARD,17409222,3599,110825.0,1,2441,2441,2441,ADAM C POWELL BOULEVARD,A,2024-11-09,2024-11-09,03/01/2025,02/15/2025,,,,722.0,9420354.0,"§ 27-2053 ADM CODE POST SIGN ON WALL OF ENTRANCE STORY BEARING NAME, ADDRESS INCLUDING APARTMENT NUMBER IF ANY, AND TELEPHONE NUMBER OF SUPERINTENDENT, JANITOR OR HOUSEKEEPER. AT PUBLIC HALL, 1st STORY",2024-11-12,2.0,NOV SENT OUT,11/12/2024,Original,Open,N,2024,2024.0
SAMUEL (CITY),MANHATTAN,664,9/26/24,2441 A C POWELL BOULEVARD,2441.0,ADAM C POWELL BOULEVARD,2441 ADAM C POWELL BOULEVARD,17409223,3599,110825.0,1,2441,2441,2441,ADAM C POWELL BOULEVARD,A,2024-11-09,2024-11-09,03/01/2025,02/15/2025,,,,778.0,9420354.0,"§ 27-2104 ADM CODE POST AND MAINTAIN A PROPER SIGN ON WALL OF ENTRANCE STORY SHOWING THE REGISTRATION NUMBER ASSIGNED BY THE DEPARTMENT AND THE ADDRESS OF THE BUILDING. AT PUBLIC HALL, 1st STORY",2024-11-12,2.0,NOV SENT OUT,11/12/2024,Original,Open,N,2024,2024.0
SAMUEL (CITY),MANHATTAN,664,9/26/24,2441 A C POWELL BOULEVARD,2441.0,ADAM C POWELL BOULEVARD,2441 ADAM C POWELL BOULEVARD,17932162,3599,110825.0,1,2441,2441,2441,ADAM C POWELL BOULEVARD,B,2025-06-01,2025-06-01,07/21/2025,07/07/2025,,,,501.0,9778694.0,"§ 27-2005 HMC: PROPERLY REPAIR OR REPLACE THE BROKEN OR DEFECTIVE DOOR IN THE ENTRANCE LOCATED AT APT 1E, 1st STORY, 1st APARTMENT FROM EAST AT SOUTH",2025-06-02,2.0,NOV SENT OUT,06/02/2025,Original,Open,N,2025,2025.0
SAMUEL (CITY),MANHATTAN,664,9/26/24,2441 A C POWELL BOULEVARD,2441.0,ADAM C POWELL BOULEVARD,2441 ADAM C POWELL BOULEVARD,17932165,3599,110825.0,1,2441,2441,2441,ADAM C POWELL BOULEVARD,C,2025-06-01,2025-06-01,06/21/2025,06/16/2025,,,,530.0,9778696.0,"§ 27-2005, 27-2007, 27-2041.1 HMC, §238, § 309; § 107 (2) ( C) MDL AND 28 RCNY §25-171: REPLACE OR REPAIR THE SELF-CLOSING DOORS THAT IS MISSING OR DEFECTIVE HINGES AT VESTIBULE AT PUBLIC HALL, 1st STORY",2025-06-02,2.0,NOV SENT OUT,06/02/2025,Original,Open,N,2025,2025.0
SAMUEL (CITY),MANHATTAN,664,9/26/24,2441 A C POWELL BOULEVARD,2441.0,ADAM C POWELL BOULEVARD,2441 ADAM C POWELL BOULEVARD,17846285,3599,110825.0,1,2441,2441,2441,ADAM C POWELL BOULEVARD,C,2025-04-23,2025-04-23,05/13/2025,05/08/2025,,,05/12/2025,530.0,9726799.0,"§ 27-2005, 27-2007, 27-2041.1 HMC, §238, § 309; § 107 (2) ( C) MDL AND 28 RCNY §25-171: REPLACE OR REPAIR THE SELF-CLOSING DOORS THAT IS MISSING OR DEFECTIVE CLOSER ARM AT VESTIBULE DOOR AT PUBLIC HALL, 1st STORY",2025-04-24,19.0,VIOLATION CLOSED,06/10/2025,Original,Close,N,2025,2025.0
SAMUEL (CITY),MANHATTAN,664,9/26/24,2441 A C POWELL BOULEVARD,2441.0,ADAM C POWELL BOULEVARD,2441 ADAM C POWELL BOULEVARD,17846286,3599,110825.0,1,2441,2441,2441,ADAM C POWELL BOULEVARD,C,2025-04-23,2025-04-23,05/13/2025,05/08/2025,,,05/12/2025,530.0,9726799.0,"§ 27-2005, 27-2007, 27-2041.1 HMC, §238, § 309; § 107 (2) ( C) MDL AND 28 RCNY §25-171: REPLACE OR REPAIR THE SELF-CLOSING DOORS THAT IS MISSING OR DEFECTIVE HINGES AT EXIT FIRE STAIRS DOOR AT PUBLIC HALL, 2nd STORY",2025-04-24,19.0,VIOLATION CLOSED,06/10/2025,Original,Close,N,2025,2025.0
SAMUEL (CITY),MANHATTAN,664,9/26/24,2441 A C POWELL BOULEVARD,2441.0,ADAM C POWELL BOULEVARD,2441 ADAM C POWELL BOULEVARD,18080026,3599,110825.0,1,2441,2441,2441,ADAM C POWELL BOULEVARD,A,2025-07-05,2025-07-06,10/24/2025,10/10/2025,,,,556.0,9895967.0,"§ 27-2013 ADM CODE PAINT WITH LIGHT COLORED PAINT TO THE SATISFACTION OF THIS DEPARTMENT CEILING, NORTH AND EAST WALLS AT BULKHEAD, ROOF",2025-07-07,2.0,NOV SENT OUT,07/07/2025,Original,Open,N,2025,2025.0
SAMUEL (CITY),MANHATTAN,664,9/26/24,2441 A C POWELL BOULEVARD,2441.0,ADAM C POWELL BOULEVARD,2441 ADAM C POWELL BOULEVARD,17409219,3599,110825.0,1,2441,2441,2441,ADAM C POWELL BOULEVARD,C,2024-11-09,2024-11-09,12/01/2024,11/26/2024,,,,530.0,9420357.0,"§ 27-2005, 27-2007, 27-2041.1 HMC, §238, § 309; § 107 (2) ( C) MDL AND 28 RCNY §25-171: REPLACE OR REPAIR THE SELF-CLOSING DOORS THAT IS MISSING OR DEFECTIVE HINGES AT VESTIBULE DOOR AT PUBLIC HALL, 1st STORY",2024-11-12,19.0,VIOLATION CLOSED,02/01/2025,Original,Close,N,2024,2024.0
SAMUEL (CITY),MANHATTAN,664,9/26/24,2441 A C POWELL BOULEVARD,2441.0,ADAM C POWELL BOULEVARD,2441 ADAM C POWELL BOULEVARD,17560053,3599,110825.0,1,2441,2441,2441,ADAM C POWELL BOULEVARD,C,2024-12-16,2024-12-16,12/30/2024,12/23/2024,,,,510.0,9539216.0,"§ 27-2005 ADM CODE & 309 M/D LAW ABATE THE NUISANCE CONSISTING OF HOT WATER EXCEEDING THE MAXIMUM TEMPERATURE OF 130F IN THE ENTIRE APARTMENT LOCATED AT APT 4F, 4th STORY, 1st APARTMENT FROM NORTH AT EAST",2024-12-17,19.0,VIOLATION CLOSED,02/01/2025,Original,Close,N,2024,2024.0
SAMUEL (CITY),MANHATTAN,664,9/26/24,2441 A C POWELL BOULEVARD,2441.0,ADAM C POWELL BOULEVARD,2441 ADAM C POWELL BOULEVARD,17560060,3599,110825.0,1,2441,2441,2441,ADAM C POWELL BOULEVARD,C,2024-12-16,2024-12-16,01/05/2025,12/31/2024,,,,530.0,9539218.0,"§ 27-2005, 27-2007, 27-2041.1 HMC, §238, § 309; § 107 (2) ( C) MDL AND 28 RCNY §25-171: REPLACE OR REPAIR THE SELF-CLOSING DOORS THAT IS MISSING OR DEFECTIVE HINGES AT VESTIBULE DOOR AT PUBLIC HALL, 1st STORY",2024-12-17,19.0,VIOLATION CLOSED,02/01/2025,Original,Close,N,2024,2024.0
SAMUEL (CITY),MANHATTAN,664,9/26/24,2441 A C POWELL BOULEVARD,2441.0,ADAM C POWELL BOULEVARD,2441 ADAM C POWELL BOULEVARD,6429620,3599,110825.0,1,2441,2441,2441,ADAM C POWELL BOULEVARD,B,2006-10-23,2006-10-24,12/18/2006,12/04/2006,,,,508.0,2837371.0,"§ 27-2005 ADM CODE REPAIR THE BROKEN OR DEFECTIVE PLASTERED SURFACES AND PAINT IN A UNIFORM COLOR WALL, BEHIND STOVE, IN THE KITCHEN LOCATED AT APT 5E, 5th STORY, 1st APARTMENT FROM NORTH AT EAST",2006-10-25,19.0,VIOLATION CLOSED,01/20/2023,Original,Close,N,2006,2006.0
SAMUEL (CITY),MANHATTAN,664,9/26/24,2441 A C POWELL BOULEVARD,2441.0,ADAM C POWELL BOULEVARD,2441 ADAM C POWELL BOULEVARD,17447703,3599,110825.0,1,2441,2441,2441,ADAM C POWELL BOULEVARD,I,2024-11-22,2024-11-22,,,,,,780.0,,"§27-2107 ADM CODE OWNER FAILED TO FILE A VALID REGISTRATION STATEMENT WITH THE DEPARTMENT AS REQUIRED BY ADM CODE §27-2097 AND IS THEREFORE SUBJECT TO CIVIL PENALTIES, PROHIBITED FROM CERTIFYING VIOLATIONS, AND DENIED THE RIGHT TO RECOVER POSSESSION OF PREMISES FOR NONPAYMENT OF RENT UNTIL A VALID REGISTRATION STATEMENT IS FILED.",,9.0,VIOLATION DISMISSED,05/01/2025,,Close,N,2024,
SAMUEL (CITY),MANHATTAN,664,9/26/24,2441 A C POWELL BOULEVARD,2441.0,ADAM C POWELL BOULEVARD,2441 ADAM C POWELL BOULEVARD,17980014,3599,110825.0,1,2441,2441,2441,ADAM C POWELL BOULEVARD,C,2025-06-07,2025-06-10,06/30/2025,06/25/2025,,,06/27/2025,530.0,9836748.0,"§ 27-2005, 27-2007, 27-2041.1 HMC, §238, § 309; § 107 (2) ( C) MDL AND 28 RCNY §25-171: REPLACE OR REPAIR THE SELF-CLOSING DOORS THAT IS MISSING OR DEFECTIVE HINGES AT HOPPER DOOR AT PUBLIC HALL, 1st STORY",2025-06-11,21.0,NOT COMPLIED WITH,07/17/2025,Original,Open,N,2025,2025.0
SAMUEL (CITY),MANHATTAN,664,9/26/24,2441 A C POWELL BOULEVARD,2441.0,ADAM C POWELL BOULEVARD,2441 ADAM C POWELL BOULEVARD,18079997,3599,110825.0,1,2441,2441,2441,ADAM C POWELL BOULEVARD,C,2025-07-05,2025-07-06,07/26/2025,07/21/2025,,,,530.0,9895969.0,"§ 27-2005, 27-2007, 27-2041.1 HMC, §238, § 309; § 107 (2) ( C) MDL AND 28 RCNY §25-171: REPLACE OR REPAIR THE SELF-CLOSING DOORS THAT IS MISSING OR DEFECTIVE HINGES AT HOPPER DOOR AT PUBLIC HALL, 1st STORY",2025-07-07,2.0,NOV SENT OUT,07/07/2025,Original,Open,N,2025,2025.0
SAMUEL (CITY),MANHATTAN,664,9/26/24,2441 A C POWELL BOULEVARD,2441.0,ADAM C POWELL BOULEVARD,2441 ADAM C POWELL BOULEVARD,18080017,3599,110825.0,1,2441,2441,2441,ADAM C POWELL BOULEVARD,B,2025-07-05,2025-07-06,08/25/2025,08/11/2025,,,,502.0,9895968.0,"§ 27-2005 ADM CODE PROPERLY REPAIR WITH SIMILAR MATERIAL THE BROKEN OR DEFECTIVE FIRE RETARDANT MATERIAL AT CEILING, NORTH AND EAST WALLS AT BULKHEAD, ROOF",2025-07-07,2.0,NOV SENT OUT,07/07/2025,Original,Open,N,2025,2025.0
SAMUEL (CITY),MANHATTAN,664,9/26/24,2441 A C POWELL BOULEVARD,2441.0,ADAM C POWELL BOULEVARD,2441 ADAM C POWELL BOULEVARD,17932164,3599,110825.0,1,2441,2441,2441,ADAM C POWELL BOULEVARD,A,2025-06-01,2025-06-04,09/22/2025,09/08/2025,,,,501.0,9793888.0,"§ 27-2005 HMC: PROPERLY REPAIR OR REPLACE THE BROKEN OR DEFECTIVE BELL/BUZZER SYSTEM FROM BUILDING FRONT TO INTERCOM AT EAST WALL IN THE PRIVATE HALLWAY LOCATED AT APT 1E, 1st STORY, 1st APARTMENT FROM EAST AT SOUTH",2025-06-05,2.0,NOV SENT OUT,06/05/2025,Original,Open,N,2025,2025.0
SAMUEL (CITY),MANHATTAN,664,9/26/24,2441 A C POWELL BOULEVARD,2441.0,ADAM C POWELL BOULEVARD,2441 ADAM C POWELL BOULEVARD,17949461,3599,110825.0,1,2441,2441,2441,ADAM C POWELL BOULEVARD,A,2025-06-04,2025-06-04,09/21/2025,09/07/2025,,,,1507.0,9783972.0,"(A) § HMC:FILE ANNUAL BEDBUG REPORT IN ACCORDANCE WITH HPD RULE AS DESCRIBED ON THE BACK OF THIS NOTICE OF VIOLATION OR AS DESCRIBED ON HPDS WEBSITE, WWW.NYC.GOV\HPD, SEARCH BED BUGS.",2025-06-04,2.0,NOV SENT OUT,06/04/2025,Original,Open,N,2025,2025.0
SAMUEL (CITY),MANHATTAN,664,9/26/24,2441 A C POWELL BOULEVARD,2441.0,ADAM C POWELL BOULEVARD,2441 ADAM C POWELL BOULEVARD,17914172,3599,110825.0,1,2441,2441,2441,ADAM C POWELL BOULEVARD,B,2025-05-23,2025-05-23,07/15/2025,07/01/2025,,,07/14/2025,579.0,9770470.0,"§ 27-2026 ADM CODE REPAIR THE LEAKY AND/OR DEFECTIVE FAUCETS AT SINK IN THE KITCHEN LOCATED AT APT 3J, 3rd STORY, 1st APARTMENT FROM SOUTH AT WEST",2025-05-27,9.0,VIOLATION DISMISSED,09/24/2025,Original,Close,N,2025,2025.0
SAMUEL (CITY),MANHATTAN,664,9/26/24,2441 A C POWELL BOULEVARD,2441.0,ADAM C POWELL BOULEVARD,2441 ADAM C POWELL BOULEVARD,17914177,3599,110825.0,1,2441,2441,2441,ADAM C POWELL BOULEVARD,B,2025-05-23,2025-05-23,07/15/2025,07/01/2025,,,07/14/2025,501.0,9770472.0,"§ 27-2005 HMC: PROPERLY REPAIR OR REPLACE THE BROKEN OR DEFECTIVE FIRE RATED SELF CLOSING DOOR IN THE ENTRANCE LOCATED AT APT 1E, 1st STORY, 1st APARTMENT FROM EAST AT SOUTH",2025-05-27,9.0,VIOLATION DISMISSED,09/24/2025,Original,Close,N,2025,2025.0
SAMUEL (CITY),MANHATTAN,664,9/26/24,2441 A C POWELL BOULEVARD,2441.0,ADAM C POWELL BOULEVARD,2441 ADAM C POWELL BOULEVARD,17560055,3599,110825.0,1,2441,2441,2441,ADAM C POWELL BOULEVARD,C,2024-12-16,2024-12-16,01/05/2025,12/31/2024,,,,530.0,9539218.0,"§ 27-2005, 27-2007, 27-2041.1 HMC, §238, § 309; § 107 (2) ( C) MDL AND 28 RCNY §25-171: REPLACE OR REPAIR THE SELF-CLOSING DOORS THAT IS MISSING OR DEFECTIVE HINGES AT HOPPER DOOR TO CHUTE AT SOUTH WALL AT COMPACTOR CLOSET, 4th STORY",2024-12-17,19.0,VIOLATION CLOSED,09/27/2025,Original,Close,N,2024,2024.0
SAMUEL (CITY),MANHATTAN,664,9/26/24,144 WEST 141 STREET,144.0,WEST 141 STREET,144 WEST 141 STREET,17859022,41495,145237.0,1,144,144,146,WEST 141 STREET,B,2025-04-23,2025-04-26,06/16/2025,06/02/2025,,,06/13/2025,538.0,9730755.0,"§ 27-2005, 2007 ADM CODE REMOVE ALL ENCUMBRANCES CONSISTING OF HOUSEHOLD ITEMS AT PUBLIC HALL, 1st STORY",2025-04-28,19.0,VIOLATION CLOSED,06/23/2025,Original,Close,Y,2025,2025.0
SAMUEL (CITY),MANHATTAN,664,9/26/24,144 WEST 141 STREET,144.0,WEST 141 STREET,144 WEST 141 STREET,17794638,41495,145237.0,1,144,144,146,WEST 141 STREET,C,2025-03-30,2025-03-30,04/19/2025,04/14/2025,,,04/17/2025,530.0,9691376.0,"§ 27-2005, 27-2007, 27-2041.1 HMC, §238, § 309; § 107 (2) ( C) MDL AND 28 RCNY §25-171: REPLACE OR REPAIR THE SELF-CLOSING DOORS THAT IS MISSING OR DEFECTIVE HINGES AT BUILDING ENTRANCE DOOR AT PUBLIC HALL, 1st STORY",2025-03-31,21.0,NOT COMPLIED WITH,04/26/2025,Original,Open,N,2025,2025.0
SAMUEL (CITY),MANHATTAN,664,9/26/24,144 WEST 141 STREET,144.0,WEST 141 STREET,144 WEST 141 STREET,17859023,41495,145237.0,1,144,144,146,WEST 141 STREET,C,2025-04-23,2025-04-26,05/17/2025,05/12/2025,,,,530.0,9730756.0,"§ 27-2005, 27-2007, 27-2041.1 HMC, §238, § 309; § 107 (2) ( C) MDL AND 28 RCNY §25-171: REPLACE OR REPAIR THE SELF-CLOSING DOORS THAT IS MISSING OR DEFECTIVE LATCH SET A VESTIBULE DOOR AT PUBLIC HALL, 1st STORY",2025-04-28,2.0,NOV SENT OUT,04/28/2025,Original,Open,N,2025,2025.0
SAMUEL (CITY),MANHATTAN,664,9/26/24,144 WEST 141 STREET,144.0,WEST 141 STREET,144 WEST 141 STREET,17949787,41495,145237.0,1,144,144,146,WEST 141 STREET,A,2025-06-04,2025-06-04,09/21/2025,09/07/2025,,,,1507.0,9790452.0,"(A) § HMC:FILE ANNUAL BEDBUG REPORT IN ACCORDANCE WITH HPD RULE AS DESCRIBED ON THE BACK OF THIS NOTICE OF VIOLATION OR AS DESCRIBED ON HPDS WEBSITE, WWW.NYC.GOV\HPD, SEARCH BED BUGS.",2025-06-04,2.0,NOV SENT OUT,06/04/2025,Original,Open,N,2025,2025.0
SAMUEL (CITY),MANHATTAN,664,9/26/24,2409 A C POWELL BOULEVARD,2409.0,ADAM C POWELL BOULEVARD,2409 ADAM C POWELL BOULEVARD,17949460,3588,145238.0,1,2409,2409,2409,ADAM C POWELL BOULEVARD,A,2025-06-04,2025-06-04,09/21/2025,09/07/2025,,,,1507.0,9783971.0,"(A) § HMC:FILE ANNUAL BEDBUG REPORT IN ACCORDANCE WITH HPD RULE AS DESCRIBED ON THE BACK OF THIS NOTICE OF VIOLATION OR AS DESCRIBED ON HPDS WEBSITE, WWW.NYC.GOV\HPD, SEARCH BED BUGS.",2025-06-04,2.0,NOV SENT OUT,06/04/2025,Original,Open,N,2025,2025.0
SAMUEL (CITY),MANHATTAN,664,9/26/24,2407 A C POWELL BOULEVARD,2407.0,ADAM C POWELL BOULEVARD,2407 ADAM C POWELL BOULEVARD,17529794,3587,145239.0,1,2407,2407,2407,ADAM C POWELL BOULEVARD,B,2024-12-06,2024-12-06,01/27/2025,01/13/2025,,,,550.0,9525272.0,"§ 27-2017.3 HMC: TRACE AND REPAIR THE SOURCE AND ABATE THE VISIBLE MOLD CONDITION... GREATER THAN 10 SQFT AT CEILING IN THE BATHROOM LOCATED AT APT 4A, 4th STORY, 1st APARTMENT FROM NORTH AT EAST",2024-12-09,22.0,FIRST NO ACCESS TO RE- INSPECT VIOLATION,06/13/2025,Original,Open,N,2024,2024.0
SAMUEL (CITY),MANHATTAN,664,9/26/24,2407 A C POWELL BOULEVARD,2407.0,ADAM C POWELL BOULEVARD,2407 ADAM C POWELL BOULEVARD,17529793,3587,145239.0,1,2407,2407,2407,ADAM C POWELL BOULEVARD,B,2024-12-06,2024-12-09,01/28/2025,01/14/2025,,,,501.0,9528615.0,"§ 27-2005 HMC: PROPERLY REPAIR OR REPLACE THE BROKEN OR DEFECTIVE INOPERATIVE RADIATOR AT NORTH WALL IN THE 2nd ROOM FROM EAST LOCATED AT APT 4A, 4th STORY, 1st APARTMENT FROM NORTH AT EAST",2024-12-10,2.0,NOV SENT OUT,12/10/2024,Original,Open,N,2024,2024.0
SAMUEL (CITY),MANHATTAN,664,9/26/24,2407 A C POWELL BOULEVARD,2407.0,ADAM C POWELL BOULEVARD,2407 ADAM C POWELL BOULEVARD,17588730,3587,145239.0,1,2407,2407,2407,ADAM C POWELL BOULEVARD,B,2024-12-31,2024-12-31,02/20/2025,02/06/2025,,,,583.0,9559993.0,"§ 27-2026, 2027 HMC: PROPERLY REPAIR THE SOURCE AND ABATE THE EVIDENCE OF A WATER LEAK AT CEILING IN THE 3rd ROOM FROM EAST AT NORTH LOCATED AT APT 3A, 3rd STORY, 1st APARTMENT FROM NORTH AT EAST",2025-01-02,2.0,NOV SENT OUT,01/02/2025,Original,Open,N,2024,2025.0
SAMUEL (CITY),MANHATTAN,664,9/26/24,2407 A C POWELL BOULEVARD,2407.0,ADAM C POWELL BOULEVARD,2407 ADAM C POWELL BOULEVARD,17588732,3587,145239.0,1,2407,2407,2407,ADAM C POWELL BOULEVARD,B,2024-12-31,2024-12-31,02/20/2025,02/06/2025,,,,502.0,9559993.0,"§ 27-2005 ADM CODE PROPERLY REPAIR WITH SIMILAR MATERIAL THE BROKEN OR DEFECTIVE WOOD FLOOR IN THE 2nd ROOM FROM EAST AT NORTH LOCATED AT APT 3A, 3rd STORY, 1st APARTMENT FROM NORTH AT EAST",2025-01-02,2.0,NOV SENT OUT,01/02/2025,Original,Open,N,2024,2025.0
SAMUEL (CITY),MANHATTAN,664,9/26/24,2407 A C POWELL BOULEVARD,2407.0,ADAM C POWELL BOULEVARD,2407 ADAM C POWELL BOULEVARD,18224176,3587,145239.0,1,2407,2407,2407,ADAM C POWELL BOULEVARD,A,2025-09-12,2025-09-12,01/02/2026,12/19/2025,,,,556.0,9990516.0,"§ 27-2013 ADM CODE PAINT WITH LIGHT COLORED PAINT TO THE SATISFACTION OF THIS DEPARTMENT AT THE CEILING AND ALL WALLS AT PUBLIC HALL, 5th STORY",2025-09-15,2.0,NOV SENT OUT,09/15/2025,Original,Open,N,2025,2025.0
SAMUEL (CITY),MANHATTAN,664,9/26/24,2407 A C POWELL BOULEVARD,2407.0,ADAM C POWELL BOULEVARD,2407 ADAM C POWELL BOULEVARD,17588731,3587,145239.0,1,2407,2407,2407,ADAM C POWELL BOULEVARD,C,2024-12-31,2024-12-31,01/15/2025,01/08/2025,,,,508.0,9559994.0,"§ 27-2005 ADM CODE REPAIR THE BROKEN OR DEFECTIVE PLASTERED SURFACES AND PAINT IN A UNIFORM COLOR CEILING IN THE 3rd ROOM FROM EAST AT NORTH LOCATED AT APT 3A, 3rd STORY, 1st APARTMENT FROM NORTH AT EAST",2025-01-02,19.0,VIOLATION CLOSED,07/21/2025,Original,Close,N,2024,2025.0
SAMUEL (CITY),MANHATTAN,664,9/26/24,2407 A C POWELL BOULEVARD,2407.0,ADAM C POWELL BOULEVARD,2407 ADAM C POWELL BOULEVARD,18224169,3587,145239.0,1,2407,2407,2407,ADAM C POWELL BOULEVARD,B,2025-09-12,2025-09-12,11/03/2025,10/20/2025,,,,508.0,9990517.0,"§ 27-2005 ADM CODE REPAIR THE BROKEN OR DEFECTIVE PLASTERED SURFACES AND PAINT IN A UNIFORM COLOR AT THE CEILING AND ALL WALLS IN THE 1st ROOM FROM EAST LOCATED AT APT 5A, 5th STORY, 1st APARTMENT FROM NORTH AT EAST",2025-09-15,2.0,NOV SENT OUT,09/15/2025,Original,Open,N,2025,2025.0
SAMUEL (CITY),MANHATTAN,664,9/26/24,2407 A C POWELL BOULEVARD,2407.0,ADAM C POWELL BOULEVARD,2407 ADAM C POWELL BOULEVARD,18224170,3587,145239.0,1,2407,2407,2407,ADAM C POWELL BOULEVARD,B,2025-09-12,2025-09-12,11/03/2025,10/20/2025,,,,508.0,9990517.0,"§ 27-2005 ADM CODE REPAIR THE BROKEN OR DEFECTIVE PLASTERED SURFACES AND PAINT IN A UNIFORM COLOR AT THE CEILING AND ALL WALLS IN THE FOYER LOCATED AT APT 5A, 5th STORY, 1st APARTMENT FROM NORTH AT EAST",2025-09-15,2.0,NOV SENT OUT,09/15/2025,Original,Open,N,2025,2025.0
SAMUEL (CITY),MANHATTAN,664,9/26/24,2407 A C POWELL BOULEVARD,2407.0,ADAM C POWELL BOULEVARD,2407 ADAM C POWELL BOULEVARD,18224180,3587,145239.0,1,2407,2407,2407,ADAM C POWELL BOULEVARD,B,2025-09-12,2025-09-12,11/03/2025,10/20/2025,,,,508.0,9990517.0,"§ 27-2005 ADM CODE REPAIR THE BROKEN OR DEFECTIVE PLASTERED SURFACES AND PAINT IN A UNIFORM COLOR AT THE CEILING AND ALL WALLS IN THE KITCHEN LOCATED AT APT 5A, 5th STORY, 1st APARTMENT FROM NORTH AT EAST",2025-09-15,2.0,NOV SENT OUT,09/15/2025,Original,Open,N,2025,2025.0
SAMUEL (CITY),MANHATTAN,664,9/26/24,2407 A C POWELL BOULEVARD,2407.0,ADAM C POWELL BOULEVARD,2407 ADAM C POWELL BOULEVARD,18224181,3587,145239.0,1,2407,2407,2407,ADAM C POWELL BOULEVARD,B,2025-09-12,2025-09-12,11/03/2025,10/20/2025,,,,579.0,9990517.0,"§ 27-2026 ADM CODE REPAIR THE LEAKY AND/OR DEFECTIVE FAUCETS AT THE SINK IN THE KITCHEN LOCATED AT APT 5A, 5th STORY, 1st APARTMENT FROM NORTH AT EAST",2025-09-15,2.0,NOV SENT OUT,09/15/2025,Original,Open,N,2025,2025.0
SAMUEL (CITY),MANHATTAN,664,9/26/24,2407 A C POWELL BOULEVARD,2407.0,ADAM C POWELL BOULEVARD,2407 ADAM C POWELL BOULEVARD,18224182,3587,145239.0,1,2407,2407,2407,ADAM C POWELL BOULEVARD,C,2025-09-12,2025-09-12,10/16/2025,10/11/2025,,,,568.0,9990518.0,"HMC ADM CODE: § 27-2017.4 ABATE THE INFESTATION CONSISTING OF ROACHES IN THE ENTIRE APARTMENT LOCATED AT APT 5A, 5th STORY, 1st APARTMENT FROM NORTH AT EAST",2025-09-15,47.0,NOTICE OF ISSUANCE SENT TO TENANT,09/15/2025,Original,Open,N,2025,2025.0
SAMUEL (CITY),MANHATTAN,664,9/26/24,2407 A C POWELL BOULEVARD,2407.0,ADAM C POWELL BOULEVARD,2407 ADAM C POWELL BOULEVARD,18224183,3587,145239.0,1,2407,2407,2407,ADAM C POWELL BOULEVARD,B,2025-09-12,2025-09-12,11/03/2025,10/20/2025,,,,508.0,9990517.0,"§ 27-2005 ADM CODE REPAIR THE BROKEN OR DEFECTIVE PLASTERED SURFACES AND PAINT IN A UNIFORM COLOR AT THE CEILING AND ALL WALLS IN THE 2nd ROOM FROM EAST LOCATED AT APT 5A, 5th STORY, 1st APARTMENT FROM NORTH AT EAST",2025-09-15,2.0,NOV SENT OUT,09/15/2025,Original,Open,N,2025,2025.0
SAMUEL (CITY),MANHATTAN,664,9/26/24,2407 A C POWELL BOULEVARD,2407.0,ADAM C POWELL BOULEVARD,2407 ADAM C POWELL BOULEVARD,18224175,3587,145239.0,1,2407,2407,2407,ADAM C POWELL BOULEVARD,B,2025-09-12,2025-09-12,11/03/2025,10/20/2025,,,,502.0,9990517.0,"§ 27-2005 ADM CODE PROPERLY REPAIR WITH SIMILAR MATERIAL THE BROKEN OR DEFECTIVE AT THE EAST WALL AND NORTH WALL WITH FIRE RETARDANT MATERIALS AT PUBLIC HALL, 5th STORY",2025-09-15,2.0,NOV SENT OUT,09/15/2025,Original,Open,N,2025,2025.0
SAMUEL (CITY),MANHATTAN,664,9/26/24,2407 A C POWELL BOULEVARD,2407.0,ADAM C POWELL BOULEVARD,2407 ADAM C POWELL BOULEVARD,18224171,3587,145239.0,1,2407,2407,2407,ADAM C POWELL BOULEVARD,B,2025-09-12,2025-09-12,11/03/2025,10/20/2025,,,,507.0,9990517.0,"§ 27-2005 ADM CODE REPAIR THE ROOF SO THAT IT WILL NOT LEAK AT THE CEILING AT PUBLIC HALL, 5th STORY",2025-09-15,2.0,NOV SENT OUT,09/15/2025,Original,Open,Y,2025,2025.0
SAMUEL (CITY),MANHATTAN,664,9/26/24,2407 A C POWELL BOULEVARD,2407.0,ADAM C POWELL BOULEVARD,2407 ADAM C POWELL BOULEVARD,18224177,3587,145239.0,1,2407,2407,2407,ADAM C POWELL BOULEVARD,B,2025-09-12,2025-09-12,11/03/2025,10/20/2025,,,,508.0,9990517.0,"§ 27-2005 ADM CODE REPAIR THE BROKEN OR DEFECTIVE PLASTERED SURFACES AND PAINT IN A UNIFORM COLOR AT THE CEILING AND ALL WALLS IN THE 3rd ROOM FROM EAST LOCATED AT APT 5A, 5th STORY, 1st APARTMENT FROM NORTH AT EAST",2025-09-15,2.0,NOV SENT OUT,09/15/2025,Original,Open,N,2025,2025.0
SAMUEL (CITY),MANHATTAN,664,9/26/24,2407 A C POWELL BOULEVARD,2407.0,ADAM C POWELL BOULEVARD,2407 ADAM C POWELL BOULEVARD,18224178,3587,145239.0,1,2407,2407,2407,ADAM C POWELL BOULEVARD,B,2025-09-12,2025-09-12,11/03/2025,10/20/2025,,,,508.0,9990517.0,"§ 27-2005 ADM CODE REPAIR THE BROKEN OR DEFECTIVE PLASTERED SURFACES AND PAINT IN A UNIFORM COLOR AT THE CEILING AND ALL WALLS IN THE BATHROOM LOCATED AT APT 5A, 5th STORY, 1st APARTMENT FROM NORTH AT EAST",2025-09-15,2.0,NOV SENT OUT,09/15/2025,Original,Open,N,2025,2025.0
SAMUEL (CITY),MANHATTAN,664,9/26/24,2407 A C POWELL BOULEVARD,2407.0,ADAM C POWELL BOULEVARD,2407 ADAM C POWELL BOULEVARD,18224179,3587,145239.0,1,2407,2407,2407,ADAM C POWELL BOULEVARD,B,2025-09-12,2025-09-12,11/03/2025,10/20/2025,,,,508.0,9990517.0,"§ 27-2005 ADM CODE REPAIR THE BROKEN OR DEFECTIVE PLASTERED SURFACES AND PAINT IN A UNIFORM COLOR AT THE CEILING AND ALL WALLS IN THE PRIVATE HALLWAY LOCATED AT APT 5A, 5th STORY, 1st APARTMENT FROM NORTH AT EAST",2025-09-15,2.0,NOV SENT OUT,09/15/2025,Original,Open,N,2025,2025.0
SAMUEL (CITY),MANHATTAN,664,9/26/24,2407 A C POWELL BOULEVARD,2407.0,ADAM C POWELL BOULEVARD,2407 ADAM C POWELL BOULEVARD,18224172,3587,145239.0,1,2407,2407,2407,ADAM C POWELL BOULEVARD,B,2025-09-12,2025-09-12,11/03/2025,10/20/2025,,,,583.0,9990517.0,"§ 27-2026, 2027 HMC: PROPERLY REPAIR THE SOURCE AND ABATE THE EVIDENCE OF A WATER LEAK AT THE CEILING IN THE 3rd ROOM FROM EAST LOCATED AT APT 5A, 5th STORY, 1st APARTMENT FROM NORTH AT EAST",2025-09-15,2.0,NOV SENT OUT,09/15/2025,Original,Open,N,2025,2025.0
SAMUEL (CITY),MANHATTAN,664,9/26/24,2407 A C POWELL BOULEVARD,2407.0,ADAM C POWELL BOULEVARD,2407 ADAM C POWELL BOULEVARD,18224173,3587,145239.0,1,2407,2407,2407,ADAM C POWELL BOULEVARD,B,2025-09-12,2025-09-15,11/04/2025,10/21/2025,,,,502.0,9993615.0,"§ 27-2005 ADM CODE PROPERLY REPAIR WITH SIMILAR MATERIAL THE BROKEN OR DEFECTIVE MOUNTED WOODEN CABINET AT WEST WALL IN THE KITCHEN LOCATED AT APT 5A, 5th STORY, 1st APARTMENT FROM NORTH AT EAST",2025-09-16,2.0,NOV SENT OUT,09/16/2025,Original,Open,N,2025,2025.0
SAMUEL (CITY),MANHATTAN,664,9/26/24,2407 A C POWELL BOULEVARD,2407.0,ADAM C POWELL BOULEVARD,2407 ADAM C POWELL BOULEVARD,18224174,3587,145239.0,1,2407,2407,2407,ADAM C POWELL BOULEVARD,C,2025-09-12,2025-09-12,10/04/2025,09/29/2025,,,,530.0,9990519.0,"§ 27-2005, 27-2007, 27-2041.1 HMC, §238, § 309; § 107 (2) ( C) MDL AND 28 RCNY §25-171: REPLACE OR REPAIR THE SELF-CLOSING DOORS THAT IS MISSING OR DEFECTIVE HINGES TO DOOR IN THE ENTRANCE LOCATED AT APT 5A, 5th STORY, 1st APARTMENT FROM NORTH AT EAST",2025-09-15,2.0,NOV SENT OUT,09/15/2025,Original,Open,N,2025,2025.0
SAMUEL (CITY),MANHATTAN,664,9/26/24,2407 A C POWELL BOULEVARD,2407.0,ADAM C POWELL BOULEVARD,2407 ADAM C POWELL BOULEVARD,18025418,3587,145239.0,1,2407,2407,2407,ADAM C POWELL BOULEVARD,C,2025-06-12,2025-06-13,07/05/2025,06/30/2025,,,07/01/2025,530.0,9869378.0,"§ 27-2005, 27-2007, 27-2041.1 HMC, §238, § 309; § 107 (2) ( C) MDL AND 28 RCNY §25-171: REPLACE OR REPAIR THE SELF-CLOSING DOORS THAT IS MISSING OR DEFECTIVE HINGES AT HOPPER CHUTE DOOR AT PUBLIC HALL, 4th STORY",2025-06-16,21.0,NOT COMPLIED WITH,07/06/2025,Original,Open,N,2025,2025.0
SAMUEL (CITY),MANHATTAN,664,9/26/24,2407 A C POWELL BOULEVARD,2407.0,ADAM C POWELL BOULEVARD,2407 ADAM C POWELL BOULEVARD,18080041,3587,145239.0,1,2407,2407,2407,ADAM C POWELL BOULEVARD,C,2025-07-05,2025-07-06,07/26/2025,07/21/2025,,,,530.0,9895966.0,"§ 27-2005, 27-2007, 27-2041.1 HMC, §238, § 309; § 107 (2) ( C) MDL AND 28 RCNY §25-171: REPLACE OR REPAIR THE SELF-CLOSING DOORS THAT IS MISSING OR DEFECTIVE LATCH SET AT BUILDING ENTRANCE DOOR",2025-07-07,2.0,NOV SENT OUT,07/07/2025,Original,Open,N,2025,2025.0
SAMUEL (CITY),MANHATTAN,664,9/26/24,2407 A C POWELL BOULEVARD,2407.0,ADAM C POWELL BOULEVARD,2407 ADAM C POWELL BOULEVARD,17949459,3587,145239.0,1,2407,2407,2407,ADAM C POWELL BOULEVARD,A,2025-06-04,2025-06-04,09/21/2025,09/07/2025,,,,1507.0,9783970.0,"(A) § HMC:FILE ANNUAL BEDBUG REPORT IN ACCORDANCE WITH HPD RULE AS DESCRIBED ON THE BACK OF THIS NOTICE OF VIOLATION OR AS DESCRIBED ON HPDS WEBSITE, WWW.NYC.GOV\HPD, SEARCH BED BUGS.",2025-06-04,2.0,NOV SENT OUT,06/04/2025,Original,Open,N,2025,2025.0
SAMUEL (CITY),MANHATTAN,664,9/26/24,125 WEST 144 STREET,125.0,WEST 144 STREET,125 WEST 144 STREET,17582997,41779,145217.0,1,125,125,127,WEST 144 STREET,C,2024-12-28,2024-12-29,01/30/2025,01/25/2025,,,,567.0,9555690.0,"HMC ADM CODE: § 27-2017.4 ABATE THE INFESTATION CONSISTING OF RODENTS RATS AT PUBLIC HALL STAIRS, 1st STORY",2024-12-30,2.0,NOV SENT OUT,12/30/2024,Original,Open,Y,2024,2024.0
SAMUEL (CITY),MANHATTAN,664,9/26/24,125 WEST 144 STREET,125.0,WEST 144 STREET,125 WEST 144 STREET,17949814,41779,145217.0,1,125,125,127,WEST 144 STREET,A,2025-06-04,2025-06-04,09/21/2025,09/07/2025,,,,1507.0,9790544.0,"(A) § HMC:FILE ANNUAL BEDBUG REPORT IN ACCORDANCE WITH HPD RULE AS DESCRIBED ON THE BACK OF THIS NOTICE OF VIOLATION OR AS DESCRIBED ON HPDS WEBSITE, WWW.NYC.GOV\HPD, SEARCH BED BUGS.",2025-06-04,2.0,NOV SENT OUT,06/04/2025,Original,Open,N,2025,2025.0
SAMUEL (CITY),MANHATTAN,664,9/26/24,125 WEST 144 STREET,125.0,WEST 144 STREET,125 WEST 144 STREET,8266140,41779,145217.0,1,125,125,127,WEST 144 STREET,B,2010-02-01,2010-02-04,03/26/2010,03/12/2010,,,,508.0,3862632.0,"§ 27-2005 ADM CODE REPAIR THE BROKEN OR DEFECTIVE PLASTERED SURFACES AND PAINT IN A UNIFORM COLOR CEILING IN THE 1st ROOM FROM EAST LOCATED AT APT 5C, 5th STORY, 1st APARTMENT FROM EAST AT SOUTH",2010-02-05,19.0,VIOLATION CLOSED,09/01/2022,Original,Close,N,2010,2010.0
SAMUEL (CITY),MANHATTAN,664,9/26/24,125 WEST 144 STREET,125.0,WEST 144 STREET,125 WEST 144 STREET,17582994,41779,145217.0,1,125,125,127,WEST 144 STREET,C,2024-12-28,2024-12-29,01/12/2025,01/05/2025,,,,510.0,9555689.0,"§ 27-2005 ADM CODE & 309 M/D LAW ABATE THE NUISANCE CONSISTING OF HOT WATER TEMPERATURE EXCEEDING 130 FAHRENHEITS AT ALL HOT WATER FIXTURES IN THE ENTIRE APARTMENT LOCATED AT APT 3C, 3rd STORY, 1st APARTMENT FROM EAST AT SOUTH",2024-12-30,19.0,VIOLATION CLOSED,03/31/2025,Original,Close,N,2024,2024.0
SAMUEL (CITY),MANHATTAN,664,9/26/24,125 WEST 144 STREET,125.0,WEST 144 STREET,125 WEST 144 STREET,18188355,41779,145217.0,1,125,125,127,WEST 144 STREET,C,2025-08-26,2025-08-26,09/15/2025,09/10/2025,,,09/11/2025,530.0,9968102.0,"§ 27-2005, 27-2007, 27-2041.1 HMC, §238, § 309; § 107 (2) ( C) MDL AND 28 RCNY §25-171: REPLACE OR REPAIR THE SELF-CLOSING DOORS THAT IS MISSING OR DEFECTIVE LATCH AT BUILDING ENTRANCE DOOR AT PUBLIC HALL, 1st STORY",2025-08-27,8.0,FALSE CERTIFICATION,09/19/2025,Original,Open,N,2025,2025.0
SAMUEL (CITY),MANHATTAN,664,9/26/24,125 WEST 144 STREET,125.0,WEST 144 STREET,125 WEST 144 STREET,18188346,41779,145217.0,1,125,125,127,WEST 144 STREET,B,2025-08-26,2025-08-26,10/15/2025,10/01/2025,,,,502.0,9968099.0,"§ 27-2005 ADM CODE PROPERLY REPAIR WITH SIMILAR MATERIAL THE BROKEN OR DEFECTIVE VINYL FLOOR TILES IN THE KITCHEN LOCATED AT APT 2B, 2nd STORY, 1st APARTMENT FROM NORTH AT EAST",2025-08-27,2.0,NOV SENT OUT,08/27/2025,Original,Open,N,2025,2025.0
SAMUEL (CITY),MANHATTAN,664,9/26/24,125 WEST 144 STREET,125.0,WEST 144 STREET,125 WEST 144 STREET,18188348,41779,145217.0,1,125,125,127,WEST 144 STREET,B,2025-08-26,2025-08-26,10/15/2025,10/01/2025,,,,508.0,9968099.0,"§ 27-2005 ADM CODE REPAIR THE BROKEN OR DEFECTIVE PLASTERED SURFACES AND PAINT IN A UNIFORM COLOR AT CEILING NORTH WALL AND WEST WALL IN THE 2nd BATHROOM FROM NORTH LOCATED AT APT 2B, 2nd STORY, 1st APARTMENT FROM NORTH AT EAST",2025-08-27,2.0,NOV SENT OUT,08/27/2025,Original,Open,N,2025,2025.0
SAMUEL (CITY),MANHATTAN,664,9/26/24,125 WEST 144 STREET,125.0,WEST 144 STREET,125 WEST 144 STREET,18188353,41779,145217.0,1,125,125,127,WEST 144 STREET,B,2025-08-26,2025-08-26,10/15/2025,10/01/2025,,,,508.0,9968099.0,"§ 27-2005 ADM CODE REPAIR THE BROKEN OR DEFECTIVE PLASTERED SURFACES AND PAINT IN A UNIFORM COLOR AT WEST WALL IN THE 1st BATHROOM FROM NORTH LOCATED AT APT 2B, 2nd STORY, 1st APARTMENT FROM NORTH AT EAST",2025-08-27,2.0,NOV SENT OUT,08/27/2025,Original,Open,N,2025,2025.0
SAMUEL (CITY),MANHATTAN,664,9/26/24,125 WEST 144 STREET,125.0,WEST 144 STREET,125 WEST 144 STREET,17582999,41779,145217.0,1,125,125,127,WEST 144 STREET,C,2024-12-28,2024-12-29,01/18/2025,01/13/2025,,,03/14/2025,530.0,9555691.0,"§ 27-2005, 27-2007, 27-2041.1 HMC, §238, § 309; § 107 (2) ( C) MDL AND 28 RCNY §25-171: REPLACE OR REPAIR THE SELF-CLOSING DOORS THAT IS MISSING OR DEFECTIVE HINGES AT VESTIBULE DOOR AT PUBLIC HALL, 1st STORY",2024-12-30,19.0,VIOLATION CLOSED,06/13/2025,Original,Close,N,2024,2024.0
SAMUEL (CITY),MANHATTAN,664,9/26/24,125 WEST 144 STREET,125.0,WEST 144 STREET,125 WEST 144 STREET,17582998,41779,145217.0,1,125,125,127,WEST 144 STREET,C,2024-12-28,2024-12-29,01/18/2025,01/13/2025,,,03/14/2025,530.0,9555691.0,"§ 27-2005, 27-2007, 27-2041.1 HMC, §238, § 309; § 107 (2) ( C) MDL AND 28 RCNY §25-171: REPLACE OR REPAIR THE SELF-CLOSING DOORS THAT IS MISSING OR DEFECTIVE LATCH SET AT BUILDING FRONT ENTRANCE DOOR AT PUBLIC HALL, 1st STORY",2024-12-30,19.0,VIOLATION CLOSED,06/13/2025,Original,Close,N,2024,2024.0
SAMUEL (CITY),MANHATTAN,664,9/26/24,125 WEST 144 STREET,125.0,WEST 144 STREET,125 WEST 144 STREET,17582995,41779,145217.0,1,125,125,127,WEST 144 STREET,B,2024-12-28,2024-12-29,02/17/2025,02/03/2025,,,03/14/2025,702.0,9555688.0,"§ 27-2045 ADM CODE REPAIR OR REPLACE THE SMOKE DETECTOR DEFECTIVE IN THE ENTIRE APARTMENT LOCATED AT APT 3C, 3rd STORY, 1st APARTMENT FROM EAST AT SOUTH",2024-12-30,4.0,NOV CERTIFIED LATE,03/14/2025,Original,Open,N,2024,2024.0
SAMUEL (CITY),MANHATTAN,664,9/26/24,125 WEST 144 STREET,125.0,WEST 144 STREET,125 WEST 144 STREET,17582996,41779,145217.0,1,125,125,127,WEST 144 STREET,B,2024-12-28,2024-12-29,02/17/2025,02/03/2025,,,03/14/2025,1503.0,9555688.0,"§ 27-2046.1 HMC: REPAIR OR REPLACE THE CARBON MONOXIDE DETECTING DEVICE(S). DEFECTIVE IN THE ENTIRE APARTMENT LOCATED AT APT 3C, 3rd STORY, 1st APARTMENT FROM EAST AT SOUTH",2024-12-30,4.0,NOV CERTIFIED LATE,03/14/2025,Original,Open,N,2024,2024.0
SAMUEL (CITY),MANHATTAN,664,9/26/24,125 WEST 144 STREET,125.0,WEST 144 STREET,125 WEST 144 STREET,18188345,41779,145217.0,1,125,125,127,WEST 144 STREET,B,2025-08-26,2025-08-26,10/15/2025,10/01/2025,,,,508.0,9968099.0,"§ 27-2005 ADM CODE REPAIR THE BROKEN OR DEFECTIVE PLASTERED SURFACES AND PAINT IN A UNIFORM COLOR AT CEING AND NORTH WALL IN THE KITCHEN LOCATED AT APT 2B, 2nd STORY, 1st APARTMENT FROM NORTH AT EAST",2025-08-27,2.0,NOV SENT OUT,08/27/2025,Original,Open,N,2025,2025.0
SAMUEL (CITY),MANHATTAN,664,9/26/24,125 WEST 144 STREET,125.0,WEST 144 STREET,125 WEST 144 STREET,18188347,41779,145217.0,1,125,125,127,WEST 144 STREET,B,2025-08-26,2025-08-26,10/15/2025,10/01/2025,,,,583.0,9968099.0,"§ 27-2026, 2027 HMC: PROPERLY REPAIR THE SOURCE AND ABATE THE EVIDENCE OF A WATER LEAK AT CEILING NORTH WALL AND EAST WALL IN THE 2nd BATHROOM FROM NORTH LOCATED AT APT 2B, 2nd STORY, 1st APARTMENT FROM NORTH AT EAST",2025-08-27,2.0,NOV SENT OUT,08/27/2025,Original,Open,N,2025,2025.0
SAMUEL (CITY),MANHATTAN,664,9/26/24,125 WEST 144 STREET,125.0,WEST 144 STREET,125 WEST 144 STREET,18188349,41779,145217.0,1,125,125,127,WEST 144 STREET,A,2025-08-26,2025-08-26,12/14/2025,11/30/2025,,,,556.0,9968097.0,"§ 27-2013 ADM CODE PAINT WITH LIGHT COLORED PAINT TO THE SATISFACTION OF THIS DEPARTMENT AT ALL WALLS IN THE 1st ROOM FROM NORTH LOCATED AT APT 2B, 2nd STORY, 1st APARTMENT FROM NORTH AT EAST",2025-08-27,2.0,NOV SENT OUT,08/27/2025,Original,Open,N,2025,2025.0
SAMUEL (CITY),MANHATTAN,664,9/26/24,125 WEST 144 STREET,125.0,WEST 144 STREET,125 WEST 144 STREET,18188350,41779,145217.0,1,125,125,127,WEST 144 STREET,B,2025-08-26,2025-08-26,10/15/2025,10/01/2025,,,,502.0,9968099.0,"§ 27-2005 ADM CODE PROPERLY REPAIR WITH SIMILAR MATERIAL THE BROKEN OR DEFECTIVE WOOD PARQUET FFOOR TILES IN THE 1st ROOM FROM NORTH LOCATED AT APT 2B, 2nd STORY, 1st APARTMENT FROM NORTH AT EAST",2025-08-27,2.0,NOV SENT OUT,08/27/2025,Original,Open,N,2025,2025.0
SAMUEL (CITY),MANHATTAN,664,9/26/24,125 WEST 144 STREET,125.0,WEST 144 STREET,125 WEST 144 STREET,18188351,41779,145217.0,1,125,125,127,WEST 144 STREET,A,2025-08-26,2025-08-26,12/14/2025,11/30/2025,,,,550.0,9968098.0,"§ 27-2017.3 HMC: TRACE AND REPAIR THE SOURCE AND ABATE THE VISIBLE MOLD CONDITION... LESS THAN 10 SQ FT AT CEILING IN THE 1st BATHROOM FROM NORTH LOCATED AT APT 2B, 2nd STORY, 1st APARTMENT FROM NORTH AT EAST",2025-08-27,47.0,NOTICE OF ISSUANCE SENT TO TENANT,08/27/2025,Original,Open,N,2025,2025.0
SAMUEL (CITY),MANHATTAN,664,9/26/24,125 WEST 144 STREET,125.0,WEST 144 STREET,125 WEST 144 STREET,18188352,41779,145217.0,1,125,125,127,WEST 144 STREET,B,2025-08-26,2025-08-26,10/15/2025,10/01/2025,,,,508.0,9968099.0,"§ 27-2005 ADM CODE REPAIR THE BROKEN OR DEFECTIVE PLASTERED SURFACES AND PAINT IN A UNIFORM COLOR AT CEILING IN THE 1st BATHROOM FROM NORTH LOCATED AT APT 2B, 2nd STORY, 1st APARTMENT FROM NORTH AT EAST",2025-08-27,2.0,NOV SENT OUT,08/27/2025,Original,Open,N,2025,2025.0
SAMUEL (CITY),MANHATTAN,664,9/26/24,125 WEST 144 STREET,125.0,WEST 144 STREET,125 WEST 144 STREET,18188356,41779,145217.0,1,125,125,127,WEST 144 STREET,B,2025-08-26,2025-08-26,10/15/2025,10/01/2025,,,,501.0,9968100.0,"§ 27-2005 HMC: PROPERLY REPAIR OR REPLACE THE BROKEN OR DEFECTIVE LATCH AND ASSEMBLY AT BUILDING ENTRANCE DOOR AT PUBLIC HALL, 1st STORY",2025-08-27,2.0,NOV SENT OUT,08/27/2025,Original,Open,N,2025,2025.0
SAMUEL (CITY),MANHATTAN,664,9/26/24,125 WEST 144 STREET,125.0,WEST 144 STREET,125 WEST 144 STREET,18188343,41779,145217.0,1,125,125,127,WEST 144 STREET,C,2025-08-26,2025-08-26,09/27/2025,09/22/2025,,,09/26/2025,568.0,9968101.0,"HMC ADM CODE: § 27-2017.4 ABATE THE INFESTATION CONSISTING OF ROACHES IN THE ENTIRE APARTMENT LOCATED AT APT 2B, 2nd STORY, 1st APARTMENT FROM NORTH AT EAST",2025-08-27,10.0,CIV14 MAILED,09/30/2025,Original,Open,N,2025,2025.0
SAMUEL (CITY),MANHATTAN,664,9/26/24,125 WEST 144 STREET,125.0,WEST 144 STREET,125 WEST 144 STREET,18188344,41779,145217.0,1,125,125,127,WEST 144 STREET,C,2025-08-26,2025-08-26,09/27/2025,09/22/2025,,,09/26/2025,569.0,9968101.0,"HMC ADM CODE: § 27-2017.4 ABATE THE INFESTATION CONSISTING OF MICE IN THE ENTIRE APARTMENT LOCATED AT APT 2B, 2nd STORY, 1st APARTMENT FROM NORTH AT EAST",2025-08-27,10.0,CIV14 MAILED,09/30/2025,Original,Open,N,2025,2025.0
SAMUEL (CITY),MANHATTAN,664,9/26/24,116 WEST 139 STREET,116.0,WEST 139 STREET,116 WEST 139 STREET,3123238,41277,144913.0,1,116,116,116,WEST 139 STREET,B,1974-01-25,1973-08-28,10/09/2007,09/25/2007,,,,552.0,3054808.0,"D26-11.01, 11.03, 11.05 ADM CODE REMOVE THE ACCUMULATION OF REFUSE AND/OR RUBBISH AND MAINTAIN IN A CLEAN CONDITION THE CENTER EAST AIRSHAFT.",2007-08-21,2.0,NOV SENT OUT,08/21/2007,Reissued,Open,N,1974,2007.0
SAMUEL (CITY),MANHATTAN,664,9/26/24,116 WEST 139 STREET,116.0,WEST 139 STREET,116 WEST 139 STREET,3123232,41277,144913.0,1,116,116,116,WEST 139 STREET,A,1972-08-23,1969-06-16,12/08/2007,11/24/2007,,,,552.0,3054807.0,"D26-11.01, 11.03, 11.05 ADM CODE REMOVE THE ACCUMULATION OF REFUSE AND/OR RUBBISH AND MAINTAIN IN A CLEAN CONDITION THE EAST AND WEST SHAFTS AND EAST COURT.",2007-08-21,2.0,NOV SENT OUT,08/21/2007,Reissued,Open,N,1972,2007.0
SAMUEL (CITY),MANHATTAN,664,9/26/24,116 WEST 139 STREET,116.0,WEST 139 STREET,116 WEST 139 STREET,3123233,41277,144913.0,1,116,116,116,WEST 139 STREET,C,1972-03-20,1969-11-25,09/01/2007,08/27/2007,,,,567.0,3054809.0,"D26-13.03 ADM CODE ABATE THE NUISANCE CONSISTING OF RODENTS RAT EXCRETA PRESENT AT WALL OF KITCHEN 5TH STORY EAST APT 5E. , SECTION '' ''",2007-08-21,2.0,NOV SENT OUT,08/21/2007,Reissued,Open,Y,1972,2007.0
SAMUEL (CITY),MANHATTAN,664,9/26/24,116 WEST 139 STREET,116.0,WEST 139 STREET,116 WEST 139 STREET,3123234,41277,144913.0,1,116,116,116,WEST 139 STREET,A,1972-08-23,1970-04-30,12/08/2007,11/24/2007,,,,552.0,3054807.0,"D26-11.01, 11.03, 11.05 ADM CODE REMOVE THE ACCUMULATION OF REFUSE AND/OR RUBBISH AND MAINTAIN IN A CLEAN CONDITION THE ROOF YARD AND EAST AND WEST COURT AREAWAYS.",2007-08-21,2.0,NOV SENT OUT,08/21/2007,Reissued,Open,N,1972,2007.0
SAMUEL (CITY),MANHATTAN,664,9/26/24,116 WEST 139 STREET,116.0,WEST 139 STREET,116 WEST 139 STREET,3123235,41277,144913.0,1,116,116,116,WEST 139 STREET,B,1974-01-25,1973-08-16,10/09/2007,09/25/2007,,,,552.0,3054808.0,"D26-11.01, 11.03, 11.05 ADM CODE REMOVE THE ACCUMULATION OF REFUSE AND/OR RUBBISH AND MAINTAIN IN A CLEAN CONDITION THE ROOF & REAR YARD.",2007-08-21,2.0,NOV SENT OUT,08/21/2007,Reissued,Open,N,1974,2007.0
SAMUEL (CITY),MANHATTAN,664,9/26/24,116 WEST 139 STREET,116.0,WEST 139 STREET,116 WEST 139 STREET,3123236,41277,144913.0,1,116,116,116,WEST 139 STREET,B,1974-01-25,1973-08-28,10/09/2007,09/25/2007,,,,552.0,3054808.0,"D26-11.01, 11.03, 11.05 ADM CODE REMOVE THE ACCUMULATION OF REFUSE AND/OR RUBBISH AND MAINTAIN IN A CLEAN CONDITION THE FRONT EAST AIRSHAFT.",2007-08-21,2.0,NOV SENT OUT,08/21/2007,Reissued,Open,N,1974,2007.0
SAMUEL (CITY),MANHATTAN,664,9/26/24,116 WEST 139 STREET,116.0,WEST 139 STREET,116 WEST 139 STREET,3123237,41277,144913.0,1,116,116,116,WEST 139 STREET,B,1974-01-25,1973-08-28,10/09/2007,09/25/2007,,,,552.0,3054808.0,"D26-11.01, 11.03, 11.05 ADM CODE REMOVE THE ACCUMULATION OF REFUSE AND/OR RUBBISH AND MAINTAIN IN A CLEAN CONDITION THE FRONT WEST AIRSHAFT.",2007-08-21,2.0,NOV SENT OUT,08/21/2007,Reissued,Open,N,1974,2007.0
SAMUEL (CITY),MANHATTAN,664,9/26/24,116 WEST 139 STREET,116.0,WEST 139 STREET,116 WEST 139 STREET,3123239,41277,144913.0,1,116,116,116,WEST 139 STREET,B,1974-01-25,1973-08-28,10/09/2007,09/25/2007,,,,552.0,3054808.0,"D26-11.01, 11.03, 11.05 ADM CODE REMOVE THE ACCUMULATION OF REFUSE AND/OR RUBBISH AND MAINTAIN IN A CLEAN CONDITION THE CENTER WEST AIRSHAFT.",2007-08-21,2.0,NOV SENT OUT,08/21/2007,Reissued,Open,N,1974,2007.0
SAMUEL (CITY),MANHATTAN,664,9/26/24,116 WEST 139 STREET,116.0,WEST 139 STREET,116 WEST 139 STREET,3123240,41277,144913.0,1,116,116,116,WEST 139 STREET,B,1974-01-25,1973-08-28,10/09/2007,09/25/2007,,,,552.0,3054808.0,"D26-11.01, 11.03, 11.05 ADM CODE REMOVE THE ACCUMULATION OF REFUSE AND/OR RUBBISH AND MAINTAIN IN A CLEAN CONDITION THE REAR YARD.",2007-08-21,2.0,NOV SENT OUT,08/21/2007,Reissued,Open,N,1974,2007.0
SAMUEL (CITY),MANHATTAN,664,9/26/24,116 WEST 139 STREET,116.0,WEST 139 STREET,116 WEST 139 STREET,3123241,41277,144913.0,1,116,116,116,WEST 139 STREET,B,1974-01-25,1973-08-28,10/09/2007,09/25/2007,,,,552.0,3054808.0,"D26-11.01, 11.03, 11.05 ADM CODE REMOVE THE ACCUMULATION OF REFUSE AND/OR RUBBISH AND MAINTAIN IN A CLEAN CONDITION THE REAR EAST COURT.",2007-08-21,2.0,NOV SENT OUT,08/21/2007,Reissued,Open,N,1974,2007.0
SAMUEL (CITY),MANHATTAN,664,9/26/24,116 WEST 139 STREET,116.0,WEST 139 STREET,116 WEST 139 STREET,3123242,41277,144913.0,1,116,116,116,WEST 139 STREET,B,1974-01-25,1973-08-28,10/09/2007,09/25/2007,,,,552.0,3054808.0,"D26-11.01, 11.03, 11.05 ADM CODE REMOVE THE ACCUMULATION OF REFUSE AND/OR RUBBISH AND MAINTAIN IN A CLEAN CONDITION THE REAR WEST COURT.",2007-08-21,2.0,NOV SENT OUT,08/21/2007,Reissued,Open,N,1974,2007.0
SAMUEL (CITY),MANHATTAN,664,9/26/24,116 WEST 139 STREET,116.0,WEST 139 STREET,116 WEST 139 STREET,3123243,41277,144913.0,1,116,116,116,WEST 139 STREET,B,1974-01-25,1973-08-28,10/09/2007,09/25/2007,,,,539.0,3054808.0,"D26-10.01, 10.05 ADM CODE AND DEPT. RULES AND REGULATIONS. REMOVE THE ENCUMBRANCE OBSTRUCTING EGRESS FROM FIRE ESCAPES 2 3 4 STORY BALCONIES REAR FIRE ESCAPE.",2007-08-21,2.0,NOV SENT OUT,08/21/2007,Reissued,Open,N,1974,2007.0
SAMUEL (CITY),MANHATTAN,664,9/26/24,116 WEST 139 STREET,116.0,WEST 139 STREET,116 WEST 139 STREET,3123244,41277,144913.0,1,116,116,116,WEST 139 STREET,A,1973-11-28,1973-11-28,12/08/2007,11/24/2007,,,,552.0,3054807.0,"D26-11.01, 11.03, 11.05 ADM CODE REMOVE THE ACCUMULATION OF REFUSE AND/OR RUBBISH AND MAINTAIN IN A CLEAN CONDITION THE CELLAR THROUGHOUT & FRONT AREAWAY.",2007-08-21,2.0,NOV SENT OUT,08/21/2007,Reissued,Open,N,1973,2007.0
SAMUEL (CITY),MANHATTAN,664,9/26/24,116 WEST 139 STREET,116.0,WEST 139 STREET,116 WEST 139 STREET,3123245,41277,144913.0,1,116,116,116,WEST 139 STREET,A,1973-12-13,1973-12-13,12/08/2007,11/24/2007,,,,552.0,3054807.0,"D26-11.01, 11.03, 11.05 ADM CODE REMOVE THE ACCUMULATION OF REFUSE AND/OR RUBBISH AND MAINTAIN IN A CLEAN CONDITION THE FRONT AREAWAY.",2007-08-21,2.0,NOV SENT OUT,08/21/2007,Reissued,Open,N,1973,2007.0
SAMUEL (CITY),MANHATTAN,664,9/26/24,116 WEST 139 STREET,116.0,WEST 139 STREET,116 WEST 139 STREET,3123246,41277,144913.0,1,116,116,116,WEST 139 STREET,B,1978-08-31,1978-08-31,10/09/2007,09/25/2007,,,,552.0,3054808.0,"D26-11.01, 11.03, 11.05 ADM CODE REMOVE THE ACCUMULATION OF REFUSE AND/OR RUBBISH AND MAINTAIN IN A CLEAN CONDITION THE FRONT AREAWAY.",2007-08-21,2.0,NOV SENT OUT,08/21/2007,Reissued,Open,N,1978,2007.0
SAMUEL (CITY),MANHATTAN,664,9/26/24,116 WEST 139 STREET,116.0,WEST 139 STREET,116 WEST 139 STREET,3123247,41277,144913.0,1,116,116,116,WEST 139 STREET,B,1998-11-29,1998-11-29,10/09/2007,09/25/2007,,,,686.0,3054808.0,§ 27-2040 ADM CODE PROVIDE ADEQUATE LIGHTING AT OR NEAR THE OUTSIDE OF THE FRONT ENTRANCEWAY OF THE BUILDING AND KEEP SAME BURNING FROM SUNSET EVERY DAY TO SUNRISE ON THE DAY FOLLOWING 100 WATTS MINIMUM REQUIRED FIXTURE PRESENT LIGHT NOT ON.,2007-08-21,2.0,NOV SENT OUT,08/21/2007,Reissued,Open,N,1998,2007.0
SAMUEL (CITY),MANHATTAN,664,9/26/24,116 WEST 139 STREET,116.0,WEST 139 STREET,116 WEST 139 STREET,3814449,41277,144913.0,1,116,116,116,WEST 139 STREET,A,2001-05-02,2001-05-02,12/08/2007,11/24/2007,,,,772.0,3054807.0,§ 27-2098 ADM CODE FILE WITH THIS DEPARTMENT A REGISTRATION STATEMENT FOR BUILDING.,2007-08-21,9.0,VIOLATION DISMISSED,03/10/2015,Reissued,Close,Y,2001,2007.0
SAMUEL (CITY),MANHATTAN,664,9/26/24,116 WEST 139 STREET,116.0,WEST 139 STREET,116 WEST 139 STREET,17949742,41277,144913.0,1,116,116,116,WEST 139 STREET,A,2025-06-04,2025-06-04,09/21/2025,09/07/2025,,,,1507.0,9790376.0,"(A) § HMC:FILE ANNUAL BEDBUG REPORT IN ACCORDANCE WITH HPD RULE AS DESCRIBED ON THE BACK OF THIS NOTICE OF VIOLATION OR AS DESCRIBED ON HPDS WEBSITE, WWW.NYC.GOV\HPD, SEARCH BED BUGS.",2025-06-04,2.0,NOV SENT OUT,06/04/2025,Original,Open,N,2025,2025.0
SAMUEL (CITY),MANHATTAN,664,9/26/24,112 WEST 139 STREET,112.0,WEST 139 STREET,112 WEST 139 STREET,17512684,41275,145240.0,1,112,112,112,WEST 139 STREET,C,2024-12-05,2024-12-06,12/22/2024,12/15/2024,,,,672.0,9525572.0,§ 27-2033 ADM CODE PROVIDE READY ACCESS TO BUILDINGS HEATING SYSTEM LOCKED DOOR AT CELLAR AT BOILER ROOM,2024-12-09,2.0,NOV SENT OUT,12/09/2024,Original,Open,N,2024,2024.0
SAMUEL (CITY),MANHATTAN,664,9/26/24,112 WEST 139 STREET,112.0,WEST 139 STREET,112 WEST 139 STREET,17512682,41275,145240.0,1,112,112,112,WEST 139 STREET,C,2024-12-05,2024-12-06,12/22/2024,12/15/2024,,,,510.0,9525575.0,"§ 27-2005 ADM CODE & 309 M/D LAW ABATE THE NUISANCE CONSISTING OF SCALDING HOT WATER EXCEEDING 130 DEGREES AT ALL HOT WATER FIXTURES IN THE ENTIRE APARTMENT LOCATED AT APT 4B, 4th STORY, 1st APARTMENT FROM WEST AT NORTH",2024-12-09,2.0,NOV SENT OUT,12/09/2024,Original,Open,N,2024,2024.0
SAMUEL (CITY),MANHATTAN,664,9/26/24,112 WEST 139 STREET,112.0,WEST 139 STREET,112 WEST 139 STREET,17512685,41275,145240.0,1,112,112,112,WEST 139 STREET,C,2024-12-05,2024-12-06,12/22/2024,12/15/2024,,,,510.0,9525572.0,"§ 27-2005 ADM CODE & 309 M/D LAW ABATE THE NUISANCE CONSISTING OF SCALDING HOT WATER EXCEEDING 130 DEGREES AT ALL HOT WATER FIXTURES IN THE ENTIRE APARTMENT LOCATED AT APT 5A, 5th STORY, 1st APARTMENT FROM EAST AT SOUTH",2024-12-09,19.0,VIOLATION CLOSED,03/22/2025,Original,Close,N,2024,2024.0
SAMUEL (CITY),MANHATTAN,664,9/26/24,112 WEST 139 STREET,112.0,WEST 139 STREET,112 WEST 139 STREET,17512687,41275,145240.0,1,112,112,112,WEST 139 STREET,C,2024-12-05,2024-12-06,12/22/2024,12/15/2024,,,,510.0,9525573.0,"§ 27-2005 ADM CODE & 309 M/D LAW ABATE THE NUISANCE CONSISTING OF SCALDING HOT WATER EXCEEDING 130 DEGREES AT ALL HOT WATER FIXTURES IN THE ENTIRE APARTMENT LOCATED AT APT 5B, 5th STORY, 1st APARTMENT FROM WEST AT NORTH",2024-12-09,19.0,VIOLATION CLOSED,03/22/2025,Original,Close,N,2024,2024.0
SAMUEL (CITY),MANHATTAN,664,9/26/24,112 WEST 139 STREET,112.0,WEST 139 STREET,112 WEST 139 STREET,17512688,41275,145240.0,1,112,112,112,WEST 139 STREET,C,2024-12-05,2024-12-06,12/22/2024,12/15/2024,,,,501.0,9525574.0,"§ 27-2005 HMC: PROPERLY REPAIR OR REPLACE THE BROKEN OR DEFECTIVE LOCK ASSEMBLY AT BUILDING ENTRANCE DOOR , 1st STORY",2024-12-09,2.0,NOV SENT OUT,12/09/2024,Original,Open,N,2024,2024.0
SAMUEL (CITY),MANHATTAN,664,9/26/24,112 WEST 139 STREET,112.0,WEST 139 STREET,112 WEST 139 STREET,17548614,41275,145240.0,1,112,112,112,WEST 139 STREET,A,2024-12-09,2024-12-10,03/30/2025,03/16/2025,,,03/14/2025,556.0,9530497.0,"§ 27-2013 ADM CODE PAINT WITH LIGHT COLORED PAINT TO THE SATISFACTION OF THIS DEPARTMENT ALL PEELING PAINT SURFACES IN THE FOYER , THE 2nd ROOM FROM NORTH AT EAST, THE 3rd ROOM FROM NORTH AT EAST LOCATED AT APT 5A, 5th STORY, 1st APARTMENT FROM EAST AT SOUTH",2024-12-11,9.0,VIOLATION DISMISSED,05/27/2025,Original,Close,N,2024,2024.0
SAMUEL (CITY),MANHATTAN,664,9/26/24,112 WEST 139 STREET,112.0,WEST 139 STREET,112 WEST 139 STREET,18218054,41275,145240.0,1,112,112,112,WEST 139 STREET,B,2025-09-10,2025-09-10,10/30/2025,10/16/2025,,,,552.0,9987175.0,"§ 27-2010, 2011, 2012 ADM CODE REMOVE THE ACCUMULATION OF REFUSE AND/OR RUBBISH AND MAINTAIN IN A CLEAN CONDITION THE BLACK GARBAGE BAGS/DEBRIS AT BUILDING FRONT YARD",2025-09-11,2.0,NOV SENT OUT,09/11/2025,Original,Open,N,2025,2025.0
SAMUEL (CITY),MANHATTAN,664,9/26/24,112 WEST 139 STREET,112.0,WEST 139 STREET,112 WEST 139 STREET,17512683,41275,145240.0,1,112,112,112,WEST 139 STREET,C,2024-12-05,2024-12-06,12/18/2024,12/06/2024,,,,666.0,9524911.0,"§ 27-2029 ADM CODE PROVIDE AN ADEQUATE SUPPLY OF HEAT FOR THE APARTMENT IN THE ENTIRE APARTMENT LOCATED AT APT 5A, 5th STORY, 1st APARTMENT FROM EAST AT SOUTH",2024-12-09,2.0,NOV SENT OUT,12/09/2024,Original,Open,Y,2024,2024.0
SAMUEL (CITY),MANHATTAN,664,9/26/24,112 WEST 139 STREET,112.0,WEST 139 STREET,112 WEST 139 STREET,17512686,41275,145240.0,1,112,112,112,WEST 139 STREET,C,2024-12-05,2024-12-06,12/18/2024,12/06/2024,,,,666.0,9524911.0,"§ 27-2029 ADM CODE PROVIDE AN ADEQUATE SUPPLY OF HEAT FOR THE APARTMENT IN THE ENTIRE APARTMENT LOCATED AT APT 5B, 5th STORY, 1st APARTMENT FROM WEST AT NORTH",2024-12-09,2.0,NOV SENT OUT,12/09/2024,Original,Open,Y,2024,2024.0
SAMUEL (CITY),MANHATTAN,664,9/26/24,112 WEST 139 STREET,112.0,WEST 139 STREET,112 WEST 139 STREET,12060403,41275,145240.0,1,112,112,112,WEST 139 STREET,I,2017-11-09,2017-11-09,,,,,,780.0,,"§27-2107 ADM CODE OWNER FAILED TO FILE A VALID REGISTRATION STATEMENT WITH THE DEPARTMENT AS REQUIRED BY ADM CODE §27-2097 AND IS THEREFORE SUBJECT TO CIVIL PENALTIES, PROHIBITED FROM CERTIFYING VIOLATIONS, AND DENIED THE RIGHT TO RECOVER POSSESSION OF PREMISES FOR NONPAYMENT OF RENT UNTIL A VALID REGISTRATION STATEMENT IS FILED.",,9.0,VIOLATION DISMISSED,01/15/2019,,Close,N,2017,
SAMUEL (CITY),MANHATTAN,664,9/26/24,112 WEST 139 STREET,112.0,WEST 139 STREET,112 WEST 139 STREET,12637097,41275,145240.0,1,112,112,112,WEST 139 STREET,I,2018-10-10,2018-10-10,,,,,,780.0,,"§27-2107 ADM CODE OWNER FAILED TO FILE A VALID REGISTRATION STATEMENT WITH THE DEPARTMENT AS REQUIRED BY ADM CODE §27-2097 AND IS THEREFORE SUBJECT TO CIVIL PENALTIES, PROHIBITED FROM CERTIFYING VIOLATIONS, AND DENIED THE RIGHT TO RECOVER POSSESSION OF PREMISES FOR NONPAYMENT OF RENT UNTIL A VALID REGISTRATION STATEMENT IS FILED.",,9.0,VIOLATION DISMISSED,01/15/2019,,Close,N,2018,
SAMUEL (CITY),MANHATTAN,664,9/26/24,112 WEST 139 STREET,112.0,WEST 139 STREET,112 WEST 139 STREET,18218053,41275,145240.0,1,112,112,112,WEST 139 STREET,C,2025-09-10,2025-09-10,09/24/2025,09/17/2025,,,,501.0,9987176.0,"§ 27-2005 HMC: PROPERLY REPAIR OR REPLACE THE BROKEN OR DEFECTIVE UPPER GLASS PATIRION WALL AT SOUT HAT VESTIBULE AREA 1ST STORY PUBLIC HALL AT PUBLIC HALL, 1st STORY",2025-09-11,2.0,NOV SENT OUT,09/11/2025,Original,Open,N,2025,2025.0
SAMUEL (CITY),MANHATTAN,664,9/26/24,112 WEST 139 STREET,112.0,WEST 139 STREET,112 WEST 139 STREET,18218052,41275,145240.0,1,112,112,112,WEST 139 STREET,A,2025-09-10,2025-09-10,12/29/2025,12/15/2025,,,,556.0,9987173.0,"§ 27-2013 ADM CODE PAINT WITH LIGHT COLORED PAINT TO THE SATISFACTION OF THIS DEPARTMENT CEILING AND ALL WALLS AT VESTIBULE AREA AT PUBLIC HALL, 1st STORY",2025-09-11,2.0,NOV SENT OUT,09/11/2025,Original,Open,N,2025,2025.0
SAMUEL (CITY),MANHATTAN,664,9/26/24,112 WEST 139 STREET,112.0,WEST 139 STREET,112 WEST 139 STREET,18218055,41275,145240.0,1,112,112,112,WEST 139 STREET,C,2025-09-10,2025-09-10,10/12/2025,10/07/2025,,,,567.0,9987178.0,"567 (C) § 27-2017, 27-2017.1, 27-2017.4, 27-2017.5, 27-2017.8, 27-2019, 27-2021 HMC: ABATE THE NUISANCE CONSISTING OF EVIDENCE OF RATS AND ALL UNDERLYING CAUSES CREATING THE PEST INFESTATIONS, BY USING INTEGRATED PEST MANAGEMENT (IPM), ELIMINATE ALL BURROW ENTRY AND PASSAGEWAYS, PEST NESTS, HOLES, GAPS OR CRACKS IN WALLS, CEILINGS, FLOORS, FIXING LEAKS AND MANAGING GARBAGE IN PUBLIC AREAS. EVIDENCE FOUND AT ALL YARDS",2025-09-11,2.0,NOV SENT OUT,09/11/2025,Original,Open,Y,2025,2025.0
SAMUEL (CITY),MANHATTAN,664,9/26/24,112 WEST 139 STREET,112.0,WEST 139 STREET,112 WEST 139 STREET,18218048,41275,145240.0,1,112,112,112,WEST 139 STREET,C,2025-09-10,2025-09-10,09/24/2025,09/17/2025,,,,672.0,9987177.0,§ 27-2033 ADM CODE PROVIDE READY ACCESS TO BUILDINGS HEATING SYSTEM BOILER ROOM DOOR LOCKED AT BOILER ROOM,2025-09-11,2.0,NOV SENT OUT,09/11/2025,Original,Open,N,2025,2025.0
SAMUEL (CITY),MANHATTAN,664,9/26/24,112 WEST 139 STREET,112.0,WEST 139 STREET,112 WEST 139 STREET,18218049,41275,145240.0,1,112,112,112,WEST 139 STREET,C,2025-09-10,2025-09-10,09/23/2025,09/11/2025,,,,670.0,9986756.0,"§ 27-2031 ADM CODE PROVIDE HOT WATER AT ALL HOT WATER FIXTURES IN THE ENTIRE APARTMENT LOCATED AT APT 2A, 2nd STORY, 1st APARTMENT FROM EAST AT SOUTH",2025-09-11,2.0,NOV SENT OUT,09/11/2025,Original,Open,Y,2025,2025.0
SAMUEL (CITY),MANHATTAN,664,9/26/24,112 WEST 139 STREET,112.0,WEST 139 STREET,112 WEST 139 STREET,18197029,41275,145240.0,1,112,112,112,WEST 139 STREET,C,2025-08-30,2025-08-31,09/15/2025,09/08/2025,,,09/11/2025,672.0,9973852.0,§ 27-2033 ADM CODE PROVIDE READY ACCESS TO BUILDINGS HEATING SYSTEM BOILER ROOM DOOR LOCKED AT BASEMENT,2025-09-02,3.0,NOV CERTIFIED ON TIME,09/11/2025,Original,Open,N,2025,2025.0
SAMUEL (CITY),MANHATTAN,664,9/26/24,112 WEST 139 STREET,112.0,WEST 139 STREET,112 WEST 139 STREET,18197028,41275,145240.0,1,112,112,112,WEST 139 STREET,C,2025-08-30,2025-08-31,09/12/2025,08/31/2025,,,09/11/2025,670.0,9972884.0,"§ 27-2031 ADM CODE PROVIDE HOT WATER AT ALL HOT WATER FIXTURES IN THE ENTIRE APARTMENT LOCATED AT APT 1A, 1st STORY, 1st APARTMENT FROM EAST AT SOUTH",2025-09-02,10.0,CIV14 MAILED,09/12/2025,Original,Open,Y,2025,2025.0
SAMUEL (CITY),MANHATTAN,664,9/26/24,112 WEST 139 STREET,112.0,WEST 139 STREET,112 WEST 139 STREET,18197030,41275,145240.0,1,112,112,112,WEST 139 STREET,C,2025-08-30,2025-08-31,09/12/2025,08/31/2025,,,09/11/2025,670.0,9972884.0,"§ 27-2031 ADM CODE PROVIDE HOT WATER AT ALL HOT WATER FIXTURES IN THE ENTIRE APARTMENT LOCATED AT APT 1B, 1st STORY, 1st APARTMENT FROM NORTH AT EAST",2025-09-02,10.0,CIV14 MAILED,09/12/2025,Original,Open,Y,2025,2025.0
SAMUEL (CITY),MANHATTAN,664,9/26/24,112 WEST 139 STREET,112.0,WEST 139 STREET,112 WEST 139 STREET,18218051,41275,145240.0,1,112,112,112,WEST 139 STREET,B,2025-09-10,2025-09-10,10/30/2025,10/16/2025,,,,502.0,9987174.0,"§ 27-2005 ADM CODE PROPERLY REPAIR WITH SIMILAR MATERIAL THE BROKEN OR DEFECTIVE FIRE RETARDANT MATERIALS AT EAST AND WEST WALLS AT VESTIBULE AREA AT PUBLIC HALL, 1st STORY",2025-09-11,2.0,NOV SENT OUT,09/11/2025,Original,Open,N,2025,2025.0
SAMUEL (CITY),MANHATTAN,664,9/26/24,112 WEST 139 STREET,112.0,WEST 139 STREET,112 WEST 139 STREET,17949741,41275,145240.0,1,112,112,112,WEST 139 STREET,A,2025-06-04,2025-06-04,09/21/2025,09/07/2025,,,,1507.0,9790375.0,"(A) § HMC:FILE ANNUAL BEDBUG REPORT IN ACCORDANCE WITH HPD RULE AS DESCRIBED ON THE BACK OF THIS NOTICE OF VIOLATION OR AS DESCRIBED ON HPDS WEBSITE, WWW.NYC.GOV\HPD, SEARCH BED BUGS.",2025-06-04,2.0,NOV SENT OUT,06/04/2025,Original,Open,N,2025,2025.0
SAMUEL (CITY),MANHATTAN,664,9/26/24,112 WEST 139 STREET,112.0,WEST 139 STREET,112 WEST 139 STREET,18218050,41275,145240.0,1,112,112,112,WEST 139 STREET,C,2025-09-10,2025-09-10,09/23/2025,09/11/2025,,,,670.0,9986756.0,"§ 27-2031 ADM CODE PROVIDE HOT WATER AT ALL HOT WATER FIXTURES IN THE ENTIRE APARTMENT LOCATED AT APT 1A, 1st STORY, 1st APARTMENT FROM EAST AT SOUTH",2025-09-11,2.0,NOV SENT OUT,09/11/2025,Original,Open,Y,2025,2025.0
SAMUEL (CITY),MANHATTAN,664,9/26/24,129 WEST 144 STREET,129.0,WEST 144 STREET,129 WEST 144 STREET,17659680,41780,105005.0,1,129,129,131,WEST 144 STREET,A,2025-01-29,2025-01-29,05/19/2025,05/05/2025,,,,550.0,9605064.0,"§ 27-2017.3 HMC: TRACE AND REPAIR THE SOURCE AND ABATE THE VISIBLE MOLD CONDITION... LESS THAN 10 SQ.FT AROUND WINDOW FRAME AT WEST IN THE 3rd ROOM FROM NORTH LOCATED AT APT 3A, 3rd STORY, 1st APARTMENT FROM WEST AT NORTH",2025-01-30,19.0,VIOLATION CLOSED,05/30/2025,Original,Close,N,2025,2025.0
SAMUEL (CITY),MANHATTAN,664,9/26/24,129 WEST 144 STREET,129.0,WEST 144 STREET,129 WEST 144 STREET,17614346,41780,105005.0,1,129,129,131,WEST 144 STREET,C,2025-01-11,2025-01-11,01/26/2025,01/19/2025,,,,742.0,9574858.0,"§ 27-2070 ADM CODE PROVIDE AN ADEQUATE SUPPLY OF GAS TO THE FIXTURES AT RANGE IN THE KITCHEN LOCATED AT APT 1C, 1st STORY, 2nd APARTMENT FROM NORTH AT EAST",2025-01-13,2.0,NOV SENT OUT,01/13/2025,Original,Open,Y,2025,2025.0
SAMUEL (CITY),MANHATTAN,664,9/26/24,129 WEST 144 STREET,129.0,WEST 144 STREET,129 WEST 144 STREET,17614345,41780,105005.0,1,129,129,131,WEST 144 STREET,B,2025-01-11,2025-01-12,03/03/2025,02/17/2025,,,,501.0,9574857.0,"§ 27-2005 HMC: PROPERLY REPAIR OR REPLACE THE BROKEN OR DEFECTIVE UPPER AND LOWER WINDOW SASH SECOND FROM EAST AT SOUTH IN THE 1st ROOM FROM NORTH LOCATED AT APT 1C, 1st STORY, 2nd APARTMENT FROM NORTH AT EAST",2025-01-13,2.0,NOV SENT OUT,01/13/2025,Original,Open,N,2025,2025.0
SAMUEL (CITY),MANHATTAN,664,9/26/24,129 WEST 144 STREET,129.0,WEST 144 STREET,129 WEST 144 STREET,18238546,41780,105005.0,1,129,129,131,WEST 144 STREET,C,2025-09-16,2025-09-20,10/11/2025,10/06/2025,,,,536.0,10000676.0,"§ 27-2005, 2007 ADM CODE REMOVE DEVICE PREVENTING DOOR FROM BEING SELF-CLOSING",2025-09-22,2.0,NOV SENT OUT,09/22/2025,Original,Open,N,2025,2025.0
SAMUEL (CITY),MANHATTAN,664,9/26/24,129 WEST 144 STREET,129.0,WEST 144 STREET,129 WEST 144 STREET,17659681,41780,105005.0,1,129,129,131,WEST 144 STREET,A,2025-01-29,2025-01-29,05/19/2025,05/05/2025,,,,550.0,9605064.0,"§ 27-2017.3 HMC: TRACE AND REPAIR THE SOURCE AND ABATE THE VISIBLE MOLD CONDITION... LESS THAN 10 SQ,FT AROUND WINDOW FRAME IN THE KITCHEN LOCATED AT APT 3A, 3rd STORY, 1st APARTMENT FROM WEST AT NORTH",2025-01-30,19.0,VIOLATION CLOSED,05/30/2025,Original,Close,N,2025,2025.0
SAMUEL (CITY),MANHATTAN,664,9/26/24,129 WEST 144 STREET,129.0,WEST 144 STREET,129 WEST 144 STREET,17662793,41780,105005.0,1,129,129,131,WEST 144 STREET,C,2025-01-30,2025-01-30,02/13/2025,02/06/2025,,,,672.0,9607047.0,§ 27-2033 ADM CODE PROVIDE READY ACCESS TO BUILDINGS HEATING SYSTEM BOILER ROOM DOOR LOCKED AT CELLAR,2025-01-31,2.0,NOV SENT OUT,01/31/2025,Original,Open,N,2025,2025.0
SAMUEL (CITY),MANHATTAN,664,9/26/24,129 WEST 144 STREET,129.0,WEST 144 STREET,129 WEST 144 STREET,17935429,41780,105005.0,1,129,129,131,WEST 144 STREET,B,2025-01-29,2025-05-30,07/18/2025,07/04/2025,,,,550.0,9777243.0,"§ 27-2017.3 HMC: TRACE AND REPAIR THE SOURCE AND ABATE THE VISIBLE MOLD CONDITION... LESS THAN 10 SQ.FT AROUND WINDOW FRAME IN THE BATHROOM LOCATED AT APT 3A, 3rd STORY, 1st APARTMENT FROM WEST AT NORTH ORIGINAL VIOLATION 17659682 ISSUED 29-JAN-25 HAS BEEN UPGRADED TO CLASS B PER ADMINISTRATIVE CODE §27-2017.3a(3)(a) or (b).",2025-05-30,11.0,VIOLATION WILL BE REINSPECTED,10/01/2025,Original,Open,N,2025,2025.0
SAMUEL (CITY),MANHATTAN,664,9/26/24,129 WEST 144 STREET,129.0,WEST 144 STREET,129 WEST 144 STREET,7741600,41780,105005.0,1,129,129,131,WEST 144 STREET,B,2009-02-19,2009-02-25,04/16/2009,04/02/2009,,,,508.0,3580960.0,"§ 27-2005 ADM CODE REPAIR THE BROKEN OR DEFECTIVE PLASTERED SURFACES AND PAINT IN A UNIFORM COLOR ALL WALLS IN THE 1st ROOM FROM NORTH LOCATED AT APT 1A, 1st STORY, 1st APARTMENT FROM WEST AT NORTH",2009-02-26,22.0,FIRST NO ACCESS TO RE- INSPECT VIOLATION,09/09/2012,Original,Open,N,2009,2009.0
SAMUEL (CITY),MANHATTAN,664,9/26/24,129 WEST 144 STREET,129.0,WEST 144 STREET,129 WEST 144 STREET,7741606,41780,105005.0,1,129,129,131,WEST 144 STREET,C,2009-02-19,2009-02-25,03/09/2009,03/04/2009,,,,508.0,3580961.0,"§ 27-2005 ADM CODE REPAIR THE BROKEN OR DEFECTIVE PLASTERED SURFACES AND PAINT IN A UNIFORM COLOR CEILING IN THE 1st ROOM FROM NORTH LOCATED AT APT 1A, 1st STORY, 1st APARTMENT FROM WEST AT NORTH",2009-02-26,22.0,FIRST NO ACCESS TO RE- INSPECT VIOLATION,09/09/2012,Original,Open,N,2009,2009.0
SAMUEL (CITY),MANHATTAN,664,9/26/24,129 WEST 144 STREET,129.0,WEST 144 STREET,129 WEST 144 STREET,17659678,41780,105005.0,1,129,129,131,WEST 144 STREET,A,2025-01-29,2025-01-29,05/19/2025,05/05/2025,,,,550.0,9605064.0,"§ 27-2017.3 HMC: TRACE AND REPAIR THE SOURCE AND ABATE THE VISIBLE MOLD CONDITION... LESS THAN 10 SQ.FT AT FIRST AND SECOND WINDOWS AT WEST IN THE 5th ROOM FROM NORTH LOCATED AT APT 3A, 3rd STORY, 1st APARTMENT FROM WEST AT NORTH",2025-01-30,19.0,VIOLATION CLOSED,05/30/2025,Original,Close,N,2025,2025.0
SAMUEL (CITY),MANHATTAN,664,9/26/24,129 WEST 144 STREET,129.0,WEST 144 STREET,129 WEST 144 STREET,17659682,41780,105005.0,1,129,129,131,WEST 144 STREET,A,2025-01-29,2025-01-29,05/19/2025,05/05/2025,,,,550.0,9605064.0,"§ 27-2017.3 HMC: TRACE AND REPAIR THE SOURCE AND ABATE THE VISIBLE MOLD CONDITION... LESS THAN 10 SQ.FT AROUND WINDOW FRAME IN THE BATHROOM LOCATED AT APT 3A, 3rd STORY, 1st APARTMENT FROM WEST AT NORTH",2025-01-30,19.0,VIOLATION CLOSED,05/30/2025,Original,Close,N,2025,2025.0
SAMUEL (CITY),MANHATTAN,664,9/26/24,129 WEST 144 STREET,129.0,WEST 144 STREET,129 WEST 144 STREET,18185400,41780,105005.0,1,129,129,131,WEST 144 STREET,C,2025-08-26,2025-08-26,09/15/2025,09/10/2025,,,09/11/2025,530.0,9968103.0,"§ 27-2005, 27-2007, 27-2041.1 HMC, §238, § 309; § 107 (2) ( C) MDL AND 28 RCNY §25-171: REPLACE OR REPAIR THE SELF-CLOSING DOORS THAT IS MISSING OR DEFECTIVE HINGES AT FRONT ENTRANCE DOOR TO BUILDING",2025-08-27,19.0,VIOLATION CLOSED,09/19/2025,Original,Close,N,2025,2025.0
SAMUEL (CITY),MANHATTAN,664,9/26/24,129 WEST 144 STREET,129.0,WEST 144 STREET,129 WEST 144 STREET,17662792,41780,105005.0,1,129,129,131,WEST 144 STREET,C,2025-01-30,2025-01-30,02/12/2025,01/31/2025,,,,666.0,9606841.0,"§ 27-2029 ADM CODE PROVIDE AN ADEQUATE SUPPLY OF HEAT FOR THE APARTMENT IN THE ENTIRE APARTMENT LOCATED AT APT 2A, 2nd STORY, 1st APARTMENT FROM WEST AT NORTH",2025-01-31,2.0,NOV SENT OUT,01/31/2025,Original,Open,Y,2025,2025.0
SAMUEL (CITY),MANHATTAN,664,9/26/24,129 WEST 144 STREET,129.0,WEST 144 STREET,129 WEST 144 STREET,17659679,41780,105005.0,1,129,129,131,WEST 144 STREET,A,2025-01-29,2025-01-29,05/19/2025,05/05/2025,,,,550.0,9605064.0,"§ 27-2017.3 HMC: TRACE AND REPAIR THE SOURCE AND ABATE THE VISIBLE MOLD CONDITION... LESS THAN 10 SQ.FT AT NORTH WALL IN THE 5th ROOM FROM NORTH LOCATED AT APT 3A, 3rd STORY, 1st APARTMENT FROM WEST AT NORTH",2025-01-30,19.0,VIOLATION CLOSED,05/30/2025,Original,Close,N,2025,2025.0
SAMUEL (CITY),MANHATTAN,664,9/26/24,129 WEST 144 STREET,129.0,WEST 144 STREET,129 WEST 144 STREET,17935427,41780,105005.0,1,129,129,131,WEST 144 STREET,B,2025-01-29,2025-05-30,07/18/2025,07/04/2025,,,,550.0,9777243.0,"§ 27-2017.3 HMC: TRACE AND REPAIR THE SOURCE AND ABATE THE VISIBLE MOLD CONDITION... LESS THAN 10 SQ.FT AROUND WINDOW FRAME AT WEST IN THE 3rd ROOM FROM NORTH LOCATED AT APT 3A, 3rd STORY, 1st APARTMENT FROM WEST AT NORTH ORIGINAL VIOLATION 17659680 ISSUED 29-JAN-25 HAS BEEN UPGRADED TO CLASS B PER ADMINISTRATIVE CODE §27-2017.3a(3)(a) or (b).",2025-05-30,11.0,VIOLATION WILL BE REINSPECTED,10/01/2025,Original,Open,N,2025,2025.0
SAMUEL (CITY),MANHATTAN,664,9/26/24,129 WEST 144 STREET,129.0,WEST 144 STREET,129 WEST 144 STREET,17949815,41780,105005.0,1,129,129,131,WEST 144 STREET,A,2025-06-04,2025-06-04,09/21/2025,09/07/2025,,,,1507.0,9790545.0,"(A) § HMC:FILE ANNUAL BEDBUG REPORT IN ACCORDANCE WITH HPD RULE AS DESCRIBED ON THE BACK OF THIS NOTICE OF VIOLATION OR AS DESCRIBED ON HPDS WEBSITE, WWW.NYC.GOV\HPD, SEARCH BED BUGS.",2025-06-04,2.0,NOV SENT OUT,06/04/2025,Original,Open,N,2025,2025.0
SAMUEL (CITY),MANHATTAN,664,9/26/24,129 WEST 144 STREET,129.0,WEST 144 STREET,129 WEST 144 STREET,17935425,41780,105005.0,1,129,129,131,WEST 144 STREET,B,2025-01-29,2025-05-30,07/18/2025,07/04/2025,,,,550.0,9777243.0,"§ 27-2017.3 HMC: TRACE AND REPAIR THE SOURCE AND ABATE THE VISIBLE MOLD CONDITION... LESS THAN 10 SQ.FT AT FIRST AND SECOND WINDOWS AT WEST IN THE 5th ROOM FROM NORTH LOCATED AT APT 3A, 3rd STORY, 1st APARTMENT FROM WEST AT NORTH ORIGINAL VIOLATION 17659678 ISSUED 29-JAN-25 HAS BEEN UPGRADED TO CLASS B PER ADMINISTRATIVE CODE §27-2017.3a(3)(a) or (b).",2025-05-30,11.0,VIOLATION WILL BE REINSPECTED,10/01/2025,Original,Open,N,2025,2025.0
SAMUEL (CITY),MANHATTAN,664,9/26/24,129 WEST 144 STREET,129.0,WEST 144 STREET,129 WEST 144 STREET,17935426,41780,105005.0,1,129,129,131,WEST 144 STREET,B,2025-01-29,2025-05-30,07/18/2025,07/04/2025,,,,550.0,9777243.0,"§ 27-2017.3 HMC: TRACE AND REPAIR THE SOURCE AND ABATE THE VISIBLE MOLD CONDITION... LESS THAN 10 SQ.FT AT NORTH WALL IN THE 5th ROOM FROM NORTH LOCATED AT APT 3A, 3rd STORY, 1st APARTMENT FROM WEST AT NORTH ORIGINAL VIOLATION 17659679 ISSUED 29-JAN-25 HAS BEEN UPGRADED TO CLASS B PER ADMINISTRATIVE CODE §27-2017.3a(3)(a) or (b).",2025-05-30,11.0,VIOLATION WILL BE REINSPECTED,10/01/2025,Original,Open,N,2025,2025.0
SAMUEL (CITY),MANHATTAN,664,9/26/24,129 WEST 144 STREET,129.0,WEST 144 STREET,129 WEST 144 STREET,17935428,41780,105005.0,1,129,129,131,WEST 144 STREET,B,2025-01-29,2025-05-30,07/18/2025,07/04/2025,,,,550.0,9777243.0,"§ 27-2017.3 HMC: TRACE AND REPAIR THE SOURCE AND ABATE THE VISIBLE MOLD CONDITION... LESS THAN 10 SQ,FT AROUND WINDOW FRAME IN THE KITCHEN LOCATED AT APT 3A, 3rd STORY, 1st APARTMENT FROM WEST AT NORTH ORIGINAL VIOLATION 17659681 ISSUED 29-JAN-25 HAS BEEN UPGRADED TO CLASS B PER ADMINISTRATIVE CODE §27-2017.3a(3)(a) or (b).",2025-05-30,11.0,VIOLATION WILL BE REINSPECTED,10/01/2025,Original,Open,N,2025,2025.0
SAMUEL (CITY),MANHATTAN,664,9/26/24,133 WEST 144 STREET,133.0,WEST 144 STREET,133 WEST 144 STREET,17573796,41781,145218.0,1,133,133,135,WEST 144 STREET,C,2024-12-22,2024-12-22,01/05/2025,12/29/2024,,,,672.0,9546882.0,§ 27-2033 ADM CODE PROVIDE READY ACCESS TO BUILDINGS HEATING SYSTEM DOOR TO BOILER ROOM LOCKED AT CELLAR,2024-12-23,2.0,NOV SENT OUT,12/23/2024,Original,Open,N,2024,2024.0
SAMUEL (CITY),MANHATTAN,664,9/26/24,133 WEST 144 STREET,133.0,WEST 144 STREET,133 WEST 144 STREET,17573797,41781,145218.0,1,133,133,135,WEST 144 STREET,C,2024-12-22,2024-12-22,01/23/2025,01/18/2025,,,,568.0,9546883.0,"HMC ADM CODE: § 27-2017.4 ABATE THE INFESTATION CONSISTING OF ROACHES IN THE ENTIRE APARTMENT LOCATED AT APT 2D, 2nd STORY, 2nd APARTMENT FROM EAST AT SOUTH",2024-12-23,47.0,NOTICE OF ISSUANCE SENT TO TENANT,12/23/2024,Original,Open,N,2024,2024.0
SAMUEL (CITY),MANHATTAN,664,9/26/24,133 WEST 144 STREET,133.0,WEST 144 STREET,133 WEST 144 STREET,17573799,41781,145218.0,1,133,133,135,WEST 144 STREET,B,2024-12-22,2024-12-22,02/10/2025,01/27/2025,,,,501.0,9546881.0,"§ 27-2005 HMC: PROPERLY REPAIR OR REPLACE THE BROKEN OR DEFECTIVE LATCH SET AT BUILDING ENTRANCE DOOR , 1st STORY",2024-12-23,2.0,NOV SENT OUT,12/23/2024,Original,Open,N,2024,2024.0
SAMUEL (CITY),MANHATTAN,664,9/26/24,133 WEST 144 STREET,133.0,WEST 144 STREET,133 WEST 144 STREET,17573795,41781,145218.0,1,133,133,135,WEST 144 STREET,C,2024-12-22,2024-12-22,01/04/2025,12/23/2024,,,,666.0,9546264.0,"§ 27-2029 ADM CODE PROVIDE AN ADEQUATE SUPPLY OF HEAT FOR THE APARTMENT IN THE ENTIRE APARTMENT LOCATED AT APT 2D, 2nd STORY, 2nd APARTMENT FROM EAST AT SOUTH",2024-12-23,19.0,VIOLATION CLOSED,01/15/2025,Original,Close,Y,2024,2024.0
SAMUEL (CITY),MANHATTAN,664,9/26/24,133 WEST 144 STREET,133.0,WEST 144 STREET,133 WEST 144 STREET,17592892,41781,145218.0,1,133,133,135,WEST 144 STREET,C,2025-01-02,2025-01-03,01/19/2025,01/12/2025,,,,672.0,9563692.0,§ 27-2033 ADM CODE PROVIDE READY ACCESS TO BUILDINGS HEATING SYSTEM BOILER ROOM DOOR LOCKED AT CELLAR,2025-01-06,2.0,NOV SENT OUT,01/06/2025,Original,Open,N,2025,2025.0
SAMUEL (CITY),MANHATTAN,664,9/26/24,133 WEST 144 STREET,133.0,WEST 144 STREET,133 WEST 144 STREET,17581915,41781,145218.0,1,133,133,135,WEST 144 STREET,C,2024-12-27,2024-12-28,01/18/2025,01/13/2025,,,,530.0,9555692.0,"§ 27-2005, 27-2007, 27-2041.1 HMC, §238, § 309; § 107 (2) ( C) MDL AND 28 RCNY §25-171: REPLACE OR REPAIR THE SELF-CLOSING DOORS THAT IS MISSING OR DEFECTIVE HINGES AT BUILDING ENTRANCE DOOR , 1st STORY",2024-12-30,19.0,VIOLATION CLOSED,02/01/2025,Original,Close,N,2024,2024.0
SAMUEL (CITY),MANHATTAN,664,9/26/24,133 WEST 144 STREET,133.0,WEST 144 STREET,133 WEST 144 STREET,17601174,41781,145218.0,1,133,133,135,WEST 144 STREET,C,2025-01-06,2025-01-06,02/07/2025,02/02/2025,,,,568.0,9567075.0,"HMC ADM CODE: § 27-2017.4 ABATE THE INFESTATION CONSISTING OF ROACHES IN THE ENTIRE APARTMENT LOCATED AT APT 1C, 1st STORY, 2nd APARTMENT FROM EAST AT SOUTH",2025-01-07,47.0,NOTICE OF ISSUANCE SENT TO TENANT,01/07/2025,Original,Open,N,2025,2025.0
SAMUEL (CITY),MANHATTAN,664,9/26/24,133 WEST 144 STREET,133.0,WEST 144 STREET,133 WEST 144 STREET,17573798,41781,145218.0,1,133,133,135,WEST 144 STREET,A,2024-12-22,2024-12-22,04/11/2025,03/28/2025,,,,592.0,9546880.0,"§ 27-2026 ADM CODE REPLACE WITH NEW THE DEFECTIVE FLUSH PIPE OF WATER CLOSET ... IN THE BATHROOM LOCATED AT APT 2D, 2nd STORY, 2nd APARTMENT FROM EAST AT SOUTH",2024-12-23,2.0,NOV SENT OUT,12/23/2024,Original,Open,Y,2024,2024.0
SAMUEL (CITY),MANHATTAN,664,9/26/24,133 WEST 144 STREET,133.0,WEST 144 STREET,133 WEST 144 STREET,17785811,41781,145218.0,1,133,133,135,WEST 144 STREET,A,2025-03-20,2025-03-24,07/12/2025,06/28/2025,,,07/08/2025,556.0,9684722.0,"§ 27-2013 ADM CODE PAINT WITH LIGHT COLORED PAINT TO THE SATISFACTION OF THIS DEPARTMENT ALL PEELING PAINT SURFACES IN THE KITCHEN , THE 1st ROOM FROM NORTH, THE 3rd ROOM FROM NORTH, THE FOYER , THE 4th ROOM FROM NORTH, THE PRIVATE HALLWAY LOCATED AT APT 2A, 2nd STORY, 1st APARTMENT FROM WEST AT NORTH",2025-03-25,9.0,VIOLATION DISMISSED,09/18/2025,Original,Close,N,2025,2025.0
SAMUEL (CITY),MANHATTAN,664,9/26/24,133 WEST 144 STREET,133.0,WEST 144 STREET,133 WEST 144 STREET,17628359,41781,145218.0,1,133,133,135,WEST 144 STREET,C,2025-01-16,2025-01-16,02/05/2025,01/31/2025,,,03/14/2025,530.0,9584353.0,"§ 27-2005, 27-2007, 27-2041.1 HMC, §238, § 309; § 107 (2) ( C) MDL AND 28 RCNY §25-171: REPLACE OR REPAIR THE SELF-CLOSING DOORS THAT IS MISSING OR DEFECTIVE LATCH SET AT BUILDING ENTRANCE DOOR , 1st STORY",2025-01-17,19.0,VIOLATION CLOSED,09/02/2025,Original,Close,N,2025,2025.0
SAMUEL (CITY),MANHATTAN,664,9/26/24,133 WEST 144 STREET,133.0,WEST 144 STREET,133 WEST 144 STREET,17844268,41781,145218.0,1,133,133,135,WEST 144 STREET,C,2025-04-22,2025-04-22,05/06/2025,04/29/2025,,,05/08/2025,506.0,9725294.0,"§ 27-2005 ADM CODE REPLACE WITH NEW THE MISSING WASHBASIN IN THE BATHROOM LOCATED AT APT 2A, 2nd STORY, 1st APARTMENT FROM WEST AT NORTH",2025-04-23,4.0,NOV CERTIFIED LATE,05/08/2025,Original,Open,N,2025,2025.0
SAMUEL (CITY),MANHATTAN,664,9/26/24,133 WEST 144 STREET,133.0,WEST 144 STREET,133 WEST 144 STREET,17949816,41781,145218.0,1,133,133,135,WEST 144 STREET,A,2025-06-04,2025-06-04,09/21/2025,09/07/2025,,,,1507.0,9790546.0,"(A) § HMC:FILE ANNUAL BEDBUG REPORT IN ACCORDANCE WITH HPD RULE AS DESCRIBED ON THE BACK OF THIS NOTICE OF VIOLATION OR AS DESCRIBED ON HPDS WEBSITE, WWW.NYC.GOV\HPD, SEARCH BED BUGS.",2025-06-04,2.0,NOV SENT OUT,06/04/2025,Original,Open,N,2025,2025.0
SAMUEL (CITY),MANHATTAN,664,9/26/24,133 WEST 144 STREET,133.0,WEST 144 STREET,133 WEST 144 STREET,17844267,41781,145218.0,1,133,133,135,WEST 144 STREET,B,2025-04-22,2025-04-22,06/11/2025,05/28/2025,,,,502.0,9725293.0,"§ 27-2005 ADM CODE PROPERLY REPAIR WITH SIMILAR MATERIAL THE BROKEN OR DEFECTIVE CERAMIC FLOOR TILES IN THE BATHROOM LOCATED AT APT 2A, 2nd STORY, 1st APARTMENT FROM WEST AT NORTH",2025-04-23,2.0,NOV SENT OUT,04/23/2025,Original,Open,N,2025,2025.0
SAMUEL (CITY),MANHATTAN,664,9/26/24,133 WEST 144 STREET,133.0,WEST 144 STREET,133 WEST 144 STREET,17772998,41781,145218.0,1,133,133,135,WEST 144 STREET,B,2025-03-20,2025-03-24,05/13/2025,04/29/2025,,,,508.0,9684723.0,"§ 27-2005 ADM CODE REPAIR THE BROKEN OR DEFECTIVE PLASTERED SURFACES AND PAINT IN A UNIFORM COLOR THE EAST WALL AND THE SOUTH WALL IN THE FOYER LOCATED AT APT 2A, 2nd STORY, 1st APARTMENT FROM WEST AT NORTH",2025-03-25,2.0,NOV SENT OUT,03/25/2025,Original,Open,N,2025,2025.0
SAMUEL (CITY),MANHATTAN,664,9/26/24,133 WEST 144 STREET,133.0,WEST 144 STREET,133 WEST 144 STREET,17772999,41781,145218.0,1,133,133,135,WEST 144 STREET,B,2025-03-20,2025-03-24,05/13/2025,04/29/2025,,,,508.0,9684723.0,"§ 27-2005 ADM CODE REPAIR THE BROKEN OR DEFECTIVE PLASTERED SURFACES AND PAINT IN A UNIFORM COLOR THE WEST WALL AND THE NORTH WALL IN THE 4th ROOM FROM NORTH LOCATED AT APT 2A, 2nd STORY, 1st APARTMENT FROM WEST AT NORTH",2025-03-25,2.0,NOV SENT OUT,03/25/2025,Original,Open,N,2025,2025.0
SAMUEL (CITY),MANHATTAN,664,9/26/24,133 WEST 144 STREET,133.0,WEST 144 STREET,133 WEST 144 STREET,17783847,41781,145218.0,1,133,133,135,WEST 144 STREET,A,2025-03-20,2025-03-24,07/12/2025,06/28/2025,,,07/08/2025,732.0,9684722.0,"§ 27-2064 ADM CODE PROVIDE IN ACCORDANCE WITH THE RULES AND REGULATIONS OF THIS DEPARTMENT A WATERPROOF FLOOR AND BASE FOR THE WATER CLOSET ... IN THE BATHROOM LOCATED AT APT 2A, 2nd STORY, 1st APARTMENT FROM WEST AT NORTH",2025-03-25,9.0,VIOLATION DISMISSED,09/18/2025,Original,Close,N,2025,2025.0
SAMUEL (CITY),MANHATTAN,664,9/26/24,133 WEST 144 STREET,133.0,WEST 144 STREET,133 WEST 144 STREET,17783838,41781,145218.0,1,133,133,135,WEST 144 STREET,C,2025-03-20,2025-03-24,04/07/2025,03/31/2025,,,,510.0,9684724.0,"§ 27-2005 ADM CODE & 309 M/D LAW ABATE THE NUISANCE CONSISTING OF NO FIRE RETARDANT MATERIAL AT ALL WALLS AND CEILING IN THE BATHROOM LOCATED AT APT 2A, 2nd STORY, 1st APARTMENT FROM WEST AT NORTH",2025-03-25,19.0,VIOLATION CLOSED,07/12/2025,Original,Close,N,2025,2025.0
SAMUEL (CITY),MANHATTAN,664,9/26/24,133 WEST 144 STREET,133.0,WEST 144 STREET,133 WEST 144 STREET,17573800,41781,145218.0,1,133,133,135,WEST 144 STREET,C,2024-12-22,2024-12-22,01/11/2025,01/06/2025,,,,530.0,9546884.0,"§ 27-2005, 27-2007, 27-2041.1 HMC, §238, § 309; § 107 (2) ( C) MDL AND 28 RCNY §25-171: REPLACE OR REPAIR THE SELF-CLOSING DOORS THAT IS MISSING OR DEFECTIVE LATCH SET AT BUILDING ENTRANCE DOOR , 1st STORY",2024-12-23,19.0,VIOLATION CLOSED,02/01/2025,Original,Close,N,2024,2024.0
SAMUEL (CITY),MANHATTAN,664,9/26/24,133 WEST 144 STREET,133.0,WEST 144 STREET,133 WEST 144 STREET,17844265,41781,145218.0,1,133,133,135,WEST 144 STREET,C,2025-04-22,2025-04-22,05/06/2025,04/29/2025,,,05/08/2025,508.0,9725294.0,"§ 27-2005 ADM CODE REPAIR THE BROKEN OR DEFECTIVE PLASTERED SURFACES AND PAINT IN A UNIFORM COLOR WALLS AND CEILING IN THE BATHROOM LOCATED AT APT 2A, 2nd STORY, 1st APARTMENT FROM WEST AT NORTH",2025-04-23,19.0,VIOLATION CLOSED,05/19/2025,Original,Close,N,2025,2025.0
SAMUEL (CITY),MANHATTAN,664,9/26/24,133 WEST 144 STREET,133.0,WEST 144 STREET,133 WEST 144 STREET,17844266,41781,145218.0,1,133,133,135,WEST 144 STREET,C,2025-04-22,2025-04-22,05/06/2025,04/29/2025,,,05/08/2025,506.0,9725294.0,"§ 27-2005 ADM CODE REPLACE WITH NEW THE MISSING BATHTUB IN THE BATHROOM LOCATED AT APT 2A, 2nd STORY, 1st APARTMENT FROM WEST AT NORTH",2025-04-23,4.0,NOV CERTIFIED LATE,05/08/2025,Original,Open,N,2025,2025.0
SAMUEL (CITY),MANHATTAN,664,9/26/24,133 WEST 144 STREET,133.0,WEST 144 STREET,133 WEST 144 STREET,17592891,41781,145218.0,1,133,133,135,WEST 144 STREET,C,2025-01-02,2025-01-03,01/15/2025,01/03/2025,,,,666.0,9563045.0,"§ 27-2029 ADM CODE PROVIDE AN ADEQUATE SUPPLY OF HEAT FOR THE APARTMENT IN THE ENTIRE APARTMENT LOCATED AT APT 1A, 1st STORY, 1st APARTMENT FROM WEST AT NORTH",2025-01-06,19.0,VIOLATION CLOSED,03/06/2025,Original,Close,Y,2025,2025.0
SAMUEL (CITY),MANHATTAN,664,9/26/24,148 WEST 144 STREET,148.0,WEST 144 STREET,148 WEST 144 STREET,17578936,41786,106825.0,1,148,148,150,WEST 144 STREET,A,2024-12-26,2024-12-26,04/15/2025,04/01/2025,,,04/03/2025,484.0,9553452.0,"§ 329, M/D LAW AND DEPT. RULES AND REGS. PROVIDE A COMPLETED CERTIFICATE OF INSPECTION VISITS IN A PROPER FRAME AT OR NEAR MAILBOXES, BOTTOM EDGE OF FRAME BETWEEN 48-62 INCHES ABOVE FLOOR MISSING AT PUBLIC HALL, 1st STORY",2024-12-27,19.0,VIOLATION CLOSED,06/13/2025,Original,Close,N,2024,2024.0
SAMUEL (CITY),MANHATTAN,664,9/26/24,148 WEST 144 STREET,148.0,WEST 144 STREET,148 WEST 144 STREET,17594902,41786,106825.0,1,148,148,150,WEST 144 STREET,C,2025-01-04,2025-01-04,01/17/2025,01/05/2025,,,,666.0,9563046.0,"§ 27-2029 ADM CODE PROVIDE AN ADEQUATE SUPPLY OF HEAT FOR THE APARTMENT IN THE ENTIRE APARTMENT LOCATED AT APT 3B, 3rd STORY, 1st APARTMENT FROM EAST AT SOUTH",2025-01-06,19.0,VIOLATION CLOSED,02/04/2025,Original,Close,Y,2025,2025.0
SAMUEL (CITY),MANHATTAN,664,9/26/24,148 WEST 144 STREET,148.0,WEST 144 STREET,148 WEST 144 STREET,17594903,41786,106825.0,1,148,148,150,WEST 144 STREET,C,2025-01-04,2025-01-04,01/19/2025,01/12/2025,,,,672.0,9563694.0,§ 27-2033 ADM CODE PROVIDE READY ACCESS TO BUILDINGS HEATING SYSTEM LOCK DOOR AT BASEMENT,2025-01-06,2.0,NOV SENT OUT,01/06/2025,Original,Open,N,2025,2025.0
SAMUEL (CITY),MANHATTAN,664,9/26/24,148 WEST 144 STREET,148.0,WEST 144 STREET,148 WEST 144 STREET,17594905,41786,106825.0,1,148,148,150,WEST 144 STREET,B,2025-01-04,2025-01-04,02/24/2025,02/10/2025,,,,501.0,9563693.0,"§ 27-2005 HMC: PROPERLY REPAIR OR REPLACE THE BROKEN OR DEFECTIVE ELECTRICAL LIGHT FIXTURE AT CEILING IN THE 2nd ROOM FROM NORTH LOCATED AT APT 3B, 3rd STORY, 1st APARTMENT FROM EAST AT SOUTH",2025-01-06,2.0,NOV SENT OUT,01/06/2025,Original,Open,N,2025,2025.0
SAMUEL (CITY),MANHATTAN,664,9/26/24,148 WEST 144 STREET,148.0,WEST 144 STREET,148 WEST 144 STREET,17608635,41786,106825.0,1,148,148,150,WEST 144 STREET,C,2025-01-09,2025-01-10,01/26/2025,01/19/2025,,,,672.0,9574859.0,§ 27-2033 ADM CODE PROVIDE READY ACCESS TO BUILDINGS HEATING SYSTEM DOOR LOCKED AT BASEMENT AT BOILER ROOM,2025-01-13,2.0,NOV SENT OUT,01/13/2025,Original,Open,N,2025,2025.0
SAMUEL (CITY),MANHATTAN,664,9/26/24,148 WEST 144 STREET,148.0,WEST 144 STREET,148 WEST 144 STREET,17578929,41786,106825.0,1,148,148,150,WEST 144 STREET,C,2024-12-26,2024-12-26,01/09/2025,01/02/2025,,,,672.0,9553454.0,§ 27-2033 ADM CODE PROVIDE READY ACCESS TO BUILDINGS HEATING SYSTEM BOILER ROOM DOOR LOCKED AT CELLAR,2024-12-27,2.0,NOV SENT OUT,12/27/2024,Original,Open,N,2024,2024.0
SAMUEL (CITY),MANHATTAN,664,9/26/24,148 WEST 144 STREET,148.0,WEST 144 STREET,148 WEST 144 STREET,17578928,41786,106825.0,1,148,148,150,WEST 144 STREET,C,2024-12-26,2024-12-26,01/08/2025,12/27/2024,,,,670.0,9553184.0,"§ 27-2031 ADM CODE PROVIDE HOT WATER AT ALL HOT WATER FIXTURES IN THE ENTIRE APARTMENT LOCATED AT APT 4D, 4th STORY, 1st APARTMENT FROM WEST AT NORTH",2024-12-27,2.0,NOV SENT OUT,12/27/2024,Original,Open,Y,2024,2024.0
SAMUEL (CITY),MANHATTAN,664,9/26/24,148 WEST 144 STREET,148.0,WEST 144 STREET,148 WEST 144 STREET,17578930,41786,106825.0,1,148,148,150,WEST 144 STREET,B,2024-12-26,2024-12-26,02/14/2025,01/31/2025,,,,508.0,9553453.0,"§ 27-2005 ADM CODE REPAIR THE BROKEN OR DEFECTIVE PLASTERED SURFACES AND PAINT IN A UNIFORM COLOR AT CEILING IN THE 1st ROOM FROM NORTH LOCATED AT APT 4D, 4th STORY, 1st APARTMENT FROM WEST AT NORTH",2024-12-27,2.0,NOV SENT OUT,12/27/2024,Original,Open,N,2024,2024.0
SAMUEL (CITY),MANHATTAN,664,9/26/24,148 WEST 144 STREET,148.0,WEST 144 STREET,148 WEST 144 STREET,17578931,41786,106825.0,1,148,148,150,WEST 144 STREET,B,2024-12-26,2024-12-26,02/14/2025,01/31/2025,,,,1503.0,9553453.0,"§ 27-2046.1 HMC: REPAIR OR REPLACE THE CARBON MONOXIDE DETECTING DEVICE(S). DEFECTIVE IN THE ENTIRE APARTMENT LOCATED AT APT 4D, 4th STORY, 1st APARTMENT FROM WEST AT NORTH",2024-12-27,2.0,NOV SENT OUT,12/27/2024,Original,Open,N,2024,2024.0
SAMUEL (CITY),MANHATTAN,664,9/26/24,148 WEST 144 STREET,148.0,WEST 144 STREET,148 WEST 144 STREET,17578932,41786,106825.0,1,148,148,150,WEST 144 STREET,B,2024-12-26,2024-12-26,02/14/2025,01/31/2025,,,,702.0,9553453.0,"§ 27-2045 ADM CODE REPAIR OR REPLACE THE SMOKE DETECTOR DEFECTIVE IN THE ENTIRE APARTMENT LOCATED AT APT 4D, 4th STORY, 1st APARTMENT FROM WEST AT NORTH",2024-12-27,2.0,NOV SENT OUT,12/27/2024,Original,Open,N,2024,2024.0
SAMUEL (CITY),MANHATTAN,664,9/26/24,148 WEST 144 STREET,148.0,WEST 144 STREET,148 WEST 144 STREET,17578933,41786,106825.0,1,148,148,150,WEST 144 STREET,C,2024-12-26,2024-12-26,01/08/2025,12/27/2024,,,,670.0,9553184.0,"§ 27-2031 ADM CODE PROVIDE HOT WATER AT ALL HOT WATER FIXTURES IN THE ENTIRE APARTMENT LOCATED AT APT 4B, 4th STORY, 1st APARTMENT FROM EAST AT SOUTH",2024-12-27,19.0,VIOLATION CLOSED,03/06/2025,Original,Close,Y,2024,2024.0
SAMUEL (CITY),MANHATTAN,664,9/26/24,148 WEST 144 STREET,148.0,WEST 144 STREET,148 WEST 144 STREET,17578937,41786,106825.0,1,148,148,150,WEST 144 STREET,A,2024-12-26,2024-12-26,04/15/2025,04/01/2025,,,04/03/2025,778.0,9553452.0,"§ 27-2104 ADM CODE POST AND MAINTAIN A PROPER SIGN ON WALL OF ENTRANCE STORY SHOWING THE REGISTRATION NUMBER ASSIGNED BY THE DEPARTMENT AND THE ADDRESS OF THE BUILDING. AT PUBLIC HALL, 1st STORY",2024-12-27,19.0,VIOLATION CLOSED,06/13/2025,Original,Close,N,2024,2024.0
SAMUEL (CITY),MANHATTAN,664,9/26/24,148 WEST 144 STREET,148.0,WEST 144 STREET,148 WEST 144 STREET,17688804,41786,106825.0,1,148,148,150,WEST 144 STREET,C,2025-02-12,2025-02-12,02/25/2025,02/13/2025,,,,666.0,9625043.0,"§ 27-2029 ADM CODE PROVIDE AN ADEQUATE SUPPLY OF HEAT FOR THE APARTMENT IN THE ENTIRE APARTMENT LOCATED AT APT 3B, 3rd STORY, 1st APARTMENT FROM EAST AT SOUTH",2025-02-13,19.0,VIOLATION CLOSED,03/10/2025,Original,Close,Y,2025,2025.0
SAMUEL (CITY),MANHATTAN,664,9/26/24,148 WEST 144 STREET,148.0,WEST 144 STREET,148 WEST 144 STREET,17628675,41786,106825.0,1,148,148,150,WEST 144 STREET,C,2025-01-16,2025-01-16,01/29/2025,01/17/2025,,,,666.0,9584018.0,"§ 27-2029 ADM CODE PROVIDE AN ADEQUATE SUPPLY OF HEAT FOR THE APARTMENT IN THE ENTIRE APARTMENT LOCATED AT APT 2C, 2nd STORY, 1st APARTMENT FROM NORTH AT EAST",2025-01-17,19.0,VIOLATION CLOSED,03/06/2025,Original,Close,Y,2025,2025.0
SAMUEL (CITY),MANHATTAN,664,9/26/24,148 WEST 144 STREET,148.0,WEST 144 STREET,148 WEST 144 STREET,17594904,41786,106825.0,1,148,148,150,WEST 144 STREET,C,2025-01-04,2025-01-04,01/19/2025,01/12/2025,,,,501.0,9563695.0,"§ 27-2005 HMC: PROPERLY REPAIR OR REPLACE THE BROKEN OR DEFECTIVE UPPER WINDOW SASHES GLASS AT FIRST WINDOW FROM WEST AT SOUTH IN THE 4th ROOM FROM NORTH LOCATED AT APT 3B, 3rd STORY, 1st APARTMENT FROM EAST AT SOUTH",2025-01-06,2.0,NOV SENT OUT,01/06/2025,Original,Open,N,2025,2025.0
SAMUEL (CITY),MANHATTAN,664,9/26/24,148 WEST 144 STREET,148.0,WEST 144 STREET,148 WEST 144 STREET,17688805,41786,106825.0,1,148,148,150,WEST 144 STREET,C,2025-02-12,2025-02-12,02/26/2025,02/19/2025,,,,672.0,9625380.0,§ 27-2033 ADM CODE PROVIDE READY ACCESS TO BUILDINGS HEATING SYSTEM BOILER ROOM DOOR LOCKED AT CELLAR,2025-02-13,2.0,NOV SENT OUT,02/13/2025,Original,Open,N,2025,2025.0
SAMUEL (CITY),MANHATTAN,664,9/26/24,148 WEST 144 STREET,148.0,WEST 144 STREET,148 WEST 144 STREET,17949818,41786,106825.0,1,148,148,150,WEST 144 STREET,A,2025-06-04,2025-06-04,09/21/2025,09/07/2025,,,,1507.0,9790548.0,"(A) § HMC:FILE ANNUAL BEDBUG REPORT IN ACCORDANCE WITH HPD RULE AS DESCRIBED ON THE BACK OF THIS NOTICE OF VIOLATION OR AS DESCRIBED ON HPDS WEBSITE, WWW.NYC.GOV\HPD, SEARCH BED BUGS.",2025-06-04,2.0,NOV SENT OUT,06/04/2025,Original,Open,N,2025,2025.0
SAMUEL (CITY),MANHATTAN,664,9/26/24,148 WEST 144 STREET,148.0,WEST 144 STREET,148 WEST 144 STREET,17608634,41786,106825.0,1,148,148,150,WEST 144 STREET,C,2025-01-09,2025-01-10,01/22/2025,01/10/2025,,,,666.0,9574136.0,"§ 27-2029 ADM CODE PROVIDE AN ADEQUATE SUPPLY OF HEAT FOR THE APARTMENT IN THE ENTIRE APARTMENT LOCATED AT APT 1A, 1st STORY, 1st APARTMENT FROM EAST AT SOUTH",2025-01-13,19.0,VIOLATION CLOSED,03/06/2025,Original,Close,Y,2025,2025.0
SAMUEL (CITY),MANHATTAN,664,9/26/24,148 WEST 144 STREET,148.0,WEST 144 STREET,148 WEST 144 STREET,17578934,41786,106825.0,1,148,148,150,WEST 144 STREET,C,2024-12-26,2024-12-26,01/09/2025,01/02/2025,,,,671.0,9553455.0,"§ 27-2033 ADM CODE POST NOTICE, IN FORM APPROVED BY THE DEPARTMENT, STATING THE NAME AND LOCATION OF THE PERSON DESIGNATED BY THE OWNER TO HAVE KEY TO BUILDINGS HEATING SYSTEM MISSING AT PUBLIC HALL, 1st STORY",2024-12-27,2.0,NOV SENT OUT,12/27/2024,Original,Open,N,2024,2024.0
SAMUEL (CITY),MANHATTAN,664,9/26/24,148 WEST 144 STREET,148.0,WEST 144 STREET,148 WEST 144 STREET,17578935,41786,106825.0,1,148,148,150,WEST 144 STREET,A,2024-12-26,2024-12-26,04/15/2025,04/01/2025,,,04/03/2025,722.0,9553452.0,"§ 27-2053 ADM CODE POST SIGN ON WALL OF ENTRANCE STORY BEARING NAME, ADDRESS INCLUDING APARTMENT NUMBER IF ANY, AND TELEPHONE NUMBER OF SUPERINTENDENT, JANITOR OR HOUSEKEEPER. AT PUBLIC HALL, 1st STORY",2024-12-27,19.0,VIOLATION CLOSED,06/13/2025,Original,Close,N,2024,2024.0
SAMUEL (CITY),MANHATTAN,664,9/26/24,148 WEST 144 STREET,148.0,WEST 144 STREET,148 WEST 144 STREET,17697789,41786,106825.0,1,148,148,150,WEST 144 STREET,C,2025-02-16,2025-02-17,03/09/2025,03/04/2025,,,03/14/2025,530.0,9629907.0,"§ 27-2005, 27-2007, 27-2041.1 HMC, §238, § 309; § 107 (2) ( C) MDL AND 28 RCNY §25-171: REPLACE OR REPAIR THE SELF-CLOSING DOORS THAT IS MISSING OR DEFECTIVE DOOR FRAME IN THE ENTRANCE LOCATED AT APT 4B, 4th STORY, 1st APARTMENT FROM EAST AT SOUTH",2025-02-18,4.0,NOV CERTIFIED LATE,03/14/2025,Original,Open,N,2025,2025.0
SAMUEL (CITY),MANHATTAN,664,9/26/24,148 WEST 144 STREET,148.0,WEST 144 STREET,148 WEST 144 STREET,17578938,41786,106825.0,1,148,148,150,WEST 144 STREET,C,2024-12-26,2024-12-30,01/13/2025,01/06/2025,,,,501.0,9558358.0,"§ 27-2005 HMC: PROPERLY REPAIR OR REPLACE THE BROKEN OR DEFECTIVE UPPER GLASS PANE AT INTERMEDIATE LANDING AT WEST WINDOW AT PUBLIC HALL, 3rd STORY",2024-12-31,19.0,VIOLATION CLOSED,08/07/2025,Original,Close,N,2024,2024.0
SAMUEL (CITY),MANHATTAN,664,9/26/24,148 WEST 144 STREET,148.0,WEST 144 STREET,148 WEST 144 STREET,17628676,41786,106825.0,1,148,148,150,WEST 144 STREET,C,2025-01-16,2025-01-16,01/30/2025,01/23/2025,,,,672.0,9584354.0,§ 27-2033 ADM CODE PROVIDE READY ACCESS TO BUILDINGS HEATING SYSTEM DOOR LOCKED AT BOILER ROOM AT BASEMENT,2025-01-17,2.0,NOV SENT OUT,01/17/2025,Original,Open,N,2025,2025.0
SAMUEL (CITY),MANHATTAN,664,9/26/24,162 WEST 144 STREET,162.0,WEST 144 STREET,162 WEST 144 STREET,17594355,41790,133374.0,1,162,162,162,WEST 144 STREET,C,2025-01-03,2025-01-07,01/21/2025,01/14/2025,,,,672.0,9568609.0,§ 27-2033 ADM CODE PROVIDE READY ACCESS TO BUILDINGS HEATING SYSTEM DOOR LOCKED AT BASEMENT,2025-01-08,2.0,NOV SENT OUT,01/08/2025,Original,Open,N,2025,2025.0
SAMUEL (CITY),MANHATTAN,664,9/26/24,162 WEST 144 STREET,162.0,WEST 144 STREET,162 WEST 144 STREET,17594354,41790,133374.0,1,162,162,162,WEST 144 STREET,C,2025-01-03,2025-01-04,01/16/2025,01/04/2025,,,,666.0,9563047.0,"§ 27-2029 ADM CODE PROVIDE AN ADEQUATE SUPPLY OF HEAT FOR THE APARTMENT IN THE ENTIRE APARTMENT LOCATED AT APT 2B, 2nd STORY, 1st APARTMENT FROM SOUTH AT WEST",2025-01-06,2.0,NOV SENT OUT,01/06/2025,Original,Open,Y,2025,2025.0
SAMUEL (CITY),MANHATTAN,664,9/26/24,162 WEST 144 STREET,162.0,WEST 144 STREET,162 WEST 144 STREET,17649969,41790,133374.0,1,162,162,162,WEST 144 STREET,C,2025-01-25,2025-01-25,02/09/2025,02/02/2025,,,,672.0,9597244.0,§ 27-2033 ADM CODE PROVIDE READY ACCESS TO BUILDINGS HEATING SYSTEM DOOR LOCKED AT CELLAR AT BOILER ROOM,2025-01-27,2.0,NOV SENT OUT,01/27/2025,Original,Open,N,2025,2025.0
SAMUEL (CITY),MANHATTAN,664,9/26/24,162 WEST 144 STREET,162.0,WEST 144 STREET,162 WEST 144 STREET,17649975,41790,133374.0,1,162,162,162,WEST 144 STREET,C,2025-01-25,2025-01-25,02/07/2025,01/26/2025,,,,666.0,9596360.0,"§ 27-2029 ADM CODE PROVIDE AN ADEQUATE SUPPLY OF HEAT FOR THE APARTMENT IN THE ENTIRE APARTMENT LOCATED AT APT 2B, 2nd STORY, 1st APARTMENT FROM SOUTH AT WEST",2025-01-27,2.0,NOV SENT OUT,01/27/2025,Original,Open,Y,2025,2025.0
SAMUEL (CITY),MANHATTAN,664,9/26/24,162 WEST 144 STREET,162.0,WEST 144 STREET,162 WEST 144 STREET,3814556,41790,133374.0,1,162,162,162,WEST 144 STREET,A,2001-05-02,2001-05-02,12/30/2007,12/16/2007,,,,772.0,3105338.0,§ 27-2098 ADM CODE FILE WITH THIS DEPARTMENT A REGISTRATION STATEMENT FOR BUILDING.,2007-09-12,9.0,VIOLATION DISMISSED,03/10/2015,Reissued,Close,Y,2001,2007.0
SAMUEL (CITY),MANHATTAN,664,9/26/24,162 WEST 144 STREET,162.0,WEST 144 STREET,162 WEST 144 STREET,17741369,41790,133374.0,1,162,162,162,WEST 144 STREET,C,2025-03-06,2025-03-07,03/19/2025,03/07/2025,,,03/21/2025,670.0,9661060.0,"§ 27-2031 ADM CODE PROVIDE HOT WATER AT ALL HOT WATER FIXTURES IN THE ENTIRE APARTMENT LOCATED AT APT 1B, 1st STORY, 2nd APARTMENT FROM SOUTH AT WEST",2025-03-10,19.0,VIOLATION CLOSED,03/31/2025,Original,Close,Y,2025,2025.0
SAMUEL (CITY),MANHATTAN,664,9/26/24,162 WEST 144 STREET,162.0,WEST 144 STREET,162 WEST 144 STREET,17631386,41790,133374.0,1,162,162,162,WEST 144 STREET,C,2025-01-18,2025-01-19,01/31/2025,01/19/2025,,,,666.0,9585922.0,"§ 27-2029 ADM CODE PROVIDE AN ADEQUATE SUPPLY OF HEAT FOR THE APARTMENT IN THE ENTIRE APARTMENT LOCATED AT APT 2B, 2nd STORY, 1st APARTMENT FROM SOUTH AT WEST",2025-01-21,2.0,NOV SENT OUT,01/21/2025,Original,Open,Y,2025,2025.0
SAMUEL (CITY),MANHATTAN,664,9/26/24,162 WEST 144 STREET,162.0,WEST 144 STREET,162 WEST 144 STREET,17631390,41790,133374.0,1,162,162,162,WEST 144 STREET,A,2025-01-18,2025-01-19,05/10/2025,04/26/2025,,,05/09/2025,778.0,9586718.0,"§ 27-2104 ADM CODE POST AND MAINTAIN A PROPER SIGN ON WALL OF ENTRANCE STORY SHOWING THE REGISTRATION NUMBER ASSIGNED BY THE DEPARTMENT AND THE ADDRESS OF THE BUILDING. AT PUBLIC HALL, 1st STORY",2025-01-21,19.0,VIOLATION CLOSED,06/13/2025,Original,Close,N,2025,2025.0
SAMUEL (CITY),MANHATTAN,664,9/26/24,162 WEST 144 STREET,162.0,WEST 144 STREET,162 WEST 144 STREET,17631391,41790,133374.0,1,162,162,162,WEST 144 STREET,A,2025-01-18,2025-01-19,05/10/2025,04/26/2025,,,05/09/2025,484.0,9586718.0,"§ 329, M/D LAW AND DEPT. RULES AND REGS. PROVIDE A COMPLETED CERTIFICATE OF INSPECTION VISITS IN A PROPER FRAME AT OR NEAR MAILBOXES, BOTTOM EDGE OF FRAME BETWEEN 48-62 INCHES ABOVE FLOOR MISSING AT PUBLIC HALL, 1st STORY",2025-01-21,19.0,VIOLATION CLOSED,06/13/2025,Original,Close,N,2025,2025.0
SAMUEL (CITY),MANHATTAN,664,9/26/24,162 WEST 144 STREET,162.0,WEST 144 STREET,162 WEST 144 STREET,17649968,41790,133374.0,1,162,162,162,WEST 144 STREET,C,2025-01-25,2025-01-25,02/07/2025,01/26/2025,,,,666.0,9596360.0,"§ 27-2029 ADM CODE PROVIDE AN ADEQUATE SUPPLY OF HEAT FOR THE APARTMENT IN THE 1st ROOM FROM NORTH LOCATED AT APT 1C, 1st STORY, 1st APARTMENT FROM NORTH AT EAST",2025-01-27,19.0,VIOLATION CLOSED,03/06/2025,Original,Close,Y,2025,2025.0
SAMUEL (CITY),MANHATTAN,664,9/26/24,162 WEST 144 STREET,162.0,WEST 144 STREET,162 WEST 144 STREET,17649970,41790,133374.0,1,162,162,162,WEST 144 STREET,C,2025-01-25,2025-01-25,02/09/2025,02/02/2025,,,,510.0,9597244.0,"§ 27-2005 ADM CODE & 309 M/D LAW ABATE THE NUISANCE CONSISTING OF HOT WATER TEMPERATURE EXCEEDING 130 FAHRENHEITS AT ALL HOT WATER FIXTURES IN THE ENTIRE APARTMENT LOCATED AT APT 1C, 1st STORY, 1st APARTMENT FROM NORTH AT EAST",2025-01-27,19.0,VIOLATION CLOSED,03/31/2025,Original,Close,N,2025,2025.0
SAMUEL (CITY),MANHATTAN,664,9/26/24,162 WEST 144 STREET,162.0,WEST 144 STREET,162 WEST 144 STREET,17649972,41790,133374.0,1,162,162,162,WEST 144 STREET,B,2025-01-25,2025-01-25,03/17/2025,03/03/2025,,,,1503.0,9597242.0,"§ 27-2046.1 HMC: REPAIR OR REPLACE THE CARBON MONOXIDE DETECTING DEVICE(S). MISSING IN THE ENTIRE APARTMENT LOCATED AT APT 1C, 1st STORY, 1st APARTMENT FROM NORTH AT EAST",2025-01-27,2.0,NOV SENT OUT,01/27/2025,Original,Open,N,2025,2025.0
SAMUEL (CITY),MANHATTAN,664,9/26/24,162 WEST 144 STREET,162.0,WEST 144 STREET,162 WEST 144 STREET,17741370,41790,133374.0,1,162,162,162,WEST 144 STREET,B,2025-03-06,2025-03-06,04/25/2025,04/11/2025,,,04/25/2025,508.0,9659334.0,"§ 27-2005 ADM CODE REPAIR THE BROKEN OR DEFECTIVE PLASTERED SURFACES AND PAINT IN A UNIFORM COLOR AT CEILING IN THE KITCHEN LOCATED AT APT 1B, 1st STORY, 2nd APARTMENT FROM SOUTH AT WEST",2025-03-07,19.0,VIOLATION CLOSED,06/08/2025,Original,Close,N,2025,2025.0
SAMUEL (CITY),MANHATTAN,664,9/26/24,162 WEST 144 STREET,162.0,WEST 144 STREET,162 WEST 144 STREET,17741372,41790,133374.0,1,162,162,162,WEST 144 STREET,B,2025-03-06,2025-03-06,04/25/2025,04/11/2025,,,04/25/2025,509.0,9659334.0,"§ 27-2005 ADM CODE PROPERLY SECURE THE LOOSE FACE PLATE AT DOOR IN THE ENTRANCE LOCATED AT APT 1B, 1st STORY, 2nd APARTMENT FROM SOUTH AT WEST",2025-03-07,19.0,VIOLATION CLOSED,06/08/2025,Original,Close,N,2025,2025.0
SAMUEL (CITY),MANHATTAN,664,9/26/24,162 WEST 144 STREET,162.0,WEST 144 STREET,162 WEST 144 STREET,17949821,41790,133374.0,1,162,162,162,WEST 144 STREET,A,2025-06-04,2025-06-04,09/21/2025,09/07/2025,,,,1507.0,9790551.0,"(A) § HMC:FILE ANNUAL BEDBUG REPORT IN ACCORDANCE WITH HPD RULE AS DESCRIBED ON THE BACK OF THIS NOTICE OF VIOLATION OR AS DESCRIBED ON HPDS WEBSITE, WWW.NYC.GOV\HPD, SEARCH BED BUGS.",2025-06-04,2.0,NOV SENT OUT,06/04/2025,Original,Open,N,2025,2025.0
SAMUEL (CITY),MANHATTAN,664,9/26/24,162 WEST 144 STREET,162.0,WEST 144 STREET,162 WEST 144 STREET,3454637,41790,133374.0,1,162,162,162,WEST 144 STREET,B,2000-04-07,2000-04-11,10/31/2007,10/17/2007,,,,508.0,3105339.0,"§ 27-2005 ADM CODE REPAIR THE BROKEN OR DEFECTIVE PLASTERED SURFACES AND PAINT IN A UNIFORM COLOR CEILING AND NORTH WALL IN THE BATHROOM LOCATED AT APT 3C, 3rd STORY, 1st APARTMENT FROM NORTH AT EAST",2007-09-12,19.0,VIOLATION CLOSED,09/01/2022,Reissued,Close,N,2000,2007.0
SAMUEL (CITY),MANHATTAN,664,9/26/24,162 WEST 144 STREET,162.0,WEST 144 STREET,162 WEST 144 STREET,3454642,41790,133374.0,1,162,162,162,WEST 144 STREET,A,2000-04-07,2000-04-11,12/30/2007,12/16/2007,,,,508.0,3105338.0,"§ 27-2005 ADM CODE REPAIR THE BROKEN OR DEFECTIVE PLASTERED SURFACES AND PAINT IN A UNIFORM COLOR WEST WALL IN THE 5th ROOM FROM NORTH AT WEST LOCATED AT APT 3C, 3rd STORY, 1st APARTMENT FROM NORTH AT EAST",2007-09-12,19.0,VIOLATION CLOSED,09/01/2022,Reissued,Close,N,2000,2007.0
SAMUEL (CITY),MANHATTAN,664,9/26/24,162 WEST 144 STREET,162.0,WEST 144 STREET,162 WEST 144 STREET,3454644,41790,133374.0,1,162,162,162,WEST 144 STREET,A,2000-04-07,2000-04-11,12/30/2007,12/16/2007,,,,508.0,3105338.0,"§ 27-2005 ADM CODE REPAIR THE BROKEN OR DEFECTIVE PLASTERED SURFACES AND PAINT IN A UNIFORM COLOR WEST WALL IN THE PRIVATE HALLWAY LOCATED AT APT 3C, 3rd STORY, 1st APARTMENT FROM NORTH AT EAST",2007-09-12,19.0,VIOLATION CLOSED,09/01/2022,Reissued,Close,N,2000,2007.0
SAMUEL (CITY),MANHATTAN,664,9/26/24,162 WEST 144 STREET,162.0,WEST 144 STREET,162 WEST 144 STREET,3454649,41790,133374.0,1,162,162,162,WEST 144 STREET,A,2000-04-07,2000-04-11,12/30/2007,12/16/2007,,,,556.0,3105338.0,"§ 27-2013 ADM CODE PAINT WITH LIGHT COLORED PAINT TO THE SATISFACTION OF THIS DEPARTMENT CEILINGS WALLS AND TRIMS IN THE ENTIRE APARTMENT LOCATED AT APT 3C, 3rd STORY, 1st APARTMENT FROM NORTH AT EAST",2007-09-12,19.0,VIOLATION CLOSED,09/01/2022,Reissued,Close,N,2000,2007.0
SAMUEL (CITY),MANHATTAN,664,9/26/24,162 WEST 144 STREET,162.0,WEST 144 STREET,162 WEST 144 STREET,18130047,41790,133374.0,1,162,162,162,WEST 144 STREET,C,2025-08-01,2025-08-01,09/04/2025,08/30/2025,,,,569.0,9933687.0,"HMC ADM CODE: § 27-2017.4 ABATE THE INFESTATION CONSISTING OF MICE IN THE ENTIRE APARTMENT LOCATED AT APT 2A, 2nd STORY, 1st APARTMENT FROM EAST AT SOUTH",2025-08-04,47.0,NOTICE OF ISSUANCE SENT TO TENANT,08/04/2025,Original,Open,N,2025,2025.0
SAMUEL (CITY),MANHATTAN,664,9/26/24,162 WEST 144 STREET,162.0,WEST 144 STREET,162 WEST 144 STREET,17741373,41790,133374.0,1,162,162,162,WEST 144 STREET,C,2025-03-06,2025-03-06,03/20/2025,03/13/2025,,,03/21/2025,671.0,9659335.0,"§ 27-2033 ADM CODE POST NOTICE, IN FORM APPROVED BY THE DEPARTMENT, STATING THE NAME AND LOCATION OF THE PERSON DESIGNATED BY THE OWNER TO HAVE KEY TO BUILDINGS HEATING SYSTEM SIGNAGE MISSING AT PUBLIC HALL",2025-03-07,4.0,NOV CERTIFIED LATE,03/21/2025,Original,Open,N,2025,2025.0
SAMUEL (CITY),MANHATTAN,664,9/26/24,162 WEST 144 STREET,162.0,WEST 144 STREET,162 WEST 144 STREET,17508167,41790,133374.0,1,162,162,162,WEST 144 STREET,C,2024-12-04,2024-12-05,12/19/2024,12/12/2024,,,,672.0,9523414.0,"§ 27-2033 ADM CODE PROVIDE READY ACCESS TO BUILDINGS HEATING SYSTEM NO ACCESS TO BOILER ROOM, LOCKED DOOR AT 1st BOILER ROOM FROM EAST",2024-12-06,2.0,NOV SENT OUT,12/06/2024,Original,Open,N,2024,2024.0
SAMUEL (CITY),MANHATTAN,664,9/26/24,162 WEST 144 STREET,162.0,WEST 144 STREET,162 WEST 144 STREET,17741371,41790,133374.0,1,162,162,162,WEST 144 STREET,C,2025-03-06,2025-03-06,03/20/2025,03/13/2025,,,03/21/2025,672.0,9659336.0,§ 27-2033 ADM CODE PROVIDE READY ACCESS TO BUILDINGS HEATING SYSTEM DOOR LOCKED AT CELLAR AT BOILER ROOM,2025-03-07,4.0,NOV CERTIFIED LATE,03/21/2025,Original,Open,N,2025,2025.0
SAMUEL (CITY),MANHATTAN,664,9/26/24,162 WEST 144 STREET,162.0,WEST 144 STREET,162 WEST 144 STREET,18240619,41790,133374.0,1,162,162,162,WEST 144 STREET,B,2025-09-19,2025-09-24,11/13/2025,10/30/2025,,,,522.0,10006192.0,"§ 27-2005, 2007 ADM CODE FIRE EGRESS DEFECTIVE. REMOVE OBSTRUCTING BARS OR UNLAWFUL GATES FROM AT LEAST 1 WINDOW OR PROVIDE APPROVED TYPE GATE .... IN THE ENTIRE APARTMENT LOCATED AT APT 1B, 1st STORY, 1st APARTMENT FROM SOUTH AT WEST",2025-09-25,2.0,NOV SENT OUT,09/25/2025,Original,Open,N,2025,2025.0
SAMUEL (CITY),MANHATTAN,664,9/26/24,162 WEST 144 STREET,162.0,WEST 144 STREET,162 WEST 144 STREET,17631388,41790,133374.0,1,162,162,162,WEST 144 STREET,C,2025-01-18,2025-01-19,02/03/2025,01/27/2025,,,,671.0,9586719.0,"§ 27-2033 ADM CODE POST NOTICE, IN FORM APPROVED BY THE DEPARTMENT, STATING THE NAME AND LOCATION OF THE PERSON DESIGNATED BY THE OWNER TO HAVE KEY TO BUILDINGS HEATING SYSTEM MISSING AT PUBLIC HALL, 1st STORY",2025-01-21,2.0,NOV SENT OUT,01/21/2025,Original,Open,N,2025,2025.0
SAMUEL (CITY),MANHATTAN,664,9/26/24,162 WEST 144 STREET,162.0,WEST 144 STREET,162 WEST 144 STREET,17649971,41790,133374.0,1,162,162,162,WEST 144 STREET,B,2025-01-25,2025-01-25,03/17/2025,03/03/2025,,,,702.0,9597242.0,"§ 27-2045 ADM CODE REPAIR OR REPLACE THE SMOKE DETECTOR MISSING IN THE ENTIRE APARTMENT LOCATED AT APT 1C, 1st STORY, 1st APARTMENT FROM NORTH AT EAST",2025-01-27,2.0,NOV SENT OUT,01/27/2025,Original,Open,N,2025,2025.0
SAMUEL (CITY),MANHATTAN,664,9/26/24,162 WEST 144 STREET,162.0,WEST 144 STREET,162 WEST 144 STREET,17649976,41790,133374.0,1,162,162,162,WEST 144 STREET,C,2025-01-25,2025-01-25,02/27/2025,02/22/2025,,,,790.0,9597245.0,"§ 27-2043.1 HMC INSTALL THE MISSING OR REPAIR/REPLACE THE DEFECTIVE WINDOW GUARD(S) IN ACCORDANCE WITH THE SPECIFICATIONS OF THE NEW YORK CITY HEALTH CODE SECTION 24 RCNY CHAPTER 12. WG TO INSTALL = 1, WG TO REPLACE = 0, WG TO REPAIR = 0 IN THE ENTIRE APARTMENT LOCATED AT APT 2B, 2nd STORY, 1st APARTMENT FROM SOUTH AT WEST",2025-01-27,2.0,NOV SENT OUT,01/27/2025,Original,Open,N,2025,2025.0
SAMUEL (CITY),MANHATTAN,664,9/26/24,162 WEST 144 STREET,162.0,WEST 144 STREET,162 WEST 144 STREET,17631389,41790,133374.0,1,162,162,162,WEST 144 STREET,A,2025-01-18,2025-01-19,05/10/2025,04/26/2025,,,05/09/2025,722.0,9586718.0,"§ 27-2053 ADM CODE POST SIGN ON WALL OF ENTRANCE STORY BEARING NAME, ADDRESS INCLUDING APARTMENT NUMBER IF ANY, AND TELEPHONE NUMBER OF SUPERINTENDENT, JANITOR OR HOUSEKEEPER. AT PUBLIC HALL, 1st STORY",2025-01-21,19.0,VIOLATION CLOSED,06/13/2025,Original,Close,N,2025,2025.0
SAMUEL (CITY),MANHATTAN,664,9/26/24,162 WEST 144 STREET,162.0,WEST 144 STREET,162 WEST 144 STREET,17649973,41790,133374.0,1,162,162,162,WEST 144 STREET,C,2025-01-25,2025-01-26,02/09/2025,02/02/2025,,,,512.0,9597243.0,"§ 27-2005 ADM CODE FIRE ESCAPE DEFECTIVE. REPLACE WITH NEW THE BROKEN, DEFECTIVE AND/OR MISSING 1ST TREAD, AND 12TH TREAD FROM BOTTOM UP AT BALCONY BUILDING FRONT AT FIRE ESCAPE, 2nd STORY",2025-01-27,19.0,VIOLATION CLOSED,07/28/2025,Original,Close,Y,2025,2025.0
SAMUEL (CITY),MANHATTAN,664,9/26/24,162 WEST 144 STREET,162.0,WEST 144 STREET,162 WEST 144 STREET,17979591,41790,133374.0,1,162,162,162,WEST 144 STREET,C,2025-06-07,2025-06-08,06/22/2025,06/15/2025,,,,672.0,9815257.0,§ 27-2033 ADM CODE PROVIDE READY ACCESS TO BUILDINGS HEATING SYSTEM BOILER ROOM DOOR LOCKED AT CELLAR,2025-06-09,2.0,NOV SENT OUT,06/09/2025,Original,Open,N,2025,2025.0
SAMUEL (CITY),MANHATTAN,664,9/26/24,162 WEST 144 STREET,162.0,WEST 144 STREET,162 WEST 144 STREET,17508166,41790,133374.0,1,162,162,162,WEST 144 STREET,C,2024-12-04,2024-12-05,12/17/2024,12/05/2024,,,,666.0,9523169.0,"§ 27-2029 ADM CODE PROVIDE AN ADEQUATE SUPPLY OF HEAT FOR THE APARTMENT IN THE ENTIRE APARTMENT LOCATED AT APT 2B, 2nd STORY, 1st APARTMENT FROM SOUTH AT WEST",2024-12-06,19.0,VIOLATION CLOSED,03/06/2025,Original,Close,Y,2024,2024.0
SAMUEL (CITY),MANHATTAN,664,9/26/24,162 WEST 144 STREET,162.0,WEST 144 STREET,162 WEST 144 STREET,18130046,41790,133374.0,1,162,162,162,WEST 144 STREET,B,2025-08-01,2025-08-01,09/22/2025,09/08/2025,,,09/19/2025,566.0,9933686.0,"566 (B) 27-2021.4 HMC: ABATE THE NUISANCE CONSISTING OF PESTS. EVIDENCE OF FLIES IN THE ENTIRE APARTMENT LOCATED AT APT 2A, 2nd STORY, 1st APARTMENT FROM EAST AT SOUTH",2025-08-04,10.0,CIV14 MAILED,09/22/2025,Original,Open,N,2025,2025.0
SAMUEL (CITY),MANHATTAN,664,9/26/24,162 WEST 144 STREET,162.0,WEST 144 STREET,162 WEST 144 STREET,17649977,41790,133374.0,1,162,162,162,WEST 144 STREET,C,2025-01-25,2025-01-25,02/15/2025,02/10/2025,,,,530.0,9597246.0,"§ 27-2005, 27-2007, 27-2041.1 HMC, §238, § 309; § 107 (2) ( C) MDL AND 28 RCNY §25-171: REPLACE OR REPAIR THE SELF-CLOSING DOORS THAT IS MISSING OR DEFECTIVE HINGES AT BUILDING FRONT ENTRANCE DOOR AT PUBLIC HALL, 1st STORY",2025-01-27,19.0,VIOLATION CLOSED,07/28/2025,Original,Close,N,2025,2025.0
SAMUEL (CITY),MANHATTAN,664,9/26/24,162 WEST 144 STREET,162.0,WEST 144 STREET,162 WEST 144 STREET,17631387,41790,133374.0,1,162,162,162,WEST 144 STREET,C,2025-01-18,2025-01-19,02/03/2025,01/27/2025,,,,672.0,9586720.0,§ 27-2033 ADM CODE PROVIDE READY ACCESS TO BUILDINGS HEATING SYSTEM BOILER ROOM LOCK DOOR AT CELLAR,2025-01-21,2.0,NOV SENT OUT,01/21/2025,Original,Open,N,2025,2025.0
SAMUEL (CITY),MANHATTAN,664,9/26/24,162 WEST 144 STREET,162.0,WEST 144 STREET,162 WEST 144 STREET,18136098,41790,133374.0,1,162,162,162,WEST 144 STREET,A,2025-08-01,2025-08-01,11/21/2025,11/07/2025,,,,556.0,9933685.0,"§ 27-2013 ADM CODE PAINT WITH LIGHT COLORED PAINT TO THE SATISFACTION OF THIS DEPARTMENT ALL PEELING PAINT SURFACES IN THE 1st ROOM FROM EAST LOCATED AT APT 2A, 2nd STORY, 1st APARTMENT FROM EAST AT SOUTH",2025-08-04,2.0,NOV SENT OUT,08/04/2025,Original,Open,N,2025,2025.0
SAMUEL (CITY),MANHATTAN,664,9/26/24,162 WEST 144 STREET,162.0,WEST 144 STREET,162 WEST 144 STREET,17979589,41790,133374.0,1,162,162,162,WEST 144 STREET,C,2025-06-07,2025-06-08,06/20/2025,06/08/2025,,,,670.0,9814629.0,"§ 27-2031 ADM CODE PROVIDE HOT WATER AT ALL HOT WATER FIXTURES IN THE ENTIRE APARTMENT LOCATED AT APT 1B, 1st STORY, 1st APARTMENT FROM SOUTH AT WEST",2025-06-09,19.0,VIOLATION CLOSED,07/28/2025,Original,Close,Y,2025,2025.0
