bbl,bldg,m,og_address,zip code,cd,fc,ss,sa,cc,bin,dev_name,boro,units,transfer,new_address
3017940112,1,M,346 CLIFTON PLACE,11216,03,08,25,56,36,3050196,ARMSTRONG I,brooklyn,371, 02/12/2020,346 CLIFTON PLACE
3017940011,1,M,344 CLIFTON PLACE,11216,03,08,25,56,36,3050169,ARMSTRONG I,brooklyn,371, 02/12/2020,344 CLIFTON PLACE
3018020051,10,M,360 NOSTRAND AVENUE,11216,03,08,25,57,36,3350437,ARMSTRONG I,brooklyn,371, 02/12/2020,360 NOSTRAND AVENUE
3018020051,11,,260 LEXINGTON AVENUE,11216,03,08,25,57,36,3050588,ARMSTRONG I,brooklyn,371, 02/12/2020,260 LEXINGTON AVENUE
3018020051,11,,262 LEXINGTON AVENUE,11216,03,08,25,57,36,3050588,ARMSTRONG I,brooklyn,371, 02/12/2020,262 LEXINGTON AVENUE
3018020051,11,,264 LEXINGTON AVENUE,11216,03,08,25,57,36,3050588,ARMSTRONG I,brooklyn,371, 02/12/2020,264 LEXINGTON AVENUE
3018020051,12,M,254 LEXINGTON AVENUE,11216,03,08,25,57,36,3399677,ARMSTRONG I,brooklyn,371, 02/12/2020,254 LEXINGTON AVENUE
3018020044,12,M,252 LEXINGTON AVENUE,11216,03,08,25,57,36,3050587,ARMSTRONG I,brooklyn,371, 02/12/2020,252 LEXINGTON AVENUE
3018020044,12,,252A LEXINGTON AVENUE,11216,03,08,25,57,36,3050587,ARMSTRONG I,brooklyn,371, 02/12/2020,252A LEXINGTON AVENUE
3018020043,12,M,250 LEXINGTON AVENUE,11216,03,08,25,57,36,3050586,ARMSTRONG I,brooklyn,371, 02/12/2020,250 LEXINGTON AVENUE
3017940121,2,M,366 CLIFTON PLACE,11216,03,08,25,56,36,3322159,ARMSTRONG I,brooklyn,371, 02/12/2020,366 CLIFTON PLACE
3017940121,2,M,380 CLIFTON PLACE,11216,03,08,25,56,36,3322159,ARMSTRONG I,brooklyn,371, 02/12/2020,380 CLIFTON PLACE
3017940139,3,M,388 CLIFTON PLACE,11216,03,08,25,56,36,3322161,ARMSTRONG I,brooklyn,371, 02/12/2020,388 CLIFTON PLACE
3017940139,3,M,396 CLIFTON PLACE,11216,03,08,25,56,36,3322161,ARMSTRONG I,brooklyn,371, 02/12/2020,396 CLIFTON PLACE
3017940054,4,M,545 GREENE AVENUE,11216,03,08,25,56,36,3322152,ARMSTRONG I,brooklyn,371, 02/12/2020,545 GREENE AVENUE
3017940054,4,M,555 GREENE AVENUE,11216,03,08,25,56,36,3397846,ARMSTRONG I,brooklyn,371, 02/12/2020,555 GREENE AVENUE
3018030124,5,M,304 LEXINGTON AVENUE,11216,03,08,25,56,36,3050667,ARMSTRONG I,brooklyn,371, 02/12/2020,304 LEXINGTON AVENUE
3018030123,5,M,302 LEXINGTON AVENUE,11216,03,08,25,56,36,3050666,ARMSTRONG I,brooklyn,371, 02/12/2020,302 LEXINGTON AVENUE
3018030122,5,M,300 LEXINGTON AVENUE,11216,03,08,25,56,36,3050665,ARMSTRONG I,brooklyn,371, 02/12/2020,300 LEXINGTON AVENUE
3018030121,5,M,298 LEXINGTON AVENUE,11216,03,08,25,56,36,3050664,ARMSTRONG I,brooklyn,371, 02/12/2020,298 LEXINGTON AVENUE
3018030120,5,M,296 LEXINGTON AVENUE,11216,03,08,25,56,36,3050663,ARMSTRONG I,brooklyn,371, 02/12/2020,296 LEXINGTON AVENUE
3018030119,5,M,294 LEXINGTON AVENUE,11216,03,08,25,56,36,3050662,ARMSTRONG I,brooklyn,371, 02/12/2020,294 LEXINGTON AVENUE
3018030118,5,M,292 LEXINGTON AVENUE,11216,03,08,25,56,36,3050661,ARMSTRONG I,brooklyn,371, 02/12/2020,292 LEXINGTON AVENUE
3018030117,5,M,290 LEXINGTON AVENUE,11216,03,08,25,56,36,3050660,ARMSTRONG I,brooklyn,371, 02/12/2020,290 LEXINGTON AVENUE
3018030116,5,M,288 LEXINGTON AVENUE,11216,03,08,25,56,36,3050659,ARMSTRONG I,brooklyn,371, 02/12/2020,288 LEXINGTON AVENUE
3018030115,5,M,286 LEXINGTON AVENUE,11216,03,08,25,56,36,3050658,ARMSTRONG I,brooklyn,371, 02/12/2020,286 LEXINGTON AVENUE
3018030114,5,M,284 LEXINGTON AVENUE,11216,03,08,25,56,36,3050657,ARMSTRONG I,brooklyn,371, 02/12/2020,284 LEXINGTON AVENUE
3018030113,5,M,282 LEXINGTON AVENUE,11216,03,08,25,56,36,3050656,ARMSTRONG I,brooklyn,371, 02/12/2020,282 LEXINGTON AVENUE
3018030112,5,M,280 LEXINGTON AVENUE,11216,03,08,25,56,36,3050655,ARMSTRONG I,brooklyn,371, 02/12/2020,280 LEXINGTON AVENUE
3018030011,5,M,278 LEXINGTON AVENUE,11216,03,08,25,56,36,3050619,ARMSTRONG I,brooklyn,371, 02/12/2020,278 LEXINGTON AVENUE
3018030027,6,M,310 LEXINGTON AVENUE,11216,03,08,25,56,36,3322208,ARMSTRONG I,brooklyn,371, 02/12/2020,310 LEXINGTON AVENUE
3018030027,6,M,320 LEXINGTON AVENUE,11216,03,08,25,56,36,3322207,ARMSTRONG I,brooklyn,371, 02/12/2020,320 LEXINGTON AVENUE
3018030042,7,M,330 LEXINGTON AVENUE,11216,03,08,25,56,36,3322210,ARMSTRONG I,brooklyn,371, 02/12/2020,330 LEXINGTON AVENUE
3018030042,7,M,336 LEXINGTON AVENUE,11216,03,08,25,56,36,3322209,ARMSTRONG I,brooklyn,371, 02/12/2020,336 LEXINGTON AVENUE
3018080174,8,M,435 GATES AVENUE,11216,03,08,25,56,36,3322227,ARMSTRONG I,brooklyn,371, 02/12/2020,435 GATES AVENUE
3018080174,8,M,441 GATES AVENUE,11216,03,08,25,56,36,3322226,ARMSTRONG I,brooklyn,371, 02/12/2020,441 GATES AVENUE
3018080173,9,M,447 GATES AVENUE,11216,03,08,25,56,36,3050927,ARMSTRONG I,brooklyn,371, 02/12/2020,447 GATES AVENUE
3018080172,9,M,449 GATES AVENUE,11216,03,08,25,56,36,3050926,ARMSTRONG I,brooklyn,371, 02/12/2020,449 GATES AVENUE
3018080171,9,M,451 GATES AVENUE,11216,03,08,25,56,36,3050925,ARMSTRONG I,brooklyn,371, 02/12/2020,451 GATES AVENUE
3018080170,9,M,453 GATES AVENUE,11216,03,08,25,56,36,3050924,ARMSTRONG I,brooklyn,371, 02/12/2020,453 GATES AVENUE
3018080169,9,M,455 GATES AVENUE,11216,03,08,25,56,36,3050923,ARMSTRONG I,brooklyn,371, 02/12/2020,455 GATES AVENUE
3018080168,9,M,457 GATES AVENUE,11216,03,08,25,56,36,3050922,ARMSTRONG I,brooklyn,371, 02/12/2020,457 GATES AVENUE
3018080167,9,M,459 GATES AVENUE,11216,03,08,25,56,36,3050921,ARMSTRONG I,brooklyn,371, 02/12/2020,459 GATES AVENUE
3018080166,9,M,461 GATES AVENUE,11216,03,08,25,56,36,3050920,ARMSTRONG I,brooklyn,371, 02/12/2020,461 GATES AVENUE
3018080165,9,M,463 GATES AVENUE,11216,03,08,25,56,36,3050919,ARMSTRONG I,brooklyn,371, 02/12/2020,463 GATES AVENUE
3018080164,9,M,465 GATES AVENUE,11216,03,08,25,56,36,3050918,ARMSTRONG I,brooklyn,371, 02/12/2020,465 GATES AVENUE
3018080163,9,M,467 GATES AVENUE,11216,03,08,25,56,36,3050917,ARMSTRONG I,brooklyn,371, 02/12/2020,467 GATES AVENUE
3018080162,9,M,469 GATES AVENUE,11216,03,08,25,56,36,3050916,ARMSTRONG I,brooklyn,371, 02/12/2020,469 GATES AVENUE
3018080161,9,M,471 GATES AVENUE,11216,03,08,25,56,36,3050915,ARMSTRONG I,brooklyn,371, 02/12/2020,471 GATES AVENUE
3018080160,9,M,473 GATES AVENUE,11216,03,08,25,56,36,3050914,ARMSTRONG I,brooklyn,371, 02/12/2020,473 GATES AVENUE
3018080059,9,M,475 GATES AVENUE,11216,03,08,25,56,36,3050907,ARMSTRONG I,brooklyn,371, 02/12/2020,475 GATES AVENUE
3017990044,1,M,375 LEXINGTON AVENUE,11216,03,08,25,56,36,3322165,ARMSTRONG II,brooklyn,248, 02/12/2020,375 LEXINGTON AVENUE
3017990044,1,M,385 LEXINGTON AVENUE,11216,03,08,25,56,36,3322166,ARMSTRONG II,brooklyn,248, 02/12/2020,385 LEXINGTON AVENUE
3017990044,1,M,395 LEXINGTON AVENUE,11216,03,08,25,56,36,3322173,ARMSTRONG II,brooklyn,248, 02/12/2020,395 LEXINGTON AVENUE
3017990044,1,M,405 LEXINGTON AVENUE,11216,03,08,25,56,36,3322174,ARMSTRONG II,brooklyn,248, 02/12/2020,405 LEXINGTON AVENUE
3017990044,1,M,415 LEXINGTON AVENUE,11216,03,08,25,56,36,3322175,ARMSTRONG II,brooklyn,248, 02/12/2020,415 LEXINGTON AVENUE
3017990044,1,M,280 TOMPKINS AVENUE,11216,03,08,25,56,36,3322175,ARMSTRONG II,brooklyn,248, 02/12/2020,280 TOMPKINS AVENUE
3018040010,2,M,360 LEXINGTON AVENUE,11216,03,08,25,56,36,3322211,ARMSTRONG II,brooklyn,248, 02/12/2020,360 LEXINGTON AVENUE
3018040010,2,M,370 LEXINGTON AVENUE,11216,03,08,25,56,36,3322211,ARMSTRONG II,brooklyn,248, 02/12/2020,370 LEXINGTON AVENUE
3018040010,2,M,380 LEXINGTON AVENUE,11216,03,08,25,56,36,3322213,ARMSTRONG II,brooklyn,248, 02/12/2020,380 LEXINGTON AVENUE
3018040010,3,M,390 LEXINGTON AVENUE,11216,03,08,25,56,36,3322214,ARMSTRONG II,brooklyn,248, 02/12/2020,390 LEXINGTON AVENUE
3018090001,4,M,775 MARCY AVENUE,11216,03,08,25,56,36,3322228,ARMSTRONG II,brooklyn,248, 02/12/2020,775 MARCY AVENUE
3018090001,4,M,785 MARCY AVENUE,11216,03,08,25,56,36,3322229,ARMSTRONG II,brooklyn,248, 02/12/2020,785 MARCY AVENUE
3018090001,4,M,791 MARCY AVENUE,11216,03,08,25,56,36,3322230,ARMSTRONG II,brooklyn,248, 02/12/2020,791 MARCY AVENUE
3018090062,5,M,499 GATES AVENUE,11216,03,08,25,56,36,3322236,ARMSTRONG II,brooklyn,248, 02/12/2020,499 GATES AVENUE
3018090062,5,M,505 GATES AVENUE,11216,03,08,25,56,36,3322234,ARMSTRONG II,brooklyn,248, 02/12/2020,505 GATES AVENUE
3018090062,5,M,515 GATES AVENUE,11216,03,08,25,56,36,3322234,ARMSTRONG II,brooklyn,248, 02/12/2020,515 GATES AVENUE
3018090062,6,,495 GATES AVENUE,11216,03,08,25,56,36,3050974,ARMSTRONG II,brooklyn,248, 02/12/2020,495 GATES AVENUE
3021570006,4,M,96 SOUTH 10TH STREET,11249,01,07,18,50,34,3346894,BERRY STREET-SOUTH 9TH STREET,brooklyn,150, 02/12/2020,96 SOUTH 10 STREET
2025680012,5,M,699 EAST 139TH STREET,10454,01,14,29,84,08,2091291,"BETANCES III, 13",bronx,51, 11/16/2018,699 EAST 139 STREET
2022910023,6,M,409 EAST 146TH STREET,10455,01,15,29,84,08,2091085,BETANCES IV,bronx,282, 11/16/2018,409 EAST 146 STREET
2022910023,6,,411 EAST 146TH STREET,10455,01,15,29,84,08,2091085,BETANCES IV,bronx,282, 11/16/2018,411 EAST 146 STREET
2022910023,7,M,413 EAST 146TH STREET,10455,01,15,29,84,08,2091070,BETANCES IV,bronx,282, 11/16/2018,413 EAST 146 STREET
2022910023,7,,415 EAST 146TH STREET,10455,01,15,29,84,08,2091070,BETANCES IV,bronx,282, 11/16/2018,415 EAST 146 STREET
2022910023,8,M,445 EAST 146TH STREET,10455,01,15,29,84,08,2091092,BETANCES IV,bronx,282, 11/16/2018,445 EAST 146 STREET
3043550001,1,M,785 SCHENCK AVENUE,11207,05,08,19,60,42,3324285,BOULEVARD,brooklyn,"1,441", 12/28/2021,785 SCHENCK AVENUE
3043550001,1,,2150 LINDEN BOULEVARD,11207,05,08,19,60,42,3324285,BOULEVARD,brooklyn,"1,441", 12/28/2021,2150 LINDEN BOULEVARD
3043550001,1,M,797 SCHENCK AVENUE,11207,05,08,19,60,42,3324285,BOULEVARD,brooklyn,"1,441", 12/28/2021,797 SCHENCK AVENUE
3043550001,10,M,842 ASHFORD STREET,11207,05,08,19,60,42,3324288,BOULEVARD,brooklyn,"1,441", 12/28/2021,842 ASHFORD STREET
3043550001,10,,773 STANLEY AVENUE,11207,05,08,19,60,42,3324288,BOULEVARD,brooklyn,"1,441", 12/28/2021,773 STANLEY AVENUE
3043550001,10,M,854 ASHFORD STREET,11207,05,08,19,60,42,3324288,BOULEVARD,brooklyn,"1,441", 12/28/2021,854 ASHFORD STREET
3043770001,11,M,845 SCHENCK AVENUE,11207,05,08,19,60,42,3324162,BOULEVARD,brooklyn,"1,441", 12/28/2021,845 SCHENCK AVENUE
3043770001,11,M,857 SCHENCK AVENUE,11207,05,08,19,60,42,3324162,BOULEVARD,brooklyn,"1,441", 12/28/2021,857 SCHENCK AVENUE
3043770001,12,M,881 SCHENCK AVENUE,11207,05,08,19,60,42,3324276,BOULEVARD,brooklyn,"1,441", 12/28/2021,881 SCHENCK AVENUE
3043770001,12,M,893 SCHENCK AVENUE,11207,05,08,19,60,42,3324276,BOULEVARD,brooklyn,"1,441", 12/28/2021,893 SCHENCK AVENUE
3043770001,13,,726 STANLEY AVENUE,11207,05,08,19,60,42,3324277,BOULEVARD,brooklyn,"1,441", 12/28/2021,726 STANLEY AVENUE
3043770001,13,M,738 STANLEY AVENUE,11207,05,08,19,60,42,3324277,BOULEVARD,brooklyn,"1,441", 12/28/2021,738 STANLEY AVENUE
3043770001,13,M,740 STANLEY AVENUE,11207,05,08,19,60,42,3324277,BOULEVARD,brooklyn,"1,441", 12/28/2021,740 STANLEY AVENUE
3043770001,14,M,359 WORTMAN AVENUE,11207,05,08,19,60,42,3324279,BOULEVARD,brooklyn,"1,441", 12/28/2021,359 WORTMAN AVENUE
3043770001,14,M,357 WORTMAN AVENUE,11207,05,08,19,60,42,3324279,BOULEVARD,brooklyn,"1,441", 12/28/2021,357 WORTMAN AVENUE
3043770001,15,M,756 STANLEY AVENUE,11207,05,08,19,60,42,3324278,BOULEVARD,brooklyn,"1,441", 12/28/2021,756 STANLEY AVENUE
3043770001,15,M,758 STANLEY AVENUE,11207,05,08,19,60,42,3324278,BOULEVARD,brooklyn,"1,441", 12/28/2021,758 STANLEY AVENUE
3043770001,15,,772 STANLEY AVENUE,11207,05,08,19,60,42,3324278,BOULEVARD,brooklyn,"1,441", 12/28/2021,772 STANLEY AVENUE
3043770001,16,M,363 WORTMAN AVENUE,11207,05,08,19,60,42,3324280,BOULEVARD,brooklyn,"1,441", 12/28/2021,363 WORTMAN AVENUE
3043770001,16,M,361 WORTMAN AVENUE,11207,05,08,19,60,42,3324280,BOULEVARD,brooklyn,"1,441", 12/28/2021,361 WORTMAN AVENUE
3043770001,17,M,872 ASHFORD STREET,11207,05,08,19,60,42,3324274,BOULEVARD,brooklyn,"1,441", 12/28/2021,872 ASHFORD STREET
3043770001,17,M,884 ASHFORD STREET,11207,05,08,19,60,42,3324274,BOULEVARD,brooklyn,"1,441", 12/28/2021,884 ASHFORD STREET
3043770001,18,M,908 ASHFORD STREET,11207,05,08,19,60,42,3324275,BOULEVARD,brooklyn,"1,441", 12/28/2021,908 ASHFORD STREET
3043770001,18,M,920 ASHFORD STREET,11207,05,08,19,60,42,3324275,BOULEVARD,brooklyn,"1,441", 12/28/2021,920 ASHFORD STREET
3043550001,2,M,817 SCHENCK AVENUE,11207,05,08,19,60,42,3324293,BOULEVARD,brooklyn,"1,441", 12/28/2021,817 SCHENCK AVENUE
3043550001,2,M,829 SCHENCK AVENUE,11207,05,08,19,60,42,3324293,BOULEVARD,brooklyn,"1,441", 12/28/2021,829 SCHENCK AVENUE
3043550001,3,M,2156 LINDEN BOULEVARD,11207,05,08,19,60,42,3324289,BOULEVARD,brooklyn,"1,441", 12/28/2021,2156 LINDEN BOULEVARD
3043550001,4,M,807 SCHENCK AVENUE,11207,05,08,19,60,42,3324292,BOULEVARD,brooklyn,"1,441", 12/28/2021,807 SCHENCK AVENUE
3043550001,5,M,725 STANLEY AVENUE,11207,05,08,19,60,42,3324294,BOULEVARD,brooklyn,"1,441", 12/28/2021,725 STANLEY AVENUE
3043550001,6,M,2202 LINDEN BOULEVARD,11207,05,08,19,60,42,3324290,BOULEVARD,brooklyn,"1,441", 12/28/2021,2202 LINDEN BOULEVARD
3043550001,7,M,830 ASHFORD STREET,11207,05,08,19,60,42,3324287,BOULEVARD,brooklyn,"1,441", 12/28/2021,830 ASHFORD STREET
3043550001,8,M,765 STANLEY AVENUE,11207,05,08,19,60,42,3324295,BOULEVARD,brooklyn,"1,441", 12/28/2021,765 STANLEY AVENUE
3043550001,9,,812 ASHFORD STREET,11207,05,08,19,60,42,3324286,BOULEVARD,brooklyn,"1,441", 12/28/2021,812 ASHFORD STREET
3043550001,9,,828 ASHFORD STREET,11207,05,08,19,60,42,3324286,BOULEVARD,brooklyn,"1,441", 12/28/2021,828 ASHFORD STREET
3043550001,9,M,804 ASHFORD STREET,11207,05,08,19,60,42,3324286,BOULEVARD,brooklyn,"1,441", 12/28/2021,804 ASHFORD STREET
3043550001,9,M,816 ASHFORD STREET,11207,05,08,19,60,42,3324286,BOULEVARD,brooklyn,"1,441", 12/28/2021,816 ASHFORD STREET
3032970001,23,M,1280 GREENE AVENUE,11221,04,07,18,53,37,3325696,BUSHWICK II (GROUPS A & C),brooklyn,300, 7/18/2019,1280 GREENE AVENUE
3032970001,24,M,1240 GREENE AVENUE,11221,04,07,18,53,37,3325695,BUSHWICK II (GROUPS A & C),brooklyn,300, 7/18/2019,1240 GREENE AVENUE
3032970001,25,M,289 CENTRAL AVENUE,11221,04,07,18,53,37,3325694,BUSHWICK II (GROUPS A & C),brooklyn,300, 7/18/2019,289 CENTRAL AVENUE
3034030001,3,M,595 EVERGREEN AVENUE,11207,04,07,18,54,37,3078553,BUSHWICK II (GROUPS A & C),brooklyn,300, 7/18/2019,595 EVERGREEN AVENUE
3034100001,4,M,615 EVERGREEN AVENUE,11207,04,07,18,54,37,3078789,BUSHWICK II (GROUPS A & C),brooklyn,300, 7/18/2019,615 EVERGREEN AVENUE
3034150039,5,M,690 EVERGREEN AVENUE,11207,04,07,18,54,37,3326305,BUSHWICK II (GROUPS A & C),brooklyn,300, 7/18/2019,690 EVERGREEN AVENUE
3034090032,6,M,670 EVERGREEN AVENUE,11207,04,07,18,54,37,3078774,BUSHWICK II (GROUPS A & C),brooklyn,300, 7/18/2019,670 EVERGREEN AVENUE
3034150039,7,M,85 COVERT STREET,11207,04,07,18,54,37,3326315,BUSHWICK II (GROUPS A & C),brooklyn,300, 7/18/2019,85 COVERT STREET
3034150039,8,M,75 COVERT STREET,11207,04,07,18,54,37,3326314,BUSHWICK II (GROUPS A & C),brooklyn,300, 7/18/2019,75 COVERT STREET
3032760001,9,M,160 HIMROD STREET,11221,04,07,18,53,37,3325660,BUSHWICK II (GROUPS A & C),brooklyn,300, 7/18/2019,160 HIMROD STREET
3033250001,2,M,234 GROVE STREET,11237,04,07,18,53,37,3338492,BUSHWICK II CDA (GROUP E),brooklyn,276, 7/18/2019,234 GROVE STREET
3033250001,2,M,230 GROVE STREET,11237,04,07,18,53,37,3338492,BUSHWICK II CDA (GROUP E),brooklyn,276, 7/18/2019,230 GROVE STREET
3033250001,2,M,226 GROVE STREET,11237,04,07,18,53,37,3338492,BUSHWICK II CDA (GROUP E),brooklyn,276, 7/18/2019,226 GROVE STREET
3033250001,2,M,339 WILSON AVENUE,11221,04,07,18,53,37,3338492,BUSHWICK II CDA (GROUP E),brooklyn,276, 7/18/2019,339 WILSON AVENUE
3033250001,2,M,343 WILSON AVENUE,11221,04,07,18,53,37,3338492,BUSHWICK II CDA (GROUP E),brooklyn,276, 7/18/2019,343 WILSON AVENUE
3033250001,2,M,347 WILSON AVENUE,11221,04,07,18,53,37,3338492,BUSHWICK II CDA (GROUP E),brooklyn,276, 7/18/2019,347 WILSON AVENUE
3033250001,3,M,235 LINDEN STREET,11221,04,07,18,53,37,3338491,BUSHWICK II CDA (GROUP E),brooklyn,276, 7/18/2019,235 LINDEN STREET
3033250001,3,M,239 LINDEN STREET,11221,04,07,18,53,37,3338491,BUSHWICK II CDA (GROUP E),brooklyn,276, 7/18/2019,239 LINDEN STREET
3033250001,3,M,243 LINDEN STREET,11221,04,07,18,53,37,3338491,BUSHWICK II CDA (GROUP E),brooklyn,276, 7/18/2019,243 LINDEN STREET
3033250001,3,M,247 LINDEN STREET,11221,04,07,18,53,37,3338491,BUSHWICK II CDA (GROUP E),brooklyn,276, 7/18/2019,247 LINDEN STREET
3033250001,3,M,251 LINDEN STREET,11221,04,07,18,53,37,3338491,BUSHWICK II CDA (GROUP E),brooklyn,276, 7/18/2019,251 LINDEN STREET
3033250001,3,M,532 KNICKERBOCKER AVENUE,11221,04,07,18,53,37,3338491,BUSHWICK II CDA (GROUP E),brooklyn,276, 7/18/2019,532 KNICKERBOCKER AVENUE
3033250001,3,M,528 KNICKERBOCKER AVENUE,11221,04,07,18,53,37,3338491,BUSHWICK II CDA (GROUP E),brooklyn,276, 7/18/2019,528 KNICKERBOCKER AVENUE
3033250001,3,M,524 KNICKERBOCKER AVENUE,11221,04,07,18,53,37,3338491,BUSHWICK II CDA (GROUP E),brooklyn,276, 7/18/2019,524 KNICKERBOCKER AVENUE
3033340001,4,M,236 LINDEN STREET,11221,04,07,18,53,37,3338493,BUSHWICK II CDA (GROUP E),brooklyn,276, 7/18/2019,236 LINDEN STREET
3033340001,4,M,232 LINDEN STREET,11221,04,07,18,53,37,3338493,BUSHWICK II CDA (GROUP E),brooklyn,276, 7/18/2019,232 LINDEN STREET
3033340001,4,M,228 LINDEN STREET,11221,04,07,18,53,37,3338493,BUSHWICK II CDA (GROUP E),brooklyn,276, 7/18/2019,228 LINDEN STREET
3033340001,4,M,224 LINDEN STREET,11221,04,07,18,53,37,3338493,BUSHWICK II CDA (GROUP E),brooklyn,276, 7/18/2019,224 LINDEN STREET
3033340001,4,M,220 LINDEN STREET,11221,04,07,18,53,37,3338493,BUSHWICK II CDA (GROUP E),brooklyn,276, 7/18/2019,220 LINDEN STREET
3033340001,4,M,357 WILSON AVENUE,11221,04,07,18,53,37,3338493,BUSHWICK II CDA (GROUP E),brooklyn,276, 7/18/2019,357 WILSON AVENUE
3033340001,4,M,361 WILSON AVENUE,11221,04,07,18,53,37,3338493,BUSHWICK II CDA (GROUP E),brooklyn,276, 7/18/2019,361 WILSON AVENUE
3033340001,4,M,365 WILSON AVENUE,11221,04,07,18,53,37,3338493,BUSHWICK II CDA (GROUP E),brooklyn,276, 7/18/2019,365 WILSON AVENUE
3033340001,5,M,1389 GATES AVENUE,11221,04,07,18,53,37,3342119,BUSHWICK II CDA (GROUP E),brooklyn,276, 7/18/2019,1389 GATES AVENUE
3033340001,5,M,1393 GATES AVENUE,11221,04,07,18,53,37,3396593,BUSHWICK II CDA (GROUP E),brooklyn,276, 7/18/2019,1393 GATES AVENUE
3033340001,5,M,1397 GATES AVENUE,11221,04,07,18,53,37,3342119,BUSHWICK II CDA (GROUP E),brooklyn,276, 7/18/2019,1397 GATES AVENUE
3033340001,5,M,1411 GATES AVENUE,11221,04,07,18,53,37,3342119,BUSHWICK II CDA (GROUP E),brooklyn,276, 7/18/2019,1411 GATES AVENUE
3033340001,5,M,1415 GATES AVENUE,11221,04,07,18,53,37,3342119,BUSHWICK II CDA (GROUP E),brooklyn,276, 7/18/2019,1415 GATES AVENUE
3033340001,5,M,558 KNICKERBOCKER AVENUE,11221,04,07,18,53,37,3342119,BUSHWICK II CDA (GROUP E),brooklyn,276, 7/18/2019,558 KNICKERBOCKER AVENUE
3033340001,5,M,554 KNICKERBOCKER AVENUE,11221,04,07,18,53,37,3342119,BUSHWICK II CDA (GROUP E),brooklyn,276, 7/18/2019,554 KNICKERBOCKER AVENUE
3033340001,5,M,550 KNICKERBOCKER AVENUE,11221,04,07,18,53,37,3342119,BUSHWICK II CDA (GROUP E),brooklyn,276, 7/18/2019,550 KNICKERBOCKER AVENUE
3013570065,3,M,1371 SAINT MARKS AVENUE,11233,08,08,20,55,41,3035982,CROWN HEIGHTS,brooklyn,121, 11/28/2023,1371 SAINT MARKS AVENUE
3013690058,4,M,1629 PARK PLACE,11233,08,09,20,55,41,3036364,CROWN HEIGHTS,brooklyn,121, 11/28/2023,1629 PARK PLACE
3013750029,5,M,1630 PARK PLACE,11233,08,09,20,55,41,3036636,CROWN HEIGHTS,brooklyn,121, 11/28/2023,1630 PARK PLACE
3013750031,6,M,1636 PARK PLACE,11233,08,09,20,55,41,3036637,CROWN HEIGHTS,brooklyn,121, 11/28/2023,1636 PARK PLACE
3013750034,7,M,1640 PARK PLACE,11233,08,09,20,55,41,3036638,CROWN HEIGHTS,brooklyn,121, 11/28/2023,1640 PARK PLACE
3013750036,8,M,1646 PARK PLACE,11233,08,09,20,55,41,3036639,CROWN HEIGHTS,brooklyn,121, 11/28/2023,1646 PARK PLACE
2045810001,4,M,1240 BURKE AVENUE,10469,11,15,36,83,12,2093501,EASTCHESTER GARDENS,bronx,877, 3/27/2025,1240 BURKE AVENUE
2045810001,4,,1246 BURKE AVENUE,10469,11,15,36,83,12,2093501,EASTCHESTER GARDENS,bronx,877, 3/27/2025,1246 BURKE AVENUE
2045810001,5,M,1260 BURKE AVENUE,10469,11,15,36,83,12,2093502,EASTCHESTER GARDENS,bronx,877, 3/27/2025,1260 BURKE AVENUE
2045810001,6,M,3055 BOUCK AVENUE,10469,11,15,36,83,12,2093494,EASTCHESTER GARDENS,bronx,877, 3/27/2025,3055 BOUCK AVENUE
2045810001,7,M,1255 ADEE AVENUE,10469,11,15,36,83,12,2093493,EASTCHESTER GARDENS,bronx,877, 3/27/2025,1255 ADEE AVENUE
2045810001,8,M,1245 ADEE AVENUE,10469,11,15,36,83,12,2093492,EASTCHESTER GARDENS,bronx,877, 3/27/2025,1245 ADEE AVENUE
2045810001,9,,1221 ADEE AVENUE,10469,11,15,36,83,12,2093491,EASTCHESTER GARDENS,bronx,877, 3/27/2025,1221 ADEE AVENUE
2045810001,9,M,1219 ADEE AVENUE,10469,11,15,36,83,12,2093491,EASTCHESTER GARDENS,bronx,877, 3/27/2025,1219 ADEE AVENUE
2049050003,30,M,1160 229TH DRIVE SOUTH,10466,12,16,36,83,12,2094169,EDENWALD,bronx,"2,039", 06/27/2013,1160 229 DRIVE SOUTH
2049050003,31,M,1187 226TH DRIVE,10466,12,16,36,83,12,2094166,EDENWALD,bronx,"2,039", 06/27/2013,1187 226 DRIVE
2049050003,31,M,1183 226TH DRIVE,10466,12,16,36,83,12,2094166,EDENWALD,bronx,"2,039", 06/27/2013,1183 226 DRIVE
2049050003,32,M,1169 226TH DRIVE,10466,12,16,36,83,12,2094165,EDENWALD,bronx,"2,039", 06/27/2013,1169 226 DRIVE
2049050003,32,M,1165 226TH DRIVE,10466,12,16,36,83,12,2094165,EDENWALD,bronx,"2,039", 06/27/2013,1165 226 DRIVE
2049050003,33,,1151 226TH DRIVE,10466,12,16,36,83,12,2094164,EDENWALD,bronx,"2,039", 06/27/2013,1151 226 DRIVE
2049050003,33,M,1145 226TH DRIVE,10466,12,16,36,83,12,2094164,EDENWALD,bronx,"2,039", 06/27/2013,1145 226 DRIVE
2049050003,33,M,1141 226TH DRIVE,10466,12,16,36,83,12,2094164,EDENWALD,bronx,"2,039", 06/27/2013,1141 226 DRIVE
2049050003,34,M,1131 226TH DRIVE,10466,12,16,36,83,12,2094163,EDENWALD,bronx,"2,039", 06/27/2013,1131 226 DRIVE
2049050003,34,M,1135 226TH DRIVE,10466,12,16,36,83,12,2094163,EDENWALD,bronx,"2,039", 06/27/2013,1135 226 DRIVE
2049050003,35,M,4000 LACONIA AVENUE,10466,12,16,36,83,12,2094171,EDENWALD,bronx,"2,039", 06/27/2013,4000 LACONIA AVENUE
2049050003,35,M,4010 LACONIA AVENUE,10466,12,16,36,83,12,2094171,EDENWALD,bronx,"2,039", 06/27/2013,4010 LACONIA AVENUE
2049050003,36,M,1115 EAST 225TH STREET,10466,12,16,36,83,12,2094172,EDENWALD,bronx,"2,039", 06/27/2013,1115 EAST 225 STREET
2049050003,36,M,1121 EAST 225TH STREET,10466,12,16,36,83,12,2094172,EDENWALD,bronx,"2,039", 06/27/2013,1121 EAST 225 STREET
2049050003,37,M,1138 226TH DRIVE,10466,12,16,36,83,12,2094173,EDENWALD,bronx,"2,039", 06/27/2013,1138 226 DRIVE
2049050003,37,M,1130 226TH DRIVE,10466,12,16,36,83,12,2094173,EDENWALD,bronx,"2,039", 06/27/2013,1130 226 DRIVE
2049050003,38,M,1155 EAST 225TH STREET,10466,12,16,36,83,12,2094176,EDENWALD,bronx,"2,039", 06/27/2013,1155 EAST 225 STREET
2049050003,38,M,1161 EAST 225TH STREET,10466,12,16,36,83,12,2094176,EDENWALD,bronx,"2,039", 06/27/2013,1161 EAST 225 STREET
2049050003,39,M,1181 EAST 225TH STREET,10466,12,16,36,83,12,2094177,EDENWALD,bronx,"2,039", 06/27/2013,1181 EAST 225 STREET
2049050003,39,M,1175 EAST 225TH STREET,10466,12,16,36,83,12,2094177,EDENWALD,bronx,"2,039", 06/27/2013,1175 EAST 225 STREET
2049050001,4,M,3841 BAYCHESTER AVENUE,10466,12,16,36,83,12,2094140,EDENWALD,bronx,"2,039", 06/27/2013,3841 BAYCHESTER AVENUE
2049050001,4,M,3845 BAYCHESTER AVENUE,10466,12,16,36,83,12,2094140,EDENWALD,bronx,"2,039", 06/27/2013,3845 BAYCHESTER AVENUE
2049050003,40,M,1195 EAST 225TH STREET,10466,12,16,36,83,12,2094174,EDENWALD,bronx,"2,039", 06/27/2013,1195 EAST 225 STREET
2049050003,40,M,1855 SCHIEFFELIN AVENUE,10466,12,16,36,83,12,2094174,EDENWALD,bronx,"2,039", 06/27/2013,1855 SCHIEFFELIN AVENUE
2049050003,41,,1140 EAST 229TH STREET,10466,12,16,36,83,12,2094178,EDENWALD,bronx,"2,039", 06/27/2013,1140 EAST 229 STREET
2049050003,41,,1150 EAST 229TH STREET,10466,12,16,36,83,12,2094178,EDENWALD,bronx,"2,039", 06/27/2013,1150 EAST 229 STREET
2049050001,42,,1149GAR 229TH DRIVE NORTH,10466,12,16,36,83,12,2112989,EDENWALD,bronx,"2,039", 06/27/2013,1149 229 DRIVE NORTH
2049050001,5,M,1981 SCHIEFFELIN AVENUE,10466,12,16,36,83,12,2094138,EDENWALD,bronx,"2,039", 06/27/2013,1981 SCHIEFFELIN AVENUE
2049050001,5,M,1985 SCHIEFFELIN AVENUE,10466,12,16,36,83,12,2094138,EDENWALD,bronx,"2,039", 06/27/2013,1985 SCHIEFFELIN AVENUE
2049050001,6,M,1961 SCHIEFFELIN AVENUE,10466,12,16,36,83,12,2094137,EDENWALD,bronx,"2,039", 06/27/2013,1961 SCHIEFFELIN AVENUE
2049050001,6,M,1965 SCHIEFFELIN AVENUE,10466,12,16,36,83,12,2094137,EDENWALD,bronx,"2,039", 06/27/2013,1965 SCHIEFFELIN AVENUE
2049050001,7,M,1173 229TH DRIVE NORTH,10466,12,16,36,83,12,2094139,EDENWALD,bronx,"2,039", 06/27/2013,1173 229 DRIVE NORTH
2049050001,8,,1161 229TH DRIVE NORTH,10466,12,16,36,83,12,2094145,EDENWALD,bronx,"2,039", 06/27/2013,1161 229 DRIVE NORTH
2049050001,8,M,1159 229TH DRIVE NORTH,10466,12,16,36,83,12,2094145,EDENWALD,bronx,"2,039", 06/27/2013,1159 229 DRIVE NORTH
2049050001,9,M,1147 229TH DRIVE NORTH,10466,12,16,36,83,12,2094144,EDENWALD,bronx,"2,039", 06/27/2013,1147 229 DRIVE NORTH
2049050001,9,M,1149 229TH DRIVE NORTH,10466,12,16,36,83,12,2094144,EDENWALD,bronx,"2,039", 06/27/2013,1149 229 DRIVE NORTH
3048180030,7,M,738 FENIMORE STREET,11203,09,09,20,43,40,3107352,FENIMORE-LEFFERTS,brooklyn,36, 11/28/2023,738 FENIMORE STREET
3048180029,8,M,736 FENIMORE STREET,11203,09,09,20,43,40,3107351,FENIMORE-LEFFERTS,brooklyn,36, 11/28/2023,736 FENIMORE STREET
3048180028,9,M,732 FENIMORE STREET,11203,09,09,20,43,40,3107350,FENIMORE-LEFFERTS,brooklyn,36, 11/28/2023,732 FENIMORE STREET
2029350003,6,M,1390 FRANKLIN AVENUE,10456,03,15,32,79,17,2009765,FRANKLIN AVENUE II CONVENTIONAL,bronx,45, 11/30/2018,1390 FRANKLIN AVENUE
1020370011,5,,58 MACOMBS PLACE,10039,10,13,30,71,09,1084153,HARLEM RIVER,manhattan,577, 02/17/2022,58 MACOMBS PLACE
1020370011,5,,56 1/2 MACOMBS PLACE,10039,10,13,30,71,09,1084153,HARLEM RIVER,manhattan,577, 02/17/2022,56 1/2 MACOMBS PLACE
1020370011,5,,54 1/2 MACOMBS PLACE,10039,10,13,30,71,09,1084153,HARLEM RIVER,manhattan,577, 02/17/2022,54 1/2 MACOMBS PLACE
1020370011,5,M,52 MACOMBS PLACE,10039,10,13,30,71,09,1084153,HARLEM RIVER,manhattan,577, 02/17/2022,52 MACOMBS PLACE
1020370011,5,,56 MACOMBS PLACE,10039,10,13,30,71,09,1084153,HARLEM RIVER,manhattan,577, 02/17/2022,56 MACOMBS PLACE
1020370011,5,M,50 MACOMBS PLACE,10039,10,13,30,71,09,1084153,HARLEM RIVER,manhattan,577, 02/17/2022,50 MACOMBS PLACE
1020370011,5,M,48 MACOMBS PLACE,10039,10,13,30,71,09,1084153,HARLEM RIVER,manhattan,577, 02/17/2022,48 MACOMBS PLACE
1020370011,5,M,46 MACOMBS PLACE,10039,10,13,30,71,09,1084153,HARLEM RIVER,manhattan,577, 02/17/2022,46 MACOMBS PLACE
1020370011,5,,40 1/2 MACOMBS PLACE,10039,10,13,30,71,09,1084153,HARLEM RIVER,manhattan,577, 02/17/2022,40 1/2 MACOMBS PLACE
1020370011,5,,42 MACOMBS PLACE,10039,10,13,30,71,09,1084153,HARLEM RIVER,manhattan,577, 02/17/2022,42 MACOMBS PLACE
1020370011,5,,42 1/2 MACOMBS PLACE,10039,10,13,30,71,09,1084153,HARLEM RIVER,manhattan,577, 02/17/2022,42 1/2 MACOMBS PLACE
1020370011,5,M,44 MACOMBS PLACE,10039,10,13,30,71,09,1084153,HARLEM RIVER,manhattan,577, 02/17/2022,44 MACOMBS PLACE
1020160060,6,M,2653 A C POWELL BOULEVARD,10039,10,13,30,71,09,1084139,HARLEM RIVER,manhattan,577, 02/17/2022,2653 ADAM C POWELL BOULEVARD
1020160060,6,M,2651 A C POWELL BOULEVARD,10039,10,13,30,71,09,1084139,HARLEM RIVER,manhattan,577, 02/17/2022,2651 ADAM C POWELL BOULEVARD
1020160060,6,M,2645 A C POWELL BOULEVARD,10039,10,13,30,71,09,1084139,HARLEM RIVER,manhattan,577, 02/17/2022,2645 ADAM C POWELL BOULEVARD
1020160060,6,M,2641 A C POWELL BOULEVARD,10039,10,13,30,71,09,1084139,HARLEM RIVER,manhattan,577, 02/17/2022,2641 ADAM C POWELL BOULEVARD
1020160060,6,M,187 WEST 152ND STREET,10039,10,13,30,71,09,1084139,HARLEM RIVER,manhattan,577, 02/17/2022,187 WEST 152 STREET
1020160060,6,M,183 WEST 152ND STREET,10039,10,13,30,71,09,1084139,HARLEM RIVER,manhattan,577, 02/17/2022,183 WEST 152 STREET
1020160060,6,M,180 WEST 152ND STREET,10039,10,13,30,71,09,1084139,HARLEM RIVER,manhattan,577, 02/17/2022,180 WEST 152 STREET
1020160060,6,M,182 WEST 152ND STREET,10039,10,13,30,71,09,1084139,HARLEM RIVER,manhattan,577, 02/17/2022,182 WEST 152 STREET
1020160060,6,M,186 WEST 152ND STREET,10039,10,13,30,71,09,1084139,HARLEM RIVER,manhattan,577, 02/17/2022,186 WEST 152 STREET
1020160060,7,M,2637 A C POWELL BOULEVARD,10039,10,13,30,71,09,1060197,HARLEM RIVER,manhattan,577, 02/17/2022,2637 ADAM C POWELL BOULEVARD
1020160060,7,M,190 WEST 152ND STREET,10039,10,13,30,71,09,1060197,HARLEM RIVER,manhattan,577, 02/17/2022,190 WEST 152 STREET
1020160060,7,,2627 A C POWELL BOULEVARD,10039,10,13,30,71,09,1060197,HARLEM RIVER,manhattan,577, 02/17/2022,2627 ADAM C POWELL BOULEVARD
1020160060,7,M,191W WEST 151ST STREET,10039,10,13,30,71,09,1060197,HARLEM RIVER,manhattan,577, 02/17/2022,191W WEST 151 STREET
1020160060,7,,2633 A C POWELL BOULEVARD,10039,10,13,30,71,09,1060197,HARLEM RIVER,manhattan,577, 02/17/2022,2633 ADAM C POWELL BOULEVARD
1020160060,7,,2621 A C POWELL BOULEVARD,10039,10,13,30,71,09,1060197,HARLEM RIVER,manhattan,577, 02/17/2022,2621 ADAM C POWELL BOULEVARD
1020160060,7,M,191V WEST 151ST STREET,10039,10,13,30,71,09,1060197,HARLEM RIVER,manhattan,577, 02/17/2022,191V WEST 151 STREET
1020160060,7,M,191U WEST 151ST STREET,10039,10,13,30,71,09,1060197,HARLEM RIVER,manhattan,577, 02/17/2022,191U WEST 151 STREET
1020160060,7,M,181 WEST 151ST STREET,10039,10,13,30,71,09,1060197,HARLEM RIVER,manhattan,577, 02/17/2022,181 WEST 151 STREET
1020160060,7,M,177 WEST 151ST STREET,10039,10,13,30,71,09,1060197,HARLEM RIVER,manhattan,577, 02/17/2022,177 WEST 151 STREET
1020160060,7,M,173 WEST 151ST STREET,10039,10,13,30,71,09,1060197,HARLEM RIVER,manhattan,577, 02/17/2022,173 WEST 151 STREET
3035110022,3,M,578 HOWARD AVENUE,11212,16,09,25,55,41,3326462,HOWARD AVENUE,brooklyn,150, 11/28/2023,578 HOWARD AVENUE
3035110022,3,M,582 HOWARD AVENUE,11212,16,09,25,55,41,3326462,HOWARD AVENUE,brooklyn,150, 11/28/2023,582 HOWARD AVENUE
3035110046,4,M,602 HOWARD AVENUE,11212,16,09,25,55,41,3255190,HOWARD AVENUE,brooklyn,150, 11/28/2023,602 HOWARD AVENUE
3035110046,4,M,606 HOWARD AVENUE,11212,16,09,25,55,41,3255190,HOWARD AVENUE,brooklyn,150, 11/28/2023,606 HOWARD AVENUE
3035110046,4,M,610 HOWARD AVENUE,11212,16,09,25,55,41,3255190,HOWARD AVENUE,brooklyn,150, 11/28/2023,610 HOWARD AVENUE
3035110046,4,M,614 HOWARD AVENUE,11212,16,09,25,55,41,3255190,HOWARD AVENUE,brooklyn,150, 11/28/2023,614 HOWARD AVENUE
3035110022,5,M,1 TAPSCOTT STREET,11212,16,09,25,55,41,3326463,HOWARD AVENUE,brooklyn,150, 11/28/2023,1 TAPSCOTT STREET
3035110022,5,M,5 TAPSCOTT STREET,11212,16,09,25,55,41,3326463,HOWARD AVENUE,brooklyn,150, 11/28/2023,5 TAPSCOTT STREET
3035110022,5,M,9 TAPSCOTT STREET,11212,16,09,25,55,41,3326463,HOWARD AVENUE,brooklyn,150, 11/28/2023,9 TAPSCOTT STREET
3035110022,5,M,13 TAPSCOTT STREET,11212,16,09,25,55,41,3326463,HOWARD AVENUE,brooklyn,150, 11/28/2023,13 TAPSCOTT STREET
3035110022,5,M,17 TAPSCOTT STREET,11212,16,09,25,55,41,3326463,HOWARD AVENUE,brooklyn,150, 11/28/2023,17 TAPSCOTT STREET
3035120051,6,,48REAR GRAFTON STREET,11212,16,08,25,55,41,3406850,HOWARD AVENUE,brooklyn,150, 11/28/2023,48 GRAFTON STREET
,2,,1764 STERLING PLACE,11233,16,09,25,55,41,,HOWARD AVENUE-PARK PLACE,brooklyn,,,1764 STERLING PLACE
3014700033,2,M,1766A STERLING PLACE,11233,16,09,25,55,41,3348335,HOWARD AVENUE-PARK PLACE,brooklyn,156, 11/28/2023,1766A STERLING PLACE
3014700033,2,M,1766B STERLING PLACE,11233,16,09,25,55,41,3348335,HOWARD AVENUE-PARK PLACE,brooklyn,156, 11/28/2023,1766B STERLING PLACE
3014700035,2,M,1768 STERLING PLACE,11233,16,09,25,55,41,3348334,HOWARD AVENUE-PARK PLACE,brooklyn,156, 11/28/2023,1768 STERLING PLACE
3014700035,2,M,1768A STERLING PLACE,11233,16,09,25,55,41,3348334,HOWARD AVENUE-PARK PLACE,brooklyn,156, 11/28/2023,1768A STERLING PLACE
3014700035,2,M,1768B STERLING PLACE,11233,16,09,25,55,41,3348334,HOWARD AVENUE-PARK PLACE,brooklyn,156, 11/28/2023,1768B STERLING PLACE
3014700036,2,M,1770 STERLING PLACE,11233,16,09,25,55,41,3348336,HOWARD AVENUE-PARK PLACE,brooklyn,156, 11/28/2023,1770 STERLING PLACE
3014700036,2,M,1770A STERLING PLACE,11233,16,09,25,55,41,3348336,HOWARD AVENUE-PARK PLACE,brooklyn,156, 11/28/2023,1770A STERLING PLACE
3014700036,2,M,1770B STERLING PLACE,11233,16,09,25,55,41,3348336,HOWARD AVENUE-PARK PLACE,brooklyn,156, 11/28/2023,1770B STERLING PLACE
3014700037,2,M,1772 STERLING PLACE,11233,16,09,25,55,41,3348338,HOWARD AVENUE-PARK PLACE,brooklyn,156, 11/28/2023,1772 STERLING PLACE
3014700037,2,M,1772A STERLING PLACE,11233,16,09,25,55,41,3348338,HOWARD AVENUE-PARK PLACE,brooklyn,156, 11/28/2023,1772A STERLING PLACE
3014700037,2,,1772B STERLING PLACE,11233,16,09,25,55,41,3348338,HOWARD AVENUE-PARK PLACE,brooklyn,156, 11/28/2023,1772B STERLING PLACE
3014700038,2,M,1774 STERLING PLACE,11233,16,09,25,55,41,3348340,HOWARD AVENUE-PARK PLACE,brooklyn,156, 11/28/2023,1774 STERLING PLACE
3014700038,2,M,1774A STERLING PLACE,11233,16,09,25,55,41,3348340,HOWARD AVENUE-PARK PLACE,brooklyn,156, 11/28/2023,1774A STERLING PLACE
3014700036,2,,498 HOWARD AVENUE,11233,16,09,25,55,41,3000000,HOWARD AVENUE-PARK PLACE,brooklyn,156, 11/28/2023,498 HOWARD AVENUE
3014700038,2,,1774B STERLING PLACE,11233,16,09,25,55,41,3348340,HOWARD AVENUE-PARK PLACE,brooklyn,156, 11/28/2023,1774B STERLING PLACE
,2,,1776 STERLING PLACE,11233,16,09,25,55,41,,HOWARD AVENUE-PARK PLACE,brooklyn,,,1776 STERLING PLACE
3014700073,3,M,504 HOWARD AVENUE,11233,16,09,25,55,41,3393514,HOWARD AVENUE-PARK PLACE,brooklyn,156, 11/28/2023,504 HOWARD AVENUE
3014700073,3,M,504A HOWARD AVENUE,11233,16,09,25,55,41,3393514,HOWARD AVENUE-PARK PLACE,brooklyn,156, 11/28/2023,504A HOWARD AVENUE
3014700073,3,M,504B HOWARD AVENUE,11233,16,09,25,55,41,3393514,HOWARD AVENUE-PARK PLACE,brooklyn,156, 11/28/2023,504B HOWARD AVENUE
3014700039,3,M,506 HOWARD AVENUE,11233,16,09,25,55,41,3346604,HOWARD AVENUE-PARK PLACE,brooklyn,156, 11/28/2023,506 HOWARD AVENUE
3014700039,3,M,506A HOWARD AVENUE,11233,16,09,25,55,41,3346604,HOWARD AVENUE-PARK PLACE,brooklyn,156, 11/28/2023,506A HOWARD AVENUE
3014700039,3,M,506B HOWARD AVENUE,11233,16,09,25,55,41,3346604,HOWARD AVENUE-PARK PLACE,brooklyn,156, 11/28/2023,506B HOWARD AVENUE
3014700041,3,M,508 HOWARD AVENUE,11233,16,09,25,55,41,3346605,HOWARD AVENUE-PARK PLACE,brooklyn,156, 11/28/2023,508 HOWARD AVENUE
3014700041,3,M,508A HOWARD AVENUE,11233,16,09,25,55,41,3346605,HOWARD AVENUE-PARK PLACE,brooklyn,156, 11/28/2023,508A HOWARD AVENUE
,3,,510 HOWARD AVENUE,11233,16,09,25,55,41,,HOWARD AVENUE-PARK PLACE,brooklyn,,,510 HOWARD AVENUE
3014700041,3,M,508B HOWARD AVENUE,11233,16,09,25,55,41,3346605,HOWARD AVENUE-PARK PLACE,brooklyn,156, 11/28/2023,508B HOWARD AVENUE
3014700059,4,M,1679 SAINT JOHNS PLACE,11233,16,09,25,55,41,3427327,HOWARD AVENUE-PARK PLACE,brooklyn,156, 11/28/2023,1679 SAINT JOHNS PLACE
3014700059,4,M,1679A SAINT JOHNS PLACE,11233,16,09,25,55,41,3427327,HOWARD AVENUE-PARK PLACE,brooklyn,156, 11/28/2023,1679A SAINT JOHNS PLACE
3014700059,4,M,1679B SAINT JOHNS PLACE,11233,16,09,25,55,41,3427327,HOWARD AVENUE-PARK PLACE,brooklyn,156, 11/28/2023,1679B SAINT JOHNS PLACE
3014700058,4,M,1681 SAINT JOHNS PLACE,11233,16,09,25,55,41,3393513,HOWARD AVENUE-PARK PLACE,brooklyn,156, 11/28/2023,1681 SAINT JOHNS PLACE
3014700058,4,M,1681A SAINT JOHNS PLACE,11233,16,09,25,55,41,3393513,HOWARD AVENUE-PARK PLACE,brooklyn,156, 11/28/2023,1681A SAINT JOHNS PLACE
3014700058,4,M,1681B SAINT JOHNS PLACE,11233,16,09,25,55,41,3393513,HOWARD AVENUE-PARK PLACE,brooklyn,156, 11/28/2023,1681B SAINT JOHNS PLACE
3014700055,4,M,1683 SAINT JOHNS PLACE,11233,16,09,25,55,41,3406673,HOWARD AVENUE-PARK PLACE,brooklyn,156, 11/28/2023,1683 SAINT JOHNS PLACE
3014700055,4,M,1683A SAINT JOHNS PLACE,11233,16,09,25,55,41,3406673,HOWARD AVENUE-PARK PLACE,brooklyn,156, 11/28/2023,1683A SAINT JOHNS PLACE
3014700055,4,M,1683B SAINT JOHNS PLACE,11233,16,09,25,55,41,3406673,HOWARD AVENUE-PARK PLACE,brooklyn,156, 11/28/2023,1683B SAINT JOHNS PLACE
3014700053,4,M,1685 SAINT JOHNS PLACE,11233,16,09,25,55,41,3039443,HOWARD AVENUE-PARK PLACE,brooklyn,156, 11/28/2023,1685 SAINT JOHNS PLACE
3014700053,4,M,1685A SAINT JOHNS PLACE,11233,16,09,25,55,41,3039443,HOWARD AVENUE-PARK PLACE,brooklyn,156, 11/28/2023,1685A SAINT JOHNS PLACE
3014700053,4,M,1685B SAINT JOHNS PLACE,11233,16,09,25,55,41,3039443,HOWARD AVENUE-PARK PLACE,brooklyn,156, 11/28/2023,1685B SAINT JOHNS PLACE
3014700052,4,M,1687 SAINT JOHNS PLACE,11233,16,09,25,55,41,3393512,HOWARD AVENUE-PARK PLACE,brooklyn,156, 11/28/2023,1687 SAINT JOHNS PLACE
3014700052,4,M,1687A SAINT JOHNS PLACE,11233,16,09,25,55,41,3393512,HOWARD AVENUE-PARK PLACE,brooklyn,156, 11/28/2023,1687A SAINT JOHNS PLACE
3014700052,4,M,1687B SAINT JOHNS PLACE,11233,16,09,25,55,41,3393512,HOWARD AVENUE-PARK PLACE,brooklyn,156, 11/28/2023,1687B SAINT JOHNS PLACE
3014700051,4,M,1689 SAINT JOHNS PLACE,11233,16,09,25,55,41,3392460,HOWARD AVENUE-PARK PLACE,brooklyn,156, 11/28/2023,1689 SAINT JOHNS PLACE
3014700051,4,M,1689A SAINT JOHNS PLACE,11233,16,09,25,55,41,3392460,HOWARD AVENUE-PARK PLACE,brooklyn,156, 11/28/2023,1689A SAINT JOHNS PLACE
3014700051,4,M,1689B SAINT JOHNS PLACE,11233,16,09,25,55,41,3392460,HOWARD AVENUE-PARK PLACE,brooklyn,156, 11/28/2023,1689B SAINT JOHNS PLACE
3014700050,4,M,1691 SAINT JOHNS PLACE,11233,16,09,25,55,41,3392450,HOWARD AVENUE-PARK PLACE,brooklyn,156, 11/28/2023,1691 SAINT JOHNS PLACE
3014700050,4,M,1691A SAINT JOHNS PLACE,11233,16,09,25,55,41,3392450,HOWARD AVENUE-PARK PLACE,brooklyn,156, 11/28/2023,1691A SAINT JOHNS PLACE
3014700050,4,M,1691B SAINT JOHNS PLACE,11233,16,09,25,55,41,3392450,HOWARD AVENUE-PARK PLACE,brooklyn,156, 11/28/2023,1691B SAINT JOHNS PLACE
3014700049,4,M,1693 SAINT JOHNS PLACE,11233,16,09,25,55,41,3394408,HOWARD AVENUE-PARK PLACE,brooklyn,156, 11/28/2023,1693 SAINT JOHNS PLACE
3014700049,4,M,1693A SAINT JOHNS PLACE,11233,16,09,25,55,41,3394408,HOWARD AVENUE-PARK PLACE,brooklyn,156, 11/28/2023,1693A SAINT JOHNS PLACE
3014700049,4,M,1693B SAINT JOHNS PLACE,11233,16,09,25,55,41,3394408,HOWARD AVENUE-PARK PLACE,brooklyn,156, 11/28/2023,1693B SAINT JOHNS PLACE
3014700011,5,M,537 RALPH AVENUE,11233,16,09,25,55,41,3406671,HOWARD AVENUE-PARK PLACE,brooklyn,156, 11/28/2023,537 RALPH AVENUE
3014700011,5,M,537A RALPH AVENUE,11233,16,09,25,55,41,3406671,HOWARD AVENUE-PARK PLACE,brooklyn,156, 11/28/2023,537A RALPH AVENUE
3014700011,5,M,537B RALPH AVENUE,11233,16,09,25,55,41,3406671,HOWARD AVENUE-PARK PLACE,brooklyn,156, 11/28/2023,537B RALPH AVENUE
3014700010,5,M,539 RALPH AVENUE,11233,16,09,25,55,41,3426866,HOWARD AVENUE-PARK PLACE,brooklyn,156, 11/28/2023,539 RALPH AVENUE
3014700010,5,M,539A RALPH AVENUE,11233,16,09,25,55,41,3426866,HOWARD AVENUE-PARK PLACE,brooklyn,156, 11/28/2023,539A RALPH AVENUE
3014700010,5,M,539B RALPH AVENUE,11233,16,09,25,55,41,3426866,HOWARD AVENUE-PARK PLACE,brooklyn,156, 11/28/2023,539B RALPH AVENUE
3014700011,5,,1702 STERLING PLACE,11233,16,09,25,55,41,3348327,HOWARD AVENUE-PARK PLACE,brooklyn,156, 11/28/2023,1702 STERLING PLACE
3014700011,5,,1716 STERLING PLACE,11233,16,09,25,55,41,3348327,HOWARD AVENUE-PARK PLACE,brooklyn,156, 11/28/2023,1716 STERLING PLACE
3014700009,5,M,541 RALPH AVENUE,11233,16,09,25,55,41,3393506,HOWARD AVENUE-PARK PLACE,brooklyn,156, 11/28/2023,541 RALPH AVENUE
3014700009,5,M,541A RALPH AVENUE,11233,16,09,25,55,41,3393506,HOWARD AVENUE-PARK PLACE,brooklyn,156, 11/28/2023,541A RALPH AVENUE
3014700009,5,M,541B RALPH AVENUE,11233,16,09,25,55,41,3393506,HOWARD AVENUE-PARK PLACE,brooklyn,156, 11/28/2023,541B RALPH AVENUE
3014700008,5,M,543 RALPH AVENUE,11233,16,09,25,55,41,3393284,HOWARD AVENUE-PARK PLACE,brooklyn,156, 11/28/2023,543 RALPH AVENUE
3014700008,5,M,543A RALPH AVENUE,11233,16,09,25,55,41,3393284,HOWARD AVENUE-PARK PLACE,brooklyn,156, 11/28/2023,543A RALPH AVENUE
3014700008,5,M,543B RALPH AVENUE,11233,16,09,25,55,41,3393284,HOWARD AVENUE-PARK PLACE,brooklyn,156, 11/28/2023,543B RALPH AVENUE
3014700003,5,M,545 RALPH AVENUE,11233,16,09,25,55,41,3393283,HOWARD AVENUE-PARK PLACE,brooklyn,156, 11/28/2023,545 RALPH AVENUE
3014700003,5,M,545A RALPH AVENUE,11233,16,09,25,55,41,3393283,HOWARD AVENUE-PARK PLACE,brooklyn,156, 11/28/2023,545A RALPH AVENUE
3014700003,5,M,545B RALPH AVENUE,11233,16,09,25,55,41,3393283,HOWARD AVENUE-PARK PLACE,brooklyn,156, 11/28/2023,545B RALPH AVENUE
3014700003,5,M,547 RALPH AVENUE,11233,16,09,25,55,41,3426868,HOWARD AVENUE-PARK PLACE,brooklyn,156, 11/28/2023,547 RALPH AVENUE
3014700003,5,M,547A RALPH AVENUE,11233,16,09,25,55,41,3426868,HOWARD AVENUE-PARK PLACE,brooklyn,156, 11/28/2023,547A RALPH AVENUE
3014700003,5,M,547B RALPH AVENUE,11233,16,09,25,55,41,3426868,HOWARD AVENUE-PARK PLACE,brooklyn,156, 11/28/2023,547B RALPH AVENUE
3014700003,5,M,549 RALPH AVENUE,11233,16,09,25,55,41,3426867,HOWARD AVENUE-PARK PLACE,brooklyn,156, 11/28/2023,549 RALPH AVENUE
3014700003,5,M,549A RALPH AVENUE,11233,16,09,25,55,41,3426867,HOWARD AVENUE-PARK PLACE,brooklyn,156, 11/28/2023,549A RALPH AVENUE
3014700003,5,M,549B RALPH AVENUE,11233,16,09,25,55,41,3426867,HOWARD AVENUE-PARK PLACE,brooklyn,156, 11/28/2023,549B RALPH AVENUE
3014700003,5,M,551 RALPH AVENUE,11233,16,09,25,55,41,3348345,HOWARD AVENUE-PARK PLACE,brooklyn,156, 11/28/2023,551 RALPH AVENUE
3014700003,5,M,551A RALPH AVENUE,11233,16,09,25,55,41,3348345,HOWARD AVENUE-PARK PLACE,brooklyn,156, 11/28/2023,551A RALPH AVENUE
,5,,553 RALPH AVENUE,11233,16,09,25,55,41,,HOWARD AVENUE-PARK PLACE,brooklyn,,,553 RALPH AVENUE
3014700003,5,M,551B RALPH AVENUE,11233,16,09,25,55,41,3348345,HOWARD AVENUE-PARK PLACE,brooklyn,156, 11/28/2023,551B RALPH AVENUE
,5,,555 RALPH AVENUE,11233,16,09,25,55,41,,HOWARD AVENUE-PARK PLACE,brooklyn,,,555 RALPH AVENUE
3014700003,5,,1651 SAINT JOHNS PLACE,11233,16,09,25,55,41,3348345,HOWARD AVENUE-PARK PLACE,brooklyn,156, 11/28/2023,1651 SAINT JOHNS PLACE
3014700003,5,,1659 SAINT JOHNS PLACE,11233,16,09,25,55,41,3348345,HOWARD AVENUE-PARK PLACE,brooklyn,156, 11/28/2023,1659 SAINT JOHNS PLACE
3014700003,5,,1649 SAINT JOHNS PLACE,11233,16,09,25,55,41,3348345,HOWARD AVENUE-PARK PLACE,brooklyn,156, 11/28/2023,1649 SAINT JOHNS PLACE
3014700011,6,M,1720 STERLING PLACE,11233,16,09,25,55,41,3348327,HOWARD AVENUE-PARK PLACE,brooklyn,156, 11/28/2023,1720 STERLING PLACE
3014700011,6,M,1720A STERLING PLACE,11233,16,09,25,55,41,3348327,HOWARD AVENUE-PARK PLACE,brooklyn,156, 11/28/2023,1720A STERLING PLACE
3014700011,6,M,1720B STERLING PLACE,11233,16,09,25,55,41,3348327,HOWARD AVENUE-PARK PLACE,brooklyn,156, 11/28/2023,1720B STERLING PLACE
3014700011,6,M,1722 STERLING PLACE,11233,16,09,25,55,41,3426869,HOWARD AVENUE-PARK PLACE,brooklyn,156, 11/28/2023,1722 STERLING PLACE
3014700011,6,M,1722A STERLING PLACE,11233,16,09,25,55,41,3426869,HOWARD AVENUE-PARK PLACE,brooklyn,156, 11/28/2023,1722A STERLING PLACE
3014700011,6,M,1722B STERLING PLACE,11233,16,09,25,55,41,3426869,HOWARD AVENUE-PARK PLACE,brooklyn,156, 11/28/2023,1722B STERLING PLACE
3014700015,6,M,1724 STERLING PLACE,11233,16,09,25,55,41,3393508,HOWARD AVENUE-PARK PLACE,brooklyn,156, 11/28/2023,1724 STERLING PLACE
3014700015,6,M,1724A STERLING PLACE,11233,16,09,25,55,41,3393508,HOWARD AVENUE-PARK PLACE,brooklyn,156, 11/28/2023,1724A STERLING PLACE
3014700015,6,M,1724B STERLING PLACE,11233,16,09,25,55,41,3393508,HOWARD AVENUE-PARK PLACE,brooklyn,156, 11/28/2023,1724B STERLING PLACE
3014700017,6,M,1726 STERLING PLACE,11233,16,09,25,55,41,3393509,HOWARD AVENUE-PARK PLACE,brooklyn,156, 11/28/2023,1726 STERLING PLACE
3014700017,6,M,1726A STERLING PLACE,11233,16,09,25,55,41,3393509,HOWARD AVENUE-PARK PLACE,brooklyn,156, 11/28/2023,1726A STERLING PLACE
3014700017,6,M,1726B STERLING PLACE,11233,16,09,25,55,41,3393509,HOWARD AVENUE-PARK PLACE,brooklyn,156, 11/28/2023,1726B STERLING PLACE
3014700018,6,M,1728 STERLING PLACE,11233,16,09,25,55,41,3393510,HOWARD AVENUE-PARK PLACE,brooklyn,156, 11/28/2023,1728 STERLING PLACE
3014700018,6,M,1728A STERLING PLACE,11233,16,09,25,55,41,3393510,HOWARD AVENUE-PARK PLACE,brooklyn,156, 11/28/2023,1728A STERLING PLACE
3014700018,6,M,1728B STERLING PLACE,11233,16,09,25,55,41,3393510,HOWARD AVENUE-PARK PLACE,brooklyn,156, 11/28/2023,1728B STERLING PLACE
3014700019,6,M,1730 STERLING PLACE,11233,16,09,25,55,41,3392444,HOWARD AVENUE-PARK PLACE,brooklyn,156, 11/28/2023,1730 STERLING PLACE
3014700019,6,M,1730A STERLING PLACE,11233,16,09,25,55,41,3392444,HOWARD AVENUE-PARK PLACE,brooklyn,156, 11/28/2023,1730A STERLING PLACE
3014700019,6,M,1730B STERLING PLACE,11233,16,09,25,55,41,3392444,HOWARD AVENUE-PARK PLACE,brooklyn,156, 11/28/2023,1730B STERLING PLACE
3014700020,6,M,1732 STERLING PLACE,11233,16,09,25,55,41,3251210,HOWARD AVENUE-PARK PLACE,brooklyn,156, 11/28/2023,1732 STERLING PLACE
3014700020,6,M,1732A STERLING PLACE,11233,16,09,25,55,41,3251210,HOWARD AVENUE-PARK PLACE,brooklyn,156, 11/28/2023,1732A STERLING PLACE
3014700020,6,M,1732B STERLING PLACE,11233,16,09,25,55,41,3251210,HOWARD AVENUE-PARK PLACE,brooklyn,156, 11/28/2023,1732B STERLING PLACE
3014700022,6,M,1734 STERLING PLACE,11233,16,09,25,55,41,3392455,HOWARD AVENUE-PARK PLACE,brooklyn,156, 11/28/2023,1734 STERLING PLACE
3014700022,6,M,1734A STERLING PLACE,11233,16,09,25,55,41,3392455,HOWARD AVENUE-PARK PLACE,brooklyn,156, 11/28/2023,1734A STERLING PLACE
3014700022,6,M,1734B STERLING PLACE,11233,16,09,25,55,41,3392455,HOWARD AVENUE-PARK PLACE,brooklyn,156, 11/28/2023,1734B STERLING PLACE
3014700023,6,M,1736 STERLING PLACE,11233,16,09,25,55,41,3392466,HOWARD AVENUE-PARK PLACE,brooklyn,156, 11/28/2023,1736 STERLING PLACE
3014700023,6,M,1736A STERLING PLACE,11233,16,09,25,55,41,3392466,HOWARD AVENUE-PARK PLACE,brooklyn,156, 11/28/2023,1736A STERLING PLACE
3014700023,6,M,1736B STERLING PLACE,11233,16,09,25,55,41,3392466,HOWARD AVENUE-PARK PLACE,brooklyn,156, 11/28/2023,1736B STERLING PLACE
3014710011,7,M,497 HOWARD AVENUE,11233,16,09,25,55,41,3392621,HOWARD AVENUE-PARK PLACE,brooklyn,156, 11/28/2023,497 HOWARD AVENUE
3014710011,7,M,497A HOWARD AVENUE,11233,16,09,25,55,41,3392621,HOWARD AVENUE-PARK PLACE,brooklyn,156, 11/28/2023,497A HOWARD AVENUE
3014710011,7,M,497B HOWARD AVENUE,11233,16,09,25,55,41,3392621,HOWARD AVENUE-PARK PLACE,brooklyn,156, 11/28/2023,497B HOWARD AVENUE
3014710010,7,M,499 HOWARD AVENUE,11233,16,09,25,55,41,3348346,HOWARD AVENUE-PARK PLACE,brooklyn,156, 11/28/2023,499 HOWARD AVENUE
3014710010,7,M,499A HOWARD AVENUE,11233,16,09,25,55,41,3348346,HOWARD AVENUE-PARK PLACE,brooklyn,156, 11/28/2023,499A HOWARD AVENUE
3014710010,7,M,499B HOWARD AVENUE,11233,16,09,25,55,41,3348346,HOWARD AVENUE-PARK PLACE,brooklyn,156, 11/28/2023,499B HOWARD AVENUE
3014710009,7,M,501 HOWARD AVENUE,11233,16,09,25,55,41,3392551,HOWARD AVENUE-PARK PLACE,brooklyn,156, 11/28/2023,501 HOWARD AVENUE
3014710009,7,M,501A HOWARD AVENUE,11233,16,09,25,55,41,3392551,HOWARD AVENUE-PARK PLACE,brooklyn,156, 11/28/2023,501A HOWARD AVENUE
3014710009,7,M,501B HOWARD AVENUE,11233,16,09,25,55,41,3392551,HOWARD AVENUE-PARK PLACE,brooklyn,156, 11/28/2023,501B HOWARD AVENUE
3014710008,7,M,503 HOWARD AVENUE,11233,16,09,25,55,41,3393522,HOWARD AVENUE-PARK PLACE,brooklyn,156, 11/28/2023,503 HOWARD AVENUE
3014710008,7,M,503A HOWARD AVENUE,11233,16,09,25,55,41,3393522,HOWARD AVENUE-PARK PLACE,brooklyn,156, 11/28/2023,503A HOWARD AVENUE
3014710008,7,M,503B HOWARD AVENUE,11233,16,09,25,55,41,3393522,HOWARD AVENUE-PARK PLACE,brooklyn,156, 11/28/2023,503B HOWARD AVENUE
3014710007,7,M,505 HOWARD AVENUE,11233,16,09,25,55,41,3393520,HOWARD AVENUE-PARK PLACE,brooklyn,156, 11/28/2023,505 HOWARD AVENUE
3014710007,7,M,505A HOWARD AVENUE,11233,16,09,25,55,41,3393520,HOWARD AVENUE-PARK PLACE,brooklyn,156, 11/28/2023,505A HOWARD AVENUE
3014710007,7,M,505B HOWARD AVENUE,11233,16,09,25,55,41,3393520,HOWARD AVENUE-PARK PLACE,brooklyn,156, 11/28/2023,505B HOWARD AVENUE
3014710006,7,M,507 HOWARD AVENUE,11233,16,09,25,55,41,3393519,HOWARD AVENUE-PARK PLACE,brooklyn,156, 11/28/2023,507 HOWARD AVENUE
3014710006,7,M,507A HOWARD AVENUE,11233,16,09,25,55,41,3393519,HOWARD AVENUE-PARK PLACE,brooklyn,156, 11/28/2023,507A HOWARD AVENUE
3014710006,7,M,507B HOWARD AVENUE,11233,16,09,25,55,41,3393519,HOWARD AVENUE-PARK PLACE,brooklyn,156, 11/28/2023,507B HOWARD AVENUE
3014710005,7,M,509 HOWARD AVENUE,11233,16,09,25,55,41,3393518,HOWARD AVENUE-PARK PLACE,brooklyn,156, 11/28/2023,509 HOWARD AVENUE
3014710005,7,M,509A HOWARD AVENUE,11233,16,09,25,55,41,3393518,HOWARD AVENUE-PARK PLACE,brooklyn,156, 11/28/2023,509A HOWARD AVENUE
3014710005,7,M,509B HOWARD AVENUE,11233,16,09,25,55,41,3393518,HOWARD AVENUE-PARK PLACE,brooklyn,156, 11/28/2023,509B HOWARD AVENUE
3014710001,7,M,511 HOWARD AVENUE,11233,16,09,25,55,41,3039448,HOWARD AVENUE-PARK PLACE,brooklyn,156, 11/28/2023,511 HOWARD AVENUE
3014710001,7,M,511A HOWARD AVENUE,11233,16,09,25,55,41,3039448,HOWARD AVENUE-PARK PLACE,brooklyn,156, 11/28/2023,511A HOWARD AVENUE
3014710001,7,,513 HOWARD AVENUE,11233,16,09,25,55,41,3000000,HOWARD AVENUE-PARK PLACE,brooklyn,156, 11/28/2023,513 HOWARD AVENUE
3014710001,7,,515 HOWARD AVENUE,11233,16,09,25,55,41,3000000,HOWARD AVENUE-PARK PLACE,brooklyn,156, 11/28/2023,515 HOWARD AVENUE
3014710001,7,,1745 SAINT JOHNS PLACE,11233,16,09,25,55,41,3000000,HOWARD AVENUE-PARK PLACE,brooklyn,156, 11/28/2023,1745 SAINT JOHNS PLACE
3014710001,7,,1737 SAINT JOHNS PLACE,11233,16,09,25,55,41,3000000,HOWARD AVENUE-PARK PLACE,brooklyn,156, 11/28/2023,1737 SAINT JOHNS PLACE
3014710001,7,M,511B HOWARD AVENUE,11233,16,09,25,55,41,3039448,HOWARD AVENUE-PARK PLACE,brooklyn,156, 11/28/2023,511B HOWARD AVENUE
3014710014,8,M,1790 STERLING PLACE,11233,16,09,25,55,41,3393524,HOWARD AVENUE-PARK PLACE,brooklyn,156, 11/28/2023,1790 STERLING PLACE
3014710014,8,M,1790A STERLING PLACE,11233,16,09,25,55,41,3393524,HOWARD AVENUE-PARK PLACE,brooklyn,156, 11/28/2023,1790A STERLING PLACE
3014710014,8,M,1790B STERLING PLACE,11233,16,09,25,55,41,3393524,HOWARD AVENUE-PARK PLACE,brooklyn,156, 11/28/2023,1790B STERLING PLACE
3014710015,8,M,1792 STERLING PLACE,11233,16,09,25,55,41,3393525,HOWARD AVENUE-PARK PLACE,brooklyn,156, 11/28/2023,1792 STERLING PLACE
3014710015,8,M,1792A STERLING PLACE,11233,16,09,25,55,41,3393525,HOWARD AVENUE-PARK PLACE,brooklyn,156, 11/28/2023,1792A STERLING PLACE
3014710015,8,M,1792B STERLING PLACE,11233,16,09,25,55,41,3393525,HOWARD AVENUE-PARK PLACE,brooklyn,156, 11/28/2023,1792B STERLING PLACE
3014710016,8,M,1794 STERLING PLACE,11233,16,09,25,55,41,3039449,HOWARD AVENUE-PARK PLACE,brooklyn,156, 11/28/2023,1794 STERLING PLACE
3014710016,8,M,1794A STERLING PLACE,11233,16,09,25,55,41,3039449,HOWARD AVENUE-PARK PLACE,brooklyn,156, 11/28/2023,1794A STERLING PLACE
3014710016,8,M,1794B STERLING PLACE,11233,16,09,25,55,41,3039449,HOWARD AVENUE-PARK PLACE,brooklyn,156, 11/28/2023,1794B STERLING PLACE
3014710017,8,M,1796 STERLING PLACE,11233,16,09,25,55,41,3393526,HOWARD AVENUE-PARK PLACE,brooklyn,156, 11/28/2023,1796 STERLING PLACE
3014710017,8,M,1796A STERLING PLACE,11233,16,09,25,55,41,3393526,HOWARD AVENUE-PARK PLACE,brooklyn,156, 11/28/2023,1796A STERLING PLACE
3014710017,8,M,1796B STERLING PLACE,11233,16,09,25,55,41,3393526,HOWARD AVENUE-PARK PLACE,brooklyn,156, 11/28/2023,1796B STERLING PLACE
3014710019,8,M,1798 STERLING PLACE,11233,16,09,25,55,41,3039450,HOWARD AVENUE-PARK PLACE,brooklyn,156, 11/28/2023,1798 STERLING PLACE
3014710019,8,M,1798A STERLING PLACE,11233,16,09,25,55,41,3039450,HOWARD AVENUE-PARK PLACE,brooklyn,156, 11/28/2023,1798A STERLING PLACE
3014710019,8,M,1798B STERLING PLACE,11233,16,09,25,55,41,3039450,HOWARD AVENUE-PARK PLACE,brooklyn,156, 11/28/2023,1798B STERLING PLACE
3014710020,8,M,1800 STERLING PLACE,11233,16,09,25,55,41,3039451,HOWARD AVENUE-PARK PLACE,brooklyn,156, 11/28/2023,1800 STERLING PLACE
3014710020,8,M,1800A STERLING PLACE,11233,16,09,25,55,41,3039451,HOWARD AVENUE-PARK PLACE,brooklyn,156, 11/28/2023,1800A STERLING PLACE
3014710020,8,M,1800B STERLING PLACE,11233,16,09,25,55,41,3039451,HOWARD AVENUE-PARK PLACE,brooklyn,156, 11/28/2023,1800B STERLING PLACE
3014710021,8,M,1802 STERLING PLACE,11233,16,09,25,55,41,3039452,HOWARD AVENUE-PARK PLACE,brooklyn,156, 11/28/2023,1802 STERLING PLACE
3014710021,8,M,1802A STERLING PLACE,11233,16,09,25,55,41,3039452,HOWARD AVENUE-PARK PLACE,brooklyn,156, 11/28/2023,1802A STERLING PLACE
3014710021,8,M,1802B STERLING PLACE,11233,16,09,25,55,41,3039452,HOWARD AVENUE-PARK PLACE,brooklyn,156, 11/28/2023,1802B STERLING PLACE
3014710023,8,M,1804 STERLING PLACE,11233,16,09,25,55,41,3406675,HOWARD AVENUE-PARK PLACE,brooklyn,156, 11/28/2023,1804 STERLING PLACE
3014710023,8,M,1804A STERLING PLACE,11233,16,09,25,55,41,3406675,HOWARD AVENUE-PARK PLACE,brooklyn,156, 11/28/2023,1804A STERLING PLACE
3014710023,8,M,1804B STERLING PLACE,11233,16,09,25,55,41,3406675,HOWARD AVENUE-PARK PLACE,brooklyn,156, 11/28/2023,1804B STERLING PLACE
,8,,1810 STERLING PLACE,11233,16,09,25,55,41,,HOWARD AVENUE-PARK PLACE,brooklyn,,,1810 STERLING PLACE
3014710024,8,,1814 STERLING PLACE,11233,16,09,25,55,41,3000000,HOWARD AVENUE-PARK PLACE,brooklyn,156, 11/28/2023,1814 STERLING PLACE
,8,,1812 STERLING PLACE,11233,16,09,25,55,41,,HOWARD AVENUE-PARK PLACE,brooklyn,,,1812 STERLING PLACE
,8,,1806 STERLING PLACE,11233,16,09,25,55,41,,HOWARD AVENUE-PARK PLACE,brooklyn,,,1806 STERLING PLACE
3043710001,5,,914 VAN SICLEN AVENUE,11207,05,08,19,60,42,3324016,LINDEN,brooklyn,"1,586", 12/28/2021,914 VAN SICLEN AVENUE
3043710001,6,M,225 WORTMAN AVENUE,11207,05,08,19,60,42,3324017,LINDEN,brooklyn,"1,586", 12/28/2021,225 WORTMAN AVENUE
3043710001,7,M,215 WORTMAN AVENUE,11207,05,08,19,60,42,3324022,LINDEN,brooklyn,"1,586", 12/28/2021,215 WORTMAN AVENUE
3043710001,8,M,185 WORTMAN AVENUE,11207,05,08,19,60,42,3324021,LINDEN,brooklyn,"1,586", 12/28/2021,185 WORTMAN AVENUE
3043710001,8,,187 WORTMAN AVENUE,11207,05,08,19,60,42,3324021,LINDEN,brooklyn,"1,586", 12/28/2021,187 WORTMAN AVENUE
3043710001,8,,183 WORTMAN AVENUE,11207,05,08,19,60,42,3324021,LINDEN,brooklyn,"1,586", 12/28/2021,183 WORTMAN AVENUE
3043930001,9,M,180 WORTMAN AVENUE,11207,05,08,19,60,42,3337066,LINDEN,brooklyn,"1,586", 12/28/2021,180 WORTMAN AVENUE
4160020001,17,M,54-30 BEACH CHANNEL DRIVE,11692,14,05,10,31,31,4436452,OCEAN BAY APARTMENTS (BAYSIDE),queens,"1,395", 12/31/2016,54-30 BEACH CHANNEL DRIVE
4160020001,18,M,56-10 BEACH CHANNEL DRIVE,11692,14,05,10,31,31,4436453,OCEAN BAY APARTMENTS (BAYSIDE),queens,"1,395", 12/31/2016,56-10 BEACH CHANNEL DRIVE
4160020001,19,M,56-16 BEACH CHANNEL DRIVE,11692,14,05,10,31,31,4436454,OCEAN BAY APARTMENTS (BAYSIDE),queens,"1,395", 12/31/2016,56-16 BEACH CHANNEL DRIVE
4160020001,2,M,54-75 ALMEDA AVENUE,11692,14,05,10,31,31,4436446,OCEAN BAY APARTMENTS (BAYSIDE),queens,"1,395", 12/31/2016,54-75 ALMEDA AVENUE
4160020001,20,M,414 BEACH 58TH STREET,11692,14,05,10,31,31,4436449,OCEAN BAY APARTMENTS (BAYSIDE),queens,"1,395", 12/31/2016,414 BEACH 58 STREET
4160020001,20,,57-10 BEACH CHANNEL DRIVE,11692,14,05,10,31,31,4436449,OCEAN BAY APARTMENTS (BAYSIDE),queens,"1,395", 12/31/2016,57-10 BEACH CHANNEL DRIVE
4160010002,21,M,441 BEACH 51ST STREET,11691,14,05,10,31,31,4436437,OCEAN BAY APARTMENTS (BAYSIDE),queens,"1,395", 12/31/2016,441 BEACH 51 STREET
4160010002,21,M,445 BEACH 51ST STREET,11691,14,05,10,31,31,4436437,OCEAN BAY APARTMENTS (BAYSIDE),queens,"1,395", 12/31/2016,445 BEACH 51 STREET
4160010002,22,,434 BEACH 54TH STREET,11692,14,05,10,31,31,4436439,OCEAN BAY APARTMENTS (BAYSIDE),queens,"1,395", 12/31/2016,434 BEACH 54 STREET
4160010002,22,M,440 BEACH 54TH STREET,11692,14,05,10,31,31,4436439,OCEAN BAY APARTMENTS (BAYSIDE),queens,"1,395", 12/31/2016,440 BEACH 54 STREET
4160010002,22,,430 BEACH 54TH STREET,11692,14,05,10,31,31,4436439,OCEAN BAY APARTMENTS (BAYSIDE),queens,"1,395", 12/31/2016,430 BEACH 54 STREET
4160010002,22,M,444 BEACH 54TH STREET,11692,14,05,10,31,31,4436439,OCEAN BAY APARTMENTS (BAYSIDE),queens,"1,395", 12/31/2016,444 BEACH 54 STREET
4160020001,23,M,439 BEACH 54TH STREET,11692,14,05,10,31,31,4436448,OCEAN BAY APARTMENTS (BAYSIDE),queens,"1,395", 12/31/2016,439 BEACH 54 STREET
4160020001,23,,447 BEACH 54TH STREET,11692,14,05,10,31,31,4436448,OCEAN BAY APARTMENTS (BAYSIDE),queens,"1,395", 12/31/2016,447 BEACH 54 STREET
4160020001,23,M,443 BEACH 54TH STREET,11692,14,05,10,31,31,4436448,OCEAN BAY APARTMENTS (BAYSIDE),queens,"1,395", 12/31/2016,443 BEACH 54 STREET
4160020001,24,M,434 BEACH 58TH STREET,11692,14,05,10,31,31,4436450,OCEAN BAY APARTMENTS (BAYSIDE),queens,"1,395", 12/31/2016,434 BEACH 58 STREET
4160020001,24,M,440 BEACH 58TH STREET,11692,14,05,10,31,31,4436450,OCEAN BAY APARTMENTS (BAYSIDE),queens,"1,395", 12/31/2016,440 BEACH 58 STREET
4160020001,3,M,54-49 ALMEDA AVENUE,11692,14,05,10,31,31,4436445,OCEAN BAY APARTMENTS (BAYSIDE),queens,"1,395", 12/31/2016,54-49 ALMEDA AVENUE
4160020001,4,M,54-41 ALMEDA AVENUE,11692,14,05,10,31,31,4436444,OCEAN BAY APARTMENTS (BAYSIDE),queens,"1,395", 12/31/2016,54-41 ALMEDA AVENUE
4160020001,5,M,54-15 ALMEDA AVENUE,11692,14,05,10,31,31,4436443,OCEAN BAY APARTMENTS (BAYSIDE),queens,"1,395", 12/31/2016,54-15 ALMEDA AVENUE
4160020001,6,M,54-09 ALMEDA AVENUE,11692,14,05,10,31,31,4436456,OCEAN BAY APARTMENTS (BAYSIDE),queens,"1,395", 12/31/2016,54-09 ALMEDA AVENUE
4160010002,7,M,51-49 ALMEDA AVENUE,11691,14,05,10,31,31,4436435,OCEAN BAY APARTMENTS (BAYSIDE),queens,"1,395", 12/31/2016,51-49 ALMEDA AVENUE
4160010002,8,M,51-45 ALMEDA AVENUE,11691,14,05,10,31,31,4436434,OCEAN BAY APARTMENTS (BAYSIDE),queens,"1,395", 12/31/2016,51-45 ALMEDA AVENUE
4160010002,9,M,51-15 ALMEDA AVENUE,11691,14,05,10,31,31,4436433,OCEAN BAY APARTMENTS (BAYSIDE),queens,"1,395", 12/31/2016,51-15 ALMEDA AVENUE
3013730037,2,M,1474 PARK PLACE,11213,08,09,20,55,36,3036564,PARK ROCK REHAB,brooklyn,134, 11/28/2023,1474 PARK PLACE
3013730040,3,,1484 PARK PLACE,11213,08,09,20,55,36,3036565,PARK ROCK REHAB,brooklyn,134, 11/28/2023,1484 PARK PLACE
3013730040,3,M,1480 PARK PLACE,11213,08,09,20,55,36,3036565,PARK ROCK REHAB,brooklyn,134, 11/28/2023,1480 PARK PLACE
3013730043,4,M,208 ROCHESTER AVENUE,11213,08,09,20,55,36,3036566,PARK ROCK REHAB,brooklyn,134, 11/28/2023,208 ROCHESTER AVENUE
3013730046,5,M,218 ROCHESTER AVENUE,11213,08,09,20,55,36,3036567,PARK ROCK REHAB,brooklyn,134, 11/28/2023,218 ROCHESTER AVENUE
3013730049,6,M,1521 STERLING PLACE,11213,08,09,20,55,36,3036568,PARK ROCK REHAB,brooklyn,134, 11/28/2023,1521 STERLING PLACE
3013790039,7,M,1522 STERLING PLACE,11213,08,09,20,55,36,3036863,PARK ROCK REHAB,brooklyn,134, 11/28/2023,1522 STERLING PLACE
3013790039,7,,230 ROCHESTER AVENUE,11213,08,09,20,55,36,3036863,PARK ROCK REHAB,brooklyn,134, 11/28/2023,230 ROCHESTER AVENUE
3013790041,8,M,232 ROCHESTER AVENUE,11213,08,09,20,55,36,3036864,PARK ROCK REHAB,brooklyn,134, 11/28/2023,232 ROCHESTER AVENUE
3013790043,9,M,234 ROCHESTER AVENUE,11213,08,09,20,55,36,3036865,PARK ROCK REHAB,brooklyn,134, 11/28/2023,234 ROCHESTER AVENUE
1020130022,3,M,117 WEST 144TH STREET,10030,10,13,30,71,09,1060167,SAMUEL (CITY),manhattan,664, 9/26/2024,117 WEST 144 STREET
1020110014,30,M,143 WEST 142ND STREET,10030,10,13,30,71,09,1060106,SAMUEL (CITY),manhattan,664, 9/26/2024,143 WEST 142 STREET
1020110013,31,M,145 WEST 142ND STREET,10030,10,13,30,71,09,1060105,SAMUEL (CITY),manhattan,664, 9/26/2024,145 WEST 142 STREET
1020110011,32,M,149 WEST 142ND STREET,10030,10,13,30,71,09,1060103,SAMUEL (CITY),manhattan,664, 9/26/2024,149 WEST 142 STREET
1020110061,33,M,2453 A C POWELL BOULEVARD,10030,10,13,30,71,09,1060126,SAMUEL (CITY),manhattan,664, 9/26/2024,2453 ADAM C POWELL BOULEVARD
1020110063,34,M,2449 A C POWELL BOULEVARD,10030,10,13,30,71,09,1060127,SAMUEL (CITY),manhattan,664, 9/26/2024,2449 ADAM C POWELL BOULEVARD
1020110001,35,M,2441 A C POWELL BOULEVARD,10030,10,13,30,71,09,1060101,SAMUEL (CITY),manhattan,664, 9/26/2024,2441 ADAM C POWELL BOULEVARD
1020090044,36,M,144 WEST 141ST STREET,10030,10,13,30,70,09,1060069,SAMUEL (CITY),manhattan,664, 9/26/2024,144 WEST 141 STREET
1020090063,37,M,2409 A C POWELL BOULEVARD,10030,10,13,30,70,09,1060081,SAMUEL (CITY),manhattan,664, 9/26/2024,2409 ADAM C POWELL BOULEVARD
1020090064,38,M,2407 A C POWELL BOULEVARD,10030,10,13,30,70,09,1060082,SAMUEL (CITY),manhattan,664, 9/26/2024,2407 ADAM C POWELL BOULEVARD
1020130018,4,M,125 WEST 144TH STREET,10030,10,13,30,71,09,1060165,SAMUEL (CITY),manhattan,664, 9/26/2024,125 WEST 144 STREET
1020070045,44,M,116 WEST 139TH STREET,10030,10,13,30,70,09,1060039,SAMUEL (CITY),manhattan,664, 9/26/2024,116 WEST 139 STREET
1020070043,45,M,112 WEST 139TH STREET,10030,10,13,30,70,09,1060038,SAMUEL (CITY),manhattan,664, 9/26/2024,112 WEST 139 STREET
1020120025,48,,669 LENOX AVENUE,10037,10,13,30,71,09,1085366,SAMUEL (CITY),manhattan,664, 9/26/2024,669 LENOX AVENUE
1020120025,49,,103 WEST 143RD STREET,10030,10,13,30,71,09,1085367,SAMUEL (CITY),manhattan,664, 9/26/2024,103 WEST 143 STREET
1020120025,49,,105 WEST 143RD STREET,10030,10,13,30,71,09,1085367,SAMUEL (CITY),manhattan,664, 9/26/2024,105 WEST 143 STREET
1020130016,5,M,129 WEST 144TH STREET,10030,10,13,30,71,09,1060164,SAMUEL (CITY),manhattan,664, 9/26/2024,129 WEST 144 STREET
1020130014,6,M,133 WEST 144TH STREET,10030,10,13,30,71,09,1060163,SAMUEL (CITY),manhattan,664, 9/26/2024,133 WEST 144 STREET
1020120052,7,M,148 WEST 144TH STREET,10030,10,13,30,71,09,1060150,SAMUEL (CITY),manhattan,664, 9/26/2024,148 WEST 144 STREET
1020120056,8,M,158 WEST 144TH STREET,10030,10,13,30,71,09,1060152,SAMUEL (CITY),manhattan,664, 9/26/2024,158 WEST 144 STREET
1020120058,9,M,162 WEST 144TH STREET,10030,10,13,30,71,09,1060154,SAMUEL (CITY),manhattan,664, 9/26/2024,162 WEST 144 STREET
2026260001,2,M,825 CAULDWELL AVENUE,10456,01,15,32,79,17,2091325,SOUTH BRONX AREA (SITE 402),bronx,114, 09/28/2023,825 CAULDWELL AVENUE
2026260001,2,M,829 CAULDWELL AVENUE,10456,01,15,32,79,17,2091325,SOUTH BRONX AREA (SITE 402),bronx,114, 09/28/2023,829 CAULDWELL AVENUE
2026260001,3,M,611 EAST 158TH STREET,10456,01,15,32,79,17,2091328,SOUTH BRONX AREA (SITE 402),bronx,114, 09/28/2023,611 EAST 158 STREET
2026260001,3,M,615 EAST 158TH STREET,10456,01,15,32,79,17,2091328,SOUTH BRONX AREA (SITE 402),bronx,114, 09/28/2023,615 EAST 158 STREET
2026260001,3,M,625 EAST 158TH STREET,10456,01,15,32,79,17,2091328,SOUTH BRONX AREA (SITE 402),bronx,114, 09/28/2023,625 EAST 158 STREET
2026260001,3,M,635 EAST 158TH STREET,10456,01,15,32,79,17,2091328,SOUTH BRONX AREA (SITE 402),bronx,114, 09/28/2023,635 EAST 158 STREET
2026260001,3,M,645 EAST 158TH STREET,10456,01,15,32,79,17,2091328,SOUTH BRONX AREA (SITE 402),bronx,114, 09/28/2023,645 EAST 158 STREET
2026260001,4,M,854 EAGLE AVENUE,10456,01,15,32,79,17,2091327,SOUTH BRONX AREA (SITE 402),bronx,114, 09/28/2023,854 EAGLE AVENUE
2026260001,4,M,850 EAGLE AVENUE,10456,01,15,32,79,17,2091327,SOUTH BRONX AREA (SITE 402),bronx,114, 09/28/2023,850 EAGLE AVENUE
2026260001,4,M,844 EAGLE AVENUE,10456,01,15,32,79,17,2091327,SOUTH BRONX AREA (SITE 402),bronx,114, 09/28/2023,844 EAGLE AVENUE
2026260001,4,M,840 EAGLE AVENUE,10456,01,15,32,79,17,2091327,SOUTH BRONX AREA (SITE 402),bronx,114, 09/28/2023,840 EAGLE AVENUE
2026260001,4,M,834 EAGLE AVENUE,10456,01,15,32,79,17,2091327,SOUTH BRONX AREA (SITE 402),bronx,114, 09/28/2023,834 EAGLE AVENUE
2026260001,4,M,830 EAGLE AVENUE,10456,01,15,32,79,17,2091327,SOUTH BRONX AREA (SITE 402),bronx,114, 09/28/2023,830 EAGLE AVENUE
2031430155,1,,360 FORD STREET,10457,05,15,33,86,15,2092394,TWIN PARKS WEST (SITES 1 & 2),bronx,312, 10/31/2018,360 FORD STREET
2031430155,1,M,"365 FORD STREET, WING A",10457,05,15,33,86,15,2092394,TWIN PARKS WEST (SITES 1 & 2),bronx,312, 10/31/2018,365 FORD STREET
2031430155,1,,353 FORD STREET,10457,05,15,33,86,15,2092394,TWIN PARKS WEST (SITES 1 & 2),bronx,312, 10/31/2018,353 FORD STREET
2031430155,1,,355 FORD STREET,10457,05,15,33,86,15,2092394,TWIN PARKS WEST (SITES 1 & 2),bronx,312, 10/31/2018,355 FORD STREET
2031430155,1,M,"365 EAST 183RD STREET, WING D",10458,05,15,33,86,15,2092394,TWIN PARKS WEST (SITES 1 & 2),bronx,312, 10/31/2018,365 EAST 183 STREET
2031430155,1,,355 EAST 183RD STREET,10458,05,15,33,86,15,2092394,TWIN PARKS WEST (SITES 1 & 2),bronx,312, 10/31/2018,355 EAST 183 STREET
3013410001,1,M,1575 DEAN STREET,11213,08,09,20,56,36,3324581,WEEKSVILLE GARDENS,brooklyn,257, 02/12/2020,1575 DEAN STREET
3013410001,1,M,87 TROY AVENUE,11213,08,09,20,56,36,3324581,WEEKSVILLE GARDENS,brooklyn,257, 02/12/2020,87 TROY AVENUE
3013410012,2,M,1620 PACIFIC STREET,11213,08,09,20,56,36,3035671,WEEKSVILLE GARDENS,brooklyn,257, 02/12/2020,1620 PACIFIC STREET
3013410012,2,M,1630 PACIFIC STREET,11213,08,09,20,56,36,3341632,WEEKSVILLE GARDENS,brooklyn,257, 02/12/2020,1630 PACIFIC STREET
3013410012,2,,1640 PACIFIC STREET,11213,08,09,20,56,36,3341633,WEEKSVILLE GARDENS,brooklyn,257, 02/12/2020,1640 PACIFIC STREET
3013410012,2,M,1642 PACIFIC STREET,11213,08,09,20,56,36,3341633,WEEKSVILLE GARDENS,brooklyn,257, 02/12/2020,1642 PACIFIC STREET
3013410012,2,M,1650 PACIFIC STREET,11213,08,09,20,56,36,3341634,WEEKSVILLE GARDENS,brooklyn,257, 02/12/2020,1650 PACIFIC STREET
3013410012,2,M,1660 PACIFIC STREET,11213,08,09,20,56,36,3341635,WEEKSVILLE GARDENS,brooklyn,257, 02/12/2020,1660 PACIFIC STREET
3013410012,2,M,1670 PACIFIC STREET,11213,08,09,20,56,36,3341636,WEEKSVILLE GARDENS,brooklyn,257, 02/12/2020,1670 PACIFIC STREET
3013410012,2,,1672 PACIFIC STREET,11213,08,09,20,56,36,3341636,WEEKSVILLE GARDENS,brooklyn,257, 02/12/2020,1672 PACIFIC STREET
3013410012,2,M,80 SCHENECTADY AVENUE,11213,08,09,20,56,36,3341637,WEEKSVILLE GARDENS,brooklyn,257, 02/12/2020,80 SCHENECTADY AVENUE
3021410019,4,,188 MARCY AVENUE,11211,01,07,18,50,34,3341977,WILLIAMS PLAZA,brooklyn,577, 02/12/2020,188 MARCY AVENUE
3021410019,4,M,190 MARCY AVENUE,11211,01,07,18,50,34,3341977,WILLIAMS PLAZA,brooklyn,577, 02/12/2020,190 MARCY AVENUE
3021410019,5,,227 DIVISION AVENUE,11211,01,07,18,50,34,3251682,WILLIAMS PLAZA,brooklyn,577, 02/12/2020,227 DIVISION AVENUE
3021410019,5,,221 DIVISION AVENUE,11211,01,07,18,50,34,3251682,WILLIAMS PLAZA,brooklyn,577, 02/12/2020,221 DIVISION AVENUE
3021410019,5,M,225 DIVISION AVENUE,11211,01,07,18,50,34,3251682,WILLIAMS PLAZA,brooklyn,577, 02/12/2020,225 DIVISION AVENUE
3021410019,5,,223 DIVISION AVENUE,11211,01,07,18,50,34,3251682,WILLIAMS PLAZA,brooklyn,577, 02/12/2020,223 DIVISION AVENUE
3030260001,13,M,171 SCHOLES STREET,11206,01,07,18,53,34,3344974,WILLIAMSBURG,brooklyn,"1,621", 12/28/2021,171 SCHOLES STREET
3030260001,14,M,181 SCHOLES STREET,11206,01,07,18,53,34,3344948,WILLIAMSBURG,brooklyn,"1,621", 12/28/2021,181 SCHOLES STREET
3030260001,14,M,182 STAGG WALK,11206,01,07,18,53,34,3344948,WILLIAMSBURG,brooklyn,"1,621", 12/28/2021,182 STAGG WALK
3030260001,14,M,180 STAGG WALK,11206,01,07,18,53,34,3344948,WILLIAMSBURG,brooklyn,"1,621", 12/28/2021,180 STAGG WALK
3030260001,14,M,178 STAGG WALK,11206,01,07,18,53,34,3344948,WILLIAMSBURG,brooklyn,"1,621", 12/28/2021,178 STAGG WALK
3030260001,14,M,186 STAGG WALK,11206,01,07,18,53,34,3344948,WILLIAMSBURG,brooklyn,"1,621", 12/28/2021,186 STAGG WALK
3030260001,14,M,184 STAGG WALK,11206,01,07,18,53,34,3344948,WILLIAMSBURG,brooklyn,"1,621", 12/28/2021,184 STAGG WALK
3030260001,14,M,183 SCHOLES STREET,11206,01,07,18,53,34,3344948,WILLIAMSBURG,brooklyn,"1,621", 12/28/2021,183 SCHOLES STREET
3030260001,14,M,185 SCHOLES STREET,11206,01,07,18,53,34,3344948,WILLIAMSBURG,brooklyn,"1,621", 12/28/2021,185 SCHOLES STREET
3030270001,15,M,197 TEN EYCK WALK,11206,01,07,18,53,34,3338398,WILLIAMSBURG,brooklyn,"1,621", 12/28/2021,197 TEN EYCK WALK
3030270001,15,M,199 TEN EYCK WALK,11206,01,07,18,53,34,3338398,WILLIAMSBURG,brooklyn,"1,621", 12/28/2021,199 TEN EYCK WALK
3030270001,15,M,198 MAUJER STREET,11206,01,07,18,53,34,3338398,WILLIAMSBURG,brooklyn,"1,621", 12/28/2021,198 MAUJER STREET
3030270001,15,M,196 MAUJER STREET,11206,01,07,18,53,34,3338398,WILLIAMSBURG,brooklyn,"1,621", 12/28/2021,196 MAUJER STREET
3030270001,15,M,200 MAUJER STREET,11206,01,07,18,53,34,3338398,WILLIAMSBURG,brooklyn,"1,621", 12/28/2021,200 MAUJER STREET
3030270001,15,M,201 TEN EYCK WALK,11206,01,07,18,53,34,3338398,WILLIAMSBURG,brooklyn,"1,621", 12/28/2021,201 TEN EYCK WALK
3030270001,15,M,203 TEN EYCK WALK,11206,01,07,18,53,34,3338398,WILLIAMSBURG,brooklyn,"1,621", 12/28/2021,203 TEN EYCK WALK
3030270001,15,M,205 TEN EYCK WALK,11206,01,07,18,53,34,3338398,WILLIAMSBURG,brooklyn,"1,621", 12/28/2021,205 TEN EYCK WALK
3030270001,16,M,219 TEN EYCK WALK,11206,01,07,18,53,34,3344982,WILLIAMSBURG,brooklyn,"1,621", 12/28/2021,219 TEN EYCK WALK
3030270001,16,M,216 MAUJER STREET,11206,01,07,18,53,34,3344982,WILLIAMSBURG,brooklyn,"1,621", 12/28/2021,216 MAUJER STREET
3030270001,16,M,214 MAUJER STREET,11206,01,07,18,53,34,3344982,WILLIAMSBURG,brooklyn,"1,621", 12/28/2021,214 MAUJER STREET
3030270001,16,M,220 MAUJER STREET,11206,01,07,18,53,34,3344982,WILLIAMSBURG,brooklyn,"1,621", 12/28/2021,220 MAUJER STREET
3030270001,16,,138 BUSHWICK AVENUE,11206,01,07,18,53,34,3344982,WILLIAMSBURG,brooklyn,"1,621", 12/28/2021,138 BUSHWICK AVENUE
3030270001,16,,136 BUSHWICK AVENUE,11206,01,07,18,53,34,3344982,WILLIAMSBURG,brooklyn,"1,621", 12/28/2021,136 BUSHWICK AVENUE
3030270001,16,M,218 MAUJER STREET,11206,01,07,18,53,34,3344982,WILLIAMSBURG,brooklyn,"1,621", 12/28/2021,218 MAUJER STREET
3030270001,16,,134 BUSHWICK AVENUE,11206,01,07,18,53,34,3344982,WILLIAMSBURG,brooklyn,"1,621", 12/28/2021,134 BUSHWICK AVENUE
3030270001,16,,132 BUSHWICK AVENUE,11206,01,07,18,53,34,3344982,WILLIAMSBURG,brooklyn,"1,621", 12/28/2021,132 BUSHWICK AVENUE
3030270001,16,,130 BUSHWICK AVENUE,11206,01,07,18,53,34,3344982,WILLIAMSBURG,brooklyn,"1,621", 12/28/2021,130 BUSHWICK AVENUE
3030270001,16,,128 BUSHWICK AVENUE,11206,01,07,18,53,34,3344982,WILLIAMSBURG,brooklyn,"1,621", 12/28/2021,128 BUSHWICK AVENUE
3030270001,16,M,221 TEN EYCK WALK,11206,01,07,18,53,34,3344982,WILLIAMSBURG,brooklyn,"1,621", 12/28/2021,221 TEN EYCK WALK
3030270001,16,M,223 TEN EYCK WALK,11206,01,07,18,53,34,3344982,WILLIAMSBURG,brooklyn,"1,621", 12/28/2021,223 TEN EYCK WALK
3030270001,16,,124 BUSHWICK AVENUE,11206,01,07,18,53,34,3344982,WILLIAMSBURG,brooklyn,"1,621", 12/28/2021,124 BUSHWICK AVENUE
3030270001,16,,122 BUSHWICK AVENUE,11206,01,07,18,53,34,3344982,WILLIAMSBURG,brooklyn,"1,621", 12/28/2021,122 BUSHWICK AVENUE
3030270001,17,M,200 TEN EYCK WALK,11206,01,07,18,53,34,3344992,WILLIAMSBURG,brooklyn,"1,621", 12/28/2021,200 TEN EYCK WALK
3030270001,17,M,202 TEN EYCK WALK,11206,01,07,18,53,34,3344992,WILLIAMSBURG,brooklyn,"1,621", 12/28/2021,202 TEN EYCK WALK
3030270001,17,M,211 STAGG WALK,11206,01,07,18,53,34,3344992,WILLIAMSBURG,brooklyn,"1,621", 12/28/2021,211 STAGG WALK
3030270001,17,M,213 STAGG WALK,11206,01,07,18,53,34,3344992,WILLIAMSBURG,brooklyn,"1,621", 12/28/2021,213 STAGG WALK
3030270001,17,M,215 STAGG WALK,11206,01,07,18,53,34,3344992,WILLIAMSBURG,brooklyn,"1,621", 12/28/2021,215 STAGG WALK
3030270001,18,M,222 TEN EYCK WALK,11206,01,07,18,53,34,3338402,WILLIAMSBURG,brooklyn,"1,621", 12/28/2021,222 TEN EYCK WALK
3030270001,18,M,224 TEN EYCK WALK,11206,01,07,18,53,34,3338402,WILLIAMSBURG,brooklyn,"1,621", 12/28/2021,224 TEN EYCK WALK
3030270001,18,M,226 TEN EYCK WALK,11206,01,07,18,53,34,3338402,WILLIAMSBURG,brooklyn,"1,621", 12/28/2021,226 TEN EYCK WALK
3030270001,18,M,233 STAGG WALK,11206,01,07,18,53,34,3338402,WILLIAMSBURG,brooklyn,"1,621", 12/28/2021,233 STAGG WALK
3030270001,18,M,235 STAGG WALK,11206,01,07,18,53,34,3338402,WILLIAMSBURG,brooklyn,"1,621", 12/28/2021,235 STAGG WALK
3030270001,19,M,196 STAGG WALK,11206,01,07,18,53,34,3345008,WILLIAMSBURG,brooklyn,"1,621", 12/28/2021,196 STAGG WALK
3030270001,19,M,199 SCHOLES STREET,11206,01,07,18,53,34,3345008,WILLIAMSBURG,brooklyn,"1,621", 12/28/2021,199 SCHOLES STREET
3030270001,19,M,197 SCHOLES STREET,11206,01,07,18,53,34,3345008,WILLIAMSBURG,brooklyn,"1,621", 12/28/2021,197 SCHOLES STREET
3030270001,19,M,195 SCHOLES STREET,11206,01,07,18,53,34,3345008,WILLIAMSBURG,brooklyn,"1,621", 12/28/2021,195 SCHOLES STREET
3030270001,19,M,201 SCHOLES STREET,11206,01,07,18,53,34,3345008,WILLIAMSBURG,brooklyn,"1,621", 12/28/2021,201 SCHOLES STREET
3030270001,19,M,203 SCHOLES STREET,11206,01,07,18,53,34,3345008,WILLIAMSBURG,brooklyn,"1,621", 12/28/2021,203 SCHOLES STREET
3030270001,19,M,205 SCHOLES STREET,11206,01,07,18,53,34,3345008,WILLIAMSBURG,brooklyn,"1,621", 12/28/2021,205 SCHOLES STREET
3030240001,2,M,109 TEN EYCK WALK,11206,01,07,18,53,34,3327882,WILLIAMSBURG,brooklyn,"1,621", 12/28/2021,109 TEN EYCK WALK
3030240001,2,M,110 MAUJER STREET,11206,01,07,18,53,34,3327882,WILLIAMSBURG,brooklyn,"1,621", 12/28/2021,110 MAUJER STREET
3030240001,2,M,108 MAUJER STREET,11206,01,07,18,53,34,3327882,WILLIAMSBURG,brooklyn,"1,621", 12/28/2021,108 MAUJER STREET
3030240001,2,M,114 MAUJER STREET,11206,01,07,18,53,34,3327882,WILLIAMSBURG,brooklyn,"1,621", 12/28/2021,114 MAUJER STREET
3030240001,2,M,112 MAUJER STREET,11206,01,07,18,53,34,3327882,WILLIAMSBURG,brooklyn,"1,621", 12/28/2021,112 MAUJER STREET
3030240001,2,M,111 TEN EYCK WALK,11206,01,07,18,53,34,3327882,WILLIAMSBURG,brooklyn,"1,621", 12/28/2021,111 TEN EYCK WALK
3030240001,2,M,113 TEN EYCK WALK,11206,01,07,18,53,34,3327882,WILLIAMSBURG,brooklyn,"1,621", 12/28/2021,113 TEN EYCK WALK
3030270001,20,M,215 SCHOLES STREET,11206,01,07,18,53,34,3344998,WILLIAMSBURG,brooklyn,"1,621", 12/28/2021,215 SCHOLES STREET
3030270001,20,M,218 STAGG WALK,11206,01,07,18,53,34,3344998,WILLIAMSBURG,brooklyn,"1,621", 12/28/2021,218 STAGG WALK
3030270001,20,M,216 STAGG WALK,11206,01,07,18,53,34,3344998,WILLIAMSBURG,brooklyn,"1,621", 12/28/2021,216 STAGG WALK
3030270001,20,M,214 STAGG WALK,11206,01,07,18,53,34,3344998,WILLIAMSBURG,brooklyn,"1,621", 12/28/2021,214 STAGG WALK
3030270001,20,,178 BUSHWICK AVENUE,11206,01,07,18,53,34,3344998,WILLIAMSBURG,brooklyn,"1,621", 12/28/2021,178 BUSHWICK AVENUE
3030270001,20,M,222 STAGG WALK,11206,01,07,18,53,34,3344998,WILLIAMSBURG,brooklyn,"1,621", 12/28/2021,222 STAGG WALK
3030270001,20,,172 BUSHWICK AVENUE,11206,01,07,18,53,34,3344998,WILLIAMSBURG,brooklyn,"1,621", 12/28/2021,172 BUSHWICK AVENUE
3030270001,20,M,220 STAGG WALK,11206,01,07,18,53,34,3344998,WILLIAMSBURG,brooklyn,"1,621", 12/28/2021,220 STAGG WALK
3030270001,20,,176 BUSHWICK AVENUE,11206,01,07,18,53,34,3344998,WILLIAMSBURG,brooklyn,"1,621", 12/28/2021,176 BUSHWICK AVENUE
3030270001,20,M,217 SCHOLES STREET,11206,01,07,18,53,34,3344998,WILLIAMSBURG,brooklyn,"1,621", 12/28/2021,217 SCHOLES STREET
3030270001,20,M,219 SCHOLES STREET,11206,01,07,18,53,34,3344998,WILLIAMSBURG,brooklyn,"1,621", 12/28/2021,219 SCHOLES STREET
3030250070,21,,195 GRAHAM AVENUE,11206,01,07,18,53,34,3070826,WILLIAMSBURG,brooklyn,"1,621", 12/28/2021,195 GRAHAM AVENUE
3030240001,3,M,90 TEN EYCK WALK,11206,01,07,18,53,34,3327879,WILLIAMSBURG,brooklyn,"1,621", 12/28/2021,90 TEN EYCK WALK
3030240001,3,M,92 TEN EYCK WALK,11206,01,07,18,53,34,3327879,WILLIAMSBURG,brooklyn,"1,621", 12/28/2021,92 TEN EYCK WALK
3030240001,3,M,101 STAGG WALK,11206,01,07,18,53,34,3327879,WILLIAMSBURG,brooklyn,"1,621", 12/28/2021,101 STAGG WALK
3030240001,3,M,99 STAGG WALK,11206,01,07,18,53,34,3327879,WILLIAMSBURG,brooklyn,"1,621", 12/28/2021,99 STAGG WALK
3030240001,3,M,97 STAGG WALK,11206,01,07,18,53,34,3327879,WILLIAMSBURG,brooklyn,"1,621", 12/28/2021,97 STAGG WALK
3030240001,4,M,110 TEN EYCK WALK,11206,01,07,18,53,34,3327881,WILLIAMSBURG,brooklyn,"1,621", 12/28/2021,110 TEN EYCK WALK
3030240001,4,M,112 TEN EYCK WALK,11206,01,07,18,53,34,3327881,WILLIAMSBURG,brooklyn,"1,621", 12/28/2021,112 TEN EYCK WALK
3030240001,4,M,114 TEN EYCK WALK,11206,01,07,18,53,34,3327881,WILLIAMSBURG,brooklyn,"1,621", 12/28/2021,114 TEN EYCK WALK
3030240001,4,M,123 STAGG WALK,11206,01,07,18,53,34,3327881,WILLIAMSBURG,brooklyn,"1,621", 12/28/2021,123 STAGG WALK
3030240001,4,M,125 STAGG WALK,11206,01,07,18,53,34,3327881,WILLIAMSBURG,brooklyn,"1,621", 12/28/2021,125 STAGG WALK
3030240001,5,M,88 STAGG WALK,11206,01,07,18,53,34,3327878,WILLIAMSBURG,brooklyn,"1,621", 12/28/2021,88 STAGG WALK
3030240001,5,M,95 SCHOLES STREET,11206,01,07,18,53,34,3327878,WILLIAMSBURG,brooklyn,"1,621", 12/28/2021,95 SCHOLES STREET
3030240001,5,M,93 SCHOLES STREET,11206,01,07,18,53,34,3327878,WILLIAMSBURG,brooklyn,"1,621", 12/28/2021,93 SCHOLES STREET
3030240001,5,M,91 SCHOLES STREET,11206,01,07,18,53,34,3327878,WILLIAMSBURG,brooklyn,"1,621", 12/28/2021,91 SCHOLES STREET
3030240001,5,M,101 SCHOLES STREET,11206,01,07,18,53,34,3327878,WILLIAMSBURG,brooklyn,"1,621", 12/28/2021,101 SCHOLES STREET
3030240001,5,M,99 SCHOLES STREET,11206,01,07,18,53,34,3327878,WILLIAMSBURG,brooklyn,"1,621", 12/28/2021,99 SCHOLES STREET
3030240001,5,M,97 SCHOLES STREET,11206,01,07,18,53,34,3327878,WILLIAMSBURG,brooklyn,"1,621", 12/28/2021,97 SCHOLES STREET
3030240001,6,M,106 STAGG WALK,11206,01,07,18,53,34,3344259,WILLIAMSBURG,brooklyn,"1,621", 12/28/2021,106 STAGG WALK
3030240001,6,M,108 STAGG WALK,11206,01,07,18,53,34,3344259,WILLIAMSBURG,brooklyn,"1,621", 12/28/2021,108 STAGG WALK
3030240001,6,M,110 STAGG WALK,11206,01,07,18,53,34,3344259,WILLIAMSBURG,brooklyn,"1,621", 12/28/2021,110 STAGG WALK
3030240001,6,M,111 SCHOLES STREET,11206,01,07,18,53,34,3344259,WILLIAMSBURG,brooklyn,"1,621", 12/28/2021,111 SCHOLES STREET
3030240001,6,M,115 SCHOLES STREET,11206,01,07,18,53,34,3344259,WILLIAMSBURG,brooklyn,"1,621", 12/28/2021,115 SCHOLES STREET
3030240001,6,M,113 SCHOLES STREET,11206,01,07,18,53,34,3344259,WILLIAMSBURG,brooklyn,"1,621", 12/28/2021,113 SCHOLES STREET
3030240001,6,M,112 STAGG WALK,11206,01,07,18,53,34,3344259,WILLIAMSBURG,brooklyn,"1,621", 12/28/2021,112 STAGG WALK
3030240001,6,M,114 STAGG WALK,11206,01,07,18,53,34,3344259,WILLIAMSBURG,brooklyn,"1,621", 12/28/2021,114 STAGG WALK
3030250046,7,M,123 TEN EYCK WALK,11206,01,07,18,53,34,3344926,WILLIAMSBURG,brooklyn,"1,621", 12/28/2021,123 TEN EYCK WALK
3030250046,7,M,125 TEN EYCK WALK,11206,01,07,18,53,34,3344926,WILLIAMSBURG,brooklyn,"1,621", 12/28/2021,125 TEN EYCK WALK
3030250046,7,M,126 MAUJER STREET,11206,01,07,18,53,34,3344926,WILLIAMSBURG,brooklyn,"1,621", 12/28/2021,126 MAUJER STREET
3030250046,7,M,124 MAUJER STREET,11206,01,07,18,53,34,3344926,WILLIAMSBURG,brooklyn,"1,621", 12/28/2021,124 MAUJER STREET
3030250046,7,M,128 MAUJER STREET,11206,01,07,18,53,34,3344926,WILLIAMSBURG,brooklyn,"1,621", 12/28/2021,128 MAUJER STREET
3030250046,7,M,127 TEN EYCK WALK,11206,01,07,18,53,34,3344926,WILLIAMSBURG,brooklyn,"1,621", 12/28/2021,127 TEN EYCK WALK
3030250046,7,M,129 TEN EYCK WALK,11206,01,07,18,53,34,3344926,WILLIAMSBURG,brooklyn,"1,621", 12/28/2021,129 TEN EYCK WALK
3030250046,7,M,131 TEN EYCK WALK,11206,01,07,18,53,34,3344926,WILLIAMSBURG,brooklyn,"1,621", 12/28/2021,131 TEN EYCK WALK
3030250046,8,M,143 TEN EYCK WALK,11206,01,07,18,53,34,3327884,WILLIAMSBURG,brooklyn,"1,621", 12/28/2021,143 TEN EYCK WALK
3030250046,8,M,145 TEN EYCK WALK,11206,01,07,18,53,34,3327884,WILLIAMSBURG,brooklyn,"1,621", 12/28/2021,145 TEN EYCK WALK
3030250046,8,M,144 MAUJER STREET,11206,01,07,18,53,34,3327884,WILLIAMSBURG,brooklyn,"1,621", 12/28/2021,144 MAUJER STREET
3030250046,8,,239 GRAHAM AVENUE,11206,01,07,18,53,34,3327884,WILLIAMSBURG,brooklyn,"1,621", 12/28/2021,239 GRAHAM AVENUE
3030250046,8,,237 GRAHAM AVENUE,11206,01,07,18,53,34,3327884,WILLIAMSBURG,brooklyn,"1,621", 12/28/2021,237 GRAHAM AVENUE
3030250046,8,M,142 MAUJER STREET,11206,01,07,18,53,34,3327884,WILLIAMSBURG,brooklyn,"1,621", 12/28/2021,142 MAUJER STREET
3030250046,8,M,146 MAUJER STREET,11206,01,07,18,53,34,3327884,WILLIAMSBURG,brooklyn,"1,621", 12/28/2021,146 MAUJER STREET
3030250046,8,,152 MAUJER STREET,11206,01,07,18,53,34,3327884,WILLIAMSBURG,brooklyn,"1,621", 12/28/2021,152 MAUJER STREET
3030250046,8,,243 GRAHAM AVENUE,11206,01,07,18,53,34,3327884,WILLIAMSBURG,brooklyn,"1,621", 12/28/2021,243 GRAHAM AVENUE
3030250046,8,,245 GRAHAM AVENUE,11206,01,07,18,53,34,3327884,WILLIAMSBURG,brooklyn,"1,621", 12/28/2021,245 GRAHAM AVENUE
3030250046,8,,247 GRAHAM AVENUE,11206,01,07,18,53,34,3327884,WILLIAMSBURG,brooklyn,"1,621", 12/28/2021,247 GRAHAM AVENUE
3030250046,8,,241 GRAHAM AVENUE,11206,01,07,18,53,34,3327884,WILLIAMSBURG,brooklyn,"1,621", 12/28/2021,241 GRAHAM AVENUE
3030250046,8,M,147 TEN EYCK WALK,11206,01,07,18,53,34,3327884,WILLIAMSBURG,brooklyn,"1,621", 12/28/2021,147 TEN EYCK WALK
3030250046,8,,235 GRAHAM AVENUE,11206,01,07,18,53,34,3327884,WILLIAMSBURG,brooklyn,"1,621", 12/28/2021,235 GRAHAM AVENUE
3030250046,8,M,149 TEN EYCK WALK,11206,01,07,18,53,34,3327884,WILLIAMSBURG,brooklyn,"1,621", 12/28/2021,149 TEN EYCK WALK
3030250046,8,,231 GRAHAM AVENUE,11206,01,07,18,53,34,3327884,WILLIAMSBURG,brooklyn,"1,621", 12/28/2021,231 GRAHAM AVENUE
3030250046,8,,233 GRAHAM AVENUE,11206,01,07,18,53,34,3327884,WILLIAMSBURG,brooklyn,"1,621", 12/28/2021,233 GRAHAM AVENUE
3030250046,8,M,151 TEN EYCK WALK,11206,01,07,18,53,34,3327884,WILLIAMSBURG,brooklyn,"1,621", 12/28/2021,151 TEN EYCK WALK
3030260001,9,,238 GRAHAM AVENUE,11206,01,07,18,53,34,3327887,WILLIAMSBURG,brooklyn,"1,621", 12/28/2021,238 GRAHAM AVENUE
3030260001,9,M,161 TEN EYCK WALK,11206,01,07,18,53,34,3327887,WILLIAMSBURG,brooklyn,"1,621", 12/28/2021,161 TEN EYCK WALK
3030260001,9,,240 GRAHAM AVENUE,11206,01,07,18,53,34,3327887,WILLIAMSBURG,brooklyn,"1,621", 12/28/2021,240 GRAHAM AVENUE
3030260001,9,,242 GRAHAM AVENUE,11206,01,07,18,53,34,3327887,WILLIAMSBURG,brooklyn,"1,621", 12/28/2021,242 GRAHAM AVENUE
3030260001,9,,244 GRAHAM AVENUE,11206,01,07,18,53,34,3327887,WILLIAMSBURG,brooklyn,"1,621", 12/28/2021,244 GRAHAM AVENUE
3030260001,9,M,163 TEN EYCK WALK,11206,01,07,18,53,34,3327887,WILLIAMSBURG,brooklyn,"1,621", 12/28/2021,163 TEN EYCK WALK
3030260001,9,,248 GRAHAM AVENUE,11206,01,07,18,53,34,3327887,WILLIAMSBURG,brooklyn,"1,621", 12/28/2021,248 GRAHAM AVENUE
3030260001,9,,246 GRAHAM AVENUE,11206,01,07,18,53,34,3327887,WILLIAMSBURG,brooklyn,"1,621", 12/28/2021,246 GRAHAM AVENUE
3030260001,9,M,162 MAUJER STREET,11206,01,07,18,53,34,3327887,WILLIAMSBURG,brooklyn,"1,621", 12/28/2021,162 MAUJER STREET
3030260001,9,,250 GRAHAM AVENUE,11206,01,07,18,53,34,3327887,WILLIAMSBURG,brooklyn,"1,621", 12/28/2021,250 GRAHAM AVENUE
3030260001,9,,252 GRAHAM AVENUE,11206,01,07,18,53,34,3327887,WILLIAMSBURG,brooklyn,"1,621", 12/28/2021,252 GRAHAM AVENUE
3030260001,9,,254 GRAHAM AVENUE,11206,01,07,18,53,34,3327887,WILLIAMSBURG,brooklyn,"1,621", 12/28/2021,254 GRAHAM AVENUE
3030260001,9,M,160 MAUJER STREET,11206,01,07,18,53,34,3327887,WILLIAMSBURG,brooklyn,"1,621", 12/28/2021,160 MAUJER STREET
3030260001,9,M,164 MAUJER STREET,11206,01,07,18,53,34,3327887,WILLIAMSBURG,brooklyn,"1,621", 12/28/2021,164 MAUJER STREET
3030260001,9,M,165 TEN EYCK WALK,11206,01,07,18,53,34,3327887,WILLIAMSBURG,brooklyn,"1,621", 12/28/2021,165 TEN EYCK WALK
3030260001,9,M,167 TEN EYCK WALK,11206,01,07,18,53,34,3327887,WILLIAMSBURG,brooklyn,"1,621", 12/28/2021,167 TEN EYCK WALK
3030260001,9,M,169 TEN EYCK WALK,11206,01,07,18,53,34,3327887,WILLIAMSBURG,brooklyn,"1,621", 12/28/2021,169 TEN EYCK WALK
2031300100,1,,2021 BOSTON ROAD,10460,06,15,32,87,15,2013245,1010 EAST 178TH STREET,bronx,220, 6/24/2025,2021 BOSTON ROAD
2031300100,1,,1012 EAST 178TH STREET,10460,06,15,32,87,15,2013245,1010 EAST 178TH STREET,bronx,220, 6/24/2025,1012 EAST 178 STREET
2031300100,1,,1030 EAST 178TH STREET,10460,06,15,32,87,15,2013245,1010 EAST 178TH STREET,bronx,220, 6/24/2025,1030 EAST 178 STREET
2031300100,1,M,1010 EAST 178TH STREET,10460,06,15,32,87,15,2013245,1010 EAST 178TH STREET,bronx,220, 6/24/2025,1010 EAST 178 STREET
3035320030,1,,114 TAPSCOTT STREET,11212,16,09,25,55,41,3081191,104-14 TAPSCOTT STREET,brooklyn,30, 11/28/2023,114 TAPSCOTT STREET
3035320030,1,M,104 TAPSCOTT STREET,11212,16,09,25,55,41,3081191,104-14 TAPSCOTT STREET,brooklyn,30, 11/28/2023,104 TAPSCOTT STREET
1016830018,1,M,335 EAST 111TH STREET,10029,11,13,29,68,08,1052877,335 EAST 111TH STREET,manhattan,66, 11/30/2020,335 EAST 111 STREET
,1,M,344 EAST 28TH STREET,10016,06,12,59,74,02,,344 EAST 28TH STREET,manhattan,,,344 EAST 28 STREET
1009330025,1,,344GAR EAST 28TH STREET,10016,06,12,59,74,02,1020611,344 EAST 28TH STREET,manhattan,225, 11/30/2020,344 EAST 28 STREET
1009330025,1,,342 EAST 28TH STREET,10016,06,12,59,74,02,1020611,344 EAST 28TH STREET,manhattan,225, 11/30/2020,342 EAST 28 STREET
1009330025,1,,346 EAST 28TH STREET,10016,06,12,59,74,02,1020611,344 EAST 28TH STREET,manhattan,225, 11/30/2020,346 EAST 28 STREET
1009330025,1,,340 EAST 28TH STREET,10016,06,12,59,74,02,1020611,344 EAST 28TH STREET,manhattan,225, 11/30/2020,340 EAST 28 STREET
,,,590 WARREN STREET,11217,06,10,26,52,39,,572 WARREN STREET,brooklyn,,,590 WARREN STREET
3004010001,1,M,572 WARREN STREET,11217,06,10,26,52,39,3006388,572 WARREN STREET,brooklyn,200, 02/12/2020,572 WARREN STREET
3004010001,1,,568 WARREN STREET,11217,06,10,26,52,39,3006388,572 WARREN STREET,brooklyn,200, 02/12/2020,568 WARREN STREET
3004010001,1,,565 BALTIC STREET,11217,06,10,26,52,39,3006388,572 WARREN STREET,brooklyn,200, 02/12/2020,565 BALTIC STREET
3004010001,1,M,574 WARREN STREET,11217,06,10,26,52,39,3006388,572 WARREN STREET,brooklyn,200, 02/12/2020,574 WARREN STREET
3017940181,,,513 GREENE AVENUE,11216,03,08,25,56,36,3000000,ARMSTRONG I,brooklyn,371, 02/12/2020,513 GREENE AVENUE
3017940120,1,M,362 CLIFTON PLACE,11216,03,08,25,56,36,3050204,ARMSTRONG I,brooklyn,371, 02/12/2020,362 CLIFTON PLACE
3017940119,1,M,360 CLIFTON PLACE,11216,03,08,25,56,36,3050203,ARMSTRONG I,brooklyn,371, 02/12/2020,360 CLIFTON PLACE
3017940118,1,M,358 CLIFTON PLACE,11216,03,08,25,56,36,3050202,ARMSTRONG I,brooklyn,371, 02/12/2020,358 CLIFTON PLACE
3017940117,1,M,356 CLIFTON PLACE,11216,03,08,25,56,36,3050201,ARMSTRONG I,brooklyn,371, 02/12/2020,356 CLIFTON PLACE
3017940116,1,M,354 CLIFTON PLACE,11216,03,08,25,56,36,3050200,ARMSTRONG I,brooklyn,371, 02/12/2020,354 CLIFTON PLACE
3017940115,1,M,352 CLIFTON PLACE,11216,03,08,25,56,36,3050199,ARMSTRONG I,brooklyn,371, 02/12/2020,352 CLIFTON PLACE
3017940114,1,M,350 CLIFTON PLACE,11216,03,08,25,56,36,3050198,ARMSTRONG I,brooklyn,371, 02/12/2020,350 CLIFTON PLACE
3017940113,1,M,348 CLIFTON PLACE,11216,03,08,25,56,36,3050197,ARMSTRONG I,brooklyn,371, 02/12/2020,348 CLIFTON PLACE
1020680046,1,M,1909 AMSTERDAM AVENUE,10032,09,13,30,71,07,1061681,AUDUBON,manhattan,168, 01/10/2023,1909 AMSTERDAM AVENUE
2032390004,1,,230 WEST 193RD STREET,10463,07,13,31,86,14,2092440,BAILEY AVENUE-WEST 193RD STREET,bronx,233, 6/24/2025,230 WEST 193 STREET
2032390004,1,M,2663 HEATH AVENUE,10463,07,13,31,86,14,2092440,BAILEY AVENUE-WEST 193RD STREET,bronx,233, 6/24/2025,2663 HEATH AVENUE
2032390004,1,,2661 HEATH AVENUE,10463,07,13,31,86,14,2092440,BAILEY AVENUE-WEST 193RD STREET,bronx,233, 6/24/2025,2661 HEATH AVENUE
2032390004,1,,2667 HEATH AVENUE,10463,07,13,31,86,14,2092440,BAILEY AVENUE-WEST 193RD STREET,bronx,233, 6/24/2025,2667 HEATH AVENUE
2032390004,1,,2660 BAILEY AVENUE,10463,07,13,31,86,14,2092440,BAILEY AVENUE-WEST 193RD STREET,bronx,233, 6/24/2025,2660 BAILEY AVENUE
2049050360,1,M,1870 SCHIEFFELIN AVENUE,10466,12,16,36,83,12,2093740,BAYCHESTER,bronx,441, 12/27/2018,1870 SCHIEFFELIN AVENUE
2049050360,1,,1860 SCHIEFFELIN AVENUE,10466,12,16,36,83,12,2093740,BAYCHESTER,bronx,441, 12/27/2018,1860 SCHIEFFELIN AVENUE
2049050360,1,,1225 EAST 225TH STREET,10466,12,16,36,83,12,2093740,BAYCHESTER,bronx,441, 12/27/2018,1225 EAST 225 STREET
2049050360,10,M,1871 SCHIEFFELIN PLACE,10466,12,16,36,83,12,2093749,BAYCHESTER,bronx,441, 12/27/2018,1871 SCHIEFFELIN PLACE
2049050360,11,M,1891 SCHIEFFELIN PLACE,10466,12,16,36,83,12,2093751,BAYCHESTER,bronx,441, 12/27/2018,1891 SCHIEFFELIN PLACE
2049050360,12,,1220 EAST 229TH STREET,10466,12,16,36,83,12,2093741,BAYCHESTER,bronx,441, 12/27/2018,1220 EAST 229 STREET
2049050360,2,M,1880 SCHIEFFELIN AVENUE,10466,12,16,36,83,12,2093742,BAYCHESTER,bronx,441, 12/27/2018,1880 SCHIEFFELIN AVENUE
2049050360,3,M,1890 SCHIEFFELIN AVENUE,10466,12,16,36,83,12,2093743,BAYCHESTER,bronx,441, 12/27/2018,1890 SCHIEFFELIN AVENUE
2049050360,4,M,1920 SCHIEFFELIN AVENUE,10466,12,16,36,83,12,2093745,BAYCHESTER,bronx,441, 12/27/2018,1920 SCHIEFFELIN AVENUE
2049050360,5,M,1930 SCHIEFFELIN AVENUE,10466,12,16,36,83,12,2093746,BAYCHESTER,bronx,441, 12/27/2018,1930 SCHIEFFELIN AVENUE
2049050360,6,M,1900 SCHIEFFELIN AVENUE,10466,12,16,36,83,12,2093744,BAYCHESTER,bronx,441, 12/27/2018,1900 SCHIEFFELIN AVENUE
2049050360,6,,1910 SCHIEFFELIN AVENUE,10466,12,16,36,83,12,2093744,BAYCHESTER,bronx,441, 12/27/2018,1910 SCHIEFFELIN AVENUE
2049050360,7,M,1861 SCHIEFFELIN PLACE,10466,12,16,36,83,12,2093748,BAYCHESTER,bronx,441, 12/27/2018,1861 SCHIEFFELIN PLACE
2049050360,8,M,1881 SCHIEFFELIN PLACE,10466,12,16,36,83,12,2093750,BAYCHESTER,bronx,441, 12/27/2018,1881 SCHIEFFELIN PLACE
2049050360,9,M,1851 SCHIEFFELIN PLACE,10466,12,16,36,83,12,2093747,BAYCHESTER,bronx,441, 12/27/2018,1851 SCHIEFFELIN PLACE
3040290001,1,M,455 BARBEY STREET,11207,05,08,19,60,42,3323714,BELMONT-SUTTER AREA,brooklyn,72, 12/28/2021,455 BARBEY STREET
3040290001,1,M,459 BARBEY STREET,11207,05,08,19,60,42,3323714,BELMONT-SUTTER AREA,brooklyn,72, 12/28/2021,459 BARBEY STREET
3040290001,1,M,463 BARBEY STREET,11207,05,08,19,60,42,3323714,BELMONT-SUTTER AREA,brooklyn,72, 12/28/2021,463 BARBEY STREET
3040290001,2,M,418 JEROME STREET,11207,05,08,19,60,42,3323715,BELMONT-SUTTER AREA,brooklyn,72, 12/28/2021,418 JEROME STREET
3040290001,2,M,422 JEROME STREET,11207,05,08,19,60,42,3323715,BELMONT-SUTTER AREA,brooklyn,72, 12/28/2021,422 JEROME STREET
3040290001,2,M,426 JEROME STREET,11207,05,08,19,60,42,3323715,BELMONT-SUTTER AREA,brooklyn,72, 12/28/2021,426 JEROME STREET
3040290001,3,M,610 BELMONT AVENUE,11207,05,08,19,60,42,3323716,BELMONT-SUTTER AREA,brooklyn,72, 12/28/2021,610 BELMONT AVENUE
3040290001,3,M,616 BELMONT AVENUE,11207,05,08,19,60,42,3323716,BELMONT-SUTTER AREA,brooklyn,72, 12/28/2021,616 BELMONT AVENUE
3021570019,,,100 SOUTH 10TH STREET,11249,01,07,18,50,34,3000000,BERRY STREET-SOUTH 9TH STREET,brooklyn,150, 02/12/2020,100 SOUTH 10 STREET
3021570005,,,447 BERRY STREET,11249,01,07,18,50,34,3000000,BERRY STREET-SOUTH 9TH STREET,brooklyn,150, 02/12/2020,447 BERRY STREET
3021560021,,,448 BERRY STREET,11249,01,07,18,50,34,3000000,BERRY STREET-SOUTH 9TH STREET,brooklyn,150, 02/12/2020,448 BERRY STREET
3021570004,,,449 BERRY STREET,11249,01,07,18,50,34,3000000,BERRY STREET-SOUTH 9TH STREET,brooklyn,150, 02/12/2020,449 BERRY STREET
3021450001,,,45 SOUTH 10TH STREET,11249,01,07,18,50,34,3000000,BERRY STREET-SOUTH 9TH STREET,brooklyn,150, 02/12/2020,45 SOUTH 10 STREET
3021560022,,,450 BERRY STREET,11249,01,07,18,50,34,3000000,BERRY STREET-SOUTH 9TH STREET,brooklyn,150, 02/12/2020,450 BERRY STREET
3021570003,,,451 BERRY STREET,11249,01,07,18,50,34,3000000,BERRY STREET-SOUTH 9TH STREET,brooklyn,150, 02/12/2020,451 BERRY STREET
3021570002,,,453 BERRY STREET,11249,01,07,18,50,34,3000000,BERRY STREET-SOUTH 9TH STREET,brooklyn,150, 02/12/2020,453 BERRY STREET
3021570001,,,455 BERRY STREET,11249,01,07,18,50,34,3000000,BERRY STREET-SOUTH 9TH STREET,brooklyn,150, 02/12/2020,455 BERRY STREET
3021570020,,,462 BEDFORD AVENUE,11249,01,07,18,50,34,3000000,BERRY STREET-SOUTH 9TH STREET,brooklyn,150, 02/12/2020,462 BEDFORD AVENUE
3021570021,,,464 BEDFORD AVENUE,11249,01,07,18,50,34,3000000,BERRY STREET-SOUTH 9TH STREET,brooklyn,150, 02/12/2020,464 BEDFORD AVENUE
3021570022,,,466 BEDFORD AVENUE,11249,01,07,18,50,34,3000000,BERRY STREET-SOUTH 9TH STREET,brooklyn,150, 02/12/2020,466 BEDFORD AVENUE
3021450036,,,49 SOUTH 10TH STREET,11249,01,07,18,50,34,3000000,BERRY STREET-SOUTH 9TH STREET,brooklyn,150, 02/12/2020,49 SOUTH 10 STREET
3021450035,,,51 SOUTH 10TH STREET,11249,01,07,18,50,34,3000000,BERRY STREET-SOUTH 9TH STREET,brooklyn,150, 02/12/2020,51 SOUTH 10 STREET
3021450034,,,53 SOUTH 10TH STREET,11249,01,07,18,50,34,3000000,BERRY STREET-SOUTH 9TH STREET,brooklyn,150, 02/12/2020,53 SOUTH 10 STREET
3021450033,,,55 SOUTH 10TH STREET,11249,01,07,18,50,34,3000000,BERRY STREET-SOUTH 9TH STREET,brooklyn,150, 02/12/2020,55 SOUTH 10 STREET
3021450032,,,57 SOUTH 10TH STREET,11249,01,07,18,50,34,3000000,BERRY STREET-SOUTH 9TH STREET,brooklyn,150, 02/12/2020,57 SOUTH 10 STREET
3021450031,,,59 SOUTH 10TH STREET,11249,01,07,18,50,34,3000000,BERRY STREET-SOUTH 9TH STREET,brooklyn,150, 02/12/2020,59 SOUTH 10 STREET
3021450030,,,61 SOUTH 10TH STREET,11249,01,07,18,50,34,3393826,BERRY STREET-SOUTH 9TH STREET,brooklyn,150, 02/12/2020,61 SOUTH 10 STREET
3021450029,,,63 SOUTH 10TH STREET,11249,01,07,18,50,34,3000000,BERRY STREET-SOUTH 9TH STREET,brooklyn,150, 02/12/2020,63 SOUTH 10 STREET
3021450028,,,65 SOUTH 10TH STREET,11249,01,07,18,50,34,3000000,BERRY STREET-SOUTH 9TH STREET,brooklyn,150, 02/12/2020,65 SOUTH 10 STREET
3021450026,,,67 SOUTH 10TH STREET,11249,01,07,18,50,34,3000000,BERRY STREET-SOUTH 9TH STREET,brooklyn,150, 02/12/2020,67 SOUTH 10 STREET
3021450017,,,74 SOUTH 9TH STREET,11249,01,07,18,50,34,3000000,BERRY STREET-SOUTH 9TH STREET,brooklyn,150, 02/12/2020,74 SOUTH 9 STREET
,,,65A SOUTH 10TH STREET,,,,,,,,BERRY STREET-SOUTH 9TH STREET,brooklyn,,,65A SOUTH 10 STREET
3021450018,1,M,440 BERRY STREET,11249,01,07,18,50,34,3341979,BERRY STREET-SOUTH 9TH STREET,brooklyn,150, 02/12/2020,440 BERRY STREET
3021450018,1,,71 SOUTH 10TH STREET,11249,01,07,18,50,34,3341979,BERRY STREET-SOUTH 9TH STREET,brooklyn,150, 02/12/2020,71 SOUTH 10 STREET
3021450008,2,M,46 SOUTH 9TH STREET,11249,01,07,18,50,34,3341978,BERRY STREET-SOUTH 9TH STREET,brooklyn,150, 02/12/2020,46 SOUTH 9 STREET
3021450008,2,M,50 SOUTH 9TH STREET,11249,01,07,18,50,34,3427270,BERRY STREET-SOUTH 9TH STREET,brooklyn,150, 02/12/2020,50 SOUTH 9 STREET
3021450008,2,M,54 SOUTH 9TH STREET,11249,01,07,18,50,34,3427271,BERRY STREET-SOUTH 9TH STREET,brooklyn,150, 02/12/2020,54 SOUTH 9 STREET
3021450008,2,M,58 SOUTH 9TH STREET,11249,01,07,18,50,34,3427272,BERRY STREET-SOUTH 9TH STREET,brooklyn,150, 02/12/2020,58 SOUTH 9 STREET
3021560007,3,M,46 SOUTH 10TH STREET,11249,01,07,18,50,34,3255961,BERRY STREET-SOUTH 9TH STREET,brooklyn,150, 02/12/2020,46 SOUTH 10 STREET
3021560007,3,M,48 SOUTH 10TH STREET,11249,01,07,18,50,34,3255964,BERRY STREET-SOUTH 9TH STREET,brooklyn,150, 02/12/2020,48 SOUTH 10 STREET
3021560007,3,M,52 SOUTH 10TH STREET,11249,01,07,18,50,34,3255965,BERRY STREET-SOUTH 9TH STREET,brooklyn,150, 02/12/2020,52 SOUTH 10 STREET
3021560007,3,M,56 SOUTH 10TH STREET,11249,01,07,18,50,34,3255967,BERRY STREET-SOUTH 9TH STREET,brooklyn,150, 02/12/2020,56 SOUTH 10 STREET
3021560007,3,M,60 SOUTH 10TH STREET,11249,01,07,18,50,34,3346891,BERRY STREET-SOUTH 9TH STREET,brooklyn,150, 02/12/2020,60 SOUTH 10 STREET
3021560007,3,M,64 SOUTH 10TH STREET,11249,01,07,18,50,34,3346892,BERRY STREET-SOUTH 9TH STREET,brooklyn,150, 02/12/2020,64 SOUTH 10 STREET
3021570006,4,M,84 SOUTH 10TH STREET,11249,01,07,18,50,34,3255977,BERRY STREET-SOUTH 9TH STREET,brooklyn,150, 02/12/2020,84 SOUTH 10 STREET
3021570006,4,M,88 SOUTH 10TH STREET,11249,01,07,18,50,34,3255982,BERRY STREET-SOUTH 9TH STREET,brooklyn,150, 02/12/2020,88 SOUTH 10 STREET
3021570006,4,M,92 SOUTH 10TH STREET,11249,01,07,18,50,34,3346893,BERRY STREET-SOUTH 9TH STREET,brooklyn,150, 02/12/2020,92 SOUTH 10 STREET
2022690100,1,,404 BROOK AVENUE,10454,01,14,29,84,08,2090994,BETANCES I,bronx,309, 11/16/2018,404 BROOK AVENUE
2022690100,1,,510 EAST 144TH STREET,10454,01,14,29,84,08,2090994,BETANCES I,bronx,309, 11/16/2018,510 EAST 144 STREET
2022690100,1,M,400 BROOK AVENUE,10454,01,14,29,84,08,2090994,BETANCES I,bronx,309, 11/16/2018,400 BROOK AVENUE
2022690100,10,M,550 EAST 144TH STREET,10454,01,14,29,84,08,2116422,BETANCES I,bronx,309, 11/16/2018,550 EAST 144 STREET
2022690100,11,M,540 EAST 144TH STREET,10454,01,14,29,84,08,2116423,BETANCES I,bronx,309, 11/16/2018,540 EAST 144 STREET
2022690100,12,M,530 EAST 144TH STREET,10454,01,14,29,84,08,2090990,BETANCES I,bronx,309, 11/16/2018,530 EAST 144 STREET
2022690100,13,M,520 EAST 144TH STREET,10454,01,14,29,84,08,2116424,BETANCES I,bronx,309, 11/16/2018,520 EAST 144 STREET
2022690100,2,M,511 EAST 143RD STREET,10454,01,14,29,84,08,2090992,BETANCES I,bronx,309, 11/16/2018,511 EAST 143 STREET
2022690100,3,M,515 EAST 143RD STREET,10454,01,14,29,84,08,2116416,BETANCES I,bronx,309, 11/16/2018,515 EAST 143 STREET
2022690100,4,M,525 EAST 143RD STREET,10454,01,14,29,84,08,2116417,BETANCES I,bronx,309, 11/16/2018,525 EAST 143 STREET
2022690100,5,M,531 EAST 143RD STREET,10454,01,14,29,84,08,2116418,BETANCES I,bronx,309, 11/16/2018,531 EAST 143 STREET
2022690100,6,M,535 EAST 143RD STREET,10454,01,14,29,84,08,2116419,BETANCES I,bronx,309, 11/16/2018,535 EAST 143 STREET
2022690100,7,M,545 EAST 143RD STREET,10454,01,14,29,84,08,2116420,BETANCES I,bronx,309, 11/16/2018,545 EAST 143 STREET
2022690100,8,M,551 EAST 143RD STREET,10454,01,14,29,84,08,2090993,BETANCES I,bronx,309, 11/16/2018,551 EAST 143 STREET
2022690100,8,,555 EAST 143RD STREET,10454,01,14,29,84,08,2090993,BETANCES I,bronx,309, 11/16/2018,555 EAST 143 STREET
2022690100,8,,401 SAINT ANNS AVENUE,10454,01,14,29,84,08,2090993,BETANCES I,bronx,309, 11/16/2018,401 SAINT ANNS AVENUE
2022690100,9,M,560 EAST 144TH STREET,10454,01,14,29,84,08,2090991,BETANCES I,bronx,309, 11/16/2018,560 EAST 144 STREET
2025680012,3,M,700 EAST 140TH STREET,10454,01,14,29,84,08,2091293,"BETANCES II, 13",bronx,51, 11/16/2018,700 EAST 140 STREET
2025680012,3,,690 EAST 140TH STREET,10454,01,14,29,84,08,2091293,"BETANCES II, 13",bronx,51, 11/16/2018,690 EAST 140 STREET
2022820057,1,M,443 EAST 137TH STREET,10454,01,14,29,84,08,2000264,"BETANCES II, 18",bronx,78, 11/16/2018,443 EAST 137 STREET
2022820057,1,M,453 EAST 137TH STREET,10454,01,14,29,84,08,2000264,"BETANCES II, 18",bronx,78, 11/16/2018,453 EAST 137 STREET
2022820057,1,M,455 EAST 137TH STREET,10454,01,14,29,84,08,2000264,"BETANCES II, 18",bronx,78, 11/16/2018,455 EAST 137 STREET
2022820057,1,M,463 EAST 137TH STREET,10454,01,14,29,84,08,2000264,"BETANCES II, 18",bronx,78, 11/16/2018,463 EAST 137 STREET
2022810010,2,,408 EAST 137TH STREET,10454,01,14,29,84,08,2091008,"BETANCES II, 18",bronx,78, 11/16/2018,408 EAST 137 STREET
2022810010,2,M,416 EAST 137TH STREET,10454,01,14,29,84,08,2091008,"BETANCES II, 18",bronx,78, 11/16/2018,416 EAST 137 STREET
2022710001,4,M,505 EAST 144TH STREET,10454,01,15,29,84,08,2000102,"BETANCES II, 9A",bronx,46, 11/16/2018,505 EAST 144 STREET
2022710001,4,M,509 EAST 144TH STREET,10454,01,15,29,84,08,2000102,"BETANCES II, 9A",bronx,46, 11/16/2018,509 EAST 144 STREET
2022710001,4,,511 EAST 144TH STREET,10454,01,15,29,84,08,2000102,"BETANCES II, 9A",bronx,46, 11/16/2018,511 EAST 144 STREET
2022710001,4,M,517 EAST 144TH STREET,10454,01,15,29,84,08,2000102,"BETANCES II, 9A",bronx,46, 11/16/2018,517 EAST 144 STREET
2025680012,4,M,695 EAST 139TH STREET,10454,01,14,29,84,08,2091292,"BETANCES III, 13",bronx,51, 11/16/2018,695 EAST 139 STREET
2022810055,,,451 EAST 136TH STREET,10454,01,14,29,84,08,2000000,"BETANCES III, 18",bronx,19, 11/16/2018,451 EAST 136 STREET
2022810010,6,M,411 EAST 136TH STREET,10454,01,14,29,84,08,2091009,"BETANCES II, 18",bronx,78, 11/16/2018,411 EAST 136 STREET
2022710020,2,M,427 SAINT ANNS AVENUE,10454,01,15,29,84,08,2090998,"BETANCES III, 9A",bronx,26, 11/16/2018,427 SAINT ANNS AVENUE
2022710020,3,M,423 SAINT ANNS AVENUE,10454,01,15,29,84,08,2090997,"BETANCES III, 9A",bronx,26, 11/16/2018,423 SAINT ANNS AVENUE
2022870135,1,M,480 EAST 143RD STREET,10454,01,15,29,84,08,2000433,BETANCES IV,bronx,282, 11/16/2018,480 EAST 143 STREET
2022870135,1,,490 EAST 143RD STREET,10454,01,15,29,84,08,2000433,BETANCES IV,bronx,282, 11/16/2018,490 EAST 143 STREET
2022910023,2,M,433 EAST 146TH STREET,10455,01,15,29,84,08,2091087,BETANCES IV,bronx,282, 11/16/2018,433 EAST 146 STREET
2022910023,2,M,435 EAST 146TH STREET,10455,01,15,29,84,08,2091087,BETANCES IV,bronx,282, 11/16/2018,435 EAST 146 STREET
2022910023,2,M,437 EAST 146TH STREET,10455,01,15,29,84,08,2091087,BETANCES IV,bronx,282, 11/16/2018,437 EAST 146 STREET
2022910023,2,M,439 EAST 146TH STREET,10455,01,15,29,84,08,2091087,BETANCES IV,bronx,282, 11/16/2018,439 EAST 146 STREET
2022910023,2,M,441 EAST 146TH STREET,10455,01,15,29,84,08,2091087,BETANCES IV,bronx,282, 11/16/2018,441 EAST 146 STREET
2022720005,3,,513 EAST 146TH STREET,10455,01,15,29,84,08,2000103,BETANCES IV,bronx,282, 11/16/2018,513 EAST 146 STREET
2022720005,3,M,511 EAST 146TH STREET,10455,01,15,29,84,08,2000103,BETANCES IV,bronx,282, 11/16/2018,511 EAST 146 STREET
2022910023,4,M,417 EAST 146TH STREET,10455,01,15,29,84,08,2091071,BETANCES IV,bronx,282, 11/16/2018,417 EAST 146 STREET
2022910023,4,M,419 EAST 146TH STREET,10455,01,15,29,84,08,2091071,BETANCES IV,bronx,282, 11/16/2018,419 EAST 146 STREET
2022910023,4,M,421 EAST 146TH STREET,10455,01,15,29,84,08,2091071,BETANCES IV,bronx,282, 11/16/2018,421 EAST 146 STREET
2022910023,4,M,423 EAST 146TH STREET,10455,01,15,29,84,08,2091071,BETANCES IV,bronx,282, 11/16/2018,423 EAST 146 STREET
2022910023,4,M,425 EAST 146TH STREET,10455,01,15,29,84,08,2091071,BETANCES IV,bronx,282, 11/16/2018,425 EAST 146 STREET
2022910023,4,M,427 EAST 146TH STREET,10455,01,15,29,84,08,2091071,BETANCES IV,bronx,282, 11/16/2018,427 EAST 146 STREET
2022910023,4,M,429 EAST 146TH STREET,10455,01,15,29,84,08,2091071,BETANCES IV,bronx,282, 11/16/2018,429 EAST 146 STREET
2022910023,4,M,431 EAST 146TH STREET,10455,01,15,29,84,08,2091071,BETANCES IV,bronx,282, 11/16/2018,431 EAST 146 STREET
2022720038,5,,527 EAST 146TH STREET,10455,01,15,29,84,08,2093912,BETANCES IV,bronx,282, 11/16/2018,527 EAST 146 STREET
2022720038,5,M,545 EAST 146TH STREET,10455,01,15,29,84,08,2093912,BETANCES IV,bronx,282, 11/16/2018,545 EAST 146 STREET
2022720038,5,,547 EAST 146TH STREET,10455,01,15,29,84,08,2093912,BETANCES IV,bronx,282, 11/16/2018,547 EAST 146 STREET
2022720038,5,,537 EAST 146TH STREET,10455,01,15,29,84,08,2093912,BETANCES IV,bronx,282, 11/16/2018,537 EAST 146 STREET
2022720005,6,,512 EAST 146TH STREET,10455,01,15,29,84,08,2090711,BETANCES IV,bronx,282, 11/16/2018,512 EAST 146 STREET
2022720005,6,M,510 EAST 146TH STREET,10455,01,15,29,84,08,2090711,BETANCES IV,bronx,282, 11/16/2018,510 EAST 146 STREET
2022720038,7,M,530 EAST 146TH STREET,10455,01,15,29,84,08,2093913,BETANCES IV,bronx,282, 11/16/2018,530 EAST 146 STREET
2022720038,7,,528 EAST 146TH STREET,10455,01,15,29,84,08,2093913,BETANCES IV,bronx,282, 11/16/2018,528 EAST 146 STREET
2022910050,8,M,455 EAST 146TH STREET,10455,01,15,29,84,08,2000513,BETANCES IV,bronx,282, 11/16/2018,455 EAST 146 STREET
2022870026,,,450 EAST 143RD STREET,10454,01,15,29,84,08,2129390,BETANCES V,bronx,100, 11/16/2018,450 EAST 143 STREET
2022720005,1,M,521 EAST 146TH STREET,10455,01,15,29,84,08,2090712,BETANCES IV,bronx,282, 11/16/2018,521 EAST 146 STREET
2022720005,2,M,525 EAST 146TH STREET,10455,01,15,29,84,08,2090713,BETANCES IV,bronx,282, 11/16/2018,525 EAST 146 STREET
2022720038,3,M,521 EAST 145TH STREET,10454,01,15,29,84,08,2093909,BETANCES IV,bronx,282, 11/16/2018,521 EAST 145 STREET
2022720038,3,,525 EAST 145TH STREET,10454,01,15,29,84,08,2093909,BETANCES IV,bronx,282, 11/16/2018,525 EAST 145 STREET
2022910001,1,M,400 EAST 147TH STREET,10455,01,15,29,84,08,2109608,BETANCES VI,bronx,155, 11/16/2018,400 EAST 147 STREET
2022910030,2,M,460 EAST 147TH STREET,10455,01,15,29,84,08,2000508,BETANCES VI,bronx,155, 11/16/2018,460 EAST 147 STREET
2022720119,3,M,550 EAST 147TH STREET,10455,01,15,29,84,08,2116543,BETANCES VI,bronx,155, 11/16/2018,550 EAST 147 STREET
2022910001,4,,474 WILLIS AVENUE,10455,01,15,29,84,08,2000000,BETANCES VI,bronx,155, 11/16/2018,474 WILLIS AVENUE
2022720119,5,,465 SAINT ANNS AVENUE,10455,01,15,29,84,08,2093910,BETANCES VI,bronx,155, 11/16/2018,465 SAINT ANNS AVENUE
1021070059,1,,1943 AMSTERDAM AVENUE,10032,12,13,31,71,10,1062490,BETHUNE GARDENS,manhattan,210, 01/10/2023,1943 AMSTERDAM AVENUE
1021070059,1,M,1945 AMSTERDAM AVENUE,10032,12,13,31,71,10,1062490,BETHUNE GARDENS,manhattan,210, 01/10/2023,1945 AMSTERDAM AVENUE
1021070059,1,,1949 AMSTERDAM AVENUE,10032,12,13,31,71,10,1062490,BETHUNE GARDENS,manhattan,210, 01/10/2023,1949 AMSTERDAM AVENUE
1021070059,1,,1947 AMSTERDAM AVENUE,10032,12,13,31,71,10,1062490,BETHUNE GARDENS,manhattan,210, 01/10/2023,1947 AMSTERDAM AVENUE
2044310001,1,M,2440 BOSTON ROAD,10467,11,15,33,80,13,2093400,BOSTON ROAD PLAZA,bronx,235, 9/26/2024,2440 BOSTON ROAD
2044310001,1,,2430 BOSTON ROAD,10467,11,15,33,80,13,2093400,BOSTON ROAD PLAZA,bronx,235, 9/26/2024,2430 BOSTON ROAD
2044310001,2,,2424 BOSTON ROAD,10467,11,15,33,80,13,2093401,BOSTON ROAD PLAZA,bronx,235, 9/26/2024,2424 BOSTON ROAD
2052630040,1,M,3475 BIVONA STREET,10475,12,16,36,83,12,2093876,BOSTON SECOR,bronx,538, 9/26/2024,3475 BIVONA STREET
2052630040,1,,3485 BIVONA STREET,10475,12,16,36,83,12,2093876,BOSTON SECOR,bronx,538, 9/26/2024,3485 BIVONA STREET
2052630040,2,M,3555 BIVONA STREET,10475,12,16,36,83,12,2093875,BOSTON SECOR,bronx,538, 9/26/2024,3555 BIVONA STREET
2052630040,2,,3545 BIVONA STREET,10475,12,16,36,83,12,2093875,BOSTON SECOR,bronx,538, 9/26/2024,3545 BIVONA STREET
2052630040,2,,3565 BIVONA STREET,10475,12,16,36,83,12,2093875,BOSTON SECOR,bronx,538, 9/26/2024,3565 BIVONA STREET
2052630070,3,,3560 BIVONA STREET,10475,12,16,36,83,12,2093879,BOSTON SECOR,bronx,538, 9/26/2024,3560 BIVONA STREET
2052630070,3,M,3550 BIVONA STREET,10475,12,16,36,83,12,2093879,BOSTON SECOR,bronx,538, 9/26/2024,3550 BIVONA STREET
2052630070,3,,3540 BIVONA STREET,10475,12,16,36,83,12,2093877,BOSTON SECOR,bronx,538, 9/26/2024,3540 BIVONA STREET
2052630070,3,,3580 BIVONA STREET,10475,12,16,36,83,12,2093879,BOSTON SECOR,bronx,538, 9/26/2024,3580 BIVONA STREET
2052630070,3,,3570 BIVONA STREET,10475,12,16,36,83,12,2093879,BOSTON SECOR,bronx,538, 9/26/2024,3570 BIVONA STREET
2052630070,4,,2185 REEDS MILL LANE,10475,12,16,36,83,12,2093877,BOSTON SECOR,bronx,538, 9/26/2024,2185 REEDS MILL LANE
2052630070,4,M,2175 REEDS MILL LANE,10475,12,16,36,83,12,2093877,BOSTON SECOR,bronx,538, 9/26/2024,2175 REEDS MILL LANE
2052630070,5,,2185GAR REEDS MILL LANE,10475,12,16,36,83,12,2112981,BOSTON SECOR,bronx,538, 9/26/2024,2185 REEDS MILL LANE
3034100033,1,M,580 CENTRAL AVENUE,11207,04,07,18,54,37,3326292,BUSHWICK II (GROUPS A & C),brooklyn,300, 7/18/2019,580 CENTRAL AVENUE
3032760001,10,M,140 HIMROD STREET,11221,04,07,18,53,37,3325659,BUSHWICK II (GROUPS A & C),brooklyn,300, 7/18/2019,140 HIMROD STREET
3032760001,11,M,139 HARMAN STREET,11221,04,07,18,53,37,3325658,BUSHWICK II (GROUPS A & C),brooklyn,300, 7/18/2019,139 HARMAN STREET
3032760001,12,M,251 CENTRAL AVENUE,11221,04,07,18,53,37,3325657,BUSHWICK II (GROUPS A & C),brooklyn,300, 7/18/2019,251 CENTRAL AVENUE
3032750047,13,M,270 CENTRAL AVENUE,11221,04,07,18,53,37,3074721,BUSHWICK II (GROUPS A & C),brooklyn,300, 7/18/2019,270 CENTRAL AVENUE
3032850049,14,M,290 CENTRAL AVENUE,11221,04,07,18,53,37,3075041,BUSHWICK II (GROUPS A & C),brooklyn,300, 7/18/2019,290 CENTRAL AVENUE
3032960046,15,M,310 CENTRAL AVENUE,11221,04,07,18,53,37,3075382,BUSHWICK II (GROUPS A & C),brooklyn,300, 7/18/2019,310 CENTRAL AVENUE
3032860001,16,M,250 WILSON AVENUE,11237,04,07,18,53,37,3325686,BUSHWICK II (GROUPS A & C),brooklyn,300, 7/18/2019,250 WILSON AVENUE
3032860001,17,M,190 HARMAN STREET,11221,04,07,18,53,37,3325688,BUSHWICK II (GROUPS A & C),brooklyn,300, 7/18/2019,190 HARMAN STREET
3032860001,18,M,1259 GREENE AVENUE,11221,04,07,18,53,37,3325685,BUSHWICK II (GROUPS A & C),brooklyn,300, 7/18/2019,1259 GREENE AVENUE
3032860001,19,M,140 HARMAN STREET,11221,04,07,18,53,37,3325687,BUSHWICK II (GROUPS A & C),brooklyn,300, 7/18/2019,140 HARMAN STREET
3034100033,2,M,155 ELDERT STREET,11207,04,07,18,54,37,3326291,BUSHWICK II (GROUPS A & C),brooklyn,300, 7/18/2019,155 ELDERT STREET
3032860001,20,M,1229 GREENE AVENUE,11221,04,07,18,53,37,3325684,BUSHWICK II (GROUPS A & C),brooklyn,300, 7/18/2019,1229 GREENE AVENUE
3032860001,21,M,269 CENTRAL AVENUE,11221,04,07,18,53,37,3325683,BUSHWICK II (GROUPS A & C),brooklyn,300, 7/18/2019,269 CENTRAL AVENUE
3032970001,22,M,270 WILSON AVENUE,11237,04,07,18,53,37,3325697,BUSHWICK II (GROUPS A & C),brooklyn,300, 7/18/2019,270 WILSON AVENUE
3033320001,26,M,1201 GATES AVENUE,11221,04,07,18,54,37,3325725,BUSHWICK II (GROUPS B & D),brooklyn,300, 7/18/2019,1201 GATES AVENUE
3033320001,27,M,415 EVERGREEN AVENUE,11221,04,07,18,54,37,3325726,BUSHWICK II (GROUPS B & D),brooklyn,300, 7/18/2019,415 EVERGREEN AVENUE
3033410001,28,M,431 EVERGREEN AVENUE,11221,04,07,18,54,37,3326139,BUSHWICK II (GROUPS B & D),brooklyn,300, 7/18/2019,431 EVERGREEN AVENUE
3033410001,29,M,1210 GATES AVENUE,11221,04,07,18,54,37,3326140,BUSHWICK II (GROUPS B & D),brooklyn,300, 7/18/2019,1210 GATES AVENUE
3033410001,30,M,1230 GATES AVENUE,11221,04,07,18,54,37,3326141,BUSHWICK II (GROUPS B & D),brooklyn,300, 7/18/2019,1230 GATES AVENUE
3033410001,31,M,1240 GATES AVENUE,11221,04,07,18,54,37,3326142,BUSHWICK II (GROUPS B & D),brooklyn,300, 7/18/2019,1240 GATES AVENUE
3033410001,32,M,1260 GATES AVENUE,11221,04,07,18,54,37,3326137,BUSHWICK II (GROUPS B & D),brooklyn,300, 7/18/2019,1260 GATES AVENUE
3033410001,33,M,400 CENTRAL AVENUE,11221,04,07,18,54,37,3326138,BUSHWICK II (GROUPS B & D),brooklyn,300, 7/18/2019,400 CENTRAL AVENUE
3033410001,34,M,143 PALMETTO STREET,11221,04,07,18,54,37,3326146,BUSHWICK II (GROUPS B & D),brooklyn,300, 7/18/2019,143 PALMETTO STREET
3033410001,35,M,125 PALMETTO STREET,11221,04,07,18,54,37,3326145,BUSHWICK II (GROUPS B & D),brooklyn,300, 7/18/2019,125 PALMETTO STREET
3033410001,36,M,105 PALMETTO STREET,11221,04,07,18,54,37,3326144,BUSHWICK II (GROUPS B & D),brooklyn,300, 7/18/2019,105 PALMETTO STREET
3033410001,37,M,95 PALMETTO STREET,11221,04,07,18,54,37,3326143,BUSHWICK II (GROUPS B & D),brooklyn,300, 7/18/2019,95 PALMETTO STREET
3033590029,38,M,440 CENTRAL AVENUE,11221,04,07,18,54,37,3076768,BUSHWICK II (GROUPS B & D),brooklyn,300, 7/18/2019,440 CENTRAL AVENUE
3033420001,39,M,1320 GATES AVENUE,11221,04,07,18,53,37,3326150,BUSHWICK II (GROUPS B & D),brooklyn,300, 7/18/2019,1320 GATES AVENUE
3033420001,40,M,1300 GATES AVENUE,11221,04,07,18,53,37,3326149,BUSHWICK II (GROUPS B & D),brooklyn,300, 7/18/2019,1300 GATES AVENUE
3033420001,41,M,375 CENTRAL AVENUE,11221,04,07,18,53,37,3326148,BUSHWICK II (GROUPS B & D),brooklyn,300, 7/18/2019,375 CENTRAL AVENUE
3033420001,42,M,161 PALMETTO STREET,11221,04,07,18,53,37,3326147,BUSHWICK II (GROUPS B & D),brooklyn,300, 7/18/2019,161 PALMETTO STREET
3033510001,43,M,390 WILSON AVENUE,11221,04,07,18,53,37,3326174,BUSHWICK II (GROUPS B & D),brooklyn,300, 7/18/2019,390 WILSON AVENUE
3033510001,44,M,210 PALMETTO STREET,11221,04,07,18,53,37,3326173,BUSHWICK II (GROUPS B & D),brooklyn,300, 7/18/2019,210 PALMETTO STREET
3033510001,45,M,200 PALMETTO STREET,11221,04,07,18,53,37,3326172,BUSHWICK II (GROUPS B & D),brooklyn,300, 7/18/2019,200 PALMETTO STREET
3033510001,46,M,190 PALMETTO STREET,11221,04,07,18,53,37,3326171,BUSHWICK II (GROUPS B & D),brooklyn,300, 7/18/2019,190 PALMETTO STREET
3033510001,47,M,191 WOODBINE STREET,11221,04,07,18,53,37,3326175,BUSHWICK II (GROUPS B & D),brooklyn,300, 7/18/2019,191 WOODBINE STREET
3033510001,48,M,180 PALMETTO STREET,11221,04,07,18,53,37,3326170,BUSHWICK II (GROUPS B & D),brooklyn,300, 7/18/2019,180 PALMETTO STREET
3033510001,49,M,170 PALMETTO STREET,11221,04,07,18,53,37,3326165,BUSHWICK II (GROUPS B & D),brooklyn,300, 7/18/2019,170 PALMETTO STREET
3033510001,50,M,399 CENTRAL AVENUE,11221,04,07,18,53,37,3326169,BUSHWICK II (GROUPS B & D),brooklyn,300, 7/18/2019,399 CENTRAL AVENUE
3033500028,51,,420 CENTRAL AVENUE,11221,04,07,18,54,37,3076595,BUSHWICK II (GROUPS B & D),brooklyn,300, 7/18/2019,420 CENTRAL AVENUE
3033500028,51,,422 CENTRAL AVENUE,11221,04,07,18,54,37,3076595,BUSHWICK II (GROUPS B & D),brooklyn,300, 7/18/2019,422 CENTRAL AVENUE
3033340001,,,1387 GATES AVENUE,11221,04,07,18,53,37,3342119,BUSHWICK II CDA (GROUP E),brooklyn,276, 7/18/2019,1387 GATES AVENUE
3033340022,,,230 LINDEN STREET,11221,04,07,18,53,37,3000000,BUSHWICK II CDA (GROUP E),brooklyn,276, 7/18/2019,230 LINDEN STREET
3033160001,1,M,176 MENAHAN STREET,11237,04,07,18,53,37,3075907,BUSHWICK II CDA (GROUP E),brooklyn,276, 7/18/2019,176 MENAHAN STREET
3033160001,1,M,172 MENAHAN STREET,11237,04,07,18,53,37,3075907,BUSHWICK II CDA (GROUP E),brooklyn,276, 7/18/2019,172 MENAHAN STREET
3033160001,1,M,319 WILSON AVENUE,11237,04,07,18,53,37,3075907,BUSHWICK II CDA (GROUP E),brooklyn,276, 7/18/2019,319 WILSON AVENUE
3033160001,1,M,323 WILSON AVENUE,11237,04,07,18,53,37,3075907,BUSHWICK II CDA (GROUP E),brooklyn,276, 7/18/2019,323 WILSON AVENUE
3033160001,1,M,327 WILSON AVENUE,11237,04,07,18,53,37,3075907,BUSHWICK II CDA (GROUP E),brooklyn,276, 7/18/2019,327 WILSON AVENUE
3033250001,2,M,242 GROVE STREET,11237,04,07,18,53,37,3338492,BUSHWICK II CDA (GROUP E),brooklyn,276, 7/18/2019,242 GROVE STREET
3033250001,2,M,238 GROVE STREET,11237,04,07,18,53,37,3338492,BUSHWICK II CDA (GROUP E),brooklyn,276, 7/18/2019,238 GROVE STREET
2029280028,1,M,1525 FULTON AVENUE,10457,03,15,32,79,16,2092128,CLAREMONT PARKWAY-FRANKLIN AVENUE,bronx,188, 09/28/2023,1525 FULTON AVENUE
2029280028,1,M,1531 FULTON AVENUE,10457,03,15,32,79,16,2092128,CLAREMONT PARKWAY-FRANKLIN AVENUE,bronx,188, 09/28/2023,1531 FULTON AVENUE
2029280028,1,M,1535 FULTON AVENUE,10457,03,15,32,79,16,2092128,CLAREMONT PARKWAY-FRANKLIN AVENUE,bronx,188, 09/28/2023,1535 FULTON AVENUE
2029280028,1,M,1545 FULTON AVENUE,10457,03,15,32,79,16,2092128,CLAREMONT PARKWAY-FRANKLIN AVENUE,bronx,188, 09/28/2023,1545 FULTON AVENUE
2029280028,1,M,560 CLAREMONT PARKWAY,10457,03,15,32,79,16,2092128,CLAREMONT PARKWAY-FRANKLIN AVENUE,bronx,188, 09/28/2023,560 CLAREMONT PARKWAY
2029280028,1,M,550 CLAREMONT PARKWAY,10457,03,15,32,79,16,2092128,CLAREMONT PARKWAY-FRANKLIN AVENUE,bronx,188, 09/28/2023,550 CLAREMONT PARKWAY
2029280028,1,M,544 CLAREMONT PARKWAY,10457,03,15,32,79,16,2092128,CLAREMONT PARKWAY-FRANKLIN AVENUE,bronx,188, 09/28/2023,544 CLAREMONT PARKWAY
2029280028,2,M,3820 3RD AVENUE,10457,03,15,32,79,16,2092127,CLAREMONT PARKWAY-FRANKLIN AVENUE,bronx,188, 09/28/2023,3820 3 AVENUE
2029280028,2,M,3812 3RD AVENUE,10457,03,15,32,79,16,2092127,CLAREMONT PARKWAY-FRANKLIN AVENUE,bronx,188, 09/28/2023,3812 3 AVENUE
2029280028,2,M,3808 3RD AVENUE,10457,03,15,32,79,16,2092127,CLAREMONT PARKWAY-FRANKLIN AVENUE,bronx,188, 09/28/2023,3808 3 AVENUE
2029280028,2,M,3804 3RD AVENUE,10457,03,15,32,79,16,2092127,CLAREMONT PARKWAY-FRANKLIN AVENUE,bronx,188, 09/28/2023,3804 3 AVENUE
2029280028,2,M,3800 3RD AVENUE,10457,03,15,32,79,16,2092127,CLAREMONT PARKWAY-FRANKLIN AVENUE,bronx,188, 09/28/2023,3800 3 AVENUE
2029310086,3,M,1325 FRANKLIN AVENUE,10456,03,15,32,79,16,2009713,CLAREMONT PARKWAY-FRANKLIN AVENUE,bronx,188, 09/28/2023,1325 FRANKLIN AVENUE
2029310086,3,,1315 FRANKLIN AVENUE,10456,03,15,32,79,16,2009713,CLAREMONT PARKWAY-FRANKLIN AVENUE,bronx,188, 09/28/2023,1315 FRANKLIN AVENUE
3013810013,1,M,1634 STERLING PLACE,11233,08,09,20,55,41,3036910,CROWN HEIGHTS,brooklyn,121, 11/28/2023,1634 STERLING PLACE
3013570068,2,M,1367 SAINT MARKS AVENUE,11233,08,08,20,55,41,3035983,CROWN HEIGHTS,brooklyn,121, 11/28/2023,1367 SAINT MARKS AVENUE
2026800019,1,M,1150 UNION AVENUE,10459,03,15,32,79,17,2005038,DAVIDSON,bronx,175, 09/28/2023,1150 UNION AVENUE
2026800019,1,,1152 UNION AVENUE,10459,03,15,32,79,17,2005038,DAVIDSON,bronx,175, 09/28/2023,1152 UNION AVENUE
2026800019,1,M,818 HOME STREET,10459,03,15,32,79,17,2005038,DAVIDSON,bronx,175, 09/28/2023,818 HOME STREET
2026800019,1,,1221 PROSPECT AVENUE,10459,03,15,32,79,17,2005038,DAVIDSON,bronx,175, 09/28/2023,1221 PROSPECT AVENUE
2026200036,1,,907 EAGLE AVENUE,10456,03,15,32,79,17,2004383,EAGLE AVENUE-EAST 163RD STREET,bronx,66, 09/28/2023,907 EAGLE AVENUE
2026200036,1,M,905 EAGLE AVENUE,10456,03,15,32,79,17,2004383,EAGLE AVENUE-EAST 163RD STREET,bronx,66, 09/28/2023,905 EAGLE AVENUE
2030620021,1,M,2111 LAFONTAINE AVENUE,10457,06,15,32,86,15,2011855,EAST 180TH STREET-MONTEREY AVENUE,bronx,239, 6/24/2025,2111 LAFONTAINE AVENUE
2030620021,1,,2110 MONTEREY AVENUE,10457,06,15,32,86,15,2011855,EAST 180TH STREET-MONTEREY AVENUE,bronx,239, 6/24/2025,2110 MONTEREY AVENUE
2030620021,1,,2125 LAFONTAINE AVENUE,10457,06,15,32,86,15,2011855,EAST 180TH STREET-MONTEREY AVENUE,bronx,239, 6/24/2025,2125 LAFONTAINE AVENUE
2030620021,1,,2100 MONTEREY AVENUE,10457,06,15,32,86,15,2011855,EAST 180TH STREET-MONTEREY AVENUE,bronx,239, 6/24/2025,2100 MONTEREY AVENUE
2030620021,1,M,558 EAST 181ST STREET,10457,06,15,32,86,15,2011855,EAST 180TH STREET-MONTEREY AVENUE,bronx,239, 6/24/2025,558 EAST 181 STREET
2030620021,1,,554 EAST 181ST STREET,10457,06,15,32,86,15,2011855,EAST 180TH STREET-MONTEREY AVENUE,bronx,239, 6/24/2025,554 EAST 181 STREET
2030620021,1,,560 EAST 181ST STREET,10457,06,15,32,86,15,2011855,EAST 180TH STREET-MONTEREY AVENUE,bronx,239, 6/24/2025,560 EAST 181 STREET
2030620021,1,,2120 MONTEREY AVENUE,10457,06,15,32,86,15,2011855,EAST 180TH STREET-MONTEREY AVENUE,bronx,239, 6/24/2025,2120 MONTEREY AVENUE
2030620006,2,,2120 QUARRY ROAD,10457,06,15,32,86,15,2011852,EAST 180TH STREET-MONTEREY AVENUE,bronx,239, 6/24/2025,2120 QUARRY ROAD
,,,1161 ADEE AVENUE,10469,11,15,36,83,12,,EASTCHESTER GARDENS,bronx,877,,1161 ADEE AVENUE
2045810001,1,,1130 BURKE AVENUE,10469,11,15,36,83,12,2093490,EASTCHESTER GARDENS,bronx,877, 3/27/2025,1130 BURKE AVENUE
2045810001,1,M,1134 BURKE AVENUE,10469,11,15,36,83,12,2093490,EASTCHESTER GARDENS,bronx,877, 3/27/2025,1134 BURKE AVENUE
2045810001,1,M,1140 BURKE AVENUE,10469,11,15,36,83,12,2093490,EASTCHESTER GARDENS,bronx,877, 3/27/2025,1140 BURKE AVENUE
2045810001,10,,3016 YATES AVENUE,10469,11,15,36,83,12,2093503,EASTCHESTER GARDENS,bronx,877, 3/27/2025,3016 YATES AVENUE
2045810001,10,M,3020 YATES AVENUE,10469,11,15,36,83,12,2093503,EASTCHESTER GARDENS,bronx,877, 3/27/2025,3020 YATES AVENUE
2045810001,10,M,3010 YATES AVENUE,10469,11,15,36,83,12,2093503,EASTCHESTER GARDENS,bronx,877, 3/27/2025,3010 YATES AVENUE
2045810001,2,M,1160 BURKE AVENUE,10469,11,15,36,83,12,2093496,EASTCHESTER GARDENS,bronx,877, 3/27/2025,1160 BURKE AVENUE
2045810001,2,M,1166 BURKE AVENUE,10469,11,15,36,83,12,2093497,EASTCHESTER GARDENS,bronx,877, 3/27/2025,1166 BURKE AVENUE
2045810001,2,,1170 BURKE AVENUE,10469,11,15,36,83,12,2093497,EASTCHESTER GARDENS,bronx,877, 3/27/2025,1170 BURKE AVENUE
2045810001,3,M,1210 BURKE AVENUE,10469,11,15,36,83,12,2093498,EASTCHESTER GARDENS,bronx,877, 3/27/2025,1210 BURKE AVENUE
2045810001,3,M,1216 BURKE AVENUE,10469,11,15,36,83,12,2093499,EASTCHESTER GARDENS,bronx,877, 3/27/2025,1216 BURKE AVENUE
2045810001,3,,1220 BURKE AVENUE,10469,11,15,36,83,12,2093499,EASTCHESTER GARDENS,bronx,877, 3/27/2025,1220 BURKE AVENUE
2045810001,4,M,1236 BURKE AVENUE,10469,11,15,36,83,12,2093500,EASTCHESTER GARDENS,bronx,877, 3/27/2025,1236 BURKE AVENUE
2045810001,4,,1230 BURKE AVENUE,10469,11,15,36,83,12,2093500,EASTCHESTER GARDENS,bronx,877, 3/27/2025,1230 BURKE AVENUE
,,,1895 SCHIEFFELIN AVENUE,10466,12,16,36,83,12,,EDENWALD,bronx,"2,039",,1895 SCHIEFFELIN AVENUE
2049050001,1,M,1180 GRENADA PLACE,10466,12,16,36,83,12,2093739,EDENWALD,bronx,"2,039", 06/27/2013,1180 GRENADA PLACE
2049050001,1,M,1186 GRENADA PLACE,10466,12,16,36,83,12,2093739,EDENWALD,bronx,"2,039", 06/27/2013,1186 GRENADA PLACE
2049050001,10,M,1166 GRENADA PLACE,10466,12,16,36,83,12,2094149,EDENWALD,bronx,"2,039", 06/27/2013,1166 GRENADA PLACE
2049050001,10,M,1160 GRENADA PLACE,10466,12,16,36,83,12,2094149,EDENWALD,bronx,"2,039", 06/27/2013,1160 GRENADA PLACE
2049050001,11,M,1137 229TH DRIVE NORTH,10466,12,16,36,83,12,2094143,EDENWALD,bronx,"2,039", 06/27/2013,1137 229 DRIVE NORTH
2049050001,11,M,1139 229TH DRIVE NORTH,10466,12,16,36,83,12,2094143,EDENWALD,bronx,"2,039", 06/27/2013,1139 229 DRIVE NORTH
2049050001,12,M,1125 229TH DRIVE NORTH,10466,12,16,36,83,12,2094148,EDENWALD,bronx,"2,039", 06/27/2013,1125 229 DRIVE NORTH
2049050001,12,M,1127 229TH DRIVE NORTH,10466,12,16,36,83,12,2094148,EDENWALD,bronx,"2,039", 06/27/2013,1127 229 DRIVE NORTH
2049050001,13,M,1107 EAST 229TH STREET,10466,12,16,36,83,12,2094146,EDENWALD,bronx,"2,039", 06/27/2013,1107 EAST 229 STREET
2049050001,13,M,1111 EAST 229TH STREET,10466,12,16,36,83,12,2094146,EDENWALD,bronx,"2,039", 06/27/2013,1111 EAST 229 STREET
2049050001,14,M,1135 EAST 229TH STREET,10466,12,16,36,83,12,2094147,EDENWALD,bronx,"2,039", 06/27/2013,1135 EAST 229 STREET
2049050001,14,,1126 229TH DRIVE NORTH,10466,12,16,36,83,12,2094147,EDENWALD,bronx,"2,039", 06/27/2013,1126 229 DRIVE NORTH
2049050001,15,M,1141 EAST 229TH STREET,10466,12,16,36,83,12,2094151,EDENWALD,bronx,"2,039", 06/27/2013,1141 EAST 229 STREET
2049050001,16,,1146 229TH DRIVE NORTH,10466,12,16,36,83,12,2094152,EDENWALD,bronx,"2,039", 06/27/2013,1146 229 DRIVE NORTH
2049050001,16,M,1151 EAST 229TH STREET,10466,12,16,36,83,12,2094152,EDENWALD,bronx,"2,039", 06/27/2013,1151 EAST 229 STREET
2049050001,16,,1145 EAST 229TH STREET,10466,12,16,36,83,12,2094152,EDENWALD,bronx,"2,039", 06/27/2013,1145 EAST 229 STREET
2049050001,17,M,1165 EAST 229TH STREET,10466,12,16,36,83,12,2094153,EDENWALD,bronx,"2,039", 06/27/2013,1165 EAST 229 STREET
2049050001,18,M,1175 EAST 229TH STREET,10466,12,16,36,83,12,2094154,EDENWALD,bronx,"2,039", 06/27/2013,1175 EAST 229 STREET
2049050001,19,M,1189 229TH DRIVE NORTH,10466,12,16,36,83,12,2094155,EDENWALD,bronx,"2,039", 06/27/2013,1189 229 DRIVE NORTH
2049050001,19,M,1195 EAST 229TH STREET,10466,12,16,36,83,12,2094155,EDENWALD,bronx,"2,039", 06/27/2013,1195 EAST 229 STREET
2049050001,2,M,3881 BAYCHESTER AVENUE,10466,12,16,36,83,12,2094142,EDENWALD,bronx,"2,039", 06/27/2013,3881 BAYCHESTER AVENUE
2049050001,2,M,3885 BAYCHESTER AVENUE,10466,12,16,36,83,12,2094142,EDENWALD,bronx,"2,039", 06/27/2013,3885 BAYCHESTER AVENUE
2049050003,20,M,1170 229TH DRIVE SOUTH,10466,12,16,36,83,12,2094150,EDENWALD,bronx,"2,039", 06/27/2013,1170 229 DRIVE SOUTH
2049050003,21,,1135 229TH DRIVE SOUTH,10466,12,16,36,83,12,2094157,EDENWALD,bronx,"2,039", 06/27/2013,1135 229 DRIVE SOUTH
2049050003,21,M,1153 229TH DRIVE SOUTH,10466,12,16,36,83,12,2094157,EDENWALD,bronx,"2,039", 06/27/2013,1153 229 DRIVE SOUTH
2049050003,21,M,1155 229TH DRIVE SOUTH,10466,12,16,36,83,12,2094157,EDENWALD,bronx,"2,039", 06/27/2013,1155 229 DRIVE SOUTH
2049050003,22,,1130 229TH DRIVE SOUTH,10466,12,16,36,83,12,2094156,EDENWALD,bronx,"2,039", 06/27/2013,1130 229 DRIVE SOUTH
2049050003,22,M,1132 229TH DRIVE SOUTH,10466,12,16,36,83,12,2094156,EDENWALD,bronx,"2,039", 06/27/2013,1132 229 DRIVE SOUTH
2049050003,23,M,1128 EAST 229TH STREET,10466,12,16,36,83,12,2094158,EDENWALD,bronx,"2,039", 06/27/2013,1128 EAST 229 STREET
2049050003,23,M,1120 EAST 229TH STREET,10466,12,16,36,83,12,2094158,EDENWALD,bronx,"2,039", 06/27/2013,1120 EAST 229 STREET
2049050003,24,M,4044 LACONIA AVENUE,10466,12,16,36,83,12,2094161,EDENWALD,bronx,"2,039", 06/27/2013,4044 LACONIA AVENUE
2049050003,24,M,4040 LACONIA AVENUE,10466,12,16,36,83,12,2094161,EDENWALD,bronx,"2,039", 06/27/2013,4040 LACONIA AVENUE
2049050003,25,M,4056 LACONIA AVENUE,10466,12,16,36,83,12,2094162,EDENWALD,bronx,"2,039", 06/27/2013,4056 LACONIA AVENUE
2049050003,25,M,4064 LACONIA AVENUE,10466,12,16,36,83,12,2094162,EDENWALD,bronx,"2,039", 06/27/2013,4064 LACONIA AVENUE
2049050003,26,M,4020 LACONIA AVENUE,10466,12,16,36,83,12,2094159,EDENWALD,bronx,"2,039", 06/27/2013,4020 LACONIA AVENUE
2049050003,26,M,4024 LACONIA AVENUE,10466,12,16,36,83,12,2094159,EDENWALD,bronx,"2,039", 06/27/2013,4024 LACONIA AVENUE
2049050003,27,M,4034 LACONIA AVENUE,10466,12,16,36,83,12,2094160,EDENWALD,bronx,"2,039", 06/27/2013,4034 LACONIA AVENUE
2049050003,27,M,4030 LACONIA AVENUE,10466,12,16,36,83,12,2094160,EDENWALD,bronx,"2,039", 06/27/2013,4030 LACONIA AVENUE
2049050003,28,M,1138 229TH DRIVE SOUTH,10466,12,16,36,83,12,2097991,EDENWALD,bronx,"2,039", 06/27/2013,1138 229 DRIVE SOUTH
2049050003,29,M,1154 229TH DRIVE SOUTH,10466,12,16,36,83,12,2094168,EDENWALD,bronx,"2,039", 06/27/2013,1154 229 DRIVE SOUTH
2049050001,3,M,3861 BAYCHESTER AVENUE,10466,12,16,36,83,12,2094141,EDENWALD,bronx,"2,039", 06/27/2013,3861 BAYCHESTER AVENUE
2049050001,3,M,3865 BAYCHESTER AVENUE,10466,12,16,36,83,12,2094141,EDENWALD,bronx,"2,039", 06/27/2013,3865 BAYCHESTER AVENUE
3048180136,1,M,752 FENIMORE STREET,11203,09,09,20,43,40,3107388,FENIMORE-LEFFERTS,brooklyn,36, 11/28/2023,752 FENIMORE STREET
3048180027,10,M,730 FENIMORE STREET,11203,09,09,20,43,40,3107349,FENIMORE-LEFFERTS,brooklyn,36, 11/28/2023,730 FENIMORE STREET
3048180026,11,M,728 FENIMORE STREET,11203,09,09,20,43,40,3107348,FENIMORE-LEFFERTS,brooklyn,36, 11/28/2023,728 FENIMORE STREET
3048180025,12,M,726 FENIMORE STREET,11203,09,09,20,43,40,3107347,FENIMORE-LEFFERTS,brooklyn,36, 11/28/2023,726 FENIMORE STREET
3013300007,13,M,334 LEFFERTS AVENUE,11225,09,09,20,43,40,3035394,FENIMORE-LEFFERTS,brooklyn,36, 11/28/2023,334 LEFFERTS AVENUE
3013300008,14,M,336 LEFFERTS AVENUE,11225,09,09,20,43,40,3035395,FENIMORE-LEFFERTS,brooklyn,36, 11/28/2023,336 LEFFERTS AVENUE
3013300009,15,M,338 LEFFERTS AVENUE,11225,09,09,20,43,40,3035396,FENIMORE-LEFFERTS,brooklyn,36, 11/28/2023,338 LEFFERTS AVENUE
3013300010,16,M,340 LEFFERTS AVENUE,11225,09,09,20,43,40,3035397,FENIMORE-LEFFERTS,brooklyn,36, 11/28/2023,340 LEFFERTS AVENUE
3013300011,17,M,342 LEFFERTS AVENUE,11225,09,09,20,43,40,3035398,FENIMORE-LEFFERTS,brooklyn,36, 11/28/2023,342 LEFFERTS AVENUE
3013300012,18,M,344 LEFFERTS AVENUE,11225,09,09,20,43,40,3035399,FENIMORE-LEFFERTS,brooklyn,36, 11/28/2023,344 LEFFERTS AVENUE
3048180135,2,M,750 FENIMORE STREET,11203,09,09,20,43,40,3107387,FENIMORE-LEFFERTS,brooklyn,36, 11/28/2023,750 FENIMORE STREET
3048180134,3,M,748 FENIMORE STREET,11203,09,09,20,43,40,3107386,FENIMORE-LEFFERTS,brooklyn,36, 11/28/2023,748 FENIMORE STREET
3048180133,4,M,746 FENIMORE STREET,11203,09,09,20,43,40,3107385,FENIMORE-LEFFERTS,brooklyn,36, 11/28/2023,746 FENIMORE STREET
3048180033,5,M,742 FENIMORE STREET,11203,09,09,20,43,40,3107354,FENIMORE-LEFFERTS,brooklyn,36, 11/28/2023,742 FENIMORE STREET
3048180031,6,M,740 FENIMORE STREET,11203,09,09,20,43,40,3107353,FENIMORE-LEFFERTS,brooklyn,36, 11/28/2023,740 FENIMORE STREET
3037240027,,,260 BRADFORD STREET,11207,05,08,19,54,42,3000000,FIORENTINO PLAZA,brooklyn,160, 12/28/2021,260 BRADFORD STREET
3037250001,10,M,320 MILLER AVENUE,11207,05,08,19,54,42,3327009,FIORENTINO PLAZA,brooklyn,160, 12/28/2021,320 MILLER AVENUE
3039930001,11,M,2211 PITKIN AVENUE,11207,05,08,19,54,42,3328463,FIORENTINO PLAZA,brooklyn,160, 12/28/2021,2211 PITKIN AVENUE
3039930001,12,M,2215 PITKIN AVENUE,11207,05,08,19,54,42,3328464,FIORENTINO PLAZA,brooklyn,160, 12/28/2021,2215 PITKIN AVENUE
3039930001,13,M,2221 PITKIN AVENUE,11207,05,08,19,54,42,3328465,FIORENTINO PLAZA,brooklyn,160, 12/28/2021,2221 PITKIN AVENUE
3039930001,13,M,2219 PITKIN AVENUE,11207,05,08,19,54,42,3328465,FIORENTINO PLAZA,brooklyn,160, 12/28/2021,2219 PITKIN AVENUE
3037240029,6,M,2155 PITKIN AVENUE,11207,05,08,19,54,42,3336980,FIORENTINO PLAZA,brooklyn,160, 12/28/2021,2155 PITKIN AVENUE
3037240029,7,M,2165 PITKIN AVENUE,11207,05,08,19,54,42,3336981,FIORENTINO PLAZA,brooklyn,160, 12/28/2021,2165 PITKIN AVENUE
3037250001,8,,2185 PITKIN AVENUE,11207,05,08,19,54,42,3327012,FIORENTINO PLAZA,brooklyn,160, 12/28/2021,2185 PITKIN AVENUE
3037250001,8,M,2189 PITKIN AVENUE,11207,05,08,19,54,42,3327012,FIORENTINO PLAZA,brooklyn,160, 12/28/2021,2189 PITKIN AVENUE
3037250001,8,M,2181 PITKIN AVENUE,11207,05,08,19,54,42,3327012,FIORENTINO PLAZA,brooklyn,160, 12/28/2021,2181 PITKIN AVENUE
3037250001,9,,330 MILLER AVENUE,11207,05,08,19,54,42,3327011,FIORENTINO PLAZA,brooklyn,160, 12/28/2021,330 MILLER AVENUE
3037250001,9,M,340 MILLER AVENUE,11207,05,08,19,54,42,3327011,FIORENTINO PLAZA,brooklyn,160, 12/28/2021,340 MILLER AVENUE
2032610102,1,M,3340 BAILEY AVENUE,10463,08,13,31,81,14,2086835,FORT INDEPENDENCE STREET-HEATH AVENUE,bronx,344, 6/24/2025,3340 BAILEY AVENUE
2032610102,1,,3350 BAILEY AVENUE,10463,08,13,31,81,14,2086835,FORT INDEPENDENCE STREET-HEATH AVENUE,bronx,344, 6/24/2025,3350 BAILEY AVENUE
2032610102,1,,3355 FORT INDEPENDENCE STREET,10463,08,13,31,81,14,2086835,FORT INDEPENDENCE STREET-HEATH AVENUE,bronx,344, 6/24/2025,3355 FORT INDEPENDENCE STREET
2032610102,1,M,3353 FORT INDEPENDENCE STREET,10463,08,13,31,81,14,2086835,FORT INDEPENDENCE STREET-HEATH AVENUE,bronx,344, 6/24/2025,3353 FORT INDEPENDENCE STREET
1021360235,1,M,99 FORT WASHINGTON AVENUE,10032,12,13,31,71,10,1063346,FORT WASHINGTON AVENUE REHAB,manhattan,226, 11/30/2020,99 FORT WASHINGTON AVENUE
2029310070,10,M,1373 FRANKLIN AVENUE,10456,03,15,32,79,16,2009707,FRANKLIN AVENUE I CONVENTIONAL,bronx,61, 11/30/2018,1373 FRANKLIN AVENUE
2029310070,10,,1375 FRANKLIN AVENUE,10456,03,15,32,79,16,2009707,FRANKLIN AVENUE I CONVENTIONAL,bronx,61, 11/30/2018,1375 FRANKLIN AVENUE
2029310066,8,,1383 FRANKLIN AVENUE,10456,03,15,32,79,16,2009705,FRANKLIN AVENUE I CONVENTIONAL,bronx,61, 11/30/2018,1383 FRANKLIN AVENUE
2029310066,8,M,1381 FRANKLIN AVENUE,10456,03,15,32,79,16,2009705,FRANKLIN AVENUE I CONVENTIONAL,bronx,61, 11/30/2018,1381 FRANKLIN AVENUE
2029310068,9,M,1377 FRANKLIN AVENUE,10456,03,15,32,79,16,2009706,FRANKLIN AVENUE I CONVENTIONAL,bronx,61, 11/30/2018,1377 FRANKLIN AVENUE
2029310068,9,,1379 FRANKLIN AVENUE,10456,03,15,32,79,16,2009706,FRANKLIN AVENUE I CONVENTIONAL,bronx,61, 11/30/2018,1379 FRANKLIN AVENUE
,,,1385 FRANKLIN AVENUE,10456,03,15,32,79,16,,FRANKLIN AVENUE II CONVENTIONAL,bronx,45,,1385 FRANKLIN AVENUE
2029350007,4,M,1394 FRANKLIN AVENUE,10456,03,15,32,79,17,2009767,FRANKLIN AVENUE II CONVENTIONAL,bronx,45, 11/30/2018,1394 FRANKLIN AVENUE
2029350005,5,M,1392 FRANKLIN AVENUE,10456,03,15,32,79,17,2009766,FRANKLIN AVENUE II CONVENTIONAL,bronx,45, 11/30/2018,1392 FRANKLIN AVENUE
2029350030,7,M,631 JEFFERSON PLACE,10456,03,15,32,79,17,2009780,FRANKLIN AVENUE III CONVENTIONAL,bronx,15, 11/30/2018,631 JEFFERSON PLACE
1019250015,1,M,182 SAINT NICHOLAS AVENUE,10026,10,13,30,70,09,1058446,GRAMPION,manhattan,35, 11/30/2020,182 SAINT NICHOLAS AVENUE
1020370011,1,M,229 WEST 152ND STREET,10039,10,13,30,71,09,1084157,HARLEM RIVER,manhattan,577, 02/17/2022,229 WEST 152 STREET
1020370011,1,M,225 WEST 152ND STREET,10039,10,13,30,71,09,1084157,HARLEM RIVER,manhattan,577, 02/17/2022,225 WEST 152 STREET
1020370011,1,M,221 WEST 152ND STREET,10039,10,13,30,71,09,1084157,HARLEM RIVER,manhattan,577, 02/17/2022,221 WEST 152 STREET
1020370011,1,M,210T WEST 153RD STREET,10039,10,13,30,71,09,1084157,HARLEM RIVER,manhattan,577, 02/17/2022,210T WEST 153 STREET
1020370011,1,M,210S WEST 153RD STREET,10039,10,13,30,71,09,1084157,HARLEM RIVER,manhattan,577, 02/17/2022,210S WEST 153 STREET
1020370011,1,M,210R WEST 153RD STREET,10039,10,13,30,71,09,1084157,HARLEM RIVER,manhattan,577, 02/17/2022,210R WEST 153 STREET
1020370011,1,M,210Q WEST 153RD STREET,10039,10,13,30,71,09,1084157,HARLEM RIVER,manhattan,577, 02/17/2022,210Q WEST 153 STREET
1020370011,1,M,70 MACOMBS PLACE,10039,10,13,30,71,09,1084157,HARLEM RIVER,manhattan,577, 02/17/2022,70 MACOMBS PLACE
1020370011,2,M,210P WEST 153RD STREET,10039,10,13,30,71,09,1086095,HARLEM RIVER,manhattan,577, 02/17/2022,210P WEST 153 STREET
1020370011,2,M,210N WEST 153RD STREET,10039,10,13,30,71,09,1086095,HARLEM RIVER,manhattan,577, 02/17/2022,210N WEST 153 STREET
1020370011,2,M,210M WEST 153RD STREET,10039,10,13,30,71,09,1086095,HARLEM RIVER,manhattan,577, 02/17/2022,210M WEST 153 STREET
1020370011,2,M,210L WEST 153RD STREET,10039,10,13,30,71,09,1086095,HARLEM RIVER,manhattan,577, 02/17/2022,210L WEST 153 STREET
1020370011,2,M,210K WEST 153RD STREET,10039,10,13,30,71,09,1086095,HARLEM RIVER,manhattan,577, 02/17/2022,210K WEST 153 STREET
1020370011,2,,2650 A C POWELL BOULEVARD,10039,10,13,30,71,09,1086095,HARLEM RIVER,manhattan,577, 02/17/2022,2650 ADAM C POWELL BOULEVARD
1020370011,3,M,211J WEST 151ST STREET,10039,10,13,30,71,09,1084155,HARLEM RIVER,manhattan,577, 02/17/2022,211J WEST 151 STREET
1020370011,3,M,211H WEST 151ST STREET,10039,10,13,30,71,09,1084155,HARLEM RIVER,manhattan,577, 02/17/2022,211H WEST 151 STREET
1020370011,3,,2628 A C POWELL BOULEVARD,10039,10,13,30,71,09,1084155,HARLEM RIVER,manhattan,577, 02/17/2022,2628 ADAM C POWELL BOULEVARD
1020370011,3,,2630 A C POWELL BOULEVARD,10039,10,13,30,71,09,1084155,HARLEM RIVER,manhattan,577, 02/17/2022,2630 ADAM C POWELL BOULEVARD
1020370011,3,,2632 A C POWELL BOULEVARD,10039,10,13,30,71,09,1084155,HARLEM RIVER,manhattan,577, 02/17/2022,2632 ADAM C POWELL BOULEVARD
1020370011,3,M,211G WEST 151ST STREET,10039,10,13,30,71,09,1084155,HARLEM RIVER,manhattan,577, 02/17/2022,211G WEST 151 STREET
1020370011,3,M,211F WEST 151ST STREET,10039,10,13,30,71,09,1084155,HARLEM RIVER,manhattan,577, 02/17/2022,211F WEST 151 STREET
1020370011,3,,2624 A C POWELL BOULEVARD,10039,10,13,30,71,09,1084155,HARLEM RIVER,manhattan,577, 02/17/2022,2624 ADAM C POWELL BOULEVARD
1020370011,3,,2620 A C POWELL BOULEVARD,10039,10,13,30,71,09,1084155,HARLEM RIVER,manhattan,577, 02/17/2022,2620 ADAM C POWELL BOULEVARD
1020370011,3,,2626 A C POWELL BOULEVARD,10039,10,13,30,71,09,1084155,HARLEM RIVER,manhattan,577, 02/17/2022,2626 ADAM C POWELL BOULEVARD
1020370011,3,,2622 A C POWELL BOULEVARD,10039,10,13,30,71,09,1084155,HARLEM RIVER,manhattan,577, 02/17/2022,2622 ADAM C POWELL BOULEVARD
1020370011,3,M,211E WEST 151ST STREET,10039,10,13,30,71,09,1084155,HARLEM RIVER,manhattan,577, 02/17/2022,211E WEST 151 STREET
1020370011,3,,207 WEST 151ST STREET,10039,10,13,30,71,09,1084155,HARLEM RIVER,manhattan,577, 02/17/2022,207 WEST 151 STREET
1020370011,4,M,211D WEST 151ST STREET,10039,10,13,30,71,09,1084154,HARLEM RIVER,manhattan,577, 02/17/2022,211D WEST 151 STREET
1020370011,4,M,211C WEST 151ST STREET,10039,10,13,30,71,09,1084154,HARLEM RIVER,manhattan,577, 02/17/2022,211C WEST 151 STREET
1020370011,4,M,211B WEST 151ST STREET,10039,10,13,30,71,09,1084154,HARLEM RIVER,manhattan,577, 02/17/2022,211B WEST 151 STREET
1020370011,4,M,211A WEST 151ST STREET,10039,10,13,30,71,09,1084154,HARLEM RIVER,manhattan,577, 02/17/2022,211A WEST 151 STREET
1020370011,4,M,220 WEST 152ND STREET,10039,10,13,30,71,09,1084154,HARLEM RIVER,manhattan,577, 02/17/2022,220 WEST 152 STREET
1020370011,4,,224 WEST 152ND STREET,10039,10,13,30,71,09,1084154,HARLEM RIVER,manhattan,577, 02/17/2022,224 WEST 152 STREET
1020370011,4,M,226 WEST 152ND STREET,10039,10,13,30,71,09,1084154,HARLEM RIVER,manhattan,577, 02/17/2022,226 WEST 152 STREET
1020370011,5,,231 WEST 151ST STREET,10039,10,13,30,71,09,1084153,HARLEM RIVER,manhattan,577, 02/17/2022,231 WEST 151 STREET
1020370011,5,M,234 WEST 152ND STREET,10039,10,13,30,71,09,1084153,HARLEM RIVER,manhattan,577, 02/17/2022,234 WEST 152 STREET
1020370011,5,,54 MACOMBS PLACE,10039,10,13,30,71,09,1084153,HARLEM RIVER,manhattan,577, 02/17/2022,54 MACOMBS PLACE
1020370011,5,,58 1/2 MACOMBS PLACE,10039,10,13,30,71,09,1084153,HARLEM RIVER,manhattan,577, 02/17/2022,58 1/2 MACOMBS PLACE
1020370001,8,,295 WEST 151ST STREET,10039,10,13,30,71,09,1060604,HARLEM RIVER II,manhattan,116, 02/17/2022,295 WEST 151 STREET
1020370005,8,,293 WEST 151ST STREET,10039,10,13,30,71,09,1060605,HARLEM RIVER II,manhattan,116, 02/17/2022,293 WEST 151 STREET
1020370005,8,,291 WEST 151ST STREET,10039,10,13,30,71,09,1060605,HARLEM RIVER II,manhattan,116, 02/17/2022,291 WEST 151 STREET
1020370001,8,M,2850 FREDERICK DOUGLASS BOULEVARD,10039,10,13,30,71,09,1060604,HARLEM RIVER II,manhattan,116, 02/17/2022,2850 FREDERICK DOUGLASS BOULEVARD
2028690116,1,M,1930 HARRISON AVENUE,10453,05,13,33,86,14,2008606,HARRISON AVENUE REHAB (GROUP A),bronx,34, 6/24/2025,1930 HARRISON AVENUE
2028690077,1,M,1886 HARRISON AVENUE,10453,05,13,33,86,14,2008603,HARRISON AVENUE REHAB (GROUP B),bronx,150, 6/24/2025,1886 HARRISON AVENUE
2028690110,2,M,1920 HARRISON AVENUE,10453,05,13,33,86,14,2008605,HARRISON AVENUE REHAB (GROUP B),bronx,150, 6/24/2025,1920 HARRISON AVENUE
2028680144,3,M,1925 HARRISON AVENUE,10453,05,13,31,86,14,2008557,HARRISON AVENUE REHAB (GROUP B),bronx,150, 6/24/2025,1925 HARRISON AVENUE
2028690122,4,M,1934 HARRISON AVENUE,10453,05,13,33,86,14,2008607,HARRISON AVENUE REHAB (GROUP B),bronx,150, 6/24/2025,1934 HARRISON AVENUE
2025090018,1,M,1085 ANDERSON AVENUE,10452,04,15,29,77,16,2003149,HIGHBRIDGE REHABS (ANDERSON AVENUE),bronx,135, 11/30/2018,1085 ANDERSON AVENUE
2025140020,2,M,130 WEST 166TH STREET,10452,04,15,29,77,16,2003258,HIGHBRIDGE REHABS (ANDERSON AVENUE),bronx,135, 11/30/2018,130 WEST 166 STREET
2025140015,3,M,134 WEST 166TH STREET,10452,04,15,29,77,16,2003257,HIGHBRIDGE REHABS (ANDERSON AVENUE),bronx,135, 11/30/2018,134 WEST 166 STREET
2025140077,4,M,125 WEST 166TH STREET,10452,04,15,29,77,16,2003279,HIGHBRIDGE REHABS (ANDERSON AVENUE),bronx,135, 11/30/2018,125 WEST 166 STREET
2025140073,,,1125 NELSON AVENUE,10452,04,15,29,77,16,2000000,HIGHBRIDGE REHABS (NELSON AVENUE),bronx,80, 11/30/2018,1125 NELSON AVENUE
2025140072,,,1127 NELSON AVENUE,10452,04,15,29,77,16,2000000,HIGHBRIDGE REHABS (NELSON AVENUE),bronx,80, 11/30/2018,1127 NELSON AVENUE
2025140070,,,1135 NELSON AVENUE,10452,04,15,29,77,16,2000000,HIGHBRIDGE REHABS (NELSON AVENUE),bronx,80, 11/30/2018,1135 NELSON AVENUE
2025150006,1,,1182 NELSON AVENUE,10452,04,15,29,77,16,2003283,HIGHBRIDGE REHABS (NELSON AVENUE),bronx,80, 11/30/2018,1182 NELSON AVENUE
2025150006,1,M,1184 NELSON AVENUE,10452,04,15,29,77,16,2003283,HIGHBRIDGE REHABS (NELSON AVENUE),bronx,80, 11/30/2018,1184 NELSON AVENUE
2025130050,2,M,1144 NELSON AVENUE,10452,04,15,29,77,16,2003251,HIGHBRIDGE REHABS (NELSON AVENUE),bronx,80, 11/30/2018,1144 NELSON AVENUE
2025140067,3,M,1139 NELSON AVENUE,10452,04,15,29,77,16,2003274,HIGHBRIDGE REHABS (NELSON AVENUE),bronx,80, 11/30/2018,1139 NELSON AVENUE
3033150001,1,,331 CENTRAL AVENUE,11221,04,07,18,53,37,3075906,HOPE GARDENS,brooklyn,330, 7/18/2019,331 CENTRAL AVENUE
3033150001,1,M,120 MENAHAN STREET,11221,04,07,18,53,37,3075906,HOPE GARDENS,brooklyn,330, 7/18/2019,120 MENAHAN STREET
3033150001,2,M,140 MENAHAN STREET,11221,04,07,18,53,37,3394310,HOPE GARDENS,brooklyn,330, 7/18/2019,140 MENAHAN STREET
3033150001,3,M,160 MENAHAN STREET,11221,04,07,18,53,37,3342263,HOPE GARDENS,brooklyn,330, 7/18/2019,160 MENAHAN STREET
3033150001,3,,314 WILSON AVENUE,11237,04,07,18,53,37,3342263,HOPE GARDENS,brooklyn,330, 7/18/2019,314 WILSON AVENUE
3033240019,4,M,330 WILSON AVENUE,11221,04,07,18,53,37,3076116,HOPE GARDENS,brooklyn,330, 7/18/2019,330 WILSON AVENUE
3033240019,4,,195 LINDEN STREET,11221,04,07,18,53,37,3076116,HOPE GARDENS,brooklyn,330, 7/18/2019,195 LINDEN STREET
,5,,ADDRESS IS NOT AVAILABLE,,,,,,,,HOPE GARDENS,brooklyn,330, 7/18/2019,ADDRESS IS NOT AVAILABLE
3035110013,,,43 TAPSCOTT STREET,11212,16,09,25,55,41,3000000,HOWARD AVENUE,brooklyn,150, 11/28/2023,43 TAPSCOTT STREET
3035120051,1,M,32 GRAFTON STREET,11212,16,08,25,55,41,3080900,HOWARD AVENUE,brooklyn,150, 11/28/2023,32 GRAFTON STREET
3035120051,1,M,36 GRAFTON STREET,11212,16,08,25,55,41,3080900,HOWARD AVENUE,brooklyn,150, 11/28/2023,36 GRAFTON STREET
3035120051,1,M,40 GRAFTON STREET,11212,16,08,25,55,41,3080900,HOWARD AVENUE,brooklyn,150, 11/28/2023,40 GRAFTON STREET
3035120051,1,M,44 GRAFTON STREET,11212,16,08,25,55,41,3080900,HOWARD AVENUE,brooklyn,150, 11/28/2023,44 GRAFTON STREET
3035120051,1,M,48 GRAFTON STREET,11212,16,08,25,55,41,3080900,HOWARD AVENUE,brooklyn,150, 11/28/2023,48 GRAFTON STREET
3035120021,2,,575 HOWARD AVENUE,11212,16,08,25,55,41,3326464,HOWARD AVENUE,brooklyn,150, 11/28/2023,575 HOWARD AVENUE
3035120021,2,,571 HOWARD AVENUE,11212,16,08,25,55,41,3326464,HOWARD AVENUE,brooklyn,150, 11/28/2023,571 HOWARD AVENUE
3035120021,2,,579 HOWARD AVENUE,11212,16,08,25,55,41,3326464,HOWARD AVENUE,brooklyn,150, 11/28/2023,579 HOWARD AVENUE
3035120021,2,M,583 HOWARD AVENUE,11212,16,08,25,55,41,3326464,HOWARD AVENUE,brooklyn,150, 11/28/2023,583 HOWARD AVENUE
3035120021,2,M,587 HOWARD AVENUE,11212,16,08,25,55,41,3326464,HOWARD AVENUE,brooklyn,150, 11/28/2023,587 HOWARD AVENUE
3035120021,2,M,591 HOWARD AVENUE,11212,16,08,25,55,41,3326464,HOWARD AVENUE,brooklyn,150, 11/28/2023,591 HOWARD AVENUE
3035120021,2,M,595 HOWARD AVENUE,11212,16,08,25,55,41,3326464,HOWARD AVENUE,brooklyn,150, 11/28/2023,595 HOWARD AVENUE
3035120021,2,M,599 HOWARD AVENUE,11212,16,08,25,55,41,3326464,HOWARD AVENUE,brooklyn,150, 11/28/2023,599 HOWARD AVENUE
3035120021,2,M,603 HOWARD AVENUE,11212,16,08,25,55,41,3326464,HOWARD AVENUE,brooklyn,150, 11/28/2023,603 HOWARD AVENUE
3035120021,2,M,607 HOWARD AVENUE,11212,16,08,25,55,41,3326464,HOWARD AVENUE,brooklyn,150, 11/28/2023,607 HOWARD AVENUE
3035120021,2,M,611 HOWARD AVENUE,11212,16,08,25,55,41,3326464,HOWARD AVENUE,brooklyn,150, 11/28/2023,611 HOWARD AVENUE
3035110022,3,M,574 HOWARD AVENUE,11212,16,09,25,55,41,3326462,HOWARD AVENUE,brooklyn,150, 11/28/2023,574 HOWARD AVENUE
3014710055,,,1481 EASTERN PARKWAY,11233,16,09,25,55,41,3039465,HOWARD AVENUE-PARK PLACE,brooklyn,156, 11/28/2023,1481 EASTERN PARKWAY
3014710053,,,1483 EASTERN PARKWAY,11233,16,09,25,55,41,3039464,HOWARD AVENUE-PARK PLACE,brooklyn,156, 11/28/2023,1483 EASTERN PARKWAY
3014710053,,,1485 EASTERN PARKWAY,11233,16,09,25,55,41,3039464,HOWARD AVENUE-PARK PLACE,brooklyn,156, 11/28/2023,1485 EASTERN PARKWAY
,,,1695 SAINT JOHNS PLACE,11233,16,09,25,55,41,,HOWARD AVENUE-PARK PLACE,brooklyn,,,1695 SAINT JOHNS PLACE
,,,1697 SAINT JOHNS PLACE,11233,16,09,25,55,41,,HOWARD AVENUE-PARK PLACE,brooklyn,,,1697 SAINT JOHNS PLACE
,,,1701 SAINT JOHNS PLACE,11233,16,09,25,55,41,,HOWARD AVENUE-PARK PLACE,brooklyn,,,1701 SAINT JOHNS PLACE
3014700048,,,1703 SAINT JOHNS PLACE,11233,16,09,25,55,41,3000000,HOWARD AVENUE-PARK PLACE,brooklyn,156, 11/28/2023,1703 SAINT JOHNS PLACE
3014700024,,,1738 STERLING PLACE,11233,16,09,25,55,41,3000000,HOWARD AVENUE-PARK PLACE,brooklyn,156, 11/28/2023,1738 STERLING PLACE
3014700025,,,1740 STERLING PLACE,11233,16,09,25,55,41,3039431,HOWARD AVENUE-PARK PLACE,brooklyn,156, 11/28/2023,1740 STERLING PLACE
3014710061,,,1747 SAINT JOHNS PLACE,11233,16,09,25,55,41,3000000,HOWARD AVENUE-PARK PLACE,brooklyn,156, 11/28/2023,1747 SAINT JOHNS PLACE
3014710059,,,1749 SAINT JOHNS PLACE,11233,16,09,25,55,41,3348347,HOWARD AVENUE-PARK PLACE,brooklyn,156, 11/28/2023,1749 SAINT JOHNS PLACE
3014710059,,,1751 SAINT JOHNS PLACE,11233,16,09,25,55,41,3348347,HOWARD AVENUE-PARK PLACE,brooklyn,156, 11/28/2023,1751 SAINT JOHNS PLACE
3014710059,,,1753 SAINT JOHNS PLACE,11233,16,09,25,55,41,3348347,HOWARD AVENUE-PARK PLACE,brooklyn,156, 11/28/2023,1753 SAINT JOHNS PLACE
3014710057,,,1755 SAINT JOHNS PLACE,11233,16,09,25,55,41,3348348,HOWARD AVENUE-PARK PLACE,brooklyn,156, 11/28/2023,1755 SAINT JOHNS PLACE
3014710057,,,1757 SAINT JOHNS PLACE,11233,16,09,25,55,41,3348348,HOWARD AVENUE-PARK PLACE,brooklyn,156, 11/28/2023,1757 SAINT JOHNS PLACE
,,,1758 STERLING PLACE,11233,16,09,25,55,41,,HOWARD AVENUE-PARK PLACE,brooklyn,,,1758 STERLING PLACE
3014660042,,,486 HOWARD AVENUE,11233,16,09,25,55,41,3000000,HOWARD AVENUE-PARK PLACE,brooklyn,156, 11/28/2023,486 HOWARD AVENUE
3014660043,,,488 HOWARD AVENUE,11233,16,09,25,55,41,3000000,HOWARD AVENUE-PARK PLACE,brooklyn,156, 11/28/2023,488 HOWARD AVENUE
3014660044,,,490 HOWARD AVENUE,11233,16,09,25,55,41,3332073,HOWARD AVENUE-PARK PLACE,brooklyn,156, 11/28/2023,490 HOWARD AVENUE
3014660045,,,492 HOWARD AVENUE,11233,16,09,25,55,41,3332074,HOWARD AVENUE-PARK PLACE,brooklyn,156, 11/28/2023,492 HOWARD AVENUE
3014700037,,,500 HOWARD AVENUE,11233,16,09,25,55,41,3000000,HOWARD AVENUE-PARK PLACE,brooklyn,156, 11/28/2023,500 HOWARD AVENUE
3014700038,,,502 HOWARD AVENUE,11233,16,09,25,55,41,3000000,HOWARD AVENUE-PARK PLACE,brooklyn,156, 11/28/2023,502 HOWARD AVENUE
,,,514 HOWARD AVENUE,11233,16,09,25,55,41,,HOWARD AVENUE-PARK PLACE,brooklyn,,,514 HOWARD AVENUE
,,,,,,,,,,,HOWARD AVENUE-PARK PLACE,brooklyn,,,
3014660049,1,M,1761 STERLING PLACE,11233,16,09,25,55,41,3424875,HOWARD AVENUE-PARK PLACE,brooklyn,156, 11/28/2023,1761 STERLING PLACE
3014660049,1,M,1761A STERLING PLACE,11233,16,09,25,55,41,3424875,HOWARD AVENUE-PARK PLACE,brooklyn,156, 11/28/2023,1761A STERLING PLACE
3014660049,1,M,1761B STERLING PLACE,11233,16,09,25,55,41,3039386,HOWARD AVENUE-PARK PLACE,brooklyn,156, 11/28/2023,1761B STERLING PLACE
3014660047,1,M,1763 STERLING PLACE,11233,16,09,25,55,41,3427324,HOWARD AVENUE-PARK PLACE,brooklyn,156, 11/28/2023,1763 STERLING PLACE
3014660047,1,M,1763A STERLING PLACE,11233,16,09,25,55,41,3427324,HOWARD AVENUE-PARK PLACE,brooklyn,156, 11/28/2023,1763A STERLING PLACE
3014660047,1,M,1763B STERLING PLACE,11233,16,09,25,55,41,3427324,HOWARD AVENUE-PARK PLACE,brooklyn,156, 11/28/2023,1763B STERLING PLACE
3014660047,1,M,1765 STERLING PLACE,11233,16,09,25,55,41,3427325,HOWARD AVENUE-PARK PLACE,brooklyn,156, 11/28/2023,1765 STERLING PLACE
3014660047,1,M,1765A STERLING PLACE,11233,16,09,25,55,41,3427325,HOWARD AVENUE-PARK PLACE,brooklyn,156, 11/28/2023,1765A STERLING PLACE
3014660047,1,M,1765B STERLING PLACE,11233,16,09,25,55,41,3427325,HOWARD AVENUE-PARK PLACE,brooklyn,156, 11/28/2023,1765B STERLING PLACE
3014660047,1,M,1767 STERLING PLACE,11233,16,09,25,55,41,3427326,HOWARD AVENUE-PARK PLACE,brooklyn,156, 11/28/2023,1767 STERLING PLACE
3014660047,1,M,1767A STERLING PLACE,11233,16,09,25,55,41,3427326,HOWARD AVENUE-PARK PLACE,brooklyn,156, 11/28/2023,1767A STERLING PLACE
3014660047,1,,1767B STERLING PLACE,11233,16,09,25,55,41,3427326,HOWARD AVENUE-PARK PLACE,brooklyn,156, 11/28/2023,1767B STERLING PLACE
3014660049,1,,496 HOWARD AVENUE,11233,16,09,25,55,41,3039386,HOWARD AVENUE-PARK PLACE,brooklyn,156, 11/28/2023,496 HOWARD AVENUE
3014660049,1,,494 HOWARD AVENUE,11233,16,09,25,55,41,3039386,HOWARD AVENUE-PARK PLACE,brooklyn,156, 11/28/2023,494 HOWARD AVENUE
3014700033,2,M,1766 STERLING PLACE,11233,16,09,25,55,41,3348335,HOWARD AVENUE-PARK PLACE,brooklyn,156, 11/28/2023,1766 STERLING PLACE
3021720001,1,,83 TAYLOR STREET,11249,01,07,18,50,34,3334990,INDEPENDENCE,brooklyn,744, 02/12/2020,83 TAYLOR STREET
3021720001,1,M,85 TAYLOR STREET,11249,01,07,18,50,34,3334990,INDEPENDENCE,brooklyn,744, 02/12/2020,85 TAYLOR STREET
3021720001,2,,128 CLYMER STREET,11249,01,07,18,50,34,3334991,INDEPENDENCE,brooklyn,744, 02/12/2020,128 CLYMER STREET
3021720001,2,M,130 CLYMER STREET,11249,01,07,18,50,34,3334991,INDEPENDENCE,brooklyn,744, 02/12/2020,130 CLYMER STREET
3021720001,3,,140 CLYMER STREET,11249,01,07,18,50,34,3334989,INDEPENDENCE,brooklyn,744, 02/12/2020,140 CLYMER STREET
3021720001,3,,123 TAYLOR STREET,11249,01,07,18,50,34,3334989,INDEPENDENCE,brooklyn,744, 02/12/2020,123 TAYLOR STREET
3021720001,3,M,125 TAYLOR STREET,11249,01,07,18,50,34,3334989,INDEPENDENCE,brooklyn,744, 02/12/2020,125 TAYLOR STREET
3021720001,3,,119 TAYLOR STREET,11249,01,07,18,50,34,3334989,INDEPENDENCE,brooklyn,744, 02/12/2020,119 TAYLOR STREET
3021760001,4,,119 WILSON STREET,11249,01,07,18,50,34,3059905,INDEPENDENCE,brooklyn,744, 02/12/2020,119 WILSON STREET
3021760001,4,,114 TAYLOR STREET,11249,01,07,18,50,34,3059905,INDEPENDENCE,brooklyn,744, 02/12/2020,114 TAYLOR STREET
3021760001,4,M,121 WILSON STREET,11249,01,07,18,50,34,3059905,INDEPENDENCE,brooklyn,744, 02/12/2020,121 WILSON STREET
3021760001,5,,97 WILSON STREET,11249,01,07,18,50,34,3341986,INDEPENDENCE,brooklyn,744, 02/12/2020,97 WILSON STREET
3021760001,5,,110 TAYLOR STREET,11249,01,07,18,50,34,3341989,INDEPENDENCE,brooklyn,744, 02/12/2020,110 TAYLOR STREET
3021760001,5,,95 WILSON STREET,11249,01,07,18,50,34,3341986,INDEPENDENCE,brooklyn,744, 02/12/2020,95 WILSON STREET
3021760001,5,M,99 WILSON STREET,11249,01,07,18,50,34,3341986,INDEPENDENCE,brooklyn,744, 02/12/2020,99 WILSON STREET
3021760001,6,M,75 WILSON STREET,11249,01,07,18,50,34,3341987,INDEPENDENCE,brooklyn,744, 02/12/2020,75 WILSON STREET
3021760001,6,,73 WILSON STREET,11249,01,07,18,50,34,3341987,INDEPENDENCE,brooklyn,744, 02/12/2020,73 WILSON STREET
3046710007,1,M,1142 LENOX ROAD,11212,17,09,19,58,41,3101906,LENOX ROAD-ROCKAWAY PARKWAY,brooklyn,74, 11/28/2023,1142 LENOX ROAD
3046720001,2,M,1144 LENOX ROAD,11212,17,09,19,55,41,3101952,LENOX ROAD-ROCKAWAY PARKWAY,brooklyn,74, 11/28/2023,1144 LENOX ROAD
3046520045,3,M,1145 LENOX ROAD,11212,17,09,19,55,41,3101290,LENOX ROAD-ROCKAWAY PARKWAY,brooklyn,74, 11/28/2023,1145 LENOX ROAD
3043710001,1,M,570 STANLEY AVENUE,11207,05,08,19,60,42,3324019,LINDEN,brooklyn,"1,586", 12/28/2021,570 STANLEY AVENUE
3043930001,10,M,190 WORTMAN AVENUE,11207,05,08,19,60,42,3337067,LINDEN,brooklyn,"1,586", 12/28/2021,190 WORTMAN AVENUE
3043930001,11,M,240 WORTMAN AVENUE,11207,05,08,19,60,42,3337068,LINDEN,brooklyn,"1,586", 12/28/2021,240 WORTMAN AVENUE
3043930001,12,M,250 WORTMAN AVENUE,11207,05,08,19,60,42,3337069,LINDEN,brooklyn,"1,586", 12/28/2021,250 WORTMAN AVENUE
3043930001,13,M,245 COZINE AVENUE,11207,05,08,19,60,42,3337065,LINDEN,brooklyn,"1,586", 12/28/2021,245 COZINE AVENUE
3043930001,14,M,215 COZINE AVENUE,11207,05,08,19,60,42,3337062,LINDEN,brooklyn,"1,586", 12/28/2021,215 COZINE AVENUE
3043930001,14,,213 COZINE AVENUE,11207,05,08,19,60,42,3337062,LINDEN,brooklyn,"1,586", 12/28/2021,213 COZINE AVENUE
3043930001,14,,217 COZINE AVENUE,11207,05,08,19,60,42,3337062,LINDEN,brooklyn,"1,586", 12/28/2021,217 COZINE AVENUE
3043930001,15,M,195 COZINE AVENUE,11207,05,08,19,60,42,3337061,LINDEN,brooklyn,"1,586", 12/28/2021,195 COZINE AVENUE
3043970001,16,M,270 WORTMAN AVENUE,11207,05,08,19,60,42,3324281,LINDEN,brooklyn,"1,586", 12/28/2021,270 WORTMAN AVENUE
3043970001,17,M,300 WORTMAN AVENUE,11207,05,08,19,60,42,3324284,LINDEN,brooklyn,"1,586", 12/28/2021,300 WORTMAN AVENUE
3043970001,18,M,295 COZINE AVENUE,11207,05,08,19,60,42,3324283,LINDEN,brooklyn,"1,586", 12/28/2021,295 COZINE AVENUE
3043970001,19,M,285 COZINE AVENUE,11207,05,08,19,60,42,3324282,LINDEN,brooklyn,"1,586", 12/28/2021,285 COZINE AVENUE
3043710001,2,M,580 STANLEY AVENUE,11207,05,08,19,60,42,3324020,LINDEN,brooklyn,"1,586", 12/28/2021,580 STANLEY AVENUE
3043750050,20,,696 STANLEY AVENUE,11207,05,08,19,60,42,3396477,LINDEN,brooklyn,"1,586", 12/28/2021,696 STANLEY AVENUE
3043750050,21,,670 STANLEY AVENUE,11207,05,08,19,60,42,3412949,LINDEN,brooklyn,"1,586", 12/28/2021,670 STANLEY AVENUE
3043710001,3,M,630 STANLEY AVENUE,11207,05,08,19,60,42,3324015,LINDEN,brooklyn,"1,586", 12/28/2021,630 STANLEY AVENUE
3043710001,4,M,640 STANLEY AVENUE,11207,05,08,19,60,42,3324018,LINDEN,brooklyn,"1,586", 12/28/2021,640 STANLEY AVENUE
3043710001,5,,247 WORTMAN AVENUE,11207,05,08,19,60,42,3324016,LINDEN,brooklyn,"1,586", 12/28/2021,247 WORTMAN AVENUE
3043710001,5,,912 VAN SICLEN AVENUE,11207,05,08,19,60,42,3324016,LINDEN,brooklyn,"1,586", 12/28/2021,912 VAN SICLEN AVENUE
3043710001,5,M,245 WORTMAN AVENUE,11207,05,08,19,60,42,3324016,LINDEN,brooklyn,"1,586", 12/28/2021,245 WORTMAN AVENUE
3043710001,5,,243 WORTMAN AVENUE,11207,05,08,19,60,42,3324016,LINDEN,brooklyn,"1,586", 12/28/2021,243 WORTMAN AVENUE
1019840001,1,,549 WEST 126TH STREET,10027,09,13,30,70,07,1084125,MANHATTANVILLE,manhattan,"1,272", 12/12/2024,549 WEST 126 STREET
1019840001,1,,555 WEST 126TH STREET,10027,09,13,30,70,07,1084125,MANHATTANVILLE,manhattan,"1,272", 12/12/2024,555 WEST 126 STREET
1019840001,1,M,545 WEST 126TH STREET,10027,09,13,30,70,07,1084125,MANHATTANVILLE,manhattan,"1,272", 12/12/2024,545 WEST 126 STREET
1019840001,2,,3240 BROADWAY,10027,09,13,30,70,07,1084124,MANHATTANVILLE,manhattan,"1,272", 12/12/2024,3240 BROADWAY
1019840001,2,M,3250 BROADWAY,10027,09,13,30,70,07,1084124,MANHATTANVILLE,manhattan,"1,272", 12/12/2024,3250 BROADWAY
1019840001,3,,1414 AMSTERDAM AVENUE,10027,09,13,30,70,07,1084127,MANHATTANVILLE,manhattan,"1,272", 12/12/2024,1414 AMSTERDAM AVENUE
1019840001,3,M,1420 AMSTERDAM AVENUE,10027,09,13,30,70,07,1084127,MANHATTANVILLE,manhattan,"1,272", 12/12/2024,1420 AMSTERDAM AVENUE
1019840001,4,M,1430 AMSTERDAM AVENUE,10027,09,13,30,70,07,1084128,MANHATTANVILLE,manhattan,"1,272", 12/12/2024,1430 AMSTERDAM AVENUE
1019840001,5,M,1470 AMSTERDAM AVENUE,10027,09,13,30,70,07,1084129,MANHATTANVILLE,manhattan,"1,272", 12/12/2024,1470 AMSTERDAM AVENUE
1019840001,6,,530 WEST 133RD STREET,10027,09,13,30,70,07,1084130,MANHATTANVILLE,manhattan,"1,272", 12/12/2024,530 WEST 133 STREET
1019840001,6,M,95 OLD BROADWAY,10027,09,13,30,70,07,1084130,MANHATTANVILLE,manhattan,"1,272", 12/12/2024,95 OLD BROADWAY
1019880020,1,M,515 WEST 134TH STREET,10031,09,13,30,70,07,1059758,MANHATTANVILLE REHAB (GROUP 2),manhattan,46, 11/30/2020,515 WEST 134 STREET
1019880022,2,M,511 WEST 134TH STREET,10031,09,13,30,70,07,1059760,MANHATTANVILLE REHAB (GROUP 2),manhattan,46, 11/30/2020,511 WEST 134 STREET
1019880031,3,M,1504 AMSTERDAM AVENUE,10031,09,13,30,70,07,1059765,MANHATTANVILLE REHAB (GROUP 2),manhattan,46, 11/30/2020,1504 AMSTERDAM AVENUE
1019870017,1,M,529 WEST 133RD STREET,10027,09,13,30,70,07,1079738,MANHATTANVILLE REHAB (GROUP 3),manhattan,51, 11/30/2020,529 WEST 133 STREET
1019870017,2,M,514 WEST 134TH STREET,10031,09,13,30,70,07,1079741,MANHATTANVILLE REHAB (GROUP 3),manhattan,51, 11/30/2020,514 WEST 134 STREET
3017980020,1,M,534 GREENE AVENUE,11216,03,08,25,56,36,3426328,MARCY AVENUE-GREENE AVENUE SITE A,brooklyn,48, 02/12/2020,534 GREENE AVENUE
3017980020,1,M,528 GREENE AVENUE,11216,03,08,25,56,36,3426329,MARCY AVENUE-GREENE AVENUE SITE A,brooklyn,48, 02/12/2020,528 GREENE AVENUE
3017980020,1,M,524 GREENE AVENUE,11216,03,08,25,56,36,3392441,MARCY AVENUE-GREENE AVENUE SITE A,brooklyn,48, 02/12/2020,524 GREENE AVENUE
3017980020,1,M,518 GREENE AVENUE,11216,03,08,25,56,36,3392441,MARCY AVENUE-GREENE AVENUE SITE A,brooklyn,48, 02/12/2020,518 GREENE AVENUE
3017980020,2,,325 LEXINGTON AVENUE,11216,03,08,25,56,36,3394299,MARCY AVENUE-GREENE AVENUE SITE A,brooklyn,48, 02/12/2020,325 LEXINGTON AVENUE
3017980020,2,M,323 LEXINGTON AVENUE,11216,03,08,25,56,36,3394299,MARCY AVENUE-GREENE AVENUE SITE A,brooklyn,48, 02/12/2020,323 LEXINGTON AVENUE
3017980020,2,,327 LEXINGTON AVENUE,11216,03,08,25,56,36,3426330,MARCY AVENUE-GREENE AVENUE SITE A,brooklyn,48, 02/12/2020,327 LEXINGTON AVENUE
3017980020,2,M,329 LEXINGTON AVENUE,11216,03,08,25,56,36,3426330,MARCY AVENUE-GREENE AVENUE SITE A,brooklyn,48, 02/12/2020,329 LEXINGTON AVENUE
3017980020,2,M,331 LEXINGTON AVENUE,11216,03,08,25,56,36,3426331,MARCY AVENUE-GREENE AVENUE SITE A,brooklyn,48, 02/12/2020,331 LEXINGTON AVENUE
3017980005,,,303 NOSTRAND AVENUE,11216,03,08,25,56,36,3000000,MARCY AVENUE-GREENE AVENUE SITE B,brooklyn,30, 02/12/2020,303 NOSTRAND AVENUE
3017980077,,,305 LEXINGTON AVENUE,11216,03,08,25,56,36,3343342,MARCY AVENUE-GREENE AVENUE SITE B,brooklyn,30, 02/12/2020,305 LEXINGTON AVENUE
3017980004,,,305 NOSTRAND AVENUE,11216,03,08,25,56,36,3000000,MARCY AVENUE-GREENE AVENUE SITE B,brooklyn,30, 02/12/2020,305 NOSTRAND AVENUE
3017980003,,,307 NOSTRAND AVENUE,11216,03,08,25,56,36,3000000,MARCY AVENUE-GREENE AVENUE SITE B,brooklyn,30, 02/12/2020,307 NOSTRAND AVENUE
3017980002,,,309 NOSTRAND AVENUE,11216,03,08,25,56,36,3000000,MARCY AVENUE-GREENE AVENUE SITE B,brooklyn,30, 02/12/2020,309 NOSTRAND AVENUE
3017980007,,,492 GREENE AVENUE,11216,03,08,25,56,36,3000000,MARCY AVENUE-GREENE AVENUE SITE B,brooklyn,30, 02/12/2020,492 GREENE AVENUE
3017980008,,,494 GREENE AVENUE,11216,03,08,25,56,36,3000000,MARCY AVENUE-GREENE AVENUE SITE B,brooklyn,30, 02/12/2020,494 GREENE AVENUE
3017980009,,,496 GREENE AVENUE,11216,03,08,25,56,36,3000000,MARCY AVENUE-GREENE AVENUE SITE B,brooklyn,30, 02/12/2020,496 GREENE AVENUE
3017980077,3,M,311 LEXINGTON AVENUE,11216,03,08,25,56,36,3343342,MARCY AVENUE-GREENE AVENUE SITE B,brooklyn,30, 02/12/2020,311 LEXINGTON AVENUE
3017980077,3,M,313 LEXINGTON AVENUE,11216,03,08,25,56,36,3343342,MARCY AVENUE-GREENE AVENUE SITE B,brooklyn,30, 02/12/2020,313 LEXINGTON AVENUE
3017980077,3,M,315 LEXINGTON AVENUE,11216,03,08,25,56,36,3426333,MARCY AVENUE-GREENE AVENUE SITE B,brooklyn,30, 02/12/2020,315 LEXINGTON AVENUE
3017980077,3,M,317 LEXINGTON AVENUE,11216,03,08,25,56,36,3426333,MARCY AVENUE-GREENE AVENUE SITE B,brooklyn,30, 02/12/2020,317 LEXINGTON AVENUE
3017980077,3,M,319 LEXINGTON AVENUE,11216,03,08,25,56,36,3426334,MARCY AVENUE-GREENE AVENUE SITE B,brooklyn,30, 02/12/2020,319 LEXINGTON AVENUE
1021160033,1,,1968 AMSTERDAM AVENUE,10032,12,13,31,71,10,1076742,MARSHALL PLAZA,manhattan,180, 01/10/2023,1968 AMSTERDAM AVENUE
1021160033,1,M,1970 AMSTERDAM AVENUE,10032,12,13,31,71,10,1076742,MARSHALL PLAZA,manhattan,180, 01/10/2023,1970 AMSTERDAM AVENUE
2041710024,1,,3031 MIDDLETOWN ROAD,10461,10,14,34,82,13,2046141,MIDDLETOWN PLAZA,bronx,179, 9/26/2024,3031 MIDDLETOWN ROAD
2041710024,1,M,3033 MIDDLETOWN ROAD,10461,10,14,34,82,13,2046141,MIDDLETOWN PLAZA,bronx,179, 9/26/2024,3033 MIDDLETOWN ROAD
2041710024,1,,3035 MIDDLETOWN ROAD,10461,10,14,34,82,13,2046141,MIDDLETOWN PLAZA,bronx,179, 9/26/2024,3035 MIDDLETOWN ROAD
2029440001,1,M,1805 CROTONA AVENUE,10457,06,15,32,79,15,2092142,MURPHY,bronx,281, 12/27/2018,1805 CROTONA AVENUE
2029440001,1,,1807 CROTONA AVENUE,10457,06,15,32,79,15,2092142,MURPHY,bronx,281, 12/27/2018,1807 CROTONA AVENUE
2029440001,2,,1811 CROTONA AVENUE,10457,06,15,32,79,15,2092141,MURPHY,bronx,281, 12/27/2018,1811 CROTONA AVENUE
2029440001,2,,615 CROTONA PARK NORTH,10457,06,15,32,79,15,2092141,MURPHY,bronx,281, 12/27/2018,615 CROTONA PARK NORTH
2029440001,2,M,611 CROTONA PARK NORTH,10457,06,15,32,79,15,2092141,MURPHY,bronx,281, 12/27/2018,611 CROTONA PARK NORTH
2029440001,2,,601 CROTONA PARK NORTH,10457,06,15,32,79,15,2092141,MURPHY,bronx,281, 12/27/2018,601 CROTONA PARK NORTH
4160020001,1,M,54-81 ALMEDA AVENUE,11692,14,05,10,31,31,4436447,OCEAN BAY APARTMENTS (BAYSIDE),queens,"1,395", 12/31/2016,54-81 ALMEDA AVENUE
4160010002,10,M,51-11 ALMEDA AVENUE,11691,14,05,10,31,31,4436442,OCEAN BAY APARTMENTS (BAYSIDE),queens,"1,395", 12/31/2016,51-11 ALMEDA AVENUE
4160010002,11,M,409 BEACH 51ST STREET,11691,14,05,10,31,31,4436436,OCEAN BAY APARTMENTS (BAYSIDE),queens,"1,395", 12/31/2016,409 BEACH 51 STREET
4160010002,12,M,51-24 BEACH CHANNEL DRIVE,11691,14,05,10,31,31,4436440,OCEAN BAY APARTMENTS (BAYSIDE),queens,"1,395", 12/31/2016,51-24 BEACH CHANNEL DRIVE
4160010002,13,M,51-32 BEACH CHANNEL DRIVE,11691,14,05,10,31,31,4436441,OCEAN BAY APARTMENTS (BAYSIDE),queens,"1,395", 12/31/2016,51-32 BEACH CHANNEL DRIVE
4160010002,14,M,410 BEACH 54TH STREET,11692,14,05,10,31,31,4436438,OCEAN BAY APARTMENTS (BAYSIDE),queens,"1,395", 12/31/2016,410 BEACH 54 STREET
4160020001,15,M,411 BEACH 54TH STREET,11692,14,05,10,31,31,4440393,OCEAN BAY APARTMENTS (BAYSIDE),queens,"1,395", 12/31/2016,411 BEACH 54 STREET
4160020001,16,M,54-22 BEACH CHANNEL DRIVE,11692,14,05,10,31,31,4436451,OCEAN BAY APARTMENTS (BAYSIDE),queens,"1,395", 12/31/2016,54-22 BEACH CHANNEL DRIVE
3014310037,1,M,2041 PACIFIC STREET,11233,16,08,25,55,41,3038518,OCEAN HILL-BROWNSVILLE,brooklyn,125, 11/28/2023,2041 PACIFIC STREET
3014310043,2,M,334 HOWARD AVENUE,11233,16,08,25,55,41,3038520,OCEAN HILL-BROWNSVILLE,brooklyn,125, 11/28/2023,334 HOWARD AVENUE
3014310043,2,,336 HOWARD AVENUE,11233,16,08,25,55,41,3038520,OCEAN HILL-BROWNSVILLE,brooklyn,125, 11/28/2023,336 HOWARD AVENUE
3014310039,3,M,324 HOWARD AVENUE,11233,16,08,25,55,41,3038519,OCEAN HILL-BROWNSVILLE,brooklyn,125, 11/28/2023,324 HOWARD AVENUE
3014390010,4,M,2020 PACIFIC STREET,11233,16,08,25,55,41,3038674,OCEAN HILL-BROWNSVILLE,brooklyn,125, 11/28/2023,2020 PACIFIC STREET
3014390001,5,M,2065 DEAN STREET,11233,16,08,25,55,41,3038671,OCEAN HILL-BROWNSVILLE,brooklyn,125, 11/28/2023,2065 DEAN STREET
3033400020,1,M,85 PALMETTO STREET,11221,04,07,18,54,37,3076429,PALMETTO GARDENS,brooklyn,115, 7/18/2019,85 PALMETTO STREET
1017710059,1,M,120 EAST 123RD STREET,10035,11,13,30,68,09,1054420,"PARK AVENUE-EAST 122ND, 123RD STREETS",manhattan,90, 11/30/2020,120 EAST 123 STREET
1017710010,2,M,115 EAST 122ND STREET,10035,11,13,30,68,09,1054411,"PARK AVENUE-EAST 122ND, 123RD STREETS",manhattan,90, 11/30/2020,115 EAST 122 STREET
1017710065,3,,114 EAST 123RD STREET,10035,11,13,30,68,09,1087851,"PARK AVENUE-EAST 122ND, 123RD STREETS",manhattan,90, 11/30/2020,114 EAST 123 STREET
1017710065,3,,116 EAST 123RD STREET,10035,11,13,30,68,09,1087851,"PARK AVENUE-EAST 122ND, 123RD STREETS",manhattan,90, 11/30/2020,116 EAST 123 STREET
3013730034,1,M,1468 PARK PLACE,11213,08,09,20,55,36,3036563,PARK ROCK REHAB,brooklyn,134, 11/28/2023,1468 PARK PLACE
3043690001,1,,895 PENNSYLVANIA AVENUE,11207,05,08,19,60,42,3324011,PENNSYLVANIA AVENUE-WORTMAN AVENUE,brooklyn,336, 12/28/2021,895 PENNSYLVANIA AVENUE
3043690001,1,,879 PENNSYLVANIA AVENUE,11207,05,08,19,60,42,3324011,PENNSYLVANIA AVENUE-WORTMAN AVENUE,brooklyn,336, 12/28/2021,879 PENNSYLVANIA AVENUE
3043690001,1,,881 PENNSYLVANIA AVENUE,11207,05,08,19,60,42,3324011,PENNSYLVANIA AVENUE-WORTMAN AVENUE,brooklyn,336, 12/28/2021,881 PENNSYLVANIA AVENUE
3043690001,1,M,875 PENNSYLVANIA AVENUE,11207,05,08,19,60,42,3324011,PENNSYLVANIA AVENUE-WORTMAN AVENUE,brooklyn,336, 12/28/2021,875 PENNSYLVANIA AVENUE
3043690001,1,,877 PENNSYLVANIA AVENUE,11207,05,08,19,60,42,3324011,PENNSYLVANIA AVENUE-WORTMAN AVENUE,brooklyn,336, 12/28/2021,877 PENNSYLVANIA AVENUE
3043690001,2,M,155 WORTMAN AVENUE,11207,05,08,19,60,42,3324014,PENNSYLVANIA AVENUE-WORTMAN AVENUE,brooklyn,336, 12/28/2021,155 WORTMAN AVENUE
3043690001,3,M,920 VERMONT STREET,11207,05,08,19,60,42,3324013,PENNSYLVANIA AVENUE-WORTMAN AVENUE,brooklyn,336, 12/28/2021,920 VERMONT STREET
3043690011,4,,520 STANLEY AVENUE,11207,05,08,19,60,42,3324010,PENNSYLVANIA AVENUE-WORTMAN AVENUE,brooklyn,336, 12/28/2021,520 STANLEY AVENUE
3043690011,4,,530 STANLEY AVENUE,11207,05,08,19,60,42,3324010,PENNSYLVANIA AVENUE-WORTMAN AVENUE,brooklyn,336, 12/28/2021,530 STANLEY AVENUE
1020080013,1,M,120 WEST 140TH STREET,10030,10,13,30,70,09,1060054,PUBLIC SCHOOL 139 (CONVERSION),manhattan,125, 11/30/2020,120 WEST 140 STREET
3035080034,,,1180 EAST NEW YORK AVENUE,11212,16,09,25,55,41,3000000,RALPH AVENUE REHAB,brooklyn,118, 11/28/2023,1180 EAST NEW YORK AVENUE
3035080036,,,1186 EAST NEW YORK AVENUE,11212,16,09,25,55,41,3000000,RALPH AVENUE REHAB,brooklyn,118, 11/28/2023,1186 EAST NEW YORK AVENUE
3035080041,,,662 RALPH AVENUE,11212,16,09,25,55,41,3080788,RALPH AVENUE REHAB,brooklyn,118, 11/28/2023,662 RALPH AVENUE
3035080038,1,M,1196 EAST NEW YORK AVENUE,11212,16,09,25,55,41,3080787,RALPH AVENUE REHAB,brooklyn,118, 11/28/2023,1196 EAST NEW YORK AVENUE
3035080042,2,M,672 RALPH AVENUE,11212,16,09,25,55,41,3080789,RALPH AVENUE REHAB,brooklyn,118, 11/28/2023,672 RALPH AVENUE
3035080046,3,M,682 RALPH AVENUE,11212,16,09,25,55,41,3080790,RALPH AVENUE REHAB,brooklyn,118, 11/28/2023,682 RALPH AVENUE
3035080050,4,M,692 RALPH AVENUE,11212,16,09,25,55,41,3080791,RALPH AVENUE REHAB,brooklyn,118, 11/28/2023,692 RALPH AVENUE
3035080054,5,M,698 RALPH AVENUE,11212,16,09,25,55,41,3080792,RALPH AVENUE REHAB,brooklyn,118, 11/28/2023,698 RALPH AVENUE
3047950016,1,,681 MAPLE STREET,11203,09,09,20,43,40,3106612,REID APARTMENTS,brooklyn,230, 11/28/2023,681 MAPLE STREET
3047950016,1,,720 EAST NEW YORK AVENUE,11203,09,09,20,43,40,3106612,REID APARTMENTS,brooklyn,230, 11/28/2023,720 EAST NEW YORK AVENUE
3047950016,1,,722 EAST NEW YORK AVENUE,11203,09,09,20,43,40,3106612,REID APARTMENTS,brooklyn,230, 11/28/2023,722 EAST NEW YORK AVENUE
3047950016,1,M,728 EAST NEW YORK AVENUE,11203,09,09,20,43,40,3106612,REID APARTMENTS,brooklyn,230, 11/28/2023,728 EAST NEW YORK AVENUE
3047950016,1,,730 EAST NEW YORK AVENUE,11203,09,09,20,43,40,3106612,REID APARTMENTS,brooklyn,230, 11/28/2023,730 EAST NEW YORK AVENUE
3047950016,1,,726 EAST NEW YORK AVENUE,11203,09,09,20,43,40,3106612,REID APARTMENTS,brooklyn,230, 11/28/2023,726 EAST NEW YORK AVENUE
3045940064,1,M,955 RUTLAND ROAD,11212,17,09,19,58,41,3099358,RUTLAND TOWERS,brooklyn,61, 11/28/2023,955 RUTLAND ROAD
2035930001,1,M,1710 LAFAYETTE AVENUE,10473,09,14,34,85,18,2092700,SACK WERN,bronx,413, 6/26/2024,1710 LAFAYETTE AVENUE
2035930001,2,M,750 CROES AVENUE,10473,09,14,34,85,18,2092699,SACK WERN,bronx,413, 6/26/2024,750 CROES AVENUE
2035930001,3,M,710 CROES AVENUE,10473,09,14,34,85,18,2092698,SACK WERN,bronx,413, 6/26/2024,710 CROES AVENUE
2035930001,4,M,715 NOBLE AVENUE,10473,09,14,34,85,18,2092701,SACK WERN,bronx,413, 6/26/2024,715 NOBLE AVENUE
2035940001,5,M,710 NOBLE AVENUE,10473,09,14,34,85,18,2021985,SACK WERN,bronx,413, 6/26/2024,710 NOBLE AVENUE
2035940001,5,,712 NOBLE AVENUE,10473,09,14,34,85,18,2021985,SACK WERN,bronx,413, 6/26/2024,712 NOBLE AVENUE
2035980017,6,M,740 BEACH AVENUE,10473,09,14,34,85,18,2092707,SACK WERN,bronx,413, 6/26/2024,740 BEACH AVENUE
2035980017,7,M,1810 LAFAYETTE AVENUE,10473,09,14,34,85,18,2092706,SACK WERN,bronx,413, 6/26/2024,1810 LAFAYETTE AVENUE
2035930001,8,,717GAR NOBLE AVENUE,10473,09,14,34,85,18,2112991,SACK WERN,bronx,413, 6/26/2024,717GAR NOBLE AVENUE
1020120023,,,111 WEST 143RD STREET,10030,10,13,30,71,09,1000000,SAMUEL (CITY),manhattan,664, 9/26/2024,111 WEST 143 STREET
1020120023,,,113 WEST 143RD STREET,10030,10,13,30,71,09,1000000,SAMUEL (CITY),manhattan,664, 9/26/2024,113 WEST 143 STREET
1020070044,,,114 WEST 139TH STREET,10030,10,13,30,70,09,1000000,SAMUEL (CITY),manhattan,664, 9/26/2024,114 WEST 139 STREET
1020110008,,,155 WEST 142ND STREET,10030,10,13,30,71,09,1000000,SAMUEL (CITY),manhattan,664, 9/26/2024,155 WEST 142 STREET
1020120009,,,155 WEST 143RD STREET,10030,10,13,30,71,09,1000000,SAMUEL (CITY),manhattan,664, 9/26/2024,155 WEST 143 STREET
1020110007,,,157 WEST 142ND STREET,10030,10,13,30,71,09,1000000,SAMUEL (CITY),manhattan,664, 9/26/2024,157 WEST 142 STREET
1020120009,,,157 WEST 143RD STREET,10030,10,13,30,71,09,1000000,SAMUEL (CITY),manhattan,664, 9/26/2024,157 WEST 143 STREET
1020130026,1,M,109 WEST 144TH STREET,10030,10,13,30,71,09,1060169,SAMUEL (CITY),manhattan,664, 9/26/2024,109 WEST 144 STREET
1020150005,10,M,164 WEST 147TH STREET,10039,10,13,30,71,09,1079768,SAMUEL (CITY),manhattan,664, 9/26/2024,164 WEST 147 STREET
1020150005,10,,2537 A C POWELL BOULEVARD,10039,10,13,30,71,09,1079768,SAMUEL (CITY),manhattan,664, 9/26/2024,2537 ADAM C POWELL BOULEVARD
1020150005,11,M,2533 A C POWELL BOULEVARD,10039,10,13,30,71,09,1079767,SAMUEL (CITY),manhattan,664, 9/26/2024,2533 ADAM C POWELL BOULEVARD
1020150005,12,M,2529 A C POWELL BOULEVARD,10039,10,13,30,71,09,1079766,SAMUEL (CITY),manhattan,664, 9/26/2024,2529 ADAM C POWELL BOULEVARD
1020150005,13,M,2525 A C POWELL BOULEVARD,10039,10,13,30,71,09,1079765,SAMUEL (CITY),manhattan,664, 9/26/2024,2525 ADAM C POWELL BOULEVARD
1020120061,14,M,164 WEST 144TH STREET,10030,10,13,30,71,09,1060155,SAMUEL (CITY),manhattan,664, 9/26/2024,164 WEST 144 STREET
1020120061,14,,2477 A C POWELL BOULEVARD,10030,10,13,30,71,09,1060155,SAMUEL (CITY),manhattan,664, 9/26/2024,2477 ADAM C POWELL BOULEVARD
1020120063,15,M,2473 A C POWELL BOULEVARD,10030,10,13,30,71,09,1060156,SAMUEL (CITY),manhattan,664, 9/26/2024,2473 ADAM C POWELL BOULEVARD
1020120064,16,M,2469 A C POWELL BOULEVARD,10030,10,13,30,71,09,1060157,SAMUEL (CITY),manhattan,664, 9/26/2024,2469 ADAM C POWELL BOULEVARD
1020120003,17,M,2465 A C POWELL BOULEVARD,10030,10,13,30,71,09,1060129,SAMUEL (CITY),manhattan,664, 9/26/2024,2465 ADAM C POWELL BOULEVARD
1020120001,18,,2461 A C POWELL BOULEVARD,10030,10,13,30,71,09,1060128,SAMUEL (CITY),manhattan,664, 9/26/2024,2461 ADAM C POWELL BOULEVARD
1020120001,18,M,167 WEST 143RD STREET,10030,10,13,30,71,09,1060128,SAMUEL (CITY),manhattan,664, 9/26/2024,167 WEST 143 STREET
1020120006,19,M,163 WEST 143RD STREET,10030,10,13,30,71,09,1060130,SAMUEL (CITY),manhattan,664, 9/26/2024,163 WEST 143 STREET
1020130024,2,M,113 WEST 144TH STREET,10030,10,13,30,71,09,1060168,SAMUEL (CITY),manhattan,664, 9/26/2024,113 WEST 144 STREET
1020120008,20,M,159 WEST 143RD STREET,10030,10,13,30,71,09,1060131,SAMUEL (CITY),manhattan,664, 9/26/2024,159 WEST 143 STREET
1020120011,21,M,151 WEST 143RD STREET,10030,10,13,30,71,09,1060132,SAMUEL (CITY),manhattan,664, 9/26/2024,151 WEST 143 STREET
1020120014,22,M,145 WEST 143RD STREET,10030,10,13,30,71,09,1060133,SAMUEL (CITY),manhattan,664, 9/26/2024,145 WEST 143 STREET
1020120015,23,M,143 WEST 143RD STREET,10030,10,13,30,71,09,1060134,SAMUEL (CITY),manhattan,664, 9/26/2024,143 WEST 143 STREET
1020120018,24,M,135 WEST 143RD STREET,10030,10,13,30,71,09,1060136,SAMUEL (CITY),manhattan,664, 9/26/2024,135 WEST 143 STREET
1020120020,25,M,131 WEST 143RD STREET,10030,10,13,30,71,09,1060137,SAMUEL (CITY),manhattan,664, 9/26/2024,131 WEST 143 STREET
1020110033,26,M,649 MALCOLM X BOULEVARD,10037,10,13,30,71,09,1060117,SAMUEL (CITY),manhattan,664, 9/26/2024,649 MALCOLM X BOULEVARD
1020110031,27,M,645 MALCOLM X BOULEVARD,10037,10,13,30,71,09,1060116,SAMUEL (CITY),manhattan,664, 9/26/2024,645 MALCOLM X BOULEVARD
1020110022,28,M,129 WEST 142ND STREET,10030,10,13,30,71,09,1060111,SAMUEL (CITY),manhattan,664, 9/26/2024,129 WEST 142 STREET
1020110015,29,M,141 WEST 142ND STREET,10030,10,13,30,71,09,1060107,SAMUEL (CITY),manhattan,664, 9/26/2024,141 WEST 142 STREET
1020090004,39,M,2405 A C POWELL BOULEVARD,10030,10,13,30,70,09,1060060,SAMUEL (MHOP) I,manhattan,53, 11/30/2020,2405 ADAM C POWELL BOULEVARD
1020090003,40,M,2403 A C POWELL BOULEVARD,10030,10,13,30,70,09,1060059,SAMUEL (MHOP) I,manhattan,53, 11/30/2020,2403 ADAM C POWELL BOULEVARD
1020090001,41,,2401 A C POWELL BOULEVARD,10030,10,13,30,70,09,1060058,SAMUEL (MHOP) I,manhattan,53, 11/30/2020,2401 ADAM C POWELL BOULEVARD
1020090001,41,M,173 WEST 140TH STREET,10030,10,13,30,70,09,1060058,SAMUEL (MHOP) I,manhattan,53, 11/30/2020,173 WEST 140 STREET
1020070057,42,M,138 WEST 139TH STREET,10030,10,13,30,70,09,1060048,SAMUEL (MHOP) I,manhattan,53, 11/30/2020,138 WEST 139 STREET
1020070056,43,M,136 WEST 139TH STREET,10030,10,13,30,70,09,1060047,SAMUEL (MHOP) I,manhattan,53, 11/30/2020,136 WEST 139 STREET
1020070042,46,M,110 WEST 139TH STREET,10030,10,13,30,70,09,1060037,SAMUEL (MHOP) II,manhattan,10, 11/30/2020,110 WEST 139 STREET
1020110009,47,M,151 WEST 142ND STREET,10030,10,13,30,71,09,1076698,SAMUEL (MHOP) III,manhattan,10, 11/30/2020,151 WEST 142 STREET
1020110009,47,,153 WEST 142ND STREET,10030,10,13,30,71,09,1076698,SAMUEL (MHOP) III,manhattan,10, 11/30/2020,153 WEST 142 STREET
2026260001,1,M,845 CAULDWELL AVENUE,10456,01,15,32,79,17,2091326,SOUTH BRONX AREA (SITE 402),bronx,114, 09/28/2023,845 CAULDWELL AVENUE
2026260001,1,M,851 CAULDWELL AVENUE,10456,01,15,32,79,17,2091326,SOUTH BRONX AREA (SITE 402),bronx,114, 09/28/2023,851 CAULDWELL AVENUE
2026260001,1,M,855 CAULDWELL AVENUE,10456,01,15,32,79,17,2091326,SOUTH BRONX AREA (SITE 402),bronx,114, 09/28/2023,855 CAULDWELL AVENUE
2026260001,1,M,861 CAULDWELL AVENUE,10456,01,15,32,79,17,2091326,SOUTH BRONX AREA (SITE 402),bronx,114, 09/28/2023,861 CAULDWELL AVENUE
2026260001,1,M,865 CAULDWELL AVENUE,10456,01,15,32,79,17,2091326,SOUTH BRONX AREA (SITE 402),bronx,114, 09/28/2023,865 CAULDWELL AVENUE
2026260001,2,M,821 CAULDWELL AVENUE,10456,01,15,32,79,17,2091325,SOUTH BRONX AREA (SITE 402),bronx,114, 09/28/2023,821 CAULDWELL AVENUE
2026960005,1,M,839 REV JAMES A POLITE AVENUE,10459,02,14,32,85,17,2092000,STEBBINS AVENUE-HEWITT PLACE,bronx,120, 09/28/2023,839 REV JAMES A POLITE AVENUE
2026960005,1,M,845 REV JAMES A POLITE AVENUE,10459,02,14,32,85,17,2092000,STEBBINS AVENUE-HEWITT PLACE,bronx,120, 09/28/2023,845 REV JAMES A POLITE AVENUE
2026960005,1,M,851 REV JAMES A POLITE AVENUE,10459,02,14,32,85,17,2092000,STEBBINS AVENUE-HEWITT PLACE,bronx,120, 09/28/2023,851 REV JAMES A POLITE AVENUE
2026960005,1,M,857 REV JAMES A POLITE AVENUE,10459,02,14,32,85,17,2092000,STEBBINS AVENUE-HEWITT PLACE,bronx,120, 09/28/2023,857 REV JAMES A POLITE AVENUE
2026960005,1,M,863 REV JAMES A POLITE AVENUE,10459,02,14,32,85,17,2092000,STEBBINS AVENUE-HEWITT PLACE,bronx,120, 09/28/2023,863 REV JAMES A POLITE AVENUE
2026960005,1,M,869 REV JAMES A POLITE AVENUE,10459,02,14,32,85,17,2092000,STEBBINS AVENUE-HEWITT PLACE,bronx,120, 09/28/2023,869 REV JAMES A POLITE AVENUE
2026960005,1,M,875 REV JAMES A POLITE AVENUE,10459,02,14,32,85,17,2092000,STEBBINS AVENUE-HEWITT PLACE,bronx,120, 09/28/2023,875 REV JAMES A POLITE AVENUE
2026960005,1,M,881 REV JAMES A POLITE AVENUE,10459,02,14,32,85,17,2092000,STEBBINS AVENUE-HEWITT PLACE,bronx,120, 09/28/2023,881 REV JAMES A POLITE AVENUE
2026960005,2,M,820 HEWITT PLACE,10459,02,14,32,85,17,2092001,STEBBINS AVENUE-HEWITT PLACE,bronx,120, 09/28/2023,820 HEWITT PLACE
2026960005,2,M,826 HEWITT PLACE,10459,02,14,32,85,17,2092001,STEBBINS AVENUE-HEWITT PLACE,bronx,120, 09/28/2023,826 HEWITT PLACE
2026960005,2,M,832 HEWITT PLACE,10459,02,14,32,85,17,2092001,STEBBINS AVENUE-HEWITT PLACE,bronx,120, 09/28/2023,832 HEWITT PLACE
2026960005,2,M,840 HEWITT PLACE,10459,02,14,32,85,17,2092001,STEBBINS AVENUE-HEWITT PLACE,bronx,120, 09/28/2023,840 HEWITT PLACE
2026960005,2,M,846 HEWITT PLACE,10459,02,14,32,85,17,2092001,STEBBINS AVENUE-HEWITT PLACE,bronx,120, 09/28/2023,846 HEWITT PLACE
2026960005,2,M,852 HEWITT PLACE,10459,02,14,32,85,17,2092001,STEBBINS AVENUE-HEWITT PLACE,bronx,120, 09/28/2023,852 HEWITT PLACE
3013790052,,,1487 SAINT JOHNS PLACE,11213,08,09,20,55,36,3036873,STERLING PLACE REHABS (SAINT JOHNS-STERLING),brooklyn,83, 11/28/2023,1487 SAINT JOHNS PLACE
3013790063,1,M,1483 SAINT JOHNS PLACE,11213,08,09,20,55,36,3036877,STERLING PLACE REHABS (SAINT JOHNS-STERLING),brooklyn,83, 11/28/2023,1483 SAINT JOHNS PLACE
3013790055,2,M,1491 SAINT JOHNS PLACE,11213,08,09,20,55,36,3036875,STERLING PLACE REHABS (SAINT JOHNS-STERLING),brooklyn,83, 11/28/2023,1491 SAINT JOHNS PLACE
3013790031,3,M,1506 STERLING PLACE,11213,08,09,20,55,36,3036861,STERLING PLACE REHABS (SAINT JOHNS-STERLING),brooklyn,83, 11/28/2023,1506 STERLING PLACE
3013730054,4,M,1511 STERLING PLACE,11213,08,09,20,55,36,3036569,STERLING PLACE REHABS (SAINT JOHNS-STERLING),brooklyn,83, 11/28/2023,1511 STERLING PLACE
3013810018,5,M,1640 STERLING PLACE,11233,08,09,20,55,41,3036911,STERLING PLACE REHABS (SAINT JOHNS-STERLING),brooklyn,83, 11/28/2023,1640 STERLING PLACE
3013790008,1,M,1448 STERLING PLACE,11213,08,09,20,55,36,3036855,STERLING PLACE REHABS (STERLING-BUFFALO),brooklyn,125, 11/28/2023,1448 STERLING PLACE
3013790011,2,M,1452 STERLING PLACE,11213,08,09,20,55,36,3036856,STERLING PLACE REHABS (STERLING-BUFFALO),brooklyn,125, 11/28/2023,1452 STERLING PLACE
3013800025,3,M,1568 STERLING PLACE,11213,08,09,20,55,36,3036888,STERLING PLACE REHABS (STERLING-BUFFALO),brooklyn,125, 11/28/2023,1568 STERLING PLACE
3013800028,4,M,1578 STERLING PLACE,11213,08,09,20,55,36,3036889,STERLING PLACE REHABS (STERLING-BUFFALO),brooklyn,125, 11/28/2023,1578 STERLING PLACE
3013800031,5,M,1588 STERLING PLACE,11213,08,09,20,55,36,3036890,STERLING PLACE REHABS (STERLING-BUFFALO),brooklyn,125, 11/28/2023,1588 STERLING PLACE
3013800034,6,M,1598 STERLING PLACE,11213,08,09,20,55,36,3036891,STERLING PLACE REHABS (STERLING-BUFFALO),brooklyn,125, 11/28/2023,1598 STERLING PLACE
3013750002,7,M,225 BUFFALO AVENUE,11213,08,09,20,55,41,3036630,STERLING PLACE REHABS (STERLING-BUFFALO),brooklyn,125, 11/28/2023,225 BUFFALO AVENUE
3035100016,,,2041 UNION STREET,11212,16,09,25,55,41,3000000,SUTTER AVENUE-UNION STREET,brooklyn,100, 11/28/2023,2041 UNION STREET
3035100007,,,2063 UNION STREET,11212,16,09,25,55,41,3000000,SUTTER AVENUE-UNION STREET,brooklyn,100, 11/28/2023,2063 UNION STREET
3035100006,,,2067 UNION STREET,11212,16,09,25,55,41,3000000,SUTTER AVENUE-UNION STREET,brooklyn,100, 11/28/2023,2067 UNION STREET
3035100001,1,M,2069 UNION STREET,11212,16,09,25,55,41,3080820,SUTTER AVENUE-UNION STREET,brooklyn,100, 11/28/2023,2069 UNION STREET
3035100001,1,,2079 UNION STREET,11212,16,09,25,55,41,3080820,SUTTER AVENUE-UNION STREET,brooklyn,100, 11/28/2023,2079 UNION STREET
3035100011,2,M,2045 UNION STREET,11212,16,09,25,55,41,3080825,SUTTER AVENUE-UNION STREET,brooklyn,100, 11/28/2023,2045 UNION STREET
3035100011,2,,2055 UNION STREET,11212,16,09,25,55,41,3080825,SUTTER AVENUE-UNION STREET,brooklyn,100, 11/28/2023,2055 UNION STREET
3035090059,3,,2068 UNION STREET,11212,16,09,25,55,41,3080818,SUTTER AVENUE-UNION STREET,brooklyn,100, 11/28/2023,2068 UNION STREET
3035090059,3,M,2058 UNION STREET,11212,16,09,25,55,41,3080818,SUTTER AVENUE-UNION STREET,brooklyn,100, 11/28/2023,2058 UNION STREET
3035490036,,,182 TAPSCOTT STREET,11212,16,09,19,55,41,3423994,TAPSCOTT STREET REHAB,brooklyn,155, 11/28/2023,182 TAPSCOTT STREET
,,,188 TAPSCOTT STREET,11212,16,09,19,55,41,,TAPSCOTT STREET REHAB,brooklyn,155, 11/28/2023,188 TAPSCOTT STREET
3035490039,,,190 TAPSCOTT STREET,11212,16,09,19,55,41,3081472,TAPSCOTT STREET REHAB,brooklyn,155, 11/28/2023,190 TAPSCOTT STREET
3035490041,,,194 TAPSCOTT STREET,11212,16,09,19,55,41,3000000,TAPSCOTT STREET REHAB,brooklyn,155, 11/28/2023,194 TAPSCOTT STREET
3035340001,1,M,725 HOWARD AVENUE,11212,16,08,25,55,41,3081227,TAPSCOTT STREET REHAB,brooklyn,155, 11/28/2023,725 HOWARD AVENUE
3035500034,2,,738 HOWARD AVENUE,11212,16,09,19,55,41,3081484,TAPSCOTT STREET REHAB,brooklyn,155, 11/28/2023,738 HOWARD AVENUE
3035500034,2,M,728 HOWARD AVENUE,11212,16,09,19,55,41,3081484,TAPSCOTT STREET REHAB,brooklyn,155, 11/28/2023,728 HOWARD AVENUE
3035490033,3,M,170 TAPSCOTT STREET,11212,16,09,19,55,41,3081471,TAPSCOTT STREET REHAB,brooklyn,155, 11/28/2023,170 TAPSCOTT STREET
3035500016,4,,185 TAPSCOTT STREET,11212,16,09,19,55,41,3081483,TAPSCOTT STREET REHAB,brooklyn,155, 11/28/2023,185 TAPSCOTT STREET
3035500016,4,M,175 TAPSCOTT STREET,11212,16,09,19,55,41,3081483,TAPSCOTT STREET REHAB,brooklyn,155, 11/28/2023,175 TAPSCOTT STREET
3035490036,5,M,184 TAPSCOTT STREET,11212,16,09,19,55,41,3423994,TAPSCOTT STREET REHAB,brooklyn,155, 11/28/2023,184 TAPSCOTT STREET
3035500011,6,,197 TAPSCOTT STREET,11212,16,09,19,55,41,3081482,TAPSCOTT STREET REHAB,brooklyn,155, 11/28/2023,197 TAPSCOTT STREET
3035500011,6,M,187 TAPSCOTT STREET,11212,16,09,19,55,41,3081482,TAPSCOTT STREET REHAB,brooklyn,155, 11/28/2023,187 TAPSCOTT STREET
3035490039,7,M,192 TAPSCOTT STREET,11212,16,09,19,55,41,3081472,TAPSCOTT STREET REHAB,brooklyn,155, 11/28/2023,192 TAPSCOTT STREET
3035500006,8,,209 TAPSCOTT STREET,11212,16,09,19,55,41,3081481,TAPSCOTT STREET REHAB,brooklyn,155, 11/28/2023,209 TAPSCOTT STREET
3035500006,8,M,199 TAPSCOTT STREET,11212,16,09,19,55,41,3081481,TAPSCOTT STREET REHAB,brooklyn,155, 11/28/2023,199 TAPSCOTT STREET
,,,N/A OAKLAND PLACE,,,,,,,,TWIN PARKS EAST (SITE 9),bronx,219,,N/A OAKLAND PLACE
2030940014,1,M,2070 CLINTON AVENUE,10457,06,15,32,79,15,2012652,TWIN PARKS EAST (SITE 9),bronx,219, 6/24/2025,2070 CLINTON AVENUE
2031430167,,,2251 WEBSTER AVENUE,10457,05,15,33,86,15,2000000,TWIN PARKS WEST (SITES 1 & 2),bronx,312, 10/31/2018,2251 WEBSTER AVENUE
2031430206,,,2273 WEBSTER AVENUE,10457,05,15,33,86,15,2000000,TWIN PARKS WEST (SITES 1 & 2),bronx,312, 10/31/2018,2273 WEBSTER AVENUE
2031437501,,,2291 WEBSTER AVENUE,10458,05,15,33,86,15,2000000,TWIN PARKS WEST (SITES 1 & 2),bronx,312, 10/31/2018,2291 WEBSTER AVENUE
2031437501,,,2303 WEBSTER AVENUE,10458,05,15,33,86,15,2000000,TWIN PARKS WEST (SITES 1 & 2),bronx,312, 10/31/2018,2303 WEBSTER AVENUE
2031437501,,,371 EAST 183RD STREET,10458,05,15,33,86,15,2130369,TWIN PARKS WEST (SITES 1 & 2),bronx,312, 10/31/2018,371 EAST 183 STREET
2031430206,,,380 EAST 183RD STREET,10458,05,15,33,86,15,2000000,TWIN PARKS WEST (SITES 1 & 2),bronx,312, 10/31/2018,380 EAST 183 STREET
2031430167,,,386 FORD STREET,10457,05,15,33,86,15,2000000,TWIN PARKS WEST (SITES 1 & 2),bronx,312, 10/31/2018,386 FORD STREET
2031437501,,,390 EAST 184TH STREET,10458,05,15,33,86,15,2000000,TWIN PARKS WEST (SITES 1 & 2),bronx,312, 10/31/2018,390 EAST 184 STREET
2031437501,,,394 EAST 184TH STREET,10458,05,15,33,86,15,2000000,TWIN PARKS WEST (SITES 1 & 2),bronx,312, 10/31/2018,394 EAST 184 STREET
2026780001,1,M,950 UNION AVENUE,10459,03,15,32,79,17,2005015,UNION AVENUE-EAST 163RD STREET,bronx,200, 09/28/2023,950 UNION AVENUE
2026800013,1,M,1135 PROSPECT AVENUE,10459,03,15,32,79,17,2091990,UNION AVENUE-EAST 166TH STREET,bronx,120, 09/28/2023,1135 PROSPECT AVENUE
2026800013,2,M,819 EAST 167TH STREET,10459,03,15,32,79,17,2091991,UNION AVENUE-EAST 166TH STREET,bronx,120, 09/28/2023,819 EAST 167 STREET
2026800013,2,M,817 EAST 167TH STREET,10459,03,15,32,79,17,2091991,UNION AVENUE-EAST 166TH STREET,bronx,120, 09/28/2023,817 EAST 167 STREET
2026800013,2,M,815 EAST 167TH STREET,10459,03,15,32,79,17,2091991,UNION AVENUE-EAST 166TH STREET,bronx,120, 09/28/2023,815 EAST 167 STREET
2026800013,2,M,813 EAST 167TH STREET,10459,03,15,32,79,17,2091991,UNION AVENUE-EAST 166TH STREET,bronx,120, 09/28/2023,813 EAST 167 STREET
2026800013,2,M,811 EAST 167TH STREET,10459,03,15,32,79,17,2091991,UNION AVENUE-EAST 166TH STREET,bronx,120, 09/28/2023,811 EAST 167 STREET
2026800001,3,M,1104 UNION AVENUE,10459,03,15,32,79,17,2091986,UNION AVENUE-EAST 166TH STREET,bronx,120, 09/28/2023,1104 UNION AVENUE
2026800001,3,M,1102 UNION AVENUE,10459,03,15,32,79,17,2091986,UNION AVENUE-EAST 166TH STREET,bronx,120, 09/28/2023,1102 UNION AVENUE
2026800001,3,M,1100 UNION AVENUE,10459,03,15,32,79,17,2091986,UNION AVENUE-EAST 166TH STREET,bronx,120, 09/28/2023,1100 UNION AVENUE
2026800001,3,M,1098 UNION AVENUE,10459,03,15,32,79,17,2091986,UNION AVENUE-EAST 166TH STREET,bronx,120, 09/28/2023,1098 UNION AVENUE
2026800001,3,M,1096 UNION AVENUE,10459,03,15,32,79,17,2091986,UNION AVENUE-EAST 166TH STREET,bronx,120, 09/28/2023,1096 UNION AVENUE
2026800001,4,M,815 EAST 166TH STREET,10459,03,15,32,79,17,2091985,UNION AVENUE-EAST 166TH STREET,bronx,120, 09/28/2023,815 EAST 166 STREET
2026800001,4,M,817 EAST 166TH STREET,10459,03,15,32,79,17,2091985,UNION AVENUE-EAST 166TH STREET,bronx,120, 09/28/2023,817 EAST 166 STREET
2026800001,4,M,819 EAST 166TH STREET,10459,03,15,32,79,17,2091985,UNION AVENUE-EAST 166TH STREET,bronx,120, 09/28/2023,819 EAST 166 STREET
2026800001,5,M,822 EAST 167TH STREET,10459,03,15,32,79,17,2091983,UNION AVENUE-EAST 166TH STREET,bronx,120, 09/28/2023,822 EAST 167 STREET
2026800001,5,M,820 EAST 167TH STREET,10459,03,15,32,79,17,2091983,UNION AVENUE-EAST 166TH STREET,bronx,120, 09/28/2023,820 EAST 167 STREET
2026800001,5,M,818 EAST 167TH STREET,10459,03,15,32,79,17,2091983,UNION AVENUE-EAST 166TH STREET,bronx,120, 09/28/2023,818 EAST 167 STREET
2026800001,6,M,1111 PROSPECT AVENUE,10459,03,15,32,79,17,2091984,UNION AVENUE-EAST 166TH STREET,bronx,120, 09/28/2023,1111 PROSPECT AVENUE
2026800001,6,M,1113 PROSPECT AVENUE,10459,03,15,32,79,17,2091984,UNION AVENUE-EAST 166TH STREET,bronx,120, 09/28/2023,1113 PROSPECT AVENUE
2026800001,6,M,1115 PROSPECT AVENUE,10459,03,15,32,79,17,2091984,UNION AVENUE-EAST 166TH STREET,bronx,120, 09/28/2023,1115 PROSPECT AVENUE
2028790032,,,1921 UNIVERSITY AVENUE,10453,05,13,31,86,14,2000000,UNIVERSITY AVENUE REHAB,bronx,230, 6/24/2025,1921 UNIVERSITY AVENUE
2028790043,1,M,1865 UNIVERSITY AVENUE,10453,05,13,31,86,14,2009058,UNIVERSITY AVENUE REHAB,bronx,230, 6/24/2025,1865 UNIVERSITY AVENUE
2028790041,2,M,1875 UNIVERSITY AVENUE,10453,05,13,31,86,14,2009057,UNIVERSITY AVENUE REHAB,bronx,230, 6/24/2025,1875 UNIVERSITY AVENUE
2028790033,3,M,1895 UNIVERSITY AVENUE,10453,05,13,31,86,14,2009055,UNIVERSITY AVENUE REHAB,bronx,230, 6/24/2025,1895 UNIVERSITY AVENUE
2028790030,4,M,1925 UNIVERSITY AVENUE,10453,05,13,31,86,14,2009054,UNIVERSITY AVENUE REHAB,bronx,230, 6/24/2025,1925 UNIVERSITY AVENUE
2028790030,4,M,1927 UNIVERSITY AVENUE,10453,05,13,31,86,14,2009054,UNIVERSITY AVENUE REHAB,bronx,230, 6/24/2025,1927 UNIVERSITY AVENUE
1021320047,1,M,501 WEST 176TH STREET,10033,12,13,31,72,10,1063193,WASHINGTON HEIGHTS REHAB (GROUPS 1&2),manhattan,216, 11/30/2020,501 WEST 176 STREET
1021320047,1,,2340 AMSTERDAM AVENUE,10033,12,13,31,72,10,1063193,WASHINGTON HEIGHTS REHAB (GROUPS 1&2),manhattan,216, 11/30/2020,2340 AMSTERDAM AVENUE
1021320047,1,,2346 AMSTERDAM AVENUE,10033,12,13,31,72,10,1063193,WASHINGTON HEIGHTS REHAB (GROUPS 1&2),manhattan,216, 11/30/2020,2346 AMSTERDAM AVENUE
1021320047,1,M,500 WEST 177TH STREET,10033,12,13,31,72,10,1063193,WASHINGTON HEIGHTS REHAB (GROUPS 1&2),manhattan,216, 11/30/2020,500 WEST 177 STREET
1021320110,2,M,503 WEST 177TH STREET,10033,12,13,31,72,10,1063213,WASHINGTON HEIGHTS REHAB (GROUPS 1&2),manhattan,216, 11/30/2020,503 WEST 177 STREET
1021320114,3,M,511 WEST 177TH STREET,10033,12,13,31,72,10,1063215,WASHINGTON HEIGHTS REHAB (GROUPS 1&2),manhattan,216, 11/30/2020,511 WEST 177 STREET
1021320100,4,,514 WEST 177TH STREET,10033,12,13,31,72,10,1063209,WASHINGTON HEIGHTS REHAB (GROUPS 1&2),manhattan,216, 11/30/2020,514 WEST 177 STREET
1021320100,4,M,506 WEST 177TH STREET,10033,12,13,31,72,10,1063209,WASHINGTON HEIGHTS REHAB (GROUPS 1&2),manhattan,216, 11/30/2020,506 WEST 177 STREET
1021320094,5,M,509 WEST 176TH STREET,10033,12,13,31,72,10,1063207,WASHINGTON HEIGHTS REHAB (GROUPS 1&2),manhattan,216, 11/30/2020,509 WEST 176 STREET
1021100071,2,M,450 WEST 164TH STREET,10032,12,13,31,72,10,1062623,WASHINGTON HEIGHTS REHAB PHASE III (FORT WASHINGTON),manhattan,88, 11/30/2020,450 WEST 164 STREET
1021110038,3,M,457 WEST 164TH STREET,10032,12,13,31,72,10,1062639,WASHINGTON HEIGHTS REHAB PHASE III (FORT WASHINGTON),manhattan,88, 11/30/2020,457 WEST 164 STREET
1021110040,4,M,461 WEST 164TH STREET,10032,12,13,31,72,10,1062640,WASHINGTON HEIGHTS REHAB PHASE III (FORT WASHINGTON),manhattan,88, 11/30/2020,461 WEST 164 STREET
1021110041,5,M,463 WEST 164TH STREET,10032,12,13,31,72,10,1062641,WASHINGTON HEIGHTS REHAB PHASE III (FORT WASHINGTON),manhattan,88, 11/30/2020,463 WEST 164 STREET
1021110042,6,M,465 WEST 164TH STREET,10032,12,13,31,72,10,1062642,WASHINGTON HEIGHTS REHAB PHASE III (FORT WASHINGTON),manhattan,88, 11/30/2020,465 WEST 164 STREET
1021210051,7,M,500 WEST 164TH STREET,10032,12,13,31,72,10,1062903,WASHINGTON HEIGHTS REHAB PHASE III (FORT WASHINGTON),manhattan,88, 11/30/2020,500 WEST 164 STREET
1021110006,8,,2111 AMSTERDAM AVENUE,10032,12,13,31,72,10,1062631,WASHINGTON HEIGHTS REHAB PHASE III (FORT WASHINGTON),manhattan,88, 11/30/2020,2111 AMSTERDAM AVENUE
1021110005,8,M,2109 AMSTERDAM AVENUE,10032,12,13,31,72,10,1062630,WASHINGTON HEIGHTS REHAB PHASE III (FORT WASHINGTON),manhattan,88, 11/30/2020,2109 AMSTERDAM AVENUE
1021150060,1,M,545 WEST 156TH STREET,10032,12,13,31,71,10,1062726,WASHINGTON HEIGHTS REHAB PHASE III (HARLEM RIVER),manhattan,14, 11/30/2020,545 WEST 156 STREET
1021320106,1,M,502 WEST 177TH STREET,10033,12,13,31,72,10,1063212,WASHINGTON HEIGHTS REHAB PHASE IV (C),manhattan,32, 11/30/2020,502 WEST 177 STREET
1021320084,2,M,506 WEST 176TH STREET,10033,12,13,31,72,10,1063203,WASHINGTON HEIGHTS REHAB PHASE IV (C),manhattan,32, 11/30/2020,506 WEST 176 STREET
1021320082,3,M,510 WEST 176TH STREET,10033,12,13,31,72,10,1063202,WASHINGTON HEIGHTS REHAB PHASE IV (D),manhattan,32, 11/30/2020,510 WEST 176 STREET
1021320080,4,M,514 WEST 176TH STREET,10033,12,13,31,72,10,1063201,WASHINGTON HEIGHTS REHAB PHASE IV (D),manhattan,32, 11/30/2020,514 WEST 176 STREET
3013410001,1,M,1625 DEAN STREET,11213,08,09,20,56,36,3324581,WEEKSVILLE GARDENS,brooklyn,257, 02/12/2020,1625 DEAN STREET
3013410001,1,M,1615 DEAN STREET,11213,08,09,20,56,36,3324581,WEEKSVILLE GARDENS,brooklyn,257, 02/12/2020,1615 DEAN STREET
3013410001,1,M,1605 DEAN STREET,11213,08,09,20,56,36,3324581,WEEKSVILLE GARDENS,brooklyn,257, 02/12/2020,1605 DEAN STREET
3013410001,1,M,1595 DEAN STREET,11213,08,09,20,56,36,3324581,WEEKSVILLE GARDENS,brooklyn,257, 02/12/2020,1595 DEAN STREET
3013410001,1,M,1585 DEAN STREET,11213,08,09,20,56,36,3324581,WEEKSVILLE GARDENS,brooklyn,257, 02/12/2020,1585 DEAN STREET
5001960001,1,M,820 HENDERSON AVENUE,10310,01,11,23,61,49,5095813,WEST BRIGHTON I,staten island,490, 6/26/2024,820 HENDERSON AVENUE
5001960001,17,,778GAR HENDERSON AVENUE,10310,01,11,23,61,49,5146063,WEST BRIGHTON I,staten island,490, 6/26/2024,778 HENDERSON AVENUE
5001960001,2,M,806 HENDERSON AVENUE,10310,01,11,23,61,49,5095814,WEST BRIGHTON I,staten island,490, 6/26/2024,806 HENDERSON AVENUE
5001960001,3,M,780 HENDERSON AVENUE,10310,01,11,23,61,49,5095815,WEST BRIGHTON I,staten island,490, 6/26/2024,780 HENDERSON AVENUE
5001960001,4,,770 HENDERSON AVENUE,10310,01,11,23,61,49,5095816,WEST BRIGHTON I,staten island,490, 6/26/2024,770 HENDERSON AVENUE
5001960001,4,M,778 HENDERSON AVENUE,10310,01,11,23,61,49,5095816,WEST BRIGHTON I,staten island,490, 6/26/2024,778 HENDERSON AVENUE
5001960001,4,,210 BROADWAY,10310,01,11,23,61,49,5095816,WEST BRIGHTON I,staten island,490, 6/26/2024,210 BROADWAY
5001960001,5,M,810 HENDERSON AVENUE,10310,01,11,23,61,49,5095817,WEST BRIGHTON I,staten island,490, 6/26/2024,810 HENDERSON AVENUE
5001960001,5,,814 HENDERSON AVENUE,10310,01,11,23,61,49,5095817,WEST BRIGHTON I,staten island,490, 6/26/2024,814 HENDERSON AVENUE
5001960001,6,M,240 BROADWAY,10310,01,11,23,61,49,5095818,WEST BRIGHTON I,staten island,490, 6/26/2024,240 BROADWAY
5001960001,6,,230 BROADWAY,10310,01,11,23,61,49,5095818,WEST BRIGHTON I,staten island,490, 6/26/2024,230 BROADWAY
5001960001,7,M,1077 CASTLETON AVENUE,10310,01,11,23,61,49,5095819,WEST BRIGHTON I,staten island,490, 6/26/2024,1077 CASTLETON AVENUE
5001960001,8,M,1075 CASTLETON AVENUE,10310,01,11,23,61,49,5095820,WEST BRIGHTON I,staten island,490, 6/26/2024,1075 CASTLETON AVENUE
5001960001,10,M,157 ALASKA STREET,10310,01,11,23,61,49,5095822,WEST BRIGHTON II,staten island,490, 6/26/2024,157 ALASKA STREET
5001960001,11,M,155 ALASKA STREET,10310,01,11,23,61,49,5136037,WEST BRIGHTON II,staten island,490, 6/26/2024,155 ALASKA STREET
5001960001,12,M,1115 CASTLETON AVENUE,10310,01,11,23,61,49,5095824,WEST BRIGHTON II,staten island,490, 6/26/2024,1115 CASTLETON AVENUE
5001960001,13,M,1085 CASTLETON AVENUE,10310,01,11,23,61,49,5095825,WEST BRIGHTON II,staten island,490, 6/26/2024,1085 CASTLETON AVENUE
5001960001,13,,1083 CASTLETON AVENUE,10310,01,11,23,61,49,5095825,WEST BRIGHTON II,staten island,490, 6/26/2024,1083 CASTLETON AVENUE
5001960001,14,M,1065 CASTLETON AVENUE,10310,01,11,23,61,49,5095826,WEST BRIGHTON II,staten island,490, 6/26/2024,1065 CASTLETON AVENUE
5001960001,15,M,260 BROADWAY,10310,01,11,23,61,49,5095827,WEST BRIGHTON II,staten island,490, 6/26/2024,260 BROADWAY
5001960001,16,M,244 BROADWAY,10310,01,11,23,61,49,5095828,WEST BRIGHTON II,staten island,490, 6/26/2024,244 BROADWAY
5001960001,9,M,159 ALASKA STREET,10310,01,11,23,61,49,5095821,WEST BRIGHTON II,staten island,490, 6/26/2024,159 ALASKA STREET
3021400026,1,,327 ROEBLING STREET,11211,01,07,18,50,34,3341975,WILLIAMS PLAZA,brooklyn,577, 02/12/2020,327 ROEBLING STREET
3021400026,1,M,325 ROEBLING STREET,11211,01,07,18,50,34,3341975,WILLIAMS PLAZA,brooklyn,577, 02/12/2020,325 ROEBLING STREET
3021400026,1,,333 ROEBLING STREET,11211,01,07,18,50,34,3341975,WILLIAMS PLAZA,brooklyn,577, 02/12/2020,333 ROEBLING STREET
3021400026,1,,323 ROEBLING STREET,11211,01,07,18,50,34,3341975,WILLIAMS PLAZA,brooklyn,577, 02/12/2020,323 ROEBLING STREET
3021400026,1,,321 ROEBLING STREET,11211,01,07,18,50,34,3341975,WILLIAMS PLAZA,brooklyn,577, 02/12/2020,321 ROEBLING STREET
3021400026,2,M,195 DIVISION AVENUE,11211,01,07,18,50,34,3251681,WILLIAMS PLAZA,brooklyn,577, 02/12/2020,195 DIVISION AVENUE
3021410019,3,M,255 HAVEMEYER STREET,11211,01,07,18,50,34,3341976,WILLIAMS PLAZA,brooklyn,577, 02/12/2020,255 HAVEMEYER STREET
3021410019,3,,253 HAVEMEYER STREET,11211,01,07,18,50,34,3341976,WILLIAMS PLAZA,brooklyn,577, 02/12/2020,253 HAVEMEYER STREET
3030250070,,,139 SCHOLES STREET,11206,01,07,18,53,34,3070826,WILLIAMSBURG,brooklyn,"1,621", 12/28/2021,139 SCHOLES STREET
3030240001,1,M,87 TEN EYCK WALK,11206,01,07,18,53,34,3327883,WILLIAMSBURG,brooklyn,"1,621", 12/28/2021,87 TEN EYCK WALK
3030240001,1,,174 LEONARD STREET,11206,01,07,18,53,34,3327883,WILLIAMSBURG,brooklyn,"1,621", 12/28/2021,174 LEONARD STREET
3030240001,1,M,89 TEN EYCK WALK,11206,01,07,18,53,34,3327883,WILLIAMSBURG,brooklyn,"1,621", 12/28/2021,89 TEN EYCK WALK
3030240001,1,,178 LEONARD STREET,11206,01,07,18,53,34,3327883,WILLIAMSBURG,brooklyn,"1,621", 12/28/2021,178 LEONARD STREET
3030240001,1,,176 LEONARD STREET,11206,01,07,18,53,34,3327883,WILLIAMSBURG,brooklyn,"1,621", 12/28/2021,176 LEONARD STREET
3030240001,1,M,92 MAUJER STREET,11206,01,07,18,53,34,3327883,WILLIAMSBURG,brooklyn,"1,621", 12/28/2021,92 MAUJER STREET
3030240001,1,M,90 MAUJER STREET,11206,01,07,18,53,34,3327883,WILLIAMSBURG,brooklyn,"1,621", 12/28/2021,90 MAUJER STREET
3030240001,1,M,94 MAUJER STREET,11206,01,07,18,53,34,3327883,WILLIAMSBURG,brooklyn,"1,621", 12/28/2021,94 MAUJER STREET
3030240001,1,M,91 TEN EYCK WALK,11206,01,07,18,53,34,3327883,WILLIAMSBURG,brooklyn,"1,621", 12/28/2021,91 TEN EYCK WALK
3030240001,1,M,93 TEN EYCK WALK,11206,01,07,18,53,34,3327883,WILLIAMSBURG,brooklyn,"1,621", 12/28/2021,93 TEN EYCK WALK
3030240001,1,M,95 TEN EYCK WALK,11206,01,07,18,53,34,3327883,WILLIAMSBURG,brooklyn,"1,621", 12/28/2021,95 TEN EYCK WALK
3030260001,10,M,183 TEN EYCK WALK,11206,01,07,18,53,34,3327889,WILLIAMSBURG,brooklyn,"1,621", 12/28/2021,183 TEN EYCK WALK
3030260001,10,M,180 MAUJER STREET,11206,01,07,18,53,34,3327889,WILLIAMSBURG,brooklyn,"1,621", 12/28/2021,180 MAUJER STREET
3030260001,10,,176 MAUJER STREET,11206,01,07,18,53,34,3327889,WILLIAMSBURG,brooklyn,"1,621", 12/28/2021,176 MAUJER STREET
3030260001,10,M,178 MAUJER STREET,11206,01,07,18,53,34,3327889,WILLIAMSBURG,brooklyn,"1,621", 12/28/2021,178 MAUJER STREET
3030260001,10,M,182 MAUJER STREET,11206,01,07,18,53,34,3327889,WILLIAMSBURG,brooklyn,"1,621", 12/28/2021,182 MAUJER STREET
3030260001,10,M,184 MAUJER STREET,11206,01,07,18,53,34,3327889,WILLIAMSBURG,brooklyn,"1,621", 12/28/2021,184 MAUJER STREET
3030260001,10,M,185 TEN EYCK WALK,11206,01,07,18,53,34,3327889,WILLIAMSBURG,brooklyn,"1,621", 12/28/2021,185 TEN EYCK WALK
3030260001,10,M,187 TEN EYCK WALK,11206,01,07,18,53,34,3327889,WILLIAMSBURG,brooklyn,"1,621", 12/28/2021,187 TEN EYCK WALK
3030260001,11,M,164 TEN EYCK WALK,11206,01,07,18,53,34,3344971,WILLIAMSBURG,brooklyn,"1,621", 12/28/2021,164 TEN EYCK WALK
3030260001,11,,222 GRAHAM AVENUE,11206,01,07,18,53,34,3344971,WILLIAMSBURG,brooklyn,"1,621", 12/28/2021,222 GRAHAM AVENUE
3030260001,11,M,166 TEN EYCK WALK,11206,01,07,18,53,34,3344971,WILLIAMSBURG,brooklyn,"1,621", 12/28/2021,166 TEN EYCK WALK
3030260001,11,M,168 TEN EYCK WALK,11206,01,07,18,53,34,3344971,WILLIAMSBURG,brooklyn,"1,621", 12/28/2021,168 TEN EYCK WALK
3030260001,11,M,169 STAGG WALK,11206,01,07,18,53,34,3344971,WILLIAMSBURG,brooklyn,"1,621", 12/28/2021,169 STAGG WALK
3030260001,11,M,181 STAGG WALK,11206,01,07,18,53,34,3344971,WILLIAMSBURG,brooklyn,"1,621", 12/28/2021,181 STAGG WALK
3030260001,12,M,186 TEN EYCK WALK,11206,01,07,18,53,34,3327888,WILLIAMSBURG,brooklyn,"1,621", 12/28/2021,186 TEN EYCK WALK
3030260001,12,M,188 TEN EYCK WALK,11206,01,07,18,53,34,3327888,WILLIAMSBURG,brooklyn,"1,621", 12/28/2021,188 TEN EYCK WALK
3030260001,12,M,190 TEN EYCK WALK,11206,01,07,18,53,34,3327888,WILLIAMSBURG,brooklyn,"1,621", 12/28/2021,190 TEN EYCK WALK
3030260001,12,M,197 STAGG WALK,11206,01,07,18,53,34,3327888,WILLIAMSBURG,brooklyn,"1,621", 12/28/2021,197 STAGG WALK
3030260001,12,M,199 STAGG WALK,11206,01,07,18,53,34,3327888,WILLIAMSBURG,brooklyn,"1,621", 12/28/2021,199 STAGG WALK
3030260001,13,,210 GRAHAM AVENUE,11206,01,07,18,53,34,3344974,WILLIAMSBURG,brooklyn,"1,621", 12/28/2021,210 GRAHAM AVENUE
3030260001,13,M,160 STAGG WALK,11206,01,07,18,53,34,3344974,WILLIAMSBURG,brooklyn,"1,621", 12/28/2021,160 STAGG WALK
3030260001,13,,212 GRAHAM AVENUE,11206,01,07,18,53,34,3344974,WILLIAMSBURG,brooklyn,"1,621", 12/28/2021,212 GRAHAM AVENUE
3030260001,13,,214 GRAHAM AVENUE,11206,01,07,18,53,34,3344974,WILLIAMSBURG,brooklyn,"1,621", 12/28/2021,214 GRAHAM AVENUE
3030260001,13,,202 GRAHAM AVENUE,11206,01,07,18,53,34,3344974,WILLIAMSBURG,brooklyn,"1,621", 12/28/2021,202 GRAHAM AVENUE
3030260001,13,M,165 SCHOLES STREET,11206,01,07,18,53,34,3344974,WILLIAMSBURG,brooklyn,"1,621", 12/28/2021,165 SCHOLES STREET
3030260001,13,M,163 SCHOLES STREET,11206,01,07,18,53,34,3344974,WILLIAMSBURG,brooklyn,"1,621", 12/28/2021,163 SCHOLES STREET
3030260001,13,,208 GRAHAM AVENUE,11206,01,07,18,53,34,3344974,WILLIAMSBURG,brooklyn,"1,621", 12/28/2021,208 GRAHAM AVENUE
3030260001,13,,206 GRAHAM AVENUE,11206,01,07,18,53,34,3344974,WILLIAMSBURG,brooklyn,"1,621", 12/28/2021,206 GRAHAM AVENUE
3030260001,13,,204 GRAHAM AVENUE,11206,01,07,18,53,34,3344974,WILLIAMSBURG,brooklyn,"1,621", 12/28/2021,204 GRAHAM AVENUE
3030260001,13,M,161 SCHOLES STREET,11206,01,07,18,53,34,3344974,WILLIAMSBURG,brooklyn,"1,621", 12/28/2021,161 SCHOLES STREET
3030260001,13,,159 SCHOLES STREET,11206,01,07,18,53,34,3344974,WILLIAMSBURG,brooklyn,"1,621", 12/28/2021,159 SCHOLES STREET
3030260001,13,M,167 SCHOLES STREET,11206,01,07,18,53,34,3344974,WILLIAMSBURG,brooklyn,"1,621", 12/28/2021,167 SCHOLES STREET
3030260001,13,M,169 SCHOLES STREET,11206,01,07,18,53,34,3344974,WILLIAMSBURG,brooklyn,"1,621", 12/28/2021,169 SCHOLES STREET
1012210007,1,M,117 WEST 90TH STREET,10024,07,12,47,69,06,1077128,WISE TOWERS,manhattan,399, 11/30/2020,117 WEST 90 STREET
1012210007,1,,111 WEST 90TH STREET,10024,07,12,47,69,06,1077128,WISE TOWERS,manhattan,399, 11/30/2020,111 WEST 90 STREET
1012210007,1,,114 WEST 91ST STREET,10024,07,12,47,69,06,1077128,WISE TOWERS,manhattan,399, 11/30/2020,114 WEST 91 STREET
1012210007,1,,124 WEST 91ST STREET,10024,07,12,47,69,06,1077128,WISE TOWERS,manhattan,399, 11/30/2020,124 WEST 91 STREET
1012210007,1,M,120 WEST 91ST STREET,10024,07,12,47,69,06,1077128,WISE TOWERS,manhattan,399, 11/30/2020,120 WEST 91 STREET
1012210007,2,M,133 WEST 90TH STREET,10024,07,12,47,69,06,1077129,WISE TOWERS,manhattan,399, 11/30/2020,133 WEST 90 STREET
1012210007,2,M,136 WEST 91ST STREET,10024,07,12,47,69,06,1077129,WISE TOWERS,manhattan,399, 11/30/2020,136 WEST 91 STREET
1012210007,3,,141 WEST 90TH STREET,10024,07,12,47,69,06,1077130,WISE TOWERS,manhattan,399, 11/30/2020,141 WEST 90 STREET