,bbl,bin,bldg#,m,direction,house_num,street_name,street_type,zip,full_address,index,development,transfer_date,boro,units,_merge
0,2031300100,2013245,1,,,2021,BOSTON,ROAD,10460,2021 BOSTON ROAD,0.0,1010 EAST 178TH STREET,2025-06-24,BRONX,220.0,both
1,2031300100,2013245,1,,EAST,1012,178,STREET,10460,1012 EAST 178 STREET,0.0,1010 EAST 178TH STREET,2025-06-24,BRONX,220.0,both
2,2031300100,2013245,1,,EAST,1030,178,STREET,10460,1030 EAST 178 STREET,0.0,1010 EAST 178TH STREET,2025-06-24,BRONX,220.0,both
3,2031300100,2013245,1,M,EAST,1010,178,STREET,10460,1010 EAST 178 STREET,0.0,1010 EAST 178TH STREET,2025-06-24,BRONX,220.0,both
4,3035320030,3081191,1,,,114,TAPSCOTT,STREET,11212,114 TAPSCOTT STREET,4.0,104-114 TAPSCOTT STREET,2023-11-28,BROOKLYN,30.0,both
5,3035320030,3081191,1,M,,104,TAPSCOTT,STREET,11212,104 TAPSCOTT STREET,4.0,104-114 TAPSCOTT STREET,2023-11-28,BROOKLYN,30.0,both
6,1016830018,1052877,1,M,EAST,335,111,STREET,10029,335 EAST 111 STREET,6.0,335 EAST 111TH STREET,2020-11-30,MANHATTAN,66.0,both
7,1009330025,1020611,1,,EAST,344,28,STREET,10016,344 EAST 28 STREET,7.0,344 EAST 28TH STREET,2020-11-30,MANHATTAN,225.0,both
8,1009330025,1020611,1,,EAST,342,28,STREET,10016,342 EAST 28 STREET,7.0,344 EAST 28TH STREET,2020-11-30,MANHATTAN,225.0,both
9,1009330025,1020611,1,,EAST,346,28,STREET,10016,346 EAST 28 STREET,7.0,344 EAST 28TH STREET,2020-11-30,MANHATTAN,225.0,both
10,1009330025,1020611,1,,EAST,340,28,STREET,10016,340 EAST 28 STREET,7.0,344 EAST 28TH STREET,2020-11-30,MANHATTAN,225.0,both
11,3004010001,3006388,1,M,,572,WARREN,STREET,11217,572 WARREN STREET,12.0,572 WARREN STREET,2020-02-12,BROOKLYN,200.0,both
12,3004010001,3006388,1,,,568,WARREN,STREET,11217,568 WARREN STREET,12.0,572 WARREN STREET,2020-02-12,BROOKLYN,200.0,both
13,3004010001,3006388,1,,,565,BALTIC,STREET,11217,565 BALTIC STREET,12.0,572 WARREN STREET,2020-02-12,BROOKLYN,200.0,both
14,3004010001,3006388,1,M,,574,WARREN,STREET,11217,574 WARREN STREET,12.0,572 WARREN STREET,2020-02-12,BROOKLYN,200.0,both
15,3017940181,3000000,1,,,513,GREENE,AVENUE,11216,513 GREENE AVENUE,18.0,ARMSTRONG I,2020-02-12,BROOKLYN,371.0,both
16,3017940120,3050204,1,M,,362,CLIFTON,PLACE,11216,362 CLIFTON PLACE,19.0,ARMSTRONG I,2020-02-12,BROOKLYN,371.0,both
17,3017940119,3050203,1,M,,360,CLIFTON,PLACE,11216,360 CLIFTON PLACE,20.0,ARMSTRONG I,2020-02-12,BROOKLYN,371.0,both
18,3017940118,3050202,1,M,,358,CLIFTON,PLACE,11216,358 CLIFTON PLACE,21.0,ARMSTRONG I,2020-02-12,BROOKLYN,371.0,both
19,3017940117,3050201,1,M,,356,CLIFTON,PLACE,11216,356 CLIFTON PLACE,22.0,ARMSTRONG I,2020-02-12,BROOKLYN,371.0,both
20,3017940116,3050200,1,M,,354,CLIFTON,PLACE,11216,354 CLIFTON PLACE,23.0,ARMSTRONG I,2020-02-12,BROOKLYN,371.0,both
21,3017940115,3050199,1,M,,352,CLIFTON,PLACE,11216,352 CLIFTON PLACE,24.0,ARMSTRONG I,2020-02-12,BROOKLYN,371.0,both
22,3017940114,3050198,1,M,,350,CLIFTON,PLACE,11216,350 CLIFTON PLACE,25.0,ARMSTRONG I,2020-02-12,BROOKLYN,371.0,both
23,3017940113,3050197,1,M,,348,CLIFTON,PLACE,11216,348 CLIFTON PLACE,26.0,ARMSTRONG I,2020-02-12,BROOKLYN,371.0,both
24,3017940112,3050196,1,M,,346,CLIFTON,PLACE,11216,346 CLIFTON PLACE,27.0,ARMSTRONG I,2020-02-12,BROOKLYN,371.0,both
25,3017940011,3050169,1,M,,344,CLIFTON,PLACE,11216,344 CLIFTON PLACE,28.0,ARMSTRONG I,2020-02-12,BROOKLYN,371.0,both
26,3018020051,3350437,10,M,,360,NOSTRAND,AVENUE,11216,360 NOSTRAND AVENUE,29.0,ARMSTRONG I,2020-02-12,BROOKLYN,371.0,both
27,3018020051,3050588,11,,,260,LEXINGTON,AVENUE,11216,260 LEXINGTON AVENUE,29.0,ARMSTRONG I,2020-02-12,BROOKLYN,371.0,both
28,3018020051,3050588,11,,,262,LEXINGTON,AVENUE,11216,262 LEXINGTON AVENUE,29.0,ARMSTRONG I,2020-02-12,BROOKLYN,371.0,both
29,3018020051,3050588,11,,,264,LEXINGTON,AVENUE,11216,264 LEXINGTON AVENUE,29.0,ARMSTRONG I,2020-02-12,BROOKLYN,371.0,both
30,3018020051,3399677,12,M,,254,LEXINGTON,AVENUE,11216,254 LEXINGTON AVENUE,29.0,ARMSTRONG I,2020-02-12,BROOKLYN,371.0,both
31,3018020044,3050587,12,M,,252,LEXINGTON,AVENUE,11216,252 LEXINGTON AVENUE,34.0,ARMSTRONG I,2020-02-12,BROOKLYN,371.0,both
32,3018020044,3050587,12,,,252,LEXINGTON,AVENUE,11216,252 LEXINGTON AVENUE,34.0,ARMSTRONG I,2020-02-12,BROOKLYN,371.0,both
33,3018020043,3050586,12,M,,250,LEXINGTON,AVENUE,11216,250 LEXINGTON AVENUE,36.0,ARMSTRONG I,2020-02-12,BROOKLYN,371.0,both
34,3017940121,3322159,2,M,,366,CLIFTON,PLACE,11216,366 CLIFTON PLACE,37.0,ARMSTRONG I,2020-02-12,BROOKLYN,371.0,both
35,3017940121,3322159,2,M,,380,CLIFTON,PLACE,11216,380 CLIFTON PLACE,37.0,ARMSTRONG I,2020-02-12,BROOKLYN,371.0,both
36,3017940139,3322161,3,M,,388,CLIFTON,PLACE,11216,388 CLIFTON PLACE,39.0,ARMSTRONG I,2020-02-12,BROOKLYN,371.0,both
37,3017940139,3322161,3,M,,396,CLIFTON,PLACE,11216,396 CLIFTON PLACE,39.0,ARMSTRONG I,2020-02-12,BROOKLYN,371.0,both
38,3017940054,3322152,4,M,,545,GREENE,AVENUE,11216,545 GREENE AVENUE,41.0,ARMSTRONG I,2020-02-12,BROOKLYN,371.0,both
39,3017940054,3397846,4,M,,555,GREENE,AVENUE,11216,555 GREENE AVENUE,41.0,ARMSTRONG I,2020-02-12,BROOKLYN,371.0,both
40,3018030124,3050667,5,M,,304,LEXINGTON,AVENUE,11216,304 LEXINGTON AVENUE,43.0,ARMSTRONG I,2020-02-12,BROOKLYN,371.0,both
41,3018030123,3050666,5,M,,302,LEXINGTON,AVENUE,11216,302 LEXINGTON AVENUE,44.0,ARMSTRONG I,2020-02-12,BROOKLYN,371.0,both
42,3018030122,3050665,5,M,,300,LEXINGTON,AVENUE,11216,300 LEXINGTON AVENUE,45.0,ARMSTRONG I,2020-02-12,BROOKLYN,371.0,both
43,3018030121,3050664,5,M,,298,LEXINGTON,AVENUE,11216,298 LEXINGTON AVENUE,46.0,ARMSTRONG I,2020-02-12,BROOKLYN,371.0,both
44,3018030120,3050663,5,M,,296,LEXINGTON,AVENUE,11216,296 LEXINGTON AVENUE,47.0,ARMSTRONG I,2020-02-12,BROOKLYN,371.0,both
45,3018030119,3050662,5,M,,294,LEXINGTON,AVENUE,11216,294 LEXINGTON AVENUE,48.0,ARMSTRONG I,2020-02-12,BROOKLYN,371.0,both
46,3018030118,3050661,5,M,,292,LEXINGTON,AVENUE,11216,292 LEXINGTON AVENUE,49.0,ARMSTRONG I,2020-02-12,BROOKLYN,371.0,both
47,3018030117,3050660,5,M,,290,LEXINGTON,AVENUE,11216,290 LEXINGTON AVENUE,50.0,ARMSTRONG I,2020-02-12,BROOKLYN,371.0,both
48,3018030116,3050659,5,M,,288,LEXINGTON,AVENUE,11216,288 LEXINGTON AVENUE,51.0,ARMSTRONG I,2020-02-12,BROOKLYN,371.0,both
49,3018030115,3050658,5,M,,286,LEXINGTON,AVENUE,11216,286 LEXINGTON AVENUE,52.0,ARMSTRONG I,2020-02-12,BROOKLYN,371.0,both
50,3018030114,3050657,5,M,,284,LEXINGTON,AVENUE,11216,284 LEXINGTON AVENUE,53.0,ARMSTRONG I,2020-02-12,BROOKLYN,371.0,both
51,3018030113,3050656,5,M,,282,LEXINGTON,AVENUE,11216,282 LEXINGTON AVENUE,54.0,ARMSTRONG I,2020-02-12,BROOKLYN,371.0,both
52,3018030112,3050655,5,M,,280,LEXINGTON,AVENUE,11216,280 LEXINGTON AVENUE,55.0,ARMSTRONG I,2020-02-12,BROOKLYN,371.0,both
53,3018030011,3050619,5,M,,278,LEXINGTON,AVENUE,11216,278 LEXINGTON AVENUE,56.0,ARMSTRONG I,2020-02-12,BROOKLYN,371.0,both
54,3018030027,3322208,6,M,,310,LEXINGTON,AVENUE,11216,310 LEXINGTON AVENUE,57.0,ARMSTRONG I,2020-02-12,BROOKLYN,371.0,both
55,3018030027,3322207,6,M,,320,LEXINGTON,AVENUE,11216,320 LEXINGTON AVENUE,57.0,ARMSTRONG I,2020-02-12,BROOKLYN,371.0,both
56,3018030042,3322210,7,M,,330,LEXINGTON,AVENUE,11216,330 LEXINGTON AVENUE,59.0,ARMSTRONG I,2020-02-12,BROOKLYN,371.0,both
57,3018030042,3322209,7,M,,336,LEXINGTON,AVENUE,11216,336 LEXINGTON AVENUE,59.0,ARMSTRONG I,2020-02-12,BROOKLYN,371.0,both
58,3018080174,3322227,8,M,,435,GATES,AVENUE,11216,435 GATES AVENUE,61.0,ARMSTRONG I,2020-02-12,BROOKLYN,371.0,both
59,3018080174,3322226,8,M,,441,GATES,AVENUE,11216,441 GATES AVENUE,61.0,ARMSTRONG I,2020-02-12,BROOKLYN,371.0,both
60,3018080173,3050927,9,M,,447,GATES,AVENUE,11216,447 GATES AVENUE,63.0,ARMSTRONG I,2020-02-12,BROOKLYN,371.0,both
61,3018080172,3050926,9,M,,449,GATES,AVENUE,11216,449 GATES AVENUE,64.0,ARMSTRONG I,2020-02-12,BROOKLYN,371.0,both
62,3018080171,3050925,9,M,,451,GATES,AVENUE,11216,451 GATES AVENUE,65.0,ARMSTRONG I,2020-02-12,BROOKLYN,371.0,both
63,3018080170,3050924,9,M,,453,GATES,AVENUE,11216,453 GATES AVENUE,66.0,ARMSTRONG I,2020-02-12,BROOKLYN,371.0,both
64,3018080169,3050923,9,M,,455,GATES,AVENUE,11216,455 GATES AVENUE,67.0,ARMSTRONG I,2020-02-12,BROOKLYN,371.0,both
65,3018080168,3050922,9,M,,457,GATES,AVENUE,11216,457 GATES AVENUE,68.0,ARMSTRONG I,2020-02-12,BROOKLYN,371.0,both
66,3018080167,3050921,9,M,,459,GATES,AVENUE,11216,459 GATES AVENUE,69.0,ARMSTRONG I,2020-02-12,BROOKLYN,371.0,both
67,3018080166,3050920,9,M,,461,GATES,AVENUE,11216,461 GATES AVENUE,70.0,ARMSTRONG I,2020-02-12,BROOKLYN,371.0,both
68,3018080165,3050919,9,M,,463,GATES,AVENUE,11216,463 GATES AVENUE,71.0,ARMSTRONG I,2020-02-12,BROOKLYN,371.0,both
69,3018080164,3050918,9,M,,465,GATES,AVENUE,11216,465 GATES AVENUE,72.0,ARMSTRONG I,2020-02-12,BROOKLYN,371.0,both
70,3018080163,3050917,9,M,,467,GATES,AVENUE,11216,467 GATES AVENUE,73.0,ARMSTRONG I,2020-02-12,BROOKLYN,371.0,both
71,3018080162,3050916,9,M,,469,GATES,AVENUE,11216,469 GATES AVENUE,74.0,ARMSTRONG I,2020-02-12,BROOKLYN,371.0,both
72,3018080161,3050915,9,M,,471,GATES,AVENUE,11216,471 GATES AVENUE,75.0,ARMSTRONG I,2020-02-12,BROOKLYN,371.0,both
73,3018080160,3050914,9,M,,473,GATES,AVENUE,11216,473 GATES AVENUE,76.0,ARMSTRONG I,2020-02-12,BROOKLYN,371.0,both
74,3018080059,3050907,9,M,,475,GATES,AVENUE,11216,475 GATES AVENUE,77.0,ARMSTRONG I,2020-02-12,BROOKLYN,371.0,both
75,3017990044,3322165,1,M,,375,LEXINGTON,AVENUE,11216,375 LEXINGTON AVENUE,78.0,ARMSTRONG II,2020-02-12,BROOKLYN,248.0,both
76,3017990044,3322166,1,M,,385,LEXINGTON,AVENUE,11216,385 LEXINGTON AVENUE,78.0,ARMSTRONG II,2020-02-12,BROOKLYN,248.0,both
77,3017990044,3322173,1,M,,395,LEXINGTON,AVENUE,11216,395 LEXINGTON AVENUE,78.0,ARMSTRONG II,2020-02-12,BROOKLYN,248.0,both
78,3017990044,3322174,1,M,,405,LEXINGTON,AVENUE,11216,405 LEXINGTON AVENUE,78.0,ARMSTRONG II,2020-02-12,BROOKLYN,248.0,both
79,3017990044,3322175,1,M,,415,LEXINGTON,AVENUE,11216,415 LEXINGTON AVENUE,78.0,ARMSTRONG II,2020-02-12,BROOKLYN,248.0,both
80,3017990044,3322175,1,M,,280,TOMPKINS,AVENUE,11216,280 TOMPKINS AVENUE,78.0,ARMSTRONG II,2020-02-12,BROOKLYN,248.0,both
81,3018040010,3322211,2,M,,360,LEXINGTON,AVENUE,11216,360 LEXINGTON AVENUE,84.0,ARMSTRONG II,2020-02-12,BROOKLYN,248.0,both
82,3018040010,3322211,2,M,,370,LEXINGTON,AVENUE,11216,370 LEXINGTON AVENUE,84.0,ARMSTRONG II,2020-02-12,BROOKLYN,248.0,both
83,3018040010,3322213,2,M,,380,LEXINGTON,AVENUE,11216,380 LEXINGTON AVENUE,84.0,ARMSTRONG II,2020-02-12,BROOKLYN,248.0,both
84,3018040010,3322214,3,M,,390,LEXINGTON,AVENUE,11216,390 LEXINGTON AVENUE,84.0,ARMSTRONG II,2020-02-12,BROOKLYN,248.0,both
85,3018090001,3322228,4,M,,775,MARCY,AVENUE,11216,775 MARCY AVENUE,88.0,ARMSTRONG II,2020-02-12,BROOKLYN,248.0,both
86,3018090001,3322229,4,M,,785,MARCY,AVENUE,11216,785 MARCY AVENUE,88.0,ARMSTRONG II,2020-02-12,BROOKLYN,248.0,both
87,3018090001,3322230,4,M,,791,MARCY,AVENUE,11216,791 MARCY AVENUE,88.0,ARMSTRONG II,2020-02-12,BROOKLYN,248.0,both
88,3018090062,3322236,5,M,,499,GATES,AVENUE,11216,499 GATES AVENUE,91.0,ARMSTRONG II,2020-02-12,BROOKLYN,248.0,both
89,3018090062,3322234,5,M,,505,GATES,AVENUE,11216,505 GATES AVENUE,91.0,ARMSTRONG II,2020-02-12,BROOKLYN,248.0,both
90,3018090062,3322234,5,M,,515,GATES,AVENUE,11216,515 GATES AVENUE,91.0,ARMSTRONG II,2020-02-12,BROOKLYN,248.0,both
91,3018090062,3050974,6,,,495,GATES,AVENUE,11216,495 GATES AVENUE,91.0,ARMSTRONG II,2020-02-12,BROOKLYN,248.0,both
92,1020680046,1061681,1,M,,1909,AMSTERDAM,AVENUE,10032,1909 AMSTERDAM AVENUE,95.0,AUDUBON,2023-01-10,MANHATTAN,168.0,both
93,2032390004,2092440,1,,WEST,230,193,STREET,10463,230 WEST 193 STREET,96.0,BAILEY AVENUE-WEST 193RD STREET,2025-06-24,BRONX,233.0,both
94,2032390004,2092440,1,M,,2663,HEATH,AVENUE,10463,2663 HEATH AVENUE,96.0,BAILEY AVENUE-WEST 193RD STREET,2025-06-24,BRONX,233.0,both
95,2032390004,2092440,1,,,2661,HEATH,AVENUE,10463,2661 HEATH AVENUE,96.0,BAILEY AVENUE-WEST 193RD STREET,2025-06-24,BRONX,233.0,both
96,2032390004,2092440,1,,,2667,HEATH,AVENUE,10463,2667 HEATH AVENUE,96.0,BAILEY AVENUE-WEST 193RD STREET,2025-06-24,BRONX,233.0,both
97,2032390004,2092440,1,,,2660,BAILEY,AVENUE,10463,2660 BAILEY AVENUE,96.0,BAILEY AVENUE-WEST 193RD STREET,2025-06-24,BRONX,233.0,both
98,2049050360,2093740,1,M,,1870,SCHIEFFELIN,AVENUE,10466,1870 SCHIEFFELIN AVENUE,100.0,BAYCHESTER,2018-12-27,BRONX,441.0,both
99,2049050360,2093740,1,,,1860,SCHIEFFELIN,AVENUE,10466,1860 SCHIEFFELIN AVENUE,100.0,BAYCHESTER,2018-12-27,BRONX,441.0,both
100,2049050360,2093740,1,,EAST,1225,225,STREET,10466,1225 EAST 225 STREET,100.0,BAYCHESTER,2018-12-27,BRONX,441.0,both
101,2049050360,2093749,10,M,,1871,SCHIEFFELIN,PLACE,10466,1871 SCHIEFFELIN PLACE,100.0,BAYCHESTER,2018-12-27,BRONX,441.0,both
102,2049050360,2093751,11,M,,1891,SCHIEFFELIN,PLACE,10466,1891 SCHIEFFELIN PLACE,100.0,BAYCHESTER,2018-12-27,BRONX,441.0,both
103,2049050360,2093741,12,,EAST,1220,229,STREET,10466,1220 EAST 229 STREET,100.0,BAYCHESTER,2018-12-27,BRONX,441.0,both
104,2049050360,2093742,2,M,,1880,SCHIEFFELIN,AVENUE,10466,1880 SCHIEFFELIN AVENUE,100.0,BAYCHESTER,2018-12-27,BRONX,441.0,both
105,2049050360,2093743,3,M,,1890,SCHIEFFELIN,AVENUE,10466,1890 SCHIEFFELIN AVENUE,100.0,BAYCHESTER,2018-12-27,BRONX,441.0,both
106,2049050360,2093745,4,M,,1920,SCHIEFFELIN,AVENUE,10466,1920 SCHIEFFELIN AVENUE,100.0,BAYCHESTER,2018-12-27,BRONX,441.0,both
107,2049050360,2093746,5,M,,1930,SCHIEFFELIN,AVENUE,10466,1930 SCHIEFFELIN AVENUE,100.0,BAYCHESTER,2018-12-27,BRONX,441.0,both
108,2049050360,2093744,6,M,,1900,SCHIEFFELIN,AVENUE,10466,1900 SCHIEFFELIN AVENUE,100.0,BAYCHESTER,2018-12-27,BRONX,441.0,both
109,2049050360,2093744,6,,,1910,SCHIEFFELIN,AVENUE,10466,1910 SCHIEFFELIN AVENUE,100.0,BAYCHESTER,2018-12-27,BRONX,441.0,both
110,2049050360,2093748,7,M,,1861,SCHIEFFELIN,PLACE,10466,1861 SCHIEFFELIN PLACE,100.0,BAYCHESTER,2018-12-27,BRONX,441.0,both
111,2049050360,2093750,8,M,,1881,SCHIEFFELIN,PLACE,10466,1881 SCHIEFFELIN PLACE,100.0,BAYCHESTER,2018-12-27,BRONX,441.0,both
112,2049050360,2093747,9,M,,1851,SCHIEFFELIN,PLACE,10466,1851 SCHIEFFELIN PLACE,100.0,BAYCHESTER,2018-12-27,BRONX,441.0,both
113,3040290001,3323714,1,M,,455,BARBEY,STREET,11207,455 BARBEY STREET,115.0,BELMONT-SUTTER AREA,2021-12-28,BROOKLYN,72.0,both
114,3040290001,3323714,1,M,,459,BARBEY,STREET,11207,459 BARBEY STREET,115.0,BELMONT-SUTTER AREA,2021-12-28,BROOKLYN,72.0,both
115,3040290001,3323714,1,M,,463,BARBEY,STREET,11207,463 BARBEY STREET,115.0,BELMONT-SUTTER AREA,2021-12-28,BROOKLYN,72.0,both
116,3040290001,3323715,2,M,,418,JEROME,STREET,11207,418 JEROME STREET,115.0,BELMONT-SUTTER AREA,2021-12-28,BROOKLYN,72.0,both
117,3040290001,3323715,2,M,,422,JEROME,STREET,11207,422 JEROME STREET,115.0,BELMONT-SUTTER AREA,2021-12-28,BROOKLYN,72.0,both
118,3040290001,3323715,2,M,,426,JEROME,STREET,11207,426 JEROME STREET,115.0,BELMONT-SUTTER AREA,2021-12-28,BROOKLYN,72.0,both
119,3040290001,3323716,3,M,,610,BELMONT,AVENUE,11207,610 BELMONT AVENUE,115.0,BELMONT-SUTTER AREA,2021-12-28,BROOKLYN,72.0,both
120,3040290001,3323716,3,M,,616,BELMONT,AVENUE,11207,616 BELMONT AVENUE,115.0,BELMONT-SUTTER AREA,2021-12-28,BROOKLYN,72.0,both
121,3021570019,3000000,3,,SOUTH,100,10,STREET,11249,100 SOUTH 10 STREET,123.0,BERRY STREET-SOUTH 9TH STREET,2020-02-12,BROOKLYN,150.0,both
122,3021570005,3000000,3,,,447,BERRY,STREET,11249,447 BERRY STREET,124.0,BERRY STREET-SOUTH 9TH STREET,2020-02-12,BROOKLYN,150.0,both
123,3021560021,3000000,3,,,448,BERRY,STREET,11249,448 BERRY STREET,125.0,BERRY STREET-SOUTH 9TH STREET,2020-02-12,BROOKLYN,150.0,both
124,3021570004,3000000,3,,,449,BERRY,STREET,11249,449 BERRY STREET,126.0,BERRY STREET-SOUTH 9TH STREET,2020-02-12,BROOKLYN,150.0,both
125,3021450001,3000000,3,,SOUTH,45,10,STREET,11249,45 SOUTH 10 STREET,127.0,BERRY STREET-SOUTH 9TH STREET,2020-02-12,BROOKLYN,150.0,both
126,3021560022,3000000,3,,,450,BERRY,STREET,11249,450 BERRY STREET,128.0,BERRY STREET-SOUTH 9TH STREET,2020-02-12,BROOKLYN,150.0,both
127,3021570003,3000000,3,,,451,BERRY,STREET,11249,451 BERRY STREET,129.0,BERRY STREET-SOUTH 9TH STREET,2020-02-12,BROOKLYN,150.0,both
128,3021570002,3000000,3,,,453,BERRY,STREET,11249,453 BERRY STREET,130.0,BERRY STREET-SOUTH 9TH STREET,2020-02-12,BROOKLYN,150.0,both
129,3021570001,3000000,3,,,455,BERRY,STREET,11249,455 BERRY STREET,131.0,BERRY STREET-SOUTH 9TH STREET,2020-02-12,BROOKLYN,150.0,both
130,3021570020,3000000,3,,,462,BEDFORD,AVENUE,11249,462 BEDFORD AVENUE,132.0,BERRY STREET-SOUTH 9TH STREET,2020-02-12,BROOKLYN,150.0,both
131,3021570021,3000000,3,,,464,BEDFORD,AVENUE,11249,464 BEDFORD AVENUE,133.0,BERRY STREET-SOUTH 9TH STREET,2020-02-12,BROOKLYN,150.0,both
132,3021570022,3000000,3,,,466,BEDFORD,AVENUE,11249,466 BEDFORD AVENUE,134.0,BERRY STREET-SOUTH 9TH STREET,2020-02-12,BROOKLYN,150.0,both
133,3021450036,3000000,3,,SOUTH,49,10,STREET,11249,49 SOUTH 10 STREET,135.0,BERRY STREET-SOUTH 9TH STREET,2020-02-12,BROOKLYN,150.0,both
134,3021450035,3000000,3,,SOUTH,51,10,STREET,11249,51 SOUTH 10 STREET,136.0,BERRY STREET-SOUTH 9TH STREET,2020-02-12,BROOKLYN,150.0,both
135,3021450034,3000000,3,,SOUTH,53,10,STREET,11249,53 SOUTH 10 STREET,137.0,BERRY STREET-SOUTH 9TH STREET,2020-02-12,BROOKLYN,150.0,both
136,3021450033,3000000,3,,SOUTH,55,10,STREET,11249,55 SOUTH 10 STREET,138.0,BERRY STREET-SOUTH 9TH STREET,2020-02-12,BROOKLYN,150.0,both
137,3021450032,3000000,3,,SOUTH,57,10,STREET,11249,57 SOUTH 10 STREET,139.0,BERRY STREET-SOUTH 9TH STREET,2020-02-12,BROOKLYN,150.0,both
138,3021450031,3000000,3,,SOUTH,59,10,STREET,11249,59 SOUTH 10 STREET,140.0,BERRY STREET-SOUTH 9TH STREET,2020-02-12,BROOKLYN,150.0,both
139,3021450030,3393826,3,,SOUTH,61,10,STREET,11249,61 SOUTH 10 STREET,141.0,BERRY STREET-SOUTH 9TH STREET,2020-02-12,BROOKLYN,150.0,both
140,3021450029,3000000,3,,SOUTH,63,10,STREET,11249,63 SOUTH 10 STREET,142.0,BERRY STREET-SOUTH 9TH STREET,2020-02-12,BROOKLYN,150.0,both
141,3021450028,3000000,3,,SOUTH,65,10,STREET,11249,65 SOUTH 10 STREET,143.0,BERRY STREET-SOUTH 9TH STREET,2020-02-12,BROOKLYN,150.0,both
142,3021450026,3000000,3,,SOUTH,67,10,STREET,11249,67 SOUTH 10 STREET,145.0,BERRY STREET-SOUTH 9TH STREET,2020-02-12,BROOKLYN,150.0,both
143,3021450017,3000000,3,,SOUTH,74,9,STREET,11249,74 SOUTH 9 STREET,146.0,BERRY STREET-SOUTH 9TH STREET,2020-02-12,BROOKLYN,150.0,both
144,3021450018,3341979,1,M,,440,BERRY,STREET,11249,440 BERRY STREET,147.0,BERRY STREET-SOUTH 9TH STREET,2020-02-12,BROOKLYN,150.0,both
145,3021450018,3341979,1,,SOUTH,71,10,STREET,11249,71 SOUTH 10 STREET,147.0,BERRY STREET-SOUTH 9TH STREET,2020-02-12,BROOKLYN,150.0,both
146,3021450008,3341978,2,M,SOUTH,46,9,STREET,11249,46 SOUTH 9 STREET,149.0,BERRY STREET-SOUTH 9TH STREET,2020-02-12,BROOKLYN,150.0,both
147,3021450008,3427270,2,M,SOUTH,50,9,STREET,11249,50 SOUTH 9 STREET,149.0,BERRY STREET-SOUTH 9TH STREET,2020-02-12,BROOKLYN,150.0,both
148,3021450008,3427271,2,M,SOUTH,54,9,STREET,11249,54 SOUTH 9 STREET,149.0,BERRY STREET-SOUTH 9TH STREET,2020-02-12,BROOKLYN,150.0,both
149,3021450008,3427272,2,M,SOUTH,58,9,STREET,11249,58 SOUTH 9 STREET,149.0,BERRY STREET-SOUTH 9TH STREET,2020-02-12,BROOKLYN,150.0,both
150,3021560007,3255961,3,M,SOUTH,46,10,STREET,11249,46 SOUTH 10 STREET,153.0,BERRY STREET-SOUTH 9TH STREET,2020-02-12,BROOKLYN,150.0,both
151,3021560007,3255964,3,M,SOUTH,48,10,STREET,11249,48 SOUTH 10 STREET,153.0,BERRY STREET-SOUTH 9TH STREET,2020-02-12,BROOKLYN,150.0,both
152,3021560007,3255965,3,M,SOUTH,52,10,STREET,11249,52 SOUTH 10 STREET,153.0,BERRY STREET-SOUTH 9TH STREET,2020-02-12,BROOKLYN,150.0,both
153,3021560007,3255967,3,M,SOUTH,56,10,STREET,11249,56 SOUTH 10 STREET,153.0,BERRY STREET-SOUTH 9TH STREET,2020-02-12,BROOKLYN,150.0,both
154,3021560007,3346891,3,M,SOUTH,60,10,STREET,11249,60 SOUTH 10 STREET,153.0,BERRY STREET-SOUTH 9TH STREET,2020-02-12,BROOKLYN,150.0,both
155,3021560007,3346892,3,M,SOUTH,64,10,STREET,11249,64 SOUTH 10 STREET,153.0,BERRY STREET-SOUTH 9TH STREET,2020-02-12,BROOKLYN,150.0,both
156,3021570006,3255977,4,M,SOUTH,84,10,STREET,11249,84 SOUTH 10 STREET,159.0,BERRY STREET-SOUTH 9TH STREET,2020-02-12,BROOKLYN,150.0,both
157,3021570006,3255982,4,M,SOUTH,88,10,STREET,11249,88 SOUTH 10 STREET,159.0,BERRY STREET-SOUTH 9TH STREET,2020-02-12,BROOKLYN,150.0,both
158,3021570006,3346893,4,M,SOUTH,92,10,STREET,11249,92 SOUTH 10 STREET,159.0,BERRY STREET-SOUTH 9TH STREET,2020-02-12,BROOKLYN,150.0,both
159,3021570006,3346894,4,M,SOUTH,96,10,STREET,11249,96 SOUTH 10 STREET,159.0,BERRY STREET-SOUTH 9TH STREET,2020-02-12,BROOKLYN,150.0,both
160,2022690100,2090994,1,,,404,BROOK,AVENUE,10454,404 BROOK AVENUE,163.0,BETANCES I,2018-11-16,BRONX,309.0,both
161,2022690100,2090994,1,,EAST,510,144,STREET,10454,510 EAST 144 STREET,163.0,BETANCES I,2018-11-16,BRONX,309.0,both
162,2022690100,2090994,1,M,,400,BROOK,AVENUE,10454,400 BROOK AVENUE,163.0,BETANCES I,2018-11-16,BRONX,309.0,both
163,2022690100,2116422,10,M,EAST,550,144,STREET,10454,550 EAST 144 STREET,163.0,BETANCES I,2018-11-16,BRONX,309.0,both
164,2022690100,2116423,11,M,EAST,540,144,STREET,10454,540 EAST 144 STREET,163.0,BETANCES I,2018-11-16,BRONX,309.0,both
165,2022690100,2090990,12,M,EAST,530,144,STREET,10454,530 EAST 144 STREET,163.0,BETANCES I,2018-11-16,BRONX,309.0,both
166,2022690100,2116424,13,M,EAST,520,144,STREET,10454,520 EAST 144 STREET,163.0,BETANCES I,2018-11-16,BRONX,309.0,both
167,2022690100,2090992,2,M,EAST,511,143,STREET,10454,511 EAST 143 STREET,163.0,BETANCES I,2018-11-16,BRONX,309.0,both
168,2022690100,2116416,3,M,EAST,515,143,STREET,10454,515 EAST 143 STREET,163.0,BETANCES I,2018-11-16,BRONX,309.0,both
169,2022690100,2116417,4,M,EAST,525,143,STREET,10454,525 EAST 143 STREET,163.0,BETANCES I,2018-11-16,BRONX,309.0,both
170,2022690100,2116418,5,M,EAST,531,143,STREET,10454,531 EAST 143 STREET,163.0,BETANCES I,2018-11-16,BRONX,309.0,both
171,2022690100,2116419,6,M,EAST,535,143,STREET,10454,535 EAST 143 STREET,163.0,BETANCES I,2018-11-16,BRONX,309.0,both
172,2022690100,2116420,7,M,EAST,545,143,STREET,10454,545 EAST 143 STREET,163.0,BETANCES I,2018-11-16,BRONX,309.0,both
173,2022690100,2090993,8,M,EAST,551,143,STREET,10454,551 EAST 143 STREET,163.0,BETANCES I,2018-11-16,BRONX,309.0,both
174,2022690100,2090993,8,,EAST,555,143,STREET,10454,555 EAST 143 STREET,163.0,BETANCES I,2018-11-16,BRONX,309.0,both
175,2022690100,2090993,8,,,401,SAINT ANNS,AVENUE,10454,401 SAINT ANNS AVENUE,163.0,BETANCES I,2018-11-16,BRONX,309.0,both
176,2022690100,2090991,9,M,EAST,560,144,STREET,10454,560 EAST 144 STREET,163.0,BETANCES I,2018-11-16,BRONX,309.0,both
177,2025680012,2091293,3,M,EAST,700,140,STREET,10454,700 EAST 140 STREET,180.0,"BETANCES II, 13",2018-11-16,BRONX,51.0,both
178,2025680012,2091293,3,,EAST,690,140,STREET,10454,690 EAST 140 STREET,180.0,"BETANCES II, 13",2018-11-16,BRONX,51.0,both
179,2022820057,2000264,1,M,EAST,443,137,STREET,10454,443 EAST 137 STREET,182.0,"BETANCES II, 18",2018-11-16,BRONX,78.0,both
180,2022820057,2000264,1,M,EAST,453,137,STREET,10454,453 EAST 137 STREET,182.0,"BETANCES II, 18",2018-11-16,BRONX,78.0,both
181,2022820057,2000264,1,M,EAST,455,137,STREET,10454,455 EAST 137 STREET,182.0,"BETANCES II, 18",2018-11-16,BRONX,78.0,both
182,2022820057,2000264,1,M,EAST,463,137,STREET,10454,463 EAST 137 STREET,182.0,"BETANCES II, 18",2018-11-16,BRONX,78.0,both
183,2022810010,2091008,2,,EAST,408,137,STREET,10454,408 EAST 137 STREET,186.0,"BETANCES II, 18",2018-11-16,BRONX,78.0,both
184,2022810010,2091008,2,M,EAST,416,137,STREET,10454,416 EAST 137 STREET,186.0,"BETANCES II, 18",2018-11-16,BRONX,78.0,both
185,2022710001,2000102,4,M,EAST,505,144,STREET,10454,505 EAST 144 STREET,188.0,"BETANCES II, 9A",2018-11-16,BRONX,46.0,both
186,2022710001,2000102,4,M,EAST,509,144,STREET,10454,509 EAST 144 STREET,188.0,"BETANCES II, 9A",2018-11-16,BRONX,46.0,both
187,2022710001,2000102,4,,EAST,511,144,STREET,10454,511 EAST 144 STREET,188.0,"BETANCES II, 9A",2018-11-16,BRONX,46.0,both
188,2022710001,2000102,4,M,EAST,517,144,STREET,10454,517 EAST 144 STREET,188.0,"BETANCES II, 9A",2018-11-16,BRONX,46.0,both
189,2025680012,2091292,4,M,EAST,695,139,STREET,10454,695 EAST 139 STREET,180.0,"BETANCES II, 13",2018-11-16,BRONX,51.0,both
190,2025680012,2091291,5,M,EAST,699,139,STREET,10454,699 EAST 139 STREET,180.0,"BETANCES II, 13",2018-11-16,BRONX,51.0,both
191,2022810055,2000000,5,,EAST,451,136,STREET,10454,451 EAST 136 STREET,194.0,"BETANCES III, 18",2018-11-16,BRONX,19.0,both
192,2022810010,2091009,6,M,EAST,411,136,STREET,10454,411 EAST 136 STREET,186.0,"BETANCES II, 18",2018-11-16,BRONX,78.0,both
193,2022710020,2090998,2,M,,427,SAINT ANNS,AVENUE,10454,427 SAINT ANNS AVENUE,196.0,"BETANCES III, 9A",2018-11-16,BRONX,26.0,both
194,2022710020,2090997,3,M,,423,SAINT ANNS,AVENUE,10454,423 SAINT ANNS AVENUE,196.0,"BETANCES III, 9A",2018-11-16,BRONX,26.0,both
195,2022870135,2000433,1,M,EAST,480,143,STREET,10454,480 EAST 143 STREET,198.0,BETANCES IV,2018-11-16,BRONX,282.0,both
196,2022870135,2000433,1,,EAST,490,143,STREET,10454,490 EAST 143 STREET,198.0,BETANCES IV,2018-11-16,BRONX,282.0,both
197,2022910023,2091087,2,M,EAST,433,146,STREET,10455,433 EAST 146 STREET,200.0,BETANCES IV,2018-11-16,BRONX,282.0,both
198,2022910023,2091087,2,M,EAST,435,146,STREET,10455,435 EAST 146 STREET,200.0,BETANCES IV,2018-11-16,BRONX,282.0,both
199,2022910023,2091087,2,M,EAST,437,146,STREET,10455,437 EAST 146 STREET,200.0,BETANCES IV,2018-11-16,BRONX,282.0,both
200,2022910023,2091087,2,M,EAST,439,146,STREET,10455,439 EAST 146 STREET,200.0,BETANCES IV,2018-11-16,BRONX,282.0,both
201,2022910023,2091087,2,M,EAST,441,146,STREET,10455,441 EAST 146 STREET,200.0,BETANCES IV,2018-11-16,BRONX,282.0,both
202,2022720005,2000103,3,,EAST,513,146,STREET,10455,513 EAST 146 STREET,205.0,BETANCES IV,2018-11-16,BRONX,282.0,both
203,2022720005,2000103,3,M,EAST,511,146,STREET,10455,511 EAST 146 STREET,205.0,BETANCES IV,2018-11-16,BRONX,282.0,both
204,2022910023,2091071,4,M,EAST,417,146,STREET,10455,417 EAST 146 STREET,200.0,BETANCES IV,2018-11-16,BRONX,282.0,both
205,2022910023,2091071,4,M,EAST,419,146,STREET,10455,419 EAST 146 STREET,200.0,BETANCES IV,2018-11-16,BRONX,282.0,both
206,2022910023,2091071,4,M,EAST,421,146,STREET,10455,421 EAST 146 STREET,200.0,BETANCES IV,2018-11-16,BRONX,282.0,both
207,2022910023,2091071,4,M,EAST,423,146,STREET,10455,423 EAST 146 STREET,200.0,BETANCES IV,2018-11-16,BRONX,282.0,both
208,2022910023,2091071,4,M,EAST,425,146,STREET,10455,425 EAST 146 STREET,200.0,BETANCES IV,2018-11-16,BRONX,282.0,both
209,2022910023,2091071,4,M,EAST,427,146,STREET,10455,427 EAST 146 STREET,200.0,BETANCES IV,2018-11-16,BRONX,282.0,both
210,2022910023,2091071,4,M,EAST,429,146,STREET,10455,429 EAST 146 STREET,200.0,BETANCES IV,2018-11-16,BRONX,282.0,both
211,2022910023,2091071,4,M,EAST,431,146,STREET,10455,431 EAST 146 STREET,200.0,BETANCES IV,2018-11-16,BRONX,282.0,both
212,2022720038,2093912,5,,EAST,527,146,STREET,10455,527 EAST 146 STREET,215.0,BETANCES IV,2018-11-16,BRONX,282.0,both
213,2022720038,2093912,5,M,EAST,545,146,STREET,10455,545 EAST 146 STREET,215.0,BETANCES IV,2018-11-16,BRONX,282.0,both
214,2022720038,2093912,5,,EAST,547,146,STREET,10455,547 EAST 146 STREET,215.0,BETANCES IV,2018-11-16,BRONX,282.0,both
215,2022720038,2093912,5,,EAST,537,146,STREET,10455,537 EAST 146 STREET,215.0,BETANCES IV,2018-11-16,BRONX,282.0,both
216,2022720005,2090711,6,,EAST,512,146,STREET,10455,512 EAST 146 STREET,205.0,BETANCES IV,2018-11-16,BRONX,282.0,both
217,2022720005,2090711,6,M,EAST,510,146,STREET,10455,510 EAST 146 STREET,205.0,BETANCES IV,2018-11-16,BRONX,282.0,both
218,2022720038,2093913,7,M,EAST,530,146,STREET,10455,530 EAST 146 STREET,215.0,BETANCES IV,2018-11-16,BRONX,282.0,both
219,2022720038,2093913,7,,EAST,528,146,STREET,10455,528 EAST 146 STREET,215.0,BETANCES IV,2018-11-16,BRONX,282.0,both
220,2022910050,2000513,8,M,EAST,455,146,STREET,10455,455 EAST 146 STREET,223.0,BETANCES IV,2018-11-16,BRONX,282.0,both
221,2022870026,2129390,8,,EAST,450,143,STREET,10454,450 EAST 143 STREET,224.0,BETANCES V,2018-11-16,BRONX,100.0,both
222,2022720005,2090712,1,M,EAST,521,146,STREET,10455,521 EAST 146 STREET,205.0,BETANCES IV,2018-11-16,BRONX,282.0,both
223,2022720005,2090713,2,M,EAST,525,146,STREET,10455,525 EAST 146 STREET,205.0,BETANCES IV,2018-11-16,BRONX,282.0,both
224,2022720038,2093909,3,M,EAST,521,145,STREET,10454,521 EAST 145 STREET,215.0,BETANCES IV,2018-11-16,BRONX,282.0,both
225,2022720038,2093909,3,,EAST,525,145,STREET,10454,525 EAST 145 STREET,215.0,BETANCES IV,2018-11-16,BRONX,282.0,both
226,2022910023,2091085,6,M,EAST,409,146,STREET,10455,409 EAST 146 STREET,200.0,BETANCES IV,2018-11-16,BRONX,282.0,both
227,2022910023,2091085,6,,EAST,411,146,STREET,10455,411 EAST 146 STREET,200.0,BETANCES IV,2018-11-16,BRONX,282.0,both
228,2022910023,2091070,7,M,EAST,413,146,STREET,10455,413 EAST 146 STREET,200.0,BETANCES IV,2018-11-16,BRONX,282.0,both
229,2022910023,2091070,7,,EAST,415,146,STREET,10455,415 EAST 146 STREET,200.0,BETANCES IV,2018-11-16,BRONX,282.0,both
230,2022910023,2091092,8,M,EAST,445,146,STREET,10455,445 EAST 146 STREET,200.0,BETANCES IV,2018-11-16,BRONX,282.0,both
231,2022910001,2109608,1,M,EAST,400,147,STREET,10455,400 EAST 147 STREET,234.0,BETANCES VI,2018-11-16,BRONX,155.0,both
232,2022910030,2000508,2,M,EAST,460,147,STREET,10455,460 EAST 147 STREET,235.0,BETANCES VI,2018-11-16,BRONX,155.0,both
233,2022720119,2116543,3,M,EAST,550,147,STREET,10455,550 EAST 147 STREET,236.0,BETANCES VI,2018-11-16,BRONX,155.0,both
234,2022910001,2000000,4,,,474,WILLIS,AVENUE,10455,474 WILLIS AVENUE,234.0,BETANCES VI,2018-11-16,BRONX,155.0,both
235,2022720119,2093910,5,,,465,SAINT ANNS,AVENUE,10455,465 SAINT ANNS AVENUE,236.0,BETANCES VI,2018-11-16,BRONX,155.0,both
236,1021070059,1062490,1,,,1943,AMSTERDAM,AVENUE,10032,1943 AMSTERDAM AVENUE,239.0,BETHUNE GARDENS,2023-01-10,MANHATTAN,210.0,both
237,1021070059,1062490,1,M,,1945,AMSTERDAM,AVENUE,10032,1945 AMSTERDAM AVENUE,239.0,BETHUNE GARDENS,2023-01-10,MANHATTAN,210.0,both
238,1021070059,1062490,1,,,1949,AMSTERDAM,AVENUE,10032,1949 AMSTERDAM AVENUE,239.0,BETHUNE GARDENS,2023-01-10,MANHATTAN,210.0,both
239,1021070059,1062490,1,,,1947,AMSTERDAM,AVENUE,10032,1947 AMSTERDAM AVENUE,239.0,BETHUNE GARDENS,2023-01-10,MANHATTAN,210.0,both
240,2044310001,2093400,1,M,,2440,BOSTON,ROAD,10467,2440 BOSTON ROAD,243.0,BOSTON ROAD PLAZA,2024-09-26,BRONX,235.0,both
241,2044310001,2093400,1,,,2430,BOSTON,ROAD,10467,2430 BOSTON ROAD,243.0,BOSTON ROAD PLAZA,2024-09-26,BRONX,235.0,both
242,2044310001,2093401,2,,,2424,BOSTON,ROAD,10467,2424 BOSTON ROAD,243.0,BOSTON ROAD PLAZA,2024-09-26,BRONX,235.0,both
243,2052630040,2093876,1,M,,3475,BIVONA,STREET,10475,3475 BIVONA STREET,246.0,BOSTON SECOR,2024-09-26,BRONX,235.0,both
244,2052630040,2093876,1,,,3485,BIVONA,STREET,10475,3485 BIVONA STREET,246.0,BOSTON SECOR,2024-09-26,BRONX,235.0,both
245,2052630040,2093875,2,M,,3555,BIVONA,STREET,10475,3555 BIVONA STREET,246.0,BOSTON SECOR,2024-09-26,BRONX,235.0,both
246,2052630040,2093875,2,,,3545,BIVONA,STREET,10475,3545 BIVONA STREET,246.0,BOSTON SECOR,2024-09-26,BRONX,235.0,both
247,2052630040,2093875,2,,,3565,BIVONA,STREET,10475,3565 BIVONA STREET,246.0,BOSTON SECOR,2024-09-26,BRONX,235.0,both
248,2052630070,2093879,3,,,3560,BIVONA,STREET,10475,3560 BIVONA STREET,251.0,BOSTON SECOR,2024-09-26,BRONX,235.0,both
249,2052630070,2093879,3,M,,3550,BIVONA,STREET,10475,3550 BIVONA STREET,251.0,BOSTON SECOR,2024-09-26,BRONX,235.0,both
250,2052630070,2093877,3,,,3540,BIVONA,STREET,10475,3540 BIVONA STREET,251.0,BOSTON SECOR,2024-09-26,BRONX,235.0,both
251,2052630070,2093879,3,,,3580,BIVONA,STREET,10475,3580 BIVONA STREET,251.0,BOSTON SECOR,2024-09-26,BRONX,235.0,both
252,2052630070,2093879,3,,,3570,BIVONA,STREET,10475,3570 BIVONA STREET,251.0,BOSTON SECOR,2024-09-26,BRONX,235.0,both
253,2052630070,2093877,4,,,2185,REEDS MILL,LANE,10475,2185 REEDS MILL LANE,251.0,BOSTON SECOR,2024-09-26,BRONX,235.0,both
254,2052630070,2093877,4,M,,2175,REEDS MILL,LANE,10475,2175 REEDS MILL LANE,251.0,BOSTON SECOR,2024-09-26,BRONX,235.0,both
255,2052630070,2112981,5,,,2185,REEDS MILL,LANE,10475,2185 REEDS MILL LANE,251.0,BOSTON SECOR,2024-09-26,BRONX,235.0,both
256,2052630070,2093877,6,,,3540,BIVONA,STREET,10475,3540 BIVONA STREET,251.0,BOSTON SECOR,2024-09-26,BRONX,235.0,both
257,3043550001,3324285,1,M,,785,SCHENCK,AVENUE,11207,785 SCHENCK AVENUE,260.0,BOULEVARD,2021-12-28,BROOKLYN,1441.0,both
258,3043550001,3324285,1,,,2150,LINDEN,BOULEVARD,11207,2150 LINDEN BOULEVARD,260.0,BOULEVARD,2021-12-28,BROOKLYN,1441.0,both
259,3043550001,3324285,1,M,,797,SCHENCK,AVENUE,11207,797 SCHENCK AVENUE,260.0,BOULEVARD,2021-12-28,BROOKLYN,1441.0,both
260,3043550001,3324288,10,M,,842,ASHFORD,STREET,11207,842 ASHFORD STREET,260.0,BOULEVARD,2021-12-28,BROOKLYN,1441.0,both
261,3043550001,3324288,10,,,773,STANLEY,AVENUE,11207,773 STANLEY AVENUE,260.0,BOULEVARD,2021-12-28,BROOKLYN,1441.0,both
262,3043550001,3324288,10,M,,854,ASHFORD,STREET,11207,854 ASHFORD STREET,260.0,BOULEVARD,2021-12-28,BROOKLYN,1441.0,both
263,3043770001,3324162,11,M,,845,SCHENCK,AVENUE,11207,845 SCHENCK AVENUE,266.0,BOULEVARD,2021-12-28,BROOKLYN,1441.0,both
264,3043770001,3324162,11,M,,857,SCHENCK,AVENUE,11207,857 SCHENCK AVENUE,266.0,BOULEVARD,2021-12-28,BROOKLYN,1441.0,both
265,3043770001,3324276,12,M,,881,SCHENCK,AVENUE,11207,881 SCHENCK AVENUE,266.0,BOULEVARD,2021-12-28,BROOKLYN,1441.0,both
266,3043770001,3324276,12,M,,893,SCHENCK,AVENUE,11207,893 SCHENCK AVENUE,266.0,BOULEVARD,2021-12-28,BROOKLYN,1441.0,both
267,3043770001,3324277,13,,,726,STANLEY,AVENUE,11207,726 STANLEY AVENUE,266.0,BOULEVARD,2021-12-28,BROOKLYN,1441.0,both
268,3043770001,3324277,13,M,,738,STANLEY,AVENUE,11207,738 STANLEY AVENUE,266.0,BOULEVARD,2021-12-28,BROOKLYN,1441.0,both
269,3043770001,3324277,13,M,,740,STANLEY,AVENUE,11207,740 STANLEY AVENUE,266.0,BOULEVARD,2021-12-28,BROOKLYN,1441.0,both
270,3043770001,3324279,14,M,,359,WORTMAN,AVENUE,11207,359 WORTMAN AVENUE,266.0,BOULEVARD,2021-12-28,BROOKLYN,1441.0,both
271,3043770001,3324279,14,M,,357,WORTMAN,AVENUE,11207,357 WORTMAN AVENUE,266.0,BOULEVARD,2021-12-28,BROOKLYN,1441.0,both
272,3043770001,3324278,15,M,,756,STANLEY,AVENUE,11207,756 STANLEY AVENUE,266.0,BOULEVARD,2021-12-28,BROOKLYN,1441.0,both
273,3043770001,3324278,15,M,,758,STANLEY,AVENUE,11207,758 STANLEY AVENUE,266.0,BOULEVARD,2021-12-28,BROOKLYN,1441.0,both
274,3043770001,3324278,15,,,772,STANLEY,AVENUE,11207,772 STANLEY AVENUE,266.0,BOULEVARD,2021-12-28,BROOKLYN,1441.0,both
275,3043770001,3324280,16,M,,363,WORTMAN,AVENUE,11207,363 WORTMAN AVENUE,266.0,BOULEVARD,2021-12-28,BROOKLYN,1441.0,both
276,3043770001,3324280,16,M,,361,WORTMAN,AVENUE,11207,361 WORTMAN AVENUE,266.0,BOULEVARD,2021-12-28,BROOKLYN,1441.0,both
277,3043770001,3324274,17,M,,872,ASHFORD,STREET,11207,872 ASHFORD STREET,266.0,BOULEVARD,2021-12-28,BROOKLYN,1441.0,both
278,3043770001,3324274,17,M,,884,ASHFORD,STREET,11207,884 ASHFORD STREET,266.0,BOULEVARD,2021-12-28,BROOKLYN,1441.0,both
279,3043770001,3324275,18,M,,908,ASHFORD,STREET,11207,908 ASHFORD STREET,266.0,BOULEVARD,2021-12-28,BROOKLYN,1441.0,both
280,3043770001,3324275,18,M,,920,ASHFORD,STREET,11207,920 ASHFORD STREET,266.0,BOULEVARD,2021-12-28,BROOKLYN,1441.0,both
281,3043550001,3324293,2,M,,817,SCHENCK,AVENUE,11207,817 SCHENCK AVENUE,260.0,BOULEVARD,2021-12-28,BROOKLYN,1441.0,both
282,3043550001,3324293,2,M,,829,SCHENCK,AVENUE,11207,829 SCHENCK AVENUE,260.0,BOULEVARD,2021-12-28,BROOKLYN,1441.0,both
283,3043550001,3324289,3,M,,2156,LINDEN,BOULEVARD,11207,2156 LINDEN BOULEVARD,260.0,BOULEVARD,2021-12-28,BROOKLYN,1441.0,both
284,3043550001,3324292,4,M,,807,SCHENCK,AVENUE,11207,807 SCHENCK AVENUE,260.0,BOULEVARD,2021-12-28,BROOKLYN,1441.0,both
285,3043550001,3324294,5,M,,725,STANLEY,AVENUE,11207,725 STANLEY AVENUE,260.0,BOULEVARD,2021-12-28,BROOKLYN,1441.0,both
286,3043550001,3324290,6,M,,2202,LINDEN,BOULEVARD,11207,2202 LINDEN BOULEVARD,260.0,BOULEVARD,2021-12-28,BROOKLYN,1441.0,both
287,3043550001,3324287,7,M,,830,ASHFORD,STREET,11207,830 ASHFORD STREET,260.0,BOULEVARD,2021-12-28,BROOKLYN,1441.0,both
288,3043550001,3324295,8,M,,765,STANLEY,AVENUE,11207,765 STANLEY AVENUE,260.0,BOULEVARD,2021-12-28,BROOKLYN,1441.0,both
289,3043550001,3324286,9,,,812,ASHFORD,STREET,11207,812 ASHFORD STREET,260.0,BOULEVARD,2021-12-28,BROOKLYN,1441.0,both
290,3043550001,3324286,9,,,828,ASHFORD,STREET,11207,828 ASHFORD STREET,260.0,BOULEVARD,2021-12-28,BROOKLYN,1441.0,both
291,3043550001,3324286,9,M,,804,ASHFORD,STREET,11207,804 ASHFORD STREET,260.0,BOULEVARD,2021-12-28,BROOKLYN,1441.0,both
292,3043550001,3324286,9,M,,816,ASHFORD,STREET,11207,816 ASHFORD STREET,260.0,BOULEVARD,2021-12-28,BROOKLYN,1441.0,both
293,3034100033,3326292,1,M,,580,CENTRAL,AVENUE,11207,580 CENTRAL AVENUE,296.0,BUSHWICK II (GROUPS A & C),2019-07-18,BROOKLYN,300.0,both
294,3032760001,3325659,10,M,,140,HIMROD,STREET,11221,140 HIMROD STREET,297.0,BUSHWICK II (GROUPS A & C),2019-07-18,BROOKLYN,300.0,both
295,3032760001,3325658,11,M,,139,HARMAN,STREET,11221,139 HARMAN STREET,297.0,BUSHWICK II (GROUPS A & C),2019-07-18,BROOKLYN,300.0,both
296,3032760001,3325657,12,M,,251,CENTRAL,AVENUE,11221,251 CENTRAL AVENUE,297.0,BUSHWICK II (GROUPS A & C),2019-07-18,BROOKLYN,300.0,both
297,3032750047,3074721,13,M,,270,CENTRAL,AVENUE,11221,270 CENTRAL AVENUE,300.0,BUSHWICK II (GROUPS A & C),2019-07-18,BROOKLYN,300.0,both
298,3032850049,3075041,14,M,,290,CENTRAL,AVENUE,11221,290 CENTRAL AVENUE,301.0,BUSHWICK II (GROUPS A & C),2019-07-18,BROOKLYN,300.0,both
299,3032960046,3075382,15,M,,310,CENTRAL,AVENUE,11221,310 CENTRAL AVENUE,302.0,BUSHWICK II (GROUPS A & C),2019-07-18,BROOKLYN,300.0,both
300,3032860001,3325686,16,M,,250,WILSON,AVENUE,11237,250 WILSON AVENUE,303.0,BUSHWICK II (GROUPS A & C),2019-07-18,BROOKLYN,300.0,both
301,3032860001,3325688,17,M,,190,HARMAN,STREET,11221,190 HARMAN STREET,303.0,BUSHWICK II (GROUPS A & C),2019-07-18,BROOKLYN,300.0,both
302,3032860001,3325685,18,M,,1259,GREENE,AVENUE,11221,1259 GREENE AVENUE,303.0,BUSHWICK II (GROUPS A & C),2019-07-18,BROOKLYN,300.0,both
303,3032860001,3325687,19,M,,140,HARMAN,STREET,11221,140 HARMAN STREET,303.0,BUSHWICK II (GROUPS A & C),2019-07-18,BROOKLYN,300.0,both
304,3034100033,3326291,2,M,,155,ELDERT,STREET,11207,155 ELDERT STREET,296.0,BUSHWICK II (GROUPS A & C),2019-07-18,BROOKLYN,300.0,both
305,3032860001,3325684,20,M,,1229,GREENE,AVENUE,11221,1229 GREENE AVENUE,303.0,BUSHWICK II (GROUPS A & C),2019-07-18,BROOKLYN,300.0,both
306,3032860001,3325683,21,M,,269,CENTRAL,AVENUE,11221,269 CENTRAL AVENUE,303.0,BUSHWICK II (GROUPS A & C),2019-07-18,BROOKLYN,300.0,both
307,3032970001,3325697,22,M,,270,WILSON,AVENUE,11237,270 WILSON AVENUE,310.0,BUSHWICK II (GROUPS A & C),2019-07-18,BROOKLYN,300.0,both
308,3032970001,3325696,23,M,,1280,GREENE,AVENUE,11221,1280 GREENE AVENUE,310.0,BUSHWICK II (GROUPS A & C),2019-07-18,BROOKLYN,300.0,both
309,3032970001,3325695,24,M,,1240,GREENE,AVENUE,11221,1240 GREENE AVENUE,310.0,BUSHWICK II (GROUPS A & C),2019-07-18,BROOKLYN,300.0,both
310,3032970001,3325694,25,M,,289,CENTRAL,AVENUE,11221,289 CENTRAL AVENUE,310.0,BUSHWICK II (GROUPS A & C),2019-07-18,BROOKLYN,300.0,both
311,3034030001,3078553,3,M,,595,EVERGREEN,AVENUE,11207,595 EVERGREEN AVENUE,314.0,BUSHWICK II (GROUPS A & C),2019-07-18,BROOKLYN,300.0,both
312,3034100001,3078789,4,M,,615,EVERGREEN,AVENUE,11207,615 EVERGREEN AVENUE,315.0,BUSHWICK II (GROUPS A & C),2019-07-18,BROOKLYN,300.0,both
313,3034150039,3326305,5,M,,690,EVERGREEN,AVENUE,11207,690 EVERGREEN AVENUE,316.0,BUSHWICK II (GROUPS A & C),2019-07-18,BROOKLYN,300.0,both
314,3034090032,3078774,6,M,,670,EVERGREEN,AVENUE,11207,670 EVERGREEN AVENUE,317.0,BUSHWICK II (GROUPS A & C),2019-07-18,BROOKLYN,300.0,both
315,3034150039,3326315,7,M,,85,COVERT,STREET,11207,85 COVERT STREET,316.0,BUSHWICK II (GROUPS A & C),2019-07-18,BROOKLYN,300.0,both
316,3034150039,3326314,8,M,,75,COVERT,STREET,11207,75 COVERT STREET,316.0,BUSHWICK II (GROUPS A & C),2019-07-18,BROOKLYN,300.0,both
317,3032760001,3325660,9,M,,160,HIMROD,STREET,11221,160 HIMROD STREET,297.0,BUSHWICK II (GROUPS A & C),2019-07-18,BROOKLYN,300.0,both
318,3033320001,3325725,26,M,,1201,GATES,AVENUE,11221,1201 GATES AVENUE,321.0,BUSHWICK II (GROUPS B & D),2019-07-18,BROOKLYN,300.0,both
319,3033320001,3325726,27,M,,415,EVERGREEN,AVENUE,11221,415 EVERGREEN AVENUE,321.0,BUSHWICK II (GROUPS B & D),2019-07-18,BROOKLYN,300.0,both
320,3033410001,3326139,28,M,,431,EVERGREEN,AVENUE,11221,431 EVERGREEN AVENUE,323.0,BUSHWICK II (GROUPS B & D),2019-07-18,BROOKLYN,300.0,both
321,3033410001,3326140,29,M,,1210,GATES,AVENUE,11221,1210 GATES AVENUE,323.0,BUSHWICK II (GROUPS B & D),2019-07-18,BROOKLYN,300.0,both
322,3033410001,3326141,30,M,,1230,GATES,AVENUE,11221,1230 GATES AVENUE,323.0,BUSHWICK II (GROUPS B & D),2019-07-18,BROOKLYN,300.0,both
323,3033410001,3326142,31,M,,1240,GATES,AVENUE,11221,1240 GATES AVENUE,323.0,BUSHWICK II (GROUPS B & D),2019-07-18,BROOKLYN,300.0,both
324,3033410001,3326137,32,M,,1260,GATES,AVENUE,11221,1260 GATES AVENUE,323.0,BUSHWICK II (GROUPS B & D),2019-07-18,BROOKLYN,300.0,both
325,3033410001,3326138,33,M,,400,CENTRAL,AVENUE,11221,400 CENTRAL AVENUE,323.0,BUSHWICK II (GROUPS B & D),2019-07-18,BROOKLYN,300.0,both
326,3033410001,3326146,34,M,,143,PALMETTO,STREET,11221,143 PALMETTO STREET,323.0,BUSHWICK II (GROUPS B & D),2019-07-18,BROOKLYN,300.0,both
327,3033410001,3326145,35,M,,125,PALMETTO,STREET,11221,125 PALMETTO STREET,323.0,BUSHWICK II (GROUPS B & D),2019-07-18,BROOKLYN,300.0,both
328,3033410001,3326144,36,M,,105,PALMETTO,STREET,11221,105 PALMETTO STREET,323.0,BUSHWICK II (GROUPS B & D),2019-07-18,BROOKLYN,300.0,both
329,3033410001,3326143,37,M,,95,PALMETTO,STREET,11221,95 PALMETTO STREET,323.0,BUSHWICK II (GROUPS B & D),2019-07-18,BROOKLYN,300.0,both
330,3033590029,3076768,38,M,,440,CENTRAL,AVENUE,11221,440 CENTRAL AVENUE,333.0,BUSHWICK II (GROUPS B & D),2019-07-18,BROOKLYN,300.0,both
331,3033420001,3326150,39,M,,1320,GATES,AVENUE,11221,1320 GATES AVENUE,334.0,BUSHWICK II (GROUPS B & D),2019-07-18,BROOKLYN,300.0,both
332,3033420001,3326149,40,M,,1300,GATES,AVENUE,11221,1300 GATES AVENUE,334.0,BUSHWICK II (GROUPS B & D),2019-07-18,BROOKLYN,300.0,both
333,3033420001,3326148,41,M,,375,CENTRAL,AVENUE,11221,375 CENTRAL AVENUE,334.0,BUSHWICK II (GROUPS B & D),2019-07-18,BROOKLYN,300.0,both
334,3033420001,3326147,42,M,,161,PALMETTO,STREET,11221,161 PALMETTO STREET,334.0,BUSHWICK II (GROUPS B & D),2019-07-18,BROOKLYN,300.0,both
335,3033510001,3326174,43,M,,390,WILSON,AVENUE,11221,390 WILSON AVENUE,338.0,BUSHWICK II (GROUPS B & D),2019-07-18,BROOKLYN,300.0,both
336,3033510001,3326173,44,M,,210,PALMETTO,STREET,11221,210 PALMETTO STREET,338.0,BUSHWICK II (GROUPS B & D),2019-07-18,BROOKLYN,300.0,both
337,3033510001,3326172,45,M,,200,PALMETTO,STREET,11221,200 PALMETTO STREET,338.0,BUSHWICK II (GROUPS B & D),2019-07-18,BROOKLYN,300.0,both
338,3033510001,3326171,46,M,,190,PALMETTO,STREET,11221,190 PALMETTO STREET,338.0,BUSHWICK II (GROUPS B & D),2019-07-18,BROOKLYN,300.0,both
339,3033510001,3326175,47,M,,191,WOODBINE,STREET,11221,191 WOODBINE STREET,338.0,BUSHWICK II (GROUPS B & D),2019-07-18,BROOKLYN,300.0,both
340,3033510001,3326170,48,M,,180,PALMETTO,STREET,11221,180 PALMETTO STREET,338.0,BUSHWICK II (GROUPS B & D),2019-07-18,BROOKLYN,300.0,both
341,3033510001,3326165,49,M,,170,PALMETTO,STREET,11221,170 PALMETTO STREET,338.0,BUSHWICK II (GROUPS B & D),2019-07-18,BROOKLYN,300.0,both
342,3033510001,3326169,50,M,,399,CENTRAL,AVENUE,11221,399 CENTRAL AVENUE,338.0,BUSHWICK II (GROUPS B & D),2019-07-18,BROOKLYN,300.0,both
343,3033500028,3076595,51,,,420,CENTRAL,AVENUE,11221,420 CENTRAL AVENUE,346.0,BUSHWICK II (GROUPS B & D),2019-07-18,BROOKLYN,300.0,both
344,3033500028,3076595,51,,,422,CENTRAL,AVENUE,11221,422 CENTRAL AVENUE,346.0,BUSHWICK II (GROUPS B & D),2019-07-18,BROOKLYN,300.0,both
345,3033340001,3342119,51,,,1387,GATES,AVENUE,11221,1387 GATES AVENUE,348.0,BUSHWICK II CDA (GROUP E),2019-07-18,BROOKLYN,276.0,both
346,3033340022,3000000,51,,,230,LINDEN,STREET,11221,230 LINDEN STREET,349.0,BUSHWICK II CDA (GROUP E),2019-07-18,BROOKLYN,276.0,both
347,3033160001,3075907,1,M,,176,MENAHAN,STREET,11237,176 MENAHAN STREET,350.0,BUSHWICK II CDA (GROUP E),2019-07-18,BROOKLYN,276.0,both
348,3033160001,3075907,1,M,,172,MENAHAN,STREET,11237,172 MENAHAN STREET,350.0,BUSHWICK II CDA (GROUP E),2019-07-18,BROOKLYN,276.0,both
349,3033160001,3075907,1,M,,319,WILSON,AVENUE,11237,319 WILSON AVENUE,350.0,BUSHWICK II CDA (GROUP E),2019-07-18,BROOKLYN,276.0,both
350,3033160001,3075907,1,M,,323,WILSON,AVENUE,11237,323 WILSON AVENUE,350.0,BUSHWICK II CDA (GROUP E),2019-07-18,BROOKLYN,276.0,both
351,3033160001,3075907,1,M,,327,WILSON,AVENUE,11237,327 WILSON AVENUE,350.0,BUSHWICK II CDA (GROUP E),2019-07-18,BROOKLYN,276.0,both
352,3033250001,3338492,2,M,,242,GROVE,STREET,11237,242 GROVE STREET,355.0,BUSHWICK II CDA (GROUP E),2019-07-18,BROOKLYN,276.0,both
353,3033250001,3338492,2,M,,238,GROVE,STREET,11237,238 GROVE STREET,355.0,BUSHWICK II CDA (GROUP E),2019-07-18,BROOKLYN,276.0,both
354,3033250001,3338492,2,M,,234,GROVE,STREET,11237,234 GROVE STREET,355.0,BUSHWICK II CDA (GROUP E),2019-07-18,BROOKLYN,276.0,both
355,3033250001,3338492,2,M,,230,GROVE,STREET,11237,230 GROVE STREET,355.0,BUSHWICK II CDA (GROUP E),2019-07-18,BROOKLYN,276.0,both
356,3033250001,3338492,2,M,,226,GROVE,STREET,11237,226 GROVE STREET,355.0,BUSHWICK II CDA (GROUP E),2019-07-18,BROOKLYN,276.0,both
357,3033250001,3338492,2,M,,339,WILSON,AVENUE,11221,339 WILSON AVENUE,355.0,BUSHWICK II CDA (GROUP E),2019-07-18,BROOKLYN,276.0,both
358,3033250001,3338492,2,M,,343,WILSON,AVENUE,11221,343 WILSON AVENUE,355.0,BUSHWICK II CDA (GROUP E),2019-07-18,BROOKLYN,276.0,both
359,3033250001,3338492,2,M,,347,WILSON,AVENUE,11221,347 WILSON AVENUE,355.0,BUSHWICK II CDA (GROUP E),2019-07-18,BROOKLYN,276.0,both
360,3033250001,3338491,3,M,,235,LINDEN,STREET,11221,235 LINDEN STREET,355.0,BUSHWICK II CDA (GROUP E),2019-07-18,BROOKLYN,276.0,both
361,3033250001,3338491,3,M,,239,LINDEN,STREET,11221,239 LINDEN STREET,355.0,BUSHWICK II CDA (GROUP E),2019-07-18,BROOKLYN,276.0,both
362,3033250001,3338491,3,M,,243,LINDEN,STREET,11221,243 LINDEN STREET,355.0,BUSHWICK II CDA (GROUP E),2019-07-18,BROOKLYN,276.0,both
363,3033250001,3338491,3,M,,247,LINDEN,STREET,11221,247 LINDEN STREET,355.0,BUSHWICK II CDA (GROUP E),2019-07-18,BROOKLYN,276.0,both
364,3033250001,3338491,3,M,,251,LINDEN,STREET,11221,251 LINDEN STREET,355.0,BUSHWICK II CDA (GROUP E),2019-07-18,BROOKLYN,276.0,both
365,3033250001,3338491,3,M,,532,KNICKERBOCKER,AVENUE,11221,532 KNICKERBOCKER AVENUE,355.0,BUSHWICK II CDA (GROUP E),2019-07-18,BROOKLYN,276.0,both
366,3033250001,3338491,3,M,,528,KNICKERBOCKER,AVENUE,11221,528 KNICKERBOCKER AVENUE,355.0,BUSHWICK II CDA (GROUP E),2019-07-18,BROOKLYN,276.0,both
367,3033250001,3338491,3,M,,524,KNICKERBOCKER,AVENUE,11221,524 KNICKERBOCKER AVENUE,355.0,BUSHWICK II CDA (GROUP E),2019-07-18,BROOKLYN,276.0,both
368,3033340001,3338493,4,M,,236,LINDEN,STREET,11221,236 LINDEN STREET,348.0,BUSHWICK II CDA (GROUP E),2019-07-18,BROOKLYN,276.0,both
369,3033340001,3338493,4,M,,232,LINDEN,STREET,11221,232 LINDEN STREET,348.0,BUSHWICK II CDA (GROUP E),2019-07-18,BROOKLYN,276.0,both
370,3033340001,3338493,4,M,,228,LINDEN,STREET,11221,228 LINDEN STREET,348.0,BUSHWICK II CDA (GROUP E),2019-07-18,BROOKLYN,276.0,both
371,3033340001,3338493,4,M,,224,LINDEN,STREET,11221,224 LINDEN STREET,348.0,BUSHWICK II CDA (GROUP E),2019-07-18,BROOKLYN,276.0,both
372,3033340001,3338493,4,M,,220,LINDEN,STREET,11221,220 LINDEN STREET,348.0,BUSHWICK II CDA (GROUP E),2019-07-18,BROOKLYN,276.0,both
373,3033340001,3338493,4,M,,357,WILSON,AVENUE,11221,357 WILSON AVENUE,348.0,BUSHWICK II CDA (GROUP E),2019-07-18,BROOKLYN,276.0,both
374,3033340001,3338493,4,M,,361,WILSON,AVENUE,11221,361 WILSON AVENUE,348.0,BUSHWICK II CDA (GROUP E),2019-07-18,BROOKLYN,276.0,both
375,3033340001,3338493,4,M,,365,WILSON,AVENUE,11221,365 WILSON AVENUE,348.0,BUSHWICK II CDA (GROUP E),2019-07-18,BROOKLYN,276.0,both
376,3033340001,3342119,5,M,,1389,GATES,AVENUE,11221,1389 GATES AVENUE,348.0,BUSHWICK II CDA (GROUP E),2019-07-18,BROOKLYN,276.0,both
377,3033340001,3396593,5,M,,1393,GATES,AVENUE,11221,1393 GATES AVENUE,348.0,BUSHWICK II CDA (GROUP E),2019-07-18,BROOKLYN,276.0,both
378,3033340001,3342119,5,M,,1397,GATES,AVENUE,11221,1397 GATES AVENUE,348.0,BUSHWICK II CDA (GROUP E),2019-07-18,BROOKLYN,276.0,both
379,3033340001,3342119,5,M,,1411,GATES,AVENUE,11221,1411 GATES AVENUE,348.0,BUSHWICK II CDA (GROUP E),2019-07-18,BROOKLYN,276.0,both
380,3033340001,3342119,5,M,,1415,GATES,AVENUE,11221,1415 GATES AVENUE,348.0,BUSHWICK II CDA (GROUP E),2019-07-18,BROOKLYN,276.0,both
381,3033340001,3342119,5,M,,558,KNICKERBOCKER,AVENUE,11221,558 KNICKERBOCKER AVENUE,348.0,BUSHWICK II CDA (GROUP E),2019-07-18,BROOKLYN,276.0,both
382,3033340001,3342119,5,M,,554,KNICKERBOCKER,AVENUE,11221,554 KNICKERBOCKER AVENUE,348.0,BUSHWICK II CDA (GROUP E),2019-07-18,BROOKLYN,276.0,both
383,3033340001,3342119,5,M,,550,KNICKERBOCKER,AVENUE,11221,550 KNICKERBOCKER AVENUE,348.0,BUSHWICK II CDA (GROUP E),2019-07-18,BROOKLYN,276.0,both
384,2029280028,2092128,1,M,,1525,FULTON,AVENUE,10457,1525 FULTON AVENUE,387.0,CLAREMONT PARKWAY-FRANKLIN AVENUE,2023-11-28,BRONX,188.0,both
385,2029280028,2092128,1,M,,1531,FULTON,AVENUE,10457,1531 FULTON AVENUE,387.0,CLAREMONT PARKWAY-FRANKLIN AVENUE,2023-11-28,BRONX,188.0,both
386,2029280028,2092128,1,M,,1535,FULTON,AVENUE,10457,1535 FULTON AVENUE,387.0,CLAREMONT PARKWAY-FRANKLIN AVENUE,2023-11-28,BRONX,188.0,both
387,2029280028,2092128,1,M,,1545,FULTON,AVENUE,10457,1545 FULTON AVENUE,387.0,CLAREMONT PARKWAY-FRANKLIN AVENUE,2023-11-28,BRONX,188.0,both
388,2029280028,2092128,1,M,,560,CLAREMONT,PARKWAY,10457,560 CLAREMONT PARKWAY,387.0,CLAREMONT PARKWAY-FRANKLIN AVENUE,2023-11-28,BRONX,188.0,both
389,2029280028,2092128,1,M,,550,CLAREMONT,PARKWAY,10457,550 CLAREMONT PARKWAY,387.0,CLAREMONT PARKWAY-FRANKLIN AVENUE,2023-11-28,BRONX,188.0,both
390,2029280028,2092128,1,M,,544,CLAREMONT,PARKWAY,10457,544 CLAREMONT PARKWAY,387.0,CLAREMONT PARKWAY-FRANKLIN AVENUE,2023-11-28,BRONX,188.0,both
391,2029280028,2092127,2,M,,3820,3,AVENUE,10457,3820 3 AVENUE,387.0,CLAREMONT PARKWAY-FRANKLIN AVENUE,2023-11-28,BRONX,188.0,both
392,2029280028,2092127,2,M,,3812,3,AVENUE,10457,3812 3 AVENUE,387.0,CLAREMONT PARKWAY-FRANKLIN AVENUE,2023-11-28,BRONX,188.0,both
393,2029280028,2092127,2,M,,3808,3,AVENUE,10457,3808 3 AVENUE,387.0,CLAREMONT PARKWAY-FRANKLIN AVENUE,2023-11-28,BRONX,188.0,both
394,2029280028,2092127,2,M,,3804,3,AVENUE,10457,3804 3 AVENUE,387.0,CLAREMONT PARKWAY-FRANKLIN AVENUE,2023-11-28,BRONX,188.0,both
395,2029280028,2092127,2,M,,3800,3,AVENUE,10457,3800 3 AVENUE,387.0,CLAREMONT PARKWAY-FRANKLIN AVENUE,2023-11-28,BRONX,188.0,both
396,2029310086,2009713,3,M,,1325,FRANKLIN,AVENUE,10456,1325 FRANKLIN AVENUE,399.0,CLAREMONT PARKWAY-FRANKLIN AVENUE,2023-11-28,BRONX,188.0,both
397,2029310086,2009713,3,,,1315,FRANKLIN,AVENUE,10456,1315 FRANKLIN AVENUE,399.0,CLAREMONT PARKWAY-FRANKLIN AVENUE,2023-11-28,BRONX,188.0,both
398,3013810013,3036910,1,M,,1634,STERLING,PLACE,11233,1634 STERLING PLACE,401.0,CROWN HEIGHTS,2023-11-28,BROOKLYN,121.0,both
399,3013570068,3035983,2,M,,1367,SAINT MARKS,AVENUE,11233,1367 SAINT MARKS AVENUE,402.0,CROWN HEIGHTS,2023-11-28,BROOKLYN,121.0,both
400,3013570065,3035982,3,M,,1371,SAINT MARKS,AVENUE,11233,1371 SAINT MARKS AVENUE,403.0,CROWN HEIGHTS,2023-11-28,BROOKLYN,121.0,both
401,3013690058,3036364,4,M,,1629,PARK,PLACE,11233,1629 PARK PLACE,404.0,CROWN HEIGHTS,2023-11-28,BROOKLYN,121.0,both
402,3013750029,3036636,5,M,,1630,PARK,PLACE,11233,1630 PARK PLACE,405.0,CROWN HEIGHTS,2023-11-28,BROOKLYN,121.0,both
403,3013750031,3036637,6,M,,1636,PARK,PLACE,11233,1636 PARK PLACE,406.0,CROWN HEIGHTS,2023-11-28,BROOKLYN,121.0,both
404,3013750034,3036638,7,M,,1640,PARK,PLACE,11233,1640 PARK PLACE,407.0,CROWN HEIGHTS,2023-11-28,BROOKLYN,121.0,both
405,3013750036,3036639,8,M,,1646,PARK,PLACE,11233,1646 PARK PLACE,408.0,CROWN HEIGHTS,2023-11-28,BROOKLYN,121.0,both
406,2026800019,2005038,1,M,,1150,UNION,AVENUE,10459,1150 UNION AVENUE,409.0,DAVIDSON,2023-11-28,BRONX,175.0,both
407,2026800019,2005038,1,,,1152,UNION,AVENUE,10459,1152 UNION AVENUE,409.0,DAVIDSON,2023-11-28,BRONX,175.0,both
408,2026800019,2005038,1,M,,818,HOME,STREET,10459,818 HOME STREET,409.0,DAVIDSON,2023-11-28,BRONX,175.0,both
409,2026800019,2005038,1,,,1221,PROSPECT,AVENUE,10459,1221 PROSPECT AVENUE,409.0,DAVIDSON,2023-11-28,BRONX,175.0,both
410,2026200036,2004383,1,,,907,EAGLE,AVENUE,10456,907 EAGLE AVENUE,413.0,EAGLE AVENUE-EAST 163RD STREET,2023-11-28,BRONX,66.0,both
411,2026200036,2004383,1,M,,905,EAGLE,AVENUE,10456,905 EAGLE AVENUE,413.0,EAGLE AVENUE-EAST 163RD STREET,2023-11-28,BRONX,66.0,both
412,2030620021,2011855,1,M,,2111,LAFONTAINE,AVENUE,10457,2111 LAFONTAINE AVENUE,415.0,EAST 180TH STREET-MONTEREY AVENUE,2025-06-24,BRONX,239.0,both
413,2030620021,2011855,1,,,2110,MONTEREY,AVENUE,10457,2110 MONTEREY AVENUE,415.0,EAST 180TH STREET-MONTEREY AVENUE,2025-06-24,BRONX,239.0,both
414,2030620021,2011855,1,,,2125,LAFONTAINE,AVENUE,10457,2125 LAFONTAINE AVENUE,415.0,EAST 180TH STREET-MONTEREY AVENUE,2025-06-24,BRONX,239.0,both
415,2030620021,2011855,1,,,2100,MONTEREY,AVENUE,10457,2100 MONTEREY AVENUE,415.0,EAST 180TH STREET-MONTEREY AVENUE,2025-06-24,BRONX,239.0,both
416,2030620021,2011855,1,M,EAST,558,181,STREET,10457,558 EAST 181 STREET,415.0,EAST 180TH STREET-MONTEREY AVENUE,2025-06-24,BRONX,239.0,both
417,2030620021,2011855,1,,EAST,554,181,STREET,10457,554 EAST 181 STREET,415.0,EAST 180TH STREET-MONTEREY AVENUE,2025-06-24,BRONX,239.0,both
418,2030620021,2011855,1,,EAST,560,181,STREET,10457,560 EAST 181 STREET,415.0,EAST 180TH STREET-MONTEREY AVENUE,2025-06-24,BRONX,239.0,both
419,2030620021,2011855,1,,,2120,MONTEREY,AVENUE,10457,2120 MONTEREY AVENUE,415.0,EAST 180TH STREET-MONTEREY AVENUE,2025-06-24,BRONX,239.0,both
420,2030620006,2011852,2,,,2120,QUARRY,ROAD,10457,2120 QUARRY ROAD,423.0,EAST 180TH STREET-MONTEREY AVENUE,2025-06-24,BRONX,239.0,both
421,2045810001,2093490,1,,,1130,BURKE,AVENUE,10469,1130 BURKE AVENUE,424.0,EASTCHESTER GARDENS,2025-03-27,BRONX,877.0,both
422,2045810001,2093490,1,M,,1134,BURKE,AVENUE,10469,1134 BURKE AVENUE,424.0,EASTCHESTER GARDENS,2025-03-27,BRONX,877.0,both
423,2045810001,2093490,1,M,,1140,BURKE,AVENUE,10469,1140 BURKE AVENUE,424.0,EASTCHESTER GARDENS,2025-03-27,BRONX,877.0,both
424,2045810001,2093503,10,,,3016,YATES,AVENUE,10469,3016 YATES AVENUE,424.0,EASTCHESTER GARDENS,2025-03-27,BRONX,877.0,both
425,2045810001,2093503,10,M,,3020,YATES,AVENUE,10469,3020 YATES AVENUE,424.0,EASTCHESTER GARDENS,2025-03-27,BRONX,877.0,both
426,2045810001,2093503,10,M,,3010,YATES,AVENUE,10469,3010 YATES AVENUE,424.0,EASTCHESTER GARDENS,2025-03-27,BRONX,877.0,both
427,2045810001,2093496,2,M,,1160,BURKE,AVENUE,10469,1160 BURKE AVENUE,424.0,EASTCHESTER GARDENS,2025-03-27,BRONX,877.0,both
428,2045810001,2093497,2,M,,1166,BURKE,AVENUE,10469,1166 BURKE AVENUE,424.0,EASTCHESTER GARDENS,2025-03-27,BRONX,877.0,both
429,2045810001,2093497,2,,,1170,BURKE,AVENUE,10469,1170 BURKE AVENUE,424.0,EASTCHESTER GARDENS,2025-03-27,BRONX,877.0,both
430,2045810001,2093498,3,M,,1210,BURKE,AVENUE,10469,1210 BURKE AVENUE,424.0,EASTCHESTER GARDENS,2025-03-27,BRONX,877.0,both
431,2045810001,2093499,3,M,,1216,BURKE,AVENUE,10469,1216 BURKE AVENUE,424.0,EASTCHESTER GARDENS,2025-03-27,BRONX,877.0,both
432,2045810001,2093499,3,,,1220,BURKE,AVENUE,10469,1220 BURKE AVENUE,424.0,EASTCHESTER GARDENS,2025-03-27,BRONX,877.0,both
433,2045810001,2093500,4,M,,1236,BURKE,AVENUE,10469,1236 BURKE AVENUE,424.0,EASTCHESTER GARDENS,2025-03-27,BRONX,877.0,both
434,2045810001,2093500,4,,,1230,BURKE,AVENUE,10469,1230 BURKE AVENUE,424.0,EASTCHESTER GARDENS,2025-03-27,BRONX,877.0,both
435,2045810001,2093501,4,M,,1240,BURKE,AVENUE,10469,1240 BURKE AVENUE,424.0,EASTCHESTER GARDENS,2025-03-27,BRONX,877.0,both
436,2045810001,2093501,4,,,1246,BURKE,AVENUE,10469,1246 BURKE AVENUE,424.0,EASTCHESTER GARDENS,2025-03-27,BRONX,877.0,both
437,2045810001,2093502,5,M,,1260,BURKE,AVENUE,10469,1260 BURKE AVENUE,424.0,EASTCHESTER GARDENS,2025-03-27,BRONX,877.0,both
438,2045810001,2093494,6,M,,3055,BOUCK,AVENUE,10469,3055 BOUCK AVENUE,424.0,EASTCHESTER GARDENS,2025-03-27,BRONX,877.0,both
439,2045810001,2093493,7,M,,1255,ADEE,AVENUE,10469,1255 ADEE AVENUE,424.0,EASTCHESTER GARDENS,2025-03-27,BRONX,877.0,both
440,2045810001,2093492,8,M,,1245,ADEE,AVENUE,10469,1245 ADEE AVENUE,424.0,EASTCHESTER GARDENS,2025-03-27,BRONX,877.0,both
441,2045810001,2093491,9,,,1221,ADEE,AVENUE,10469,1221 ADEE AVENUE,424.0,EASTCHESTER GARDENS,2025-03-27,BRONX,877.0,both
442,2045810001,2093491,9,M,,1219,ADEE,AVENUE,10469,1219 ADEE AVENUE,424.0,EASTCHESTER GARDENS,2025-03-27,BRONX,877.0,both
443,2049050001,2093739,1,M,,1180,GRENADA,PLACE,10466,1180 GRENADA PLACE,446.0,EDENWALD,2023-06-27,BRONX,2039.0,both
444,2049050001,2093739,1,M,,1186,GRENADA,PLACE,10466,1186 GRENADA PLACE,446.0,EDENWALD,2023-06-27,BRONX,2039.0,both
445,2049050001,2094149,10,M,,1166,GRENADA,PLACE,10466,1166 GRENADA PLACE,446.0,EDENWALD,2023-06-27,BRONX,2039.0,both
446,2049050001,2094149,10,M,,1160,GRENADA,PLACE,10466,1160 GRENADA PLACE,446.0,EDENWALD,2023-06-27,BRONX,2039.0,both
447,2049050001,2094143,11,M,,1137,229 DRIVE,NORTH,10466,1137 229 DRIVE NORTH,446.0,EDENWALD,2023-06-27,BRONX,2039.0,both
448,2049050001,2094143,11,M,,1139,229 DRIVE,NORTH,10466,1139 229 DRIVE NORTH,446.0,EDENWALD,2023-06-27,BRONX,2039.0,both
449,2049050001,2094148,12,M,,1125,229 DRIVE,NORTH,10466,1125 229 DRIVE NORTH,446.0,EDENWALD,2023-06-27,BRONX,2039.0,both
450,2049050001,2094148,12,M,,1127,229 DRIVE,NORTH,10466,1127 229 DRIVE NORTH,446.0,EDENWALD,2023-06-27,BRONX,2039.0,both
451,2049050001,2094146,13,M,EAST,1107,229,STREET,10466,1107 EAST 229 STREET,446.0,EDENWALD,2023-06-27,BRONX,2039.0,both
452,2049050001,2094146,13,M,EAST,1111,229,STREET,10466,1111 EAST 229 STREET,446.0,EDENWALD,2023-06-27,BRONX,2039.0,both
453,2049050001,2094147,14,M,EAST,1135,229,STREET,10466,1135 EAST 229 STREET,446.0,EDENWALD,2023-06-27,BRONX,2039.0,both
454,2049050001,2094147,14,,,1126,229 DRIVE,NORTH,10466,1126 229 DRIVE NORTH,446.0,EDENWALD,2023-06-27,BRONX,2039.0,both
455,2049050001,2094151,15,M,EAST,1141,229,STREET,10466,1141 EAST 229 STREET,446.0,EDENWALD,2023-06-27,BRONX,2039.0,both
456,2049050001,2094152,16,,,1146,229 DRIVE,NORTH,10466,1146 229 DRIVE NORTH,446.0,EDENWALD,2023-06-27,BRONX,2039.0,both
457,2049050001,2094152,16,M,EAST,1151,229,STREET,10466,1151 EAST 229 STREET,446.0,EDENWALD,2023-06-27,BRONX,2039.0,both
458,2049050001,2094152,16,,EAST,1145,229,STREET,10466,1145 EAST 229 STREET,446.0,EDENWALD,2023-06-27,BRONX,2039.0,both
459,2049050001,2094153,17,M,EAST,1165,229,STREET,10466,1165 EAST 229 STREET,446.0,EDENWALD,2023-06-27,BRONX,2039.0,both
460,2049050001,2094154,18,M,EAST,1175,229,STREET,10466,1175 EAST 229 STREET,446.0,EDENWALD,2023-06-27,BRONX,2039.0,both
461,2049050001,2094155,19,M,,1189,229 DRIVE,NORTH,10466,1189 229 DRIVE NORTH,446.0,EDENWALD,2023-06-27,BRONX,2039.0,both
462,2049050001,2094155,19,M,EAST,1195,229,STREET,10466,1195 EAST 229 STREET,446.0,EDENWALD,2023-06-27,BRONX,2039.0,both
463,2049050001,2094142,2,M,,3881,BAYCHESTER,AVENUE,10466,3881 BAYCHESTER AVENUE,446.0,EDENWALD,2023-06-27,BRONX,2039.0,both
464,2049050001,2094142,2,M,,3885,BAYCHESTER,AVENUE,10466,3885 BAYCHESTER AVENUE,446.0,EDENWALD,2023-06-27,BRONX,2039.0,both
465,2049050003,2094150,20,M,,1170,229 DRIVE,SOUTH,10466,1170 229 DRIVE SOUTH,,,,,,left_only
466,2049050003,2094157,21,,,1135,229 DRIVE,SOUTH,10466,1135 229 DRIVE SOUTH,,,,,,left_only
467,2049050003,2094157,21,M,,1153,229 DRIVE,SOUTH,10466,1153 229 DRIVE SOUTH,,,,,,left_only
468,2049050003,2094157,21,M,,1155,229 DRIVE,SOUTH,10466,1155 229 DRIVE SOUTH,,,,,,left_only
469,2049050003,2094156,22,,,1130,229 DRIVE,SOUTH,10466,1130 229 DRIVE SOUTH,,,,,,left_only
470,2049050003,2094156,22,M,,1132,229 DRIVE,SOUTH,10466,1132 229 DRIVE SOUTH,,,,,,left_only
471,2049050003,2094158,23,M,EAST,1128,229,STREET,10466,1128 EAST 229 STREET,,,,,,left_only
472,2049050003,2094158,23,M,EAST,1120,229,STREET,10466,1120 EAST 229 STREET,,,,,,left_only
473,2049050003,2094161,24,M,,4044,LACONIA,AVENUE,10466,4044 LACONIA AVENUE,,,,,,left_only
474,2049050003,2094161,24,M,,4040,LACONIA,AVENUE,10466,4040 LACONIA AVENUE,,,,,,left_only
475,2049050003,2094162,25,M,,4056,LACONIA,AVENUE,10466,4056 LACONIA AVENUE,,,,,,left_only
476,2049050003,2094162,25,M,,4064,LACONIA,AVENUE,10466,4064 LACONIA AVENUE,,,,,,left_only
477,2049050003,2094159,26,M,,4020,LACONIA,AVENUE,10466,4020 LACONIA AVENUE,,,,,,left_only
478,2049050003,2094159,26,M,,4024,LACONIA,AVENUE,10466,4024 LACONIA AVENUE,,,,,,left_only
479,2049050003,2094160,27,M,,4034,LACONIA,AVENUE,10466,4034 LACONIA AVENUE,,,,,,left_only
480,2049050003,2094160,27,M,,4030,LACONIA,AVENUE,10466,4030 LACONIA AVENUE,,,,,,left_only
481,2049050003,2097991,28,M,,1138,229 DRIVE,SOUTH,10466,1138 229 DRIVE SOUTH,,,,,,left_only
482,2049050003,2094168,29,M,,1154,229 DRIVE,SOUTH,10466,1154 229 DRIVE SOUTH,,,,,,left_only
483,2049050001,2094141,3,M,,3861,BAYCHESTER,AVENUE,10466,3861 BAYCHESTER AVENUE,446.0,EDENWALD,2023-06-27,BRONX,2039.0,both
484,2049050001,2094141,3,M,,3865,BAYCHESTER,AVENUE,10466,3865 BAYCHESTER AVENUE,446.0,EDENWALD,2023-06-27,BRONX,2039.0,both
485,2049050003,2094169,30,M,,1160,229 DRIVE,SOUTH,10466,1160 229 DRIVE SOUTH,,,,,,left_only
486,2049050003,2094166,31,M,,1187,226,DRIVE,10466,1187 226 DRIVE,,,,,,left_only
487,2049050003,2094166,31,M,,1183,226,DRIVE,10466,1183 226 DRIVE,,,,,,left_only
488,2049050003,2094165,32,M,,1169,226,DRIVE,10466,1169 226 DRIVE,,,,,,left_only
489,2049050003,2094165,32,M,,1165,226,DRIVE,10466,1165 226 DRIVE,,,,,,left_only
490,2049050003,2094164,33,,,1151,226,DRIVE,10466,1151 226 DRIVE,,,,,,left_only
491,2049050003,2094164,33,M,,1145,226,DRIVE,10466,1145 226 DRIVE,,,,,,left_only
492,2049050003,2094164,33,M,,1141,226,DRIVE,10466,1141 226 DRIVE,,,,,,left_only
493,2049050003,2094163,34,M,,1131,226,DRIVE,10466,1131 226 DRIVE,,,,,,left_only
494,2049050003,2094163,34,M,,1135,226,DRIVE,10466,1135 226 DRIVE,,,,,,left_only
495,2049050003,2094171,35,M,,4000,LACONIA,AVENUE,10466,4000 LACONIA AVENUE,,,,,,left_only
496,2049050003,2094171,35,M,,4010,LACONIA,AVENUE,10466,4010 LACONIA AVENUE,,,,,,left_only
497,2049050003,2094172,36,M,EAST,1115,225,STREET,10466,1115 EAST 225 STREET,,,,,,left_only
498,2049050003,2094172,36,M,EAST,1121,225,STREET,10466,1121 EAST 225 STREET,,,,,,left_only
499,2049050003,2094173,37,M,,1138,226,DRIVE,10466,1138 226 DRIVE,,,,,,left_only
500,2049050003,2094173,37,M,,1130,226,DRIVE,10466,1130 226 DRIVE,,,,,,left_only
501,2049050003,2094176,38,M,EAST,1155,225,STREET,10466,1155 EAST 225 STREET,,,,,,left_only
502,2049050003,2094176,38,M,EAST,1161,225,STREET,10466,1161 EAST 225 STREET,,,,,,left_only
503,2049050003,2094177,39,M,EAST,1181,225,STREET,10466,1181 EAST 225 STREET,,,,,,left_only
504,2049050003,2094177,39,M,EAST,1175,225,STREET,10466,1175 EAST 225 STREET,,,,,,left_only
505,2049050001,2094140,4,M,,3841,BAYCHESTER,AVENUE,10466,3841 BAYCHESTER AVENUE,446.0,EDENWALD,2023-06-27,BRONX,2039.0,both
506,2049050001,2094140,4,M,,3845,BAYCHESTER,AVENUE,10466,3845 BAYCHESTER AVENUE,446.0,EDENWALD,2023-06-27,BRONX,2039.0,both
507,2049050003,2094174,40,M,EAST,1195,225,STREET,10466,1195 EAST 225 STREET,,,,,,left_only
508,2049050003,2094174,40,M,,1855,SCHIEFFELIN,AVENUE,10466,1855 SCHIEFFELIN AVENUE,,,,,,left_only
509,2049050003,2094178,41,,EAST,1140,229,STREET,10466,1140 EAST 229 STREET,,,,,,left_only
510,2049050003,2094178,41,,EAST,1150,229,STREET,10466,1150 EAST 229 STREET,,,,,,left_only
511,2049050001,2112989,42,,,1149,229 DRIVE,NORTH,10466,1149 229 DRIVE NORTH,446.0,EDENWALD,2023-06-27,BRONX,2039.0,both
512,2049050001,2094138,5,M,,1981,SCHIEFFELIN,AVENUE,10466,1981 SCHIEFFELIN AVENUE,446.0,EDENWALD,2023-06-27,BRONX,2039.0,both
513,2049050001,2094138,5,M,,1985,SCHIEFFELIN,AVENUE,10466,1985 SCHIEFFELIN AVENUE,446.0,EDENWALD,2023-06-27,BRONX,2039.0,both
514,2049050001,2094137,6,M,,1961,SCHIEFFELIN,AVENUE,10466,1961 SCHIEFFELIN AVENUE,446.0,EDENWALD,2023-06-27,BRONX,2039.0,both
515,2049050001,2094137,6,M,,1965,SCHIEFFELIN,AVENUE,10466,1965 SCHIEFFELIN AVENUE,446.0,EDENWALD,2023-06-27,BRONX,2039.0,both
516,2049050001,2094139,7,M,,1173,229 DRIVE,NORTH,10466,1173 229 DRIVE NORTH,446.0,EDENWALD,2023-06-27,BRONX,2039.0,both
517,2049050001,2094145,8,,,1161,229 DRIVE,NORTH,10466,1161 229 DRIVE NORTH,446.0,EDENWALD,2023-06-27,BRONX,2039.0,both
518,2049050001,2094145,8,M,,1159,229 DRIVE,NORTH,10466,1159 229 DRIVE NORTH,446.0,EDENWALD,2023-06-27,BRONX,2039.0,both
519,2049050001,2094144,9,M,,1147,229 DRIVE,NORTH,10466,1147 229 DRIVE NORTH,446.0,EDENWALD,2023-06-27,BRONX,2039.0,both
520,2049050001,2094144,9,M,,1149,229 DRIVE,NORTH,10466,1149 229 DRIVE NORTH,446.0,EDENWALD,2023-06-27,BRONX,2039.0,both
521,3048180136,3107388,1,M,,752,FENIMORE,STREET,11203,752 FENIMORE STREET,525.0,FENIMORE-LEFFERTS,2023-11-28,BROOKLYN,36.0,both
522,3048180027,3107349,10,M,,730,FENIMORE,STREET,11203,730 FENIMORE STREET,526.0,FENIMORE-LEFFERTS,2023-11-28,BROOKLYN,36.0,both
523,3048180026,3107348,11,M,,728,FENIMORE,STREET,11203,728 FENIMORE STREET,527.0,FENIMORE-LEFFERTS,2023-11-28,BROOKLYN,36.0,both
524,3048180025,3107347,12,M,,726,FENIMORE,STREET,11203,726 FENIMORE STREET,528.0,FENIMORE-LEFFERTS,2023-11-28,BROOKLYN,36.0,both
525,3013300007,3035394,13,M,,334,LEFFERTS,AVENUE,11225,334 LEFFERTS AVENUE,529.0,FENIMORE-LEFFERTS,2023-11-28,BROOKLYN,36.0,both
526,3013300008,3035395,14,M,,336,LEFFERTS,AVENUE,11225,336 LEFFERTS AVENUE,530.0,FENIMORE-LEFFERTS,2023-11-28,BROOKLYN,36.0,both
527,3013300009,3035396,15,M,,338,LEFFERTS,AVENUE,11225,338 LEFFERTS AVENUE,531.0,FENIMORE-LEFFERTS,2023-11-28,BROOKLYN,36.0,both
528,3013300010,3035397,16,M,,340,LEFFERTS,AVENUE,11225,340 LEFFERTS AVENUE,532.0,FENIMORE-LEFFERTS,2023-11-28,BROOKLYN,36.0,both
529,3013300011,3035398,17,M,,342,LEFFERTS,AVENUE,11225,342 LEFFERTS AVENUE,533.0,FENIMORE-LEFFERTS,2023-11-28,BROOKLYN,36.0,both
530,3013300012,3035399,18,M,,344,LEFFERTS,AVENUE,11225,344 LEFFERTS AVENUE,534.0,FENIMORE-LEFFERTS,2023-11-28,BROOKLYN,36.0,both
531,3048180135,3107387,2,M,,750,FENIMORE,STREET,11203,750 FENIMORE STREET,535.0,FENIMORE-LEFFERTS,2023-11-28,BROOKLYN,36.0,both
532,3048180134,3107386,3,M,,748,FENIMORE,STREET,11203,748 FENIMORE STREET,536.0,FENIMORE-LEFFERTS,2023-11-28,BROOKLYN,36.0,both
533,3048180133,3107385,4,M,,746,FENIMORE,STREET,11203,746 FENIMORE STREET,537.0,FENIMORE-LEFFERTS,2023-11-28,BROOKLYN,36.0,both
534,3048180033,3107354,5,M,,742,FENIMORE,STREET,11203,742 FENIMORE STREET,538.0,FENIMORE-LEFFERTS,2023-11-28,BROOKLYN,36.0,both
535,3048180031,3107353,6,M,,740,FENIMORE,STREET,11203,740 FENIMORE STREET,539.0,FENIMORE-LEFFERTS,2023-11-28,BROOKLYN,36.0,both
536,3048180030,3107352,7,M,,738,FENIMORE,STREET,11203,738 FENIMORE STREET,540.0,FENIMORE-LEFFERTS,2023-11-28,BROOKLYN,36.0,both
537,3048180029,3107351,8,M,,736,FENIMORE,STREET,11203,736 FENIMORE STREET,541.0,FENIMORE-LEFFERTS,2023-11-28,BROOKLYN,36.0,both
538,3048180028,3107350,9,M,,732,FENIMORE,STREET,11203,732 FENIMORE STREET,542.0,FENIMORE-LEFFERTS,2023-11-28,BROOKLYN,36.0,both
539,3037240027,3000000,9,,,260,BRADFORD,STREET,11207,260 BRADFORD STREET,543.0,FIORENTINO PLAZA,2021-12-28,BROOKLYN,160.0,both
540,3037250001,3327009,10,M,,320,MILLER,AVENUE,11207,320 MILLER AVENUE,544.0,FIORENTINO PLAZA,2021-12-28,BROOKLYN,160.0,both
541,3039930001,3328463,11,M,,2211,PITKIN,AVENUE,11207,2211 PITKIN AVENUE,545.0,FIORENTINO PLAZA,2021-12-28,BROOKLYN,160.0,both
542,3039930001,3328464,12,M,,2215,PITKIN,AVENUE,11207,2215 PITKIN AVENUE,545.0,FIORENTINO PLAZA,2021-12-28,BROOKLYN,160.0,both
543,3039930001,3328465,13,M,,2221,PITKIN,AVENUE,11207,2221 PITKIN AVENUE,545.0,FIORENTINO PLAZA,2021-12-28,BROOKLYN,160.0,both
544,3039930001,3328465,13,M,,2219,PITKIN,AVENUE,11207,2219 PITKIN AVENUE,545.0,FIORENTINO PLAZA,2021-12-28,BROOKLYN,160.0,both
545,3037240029,3336980,6,M,,2155,PITKIN,AVENUE,11207,2155 PITKIN AVENUE,549.0,FIORENTINO PLAZA,2021-12-28,BROOKLYN,160.0,both
546,3037240029,3336981,7,M,,2165,PITKIN,AVENUE,11207,2165 PITKIN AVENUE,549.0,FIORENTINO PLAZA,2021-12-28,BROOKLYN,160.0,both
547,3037250001,3327012,8,,,2185,PITKIN,AVENUE,11207,2185 PITKIN AVENUE,544.0,FIORENTINO PLAZA,2021-12-28,BROOKLYN,160.0,both
548,3037250001,3327012,8,M,,2189,PITKIN,AVENUE,11207,2189 PITKIN AVENUE,544.0,FIORENTINO PLAZA,2021-12-28,BROOKLYN,160.0,both
549,3037250001,3327012,8,M,,2181,PITKIN,AVENUE,11207,2181 PITKIN AVENUE,544.0,FIORENTINO PLAZA,2021-12-28,BROOKLYN,160.0,both
550,3037250001,3327011,9,,,330,MILLER,AVENUE,11207,330 MILLER AVENUE,544.0,FIORENTINO PLAZA,2021-12-28,BROOKLYN,160.0,both
551,3037250001,3327011,9,M,,340,MILLER,AVENUE,11207,340 MILLER AVENUE,544.0,FIORENTINO PLAZA,2021-12-28,BROOKLYN,160.0,both
552,2032610102,2086835,1,M,,3340,BAILEY,AVENUE,10463,3340 BAILEY AVENUE,,,,,,left_only
553,2032610102,2086835,1,,,3350,BAILEY,AVENUE,10463,3350 BAILEY AVENUE,,,,,,left_only
554,2032610102,2086835,1,,,3355,FORT WASHINGTON,STREET,10463,3355 FORT WASHINGTON STREET,,,,,,left_only
555,2032610102,2086835,1,M,,3353,FORT WASHINGTON,STREET,10463,3353 FORT WASHINGTON STREET,,,,,,left_only
556,1021360235,1063346,1,M,,99,FORT WASHINGTON,AVENUE,10032,99 FORT WASHINGTON AVENUE,556.0,FORT WASHINGTON AVENUE REHAB,2020-11-30,MANHATTAN,226.0,both
557,1021360235,1063346,1,M,,99,FORT WASHINGTON,AVENUE,10032,99 FORT WASHINGTON AVENUE,556.0,FORT WASHINGTON AVENUE REHAB,2020-11-30,MANHATTAN,226.0,both
558,2029310070,2009707,10,M,,1373,FRANKLIN,AVENUE,10456,1373 FRANKLIN AVENUE,558.0,FRANKLIN AVENUE I CONVENTIONAL,2018-11-30,BRONX,61.0,both
559,2029310070,2009707,10,,,1375,FRANKLIN,AVENUE,10456,1375 FRANKLIN AVENUE,558.0,FRANKLIN AVENUE I CONVENTIONAL,2018-11-30,BRONX,61.0,both
560,2029310066,2009705,8,,,1383,FRANKLIN,AVENUE,10456,1383 FRANKLIN AVENUE,560.0,FRANKLIN AVENUE I CONVENTIONAL,2018-11-30,BRONX,61.0,both
561,2029310066,2009705,8,M,,1381,FRANKLIN,AVENUE,10456,1381 FRANKLIN AVENUE,560.0,FRANKLIN AVENUE I CONVENTIONAL,2018-11-30,BRONX,61.0,both
562,2029310068,2009706,9,M,,1377,FRANKLIN,AVENUE,10456,1377 FRANKLIN AVENUE,562.0,FRANKLIN AVENUE I CONVENTIONAL,2018-11-30,BRONX,61.0,both
563,2029310068,2009706,9,,,1379,FRANKLIN,AVENUE,10456,1379 FRANKLIN AVENUE,562.0,FRANKLIN AVENUE I CONVENTIONAL,2018-11-30,BRONX,61.0,both
564,2029350007,2009767,4,M,,1394,FRANKLIN,AVENUE,10456,1394 FRANKLIN AVENUE,565.0,FRANKLIN AVENUE II CONVENTIONAL,2018-11-30,BRONX,45.0,both
565,2029350005,2009766,5,M,,1392,FRANKLIN,AVENUE,10456,1392 FRANKLIN AVENUE,566.0,FRANKLIN AVENUE II CONVENTIONAL,2018-11-30,BRONX,45.0,both
566,2029350003,2009765,6,M,,1390,FRANKLIN,AVENUE,10456,1390 FRANKLIN AVENUE,567.0,FRANKLIN AVENUE II CONVENTIONAL,2018-11-30,BRONX,45.0,both
567,2029350030,2009780,7,M,,631,JEFFERSON,PLACE,10456,631 JEFFERSON PLACE,568.0,FRANKLIN AVENUE III CONVENTIONAL,2018-11-30,BRONX,15.0,both
568,1019250015,1058446,1,M,,182,SAINT NICHOLAS,AVENUE,10026,182 SAINT NICHOLAS AVENUE,569.0,GRAMPION,2020-11-30,MANHATTAN,35.0,both
569,1020370011,1084157,1,M,WEST,229,152,STREET,10039,229 WEST 152 STREET,570.0,HARLEM RIVER,2022-02-17,MANHATTAN,577.0,both
570,1020370011,1084157,1,M,WEST,225,152,STREET,10039,225 WEST 152 STREET,570.0,HARLEM RIVER,2022-02-17,MANHATTAN,577.0,both
571,1020370011,1084157,1,M,WEST,221,152,STREET,10039,221 WEST 152 STREET,570.0,HARLEM RIVER,2022-02-17,MANHATTAN,577.0,both
572,1020370011,1084157,1,M,WEST,210,153,STREET,10039,210 WEST 153 STREET,570.0,HARLEM RIVER,2022-02-17,MANHATTAN,577.0,both
573,1020370011,1084157,1,M,WEST,210,153,STREET,10039,210 WEST 153 STREET,570.0,HARLEM RIVER,2022-02-17,MANHATTAN,577.0,both
574,1020370011,1084157,1,M,WEST,210,153,STREET,10039,210 WEST 153 STREET,570.0,HARLEM RIVER,2022-02-17,MANHATTAN,577.0,both
575,1020370011,1084157,1,M,WEST,210,153,STREET,10039,210 WEST 153 STREET,570.0,HARLEM RIVER,2022-02-17,MANHATTAN,577.0,both
576,1020370011,1084157,1,M,,70,MACOMBS,PLACE,10039,70 MACOMBS PLACE,570.0,HARLEM RIVER,2022-02-17,MANHATTAN,577.0,both
577,1020370011,1086095,2,M,WEST,210,153,STREET,10039,210 WEST 153 STREET,570.0,HARLEM RIVER,2022-02-17,MANHATTAN,577.0,both
578,1020370011,1086095,2,M,WEST,210,153,STREET,10039,210 WEST 153 STREET,570.0,HARLEM RIVER,2022-02-17,MANHATTAN,577.0,both
579,1020370011,1086095,2,M,WEST,210,153,STREET,10039,210 WEST 153 STREET,570.0,HARLEM RIVER,2022-02-17,MANHATTAN,577.0,both
580,1020370011,1086095,2,M,WEST,210,153,STREET,10039,210 WEST 153 STREET,570.0,HARLEM RIVER,2022-02-17,MANHATTAN,577.0,both
581,1020370011,1086095,2,M,WEST,210,153,STREET,10039,210 WEST 153 STREET,570.0,HARLEM RIVER,2022-02-17,MANHATTAN,577.0,both
582,1020370011,1086095,2,,,2650,ADAM C POWELL,BOULEVARD,10039,2650 ADAM C POWELL BOULEVARD,570.0,HARLEM RIVER,2022-02-17,MANHATTAN,577.0,both
583,1020370011,1084155,3,M,WEST,211,151,STREET,10039,211 WEST 151 STREET,570.0,HARLEM RIVER,2022-02-17,MANHATTAN,577.0,both
584,1020370011,1084155,3,M,WEST,211,151,STREET,10039,211 WEST 151 STREET,570.0,HARLEM RIVER,2022-02-17,MANHATTAN,577.0,both
585,1020370011,1084155,3,,,2628,ADAM C POWELL,BOULEVARD,10039,2628 ADAM C POWELL BOULEVARD,570.0,HARLEM RIVER,2022-02-17,MANHATTAN,577.0,both
586,1020370011,1084155,3,,,2630,ADAM C POWELL,BOULEVARD,10039,2630 ADAM C POWELL BOULEVARD,570.0,HARLEM RIVER,2022-02-17,MANHATTAN,577.0,both
587,1020370011,1084155,3,,,2632,ADAM C POWELL,BOULEVARD,10039,2632 ADAM C POWELL BOULEVARD,570.0,HARLEM RIVER,2022-02-17,MANHATTAN,577.0,both
588,1020370011,1084155,3,M,WEST,211,151,STREET,10039,211 WEST 151 STREET,570.0,HARLEM RIVER,2022-02-17,MANHATTAN,577.0,both
589,1020370011,1084155,3,M,WEST,211,151,STREET,10039,211 WEST 151 STREET,570.0,HARLEM RIVER,2022-02-17,MANHATTAN,577.0,both
590,1020370011,1084155,3,,,2624,ADAM C POWELL,BOULEVARD,10039,2624 ADAM C POWELL BOULEVARD,570.0,HARLEM RIVER,2022-02-17,MANHATTAN,577.0,both
591,1020370011,1084155,3,,,2620,ADAM C POWELL,BOULEVARD,10039,2620 ADAM C POWELL BOULEVARD,570.0,HARLEM RIVER,2022-02-17,MANHATTAN,577.0,both
592,1020370011,1084155,3,,,2626,ADAM C POWELL,BOULEVARD,10039,2626 ADAM C POWELL BOULEVARD,570.0,HARLEM RIVER,2022-02-17,MANHATTAN,577.0,both
593,1020370011,1084155,3,,,2622,ADAM C POWELL,BOULEVARD,10039,2622 ADAM C POWELL BOULEVARD,570.0,HARLEM RIVER,2022-02-17,MANHATTAN,577.0,both
594,1020370011,1084155,3,M,WEST,211,151,STREET,10039,211 WEST 151 STREET,570.0,HARLEM RIVER,2022-02-17,MANHATTAN,577.0,both
595,1020370011,1084155,3,,WEST,207,151,STREET,10039,207 WEST 151 STREET,570.0,HARLEM RIVER,2022-02-17,MANHATTAN,577.0,both
596,1020370011,1084154,4,M,WEST,211,151,STREET,10039,211 WEST 151 STREET,570.0,HARLEM RIVER,2022-02-17,MANHATTAN,577.0,both
597,1020370011,1084154,4,M,WEST,211,151,STREET,10039,211 WEST 151 STREET,570.0,HARLEM RIVER,2022-02-17,MANHATTAN,577.0,both
598,1020370011,1084154,4,M,WEST,211,151,STREET,10039,211 WEST 151 STREET,570.0,HARLEM RIVER,2022-02-17,MANHATTAN,577.0,both
599,1020370011,1084154,4,M,WEST,211,151,STREET,10039,211 WEST 151 STREET,570.0,HARLEM RIVER,2022-02-17,MANHATTAN,577.0,both
600,1020370011,1084154,4,M,WEST,220,152,STREET,10039,220 WEST 152 STREET,570.0,HARLEM RIVER,2022-02-17,MANHATTAN,577.0,both
601,1020370011,1084154,4,,WEST,224,152,STREET,10039,224 WEST 152 STREET,570.0,HARLEM RIVER,2022-02-17,MANHATTAN,577.0,both
602,1020370011,1084154,4,M,WEST,226,152,STREET,10039,226 WEST 152 STREET,570.0,HARLEM RIVER,2022-02-17,MANHATTAN,577.0,both
603,1020370011,1084153,5,,WEST,231,151,STREET,10039,231 WEST 151 STREET,570.0,HARLEM RIVER,2022-02-17,MANHATTAN,577.0,both
604,1020370011,1084153,5,M,WEST,234,152,STREET,10039,234 WEST 152 STREET,570.0,HARLEM RIVER,2022-02-17,MANHATTAN,577.0,both
605,1020370011,1084153,5,,,54,MACOMBS,PLACE,10039,54 MACOMBS PLACE,570.0,HARLEM RIVER,2022-02-17,MANHATTAN,577.0,both
606,1020370011,1084153,5,,,58,MACOMBS,PLACE,10039,58 MACOMBS PLACE,570.0,HARLEM RIVER,2022-02-17,MANHATTAN,577.0,both
607,1020370011,1084153,5,,,58,MACOMBS,PLACE,10039,58 MACOMBS PLACE,570.0,HARLEM RIVER,2022-02-17,MANHATTAN,577.0,both
608,1020370011,1084153,5,,,56,MACOMBS,PLACE,10039,56 MACOMBS PLACE,570.0,HARLEM RIVER,2022-02-17,MANHATTAN,577.0,both
609,1020370011,1084153,5,,,54,MACOMBS,PLACE,10039,54 MACOMBS PLACE,570.0,HARLEM RIVER,2022-02-17,MANHATTAN,577.0,both
610,1020370011,1084153,5,M,,52,MACOMBS,PLACE,10039,52 MACOMBS PLACE,570.0,HARLEM RIVER,2022-02-17,MANHATTAN,577.0,both
611,1020370011,1084153,5,,,56,MACOMBS,PLACE,10039,56 MACOMBS PLACE,570.0,HARLEM RIVER,2022-02-17,MANHATTAN,577.0,both
612,1020370011,1084153,5,M,,50,MACOMBS,PLACE,10039,50 MACOMBS PLACE,570.0,HARLEM RIVER,2022-02-17,MANHATTAN,577.0,both
613,1020370011,1084153,5,M,,48,MACOMBS,PLACE,10039,48 MACOMBS PLACE,570.0,HARLEM RIVER,2022-02-17,MANHATTAN,577.0,both
614,1020370011,1084153,5,M,,46,MACOMBS,PLACE,10039,46 MACOMBS PLACE,570.0,HARLEM RIVER,2022-02-17,MANHATTAN,577.0,both
615,1020370011,1084153,5,,,40,MACOMBS,PLACE,10039,40 MACOMBS PLACE,570.0,HARLEM RIVER,2022-02-17,MANHATTAN,577.0,both
616,1020370011,1084153,5,,,42,MACOMBS,PLACE,10039,42 MACOMBS PLACE,570.0,HARLEM RIVER,2022-02-17,MANHATTAN,577.0,both
617,1020370011,1084153,5,,,42,MACOMBS,PLACE,10039,42 MACOMBS PLACE,570.0,HARLEM RIVER,2022-02-17,MANHATTAN,577.0,both
618,1020370011,1084153,5,M,,44,MACOMBS,PLACE,10039,44 MACOMBS PLACE,570.0,HARLEM RIVER,2022-02-17,MANHATTAN,577.0,both
619,1020160060,1084153,6,M,,2653,ADAM C POWELL,BOULEVARD,10039,2653 ADAM C POWELL BOULEVARD,620.0,HARLEM RIVER,2022-02-17,MANHATTAN,577.0,both
620,1020160060,1084153,6,M,,2651,ADAM C POWELL,BOULEVARD,10039,2651 ADAM C POWELL BOULEVARD,620.0,HARLEM RIVER,2022-02-17,MANHATTAN,577.0,both
621,1020160060,1084153,6,M,,2645,ADAM C POWELL,BOULEVARD,10039,2645 ADAM C POWELL BOULEVARD,620.0,HARLEM RIVER,2022-02-17,MANHATTAN,577.0,both
622,1020160060,1084153,6,M,,2641,ADAM C POWELL,BOULEVARD,10039,2641 ADAM C POWELL BOULEVARD,620.0,HARLEM RIVER,2022-02-17,MANHATTAN,577.0,both
623,1020160060,1084139,6,M,WEST,187,152,STREET,10039,187 WEST 152 STREET,620.0,HARLEM RIVER,2022-02-17,MANHATTAN,577.0,both
624,1020160060,1084139,6,M,WEST,183,152,STREET,10039,183 WEST 152 STREET,620.0,HARLEM RIVER,2022-02-17,MANHATTAN,577.0,both
625,1020160060,1084139,6,M,WEST,180,152,STREET,10039,180 WEST 152 STREET,620.0,HARLEM RIVER,2022-02-17,MANHATTAN,577.0,both
626,1020160060,1084139,6,M,WEST,182,152,STREET,10039,182 WEST 152 STREET,620.0,HARLEM RIVER,2022-02-17,MANHATTAN,577.0,both
627,1020160060,1084139,6,M,WEST,186,152,STREET,10039,186 WEST 152 STREET,620.0,HARLEM RIVER,2022-02-17,MANHATTAN,577.0,both
628,1020160060,1084139,7,M,,2637,ADAM C POWELL,BOULEVARD,10039,2637 ADAM C POWELL BOULEVARD,620.0,HARLEM RIVER,2022-02-17,MANHATTAN,577.0,both
629,1020160060,1060197,7,M,WEST,190,152,STREET,10039,190 WEST 152 STREET,620.0,HARLEM RIVER,2022-02-17,MANHATTAN,577.0,both
630,1020160060,1060197,7,,,2627,ADAM C POWELL,BOULEVARD,10039,2627 ADAM C POWELL BOULEVARD,620.0,HARLEM RIVER,2022-02-17,MANHATTAN,577.0,both
631,1020160060,1060197,7,M,WEST,191,151,STREET,10039,191 WEST 151 STREET,620.0,HARLEM RIVER,2022-02-17,MANHATTAN,577.0,both
632,1020160060,1060197,7,,,2633,ADAM C POWELL,BOULEVARD,10039,2633 ADAM C POWELL BOULEVARD,620.0,HARLEM RIVER,2022-02-17,MANHATTAN,577.0,both
633,1020160060,1060197,7,,,2621,ADAM C POWELL,BOULEVARD,10039,2621 ADAM C POWELL BOULEVARD,620.0,HARLEM RIVER,2022-02-17,MANHATTAN,577.0,both
634,1020160060,1060197,7,M,WEST,191,151,STREET,10039,191 WEST 151 STREET,620.0,HARLEM RIVER,2022-02-17,MANHATTAN,577.0,both
635,1020160060,1060197,7,M,WEST,191,151,STREET,10039,191 WEST 151 STREET,620.0,HARLEM RIVER,2022-02-17,MANHATTAN,577.0,both
636,1020160060,1060197,7,M,WEST,181,151,STREET,10039,181 WEST 151 STREET,620.0,HARLEM RIVER,2022-02-17,MANHATTAN,577.0,both
637,1020160060,1060197,7,M,WEST,177,151,STREET,10039,177 WEST 151 STREET,620.0,HARLEM RIVER,2022-02-17,MANHATTAN,577.0,both
638,1020160060,1060197,7,M,WEST,173,151,STREET,10039,173 WEST 151 STREET,620.0,HARLEM RIVER,2022-02-17,MANHATTAN,577.0,both
639,1020370001,1060604,8,,WEST,295,151,STREET,10039,295 WEST 151 STREET,640.0,HARLEM RIVER II ,2022-02-17,MANHATTAN,116.0,both
640,1020370005,1060605,8,,WEST,293,151,STREET,10039,293 WEST 151 STREET,,,,,,left_only
641,1020370005,1060605,8,,WEST,291,151,STREET,10039,291 WEST 151 STREET,,,,,,left_only
642,1020370001,1060604,8,M,,2850,FREDERICK DOUGLASS,BOULEVARD,10039,2850 FREDERICK DOUGLASS BOULEVARD,640.0,HARLEM RIVER II ,2022-02-17,MANHATTAN,116.0,both
643,2028690116,2008606,1,M,,1930,HARRISON,AVENUE,10453,1930 HARRISON AVENUE,,,,,,left_only
644,2028690077,2008603,1,M,,1886,HARRISON,AVENUE,10453,1886 HARRISON AVENUE,,,,,,left_only
645,2028690110,2008605,2,M,,1920,HARRISON,AVENUE,10453,1920 HARRISON AVENUE,,,,,,left_only
646,2028680144,2008557,3,M,,1925,HARRISON,AVENUE,10453,1925 HARRISON AVENUE,,,,,,left_only
647,2028690122,2008607,4,M,,1934,HARRISON,AVENUE,10453,1934 HARRISON AVENUE,,,,,,left_only
648,2025090018,2003149,1,M,,1085,ANDERSON,AVENUE,10452,1085 ANDERSON AVENUE,644.0,HIGHBRIDGE REHABS (ANDERSON AVENUE),2018-11-30,BRONX,135.0,both
649,2025140020,2003258,2,M,WEST,130,166,STREET,10452,130 WEST 166 STREET,645.0,HIGHBRIDGE REHABS (ANDERSON AVENUE),2018-11-30,BRONX,135.0,both
650,2025140015,2003257,3,M,WEST,134,166,STREET,10452,134 WEST 166 STREET,646.0,HIGHBRIDGE REHABS (ANDERSON AVENUE),2018-11-30,BRONX,135.0,both
651,2025140077,2003279,4,M,WEST,125,166,STREET,10452,125 WEST 166 STREET,647.0,HIGHBRIDGE REHABS (ANDERSON AVENUE),2018-11-30,BRONX,135.0,both
652,2025140073,2000000,4,,,1125,NELSON,AVENUE,10452,1125 NELSON AVENUE,648.0,HIGHBRIDGE REHABS (NELSON AVENUE),2018-11-30,BRONX,80.0,both
653,2025140072,2000000,4,,,1127,NELSON,AVENUE,10452,1127 NELSON AVENUE,649.0,HIGHBRIDGE REHABS (NELSON AVENUE),2018-11-30,BRONX,80.0,both
654,2025140070,2000000,4,,,1135,NELSON,AVENUE,10452,1135 NELSON AVENUE,650.0,HIGHBRIDGE REHABS (NELSON AVENUE),2018-11-30,BRONX,80.0,both
655,2025150006,2003283,1,,,1182,NELSON,AVENUE,10452,1182 NELSON AVENUE,651.0,HIGHBRIDGE REHABS (NELSON AVENUE),2018-11-30,BRONX,80.0,both
656,2025150006,2003283,1,M,,1184,NELSON,AVENUE,10452,1184 NELSON AVENUE,651.0,HIGHBRIDGE REHABS (NELSON AVENUE),2018-11-30,BRONX,80.0,both
657,2025130050,2003251,2,M,,1144,NELSON,AVENUE,10452,1144 NELSON AVENUE,653.0,HIGHBRIDGE REHABS (NELSON AVENUE),2018-11-30,BRONX,80.0,both
658,2025140067,2003274,3,M,,1139,NELSON,AVENUE,10452,1139 NELSON AVENUE,654.0,HIGHBRIDGE REHABS (NELSON AVENUE),2018-11-30,BRONX,80.0,both
659,3033150001,3075906,1,,,331,CENTRAL,AVENUE,11221,331 CENTRAL AVENUE,655.0,HOPE GARDENS,2019-07-18,BROOKLYN,330.0,both
660,3033150001,3075906,1,M,,120,MENAHAN,STREET,11221,120 MENAHAN STREET,655.0,HOPE GARDENS,2019-07-18,BROOKLYN,330.0,both
661,3033150001,3394310,2,M,,140,MENAHAN,STREET,11221,140 MENAHAN STREET,655.0,HOPE GARDENS,2019-07-18,BROOKLYN,330.0,both
662,3033150001,3342263,3,M,,160,MENAHAN,STREET,11221,160 MENAHAN STREET,655.0,HOPE GARDENS,2019-07-18,BROOKLYN,330.0,both
663,3033150001,3342263,3,,,314,WILSON,AVENUE,11237,314 WILSON AVENUE,655.0,HOPE GARDENS,2019-07-18,BROOKLYN,330.0,both
664,3033240019,3076116,4,M,,330,WILSON,AVENUE,11221,330 WILSON AVENUE,660.0,HOPE GARDENS,2019-07-18,BROOKLYN,330.0,both
665,3033240019,3076116,4,,,195,LINDEN,STREET,11221,195 LINDEN STREET,660.0,HOPE GARDENS,2019-07-18,BROOKLYN,330.0,both
666,3035110013,3076116,43,,,,STREET,STREET,11221,STREET STREET,663.0,HOWARD AVENUE,2023-11-28,BROOKLYN,150.0,both
667,3035120051,3080900,1,M,,32,GRAFTON,STREET,11212,32 GRAFTON STREET,664.0,HOWARD AVENUE,2023-11-28,BROOKLYN,150.0,both
668,3035120051,3080900,1,M,,36,GRAFTON,STREET,11212,36 GRAFTON STREET,664.0,HOWARD AVENUE,2023-11-28,BROOKLYN,150.0,both
669,3035120051,3080900,1,M,,40,GRAFTON,STREET,11212,40 GRAFTON STREET,664.0,HOWARD AVENUE,2023-11-28,BROOKLYN,150.0,both
670,3035120051,3080900,1,M,,44,GRAFTON,STREET,11212,44 GRAFTON STREET,664.0,HOWARD AVENUE,2023-11-28,BROOKLYN,150.0,both
671,3035120051,3080900,1,M,,48,GRAFTON,STREET,11212,48 GRAFTON STREET,664.0,HOWARD AVENUE,2023-11-28,BROOKLYN,150.0,both
672,3035120021,3326464,2,,,575,HOWARD,AVENUE,11212,575 HOWARD AVENUE,669.0,HOWARD AVENUE,2023-11-28,BROOKLYN,150.0,both
673,3035120021,3326464,2,,,571,HOWARD,AVENUE,11212,571 HOWARD AVENUE,669.0,HOWARD AVENUE,2023-11-28,BROOKLYN,150.0,both
674,3035120021,3326464,2,,,579,HOWARD,AVENUE,11212,579 HOWARD AVENUE,669.0,HOWARD AVENUE,2023-11-28,BROOKLYN,150.0,both
675,3035120021,3326464,2,M,,583,HOWARD,AVENUE,11212,583 HOWARD AVENUE,669.0,HOWARD AVENUE,2023-11-28,BROOKLYN,150.0,both
676,3035120021,3326464,2,M,,587,HOWARD,AVENUE,11212,587 HOWARD AVENUE,669.0,HOWARD AVENUE,2023-11-28,BROOKLYN,150.0,both
677,3035120021,3326464,2,M,,591,HOWARD,AVENUE,11212,591 HOWARD AVENUE,669.0,HOWARD AVENUE,2023-11-28,BROOKLYN,150.0,both
678,3035120021,3326464,2,M,,595,HOWARD,AVENUE,11212,595 HOWARD AVENUE,669.0,HOWARD AVENUE,2023-11-28,BROOKLYN,150.0,both
679,3035120021,3326464,2,M,,599,HOWARD,AVENUE,11212,599 HOWARD AVENUE,669.0,HOWARD AVENUE,2023-11-28,BROOKLYN,150.0,both
680,3035120021,3326464,2,M,,603,HOWARD,AVENUE,11212,603 HOWARD AVENUE,669.0,HOWARD AVENUE,2023-11-28,BROOKLYN,150.0,both
681,3035120021,3326464,2,M,,607,HOWARD,AVENUE,11212,607 HOWARD AVENUE,669.0,HOWARD AVENUE,2023-11-28,BROOKLYN,150.0,both
682,3035120021,3326464,2,M,,611,HOWARD,AVENUE,11212,611 HOWARD AVENUE,669.0,HOWARD AVENUE,2023-11-28,BROOKLYN,150.0,both
683,3035110022,3326462,3,M,,574,HOWARD,AVENUE,11212,574 HOWARD AVENUE,680.0,HOWARD AVENUE,2023-11-28,BROOKLYN,150.0,both
684,3035110022,3326462,3,M,,578,HOWARD,AVENUE,11212,578 HOWARD AVENUE,680.0,HOWARD AVENUE,2023-11-28,BROOKLYN,150.0,both
685,3035110022,3326462,3,M,,582,HOWARD,AVENUE,11212,582 HOWARD AVENUE,680.0,HOWARD AVENUE,2023-11-28,BROOKLYN,150.0,both
686,3035110046,3255190,4,M,,602,HOWARD,AVENUE,11212,602 HOWARD AVENUE,683.0,HOWARD AVENUE,2023-11-28,BROOKLYN,150.0,both
687,3035110046,3255190,4,M,,606,HOWARD,AVENUE,11212,606 HOWARD AVENUE,683.0,HOWARD AVENUE,2023-11-28,BROOKLYN,150.0,both
688,3035110046,3255190,4,M,,610,HOWARD,AVENUE,11212,610 HOWARD AVENUE,683.0,HOWARD AVENUE,2023-11-28,BROOKLYN,150.0,both
689,3035110046,3255190,4,M,,614,HOWARD,AVENUE,11212,614 HOWARD AVENUE,683.0,HOWARD AVENUE,2023-11-28,BROOKLYN,150.0,both
690,3035110022,3326463,5,M,,1,TAPSCOTT,STREET,11212,1 TAPSCOTT STREET,680.0,HOWARD AVENUE,2023-11-28,BROOKLYN,150.0,both
691,3035110022,3326463,5,M,,5,TAPSCOTT,STREET,11212,5 TAPSCOTT STREET,680.0,HOWARD AVENUE,2023-11-28,BROOKLYN,150.0,both
692,3035110022,3326463,5,M,,9,TAPSCOTT,STREET,11212,9 TAPSCOTT STREET,680.0,HOWARD AVENUE,2023-11-28,BROOKLYN,150.0,both
693,3035110022,3326463,5,M,,13,TAPSCOTT,STREET,11212,13 TAPSCOTT STREET,680.0,HOWARD AVENUE,2023-11-28,BROOKLYN,150.0,both
694,3035110022,3326463,5,M,,17,TAPSCOTT,STREET,11212,17 TAPSCOTT STREET,680.0,HOWARD AVENUE,2023-11-28,BROOKLYN,150.0,both
695,3035120051,3406850,6,,,48,GRAFTON,STREET,11212,48 GRAFTON STREET,664.0,HOWARD AVENUE,2023-11-28,BROOKLYN,150.0,both
696,3014710055,3039465,6,,,1481,EASTERN,PARKWAY,11233,1481 EASTERN PARKWAY,694.0,HOWARD AVENUE-PARK PLACE,2023-11-28,BROOKLYN,156.0,both
697,3014710053,3039464,6,,,1483,EASTERN,PARKWAY,11233,1483 EASTERN PARKWAY,695.0,HOWARD AVENUE-PARK PLACE,2023-11-28,BROOKLYN,156.0,both
698,3014710053,3039464,6,,,1485,EASTERN,PARKWAY,11233,1485 EASTERN PARKWAY,695.0,HOWARD AVENUE-PARK PLACE,2023-11-28,BROOKLYN,156.0,both
699,3014700048,3000000,6,,,1703,SAINT JOHNS,PLACE,11233,1703 SAINT JOHNS PLACE,700.0,HOWARD AVENUE-PARK PLACE,2023-11-28,BROOKLYN,156.0,both
700,3014700024,3000000,6,,,1738,STERLING,PLACE,11233,1738 STERLING PLACE,701.0,HOWARD AVENUE-PARK PLACE,2023-11-28,BROOKLYN,156.0,both
701,3014700025,3039431,6,,,1740,STERLING,PLACE,11233,1740 STERLING PLACE,702.0,HOWARD AVENUE-PARK PLACE,2023-11-28,BROOKLYN,156.0,both
702,3014710061,3000000,6,,,1747,SAINT JOHNS,PLACE,11233,1747 SAINT JOHNS PLACE,703.0,HOWARD AVENUE-PARK PLACE,2023-11-28,BROOKLYN,156.0,both
703,3014710059,3348347,6,,,1749,SAINT JOHNS,PLACE,11233,1749 SAINT JOHNS PLACE,704.0,HOWARD AVENUE-PARK PLACE,2023-11-28,BROOKLYN,156.0,both
704,3014710059,3348347,6,,,1751,SAINT JOHNS,PLACE,11233,1751 SAINT JOHNS PLACE,704.0,HOWARD AVENUE-PARK PLACE,2023-11-28,BROOKLYN,156.0,both
705,3014710059,3348347,6,,,1753,SAINT JOHNS,PLACE,11233,1753 SAINT JOHNS PLACE,704.0,HOWARD AVENUE-PARK PLACE,2023-11-28,BROOKLYN,156.0,both
706,3014710057,3348348,6,,,1755,SAINT JOHNS,PLACE,11233,1755 SAINT JOHNS PLACE,707.0,HOWARD AVENUE-PARK PLACE,2023-11-28,BROOKLYN,156.0,both
707,3014710057,3348348,6,,,1757,SAINT JOHNS,PLACE,11233,1757 SAINT JOHNS PLACE,707.0,HOWARD AVENUE-PARK PLACE,2023-11-28,BROOKLYN,156.0,both
708,3014660042,3000000,6,,,486,HOWARD,AVENUE,11233,486 HOWARD AVENUE,710.0,HOWARD AVENUE-PARK PLACE,2023-11-28,BROOKLYN,156.0,both
709,3014660043,3000000,6,,,488,HOWARD,AVENUE,11233,488 HOWARD AVENUE,711.0,HOWARD AVENUE-PARK PLACE,2023-11-28,BROOKLYN,156.0,both
710,3014660044,3332073,6,,,490,HOWARD,AVENUE,11233,490 HOWARD AVENUE,712.0,HOWARD AVENUE-PARK PLACE,2023-11-28,BROOKLYN,156.0,both
711,3014660045,3332074,6,,,492,HOWARD,AVENUE,11233,492 HOWARD AVENUE,713.0,HOWARD AVENUE-PARK PLACE,2023-11-28,BROOKLYN,156.0,both
712,3014700037,3000000,6,,,500,HOWARD,AVENUE,11233,500 HOWARD AVENUE,714.0,HOWARD AVENUE-PARK PLACE,2023-11-28,BROOKLYN,156.0,both
713,3014700038,3000000,6,,,502,HOWARD,AVENUE,11233,502 HOWARD AVENUE,715.0,HOWARD AVENUE-PARK PLACE,2023-11-28,BROOKLYN,156.0,both
714,3014660049,3424875,1,M,,1761,STERLING,PLACE,11233,1761 STERLING PLACE,717.0,HOWARD AVENUE-PARK PLACE,2023-11-28,BROOKLYN,156.0,both
715,3014660049,3424875,1,M,,1761,STERLING,PLACE,11233,1761 STERLING PLACE,717.0,HOWARD AVENUE-PARK PLACE,2023-11-28,BROOKLYN,156.0,both
716,3014660049,3039386,1,M,,1761,STERLING,PLACE,11233,1761 STERLING PLACE,717.0,HOWARD AVENUE-PARK PLACE,2023-11-28,BROOKLYN,156.0,both
717,3014660047,3427324,1,M,,1763,STERLING,PLACE,11233,1763 STERLING PLACE,723.0,HOWARD AVENUE-PARK PLACE,2023-11-28,BROOKLYN,156.0,both
718,3014660047,3427324,1,M,,1763,STERLING,PLACE,11233,1763 STERLING PLACE,723.0,HOWARD AVENUE-PARK PLACE,2023-11-28,BROOKLYN,156.0,both
719,3014660047,3427324,1,M,,1763,STERLING,PLACE,11233,1763 STERLING PLACE,723.0,HOWARD AVENUE-PARK PLACE,2023-11-28,BROOKLYN,156.0,both
720,3014660047,3427325,1,M,,1765,STERLING,PLACE,11233,1765 STERLING PLACE,723.0,HOWARD AVENUE-PARK PLACE,2023-11-28,BROOKLYN,156.0,both
721,3014660047,3427325,1,M,,1765,STERLING,PLACE,11233,1765 STERLING PLACE,723.0,HOWARD AVENUE-PARK PLACE,2023-11-28,BROOKLYN,156.0,both
722,3014660047,3427325,1,M,,1765,STERLING,PLACE,11233,1765 STERLING PLACE,723.0,HOWARD AVENUE-PARK PLACE,2023-11-28,BROOKLYN,156.0,both
723,3014660047,3427326,1,M,,1767,STERLING,PLACE,11233,1767 STERLING PLACE,723.0,HOWARD AVENUE-PARK PLACE,2023-11-28,BROOKLYN,156.0,both
724,3014660047,3427326,1,M,,1767,STERLING,PLACE,11233,1767 STERLING PLACE,723.0,HOWARD AVENUE-PARK PLACE,2023-11-28,BROOKLYN,156.0,both
725,3014660047,3427326,1,,,1767,STERLING,PLACE,11233,1767 STERLING PLACE,723.0,HOWARD AVENUE-PARK PLACE,2023-11-28,BROOKLYN,156.0,both
726,3014660049,3039386,1,,,496,HOWARD,AVENUE,11233,496 HOWARD AVENUE,717.0,HOWARD AVENUE-PARK PLACE,2023-11-28,BROOKLYN,156.0,both
727,3014660049,3039386,1,,,494,HOWARD,AVENUE,11233,494 HOWARD AVENUE,717.0,HOWARD AVENUE-PARK PLACE,2023-11-28,BROOKLYN,156.0,both
728,3014700033,3348335,2,M,,1766,STERLING,PLACE,11233,1766 STERLING PLACE,709.0,HOWARD AVENUE-PARK PLACE,2023-11-28,BROOKLYN,156.0,both
729,3014700033,3348335,2,M,,1766,STERLING,PLACE,11233,1766 STERLING PLACE,709.0,HOWARD AVENUE-PARK PLACE,2023-11-28,BROOKLYN,156.0,both
730,3014700033,3348335,2,M,,1766,STERLING,PLACE,11233,1766 STERLING PLACE,709.0,HOWARD AVENUE-PARK PLACE,2023-11-28,BROOKLYN,156.0,both
731,3014700035,3348334,2,M,,1768,STERLING,PLACE,11233,1768 STERLING PLACE,731.0,HOWARD AVENUE-PARK PLACE,2023-11-28,BROOKLYN,156.0,both
732,3014700035,3348334,2,M,,1768,STERLING,PLACE,11233,1768 STERLING PLACE,731.0,HOWARD AVENUE-PARK PLACE,2023-11-28,BROOKLYN,156.0,both
733,3014700035,3348334,2,M,,1768,STERLING,PLACE,11233,1768 STERLING PLACE,731.0,HOWARD AVENUE-PARK PLACE,2023-11-28,BROOKLYN,156.0,both
734,3014700036,3348336,2,M,,1770,STERLING,PLACE,11233,1770 STERLING PLACE,747.0,HOWARD AVENUE-PARK PLACE,2023-11-28,BROOKLYN,156.0,both
735,3014700036,3348336,2,M,,1770,STERLING,PLACE,11233,1770 STERLING PLACE,747.0,HOWARD AVENUE-PARK PLACE,2023-11-28,BROOKLYN,156.0,both
736,3014700036,3348336,2,M,,1770,STERLING,PLACE,11233,1770 STERLING PLACE,747.0,HOWARD AVENUE-PARK PLACE,2023-11-28,BROOKLYN,156.0,both
737,3014700037,3348338,2,M,,1772,STERLING,PLACE,11233,1772 STERLING PLACE,714.0,HOWARD AVENUE-PARK PLACE,2023-11-28,BROOKLYN,156.0,both
738,3014700037,3348338,2,M,,1772,STERLING,PLACE,11233,1772 STERLING PLACE,714.0,HOWARD AVENUE-PARK PLACE,2023-11-28,BROOKLYN,156.0,both
739,3014700037,3348338,2,,,1772,STERLING,PLACE,11233,1772 STERLING PLACE,714.0,HOWARD AVENUE-PARK PLACE,2023-11-28,BROOKLYN,156.0,both
740,3014700038,3348340,2,M,,1774,STERLING,PLACE,11233,1774 STERLING PLACE,715.0,HOWARD AVENUE-PARK PLACE,2023-11-28,BROOKLYN,156.0,both
741,3014700038,3348340,2,M,,1774,STERLING,PLACE,11233,1774 STERLING PLACE,715.0,HOWARD AVENUE-PARK PLACE,2023-11-28,BROOKLYN,156.0,both
742,3014700036,3000000,2,,,498,HOWARD,AVENUE,11233,498 HOWARD AVENUE,747.0,HOWARD AVENUE-PARK PLACE,2023-11-28,BROOKLYN,156.0,both
743,3014700038,3348340,2,,,1774,STERLING,PLACE,11233,1774 STERLING PLACE,715.0,HOWARD AVENUE-PARK PLACE,2023-11-28,BROOKLYN,156.0,both
744,3014700073,3393514,3,M,,504,HOWARD,AVENUE,11233,504 HOWARD AVENUE,749.0,HOWARD AVENUE-PARK PLACE,2023-11-28,BROOKLYN,156.0,both
745,3014700073,3393514,3,M,,504,HOWARD,AVENUE,11233,504 HOWARD AVENUE,749.0,HOWARD AVENUE-PARK PLACE,2023-11-28,BROOKLYN,156.0,both
746,3014700073,3393514,3,M,,504,HOWARD,AVENUE,11233,504 HOWARD AVENUE,749.0,HOWARD AVENUE-PARK PLACE,2023-11-28,BROOKLYN,156.0,both
747,3014700039,3346604,3,M,,506,HOWARD,AVENUE,11233,506 HOWARD AVENUE,752.0,HOWARD AVENUE-PARK PLACE,2023-11-28,BROOKLYN,156.0,both
748,3014700039,3346604,3,M,,506,HOWARD,AVENUE,11233,506 HOWARD AVENUE,752.0,HOWARD AVENUE-PARK PLACE,2023-11-28,BROOKLYN,156.0,both
749,3014700039,3346604,3,M,,506,HOWARD,AVENUE,11233,506 HOWARD AVENUE,752.0,HOWARD AVENUE-PARK PLACE,2023-11-28,BROOKLYN,156.0,both
750,3014700041,3346605,3,M,,508,HOWARD,AVENUE,11233,508 HOWARD AVENUE,716.0,HOWARD AVENUE-PARK PLACE,2023-11-28,BROOKLYN,156.0,both
751,3014700041,3346605,3,M,,508,HOWARD,AVENUE,11233,508 HOWARD AVENUE,716.0,HOWARD AVENUE-PARK PLACE,2023-11-28,BROOKLYN,156.0,both
752,3014700041,3346605,3,M,,508,HOWARD,AVENUE,11233,508 HOWARD AVENUE,716.0,HOWARD AVENUE-PARK PLACE,2023-11-28,BROOKLYN,156.0,both
753,3014700059,3427327,4,M,,1679,SAINT JOHNS,PLACE,11233,1679 SAINT JOHNS PLACE,762.0,HOWARD AVENUE-PARK PLACE,2023-11-28,BROOKLYN,156.0,both
754,3014700059,3427327,4,M,,1679,SAINT JOHNS,PLACE,11233,1679 SAINT JOHNS PLACE,762.0,HOWARD AVENUE-PARK PLACE,2023-11-28,BROOKLYN,156.0,both
755,3014700059,3427327,4,M,,1679,SAINT JOHNS,PLACE,11233,1679 SAINT JOHNS PLACE,762.0,HOWARD AVENUE-PARK PLACE,2023-11-28,BROOKLYN,156.0,both
756,3014700058,3393513,4,M,,1681,SAINT JOHNS,PLACE,11233,1681 SAINT JOHNS PLACE,771.0,HOWARD AVENUE-PARK PLACE,2023-11-28,BROOKLYN,156.0,both
757,3014700058,3393513,4,M,,1681,SAINT JOHNS,PLACE,11233,1681 SAINT JOHNS PLACE,771.0,HOWARD AVENUE-PARK PLACE,2023-11-28,BROOKLYN,156.0,both
758,3014700058,3393513,4,M,,1681,SAINT JOHNS,PLACE,11233,1681 SAINT JOHNS PLACE,771.0,HOWARD AVENUE-PARK PLACE,2023-11-28,BROOKLYN,156.0,both
759,3014700055,3406673,4,M,,1683,SAINT JOHNS,PLACE,11233,1683 SAINT JOHNS PLACE,774.0,HOWARD AVENUE-PARK PLACE,2023-11-28,BROOKLYN,156.0,both
760,3014700055,3406673,4,M,,1683,SAINT JOHNS,PLACE,11233,1683 SAINT JOHNS PLACE,774.0,HOWARD AVENUE-PARK PLACE,2023-11-28,BROOKLYN,156.0,both
761,3014700055,3406673,4,M,,1683,SAINT JOHNS,PLACE,11233,1683 SAINT JOHNS PLACE,774.0,HOWARD AVENUE-PARK PLACE,2023-11-28,BROOKLYN,156.0,both
762,3014700053,3039443,4,M,,1685,SAINT JOHNS,PLACE,11233,1685 SAINT JOHNS PLACE,777.0,HOWARD AVENUE-PARK PLACE,2023-11-28,BROOKLYN,156.0,both
763,3014700053,3039443,4,M,,1685,SAINT JOHNS,PLACE,11233,1685 SAINT JOHNS PLACE,777.0,HOWARD AVENUE-PARK PLACE,2023-11-28,BROOKLYN,156.0,both
764,3014700053,3039443,4,M,,1685,SAINT JOHNS,PLACE,11233,1685 SAINT JOHNS PLACE,777.0,HOWARD AVENUE-PARK PLACE,2023-11-28,BROOKLYN,156.0,both
765,3014700052,3393512,4,M,,1687,SAINT JOHNS,PLACE,11233,1687 SAINT JOHNS PLACE,780.0,HOWARD AVENUE-PARK PLACE,2023-11-28,BROOKLYN,156.0,both
766,3014700052,3393512,4,M,,1687,SAINT JOHNS,PLACE,11233,1687 SAINT JOHNS PLACE,780.0,HOWARD AVENUE-PARK PLACE,2023-11-28,BROOKLYN,156.0,both
767,3014700052,3393512,4,M,,1687,SAINT JOHNS,PLACE,11233,1687 SAINT JOHNS PLACE,780.0,HOWARD AVENUE-PARK PLACE,2023-11-28,BROOKLYN,156.0,both
768,3014700051,3392460,4,M,,1689,SAINT JOHNS,PLACE,11233,1689 SAINT JOHNS PLACE,697.0,HOWARD AVENUE-PARK PLACE,2023-11-28,BROOKLYN,156.0,both
769,3014700051,3392460,4,M,,1689,SAINT JOHNS,PLACE,11233,1689 SAINT JOHNS PLACE,697.0,HOWARD AVENUE-PARK PLACE,2023-11-28,BROOKLYN,156.0,both
770,3014700051,3392460,4,M,,1689,SAINT JOHNS,PLACE,11233,1689 SAINT JOHNS PLACE,697.0,HOWARD AVENUE-PARK PLACE,2023-11-28,BROOKLYN,156.0,both
771,3014700050,3392450,4,M,,1691,SAINT JOHNS,PLACE,11233,1691 SAINT JOHNS PLACE,698.0,HOWARD AVENUE-PARK PLACE,2023-11-28,BROOKLYN,156.0,both
772,3014700050,3392450,4,M,,1691,SAINT JOHNS,PLACE,11233,1691 SAINT JOHNS PLACE,698.0,HOWARD AVENUE-PARK PLACE,2023-11-28,BROOKLYN,156.0,both
773,3014700050,3392450,4,M,,1691,SAINT JOHNS,PLACE,11233,1691 SAINT JOHNS PLACE,698.0,HOWARD AVENUE-PARK PLACE,2023-11-28,BROOKLYN,156.0,both
774,3014700049,3394408,4,M,,1693,SAINT JOHNS,PLACE,11233,1693 SAINT JOHNS PLACE,699.0,HOWARD AVENUE-PARK PLACE,2023-11-28,BROOKLYN,156.0,both
775,3014700049,3394408,4,M,,1693,SAINT JOHNS,PLACE,11233,1693 SAINT JOHNS PLACE,699.0,HOWARD AVENUE-PARK PLACE,2023-11-28,BROOKLYN,156.0,both
776,3014700049,3394408,4,M,,1693,SAINT JOHNS,PLACE,11233,1693 SAINT JOHNS PLACE,699.0,HOWARD AVENUE-PARK PLACE,2023-11-28,BROOKLYN,156.0,both
777,3014700011,3406671,5,M,,537,RALPH,AVENUE,11233,537 RALPH AVENUE,783.0,HOWARD AVENUE-PARK PLACE,2023-11-28,BROOKLYN,156.0,both
778,3014700011,3406671,5,M,,537,RALPH,AVENUE,11233,537 RALPH AVENUE,783.0,HOWARD AVENUE-PARK PLACE,2023-11-28,BROOKLYN,156.0,both
779,3014700011,3406671,5,M,,537,RALPH,AVENUE,11233,537 RALPH AVENUE,783.0,HOWARD AVENUE-PARK PLACE,2023-11-28,BROOKLYN,156.0,both
780,3014700010,3426866,5,M,,539,RALPH,AVENUE,11233,539 RALPH AVENUE,789.0,HOWARD AVENUE-PARK PLACE,2023-11-28,BROOKLYN,156.0,both
781,3014700010,3426866,5,M,,539,RALPH,AVENUE,11233,539 RALPH AVENUE,789.0,HOWARD AVENUE-PARK PLACE,2023-11-28,BROOKLYN,156.0,both
782,3014700010,3426866,5,M,,539,RALPH,AVENUE,11233,539 RALPH AVENUE,789.0,HOWARD AVENUE-PARK PLACE,2023-11-28,BROOKLYN,156.0,both
783,3014700011,3348327,5,,,1702,STERLING,PLACE,11233,1702 STERLING PLACE,783.0,HOWARD AVENUE-PARK PLACE,2023-11-28,BROOKLYN,156.0,both
784,3014700011,3348327,5,,,1716,STERLING,PLACE,11233,1716 STERLING PLACE,783.0,HOWARD AVENUE-PARK PLACE,2023-11-28,BROOKLYN,156.0,both
785,3014700009,3393506,5,M,,541,RALPH,AVENUE,11233,541 RALPH AVENUE,794.0,HOWARD AVENUE-PARK PLACE,2023-11-28,BROOKLYN,156.0,both
786,3014700009,3393506,5,M,,541,RALPH,AVENUE,11233,541 RALPH AVENUE,794.0,HOWARD AVENUE-PARK PLACE,2023-11-28,BROOKLYN,156.0,both
787,3014700009,3393506,5,M,,541,RALPH,AVENUE,11233,541 RALPH AVENUE,794.0,HOWARD AVENUE-PARK PLACE,2023-11-28,BROOKLYN,156.0,both
788,3014700008,3393284,5,M,,543,RALPH,AVENUE,11233,543 RALPH AVENUE,797.0,HOWARD AVENUE-PARK PLACE,2023-11-28,BROOKLYN,156.0,both
789,3014700008,3393284,5,M,,543,RALPH,AVENUE,11233,543 RALPH AVENUE,797.0,HOWARD AVENUE-PARK PLACE,2023-11-28,BROOKLYN,156.0,both
790,3014700008,3393284,5,M,,543,RALPH,AVENUE,11233,543 RALPH AVENUE,797.0,HOWARD AVENUE-PARK PLACE,2023-11-28,BROOKLYN,156.0,both
791,3014700003,3393283,5,M,,545,RALPH,AVENUE,11233,545 RALPH AVENUE,800.0,HOWARD AVENUE-PARK PLACE,2023-11-28,BROOKLYN,156.0,both
792,3014700003,3393283,5,M,,545,RALPH,AVENUE,11233,545 RALPH AVENUE,800.0,HOWARD AVENUE-PARK PLACE,2023-11-28,BROOKLYN,156.0,both
793,3014700003,3393283,5,M,,545,RALPH,AVENUE,11233,545 RALPH AVENUE,800.0,HOWARD AVENUE-PARK PLACE,2023-11-28,BROOKLYN,156.0,both
794,3014700003,3426868,5,M,,547,RALPH,AVENUE,11233,547 RALPH AVENUE,800.0,HOWARD AVENUE-PARK PLACE,2023-11-28,BROOKLYN,156.0,both
795,3014700003,3426868,5,M,,547,RALPH,AVENUE,11233,547 RALPH AVENUE,800.0,HOWARD AVENUE-PARK PLACE,2023-11-28,BROOKLYN,156.0,both
796,3014700003,3426868,5,M,,547,RALPH,AVENUE,11233,547 RALPH AVENUE,800.0,HOWARD AVENUE-PARK PLACE,2023-11-28,BROOKLYN,156.0,both
797,3014700003,3426867,5,M,,549,RALPH,AVENUE,11233,549 RALPH AVENUE,800.0,HOWARD AVENUE-PARK PLACE,2023-11-28,BROOKLYN,156.0,both
798,3014700003,3426867,5,M,,549,RALPH,AVENUE,11233,549 RALPH AVENUE,800.0,HOWARD AVENUE-PARK PLACE,2023-11-28,BROOKLYN,156.0,both
799,3014700003,3426867,5,M,,549,RALPH,AVENUE,11233,549 RALPH AVENUE,800.0,HOWARD AVENUE-PARK PLACE,2023-11-28,BROOKLYN,156.0,both
800,3014700003,3348345,5,M,,551,RALPH,AVENUE,11233,551 RALPH AVENUE,800.0,HOWARD AVENUE-PARK PLACE,2023-11-28,BROOKLYN,156.0,both
801,3014700003,3348345,5,M,,551,RALPH,AVENUE,11233,551 RALPH AVENUE,800.0,HOWARD AVENUE-PARK PLACE,2023-11-28,BROOKLYN,156.0,both
802,3014700003,3348345,5,M,,551,RALPH,AVENUE,11233,551 RALPH AVENUE,800.0,HOWARD AVENUE-PARK PLACE,2023-11-28,BROOKLYN,156.0,both
803,3014700003,3348345,5,,,1651,SAINT JOHNS,PLACE,11233,1651 SAINT JOHNS PLACE,800.0,HOWARD AVENUE-PARK PLACE,2023-11-28,BROOKLYN,156.0,both
804,3014700003,3348345,5,,,1659,SAINT JOHNS,PLACE,11233,1659 SAINT JOHNS PLACE,800.0,HOWARD AVENUE-PARK PLACE,2023-11-28,BROOKLYN,156.0,both
805,3014700003,3348345,5,,,1649,SAINT JOHNS,PLACE,11233,1649 SAINT JOHNS PLACE,800.0,HOWARD AVENUE-PARK PLACE,2023-11-28,BROOKLYN,156.0,both
806,3014700011,3348327,6,M,,1720,STERLING,PLACE,11233,1720 STERLING PLACE,783.0,HOWARD AVENUE-PARK PLACE,2023-11-28,BROOKLYN,156.0,both
807,3014700011,3348327,6,M,,1720,STERLING,PLACE,11233,1720 STERLING PLACE,783.0,HOWARD AVENUE-PARK PLACE,2023-11-28,BROOKLYN,156.0,both
808,3014700011,3348327,6,M,,1720,STERLING,PLACE,11233,1720 STERLING PLACE,783.0,HOWARD AVENUE-PARK PLACE,2023-11-28,BROOKLYN,156.0,both
809,3014700011,3426869,6,M,,1722,STERLING,PLACE,11233,1722 STERLING PLACE,783.0,HOWARD AVENUE-PARK PLACE,2023-11-28,BROOKLYN,156.0,both
810,3014700011,3426869,6,M,,1722,STERLING,PLACE,11233,1722 STERLING PLACE,783.0,HOWARD AVENUE-PARK PLACE,2023-11-28,BROOKLYN,156.0,both
811,3014700011,3426869,6,M,,1722,STERLING,PLACE,11233,1722 STERLING PLACE,783.0,HOWARD AVENUE-PARK PLACE,2023-11-28,BROOKLYN,156.0,both
812,3014700015,3393508,6,M,,1724,STERLING,PLACE,11233,1724 STERLING PLACE,814.0,HOWARD AVENUE-PARK PLACE,2023-11-28,BROOKLYN,156.0,both
813,3014700015,3393508,6,M,,1724,STERLING,PLACE,11233,1724 STERLING PLACE,814.0,HOWARD AVENUE-PARK PLACE,2023-11-28,BROOKLYN,156.0,both
814,3014700015,3393508,6,M,,1724,STERLING,PLACE,11233,1724 STERLING PLACE,814.0,HOWARD AVENUE-PARK PLACE,2023-11-28,BROOKLYN,156.0,both
815,3014700017,3393509,6,M,,1726,STERLING,PLACE,11233,1726 STERLING PLACE,820.0,HOWARD AVENUE-PARK PLACE,2023-11-28,BROOKLYN,156.0,both
816,3014700017,3393509,6,M,,1726,STERLING,PLACE,11233,1726 STERLING PLACE,820.0,HOWARD AVENUE-PARK PLACE,2023-11-28,BROOKLYN,156.0,both
817,3014700017,3393509,6,M,,1726,STERLING,PLACE,11233,1726 STERLING PLACE,820.0,HOWARD AVENUE-PARK PLACE,2023-11-28,BROOKLYN,156.0,both
818,3014700018,3393510,6,M,,1728,STERLING,PLACE,11233,1728 STERLING PLACE,823.0,HOWARD AVENUE-PARK PLACE,2023-11-28,BROOKLYN,156.0,both
819,3014700018,3393510,6,M,,1728,STERLING,PLACE,11233,1728 STERLING PLACE,823.0,HOWARD AVENUE-PARK PLACE,2023-11-28,BROOKLYN,156.0,both
820,3014700018,3393510,6,M,,1728,STERLING,PLACE,11233,1728 STERLING PLACE,823.0,HOWARD AVENUE-PARK PLACE,2023-11-28,BROOKLYN,156.0,both
821,3014700019,3392444,6,M,,1730,STERLING,PLACE,11233,1730 STERLING PLACE,826.0,HOWARD AVENUE-PARK PLACE,2023-11-28,BROOKLYN,156.0,both
822,3014700019,3392444,6,M,,1730,STERLING,PLACE,11233,1730 STERLING PLACE,826.0,HOWARD AVENUE-PARK PLACE,2023-11-28,BROOKLYN,156.0,both
823,3014700019,3392444,6,M,,1730,STERLING,PLACE,11233,1730 STERLING PLACE,826.0,HOWARD AVENUE-PARK PLACE,2023-11-28,BROOKLYN,156.0,both
824,3014700020,3251210,6,M,,1732,STERLING,PLACE,11233,1732 STERLING PLACE,829.0,HOWARD AVENUE-PARK PLACE,2023-11-28,BROOKLYN,156.0,both
825,3014700020,3251210,6,M,,1732,STERLING,PLACE,11233,1732 STERLING PLACE,829.0,HOWARD AVENUE-PARK PLACE,2023-11-28,BROOKLYN,156.0,both
826,3014700020,3251210,6,M,,1732,STERLING,PLACE,11233,1732 STERLING PLACE,829.0,HOWARD AVENUE-PARK PLACE,2023-11-28,BROOKLYN,156.0,both
827,3014700022,3392455,6,M,,1734,STERLING,PLACE,11233,1734 STERLING PLACE,835.0,HOWARD AVENUE-PARK PLACE,2023-11-28,BROOKLYN,156.0,both
828,3014700022,3392455,6,M,,1734,STERLING,PLACE,11233,1734 STERLING PLACE,835.0,HOWARD AVENUE-PARK PLACE,2023-11-28,BROOKLYN,156.0,both
829,3014700022,3392455,6,M,,1734,STERLING,PLACE,11233,1734 STERLING PLACE,835.0,HOWARD AVENUE-PARK PLACE,2023-11-28,BROOKLYN,156.0,both
830,3014700023,3392466,6,M,,1736,STERLING,PLACE,11233,1736 STERLING PLACE,838.0,HOWARD AVENUE-PARK PLACE,2023-11-28,BROOKLYN,156.0,both
831,3014700023,3392466,6,M,,1736,STERLING,PLACE,11233,1736 STERLING PLACE,838.0,HOWARD AVENUE-PARK PLACE,2023-11-28,BROOKLYN,156.0,both
832,3014700023,3392466,6,M,,1736,STERLING,PLACE,11233,1736 STERLING PLACE,838.0,HOWARD AVENUE-PARK PLACE,2023-11-28,BROOKLYN,156.0,both
833,3014710011,3392621,7,M,,497,HOWARD,AVENUE,11233,497 HOWARD AVENUE,841.0,HOWARD AVENUE-PARK PLACE,2023-11-28,BROOKLYN,156.0,both
834,3014710011,3392621,7,M,,497,HOWARD,AVENUE,11233,497 HOWARD AVENUE,841.0,HOWARD AVENUE-PARK PLACE,2023-11-28,BROOKLYN,156.0,both
835,3014710011,3392621,7,M,,497,HOWARD,AVENUE,11233,497 HOWARD AVENUE,841.0,HOWARD AVENUE-PARK PLACE,2023-11-28,BROOKLYN,156.0,both
836,3014710010,3348346,7,M,,499,HOWARD,AVENUE,11233,499 HOWARD AVENUE,847.0,HOWARD AVENUE-PARK PLACE,2023-11-28,BROOKLYN,156.0,both
837,3014710010,3348346,7,M,,499,HOWARD,AVENUE,11233,499 HOWARD AVENUE,847.0,HOWARD AVENUE-PARK PLACE,2023-11-28,BROOKLYN,156.0,both
838,3014710010,3348346,7,M,,499,HOWARD,AVENUE,11233,499 HOWARD AVENUE,847.0,HOWARD AVENUE-PARK PLACE,2023-11-28,BROOKLYN,156.0,both
839,3014710009,3392551,7,M,,501,HOWARD,AVENUE,11233,501 HOWARD AVENUE,850.0,HOWARD AVENUE-PARK PLACE,2023-11-28,BROOKLYN,156.0,both
840,3014710009,3392551,7,M,,501,HOWARD,AVENUE,11233,501 HOWARD AVENUE,850.0,HOWARD AVENUE-PARK PLACE,2023-11-28,BROOKLYN,156.0,both
841,3014710009,3392551,7,M,,501,HOWARD,AVENUE,11233,501 HOWARD AVENUE,850.0,HOWARD AVENUE-PARK PLACE,2023-11-28,BROOKLYN,156.0,both
842,3014710008,3393522,7,M,,503,HOWARD,AVENUE,11233,503 HOWARD AVENUE,853.0,HOWARD AVENUE-PARK PLACE,2023-11-28,BROOKLYN,156.0,both
843,3014710008,3393522,7,M,,503,HOWARD,AVENUE,11233,503 HOWARD AVENUE,853.0,HOWARD AVENUE-PARK PLACE,2023-11-28,BROOKLYN,156.0,both
844,3014710008,3393522,7,M,,503,HOWARD,AVENUE,11233,503 HOWARD AVENUE,853.0,HOWARD AVENUE-PARK PLACE,2023-11-28,BROOKLYN,156.0,both
845,3014710007,3393520,7,M,,505,HOWARD,AVENUE,11233,505 HOWARD AVENUE,856.0,HOWARD AVENUE-PARK PLACE,2023-11-28,BROOKLYN,156.0,both
846,3014710007,3393520,7,M,,505,HOWARD,AVENUE,11233,505 HOWARD AVENUE,856.0,HOWARD AVENUE-PARK PLACE,2023-11-28,BROOKLYN,156.0,both
847,3014710007,3393520,7,M,,505,HOWARD,AVENUE,11233,505 HOWARD AVENUE,856.0,HOWARD AVENUE-PARK PLACE,2023-11-28,BROOKLYN,156.0,both
848,3014710006,3393519,7,M,,507,HOWARD,AVENUE,11233,507 HOWARD AVENUE,859.0,HOWARD AVENUE-PARK PLACE,2023-11-28,BROOKLYN,156.0,both
849,3014710006,3393519,7,M,,507,HOWARD,AVENUE,11233,507 HOWARD AVENUE,859.0,HOWARD AVENUE-PARK PLACE,2023-11-28,BROOKLYN,156.0,both
850,3014710006,3393519,7,M,,507,HOWARD,AVENUE,11233,507 HOWARD AVENUE,859.0,HOWARD AVENUE-PARK PLACE,2023-11-28,BROOKLYN,156.0,both
851,3014710005,3393518,7,M,,509,HOWARD,AVENUE,11233,509 HOWARD AVENUE,862.0,HOWARD AVENUE-PARK PLACE,2023-11-28,BROOKLYN,156.0,both
852,3014710005,3393518,7,M,,509,HOWARD,AVENUE,11233,509 HOWARD AVENUE,862.0,HOWARD AVENUE-PARK PLACE,2023-11-28,BROOKLYN,156.0,both
853,3014710005,3393518,7,M,,509,HOWARD,AVENUE,11233,509 HOWARD AVENUE,862.0,HOWARD AVENUE-PARK PLACE,2023-11-28,BROOKLYN,156.0,both
854,3014710001,3039448,7,M,,511,HOWARD,AVENUE,11233,511 HOWARD AVENUE,864.0,HOWARD AVENUE-PARK PLACE,2023-11-28,BROOKLYN,156.0,both
855,3014710001,3039448,7,M,,511,HOWARD,AVENUE,11233,511 HOWARD AVENUE,864.0,HOWARD AVENUE-PARK PLACE,2023-11-28,BROOKLYN,156.0,both
856,3014710001,3000000,7,,,513,HOWARD,AVENUE,11233,513 HOWARD AVENUE,864.0,HOWARD AVENUE-PARK PLACE,2023-11-28,BROOKLYN,156.0,both
857,3014710001,3000000,7,,,515,HOWARD,AVENUE,11233,515 HOWARD AVENUE,864.0,HOWARD AVENUE-PARK PLACE,2023-11-28,BROOKLYN,156.0,both
858,3014710001,3000000,7,,,1745,SAINT JOHNS,PLACE,11233,1745 SAINT JOHNS PLACE,864.0,HOWARD AVENUE-PARK PLACE,2023-11-28,BROOKLYN,156.0,both
859,3014710001,3000000,7,,,1737,SAINT JOHNS,PLACE,11233,1737 SAINT JOHNS PLACE,864.0,HOWARD AVENUE-PARK PLACE,2023-11-28,BROOKLYN,156.0,both
860,3014710001,3039448,7,M,,511,HOWARD,AVENUE,11233,511 HOWARD AVENUE,864.0,HOWARD AVENUE-PARK PLACE,2023-11-28,BROOKLYN,156.0,both
861,3014710014,3393524,8,M,,1790,STERLING,PLACE,11233,1790 STERLING PLACE,869.0,HOWARD AVENUE-PARK PLACE,2023-11-28,BROOKLYN,156.0,both
862,3014710014,3393524,8,M,,1790,STERLING,PLACE,11233,1790 STERLING PLACE,869.0,HOWARD AVENUE-PARK PLACE,2023-11-28,BROOKLYN,156.0,both
863,3014710014,3393524,8,M,,1790,STERLING,PLACE,11233,1790 STERLING PLACE,869.0,HOWARD AVENUE-PARK PLACE,2023-11-28,BROOKLYN,156.0,both
864,3014710015,3393525,8,M,,1792,STERLING,PLACE,11233,1792 STERLING PLACE,872.0,HOWARD AVENUE-PARK PLACE,2023-11-28,BROOKLYN,156.0,both
865,3014710015,3393525,8,M,,1792,STERLING,PLACE,11233,1792 STERLING PLACE,872.0,HOWARD AVENUE-PARK PLACE,2023-11-28,BROOKLYN,156.0,both
866,3014710015,3393525,8,M,,1792,STERLING,PLACE,11233,1792 STERLING PLACE,872.0,HOWARD AVENUE-PARK PLACE,2023-11-28,BROOKLYN,156.0,both
867,3014710016,3039449,8,M,,1794,STERLING,PLACE,11233,1794 STERLING PLACE,875.0,HOWARD AVENUE-PARK PLACE,2023-11-28,BROOKLYN,156.0,both
868,3014710016,3039449,8,M,,1794,STERLING,PLACE,11233,1794 STERLING PLACE,875.0,HOWARD AVENUE-PARK PLACE,2023-11-28,BROOKLYN,156.0,both
869,3014710016,3039449,8,M,,1794,STERLING,PLACE,11233,1794 STERLING PLACE,875.0,HOWARD AVENUE-PARK PLACE,2023-11-28,BROOKLYN,156.0,both
870,3014710017,3393526,8,M,,1796,STERLING,PLACE,11233,1796 STERLING PLACE,878.0,HOWARD AVENUE-PARK PLACE,2023-11-28,BROOKLYN,156.0,both
871,3014710017,3393526,8,M,,1796,STERLING,PLACE,11233,1796 STERLING PLACE,878.0,HOWARD AVENUE-PARK PLACE,2023-11-28,BROOKLYN,156.0,both
872,3014710017,3393526,8,M,,1796,STERLING,PLACE,11233,1796 STERLING PLACE,878.0,HOWARD AVENUE-PARK PLACE,2023-11-28,BROOKLYN,156.0,both
873,3014710019,3039450,8,M,,1798,STERLING,PLACE,11233,1798 STERLING PLACE,887.0,HOWARD AVENUE-PARK PLACE,2023-11-28,BROOKLYN,156.0,both
874,3014710019,3039450,8,M,,1798,STERLING,PLACE,11233,1798 STERLING PLACE,887.0,HOWARD AVENUE-PARK PLACE,2023-11-28,BROOKLYN,156.0,both
875,3014710019,3039450,8,M,,1798,STERLING,PLACE,11233,1798 STERLING PLACE,887.0,HOWARD AVENUE-PARK PLACE,2023-11-28,BROOKLYN,156.0,both
876,3014710020,3039451,8,M,,1800,STERLING,PLACE,11233,1800 STERLING PLACE,890.0,HOWARD AVENUE-PARK PLACE,2023-11-28,BROOKLYN,156.0,both
877,3014710020,3039451,8,M,,1800,STERLING,PLACE,11233,1800 STERLING PLACE,890.0,HOWARD AVENUE-PARK PLACE,2023-11-28,BROOKLYN,156.0,both
878,3014710020,3039451,8,M,,1800,STERLING,PLACE,11233,1800 STERLING PLACE,890.0,HOWARD AVENUE-PARK PLACE,2023-11-28,BROOKLYN,156.0,both
879,3014710021,3039452,8,M,,1802,STERLING,PLACE,11233,1802 STERLING PLACE,894.0,HOWARD AVENUE-PARK PLACE,2023-11-28,BROOKLYN,156.0,both
880,3014710021,3039452,8,M,,1802,STERLING,PLACE,11233,1802 STERLING PLACE,894.0,HOWARD AVENUE-PARK PLACE,2023-11-28,BROOKLYN,156.0,both
881,3014710021,3039452,8,M,,1802,STERLING,PLACE,11233,1802 STERLING PLACE,894.0,HOWARD AVENUE-PARK PLACE,2023-11-28,BROOKLYN,156.0,both
882,3014710023,3406675,8,M,,1804,STERLING,PLACE,11233,1804 STERLING PLACE,893.0,HOWARD AVENUE-PARK PLACE,2023-11-28,BROOKLYN,156.0,both
883,3014710023,3406675,8,M,,1804,STERLING,PLACE,11233,1804 STERLING PLACE,893.0,HOWARD AVENUE-PARK PLACE,2023-11-28,BROOKLYN,156.0,both
884,3014710023,3406675,8,M,,1804,STERLING,PLACE,11233,1804 STERLING PLACE,893.0,HOWARD AVENUE-PARK PLACE,2023-11-28,BROOKLYN,156.0,both
885,3014710024,3000000,8,,,1814,STERLING,PLACE,11233,1814 STERLING PLACE,896.0,HOWARD AVENUE-PARK PLACE,2023-11-28,BROOKLYN,156.0,both
886,3021720001,3334990,1,,,83,TAYLOR,STREET,11249,83 TAYLOR STREET,897.0,INDEPENDENCE,2020-02-12,BROOKLYN,744.0,both
887,3021720001,3334990,1,M,,85,TAYLOR,STREET,11249,85 TAYLOR STREET,897.0,INDEPENDENCE,2020-02-12,BROOKLYN,744.0,both
888,3021720001,3334991,2,,,128,CLYMER,STREET,11249,128 CLYMER STREET,897.0,INDEPENDENCE,2020-02-12,BROOKLYN,744.0,both
889,3021720001,3334991,2,M,,130,CLYMER,STREET,11249,130 CLYMER STREET,897.0,INDEPENDENCE,2020-02-12,BROOKLYN,744.0,both
890,3021720001,3334989,3,,,140,CLYMER,STREET,11249,140 CLYMER STREET,897.0,INDEPENDENCE,2020-02-12,BROOKLYN,744.0,both
891,3021720001,3334989,3,,,123,TAYLOR,STREET,11249,123 TAYLOR STREET,897.0,INDEPENDENCE,2020-02-12,BROOKLYN,744.0,both
892,3021720001,3334989,3,M,,125,TAYLOR,STREET,11249,125 TAYLOR STREET,897.0,INDEPENDENCE,2020-02-12,BROOKLYN,744.0,both
893,3021720001,3334989,3,,,119,TAYLOR,STREET,11249,119 TAYLOR STREET,897.0,INDEPENDENCE,2020-02-12,BROOKLYN,744.0,both
894,3021760001,3059905,4,,,119,WILSON,STREET,11249,119 WILSON STREET,905.0,INDEPENDENCE,2020-02-12,BROOKLYN,744.0,both
895,3021760001,3059905,4,,,114,TAYLOR,STREET,11249,114 TAYLOR STREET,905.0,INDEPENDENCE,2020-02-12,BROOKLYN,744.0,both
896,3021760001,3059905,4,M,,121,WILSON,STREET,11249,121 WILSON STREET,905.0,INDEPENDENCE,2020-02-12,BROOKLYN,744.0,both
897,3021760001,3341986,5,,,97,WILSON,STREET,11249,97 WILSON STREET,905.0,INDEPENDENCE,2020-02-12,BROOKLYN,744.0,both
898,3021760001,3341989,5,,,110,TAYLOR,STREET,11249,110 TAYLOR STREET,905.0,INDEPENDENCE,2020-02-12,BROOKLYN,744.0,both
899,3021760001,3341986,5,,,95,WILSON,STREET,11249,95 WILSON STREET,905.0,INDEPENDENCE,2020-02-12,BROOKLYN,744.0,both
900,3021760001,3341986,5,M,,99,WILSON,STREET,11249,99 WILSON STREET,905.0,INDEPENDENCE,2020-02-12,BROOKLYN,744.0,both
901,3021760001,3341987,6,M,,75,WILSON,STREET,11249,75 WILSON STREET,905.0,INDEPENDENCE,2020-02-12,BROOKLYN,744.0,both
902,3021760001,3341987,6,,,73,WILSON,STREET,11249,73 WILSON STREET,905.0,INDEPENDENCE,2020-02-12,BROOKLYN,744.0,both
903,3046710007,3101906,1,M,,1142,LENOX,ROAD,11212,1142 LENOX ROAD,914.0,LENOX ROAD-ROCKAWAY PARKWAY,2023-11-28,BROOKLYN,74.0,both
904,3046720001,3101952,2,M,,1144,LENOX,ROAD,11212,1144 LENOX ROAD,915.0,LENOX ROAD-ROCKAWAY PARKWAY,2023-11-28,BROOKLYN,74.0,both
905,3046520045,3101290,3,M,,1145,LENOX,ROAD,11212,1145 LENOX ROAD,916.0,LENOX ROAD-ROCKAWAY PARKWAY,2023-11-28,BROOKLYN,74.0,both
906,3043710001,3324019,1,M,,570,STANLEY,AVENUE,11207,570 STANLEY AVENUE,917.0,LINDEN,2021-12-28,BROOKLYN,1586.0,both
907,3043930001,3337067,10,M,,190,WORTMAN,AVENUE,11207,190 WORTMAN AVENUE,918.0,LINDEN,2021-12-28,BROOKLYN,1586.0,both
908,3043930001,3337068,11,M,,240,WORTMAN,AVENUE,11207,240 WORTMAN AVENUE,918.0,LINDEN,2021-12-28,BROOKLYN,1586.0,both
909,3043930001,3337069,12,M,,250,WORTMAN,AVENUE,11207,250 WORTMAN AVENUE,918.0,LINDEN,2021-12-28,BROOKLYN,1586.0,both
910,3043930001,3337065,13,M,,245,COZINE,AVENUE,11207,245 COZINE AVENUE,918.0,LINDEN,2021-12-28,BROOKLYN,1586.0,both
911,3043930001,3337062,14,M,,215,COZINE,AVENUE,11207,215 COZINE AVENUE,918.0,LINDEN,2021-12-28,BROOKLYN,1586.0,both
912,3043930001,3337062,14,,,213,COZINE,AVENUE,11207,213 COZINE AVENUE,918.0,LINDEN,2021-12-28,BROOKLYN,1586.0,both
913,3043930001,3337062,14,,,217,COZINE,AVENUE,11207,217 COZINE AVENUE,918.0,LINDEN,2021-12-28,BROOKLYN,1586.0,both
914,3043930001,3337061,15,M,,195,COZINE,AVENUE,11207,195 COZINE AVENUE,918.0,LINDEN,2021-12-28,BROOKLYN,1586.0,both
915,3043970001,3324281,16,M,,270,WORTMAN,AVENUE,11207,270 WORTMAN AVENUE,926.0,LINDEN,2021-12-28,BROOKLYN,1586.0,both
916,3043970001,3324284,17,M,,300,WORTMAN,AVENUE,11207,300 WORTMAN AVENUE,926.0,LINDEN,2021-12-28,BROOKLYN,1586.0,both
917,3043970001,3324283,18,M,,295,COZINE,AVENUE,11207,295 COZINE AVENUE,926.0,LINDEN,2021-12-28,BROOKLYN,1586.0,both
918,3043970001,3324282,19,M,,285,COZINE,AVENUE,11207,285 COZINE AVENUE,926.0,LINDEN,2021-12-28,BROOKLYN,1586.0,both
919,3043710001,3324020,2,M,,580,STANLEY,AVENUE,11207,580 STANLEY AVENUE,917.0,LINDEN,2021-12-28,BROOKLYN,1586.0,both
920,3043750050,3396477,20,,,696,STANLEY,AVENUE,11207,696 STANLEY AVENUE,931.0,LINDEN,2021-12-28,BROOKLYN,1586.0,both
921,3043750050,3412949,21,,,670,STANLEY,AVENUE,11207,670 STANLEY AVENUE,931.0,LINDEN,2021-12-28,BROOKLYN,1586.0,both
922,3043710001,3324015,3,M,,630,STANLEY,AVENUE,11207,630 STANLEY AVENUE,917.0,LINDEN,2021-12-28,BROOKLYN,1586.0,both
923,3043710001,3324018,4,M,,640,STANLEY,AVENUE,11207,640 STANLEY AVENUE,917.0,LINDEN,2021-12-28,BROOKLYN,1586.0,both
924,3043710001,3324016,5,,,247,WORTMAN,AVENUE,11207,247 WORTMAN AVENUE,917.0,LINDEN,2021-12-28,BROOKLYN,1586.0,both
925,3043710001,3324016,5,,,912,VAN SICLEN,AVENUE,11207,912 VAN SICLEN AVENUE,917.0,LINDEN,2021-12-28,BROOKLYN,1586.0,both
926,3043710001,3324016,5,M,,245,WORTMAN,AVENUE,11207,245 WORTMAN AVENUE,917.0,LINDEN,2021-12-28,BROOKLYN,1586.0,both
927,3043710001,3324016,5,,,243,WORTMAN,AVENUE,11207,243 WORTMAN AVENUE,917.0,LINDEN,2021-12-28,BROOKLYN,1586.0,both
928,3043710001,3324016,5,,,914,VAN SICLEN,AVENUE,11207,914 VAN SICLEN AVENUE,917.0,LINDEN,2021-12-28,BROOKLYN,1586.0,both
929,3043710001,3324017,6,M,,225,WORTMAN,AVENUE,11207,225 WORTMAN AVENUE,917.0,LINDEN,2021-12-28,BROOKLYN,1586.0,both
930,3043710001,3324022,7,M,,215,WORTMAN,AVENUE,11207,215 WORTMAN AVENUE,917.0,LINDEN,2021-12-28,BROOKLYN,1586.0,both
931,3043710001,3324021,8,M,,185,WORTMAN,AVENUE,11207,185 WORTMAN AVENUE,917.0,LINDEN,2021-12-28,BROOKLYN,1586.0,both
932,3043710001,3324021,8,,,187,WORTMAN,AVENUE,11207,187 WORTMAN AVENUE,917.0,LINDEN,2021-12-28,BROOKLYN,1586.0,both
933,3043710001,3324021,8,,,183,WORTMAN,AVENUE,11207,183 WORTMAN AVENUE,917.0,LINDEN,2021-12-28,BROOKLYN,1586.0,both
934,3043930001,3337066,9,M,,180,WORTMAN,AVENUE,11207,180 WORTMAN AVENUE,918.0,LINDEN,2021-12-28,BROOKLYN,1586.0,both
935,1019840001,1084125,1,,WEST,549,126,STREET,10027,549 WEST 126 STREET,946.0,MANHATTANVILLE,2024-12-12,MANHATTAN,1272.0,both
936,1019840001,1084125,1,,WEST,555,126,STREET,10027,555 WEST 126 STREET,946.0,MANHATTANVILLE,2024-12-12,MANHATTAN,1272.0,both
937,1019840001,1084125,1,M,WEST,545,126,STREET,10027,545 WEST 126 STREET,946.0,MANHATTANVILLE,2024-12-12,MANHATTAN,1272.0,both
938,1019840001,1084125,2,,,3240,BROADWAY,STREET,10027,3240 BROADWAY STREET,946.0,MANHATTANVILLE,2024-12-12,MANHATTAN,1272.0,both
939,1019840001,1084125,2,M,,3250,BROADWAY,STREET,10027,3250 BROADWAY STREET,946.0,MANHATTANVILLE,2024-12-12,MANHATTAN,1272.0,both
940,1019840001,1084127,3,,,1414,AMSTERDAM,AVENUE,10027,1414 AMSTERDAM AVENUE,946.0,MANHATTANVILLE,2024-12-12,MANHATTAN,1272.0,both
941,1019840001,1084127,3,M,,1420,AMSTERDAM,AVENUE,10027,1420 AMSTERDAM AVENUE,946.0,MANHATTANVILLE,2024-12-12,MANHATTAN,1272.0,both
942,1019840001,1084128,4,M,,1430,AMSTERDAM,AVENUE,10027,1430 AMSTERDAM AVENUE,946.0,MANHATTANVILLE,2024-12-12,MANHATTAN,1272.0,both
943,1019840001,1084129,5,M,,1470,AMSTERDAM,AVENUE,10027,1470 AMSTERDAM AVENUE,946.0,MANHATTANVILLE,2024-12-12,MANHATTAN,1272.0,both
944,1019840001,1084130,6,,WEST,530,133,STREET,10027,530 WEST 133 STREET,946.0,MANHATTANVILLE,2024-12-12,MANHATTAN,1272.0,both
945,1019840001,1084130,6,M,,95,OLD BROADWAY,STREET,10027,95 OLD BROADWAY STREET,946.0,MANHATTANVILLE,2024-12-12,MANHATTAN,1272.0,both
946,1019880020,1059758,1,M,WEST,515,134,STREET,10031,515 WEST 134 STREET,957.0,MANHATTANVILLE REHAB (GROUP 2),2020-11-30,MANHATTAN,46.0,both
947,1019880022,1059760,2,M,WEST,511,134,STREET,10031,511 WEST 134 STREET,958.0,MANHATTANVILLE REHAB (GROUP 2),2020-11-30,MANHATTAN,46.0,both
948,1019880031,1059765,3,M,,1504,AMSTERDAM,AVENUE,10031,1504 AMSTERDAM AVENUE,959.0,MANHATTANVILLE REHAB (GROUP 2),2020-11-30,MANHATTAN,46.0,both
949,1019870017,1079738,1,M,WEST,529,133,STREET,10027,529 WEST 133 STREET,960.0,MANHATTANVILLE REHAB (GROUP 3),2020-11-30,MANHATTAN,51.0,both
950,1019870017,1079741,2,M,WEST,514,134,STREET,10031,514 WEST 134 STREET,960.0,MANHATTANVILLE REHAB (GROUP 3),2020-11-30,MANHATTAN,51.0,both
951,3017980020,3426328,1,M,,534,GREENE,AVENUE,11216,534 GREENE AVENUE,962.0,MARCY AVENUE-GREENE AVENUE SITE A,2020-02-12,BROOKYLN,48.0,both
952,3017980020,3426329,1,M,,528,GREENE,AVENUE,11216,528 GREENE AVENUE,962.0,MARCY AVENUE-GREENE AVENUE SITE A,2020-02-12,BROOKYLN,48.0,both
953,3017980020,3392441,1,M,,524,GREENE,AVENUE,11216,524 GREENE AVENUE,962.0,MARCY AVENUE-GREENE AVENUE SITE A,2020-02-12,BROOKYLN,48.0,both
954,3017980020,3392441,1,M,,518,GREENE,AVENUE,11216,518 GREENE AVENUE,962.0,MARCY AVENUE-GREENE AVENUE SITE A,2020-02-12,BROOKYLN,48.0,both
955,3017980020,3394299,2,,,325,LEXINGTON,AVENUE,11216,325 LEXINGTON AVENUE,962.0,MARCY AVENUE-GREENE AVENUE SITE A,2020-02-12,BROOKYLN,48.0,both
956,3017980020,3394299,2,M,,323,LEXINGTON,AVENUE,11216,323 LEXINGTON AVENUE,962.0,MARCY AVENUE-GREENE AVENUE SITE A,2020-02-12,BROOKYLN,48.0,both
957,3017980020,3426330,2,,,327,LEXINGTON,AVENUE,11216,327 LEXINGTON AVENUE,962.0,MARCY AVENUE-GREENE AVENUE SITE A,2020-02-12,BROOKYLN,48.0,both
958,3017980020,3426330,2,M,,329,LEXINGTON,AVENUE,11216,329 LEXINGTON AVENUE,962.0,MARCY AVENUE-GREENE AVENUE SITE A,2020-02-12,BROOKYLN,48.0,both
959,3017980020,3426331,2,M,,331,LEXINGTON,AVENUE,11216,331 LEXINGTON AVENUE,962.0,MARCY AVENUE-GREENE AVENUE SITE A,2020-02-12,BROOKYLN,48.0,both
960,3017980005,3000000,2,,,303,NOSTRAND,AVENUE,11216,303 NOSTRAND AVENUE,971.0,MARCY AVENUE-GREENE AVENUE SITE B,2020-02-12,BROOKLYN,30.0,both
961,3017980077,3343342,2,,,305,LEXINGTON,AVENUE,11216,305 LEXINGTON AVENUE,972.0,MARCY AVENUE-GREENE AVENUE SITE B,2020-02-12,BROOKLYN,30.0,both
962,3017980004,3000000,2,,,305,NOSTRAND,AVENUE,11216,305 NOSTRAND AVENUE,973.0,MARCY AVENUE-GREENE AVENUE SITE B,2020-02-12,BROOKLYN,30.0,both
963,3017980003,3000000,2,,,307,NOSTRAND,AVENUE,11216,307 NOSTRAND AVENUE,974.0,MARCY AVENUE-GREENE AVENUE SITE B,2020-02-12,BROOKLYN,30.0,both
964,3017980002,3000000,2,,,309,NOSTRAND,AVENUE,11216,309 NOSTRAND AVENUE,975.0,MARCY AVENUE-GREENE AVENUE SITE B,2020-02-12,BROOKLYN,30.0,both
965,3017980007,3000000,2,,,492,GREENE,AVENUE,11216,492 GREENE AVENUE,976.0,MARCY AVENUE-GREENE AVENUE SITE B,2020-02-12,BROOKLYN,30.0,both
966,3017980008,3000000,2,,,494,GREENE,AVENUE,11216,494 GREENE AVENUE,977.0,MARCY AVENUE-GREENE AVENUE SITE B,2020-02-12,BROOKLYN,30.0,both
967,3017980009,3000000,2,,,496,GREENE,AVENUE,11216,496 GREENE AVENUE,978.0,MARCY AVENUE-GREENE AVENUE SITE B,2020-02-12,BROOKLYN,30.0,both
968,3017980077,3343342,3,M,,311,LEXINGTON,AVENUE,11216,311 LEXINGTON AVENUE,972.0,MARCY AVENUE-GREENE AVENUE SITE B,2020-02-12,BROOKLYN,30.0,both
969,3017980077,3343342,3,M,,313,LEXINGTON,AVENUE,11216,313 LEXINGTON AVENUE,972.0,MARCY AVENUE-GREENE AVENUE SITE B,2020-02-12,BROOKLYN,30.0,both
970,3017980077,3426333,3,M,,315,LEXINGTON,AVENUE,11216,315 LEXINGTON AVENUE,972.0,MARCY AVENUE-GREENE AVENUE SITE B,2020-02-12,BROOKLYN,30.0,both
971,3017980077,3426333,3,M,,317,LEXINGTON,AVENUE,11216,317 LEXINGTON AVENUE,972.0,MARCY AVENUE-GREENE AVENUE SITE B,2020-02-12,BROOKLYN,30.0,both
972,3017980077,3426334,3,M,,319,LEXINGTON,AVENUE,11216,319 LEXINGTON AVENUE,972.0,MARCY AVENUE-GREENE AVENUE SITE B,2020-02-12,BROOKLYN,30.0,both
973,1021160033,1076742,1,,,1968,AMSTERDAM,AVENUE,10032,1968 AMSTERDAM AVENUE,984.0,MARSHALL PLAZA,2023-01-10,MANHATTAN,180.0,both
974,1021160033,1076742,1,M,,1970,AMSTERDAM,AVENUE,10032,1970 AMSTERDAM AVENUE,984.0,MARSHALL PLAZA,2023-01-10,MANHATTAN,180.0,both
975,2041710024,2046141,1,,,3031,MIDDLETOWN,ROAD,10461,3031 MIDDLETOWN ROAD,986.0,MIDDLETOWN PLAZA,2024-09-26,BRONX,179.0,both
976,2041710024,2046141,1,M,,3033,MIDDLETOWN,ROAD,10461,3033 MIDDLETOWN ROAD,986.0,MIDDLETOWN PLAZA,2024-09-26,BRONX,179.0,both
977,2041710024,2046141,1,,,3035,MIDDLETOWN,ROAD,10461,3035 MIDDLETOWN ROAD,986.0,MIDDLETOWN PLAZA,2024-09-26,BRONX,179.0,both
978,2029440001,2046141,1,M,,1805,CROTONA PARK,ROAD,10461,1805 CROTONA PARK ROAD,989.0,MURPHY,2018-12-27,BRONX,281.0,both
979,2029440001,2046141,1,,,1807,CROTONA PARK,ROAD,10461,1807 CROTONA PARK ROAD,989.0,MURPHY,2018-12-27,BRONX,281.0,both
980,2029440001,2046141,2,,,1811,CROTONA PARK,ROAD,10461,1811 CROTONA PARK ROAD,989.0,MURPHY,2018-12-27,BRONX,281.0,both
981,2029440001,2092141,2,,,615,CROTONA PARK,NORTH,10457,615 CROTONA PARK NORTH,989.0,MURPHY,2018-12-27,BRONX,281.0,both
982,2029440001,2092141,2,M,,611,CROTONA PARK,NORTH,10457,611 CROTONA PARK NORTH,989.0,MURPHY,2018-12-27,BRONX,281.0,both
983,2029440001,2092141,2,,,601,CROTONA PARK,NORTH,10457,601 CROTONA PARK NORTH,989.0,MURPHY,2018-12-27,BRONX,281.0,both
984,4160020001,4436447,1,M,,54-81,ALMEDA,AVENUE,11692,54-81 ALMEDA AVENUE,995.0,OCEAN BAY (BAYSIDE),2016-12-31,QUEENS,1395.0,both
985,4160010002,4436442,10,M,,51-11,ALMEDA,AVENUE,11691,51-11 ALMEDA AVENUE,996.0,OCEAN BAY (BAYSIDE),2016-12-31,QUEENS,1395.0,both
986,4160010002,4436436,11,M,,409,BEACH 51,STREET,11691,409 BEACH 51 STREET,996.0,OCEAN BAY (BAYSIDE),2016-12-31,QUEENS,1395.0,both
987,4160010002,4436440,12,M,,51-24,BEACH CHANNEL,DRIVE,11691,51-24 BEACH CHANNEL DRIVE,996.0,OCEAN BAY (BAYSIDE),2016-12-31,QUEENS,1395.0,both
988,4160010002,4436441,13,M,,51-32,BEACH CHANNEL,DRIVE,11691,51-32 BEACH CHANNEL DRIVE,996.0,OCEAN BAY (BAYSIDE),2016-12-31,QUEENS,1395.0,both
989,4160010002,4436438,14,M,,410,BEACH 54,STREET,11692,410 BEACH 54 STREET,996.0,OCEAN BAY (BAYSIDE),2016-12-31,QUEENS,1395.0,both
990,4160020001,4440393,15,M,,411,BEACH 54,STREET,11692,411 BEACH 54 STREET,995.0,OCEAN BAY (BAYSIDE),2016-12-31,QUEENS,1395.0,both
991,4160020001,4436451,16,M,,54-22,BEACH CHANNEL,DRIVE,11692,54-22 BEACH CHANNEL DRIVE,995.0,OCEAN BAY (BAYSIDE),2016-12-31,QUEENS,1395.0,both
992,4160020001,4436452,17,M,,54-30,BEACH CHANNEL,DRIVE,11692,54-30 BEACH CHANNEL DRIVE,995.0,OCEAN BAY (BAYSIDE),2016-12-31,QUEENS,1395.0,both
993,4160020001,4436453,18,M,,56-10,BEACH CHANNEL,DRIVE,11692,56-10 BEACH CHANNEL DRIVE,995.0,OCEAN BAY (BAYSIDE),2016-12-31,QUEENS,1395.0,both
994,4160020001,4436454,19,M,,56-16,BEACH CHANNEL,DRIVE,11692,56-16 BEACH CHANNEL DRIVE,995.0,OCEAN BAY (BAYSIDE),2016-12-31,QUEENS,1395.0,both
995,4160020001,4436446,2,M,,54-75,ALMEDA,AVENUE,11692,54-75 ALMEDA AVENUE,995.0,OCEAN BAY (BAYSIDE),2016-12-31,QUEENS,1395.0,both
996,4160020001,4436449,20,M,,414,BEACH 58,STREET,11692,414 BEACH 58 STREET,995.0,OCEAN BAY (BAYSIDE),2016-12-31,QUEENS,1395.0,both
997,4160020001,4436449,20,,,57-10,BEACH CHANNEL,DRIVE,11692,57-10 BEACH CHANNEL DRIVE,995.0,OCEAN BAY (BAYSIDE),2016-12-31,QUEENS,1395.0,both
998,4160010002,4436437,21,M,,441,BEACH 51,STREET,11691,441 BEACH 51 STREET,996.0,OCEAN BAY (BAYSIDE),2016-12-31,QUEENS,1395.0,both
999,4160010002,4436437,21,M,,445,BEACH 51,STREET,11691,445 BEACH 51 STREET,996.0,OCEAN BAY (BAYSIDE),2016-12-31,QUEENS,1395.0,both
1000,4160010002,4436439,22,,,434,BEACH 54,STREET,11692,434 BEACH 54 STREET,996.0,OCEAN BAY (BAYSIDE),2016-12-31,QUEENS,1395.0,both
1001,4160010002,4436439,22,M,,440,BEACH 54,STREET,11692,440 BEACH 54 STREET,996.0,OCEAN BAY (BAYSIDE),2016-12-31,QUEENS,1395.0,both
1002,4160010002,4436439,22,,,430,BEACH 54,STREET,11692,430 BEACH 54 STREET,996.0,OCEAN BAY (BAYSIDE),2016-12-31,QUEENS,1395.0,both
1003,4160010002,4436439,22,M,,444,BEACH 54,STREET,11692,444 BEACH 54 STREET,996.0,OCEAN BAY (BAYSIDE),2016-12-31,QUEENS,1395.0,both
1004,4160020001,4436448,23,M,,439,BEACH 54,STREET,11692,439 BEACH 54 STREET,995.0,OCEAN BAY (BAYSIDE),2016-12-31,QUEENS,1395.0,both
1005,4160020001,4436448,23,,,447,BEACH 54,STREET,11692,447 BEACH 54 STREET,995.0,OCEAN BAY (BAYSIDE),2016-12-31,QUEENS,1395.0,both
1006,4160020001,4436448,23,M,,443,BEACH 54,STREET,11692,443 BEACH 54 STREET,995.0,OCEAN BAY (BAYSIDE),2016-12-31,QUEENS,1395.0,both
1007,4160020001,4436450,24,M,,434,BEACH 58,STREET,11692,434 BEACH 58 STREET,995.0,OCEAN BAY (BAYSIDE),2016-12-31,QUEENS,1395.0,both
1008,4160020001,4436450,24,M,,440,BEACH 58,STREET,11692,440 BEACH 58 STREET,995.0,OCEAN BAY (BAYSIDE),2016-12-31,QUEENS,1395.0,both
1009,4160020001,4436445,3,M,,54-49,ALMEDA,AVENUE,11692,54-49 ALMEDA AVENUE,995.0,OCEAN BAY (BAYSIDE),2016-12-31,QUEENS,1395.0,both
1010,4160020001,4436444,4,M,,54-41,ALMEDA,AVENUE,11692,54-41 ALMEDA AVENUE,995.0,OCEAN BAY (BAYSIDE),2016-12-31,QUEENS,1395.0,both
1011,4160020001,4436443,5,M,,54-15,ALMEDA,AVENUE,11692,54-15 ALMEDA AVENUE,995.0,OCEAN BAY (BAYSIDE),2016-12-31,QUEENS,1395.0,both
1012,4160020001,4436456,6,M,,54-09,ALMEDA,AVENUE,11692,54-09 ALMEDA AVENUE,995.0,OCEAN BAY (BAYSIDE),2016-12-31,QUEENS,1395.0,both
1013,4160010002,4436435,7,M,,51-49,ALMEDA,AVENUE,11691,51-49 ALMEDA AVENUE,996.0,OCEAN BAY (BAYSIDE),2016-12-31,QUEENS,1395.0,both
1014,4160010002,4436434,8,M,,51-45,ALMEDA,AVENUE,11691,51-45 ALMEDA AVENUE,996.0,OCEAN BAY (BAYSIDE),2016-12-31,QUEENS,1395.0,both
1015,4160010002,4436433,9,M,,51-15,ALMEDA,AVENUE,11691,51-15 ALMEDA AVENUE,996.0,OCEAN BAY (BAYSIDE),2016-12-31,QUEENS,1395.0,both
1016,3014310037,3038518,1,M,,2041,PACIFIC,STREET,11233,2041 PACIFIC STREET,1027.0,OCEAN HILL-BROWNSVILLE,2023-11-28,BROOKLYN,125.0,both
1017,3014310043,3038520,2,M,,334,HOWARD,AVENUE,11233,334 HOWARD AVENUE,1028.0,OCEAN HILL-BROWNSVILLE,2023-11-28,BROOKLYN,125.0,both
1018,3014310043,3038520,2,,,336,HOWARD,AVENUE,11233,336 HOWARD AVENUE,1028.0,OCEAN HILL-BROWNSVILLE,2023-11-28,BROOKLYN,125.0,both
1019,3014310039,3038519,3,M,,324,HOWARD,AVENUE,11233,324 HOWARD AVENUE,1030.0,OCEAN HILL-BROWNSVILLE,2023-11-28,BROOKLYN,125.0,both
1020,3014390010,3038674,4,M,,2020,PACIFIC,STREET,11233,2020 PACIFIC STREET,1031.0,OCEAN HILL-BROWNSVILLE,2023-11-28,BROOKLYN,125.0,both
1021,3014390001,3038671,5,M,,2065,DEAN,STREET,11233,2065 DEAN STREET,1032.0,OCEAN HILL-BROWNSVILLE,2023-11-28,BROOKLYN,125.0,both
1022,3033400020,3076429,1,M,,85,PALMETTO,STREET,11221,85 PALMETTO STREET,1033.0,PALMETTO GARDENS,2019-07-18,BROOKLYN,115.0,both
1023,1017710059,1054420,1,M,EAST,120,123,STREET,10035,120 EAST 123 STREET,1034.0,"PARK AVENUE-EAST 112ND, 123RD STREETS",2020-11-30,MANHATTAN,90.0,both
1024,1017710010,1054411,2,M,EAST,115,122,STREET,10035,115 EAST 122 STREET,1035.0,"PARK AVENUE-EAST 112ND, 123RD STREETS",2020-11-30,MANHATTAN,90.0,both
1025,1017710065,1087851,3,,EAST,114,123,STREET,10035,114 EAST 123 STREET,1036.0,"PARK AVENUE-EAST 112ND, 123RD STREETS",2020-11-30,MANHATTAN,90.0,both
1026,1017710065,1087851,3,,EAST,116,123,STREET,10035,116 EAST 123 STREET,1036.0,"PARK AVENUE-EAST 112ND, 123RD STREETS",2020-11-30,MANHATTAN,90.0,both
1027,3013730034,3036563,1,M,,1468,PARK,PLACE,11213,1468 PARK PLACE,1038.0,PARK ROCK REHAB,2023-11-28,BROOKLYN,134.0,both
1028,3013730037,3036564,2,M,,1474,PARK,PLACE,11213,1474 PARK PLACE,1039.0,PARK ROCK REHAB,2023-11-28,BROOKLYN,134.0,both
1029,3013730040,3036565,3,,,1484,PARK,PLACE,11213,1484 PARK PLACE,1040.0,PARK ROCK REHAB,2023-11-28,BROOKLYN,134.0,both
1030,3013730040,3036565,3,M,,1480,PARK,PLACE,11213,1480 PARK PLACE,1040.0,PARK ROCK REHAB,2023-11-28,BROOKLYN,134.0,both
1031,3013730043,3036566,4,M,,208,ROCHESTER,AVENUE,11213,208 ROCHESTER AVENUE,1042.0,PARK ROCK REHAB,2023-11-28,BROOKLYN,134.0,both
1032,3013730046,3036567,5,M,,218,ROCHESTER,AVENUE,11213,218 ROCHESTER AVENUE,1043.0,PARK ROCK REHAB,2023-11-28,BROOKLYN,134.0,both
1033,3013730049,3036568,6,M,,1521,STERLING,PLACE,11213,1521 STERLING PLACE,1044.0,PARK ROCK REHAB,2023-11-28,BROOKLYN,134.0,both
1034,3013790039,3036863,7,M,,1522,STERLING,PLACE,11213,1522 STERLING PLACE,1045.0,PARK ROCK REHAB,2023-11-28,BROOKLYN,134.0,both
1035,3013790039,3036863,7,,,230,ROCHESTER,AVENUE,11213,230 ROCHESTER AVENUE,1045.0,PARK ROCK REHAB,2023-11-28,BROOKLYN,134.0,both
1036,3013790041,3036864,8,M,,232,ROCHESTER,AVENUE,11213,232 ROCHESTER AVENUE,1047.0,PARK ROCK REHAB,2023-11-28,BROOKLYN,134.0,both
1037,3013790043,3036865,9,M,,234,ROCHESTER,AVENUE,11213,234 ROCHESTER AVENUE,1048.0,PARK ROCK REHAB,2023-11-28,BROOKLYN,134.0,both
1038,3043690001,3324011,1,,,895,PENNSYLVANIA,AVENUE,11207,895 PENNSYLVANIA AVENUE,1049.0,PENNSYLVANIA AVENUE-WORTMAN AVENUE,2021-12-28,BROOKLYN,336.0,both
1039,3043690001,3324011,1,,,879,PENNSYLVANIA,AVENUE,11207,879 PENNSYLVANIA AVENUE,1049.0,PENNSYLVANIA AVENUE-WORTMAN AVENUE,2021-12-28,BROOKLYN,336.0,both
1040,3043690001,3324011,1,,,881,PENNSYLVANIA,AVENUE,11207,881 PENNSYLVANIA AVENUE,1049.0,PENNSYLVANIA AVENUE-WORTMAN AVENUE,2021-12-28,BROOKLYN,336.0,both
1041,3043690001,3324011,1,M,,875,PENNSYLVANIA,AVENUE,11207,875 PENNSYLVANIA AVENUE,1049.0,PENNSYLVANIA AVENUE-WORTMAN AVENUE,2021-12-28,BROOKLYN,336.0,both
1042,3043690001,3324011,1,,,877,PENNSYLVANIA,AVENUE,11207,877 PENNSYLVANIA AVENUE,1049.0,PENNSYLVANIA AVENUE-WORTMAN AVENUE,2021-12-28,BROOKLYN,336.0,both
1043,3043690001,3324014,2,M,,155,WORTMAN,AVENUE,11207,155 WORTMAN AVENUE,1049.0,PENNSYLVANIA AVENUE-WORTMAN AVENUE,2021-12-28,BROOKLYN,336.0,both
1044,3043690001,3324013,3,M,,920,VERMONT,STREET,11207,920 VERMONT STREET,1049.0,PENNSYLVANIA AVENUE-WORTMAN AVENUE,2021-12-28,BROOKLYN,336.0,both
1045,3043690011,3324010,4,,,520,STANLEY,AVENUE,11207,520 STANLEY AVENUE,,,,,,left_only
1046,3043690011,3324010,4,,,530,STANLEY,AVENUE,11207,530 STANLEY AVENUE,,,,,,left_only
1047,1020080013,1060054,1,M,WEST,120,140,STREET,10030,120 WEST 140 STREET,1058.0,PUBLIC SCHOOL 139 (CONVERSION),2020-11-30,MANHATTAN,125.0,both
1048,1020080013,1060054,1,M,WEST,120,140,STREET,10030,120 WEST 140 STREET,1058.0,PUBLIC SCHOOL 139 (CONVERSION),2020-11-30,MANHATTAN,125.0,both
1049,3035080034,3000000,1,,EAST,1180,NEW YORK,AVENUE,11212,1180 EAST NEW YORK AVENUE,1060.0,RALPH AVENUE REHAB,2023-11-28,BROOKLYN,118.0,both
1050,3035080036,3000000,1,,EAST,1186,NEW YORK,AVENUE,11212,1186 EAST NEW YORK AVENUE,1061.0,RALPH AVENUE REHAB,2023-11-28,BROOKLYN,118.0,both
1051,3035080041,3080788,1,,,662,RALPH,AVENUE,11212,662 RALPH AVENUE,1062.0,RALPH AVENUE REHAB,2023-11-28,BROOKLYN,118.0,both
1052,3035080038,3080787,1,M,EAST,1196,NEW YORK,AVENUE,11212,1196 EAST NEW YORK AVENUE,1063.0,RALPH AVENUE REHAB,2023-11-28,BROOKLYN,118.0,both
1053,3035080042,3080789,2,M,,672,RALPH,AVENUE,11212,672 RALPH AVENUE,1064.0,RALPH AVENUE REHAB,2023-11-28,BROOKLYN,118.0,both
1054,3035080046,3080790,3,M,,682,RALPH,AVENUE,11212,682 RALPH AVENUE,1065.0,RALPH AVENUE REHAB,2023-11-28,BROOKLYN,118.0,both
1055,3035080050,3080791,4,M,,692,RALPH,AVENUE,11212,692 RALPH AVENUE,1066.0,RALPH AVENUE REHAB,2023-11-28,BROOKLYN,118.0,both
1056,3035080054,3080792,5,M,,698,RALPH,AVENUE,11212,698 RALPH AVENUE,1067.0,RALPH AVENUE REHAB,2023-11-28,BROOKLYN,118.0,both
1057,3047950016,3106612,1,,,681,MAPLE,STREET,11203,681 MAPLE STREET,1068.0,REID APARTMENTS,2023-11-28,BROOKLYN,230.0,both
1058,3047950016,3106612,1,,EAST,720,NEW YORK,AVENUE,11203,720 EAST NEW YORK AVENUE,1068.0,REID APARTMENTS,2023-11-28,BROOKLYN,230.0,both
1059,3047950016,3106612,1,,EAST,722,NEW YORK,AVENUE,11203,722 EAST NEW YORK AVENUE,1068.0,REID APARTMENTS,2023-11-28,BROOKLYN,230.0,both
1060,3047950016,3106612,1,M,EAST,728,NEW YORK,AVENUE,11203,728 EAST NEW YORK AVENUE,1068.0,REID APARTMENTS,2023-11-28,BROOKLYN,230.0,both
1061,3047950016,3106612,1,,EAST,730,NEW YORK,AVENUE,11203,730 EAST NEW YORK AVENUE,1068.0,REID APARTMENTS,2023-11-28,BROOKLYN,230.0,both
1062,3047950016,3106612,1,,EAST,726,NEW YORK,AVENUE,11203,726 EAST NEW YORK AVENUE,1068.0,REID APARTMENTS,2023-11-28,BROOKLYN,230.0,both
1063,3045940064,3099358,1,M,,955,RUTLAND,ROAD,11212,955 RUTLAND ROAD,1074.0,RUTLAND TOWERS,2023-11-28,BROOKLYN,61.0,both
1064,2035930001,2092700,1,M,,1710,LAFAYETTE,AVENUE,10473,1710 LAFAYETTE AVENUE,1075.0,SACK WERN,2024-06-26,BRONX,413.0,both
1065,2035930001,2092699,2,M,,750,CROES,AVENUE,10473,750 CROES AVENUE,1075.0,SACK WERN,2024-06-26,BRONX,413.0,both
1066,2035930001,2092698,3,M,,710,CROES,AVENUE,10473,710 CROES AVENUE,1075.0,SACK WERN,2024-06-26,BRONX,413.0,both
1067,2035930001,2092701,4,M,,715,NOBLE,AVENUE,10473,715 NOBLE AVENUE,1075.0,SACK WERN,2024-06-26,BRONX,413.0,both
1068,2035940001,2021985,5,M,,710,NOBLE,AVENUE,10473,710 NOBLE AVENUE,1079.0,SACK WERN,2024-06-26,BRONX,413.0,both
1069,2035940001,2021985,5,,,712,NOBLE,AVENUE,10473,712 NOBLE AVENUE,1079.0,SACK WERN,2024-06-26,BRONX,413.0,both
1070,2035980017,2092707,6,M,,740,BEACH,AVENUE,10473,740 BEACH AVENUE,1081.0,SACK WERN,2024-06-26,BRONX,413.0,both
1071,2035980017,2092706,7,M,,1810,LAFAYETTE,AVENUE,10473,1810 LAFAYETTE AVENUE,1081.0,SACK WERN,2024-06-26,BRONX,413.0,both
1072,2035930001,2112991,8,,,717,NOBLE,AVENUE,10473,717 NOBLE AVENUE,1075.0,SACK WERN,2024-06-26,BRONX,413.0,both
1073,1020120023,1000000,8,,WEST,111,143,STREET,10030,111 WEST 143 STREET,1084.0,SAMUEL (CITY),2024-09-26,MANHATTAN,664.0,both
1074,1020120023,1000000,8,,WEST,113,143,STREET,10030,113 WEST 143 STREET,1084.0,SAMUEL (CITY),2024-09-26,MANHATTAN,664.0,both
1075,1020070044,1000000,8,,WEST,114,139,STREET,10030,114 WEST 139 STREET,1086.0,SAMUEL (CITY),2024-09-26,MANHATTAN,664.0,both
1076,1020110008,1000000,8,,WEST,155,142,STREET,10030,155 WEST 142 STREET,1087.0,SAMUEL (CITY),2024-09-26,MANHATTAN,664.0,both
1077,1020120009,1000000,8,,WEST,155,143,STREET,10030,155 WEST 143 STREET,1088.0,SAMUEL (CITY),2024-09-26,MANHATTAN,664.0,both
1078,1020110007,1000000,8,,WEST,157,142,STREET,10030,157 WEST 142 STREET,1089.0,SAMUEL (CITY),2024-09-26,MANHATTAN,664.0,both
1079,1020120009,1000000,8,,WEST,157,143,STREET,10030,157 WEST 143 STREET,1088.0,SAMUEL (CITY),2024-09-26,MANHATTAN,664.0,both
1080,1020130026,1060169,1,M,WEST,109,144,STREET,10030,109 WEST 144 STREET,1091.0,SAMUEL (CITY),2024-09-26,MANHATTAN,664.0,both
1081,1020150005,1079768,10,M,WEST,164,147,STREET,10039,164 WEST 147 STREET,1092.0,SAMUEL (CITY),2024-09-26,MANHATTAN,664.0,both
1082,1020150005,1079768,10,,,2537,ADAM C POWELL,BOULEVARD,10039,2537 ADAM C POWELL BOULEVARD,1092.0,SAMUEL (CITY),2024-09-26,MANHATTAN,664.0,both
1083,1020150005,1079768,11,M,,2533,ADAM C POWELL,BOULEVARD,10039,2533 ADAM C POWELL BOULEVARD,1092.0,SAMUEL (CITY),2024-09-26,MANHATTAN,664.0,both
1084,1020150005,1079768,12,M,,2529,ADAM C POWELL,BOULEVARD,10039,2529 ADAM C POWELL BOULEVARD,1092.0,SAMUEL (CITY),2024-09-26,MANHATTAN,664.0,both
1085,1020150005,1079768,13,M,,2525,ADAM C POWELL,BOULEVARD,10039,2525 ADAM C POWELL BOULEVARD,1092.0,SAMUEL (CITY),2024-09-26,MANHATTAN,664.0,both
1086,1020120061,1060155,14,M,WEST,164,144,STREET,10030,164 WEST 144 STREET,1097.0,SAMUEL (CITY),2024-09-26,MANHATTAN,664.0,both
1087,1020120061,1060155,14,,,2477,ADAM C POWELL,BOULEVARD,10030,2477 ADAM C POWELL BOULEVARD,1097.0,SAMUEL (CITY),2024-09-26,MANHATTAN,664.0,both
1088,1020120063,1060155,15,M,,2473,ADAM C POWELL,BOULEVARD,10030,2473 ADAM C POWELL BOULEVARD,1099.0,SAMUEL (CITY),2024-09-26,MANHATTAN,664.0,both
1089,1020120064,1060155,16,M,,2469,ADAM C POWELL,BOULEVARD,10030,2469 ADAM C POWELL BOULEVARD,1100.0,SAMUEL (CITY),2024-09-26,MANHATTAN,664.0,both
1090,1020120003,1060155,17,M,,2465,ADAM C POWELL,BOULEVARD,10030,2465 ADAM C POWELL BOULEVARD,1101.0,SAMUEL (CITY),2024-09-26,MANHATTAN,664.0,both
1091,1020120001,1060155,18,,,2461,ADAM C POWELL,BOULEVARD,10030,2461 ADAM C POWELL BOULEVARD,1102.0,SAMUEL (CITY),2024-09-26,MANHATTAN,664.0,both
1092,1020120001,1060128,18,M,WEST,167,143,STREET,10030,167 WEST 143 STREET,1102.0,SAMUEL (CITY),2024-09-26,MANHATTAN,664.0,both
1093,1020120006,1060130,19,M,WEST,163,143,STREET,10030,163 WEST 143 STREET,1104.0,SAMUEL (CITY),2024-09-26,MANHATTAN,664.0,both
1094,1020130024,1060168,2,M,WEST,113,144,STREET,10030,113 WEST 144 STREET,1105.0,SAMUEL (CITY),2024-09-26,MANHATTAN,664.0,both
1095,1020120008,1060131,20,M,WEST,159,143,STREET,10030,159 WEST 143 STREET,1106.0,SAMUEL (CITY),2024-09-26,MANHATTAN,664.0,both
1096,1020120011,1060132,21,M,WEST,151,143,STREET,10030,151 WEST 143 STREET,1107.0,SAMUEL (CITY),2024-09-26,MANHATTAN,664.0,both
1097,1020120014,1060133,22,M,WEST,145,143,STREET,10030,145 WEST 143 STREET,1108.0,SAMUEL (CITY),2024-09-26,MANHATTAN,664.0,both
1098,1020120015,1060134,23,M,WEST,143,143,STREET,10030,143 WEST 143 STREET,1109.0,SAMUEL (CITY),2024-09-26,MANHATTAN,664.0,both
1099,1020120018,1060136,24,M,WEST,135,143,STREET,10030,135 WEST 143 STREET,1110.0,SAMUEL (CITY),2024-09-26,MANHATTAN,664.0,both
1100,1020120020,1060137,25,M,WEST,131,143,STREET,10030,131 WEST 143 STREET,1111.0,SAMUEL (CITY),2024-09-26,MANHATTAN,664.0,both
1101,1020110033,1060117,26,M,,649,MALCOLM X,BOULEVARD,10037,649 MALCOLM X BOULEVARD,1112.0,SAMUEL (CITY),2024-09-26,MANHATTAN,664.0,both
1102,1020110031,1060116,27,M,,645,MALCOLM X,BOULEVARD,10037,645 MALCOLM X BOULEVARD,1113.0,SAMUEL (CITY),2024-09-26,MANHATTAN,664.0,both
1103,1020110022,1060111,28,M,WEST,129,142,STREET,10030,129 WEST 142 STREET,1114.0,SAMUEL (CITY),2024-09-26,MANHATTAN,664.0,both
1104,1020110015,1060107,29,M,WEST,141,142,STREET,10030,141 WEST 142 STREET,1115.0,SAMUEL (CITY),2024-09-26,MANHATTAN,664.0,both
1105,1020130022,1060167,3,M,WEST,117,144,STREET,10030,117 WEST 144 STREET,1116.0,SAMUEL (CITY),2024-09-26,MANHATTAN,664.0,both
1106,1020110014,1060106,30,M,WEST,143,142,STREET,10030,143 WEST 142 STREET,1117.0,SAMUEL (CITY),2024-09-26,MANHATTAN,664.0,both
1107,1020110013,1060105,31,M,WEST,145,142,STREET,10030,145 WEST 142 STREET,1118.0,SAMUEL (CITY),2024-09-26,MANHATTAN,664.0,both
1108,1020110011,1060103,32,M,WEST,149,142,STREET,10030,149 WEST 142 STREET,1119.0,SAMUEL (CITY),2024-09-26,MANHATTAN,664.0,both
1109,1020110061,1060103,33,M,,2453,ADAM C POWELL,BOULEVARD,10030,2453 ADAM C POWELL BOULEVARD,1120.0,SAMUEL (CITY),2024-09-26,MANHATTAN,664.0,both
1110,1020110063,1060103,34,M,,2449,ADAM C POWELL,BOULEVARD,10030,2449 ADAM C POWELL BOULEVARD,1121.0,SAMUEL (CITY),2024-09-26,MANHATTAN,664.0,both
1111,1020110001,1060103,35,M,,2441,ADAM C POWELL,BOULEVARD,10030,2441 ADAM C POWELL BOULEVARD,1122.0,SAMUEL (CITY),2024-09-26,MANHATTAN,664.0,both
1112,1020090044,1060069,36,M,WEST,144,141,STREET,10030,144 WEST 141 STREET,1123.0,SAMUEL (CITY),2024-09-26,MANHATTAN,664.0,both
1113,1020090063,1060069,37,M,,2409,ADAM C POWELL,BOULEVARD,10030,2409 ADAM C POWELL BOULEVARD,1124.0,SAMUEL (CITY),2024-09-26,MANHATTAN,664.0,both
1114,1020090064,1060069,38,M,,2407,ADAM C POWELL,BOULEVARD,10030,2407 ADAM C POWELL BOULEVARD,1125.0,SAMUEL (CITY),2024-09-26,MANHATTAN,664.0,both
1115,1020130018,1060165,4,M,WEST,125,144,STREET,10030,125 WEST 144 STREET,1126.0,SAMUEL (CITY),2024-09-26,MANHATTAN,664.0,both
1116,1020070045,1060039,44,M,WEST,116,139,STREET,10030,116 WEST 139 STREET,1127.0,SAMUEL (CITY),2024-09-26,MANHATTAN,664.0,both
1117,1020070043,1060038,45,M,WEST,112,139,STREET,10030,112 WEST 139 STREET,1128.0,SAMUEL (CITY),2024-09-26,MANHATTAN,664.0,both
1118,1020120025,1085366,48,,,669,LENOX,AVENUE,10037,669 LENOX AVENUE,1129.0,SAMUEL (CITY),2024-09-26,MANHATTAN,664.0,both
1119,1020120025,1085367,49,,WEST,103,143,STREET,10030,103 WEST 143 STREET,1129.0,SAMUEL (CITY),2024-09-26,MANHATTAN,664.0,both
1120,1020120025,1085367,49,,WEST,105,143,STREET,10030,105 WEST 143 STREET,1129.0,SAMUEL (CITY),2024-09-26,MANHATTAN,664.0,both
1121,1020130016,1060164,5,M,WEST,129,144,STREET,10030,129 WEST 144 STREET,1132.0,SAMUEL (CITY),2024-09-26,MANHATTAN,664.0,both
1122,1020130014,1060163,6,M,WEST,133,144,STREET,10030,133 WEST 144 STREET,1133.0,SAMUEL (CITY),2024-09-26,MANHATTAN,664.0,both
1123,1020120052,1060150,7,M,WEST,148,144,STREET,10030,148 WEST 144 STREET,1134.0,SAMUEL (CITY),2024-09-26,MANHATTAN,664.0,both
1124,1020120056,1060152,8,M,WEST,158,144,STREET,10030,158 WEST 144 STREET,1135.0,SAMUEL (CITY),2024-09-26,MANHATTAN,664.0,both
1125,1020120058,1060154,9,M,WEST,162,144,STREET,10030,162 WEST 144 STREET,1136.0,SAMUEL (CITY),2024-09-26,MANHATTAN,664.0,both
1126,1020090004,1060154,39,M,,2405,ADAM C POWELL,BOULEVARD,10030,2405 ADAM C POWELL BOULEVARD,1137.0,SAMUEL (MHOP) I,2020-11-30,MANHATTAN,53.0,both
1127,1020090003,1060154,40,M,,2403,ADAM C POWELL,BOULEVARD,10030,2403 ADAM C POWELL BOULEVARD,1138.0,SAMUEL (MHOP) I,2020-11-30,MANHATTAN,53.0,both
1128,1020090001,1060154,41,,,2401,ADAM C POWELL,BOULEVARD,10030,2401 ADAM C POWELL BOULEVARD,1139.0,SAMUEL (MHOP) I,2020-11-30,MANHATTAN,53.0,both
1129,1020090001,1060058,41,M,WEST,173,140,STREET,10030,173 WEST 140 STREET,1139.0,SAMUEL (MHOP) I,2020-11-30,MANHATTAN,53.0,both
1130,1020070057,1060048,42,M,WEST,138,139,STREET,10030,138 WEST 139 STREET,1141.0,SAMUEL (MHOP) I,2020-11-30,MANHATTAN,53.0,both
1131,1020070056,1060047,43,M,WEST,136,139,STREET,10030,136 WEST 139 STREET,1142.0,SAMUEL (MHOP) I,2020-11-30,MANHATTAN,53.0,both
1132,1020070042,1060037,46,M,WEST,110,139,STREET,10030,110 WEST 139 STREET,1143.0,SAMUEL (MHOP) II,2020-11-30,MANHATTAN,10.0,both
1133,1020110009,1076698,47,M,WEST,151,142,STREET,10030,151 WEST 142 STREET,1144.0,SAMUEL (MHOP) III,2020-11-30,MANHATTAN,10.0,both
1134,1020110009,1076698,47,,WEST,153,142,STREET,10030,153 WEST 142 STREET,1144.0,SAMUEL (MHOP) III,2020-11-30,MANHATTAN,10.0,both
1135,2026260001,2091326,1,M,,845,CAULDWELL,AVENUE,10456,845 CAULDWELL AVENUE,1146.0,SOUTH BRONX AREA (SITE 402),2023-11-28,BRONX,114.0,both
1136,2026260001,2091326,1,M,,851,CAULDWELL,AVENUE,10456,851 CAULDWELL AVENUE,1146.0,SOUTH BRONX AREA (SITE 402),2023-11-28,BRONX,114.0,both
1137,2026260001,2091326,1,M,,855,CAULDWELL,AVENUE,10456,855 CAULDWELL AVENUE,1146.0,SOUTH BRONX AREA (SITE 402),2023-11-28,BRONX,114.0,both
1138,2026260001,2091326,1,M,,861,CAULDWELL,AVENUE,10456,861 CAULDWELL AVENUE,1146.0,SOUTH BRONX AREA (SITE 402),2023-11-28,BRONX,114.0,both
1139,2026260001,2091326,1,M,,865,CAULDWELL,AVENUE,10456,865 CAULDWELL AVENUE,1146.0,SOUTH BRONX AREA (SITE 402),2023-11-28,BRONX,114.0,both
1140,2026260001,2091325,2,M,,821,CAULDWELL,AVENUE,10456,821 CAULDWELL AVENUE,1146.0,SOUTH BRONX AREA (SITE 402),2023-11-28,BRONX,114.0,both
1141,2026260001,2091325,2,M,,825,CAULDWELL,AVENUE,10456,825 CAULDWELL AVENUE,1146.0,SOUTH BRONX AREA (SITE 402),2023-11-28,BRONX,114.0,both
1142,2026260001,2091325,2,M,,829,CAULDWELL,AVENUE,10456,829 CAULDWELL AVENUE,1146.0,SOUTH BRONX AREA (SITE 402),2023-11-28,BRONX,114.0,both
1143,2026260001,2091328,3,M,EAST,611,158,STREET,10456,611 EAST 158 STREET,1146.0,SOUTH BRONX AREA (SITE 402),2023-11-28,BRONX,114.0,both
1144,2026260001,2091328,3,M,EAST,615,158,STREET,10456,615 EAST 158 STREET,1146.0,SOUTH BRONX AREA (SITE 402),2023-11-28,BRONX,114.0,both
1145,2026260001,2091328,3,M,EAST,625,158,STREET,10456,625 EAST 158 STREET,1146.0,SOUTH BRONX AREA (SITE 402),2023-11-28,BRONX,114.0,both
1146,2026260001,2091328,3,M,EAST,635,158,STREET,10456,635 EAST 158 STREET,1146.0,SOUTH BRONX AREA (SITE 402),2023-11-28,BRONX,114.0,both
1147,2026260001,2091328,3,M,EAST,645,158,STREET,10456,645 EAST 158 STREET,1146.0,SOUTH BRONX AREA (SITE 402),2023-11-28,BRONX,114.0,both
1148,2026260001,2091327,4,M,,854,EAGLE,AVENUE,10456,854 EAGLE AVENUE,1146.0,SOUTH BRONX AREA (SITE 402),2023-11-28,BRONX,114.0,both
1149,2026260001,2091327,4,M,,850,EAGLE,AVENUE,10456,850 EAGLE AVENUE,1146.0,SOUTH BRONX AREA (SITE 402),2023-11-28,BRONX,114.0,both
1150,2026260001,2091327,4,M,,844,EAGLE,AVENUE,10456,844 EAGLE AVENUE,1146.0,SOUTH BRONX AREA (SITE 402),2023-11-28,BRONX,114.0,both
1151,2026260001,2091327,4,M,,840,EAGLE,AVENUE,10456,840 EAGLE AVENUE,1146.0,SOUTH BRONX AREA (SITE 402),2023-11-28,BRONX,114.0,both
1152,2026260001,2091327,4,M,,834,EAGLE,AVENUE,10456,834 EAGLE AVENUE,1146.0,SOUTH BRONX AREA (SITE 402),2023-11-28,BRONX,114.0,both
1153,2026260001,2091327,4,M,,830,EAGLE,AVENUE,10456,830 EAGLE AVENUE,1146.0,SOUTH BRONX AREA (SITE 402),2023-11-28,BRONX,114.0,both
1154,2026960005,2091327,1,M,,839,REV JAMES POLITE,AVENUE,10456,839 REV JAMES POLITE AVENUE,1165.0,STEBBINS AVENUE-HEWITT PLACE,2023-11-28,BRONX,120.0,both
1155,2026960005,2091327,1,M,,845,REV JAMES POLITE,AVENUE,10456,845 REV JAMES POLITE AVENUE,1165.0,STEBBINS AVENUE-HEWITT PLACE,2023-11-28,BRONX,120.0,both
1156,2026960005,2091327,1,M,,851,REV JAMES POLITE,AVENUE,10456,851 REV JAMES POLITE AVENUE,1165.0,STEBBINS AVENUE-HEWITT PLACE,2023-11-28,BRONX,120.0,both
1157,2026960005,2091327,1,M,,857,REV JAMES POLITE,AVENUE,10456,857 REV JAMES POLITE AVENUE,1165.0,STEBBINS AVENUE-HEWITT PLACE,2023-11-28,BRONX,120.0,both
1158,2026960005,2091327,1,M,,863,REV JAMES POLITE,AVENUE,10456,863 REV JAMES POLITE AVENUE,1165.0,STEBBINS AVENUE-HEWITT PLACE,2023-11-28,BRONX,120.0,both
1159,2026960005,2091327,1,M,,869,REV JAMES POLITE,AVENUE,10456,869 REV JAMES POLITE AVENUE,1165.0,STEBBINS AVENUE-HEWITT PLACE,2023-11-28,BRONX,120.0,both
1160,2026960005,2091327,1,M,,875,REV JAMES POLITE,AVENUE,10456,875 REV JAMES POLITE AVENUE,1165.0,STEBBINS AVENUE-HEWITT PLACE,2023-11-28,BRONX,120.0,both
1161,2026960005,2091327,1,M,,881,REV JAMES POLITE,AVENUE,10456,881 REV JAMES POLITE AVENUE,1165.0,STEBBINS AVENUE-HEWITT PLACE,2023-11-28,BRONX,120.0,both
1162,2026960005,2092001,2,M,,820,HEWITT,PLACE,10459,820 HEWITT PLACE,1165.0,STEBBINS AVENUE-HEWITT PLACE,2023-11-28,BRONX,120.0,both
1163,2026960005,2092001,2,M,,826,HEWITT,PLACE,10459,826 HEWITT PLACE,1165.0,STEBBINS AVENUE-HEWITT PLACE,2023-11-28,BRONX,120.0,both
1164,2026960005,2092001,2,M,,832,HEWITT,PLACE,10459,832 HEWITT PLACE,1165.0,STEBBINS AVENUE-HEWITT PLACE,2023-11-28,BRONX,120.0,both
1165,2026960005,2092001,2,M,,840,HEWITT,PLACE,10459,840 HEWITT PLACE,1165.0,STEBBINS AVENUE-HEWITT PLACE,2023-11-28,BRONX,120.0,both
1166,2026960005,2092001,2,M,,846,HEWITT,PLACE,10459,846 HEWITT PLACE,1165.0,STEBBINS AVENUE-HEWITT PLACE,2023-11-28,BRONX,120.0,both
1167,2026960005,2092001,2,M,,852,HEWITT,PLACE,10459,852 HEWITT PLACE,1165.0,STEBBINS AVENUE-HEWITT PLACE,2023-11-28,BRONX,120.0,both
1168,3013790052,3036873,2,,,1487,SAINT JOHNS,PLACE,11213,1487 SAINT JOHNS PLACE,,,,,,left_only
1169,3013790063,3036877,1,M,,1483,SAINT JOHNS,PLACE,11213,1483 SAINT JOHNS PLACE,1180.0,STERLING PLACE REHABS (SAINT JOHNS-STERLING),2023-11-28,BROOKLYN,83.0,both
1170,3013790055,3036875,2,M,,1491,SAINT JOHNS,PLACE,11213,1491 SAINT JOHNS PLACE,1181.0,STERLING PLACE REHABS (SAINT JOHNS-STERLING),2023-11-28,BROOKLYN,83.0,both
1171,3013790031,3036861,3,M,,1506,STERLING,PLACE,11213,1506 STERLING PLACE,1182.0,STERLING PLACE REHABS (SAINT JOHNS-STERLING),2023-11-28,BROOKLYN,83.0,both
1172,3013730054,3036569,4,M,,1511,STERLING,PLACE,11213,1511 STERLING PLACE,1183.0,STERLING PLACE REHABS (SAINT JOHNS-STERLING),2023-11-28,BROOKLYN,83.0,both
1173,3013810018,3036911,5,M,,1640,STERLING,PLACE,11233,1640 STERLING PLACE,1184.0,STERLING PLACE REHABS (SAINT JOHNS-STERLING),2023-11-28,BROOKLYN,83.0,both
1174,3013790008,3036855,1,M,,1448,STERLING,PLACE,11213,1448 STERLING PLACE,1185.0,STERLING PLACE REHABS (STERLING-BUFFALO),2023-11-28,BROOKLYN,125.0,both
1175,3013790011,3036856,2,M,,1452,STERLING,PLACE,11213,1452 STERLING PLACE,1186.0,SUTTER AVENUE-UNION STREET,2023-11-28,BROOKLYN,100.0,both
1176,3013800025,3036888,3,M,,1568,STERLING,PLACE,11213,1568 STERLING PLACE,1187.0,SUTTER AVENUE-UNION STREET,2023-11-28,BROOKLYN,100.0,both
1177,3013800028,3036889,4,M,,1578,STERLING,PLACE,11213,1578 STERLING PLACE,1188.0,SUTTER AVENUE-UNION STREET,2023-11-28,BROOKLYN,100.0,both
1178,3013800031,3036890,5,M,,1588,STERLING,PLACE,11213,1588 STERLING PLACE,1189.0,SUTTER AVENUE-UNION STREET,2023-11-28,BROOKLYN,100.0,both
1179,3013800034,3036891,6,M,,1598,STERLING,PLACE,11213,1598 STERLING PLACE,1190.0,SUTTER AVENUE-UNION STREET,2023-11-28,BROOKLYN,100.0,both
1180,3013750002,3036630,7,M,,225,BUFFALO,AVENUE,11213,225 BUFFALO AVENUE,1191.0,SUTTER AVENUE-UNION STREET,2023-11-28,BROOKLYN,100.0,both
1181,3035100016,3000000,7,,,2041,UNION,STREET,11212,2041 UNION STREET,1192.0,SUTTER AVENUE-UNION STREET,2023-11-28,BROOKLYN,100.0,both
1182,3035100007,3000000,7,,,2063,UNION,STREET,11212,2063 UNION STREET,1193.0,SUTTER AVENUE-UNION STREET,2023-11-28,BROOKLYN,100.0,both
1183,3035100006,3000000,7,,,2067,UNION,STREET,11212,2067 UNION STREET,1194.0,SUTTER AVENUE-UNION STREET,2023-11-28,BROOKLYN,100.0,both
1184,3035100001,3080820,1,M,,2069,UNION,STREET,11212,2069 UNION STREET,1195.0,SUTTER AVENUE-UNION STREET,2023-11-28,BROOKLYN,100.0,both
1185,3035100001,3080820,1,,,2079,UNION,STREET,11212,2079 UNION STREET,1195.0,SUTTER AVENUE-UNION STREET,2023-11-28,BROOKLYN,100.0,both
1186,3035100011,3080825,2,M,,2045,UNION,STREET,11212,2045 UNION STREET,1197.0,SUTTER AVENUE-UNION STREET,2023-11-28,BROOKLYN,100.0,both
1187,3035100011,3080825,2,,,2055,UNION,STREET,11212,2055 UNION STREET,1197.0,SUTTER AVENUE-UNION STREET,2023-11-28,BROOKLYN,100.0,both
1188,3035090059,3080818,3,,,2068,UNION,STREET,11212,2068 UNION STREET,1199.0,SUTTER AVENUE-UNION STREET,2023-11-28,BROOKLYN,100.0,both
1189,3035090059,3080818,3,M,,2058,UNION,STREET,11212,2058 UNION STREET,1199.0,SUTTER AVENUE-UNION STREET,2023-11-28,BROOKLYN,100.0,both
1190,3035490036,3423994,3,,,182,TAPSCOTT,STREET,11212,182 TAPSCOTT STREET,1208.0,TAPSCOTT STREET REHAB,2023-11-28,BROOKLYN,155.0,both
1191,3035490039,3081472,3,,,190,TAPSCOTT,STREET,11212,190 TAPSCOTT STREET,1214.0,TAPSCOTT STREET REHAB,2023-11-28,BROOKLYN,155.0,both
1192,3035490041,3000000,3,,,194,TAPSCOTT,STREET,11212,194 TAPSCOTT STREET,1201.0,TAPSCOTT STREET REHAB,2023-11-28,BROOKLYN,155.0,both
1193,3035340001,3081227,1,M,,725,HOWARD,AVENUE,11212,725 HOWARD AVENUE,1205.0,TAPSCOTT STREET REHAB,2023-11-28,BROOKLYN,155.0,both
1194,3035500034,3081484,2,,,738,HOWARD,AVENUE,11212,738 HOWARD AVENUE,1206.0,TAPSCOTT STREET REHAB,2023-11-28,BROOKLYN,155.0,both
1195,3035500034,3081484,2,M,,728,HOWARD,AVENUE,11212,728 HOWARD AVENUE,1206.0,TAPSCOTT STREET REHAB,2023-11-28,BROOKLYN,155.0,both
1196,3035490033,3081471,3,M,,170,TAPSCOTT,STREET,11212,170 TAPSCOTT STREET,,,,,,left_only
1197,3035500016,3081483,4,,,185,TAPSCOTT,STREET,11212,185 TAPSCOTT STREET,1209.0,TAPSCOTT STREET REHAB,2023-11-28,BROOKLYN,155.0,both
1198,3035500016,3081483,4,M,,175,TAPSCOTT,STREET,11212,175 TAPSCOTT STREET,1209.0,TAPSCOTT STREET REHAB,2023-11-28,BROOKLYN,155.0,both
1199,3035490036,3423994,5,M,,184,TAPSCOTT,STREET,11212,184 TAPSCOTT STREET,1208.0,TAPSCOTT STREET REHAB,2023-11-28,BROOKLYN,155.0,both
1200,3035500011,3081482,6,,,197,TAPSCOTT,STREET,11212,197 TAPSCOTT STREET,1212.0,TAPSCOTT STREET REHAB,2023-11-28,BROOKLYN,155.0,both
1201,3035500011,3081482,6,M,,187,TAPSCOTT,STREET,11212,187 TAPSCOTT STREET,1212.0,TAPSCOTT STREET REHAB,2023-11-28,BROOKLYN,155.0,both
1202,3035490039,3081472,7,M,,192,TAPSCOTT,STREET,11212,192 TAPSCOTT STREET,1214.0,TAPSCOTT STREET REHAB,2023-11-28,BROOKLYN,155.0,both
1203,3035500006,3081481,8,,,209,TAPSCOTT,STREET,11212,209 TAPSCOTT STREET,1215.0,TAPSCOTT STREET REHAB,2023-11-28,BROOKLYN,155.0,both
1204,3035500006,3081481,8,M,,199,TAPSCOTT,STREET,11212,199 TAPSCOTT STREET,1215.0,TAPSCOTT STREET REHAB,2023-11-28,BROOKLYN,155.0,both
1205,2030940014,2012652,1,M,,2070,CLINTON,AVENUE,10457,2070 CLINTON AVENUE,,,,,,left_only
1206,2031430167,2000000,1,,,2251,WEBSTER,AVENUE,10457,2251 WEBSTER AVENUE,1217.0,TWIN PARKS WEST (SITES 1 & 2),2018-10-31,BRONX,312.0,both
1207,2031430206,2000000,1,,,2273,WEBSTER,AVENUE,10457,2273 WEBSTER AVENUE,1218.0,TWIN PARKS WEST (SITES 1 & 2),2018-10-31,BRONX,312.0,both
1208,2031437501,2000000,1,,,2291,WEBSTER,AVENUE,10458,2291 WEBSTER AVENUE,,,,,,left_only
1209,2031437501,2000000,1,,,2303,WEBSTER,AVENUE,10458,2303 WEBSTER AVENUE,,,,,,left_only
1210,2031437501,2130369,1,,EAST,371,183,STREET,10458,371 EAST 183 STREET,,,,,,left_only
1211,2031430206,2000000,1,,EAST,380,183,STREET,10458,380 EAST 183 STREET,1218.0,TWIN PARKS WEST (SITES 1 & 2),2018-10-31,BRONX,312.0,both
1212,2031430167,2000000,1,,,386,FORD,STREET,10457,386 FORD STREET,1217.0,TWIN PARKS WEST (SITES 1 & 2),2018-10-31,BRONX,312.0,both
1213,2031437501,2000000,1,,EAST,390,184,STREET,10458,390 EAST 184 STREET,,,,,,left_only
1214,2031437501,2000000,1,,EAST,394,184,STREET,10458,394 EAST 184 STREET,,,,,,left_only
1215,2031430155,2000000,1,M,,365,FORD,STREET,10458,365 FORD STREET,1226.0,TWIN PARKS WEST (SITES 1 & 2),2018-10-31,BRONX,312.0,both
1216,2031430155,2092394,1,,,360,FORD,STREET,10457,360 FORD STREET,1226.0,TWIN PARKS WEST (SITES 1 & 2),2018-10-31,BRONX,312.0,both
1217,2031430155,2092394,1,M,,365,FORD,STREET,10457,365 FORD STREET,1226.0,TWIN PARKS WEST (SITES 1 & 2),2018-10-31,BRONX,312.0,both
1218,2031430155,2092394,1,M,,365,FORD,STREET,10457,365 FORD STREET,1226.0,TWIN PARKS WEST (SITES 1 & 2),2018-10-31,BRONX,312.0,both
1219,2031430155,2092394,1,,,353,FORD,STREET,10457,353 FORD STREET,1226.0,TWIN PARKS WEST (SITES 1 & 2),2018-10-31,BRONX,312.0,both
1220,2031430155,2092394,1,,,355,FORD,STREET,10457,355 FORD STREET,1226.0,TWIN PARKS WEST (SITES 1 & 2),2018-10-31,BRONX,312.0,both
1221,2031430155,2092394,1,M,,365,FORD,STREET,10457,365 FORD STREET,1226.0,TWIN PARKS WEST (SITES 1 & 2),2018-10-31,BRONX,312.0,both
1222,2031430155,2092394,1,,,365,FORD,STREET,10457,365 FORD STREET,1226.0,TWIN PARKS WEST (SITES 1 & 2),2018-10-31,BRONX,312.0,both
1223,2031430155,2092394,1,M,EAST,365,183,STREET,10457,365 EAST 183 STREET,1226.0,TWIN PARKS WEST (SITES 1 & 2),2018-10-31,BRONX,312.0,both
1224,2031430155,2092394,1,M,EAST,365,183,STREET,10457,365 EAST 183 STREET,1226.0,TWIN PARKS WEST (SITES 1 & 2),2018-10-31,BRONX,312.0,both
1225,2031430155,2092394,1,,EAST,355,183,STREET,10458,355 EAST 183 STREET,1226.0,TWIN PARKS WEST (SITES 1 & 2),2018-10-31,BRONX,312.0,both
1226,2031430155,2092394,1,M,EAST,365,183,STREET,10458,365 EAST 183 STREET,1226.0,TWIN PARKS WEST (SITES 1 & 2),2018-10-31,BRONX,312.0,both
1227,2026780001,2005015,1,M,,950,UNION,AVENUE,10459,950 UNION AVENUE,1238.0,UNION AVENUE-EAST 163RD STREET,2023-11-28,BRONX,200.0,both
1228,2026800013,2091990,1,M,,1135,PROSPECT,AVENUE,10459,1135 PROSPECT AVENUE,1239.0,UNION AVENUE-EAST 166TH STREET,2023-11-28,BRONX,120.0,both
1229,2026800013,2091991,2,M,EAST,819,167,STREET,10459,819 EAST 167 STREET,1239.0,UNION AVENUE-EAST 166TH STREET,2023-11-28,BRONX,120.0,both
1230,2026800013,2091991,2,M,EAST,817,167,STREET,10459,817 EAST 167 STREET,1239.0,UNION AVENUE-EAST 166TH STREET,2023-11-28,BRONX,120.0,both
1231,2026800013,2091991,2,M,EAST,815,167,STREET,10459,815 EAST 167 STREET,1239.0,UNION AVENUE-EAST 166TH STREET,2023-11-28,BRONX,120.0,both
1232,2026800013,2091991,2,M,EAST,813,167,STREET,10459,813 EAST 167 STREET,1239.0,UNION AVENUE-EAST 166TH STREET,2023-11-28,BRONX,120.0,both
1233,2026800013,2091991,2,M,EAST,811,167,STREET,10459,811 EAST 167 STREET,1239.0,UNION AVENUE-EAST 166TH STREET,2023-11-28,BRONX,120.0,both
1234,2026800001,2091986,3,M,,1104,UNION,AVENUE,10459,1104 UNION AVENUE,1245.0,UNION AVENUE-EAST 166TH STREET,2023-11-28,BRONX,120.0,both
1235,2026800001,2091986,3,M,,1102,UNION,AVENUE,10459,1102 UNION AVENUE,1245.0,UNION AVENUE-EAST 166TH STREET,2023-11-28,BRONX,120.0,both
1236,2026800001,2091986,3,M,,1100,UNION,AVENUE,10459,1100 UNION AVENUE,1245.0,UNION AVENUE-EAST 166TH STREET,2023-11-28,BRONX,120.0,both
1237,2026800001,2091986,3,M,,1098,UNION,AVENUE,10459,1098 UNION AVENUE,1245.0,UNION AVENUE-EAST 166TH STREET,2023-11-28,BRONX,120.0,both
1238,2026800001,2091986,3,M,,1096,UNION,AVENUE,10459,1096 UNION AVENUE,1245.0,UNION AVENUE-EAST 166TH STREET,2023-11-28,BRONX,120.0,both
1239,2026800001,2091985,4,M,EAST,815,166,STREET,10459,815 EAST 166 STREET,1245.0,UNION AVENUE-EAST 166TH STREET,2023-11-28,BRONX,120.0,both
1240,2026800001,2091985,4,M,EAST,817,166,STREET,10459,817 EAST 166 STREET,1245.0,UNION AVENUE-EAST 166TH STREET,2023-11-28,BRONX,120.0,both
1241,2026800001,2091985,4,M,EAST,819,166,STREET,10459,819 EAST 166 STREET,1245.0,UNION AVENUE-EAST 166TH STREET,2023-11-28,BRONX,120.0,both
1242,2026800001,2091983,5,M,EAST,822,167,STREET,10459,822 EAST 167 STREET,1245.0,UNION AVENUE-EAST 166TH STREET,2023-11-28,BRONX,120.0,both
1243,2026800001,2091983,5,M,EAST,820,167,STREET,10459,820 EAST 167 STREET,1245.0,UNION AVENUE-EAST 166TH STREET,2023-11-28,BRONX,120.0,both
1244,2026800001,2091983,5,M,EAST,818,167,STREET,10459,818 EAST 167 STREET,1245.0,UNION AVENUE-EAST 166TH STREET,2023-11-28,BRONX,120.0,both
1245,2026800001,2091984,6,M,,1111,PROSPECT,AVENUE,10459,1111 PROSPECT AVENUE,1245.0,UNION AVENUE-EAST 166TH STREET,2023-11-28,BRONX,120.0,both
1246,2026800001,2091984,6,M,,1113,PROSPECT,AVENUE,10459,1113 PROSPECT AVENUE,1245.0,UNION AVENUE-EAST 166TH STREET,2023-11-28,BRONX,120.0,both
1247,2026800001,2091984,6,M,,1115,PROSPECT,AVENUE,10459,1115 PROSPECT AVENUE,1245.0,UNION AVENUE-EAST 166TH STREET,2023-11-28,BRONX,120.0,both
1248,2028790032,2000000,6,,,1921,UNIVERSITY,AVENUE,10453,1921 UNIVERSITY AVENUE,1259.0,UNIVERSITY AVENUE REHAB,2025-06-24,BRONX,230.0,both
1249,2028790043,2009058,1,M,,1865,UNIVERSITY,AVENUE,10453,1865 UNIVERSITY AVENUE,1260.0,UNIVERSITY AVENUE REHAB,2025-06-24,BRONX,230.0,both
1250,2028790041,2009057,2,M,,1875,UNIVERSITY,AVENUE,10453,1875 UNIVERSITY AVENUE,1261.0,UNIVERSITY AVENUE REHAB,2025-06-24,BRONX,230.0,both
1251,2028790033,2009055,3,M,,1895,UNIVERSITY,AVENUE,10453,1895 UNIVERSITY AVENUE,1262.0,UNIVERSITY AVENUE REHAB,2025-06-24,BRONX,230.0,both
1252,2028790030,2009054,4,M,,1925,UNIVERSITY,AVENUE,10453,1925 UNIVERSITY AVENUE,1263.0,UNIVERSITY AVENUE REHAB,2025-06-24,BRONX,230.0,both
1253,2028790030,2009054,4,M,,1927,UNIVERSITY,AVENUE,10453,1927 UNIVERSITY AVENUE,1263.0,UNIVERSITY AVENUE REHAB,2025-06-24,BRONX,230.0,both
1254,1021320047,1063193,1,M,WEST,501,176,STREET,10033,501 WEST 176 STREET,1265.0,WASHINGTON HEIGHTS REHAB (GROUPS 1&2),2020-11-30,MANHATTAN,216.0,both
1255,1021320047,1063193,1,,,2340,AMSTERDAM,AVENUE,10033,2340 AMSTERDAM AVENUE,1265.0,WASHINGTON HEIGHTS REHAB (GROUPS 1&2),2020-11-30,MANHATTAN,216.0,both
1256,1021320047,1063193,1,,,2346,AMSTERDAM,AVENUE,10033,2346 AMSTERDAM AVENUE,1265.0,WASHINGTON HEIGHTS REHAB (GROUPS 1&2),2020-11-30,MANHATTAN,216.0,both
1257,1021320047,1063193,1,M,WEST,500,177,STREET,10033,500 WEST 177 STREET,1265.0,WASHINGTON HEIGHTS REHAB (GROUPS 1&2),2020-11-30,MANHATTAN,216.0,both
1258,1021320110,1063213,2,M,WEST,503,177,STREET,10033,503 WEST 177 STREET,1269.0,WASHINGTON HEIGHTS REHAB (GROUPS 1&2),2020-11-30,MANHATTAN,216.0,both
1259,1021320114,1063215,3,M,WEST,511,177,STREET,10033,511 WEST 177 STREET,1270.0,WASHINGTON HEIGHTS REHAB (GROUPS 1&2),2020-11-30,MANHATTAN,216.0,both
1260,1021320100,1063209,4,,WEST,514,177,STREET,10033,514 WEST 177 STREET,1271.0,WASHINGTON HEIGHTS REHAB (GROUPS 1&2),2020-11-30,MANHATTAN,216.0,both
1261,1021320100,1063209,4,M,WEST,506,177,STREET,10033,506 WEST 177 STREET,1271.0,WASHINGTON HEIGHTS REHAB (GROUPS 1&2),2020-11-30,MANHATTAN,216.0,both
1262,1021320094,1063207,5,M,WEST,509,176,STREET,10033,509 WEST 176 STREET,1273.0,WASHINGTON HEIGHTS REHAB (GROUPS 1&2),2020-11-30,MANHATTAN,216.0,both
1263,1021100071,1062623,2,M,WEST,450,164,STREET,10032,450 WEST 164 STREET,1274.0,WASHINGTON HEIGHTS REHAB PHASE III (FORT WASHINGTON),2020-11-30,MANHATTAN,88.0,both
1264,1021110038,1062639,3,M,WEST,457,164,STREET,10032,457 WEST 164 STREET,1275.0,WASHINGTON HEIGHTS REHAB PHASE III (FORT WASHINGTON),2020-11-30,MANHATTAN,88.0,both
1265,1021110040,1062640,4,M,WEST,461,164,STREET,10032,461 WEST 164 STREET,1276.0,WASHINGTON HEIGHTS REHAB PHASE III (FORT WASHINGTON),2020-11-30,MANHATTAN,88.0,both
1266,1021110041,1062641,5,M,WEST,463,164,STREET,10032,463 WEST 164 STREET,1277.0,WASHINGTON HEIGHTS REHAB PHASE III (FORT WASHINGTON),2020-11-30,MANHATTAN,88.0,both
1267,1021110042,1062642,6,M,WEST,465,164,STREET,10032,465 WEST 164 STREET,1278.0,WASHINGTON HEIGHTS REHAB PHASE III (FORT WASHINGTON),2020-11-30,MANHATTAN,88.0,both
1268,1021210051,1062903,7,M,WEST,500,164,STREET,10032,500 WEST 164 STREET,1279.0,WASHINGTON HEIGHTS REHAB PHASE III (FORT WASHINGTON),2020-11-30,MANHATTAN,88.0,both
1269,1021110006,1062631,8,,,2111,AMSTERDAM,AVENUE,10032,2111 AMSTERDAM AVENUE,1281.0,WASHINGTON HEIGHTS REHAB PHASE III (FORT WASHINGTON),2020-11-30,MANHATTAN,88.0,both
1270,1021110005,1062630,8,M,,2109,AMSTERDAM,AVENUE,10032,2109 AMSTERDAM AVENUE,1280.0,WASHINGTON HEIGHTS REHAB PHASE III (FORT WASHINGTON),2020-11-30,MANHATTAN,88.0,both
1271,1021150060,1062726,1,M,WEST,545,156,STREET,10032,545 WEST 156 STREET,1282.0,WASHINGTON HEIGHTS REHAB PHASE III (HARLEM RIVER),2020-11-30,MANHATTAN,14.0,both
1272,1021320106,1063212,1,M,WEST,502,177,STREET,10033,502 WEST 177 STREET,1283.0,WASHINGTON HEIGHTS REHAB PHASE IV C,2020-11-30,MANHATTAN,32.0,both
1273,1021320084,1063203,2,M,WEST,506,176,STREET,10033,506 WEST 176 STREET,1284.0,WASHINGTON HEIGHTS REHAB PHASE IV C,2020-11-30,MANHATTAN,32.0,both
1274,1021320082,1063202,3,M,WEST,510,176,STREET,10033,510 WEST 176 STREET,1285.0,WASHINGTON HEIGHTS REHAV PHASE IV (D),2020-11-30,MANHATTAN,32.0,both
1275,1021320080,1063201,4,M,WEST,514,176,STREET,10033,514 WEST 176 STREET,1286.0,WASHINGTON HEIGHTS REHAV PHASE IV (D),2020-11-30,MANHATTAN,32.0,both
1276,3013410001,3324581,1,M,,1625,DEAN,STREET,11213,1625 DEAN STREET,1287.0,WEEKSVILLE GARDENS,2020-02-12,BROOKLYN,257.0,both
1277,3013410001,3324581,1,M,,1615,DEAN,STREET,11213,1615 DEAN STREET,1287.0,WEEKSVILLE GARDENS,2020-02-12,BROOKLYN,257.0,both
1278,3013410001,3324581,1,M,,1605,DEAN,STREET,11213,1605 DEAN STREET,1287.0,WEEKSVILLE GARDENS,2020-02-12,BROOKLYN,257.0,both
1279,3013410001,3324581,1,M,,1595,DEAN,STREET,11213,1595 DEAN STREET,1287.0,WEEKSVILLE GARDENS,2020-02-12,BROOKLYN,257.0,both
1280,3013410001,3324581,1,M,,1585,DEAN,STREET,11213,1585 DEAN STREET,1287.0,WEEKSVILLE GARDENS,2020-02-12,BROOKLYN,257.0,both
1281,3013410001,3324581,1,M,,1575,DEAN,STREET,11213,1575 DEAN STREET,1287.0,WEEKSVILLE GARDENS,2020-02-12,BROOKLYN,257.0,both
1282,3013410001,3324581,1,M,,87,TROY,AVENUE,11213,87 TROY AVENUE,1287.0,WEEKSVILLE GARDENS,2020-02-12,BROOKLYN,257.0,both
1283,3013410012,3035671,2,M,,1620,PACIFIC,STREET,11213,1620 PACIFIC STREET,1294.0,WEEKSVILLE GARDENS,2020-02-12,BROOKLYN,257.0,both
1284,3013410012,3341632,2,M,,1630,PACIFIC,STREET,11213,1630 PACIFIC STREET,1294.0,WEEKSVILLE GARDENS,2020-02-12,BROOKLYN,257.0,both
1285,3013410012,3341633,2,,,1640,PACIFIC,STREET,11213,1640 PACIFIC STREET,1294.0,WEEKSVILLE GARDENS,2020-02-12,BROOKLYN,257.0,both
1286,3013410012,3341633,2,M,,1642,PACIFIC,STREET,11213,1642 PACIFIC STREET,1294.0,WEEKSVILLE GARDENS,2020-02-12,BROOKLYN,257.0,both
1287,3013410012,3341634,2,M,,1650,PACIFIC,STREET,11213,1650 PACIFIC STREET,1294.0,WEEKSVILLE GARDENS,2020-02-12,BROOKLYN,257.0,both
1288,3013410012,3341635,2,M,,1660,PACIFIC,STREET,11213,1660 PACIFIC STREET,1294.0,WEEKSVILLE GARDENS,2020-02-12,BROOKLYN,257.0,both
1289,3013410012,3341636,2,M,,1670,PACIFIC,STREET,11213,1670 PACIFIC STREET,1294.0,WEEKSVILLE GARDENS,2020-02-12,BROOKLYN,257.0,both
1290,3013410012,3341636,2,,,1672,PACIFIC,STREET,11213,1672 PACIFIC STREET,1294.0,WEEKSVILLE GARDENS,2020-02-12,BROOKLYN,257.0,both
1291,3013410012,3341637,2,M,,80,SCHENECTADY,AVENUE,11213,80 SCHENECTADY AVENUE,1294.0,WEEKSVILLE GARDENS,2020-02-12,BROOKLYN,257.0,both
1292,5001960001,5095813,1,M,,820,HENDERSON,AVENUE,10310,820 HENDERSON AVENUE,1303.0,WEST BRIGHTON I,2024-06-26,STATEN ISLAND,490.0,both
1293,5001960001,5146063,17,,,778,HENDERSON,AVENUE,10310,778 HENDERSON AVENUE,1303.0,WEST BRIGHTON I,2024-06-26,STATEN ISLAND,490.0,both
1294,5001960001,5095814,2,M,,806,HENDERSON,AVENUE,10310,806 HENDERSON AVENUE,1303.0,WEST BRIGHTON I,2024-06-26,STATEN ISLAND,490.0,both
1295,5001960001,5095815,3,M,,780,HENDERSON,AVENUE,10310,780 HENDERSON AVENUE,1303.0,WEST BRIGHTON I,2024-06-26,STATEN ISLAND,490.0,both
1296,5001960001,5095816,4,,,770,HENDERSON,AVENUE,10310,770 HENDERSON AVENUE,1303.0,WEST BRIGHTON I,2024-06-26,STATEN ISLAND,490.0,both
1297,5001960001,5095816,4,M,,778,HENDERSON,AVENUE,10310,778 HENDERSON AVENUE,1303.0,WEST BRIGHTON I,2024-06-26,STATEN ISLAND,490.0,both
1298,5001960001,5095816,4,,,210,BROADWAY,AVENUE,10310,210 BROADWAY AVENUE,1303.0,WEST BRIGHTON I,2024-06-26,STATEN ISLAND,490.0,both
1299,5001960001,5095817,5,M,,810,HENDERSON,AVENUE,10310,810 HENDERSON AVENUE,1303.0,WEST BRIGHTON I,2024-06-26,STATEN ISLAND,490.0,both
1300,5001960001,5095817,5,,,814,HENDERSON,AVENUE,10310,814 HENDERSON AVENUE,1303.0,WEST BRIGHTON I,2024-06-26,STATEN ISLAND,490.0,both
1301,5001960001,5095817,6,M,,240,BROADWAY,AVENUE,10310,240 BROADWAY AVENUE,1303.0,WEST BRIGHTON I,2024-06-26,STATEN ISLAND,490.0,both
1302,5001960001,5095817,6,,,230,BROADWAY,AVENUE,10310,230 BROADWAY AVENUE,1303.0,WEST BRIGHTON I,2024-06-26,STATEN ISLAND,490.0,both
1303,5001960001,5095819,7,M,,1077,CASTLETON,AVENUE,10310,1077 CASTLETON AVENUE,1303.0,WEST BRIGHTON I,2024-06-26,STATEN ISLAND,490.0,both
1304,5001960001,5095820,8,M,,1075,CASTLETON,AVENUE,10310,1075 CASTLETON AVENUE,1303.0,WEST BRIGHTON I,2024-06-26,STATEN ISLAND,490.0,both
1305,5001960001,5095822,10,M,,157,ALASKA,STREET,10310,157 ALASKA STREET,1303.0,WEST BRIGHTON I,2024-06-26,STATEN ISLAND,490.0,both
1306,5001960001,5136037,11,M,,155,ALASKA,STREET,10310,155 ALASKA STREET,1303.0,WEST BRIGHTON I,2024-06-26,STATEN ISLAND,490.0,both
1307,5001960001,5095824,12,M,,1115,CASTLETON,AVENUE,10310,1115 CASTLETON AVENUE,1303.0,WEST BRIGHTON I,2024-06-26,STATEN ISLAND,490.0,both
1308,5001960001,5095825,13,M,,1085,CASTLETON,AVENUE,10310,1085 CASTLETON AVENUE,1303.0,WEST BRIGHTON I,2024-06-26,STATEN ISLAND,490.0,both
1309,5001960001,5095825,13,,,1083,CASTLETON,AVENUE,10310,1083 CASTLETON AVENUE,1303.0,WEST BRIGHTON I,2024-06-26,STATEN ISLAND,490.0,both
1310,5001960001,5095826,14,M,,1065,CASTLETON,AVENUE,10310,1065 CASTLETON AVENUE,1303.0,WEST BRIGHTON I,2024-06-26,STATEN ISLAND,490.0,both
1311,5001960001,5095826,15,M,,260,BROADWAY,AVENUE,10310,260 BROADWAY AVENUE,1303.0,WEST BRIGHTON I,2024-06-26,STATEN ISLAND,490.0,both
1312,5001960001,5095826,16,M,,244,BROADWAY,AVENUE,10310,244 BROADWAY AVENUE,1303.0,WEST BRIGHTON I,2024-06-26,STATEN ISLAND,490.0,both
1313,5001960001,5095821,9,M,,159,ALASKA,STREET,10310,159 ALASKA STREET,1303.0,WEST BRIGHTON I,2024-06-26,STATEN ISLAND,490.0,both
1314,3021400026,3341975,1,,,327,ROEBLING,STREET,11211,327 ROEBLING STREET,1325.0,WILLIAMS PLAZA,2020-02-12,BROOKLYN,577.0,both
1315,3021400026,3341975,1,M,,325,ROEBLING,STREET,11211,325 ROEBLING STREET,1325.0,WILLIAMS PLAZA,2020-02-12,BROOKLYN,577.0,both
1316,3021400026,3341975,1,,,333,ROEBLING,STREET,11211,333 ROEBLING STREET,1325.0,WILLIAMS PLAZA,2020-02-12,BROOKLYN,577.0,both
1317,3021400026,3341975,1,,,323,ROEBLING,STREET,11211,323 ROEBLING STREET,1325.0,WILLIAMS PLAZA,2020-02-12,BROOKLYN,577.0,both
1318,3021400026,3341975,1,,,321,ROEBLING,STREET,11211,321 ROEBLING STREET,1325.0,WILLIAMS PLAZA,2020-02-12,BROOKLYN,577.0,both
1319,3021400026,3251681,2,M,,195,DIVISION,AVENUE,11211,195 DIVISION AVENUE,1325.0,WILLIAMS PLAZA,2020-02-12,BROOKLYN,577.0,both
1320,3021410019,3341976,3,M,,255,HAVEMEYER,STREET,11211,255 HAVEMEYER STREET,1331.0,WILLIAMS PLAZA,2020-02-12,BROOKLYN,577.0,both
1321,3021410019,3341976,3,,,253,HAVEMEYER,STREET,11211,253 HAVEMEYER STREET,1331.0,WILLIAMS PLAZA,2020-02-12,BROOKLYN,577.0,both
1322,3021410019,3341977,4,,,188,MARCY,AVENUE,11211,188 MARCY AVENUE,1331.0,WILLIAMS PLAZA,2020-02-12,BROOKLYN,577.0,both
1323,3021410019,3341977,4,M,,190,MARCY,AVENUE,11211,190 MARCY AVENUE,1331.0,WILLIAMS PLAZA,2020-02-12,BROOKLYN,577.0,both
1324,3021410019,3251682,5,,,227,DIVISION,AVENUE,11211,227 DIVISION AVENUE,1331.0,WILLIAMS PLAZA,2020-02-12,BROOKLYN,577.0,both
1325,3021410019,3251682,5,,,221,DIVISION,AVENUE,11211,221 DIVISION AVENUE,1331.0,WILLIAMS PLAZA,2020-02-12,BROOKLYN,577.0,both
1326,3021410019,3251682,5,M,,225,DIVISION,AVENUE,11211,225 DIVISION AVENUE,1331.0,WILLIAMS PLAZA,2020-02-12,BROOKLYN,577.0,both
1327,3021410019,3251682,5,,,223,DIVISION,AVENUE,11211,223 DIVISION AVENUE,1331.0,WILLIAMS PLAZA,2020-02-12,BROOKLYN,577.0,both
1328,3030250070,3070826,5,,,139,SCHOLES,STREET,11206,139 SCHOLES STREET,1339.0,WILLIAMSBURG,2021-12-28,BROOKLYN,1621.0,both
1329,3030240001,3327883,1,M,,87,TEN EYCK,WALK,11206,87 TEN EYCK WALK,1340.0,WILLIAMSBURG,2021-12-28,BROOKLYN,1621.0,both
1330,3030240001,3327883,1,,,174,LEONARD,STREET,11206,174 LEONARD STREET,1340.0,WILLIAMSBURG,2021-12-28,BROOKLYN,1621.0,both
1331,3030240001,3327883,1,M,,89,TEN EYCK,WALK,11206,89 TEN EYCK WALK,1340.0,WILLIAMSBURG,2021-12-28,BROOKLYN,1621.0,both
1332,3030240001,3327883,1,,,178,LEONARD,STREET,11206,178 LEONARD STREET,1340.0,WILLIAMSBURG,2021-12-28,BROOKLYN,1621.0,both
1333,3030240001,3327883,1,,,176,LEONARD,STREET,11206,176 LEONARD STREET,1340.0,WILLIAMSBURG,2021-12-28,BROOKLYN,1621.0,both
1334,3030240001,3327883,1,M,,92,MAUJER,STREET,11206,92 MAUJER STREET,1340.0,WILLIAMSBURG,2021-12-28,BROOKLYN,1621.0,both
1335,3030240001,3327883,1,M,,90,MAUJER,STREET,11206,90 MAUJER STREET,1340.0,WILLIAMSBURG,2021-12-28,BROOKLYN,1621.0,both
1336,3030240001,3327883,1,M,,94,MAUJER,STREET,11206,94 MAUJER STREET,1340.0,WILLIAMSBURG,2021-12-28,BROOKLYN,1621.0,both
1337,3030240001,3327883,1,M,,91,TEN EYCK,WALK,11206,91 TEN EYCK WALK,1340.0,WILLIAMSBURG,2021-12-28,BROOKLYN,1621.0,both
1338,3030240001,3327883,1,M,,93,TEN EYCK,WALK,11206,93 TEN EYCK WALK,1340.0,WILLIAMSBURG,2021-12-28,BROOKLYN,1621.0,both
1339,3030240001,3327883,1,M,,95,TEN EYCK,WALK,11206,95 TEN EYCK WALK,1340.0,WILLIAMSBURG,2021-12-28,BROOKLYN,1621.0,both
1340,3030260001,3327889,10,M,,183,TEN EYCK,WALK,11206,183 TEN EYCK WALK,1351.0,WILLIAMSBURG,2021-12-28,BROOKLYN,1621.0,both
1341,3030260001,3327889,10,M,,180,MAUJER,STREET,11206,180 MAUJER STREET,1351.0,WILLIAMSBURG,2021-12-28,BROOKLYN,1621.0,both
1342,3030260001,3327889,10,,,176,MAUJER,STREET,11206,176 MAUJER STREET,1351.0,WILLIAMSBURG,2021-12-28,BROOKLYN,1621.0,both
1343,3030260001,3327889,10,M,,178,MAUJER,STREET,11206,178 MAUJER STREET,1351.0,WILLIAMSBURG,2021-12-28,BROOKLYN,1621.0,both
1344,3030260001,3327889,10,M,,182,MAUJER,STREET,11206,182 MAUJER STREET,1351.0,WILLIAMSBURG,2021-12-28,BROOKLYN,1621.0,both
1345,3030260001,3327889,10,M,,184,MAUJER,STREET,11206,184 MAUJER STREET,1351.0,WILLIAMSBURG,2021-12-28,BROOKLYN,1621.0,both
1346,3030260001,3327889,10,M,,185,TEN EYCK,WALK,11206,185 TEN EYCK WALK,1351.0,WILLIAMSBURG,2021-12-28,BROOKLYN,1621.0,both
1347,3030260001,3327889,10,M,,187,TEN EYCK,WALK,11206,187 TEN EYCK WALK,1351.0,WILLIAMSBURG,2021-12-28,BROOKLYN,1621.0,both
1348,3030260001,3344971,11,M,,164,TEN EYCK,WALK,11206,164 TEN EYCK WALK,1351.0,WILLIAMSBURG,2021-12-28,BROOKLYN,1621.0,both
1349,3030260001,3344971,11,,,222,GRAHAM,AVENUE,11206,222 GRAHAM AVENUE,1351.0,WILLIAMSBURG,2021-12-28,BROOKLYN,1621.0,both
1350,3030260001,3344971,11,M,,166,TEN EYCK,WALK,11206,166 TEN EYCK WALK,1351.0,WILLIAMSBURG,2021-12-28,BROOKLYN,1621.0,both
1351,3030260001,3344971,11,M,,168,TEN EYCK,WALK,11206,168 TEN EYCK WALK,1351.0,WILLIAMSBURG,2021-12-28,BROOKLYN,1621.0,both
1352,3030260001,3344971,11,M,,169,STAGG,WALK,11206,169 STAGG WALK,1351.0,WILLIAMSBURG,2021-12-28,BROOKLYN,1621.0,both
1353,3030260001,3344971,11,M,,181,STAGG,WALK,11206,181 STAGG WALK,1351.0,WILLIAMSBURG,2021-12-28,BROOKLYN,1621.0,both
1354,3030260001,3327888,12,M,,186,TEN EYCK,WALK,11206,186 TEN EYCK WALK,1351.0,WILLIAMSBURG,2021-12-28,BROOKLYN,1621.0,both
1355,3030260001,3327888,12,M,,188,TEN EYCK,WALK,11206,188 TEN EYCK WALK,1351.0,WILLIAMSBURG,2021-12-28,BROOKLYN,1621.0,both
1356,3030260001,3327888,12,M,,190,TEN EYCK,WALK,11206,190 TEN EYCK WALK,1351.0,WILLIAMSBURG,2021-12-28,BROOKLYN,1621.0,both
1357,3030260001,3327888,12,M,,197,STAGG,WALK,11206,197 STAGG WALK,1351.0,WILLIAMSBURG,2021-12-28,BROOKLYN,1621.0,both
1358,3030260001,3327888,12,M,,199,STAGG,WALK,11206,199 STAGG WALK,1351.0,WILLIAMSBURG,2021-12-28,BROOKLYN,1621.0,both
1359,3030260001,3344974,13,,,210,GRAHAM,AVENUE,11206,210 GRAHAM AVENUE,1351.0,WILLIAMSBURG,2021-12-28,BROOKLYN,1621.0,both
1360,3030260001,3344974,13,M,,160,STAGG,WALK,11206,160 STAGG WALK,1351.0,WILLIAMSBURG,2021-12-28,BROOKLYN,1621.0,both
1361,3030260001,3344974,13,,,212,GRAHAM,AVENUE,11206,212 GRAHAM AVENUE,1351.0,WILLIAMSBURG,2021-12-28,BROOKLYN,1621.0,both
1362,3030260001,3344974,13,,,214,GRAHAM,AVENUE,11206,214 GRAHAM AVENUE,1351.0,WILLIAMSBURG,2021-12-28,BROOKLYN,1621.0,both
1363,3030260001,3344974,13,,,202,GRAHAM,AVENUE,11206,202 GRAHAM AVENUE,1351.0,WILLIAMSBURG,2021-12-28,BROOKLYN,1621.0,both
1364,3030260001,3344974,13,M,,165,SCHOLES,STREET,11206,165 SCHOLES STREET,1351.0,WILLIAMSBURG,2021-12-28,BROOKLYN,1621.0,both
1365,3030260001,3344974,13,M,,163,SCHOLES,STREET,11206,163 SCHOLES STREET,1351.0,WILLIAMSBURG,2021-12-28,BROOKLYN,1621.0,both
1366,3030260001,3344974,13,,,208,GRAHAM,AVENUE,11206,208 GRAHAM AVENUE,1351.0,WILLIAMSBURG,2021-12-28,BROOKLYN,1621.0,both
1367,3030260001,3344974,13,,,206,GRAHAM,AVENUE,11206,206 GRAHAM AVENUE,1351.0,WILLIAMSBURG,2021-12-28,BROOKLYN,1621.0,both
1368,3030260001,3344974,13,,,204,GRAHAM,AVENUE,11206,204 GRAHAM AVENUE,1351.0,WILLIAMSBURG,2021-12-28,BROOKLYN,1621.0,both
1369,3030260001,3344974,13,M,,161,SCHOLES,STREET,11206,161 SCHOLES STREET,1351.0,WILLIAMSBURG,2021-12-28,BROOKLYN,1621.0,both
1370,3030260001,3344974,13,,,159,SCHOLES,STREET,11206,159 SCHOLES STREET,1351.0,WILLIAMSBURG,2021-12-28,BROOKLYN,1621.0,both
1371,3030260001,3344974,13,M,,167,SCHOLES,STREET,11206,167 SCHOLES STREET,1351.0,WILLIAMSBURG,2021-12-28,BROOKLYN,1621.0,both
1372,3030260001,3344974,13,M,,169,SCHOLES,STREET,11206,169 SCHOLES STREET,1351.0,WILLIAMSBURG,2021-12-28,BROOKLYN,1621.0,both
1373,3030260001,3344974,13,M,,171,SCHOLES,STREET,11206,171 SCHOLES STREET,1351.0,WILLIAMSBURG,2021-12-28,BROOKLYN,1621.0,both
1374,3030260001,3344948,14,M,,181,SCHOLES,STREET,11206,181 SCHOLES STREET,1351.0,WILLIAMSBURG,2021-12-28,BROOKLYN,1621.0,both
1375,3030260001,3344948,14,M,,182,STAGG,WALK,11206,182 STAGG WALK,1351.0,WILLIAMSBURG,2021-12-28,BROOKLYN,1621.0,both
1376,3030260001,3344948,14,M,,180,STAGG,WALK,11206,180 STAGG WALK,1351.0,WILLIAMSBURG,2021-12-28,BROOKLYN,1621.0,both
1377,3030260001,3344948,14,M,,178,STAGG,WALK,11206,178 STAGG WALK,1351.0,WILLIAMSBURG,2021-12-28,BROOKLYN,1621.0,both
1378,3030260001,3344948,14,M,,186,STAGG,WALK,11206,186 STAGG WALK,1351.0,WILLIAMSBURG,2021-12-28,BROOKLYN,1621.0,both
1379,3030260001,3344948,14,M,,184,STAGG,WALK,11206,184 STAGG WALK,1351.0,WILLIAMSBURG,2021-12-28,BROOKLYN,1621.0,both
1380,3030260001,3344948,14,M,,183,SCHOLES,STREET,11206,183 SCHOLES STREET,1351.0,WILLIAMSBURG,2021-12-28,BROOKLYN,1621.0,both
1381,3030260001,3344948,14,M,,185,SCHOLES,STREET,11206,185 SCHOLES STREET,1351.0,WILLIAMSBURG,2021-12-28,BROOKLYN,1621.0,both
1382,3030270001,3338398,15,M,,197,TEN EYCK,WALK,11206,197 TEN EYCK WALK,1393.0,WILLIAMSBURG,2021-12-28,BROOKLYN,1621.0,both
1383,3030270001,3338398,15,M,,199,TEN EYCK,WALK,11206,199 TEN EYCK WALK,1393.0,WILLIAMSBURG,2021-12-28,BROOKLYN,1621.0,both
1384,3030270001,3338398,15,M,,198,MAUJER,STREET,11206,198 MAUJER STREET,1393.0,WILLIAMSBURG,2021-12-28,BROOKLYN,1621.0,both
1385,3030270001,3338398,15,M,,196,MAUJER,STREET,11206,196 MAUJER STREET,1393.0,WILLIAMSBURG,2021-12-28,BROOKLYN,1621.0,both
1386,3030270001,3338398,15,M,,200,MAUJER,STREET,11206,200 MAUJER STREET,1393.0,WILLIAMSBURG,2021-12-28,BROOKLYN,1621.0,both
1387,3030270001,3338398,15,M,,201,TEN EYCK,WALK,11206,201 TEN EYCK WALK,1393.0,WILLIAMSBURG,2021-12-28,BROOKLYN,1621.0,both
1388,3030270001,3338398,15,M,,203,TEN EYCK,WALK,11206,203 TEN EYCK WALK,1393.0,WILLIAMSBURG,2021-12-28,BROOKLYN,1621.0,both
1389,3030270001,3338398,15,M,,205,TEN EYCK,WALK,11206,205 TEN EYCK WALK,1393.0,WILLIAMSBURG,2021-12-28,BROOKLYN,1621.0,both
1390,3030270001,3344982,16,M,,219,TEN EYCK,WALK,11206,219 TEN EYCK WALK,1393.0,WILLIAMSBURG,2021-12-28,BROOKLYN,1621.0,both
1391,3030270001,3344982,16,M,,216,MAUJER,STREET,11206,216 MAUJER STREET,1393.0,WILLIAMSBURG,2021-12-28,BROOKLYN,1621.0,both
1392,3030270001,3344982,16,M,,214,MAUJER,STREET,11206,214 MAUJER STREET,1393.0,WILLIAMSBURG,2021-12-28,BROOKLYN,1621.0,both
1393,3030270001,3344982,16,M,,220,MAUJER,STREET,11206,220 MAUJER STREET,1393.0,WILLIAMSBURG,2021-12-28,BROOKLYN,1621.0,both
1394,3030270001,3344982,16,,,138,BUSHWICK,AVENUE,11206,138 BUSHWICK AVENUE,1393.0,WILLIAMSBURG,2021-12-28,BROOKLYN,1621.0,both
1395,3030270001,3344982,16,,,136,BUSHWICK,AVENUE,11206,136 BUSHWICK AVENUE,1393.0,WILLIAMSBURG,2021-12-28,BROOKLYN,1621.0,both
1396,3030270001,3344982,16,M,,218,MAUJER,STREET,11206,218 MAUJER STREET,1393.0,WILLIAMSBURG,2021-12-28,BROOKLYN,1621.0,both
1397,3030270001,3344982,16,,,134,BUSHWICK,AVENUE,11206,134 BUSHWICK AVENUE,1393.0,WILLIAMSBURG,2021-12-28,BROOKLYN,1621.0,both
1398,3030270001,3344982,16,,,132,BUSHWICK,AVENUE,11206,132 BUSHWICK AVENUE,1393.0,WILLIAMSBURG,2021-12-28,BROOKLYN,1621.0,both
1399,3030270001,3344982,16,,,130,BUSHWICK,AVENUE,11206,130 BUSHWICK AVENUE,1393.0,WILLIAMSBURG,2021-12-28,BROOKLYN,1621.0,both
1400,3030270001,3344982,16,,,128,BUSHWICK,AVENUE,11206,128 BUSHWICK AVENUE,1393.0,WILLIAMSBURG,2021-12-28,BROOKLYN,1621.0,both
1401,3030270001,3344982,16,M,,221,TEN EYCK,WALK,11206,221 TEN EYCK WALK,1393.0,WILLIAMSBURG,2021-12-28,BROOKLYN,1621.0,both
1402,3030270001,3344982,16,M,,223,TEN EYCK,WALK,11206,223 TEN EYCK WALK,1393.0,WILLIAMSBURG,2021-12-28,BROOKLYN,1621.0,both
1403,3030270001,3344982,16,,,124,BUSHWICK,AVENUE,11206,124 BUSHWICK AVENUE,1393.0,WILLIAMSBURG,2021-12-28,BROOKLYN,1621.0,both
1404,3030270001,3344982,16,,,122,BUSHWICK,AVENUE,11206,122 BUSHWICK AVENUE,1393.0,WILLIAMSBURG,2021-12-28,BROOKLYN,1621.0,both
1405,3030270001,3344992,17,M,,200,TEN EYCK,WALK,11206,200 TEN EYCK WALK,1393.0,WILLIAMSBURG,2021-12-28,BROOKLYN,1621.0,both
1406,3030270001,3344992,17,M,,202,TEN EYCK,WALK,11206,202 TEN EYCK WALK,1393.0,WILLIAMSBURG,2021-12-28,BROOKLYN,1621.0,both
1407,3030270001,3344992,17,M,,211,STAGG,WALK,11206,211 STAGG WALK,1393.0,WILLIAMSBURG,2021-12-28,BROOKLYN,1621.0,both
1408,3030270001,3344992,17,M,,213,STAGG,WALK,11206,213 STAGG WALK,1393.0,WILLIAMSBURG,2021-12-28,BROOKLYN,1621.0,both
1409,3030270001,3344992,17,M,,215,STAGG,WALK,11206,215 STAGG WALK,1393.0,WILLIAMSBURG,2021-12-28,BROOKLYN,1621.0,both
1410,3030270001,3338402,18,M,,222,TEN EYCK,WALK,11206,222 TEN EYCK WALK,1393.0,WILLIAMSBURG,2021-12-28,BROOKLYN,1621.0,both
1411,3030270001,3338402,18,M,,224,TEN EYCK,WALK,11206,224 TEN EYCK WALK,1393.0,WILLIAMSBURG,2021-12-28,BROOKLYN,1621.0,both
1412,3030270001,3338402,18,M,,226,TEN EYCK,WALK,11206,226 TEN EYCK WALK,1393.0,WILLIAMSBURG,2021-12-28,BROOKLYN,1621.0,both
1413,3030270001,3338402,18,M,,233,STAGG,WALK,11206,233 STAGG WALK,1393.0,WILLIAMSBURG,2021-12-28,BROOKLYN,1621.0,both
1414,3030270001,3338402,18,M,,235,STAGG,WALK,11206,235 STAGG WALK,1393.0,WILLIAMSBURG,2021-12-28,BROOKLYN,1621.0,both
1415,3030270001,3345008,19,M,,196,STAGG,WALK,11206,196 STAGG WALK,1393.0,WILLIAMSBURG,2021-12-28,BROOKLYN,1621.0,both
1416,3030270001,3345008,19,M,,199,SCHOLES,STREET,11206,199 SCHOLES STREET,1393.0,WILLIAMSBURG,2021-12-28,BROOKLYN,1621.0,both
1417,3030270001,3345008,19,M,,197,SCHOLES,STREET,11206,197 SCHOLES STREET,1393.0,WILLIAMSBURG,2021-12-28,BROOKLYN,1621.0,both
1418,3030270001,3345008,19,M,,195,SCHOLES,STREET,11206,195 SCHOLES STREET,1393.0,WILLIAMSBURG,2021-12-28,BROOKLYN,1621.0,both
1419,3030270001,3345008,19,M,,201,SCHOLES,STREET,11206,201 SCHOLES STREET,1393.0,WILLIAMSBURG,2021-12-28,BROOKLYN,1621.0,both
1420,3030270001,3345008,19,M,,203,SCHOLES,STREET,11206,203 SCHOLES STREET,1393.0,WILLIAMSBURG,2021-12-28,BROOKLYN,1621.0,both
1421,3030270001,3345008,19,M,,205,SCHOLES,STREET,11206,205 SCHOLES STREET,1393.0,WILLIAMSBURG,2021-12-28,BROOKLYN,1621.0,both
1422,3030240001,3327882,2,M,,109,TEN EYCK,WALK,11206,109 TEN EYCK WALK,1340.0,WILLIAMSBURG,2021-12-28,BROOKLYN,1621.0,both
1423,3030240001,3327882,2,M,,110,MAUJER,STREET,11206,110 MAUJER STREET,1340.0,WILLIAMSBURG,2021-12-28,BROOKLYN,1621.0,both
1424,3030240001,3327882,2,M,,108,MAUJER,STREET,11206,108 MAUJER STREET,1340.0,WILLIAMSBURG,2021-12-28,BROOKLYN,1621.0,both
1425,3030240001,3327882,2,M,,114,MAUJER,STREET,11206,114 MAUJER STREET,1340.0,WILLIAMSBURG,2021-12-28,BROOKLYN,1621.0,both
1426,3030240001,3327882,2,M,,112,MAUJER,STREET,11206,112 MAUJER STREET,1340.0,WILLIAMSBURG,2021-12-28,BROOKLYN,1621.0,both
1427,3030240001,3327882,2,M,,111,TEN EYCK,WALK,11206,111 TEN EYCK WALK,1340.0,WILLIAMSBURG,2021-12-28,BROOKLYN,1621.0,both
1428,3030240001,3327882,2,M,,113,TEN EYCK,WALK,11206,113 TEN EYCK WALK,1340.0,WILLIAMSBURG,2021-12-28,BROOKLYN,1621.0,both
1429,3030270001,3344998,20,M,,215,SCHOLES,STREET,11206,215 SCHOLES STREET,1393.0,WILLIAMSBURG,2021-12-28,BROOKLYN,1621.0,both
1430,3030270001,3344998,20,M,,218,STAGG,WALK,11206,218 STAGG WALK,1393.0,WILLIAMSBURG,2021-12-28,BROOKLYN,1621.0,both
1431,3030270001,3344998,20,M,,216,STAGG,WALK,11206,216 STAGG WALK,1393.0,WILLIAMSBURG,2021-12-28,BROOKLYN,1621.0,both
1432,3030270001,3344998,20,M,,214,STAGG,WALK,11206,214 STAGG WALK,1393.0,WILLIAMSBURG,2021-12-28,BROOKLYN,1621.0,both
1433,3030270001,3344998,20,,,178,BUSHWICK,AVENUE,11206,178 BUSHWICK AVENUE,1393.0,WILLIAMSBURG,2021-12-28,BROOKLYN,1621.0,both
1434,3030270001,3344998,20,M,,222,STAGG,WALK,11206,222 STAGG WALK,1393.0,WILLIAMSBURG,2021-12-28,BROOKLYN,1621.0,both
1435,3030270001,3344998,20,,,172,BUSHWICK,AVENUE,11206,172 BUSHWICK AVENUE,1393.0,WILLIAMSBURG,2021-12-28,BROOKLYN,1621.0,both
1436,3030270001,3344998,20,M,,220,STAGG,WALK,11206,220 STAGG WALK,1393.0,WILLIAMSBURG,2021-12-28,BROOKLYN,1621.0,both
1437,3030270001,3344998,20,,,176,BUSHWICK,AVENUE,11206,176 BUSHWICK AVENUE,1393.0,WILLIAMSBURG,2021-12-28,BROOKLYN,1621.0,both
1438,3030270001,3344998,20,M,,217,SCHOLES,STREET,11206,217 SCHOLES STREET,1393.0,WILLIAMSBURG,2021-12-28,BROOKLYN,1621.0,both
1439,3030270001,3344998,20,M,,219,SCHOLES,STREET,11206,219 SCHOLES STREET,1393.0,WILLIAMSBURG,2021-12-28,BROOKLYN,1621.0,both
1440,3030250070,3070826,21,,,195,GRAHAM,AVENUE,11206,195 GRAHAM AVENUE,1339.0,WILLIAMSBURG,2021-12-28,BROOKLYN,1621.0,both
1441,3030240001,3327879,3,M,,90,TEN EYCK,WALK,11206,90 TEN EYCK WALK,1340.0,WILLIAMSBURG,2021-12-28,BROOKLYN,1621.0,both
1442,3030240001,3327879,3,M,,92,TEN EYCK,WALK,11206,92 TEN EYCK WALK,1340.0,WILLIAMSBURG,2021-12-28,BROOKLYN,1621.0,both
1443,3030240001,3327879,3,M,,101,STAGG,WALK,11206,101 STAGG WALK,1340.0,WILLIAMSBURG,2021-12-28,BROOKLYN,1621.0,both
1444,3030240001,3327879,3,M,,99,STAGG,WALK,11206,99 STAGG WALK,1340.0,WILLIAMSBURG,2021-12-28,BROOKLYN,1621.0,both
1445,3030240001,3327879,3,M,,97,STAGG,WALK,11206,97 STAGG WALK,1340.0,WILLIAMSBURG,2021-12-28,BROOKLYN,1621.0,both
1446,3030240001,3327881,4,M,,110,TEN EYCK,WALK,11206,110 TEN EYCK WALK,1340.0,WILLIAMSBURG,2021-12-28,BROOKLYN,1621.0,both
1447,3030240001,3327881,4,M,,112,TEN EYCK,WALK,11206,112 TEN EYCK WALK,1340.0,WILLIAMSBURG,2021-12-28,BROOKLYN,1621.0,both
1448,3030240001,3327881,4,M,,114,TEN EYCK,WALK,11206,114 TEN EYCK WALK,1340.0,WILLIAMSBURG,2021-12-28,BROOKLYN,1621.0,both
1449,3030240001,3327881,4,M,,123,STAGG,WALK,11206,123 STAGG WALK,1340.0,WILLIAMSBURG,2021-12-28,BROOKLYN,1621.0,both
1450,3030240001,3327881,4,M,,125,STAGG,WALK,11206,125 STAGG WALK,1340.0,WILLIAMSBURG,2021-12-28,BROOKLYN,1621.0,both
1451,3030240001,3327878,5,M,,88,STAGG,WALK,11206,88 STAGG WALK,1340.0,WILLIAMSBURG,2021-12-28,BROOKLYN,1621.0,both
1452,3030240001,3327878,5,M,,95,SCHOLES,STREET,11206,95 SCHOLES STREET,1340.0,WILLIAMSBURG,2021-12-28,BROOKLYN,1621.0,both
1453,3030240001,3327878,5,M,,93,SCHOLES,STREET,11206,93 SCHOLES STREET,1340.0,WILLIAMSBURG,2021-12-28,BROOKLYN,1621.0,both
1454,3030240001,3327878,5,M,,91,SCHOLES,STREET,11206,91 SCHOLES STREET,1340.0,WILLIAMSBURG,2021-12-28,BROOKLYN,1621.0,both
1455,3030240001,3327878,5,M,,101,SCHOLES,STREET,11206,101 SCHOLES STREET,1340.0,WILLIAMSBURG,2021-12-28,BROOKLYN,1621.0,both
1456,3030240001,3327878,5,M,,99,SCHOLES,STREET,11206,99 SCHOLES STREET,1340.0,WILLIAMSBURG,2021-12-28,BROOKLYN,1621.0,both
1457,3030240001,3327878,5,M,,97,SCHOLES,STREET,11206,97 SCHOLES STREET,1340.0,WILLIAMSBURG,2021-12-28,BROOKLYN,1621.0,both
1458,3030240001,3344259,6,M,,106,STAGG,WALK,11206,106 STAGG WALK,1340.0,WILLIAMSBURG,2021-12-28,BROOKLYN,1621.0,both
1459,3030240001,3344259,6,M,,108,STAGG,WALK,11206,108 STAGG WALK,1340.0,WILLIAMSBURG,2021-12-28,BROOKLYN,1621.0,both
1460,3030240001,3344259,6,M,,110,STAGG,WALK,11206,110 STAGG WALK,1340.0,WILLIAMSBURG,2021-12-28,BROOKLYN,1621.0,both
1461,3030240001,3344259,6,M,,111,SCHOLES,STREET,11206,111 SCHOLES STREET,1340.0,WILLIAMSBURG,2021-12-28,BROOKLYN,1621.0,both
1462,3030240001,3344259,6,M,,115,SCHOLES,STREET,11206,115 SCHOLES STREET,1340.0,WILLIAMSBURG,2021-12-28,BROOKLYN,1621.0,both
1463,3030240001,3344259,6,M,,113,SCHOLES,STREET,11206,113 SCHOLES STREET,1340.0,WILLIAMSBURG,2021-12-28,BROOKLYN,1621.0,both
1464,3030240001,3344259,6,M,,112,STAGG,WALK,11206,112 STAGG WALK,1340.0,WILLIAMSBURG,2021-12-28,BROOKLYN,1621.0,both
1465,3030240001,3344259,6,M,,114,STAGG,WALK,11206,114 STAGG WALK,1340.0,WILLIAMSBURG,2021-12-28,BROOKLYN,1621.0,both
1466,3030250046,3344926,7,M,,123,TEN EYCK,WALK,11206,123 TEN EYCK WALK,1477.0,WILLIAMSBURG,2021-12-28,BROOKLYN,1621.0,both
1467,3030250046,3344926,7,M,,125,TEN EYCK,WALK,11206,125 TEN EYCK WALK,1477.0,WILLIAMSBURG,2021-12-28,BROOKLYN,1621.0,both
1468,3030250046,3344926,7,M,,126,MAUJER,STREET,11206,126 MAUJER STREET,1477.0,WILLIAMSBURG,2021-12-28,BROOKLYN,1621.0,both
1469,3030250046,3344926,7,M,,124,MAUJER,STREET,11206,124 MAUJER STREET,1477.0,WILLIAMSBURG,2021-12-28,BROOKLYN,1621.0,both
1470,3030250046,3344926,7,M,,128,MAUJER,STREET,11206,128 MAUJER STREET,1477.0,WILLIAMSBURG,2021-12-28,BROOKLYN,1621.0,both
1471,3030250046,3344926,7,M,,127,TEN EYCK,WALK,11206,127 TEN EYCK WALK,1477.0,WILLIAMSBURG,2021-12-28,BROOKLYN,1621.0,both
1472,3030250046,3344926,7,M,,129,TEN EYCK,WALK,11206,129 TEN EYCK WALK,1477.0,WILLIAMSBURG,2021-12-28,BROOKLYN,1621.0,both
1473,3030250046,3344926,7,M,,131,TEN EYCK,WALK,11206,131 TEN EYCK WALK,1477.0,WILLIAMSBURG,2021-12-28,BROOKLYN,1621.0,both
1474,3030250046,3327884,8,M,,143,TEN EYCK,WALK,11206,143 TEN EYCK WALK,1477.0,WILLIAMSBURG,2021-12-28,BROOKLYN,1621.0,both
1475,3030250046,3327884,8,M,,145,TEN EYCK,WALK,11206,145 TEN EYCK WALK,1477.0,WILLIAMSBURG,2021-12-28,BROOKLYN,1621.0,both
1476,3030250046,3327884,8,M,,144,MAUJER,STREET,11206,144 MAUJER STREET,1477.0,WILLIAMSBURG,2021-12-28,BROOKLYN,1621.0,both
1477,3030250046,3327884,8,,,239,GRAHAM,AVENUE,11206,239 GRAHAM AVENUE,1477.0,WILLIAMSBURG,2021-12-28,BROOKLYN,1621.0,both
1478,3030250046,3327884,8,,,237,GRAHAM,AVENUE,11206,237 GRAHAM AVENUE,1477.0,WILLIAMSBURG,2021-12-28,BROOKLYN,1621.0,both
1479,3030250046,3327884,8,M,,142,MAUJER,STREET,11206,142 MAUJER STREET,1477.0,WILLIAMSBURG,2021-12-28,BROOKLYN,1621.0,both
1480,3030250046,3327884,8,M,,146,MAUJER,STREET,11206,146 MAUJER STREET,1477.0,WILLIAMSBURG,2021-12-28,BROOKLYN,1621.0,both
1481,3030250046,3327884,8,,,152,MAUJER,STREET,11206,152 MAUJER STREET,1477.0,WILLIAMSBURG,2021-12-28,BROOKLYN,1621.0,both
1482,3030250046,3327884,8,,,243,GRAHAM,AVENUE,11206,243 GRAHAM AVENUE,1477.0,WILLIAMSBURG,2021-12-28,BROOKLYN,1621.0,both
1483,3030250046,3327884,8,,,245,GRAHAM,AVENUE,11206,245 GRAHAM AVENUE,1477.0,WILLIAMSBURG,2021-12-28,BROOKLYN,1621.0,both
1484,3030250046,3327884,8,,,247,GRAHAM,AVENUE,11206,247 GRAHAM AVENUE,1477.0,WILLIAMSBURG,2021-12-28,BROOKLYN,1621.0,both
1485,3030250046,3327884,8,,,241,GRAHAM,AVENUE,11206,241 GRAHAM AVENUE,1477.0,WILLIAMSBURG,2021-12-28,BROOKLYN,1621.0,both
1486,3030250046,3327884,8,M,,147,TEN EYCK,WALK,11206,147 TEN EYCK WALK,1477.0,WILLIAMSBURG,2021-12-28,BROOKLYN,1621.0,both
1487,3030250046,3327884,8,,,235,GRAHAM,AVENUE,11206,235 GRAHAM AVENUE,1477.0,WILLIAMSBURG,2021-12-28,BROOKLYN,1621.0,both
1488,3030250046,3327884,8,M,,149,TEN EYCK,WALK,11206,149 TEN EYCK WALK,1477.0,WILLIAMSBURG,2021-12-28,BROOKLYN,1621.0,both
1489,3030250046,3327884,8,,,231,GRAHAM,AVENUE,11206,231 GRAHAM AVENUE,1477.0,WILLIAMSBURG,2021-12-28,BROOKLYN,1621.0,both
1490,3030250046,3327884,8,,,233,GRAHAM,AVENUE,11206,233 GRAHAM AVENUE,1477.0,WILLIAMSBURG,2021-12-28,BROOKLYN,1621.0,both
1491,3030250046,3327884,8,M,,151,TEN EYCK,WALK,11206,151 TEN EYCK WALK,1477.0,WILLIAMSBURG,2021-12-28,BROOKLYN,1621.0,both
1492,3030260001,3327887,9,,,238,GRAHAM,AVENUE,11206,238 GRAHAM AVENUE,1351.0,WILLIAMSBURG,2021-12-28,BROOKLYN,1621.0,both
1493,3030260001,3327887,9,M,,161,TEN EYCK,WALK,11206,161 TEN EYCK WALK,1351.0,WILLIAMSBURG,2021-12-28,BROOKLYN,1621.0,both
1494,3030260001,3327887,9,,,240,GRAHAM,AVENUE,11206,240 GRAHAM AVENUE,1351.0,WILLIAMSBURG,2021-12-28,BROOKLYN,1621.0,both
1495,3030260001,3327887,9,,,242,GRAHAM,AVENUE,11206,242 GRAHAM AVENUE,1351.0,WILLIAMSBURG,2021-12-28,BROOKLYN,1621.0,both
1496,3030260001,3327887,9,,,244,GRAHAM,AVENUE,11206,244 GRAHAM AVENUE,1351.0,WILLIAMSBURG,2021-12-28,BROOKLYN,1621.0,both
1497,3030260001,3327887,9,M,,163,TEN EYCK,WALK,11206,163 TEN EYCK WALK,1351.0,WILLIAMSBURG,2021-12-28,BROOKLYN,1621.0,both
1498,3030260001,3327887,9,,,248,GRAHAM,AVENUE,11206,248 GRAHAM AVENUE,1351.0,WILLIAMSBURG,2021-12-28,BROOKLYN,1621.0,both
1499,3030260001,3327887,9,,,246,GRAHAM,AVENUE,11206,246 GRAHAM AVENUE,1351.0,WILLIAMSBURG,2021-12-28,BROOKLYN,1621.0,both
1500,3030260001,3327887,9,M,,162,MAUJER,STREET,11206,162 MAUJER STREET,1351.0,WILLIAMSBURG,2021-12-28,BROOKLYN,1621.0,both
1501,3030260001,3327887,9,,,250,GRAHAM,AVENUE,11206,250 GRAHAM AVENUE,1351.0,WILLIAMSBURG,2021-12-28,BROOKLYN,1621.0,both
1502,3030260001,3327887,9,,,252,GRAHAM,AVENUE,11206,252 GRAHAM AVENUE,1351.0,WILLIAMSBURG,2021-12-28,BROOKLYN,1621.0,both
1503,3030260001,3327887,9,,,254,GRAHAM,AVENUE,11206,254 GRAHAM AVENUE,1351.0,WILLIAMSBURG,2021-12-28,BROOKLYN,1621.0,both
1504,3030260001,3327887,9,M,,160,MAUJER,STREET,11206,160 MAUJER STREET,1351.0,WILLIAMSBURG,2021-12-28,BROOKLYN,1621.0,both
1505,3030260001,3327887,9,M,,164,MAUJER,STREET,11206,164 MAUJER STREET,1351.0,WILLIAMSBURG,2021-12-28,BROOKLYN,1621.0,both
1506,3030260001,3327887,9,M,,165,TEN EYCK,WALK,11206,165 TEN EYCK WALK,1351.0,WILLIAMSBURG,2021-12-28,BROOKLYN,1621.0,both
1507,3030260001,3327887,9,M,,167,TEN EYCK,WALK,11206,167 TEN EYCK WALK,1351.0,WILLIAMSBURG,2021-12-28,BROOKLYN,1621.0,both
1508,3030260001,3327887,9,M,,169,TEN EYCK,WALK,11206,169 TEN EYCK WALK,1351.0,WILLIAMSBURG,2021-12-28,BROOKLYN,1621.0,both
1509,1012210007,1077128,1,M,WEST,117,90,STREET,10024,117 WEST 90 STREET,1520.0,WISE TOWERS,2020-11-30,MANHATTAN,399.0,both
1510,1012210007,1077128,1,,WEST,111,90,STREET,10024,111 WEST 90 STREET,1520.0,WISE TOWERS,2020-11-30,MANHATTAN,399.0,both
1511,1012210007,1077128,1,,WEST,114,91,STREET,10024,114 WEST 91 STREET,1520.0,WISE TOWERS,2020-11-30,MANHATTAN,399.0,both
1512,1012210007,1077128,1,,WEST,124,91,STREET,10024,124 WEST 91 STREET,1520.0,WISE TOWERS,2020-11-30,MANHATTAN,399.0,both
1513,1012210007,1077128,1,M,WEST,120,91,STREET,10024,120 WEST 91 STREET,1520.0,WISE TOWERS,2020-11-30,MANHATTAN,399.0,both
1514,1012210007,1077129,2,M,WEST,133,90,STREET,10024,133 WEST 90 STREET,1520.0,WISE TOWERS,2020-11-30,MANHATTAN,399.0,both
1515,1012210007,1077129,2,M,WEST,136,91,STREET,10024,136 WEST 91 STREET,1520.0,WISE TOWERS,2020-11-30,MANHATTAN,399.0,both
1516,1012210007,1077130,3,,WEST,141,90,STREET,10024,141 WEST 90 STREET,1520.0,WISE TOWERS,2020-11-30,MANHATTAN,399.0,both
